2026-06-17 09:54:06 | INFO     | __main__                            | Log file cleared by user
2026-06-17 09:54:09 | INFO     | __main__                            | App started / reloaded
2026-06-17 09:54:10 | INFO     | __main__                            | App started / reloaded
2026-06-17 09:54:12 | INFO     | __main__                            | App started / reloaded
2026-06-17 09:54:13 | INFO     | __main__                            | App started / reloaded
2026-06-17 09:54:17 | INFO     | __main__                            | App started / reloaded
2026-06-17 09:54:17 | INFO     | scanner.background                  | Scan already running — new request ignored
2026-06-17 09:54:33 | INFO     | news.sentiment                      | Loading FinBERT sentiment model...
2026-06-17 09:54:34 | INFO     | httpx                               | HTTP Request: HEAD https://huggingface.co/ProsusAI/finbert/resolve/main/config.json "HTTP/1.1 307 Temporary Redirect"
2026-06-17 09:54:34 | WARNING  | huggingface_hub.utils._http         | Warning: You are sending unauthenticated requests to the HF Hub. Please set a HF_TOKEN to enable higher rate limits and faster downloads.
2026-06-17 09:54:34 | INFO     | httpx                               | HTTP Request: HEAD https://huggingface.co/api/resolve-cache/models/ProsusAI/finbert/4556d13015211d73dccd3fdd39d39232506f3e43/config.json "HTTP/1.1 200 OK"
2026-06-17 09:54:34 | INFO     | httpx                               | HTTP Request: HEAD https://huggingface.co/ProsusAI/finbert/resolve/main/model.safetensors "HTTP/1.1 404 Not Found"
2026-06-17 09:54:35 | INFO     | httpx                               | HTTP Request: GET https://huggingface.co/api/models/ProsusAI/finbert "HTTP/1.1 200 OK"
2026-06-17 09:54:35 | INFO     | httpx                               | HTTP Request: HEAD https://huggingface.co/ProsusAI/finbert/resolve/main/model.safetensors "HTTP/1.1 404 Not Found"
2026-06-17 09:54:35 | INFO     | httpx                               | HTTP Request: GET https://huggingface.co/api/models/ProsusAI/finbert/commits/main "HTTP/1.1 200 OK"
2026-06-17 09:54:35 | INFO     | httpx                               | HTTP Request: GET https://huggingface.co/api/models/ProsusAI/finbert "HTTP/1.1 200 OK"
2026-06-17 09:54:35 | INFO     | httpx                               | HTTP Request: HEAD https://huggingface.co/ProsusAI/finbert/resolve/main/config.json "HTTP/1.1 307 Temporary Redirect"
2026-06-17 09:54:35 | INFO     | httpx                               | HTTP Request: GET https://huggingface.co/api/models/ProsusAI/finbert/discussions?p=0 "HTTP/1.1 200 OK"
2026-06-17 09:54:35 | INFO     | httpx                               | HTTP Request: HEAD https://huggingface.co/api/resolve-cache/models/ProsusAI/finbert/4556d13015211d73dccd3fdd39d39232506f3e43/config.json "HTTP/1.1 200 OK"
2026-06-17 09:54:35 | INFO     | httpx                               | HTTP Request: GET https://huggingface.co/api/models/ProsusAI/finbert/commits/main "HTTP/1.1 200 OK"
2026-06-17 09:54:35 | INFO     | httpx                               | HTTP Request: GET https://huggingface.co/api/models/ProsusAI/finbert/commits/refs%2Fpr%2F29 "HTTP/1.1 200 OK"
2026-06-17 09:54:35 | INFO     | httpx                               | HTTP Request: HEAD https://huggingface.co/ProsusAI/finbert/resolve/main/model.safetensors "HTTP/1.1 404 Not Found"
2026-06-17 09:54:36 | INFO     | httpx                               | HTTP Request: GET https://huggingface.co/api/models/ProsusAI/finbert/discussions?p=0 "HTTP/1.1 200 OK"
2026-06-17 09:54:36 | INFO     | httpx                               | HTTP Request: GET https://huggingface.co/api/models/ProsusAI/finbert "HTTP/1.1 200 OK"
2026-06-17 09:54:36 | INFO     | httpx                               | HTTP Request: HEAD https://huggingface.co/ProsusAI/finbert/resolve/refs%2Fpr%2F29/model.safetensors.index.json "HTTP/1.1 404 Not Found"
2026-06-17 09:54:36 | INFO     | httpx                               | HTTP Request: GET https://huggingface.co/api/models/ProsusAI/finbert/commits/refs%2Fpr%2F29 "HTTP/1.1 200 OK"
2026-06-17 09:54:36 | INFO     | httpx                               | HTTP Request: HEAD https://huggingface.co/ProsusAI/finbert/resolve/main/config.json "HTTP/1.1 307 Temporary Redirect"
2026-06-17 09:54:36 | INFO     | httpx                               | HTTP Request: HEAD https://huggingface.co/api/resolve-cache/models/ProsusAI/finbert/4556d13015211d73dccd3fdd39d39232506f3e43/config.json "HTTP/1.1 200 OK"
2026-06-17 09:54:36 | INFO     | httpx                               | HTTP Request: GET https://huggingface.co/api/models/ProsusAI/finbert/commits/main "HTTP/1.1 200 OK"
2026-06-17 09:54:36 | INFO     | httpx                               | HTTP Request: HEAD https://huggingface.co/ProsusAI/finbert/resolve/refs%2Fpr%2F29/model.safetensors.index.json "HTTP/1.1 404 Not Found"
2026-06-17 09:54:36 | INFO     | httpx                               | HTTP Request: HEAD https://huggingface.co/ProsusAI/finbert/resolve/main/model.safetensors "HTTP/1.1 404 Not Found"
2026-06-17 09:54:36 | INFO     | httpx                               | HTTP Request: HEAD https://huggingface.co/ProsusAI/finbert/resolve/refs%2Fpr%2F29/model.safetensors "HTTP/1.1 302 Found"
2026-06-17 09:54:36 | INFO     | httpx                               | HTTP Request: GET https://huggingface.co/api/models/ProsusAI/finbert/discussions?p=0 "HTTP/1.1 200 OK"
2026-06-17 09:54:36 | ERROR    | news.sentiment                      | Failed to load FinBERT — falling back to TextBlob — ValueError: Could not load model ProsusAI/finbert with any of the following classes: (<class 'transformers.models.auto.modeling_auto.AutoModelForSequenceClassification'>, <class 'transformers.models.bert.modeling_bert.BertForSequenceClassification'>). See the original errors:

while loading with AutoModelForSequenceClassification, an error is thrown:
Traceback (most recent call last):
  File "C:\Python\Git\stock-prediction-app\venv\Lib\site-packages\transformers\pipelines\base.py", line 232, in load_model
    model = model_class.from_pretrained(model, **kwargs)
            ^^^^^^^^^^^^^^^^^^^^^^^^^^^^^^^^^^^^^^^^^^^^
  File "C:\Python\Git\stock-prediction-app\venv\Lib\site-packages\transformers\models\auto\auto_factory.py", line 405, in from_pretrained
    return model_class.from_pretrained(
           ^^^^^^^^^^^^^^^^^^^^^^^^^^^^
  File "C:\Python\Git\stock-prediction-app\venv\Lib\site-packages\transformers\modeling_utils.py", line 4219, in from_pretrained
    config, dtype = _get_dtype(
                    ^^^^^^^^^^^
  File "C:\Python\Git\stock-prediction-app\venv\Lib\site-packages\transformers\modeling_utils.py", line 848, in _get_dtype
    state_dict = load_state_dict(
                 ^^^^^^^^^^^^^^^^
  File "C:\Python\Git\stock-prediction-app\venv\Lib\site-packages\transformers\modeling_utils.py", line 374, in load_state_dict
    check_torch_load_is_safe()
  File "C:\Python\Git\stock-prediction-app\venv\Lib\site-packages\transformers\utils\import_utils.py", line 1384, in check_torch_load_is_safe
    raise ValueError(
ValueError: Due to a serious vulnerability issue in `torch.load`, even with `weights_only=True`, we now require users to upgrade torch to at least v2.6 in order to use the function. This version restriction does not apply when loading files with safetensors.
See the vulnerability report here https://nvd.nist.gov/vuln/detail/CVE-2025-32434

During handling of the above exception, another exception occurred:

Traceback (most recent call last):
  File "C:\Python\Git\stock-prediction-app\venv\Lib\site-packages\transformers\pipelines\base.py", line 248, in load_model
    model = model_class.from_pretrained(model, **fp32_kwargs)
            ^^^^^^^^^^^^^^^^^^^^^^^^^^^^^^^^^^^^^^^^^^^^^^^^^
  File "C:\Python\Git\stock-prediction-app\venv\Lib\site-packages\transformers\models\auto\auto_factory.py", line 405, in from_pretrained
    return model_class.from_pretrained(
           ^^^^^^^^^^^^^^^^^^^^^^^^^^^^
  File "C:\Python\Git\stock-prediction-app\venv\Lib\site-packages\transformers\modeling_utils.py", line 4296, in from_pretrained
    loading_info, disk_offload_index = cls._load_pretrained_model(model, state_dict, checkpoint_files, load_config)
                                       ^^^^^^^^^^^^^^^^^^^^^^^^^^^^^^^^^^^^^^^^^^^^^^^^^^^^^^^^^^^^^^^^^^^^^^^^^^^^
  File "C:\Python\Git\stock-prediction-app\venv\Lib\site-packages\transformers\modeling_utils.py", line 4422, in _load_pretrained_model
    merged_state_dict.update(load_state_dict(ckpt_file, disable_mmap=load_config.disable_mmap))
                             ^^^^^^^^^^^^^^^^^^^^^^^^^^^^^^^^^^^^^^^^^^^^^^^^^^^^^^^^^^^^^^^^^
  File "C:\Python\Git\stock-prediction-app\venv\Lib\site-packages\transformers\modeling_utils.py", line 374, in load_state_dict
    check_torch_load_is_safe()
  File "C:\Python\Git\stock-prediction-app\venv\Lib\site-packages\transformers\utils\import_utils.py", line 1384, in check_torch_load_is_safe
    raise ValueError(
ValueError: Due to a serious vulnerability issue in `torch.load`, even with `weights_only=True`, we now require users to upgrade torch to at least v2.6 in order to use the function. This version restriction does not apply when loading files with safetensors.
See the vulnerability report here https://nvd.nist.gov/vuln/detail/CVE-2025-32434

while loading with BertForSequenceClassification, an error is thrown:
Traceback (most recent call last):
  File "C:\Python\Git\stock-prediction-app\venv\Lib\site-packages\transformers\pipelines\base.py", line 232, in load_model
    model = model_class.from_pretrained(model, **kwargs)
            ^^^^^^^^^^^^^^^^^^^^^^^^^^^^^^^^^^^^^^^^^^^^
  File "C:\Python\Git\stock-prediction-app\venv\Lib\site-packages\transformers\modeling_utils.py", line 4219, in from_pretrained
    config, dtype = _get_dtype(
                    ^^^^^^^^^^^
  File "C:\Python\Git\stock-prediction-app\venv\Lib\site-packages\transformers\modeling_utils.py", line 848, in _get_dtype
    state_dict = load_state_dict(
                 ^^^^^^^^^^^^^^^^
  File "C:\Python\Git\stock-prediction-app\venv\Lib\site-packages\transformers\modeling_utils.py", line 374, in load_state_dict
    check_torch_load_is_safe()
  File "C:\Python\Git\stock-prediction-app\venv\Lib\site-packages\transformers\utils\import_utils.py", line 1384, in check_torch_load_is_safe
    raise ValueError(
ValueError: Due to a serious vulnerability issue in `torch.load`, even with `weights_only=True`, we now require users to upgrade torch to at least v2.6 in order to use the function. This version restriction does not apply when loading files with safetensors.
See the vulnerability report here https://nvd.nist.gov/vuln/detail/CVE-2025-32434

During handling of the above exception, another exception occurred:

Traceback (most recent call last):
  File "C:\Python\Git\stock-prediction-app\venv\Lib\site-packages\transformers\pipelines\base.py", line 248, in load_model
    model = model_class.from_pretrained(model, **fp32_kwargs)
            ^^^^^^^^^^^^^^^^^^^^^^^^^^^^^^^^^^^^^^^^^^^^^^^^^
  File "C:\Python\Git\stock-prediction-app\venv\Lib\site-packages\transformers\modeling_utils.py", line 4296, in from_pretrained
    loading_info, disk_offload_index = cls._load_pretrained_model(model, state_dict, checkpoint_files, load_config)
                                       ^^^^^^^^^^^^^^^^^^^^^^^^^^^^^^^^^^^^^^^^^^^^^^^^^^^^^^^^^^^^^^^^^^^^^^^^^^^^
  File "C:\Python\Git\stock-prediction-app\venv\Lib\site-packages\transformers\modeling_utils.py", line 4422, in _load_pretrained_model
    merged_state_dict.update(load_state_dict(ckpt_file, disable_mmap=load_config.disable_mmap))
                             ^^^^^^^^^^^^^^^^^^^^^^^^^^^^^^^^^^^^^^^^^^^^^^^^^^^^^^^^^^^^^^^^^
  File "C:\Python\Git\stock-prediction-app\venv\Lib\site-packages\transformers\modeling_utils.py", line 374, in load_state_dict
    check_torch_load_is_safe()
  File "C:\Python\Git\stock-prediction-app\venv\Lib\site-packages\transformers\utils\import_utils.py", line 1384, in check_torch_load_is_safe
    raise ValueError(
ValueError: Due to a serious vulnerability issue in `torch.load`, even with `weights_only=True`, we now require users to upgrade torch to at least v2.6 in order to use the function. This version restriction does not apply when loading files with safetensors.
See the vulnerability report here https://nvd.nist.gov/vuln/detail/CVE-2025-32434



2026-06-17 09:54:36 | INFO     | httpx                               | HTTP Request: HEAD https://huggingface.co/ProsusAI/finbert/resolve/refs%2Fpr%2F29/model.safetensors "HTTP/1.1 302 Found"
2026-06-17 09:54:37 | INFO     | httpx                               | HTTP Request: GET https://huggingface.co/api/models/ProsusAI/finbert "HTTP/1.1 200 OK"
2026-06-17 09:54:37 | INFO     | httpx                               | HTTP Request: GET https://huggingface.co/api/models/ProsusAI/finbert/commits/refs%2Fpr%2F29 "HTTP/1.1 200 OK"
2026-06-17 09:54:37 | INFO     | httpx                               | HTTP Request: GET https://huggingface.co/api/models/ProsusAI/finbert/commits/main "HTTP/1.1 200 OK"
2026-06-17 09:54:37 | INFO     | httpx                               | HTTP Request: HEAD https://huggingface.co/ProsusAI/finbert/resolve/refs%2Fpr%2F29/model.safetensors.index.json "HTTP/1.1 404 Not Found"
2026-06-17 09:54:38 | INFO     | httpx                               | HTTP Request: HEAD https://huggingface.co/ProsusAI/finbert/resolve/refs%2Fpr%2F29/model.safetensors "HTTP/1.1 302 Found"
2026-06-17 09:54:38 | INFO     | httpx                               | HTTP Request: GET https://huggingface.co/api/models/ProsusAI/finbert/discussions?p=0 "HTTP/1.1 200 OK"
2026-06-17 09:54:38 | INFO     | httpx                               | HTTP Request: GET https://huggingface.co/api/models/ProsusAI/finbert/commits/refs%2Fpr%2F29 "HTTP/1.1 200 OK"
2026-06-17 09:54:38 | INFO     | httpx                               | HTTP Request: HEAD https://huggingface.co/ProsusAI/finbert/resolve/refs%2Fpr%2F29/model.safetensors.index.json "HTTP/1.1 404 Not Found"
2026-06-17 09:54:38 | INFO     | scanner.engine                      | PASSED   | BHARTIARTL.NS        | signal=HOLD        | score=0.4384 | conf= 79.53 | acc=0.5217
2026-06-17 09:54:38 | INFO     | scanner.engine                      | PASSED   | SBIN.NS              | signal=HOLD        | score=0.4283 | conf= 74.11 | acc=0.5507
2026-06-17 09:54:38 | INFO     | scanner.engine                      | PASSED   | ICICIBANK.NS         | signal=HOLD        | score=0.5661 | conf= 78.05 | acc=0.5435
2026-06-17 09:54:38 | INFO     | httpx                               | HTTP Request: HEAD https://huggingface.co/ProsusAI/finbert/resolve/refs%2Fpr%2F29/model.safetensors "HTTP/1.1 302 Found"
2026-06-17 09:54:39 | INFO     | scanner.engine                      | PASSED   | RELIANCE.NS          | signal=HOLD        | score=0.4213 | conf= 79.45 | acc=0.4928
2026-06-17 09:54:39 | INFO     | scanner.engine                      | PASSED   | HDFCBANK.NS          | signal=HOLD        | score=0.4579 | conf= 69.15 | acc=0.5580
2026-06-17 09:54:39 | INFO     | scanner.engine                      | PASSED   | HCLTECH.NS           | signal=SELL        | score=0.4018 | conf= 74.17 | acc=0.3913
2026-06-17 09:54:39 | INFO     | scanner.engine                      | PASSED   | INFY.NS              | signal=SELL        | score=0.3676 | conf= 74.00 | acc=0.4058
2026-06-17 09:54:39 | INFO     | scanner.engine                      | PASSED   | TCS.NS               | signal=SELL        | score=0.4004 | conf= 74.50 | acc=0.4058
2026-06-17 09:54:45 | INFO     | news.api                            | News fetched for LT.NS: 10 headlines
2026-06-17 09:54:46 | INFO     | news.api                            | News fetched for WIPRO.NS: 10 headlines
2026-06-17 09:54:46 | INFO     | news.api                            | News fetched for ADANIENT.NS: 10 headlines
2026-06-17 09:54:46 | INFO     | news.api                            | News fetched for ADANIPORTS.NS: 10 headlines
2026-06-17 09:54:46 | INFO     | news.api                            | News fetched for APOLLOHOSP.NS: 10 headlines
2026-06-17 09:54:46 | INFO     | news.api                            | News fetched for BAJAJ-AUTO.NS: 10 headlines
2026-06-17 09:54:47 | INFO     | news.api                            | News fetched for AXISBANK.NS: 10 headlines
2026-06-17 09:54:47 | INFO     | scanner.engine                      | PASSED   | LT.NS                | signal=HOLD        | score=0.5501 | conf= 77.83 | acc=0.4855
2026-06-17 09:54:47 | INFO     | __main__                            | App started / reloaded
2026-06-17 09:54:47 | INFO     | scanner.filters                     | FILTERED | 2026-06-17 00:00:00  | signal=BUY         | conf= 76.71 | acc=0.4203 | score=0.6195 | reason=accuracy 0.4203 below MIN_ACCURACY 0.44
2026-06-17 09:54:47 | INFO     | scanner.engine                      | FILTERED | ADANIENT.NS          | signal=BUY         | conf= 76.71 | acc=0.4203 | score=0.6195
2026-06-17 09:54:47 | INFO     | scanner.engine                      | PASSED   | WIPRO.NS             | signal=STRONG SELL | score=0.2767 | conf= 58.12 | acc=0.5580
2026-06-17 09:54:47 | INFO     | scanner.filters                     | FILTERED | ?                    | signal=HOLD        | conf= 83.44 | acc=0.5942 | score=0.4772 | reason=avg_volume 324436 below MIN_AVG_VOLUME 500000
2026-06-17 09:54:47 | INFO     | scanner.engine                      | FILTERED | BAJAJ-AUTO.NS        | signal=HOLD        | conf= 83.44 | acc=0.5942 | score=0.4772
2026-06-17 09:54:48 | INFO     | scanner.filters                     | FILTERED | ?                    | signal=HOLD        | conf= 76.27 | acc=0.4420 | score=0.5314 | reason=avg_volume 428858 below MIN_AVG_VOLUME 500000
2026-06-17 09:54:48 | INFO     | scanner.engine                      | FILTERED | APOLLOHOSP.NS        | signal=HOLD        | conf= 76.27 | acc=0.4420 | score=0.5314
2026-06-17 09:54:48 | INFO     | scanner.engine                      | PASSED   | ADANIPORTS.NS        | signal=HOLD        | score=0.4958 | conf= 84.01 | acc=0.4783
2026-06-17 09:54:48 | INFO     | news.api                            | News fetched for ASIANPAINT.NS: 10 headlines
2026-06-17 09:54:48 | INFO     | scanner.engine                      | PASSED   | AXISBANK.NS          | signal=HOLD        | score=0.5721 | conf= 83.70 | acc=0.5072
2026-06-17 09:54:50 | INFO     | scanner.engine                      | PASSED   | ASIANPAINT.NS        | signal=BUY         | score=0.6174 | conf= 71.69 | acc=0.5072
2026-06-17 09:54:50 | INFO     | storage.recommendation_validation   | Skip  20MICRONS.NS — only 2/5 trading days elapsed
2026-06-17 09:54:50 | INFO     | storage.recommendation_validation   | Skip  RELIGARE.NS — only 2/5 trading days elapsed
2026-06-17 09:54:50 | INFO     | storage.recommendation_validation   | Skip  RELIGARE.NS — only 2/5 trading days elapsed
2026-06-17 09:54:50 | INFO     | storage.recommendation_validation   | Skip  RELIANCE.NS — only 2/5 trading days elapsed
2026-06-17 09:54:50 | INFO     | storage.recommendation_validation   | Skip  RELIANCE.NS — only 2/5 trading days elapsed
2026-06-17 09:54:50 | INFO     | storage.recommendation_validation   | Skip  RELIANCE.NS — only 2/5 trading days elapsed
2026-06-17 09:54:50 | INFO     | storage.recommendation_validation   | Skip  SAREGAMA.NS — only 2/5 trading days elapsed
2026-06-17 09:54:50 | INFO     | storage.recommendation_validation   | Skip  SAREGAMA.NS — only 2/5 trading days elapsed
2026-06-17 09:54:50 | INFO     | storage.recommendation_validation   | Skip  IFCI.NS — only 2/5 trading days elapsed
2026-06-17 09:54:50 | INFO     | storage.recommendation_validation   | Skip  IFCI.NS — only 2/5 trading days elapsed
2026-06-17 09:54:50 | INFO     | storage.recommendation_validation   | Skip  IFCI.NS — only 2/5 trading days elapsed
2026-06-17 09:54:50 | INFO     | storage.recommendation_validation   | Skip  IFCI.NS — only 2/5 trading days elapsed
2026-06-17 09:54:50 | INFO     | storage.recommendation_validation   | Skip  IFCI.NS — only 2/5 trading days elapsed
2026-06-17 09:54:50 | INFO     | storage.recommendation_validation   | Skip  IFCI.NS — only 2/5 trading days elapsed
2026-06-17 09:54:50 | INFO     | storage.recommendation_validation   | Skip  IFCI.NS — only 2/5 trading days elapsed
2026-06-17 09:54:50 | INFO     | storage.recommendation_validation   | Skip  IFCI.NS — only 2/5 trading days elapsed
2026-06-17 09:54:50 | INFO     | storage.recommendation_validation   | Skip  20MICRONS.NS — only 2/5 trading days elapsed
2026-06-17 09:54:50 | INFO     | storage.recommendation_validation   | Skip  20MICRONS.NS — only 2/5 trading days elapsed
2026-06-17 09:54:50 | INFO     | storage.recommendation_validation   | Skip  20MICRONS.NS — only 2/5 trading days elapsed
2026-06-17 09:54:50 | INFO     | storage.recommendation_validation   | Skip  IFCI.NS — only 2/5 trading days elapsed
2026-06-17 09:54:51 | INFO     | storage.recommendation_validation   | Skip  IFCI.NS — only 2/5 trading days elapsed
2026-06-17 09:54:51 | INFO     | storage.recommendation_validation   | Skip  IFCI.NS — only 2/5 trading days elapsed
2026-06-17 09:54:51 | INFO     | storage.recommendation_validation   | Skip  20MICRONS.NS — only 2/5 trading days elapsed
2026-06-17 09:54:51 | INFO     | storage.recommendation_validation   | Skip  20MICRONS.NS — only 2/5 trading days elapsed
2026-06-17 09:54:51 | INFO     | storage.recommendation_validation   | Skip  20MICRONS.NS — only 2/5 trading days elapsed
2026-06-17 09:54:51 | INFO     | storage.recommendation_validation   | Skip  20MICRONS.NS — only 2/5 trading days elapsed
2026-06-17 09:54:51 | INFO     | storage.recommendation_validation   | Skip  ADANIENT.NS — only 2/5 trading days elapsed
2026-06-17 09:54:51 | INFO     | storage.recommendation_validation   | Validation complete — 0 validated out of 27 pending
2026-06-17 09:54:55 | INFO     | news.api                            | News fetched for BAJFINANCE.NS: 10 headlines
2026-06-17 09:54:55 | INFO     | news.api                            | News fetched for BAJAJFINSV.NS: 10 headlines
2026-06-17 09:54:55 | INFO     | news.api                            | News fetched for COALINDIA.NS: 10 headlines
2026-06-17 09:54:55 | INFO     | news.api                            | News fetched for BRITANNIA.NS: 10 headlines
2026-06-17 09:54:56 | INFO     | news.api                            | News fetched for CIPLA.NS: 10 headlines
2026-06-17 09:54:56 | INFO     | news.api                            | News fetched for BPCL.NS: 10 headlines
2026-06-17 09:54:56 | INFO     | scanner.engine                      | PASSED   | BAJAJFINSV.NS        | signal=HOLD        | score=0.4871 | conf= 86.25 | acc=0.4203
2026-06-17 09:54:56 | INFO     | scanner.engine                      | PASSED   | BAJFINANCE.NS        | signal=HOLD        | score=0.4782 | conf= 70.00 | acc=0.5000
2026-06-17 09:54:56 | INFO     | scanner.engine                      | PASSED   | COALINDIA.NS         | signal=HOLD        | score=0.4275 | conf= 74.68 | acc=0.6087
2026-06-17 09:54:56 | INFO     | scanner.filters                     | FILTERED | ?                    | signal=SELL        | conf= 79.20 | acc=0.4710 | score=0.3238 | reason=avg_volume 277053 below MIN_AVG_VOLUME 500000
2026-06-17 09:54:56 | INFO     | scanner.engine                      | FILTERED | BRITANNIA.NS         | signal=SELL        | conf= 79.20 | acc=0.4710 | score=0.3238
2026-06-17 09:54:56 | INFO     | news.api                            | News fetched for BEL.NS: 10 headlines
2026-06-17 09:54:56 | INFO     | scanner.engine                      | PASSED   | CIPLA.NS             | signal=HOLD        | score=0.4670 | conf= 72.95 | acc=0.5145
2026-06-17 09:54:57 | INFO     | scanner.engine                      | PASSED   | BPCL.NS              | signal=HOLD        | score=0.4814 | conf= 67.79 | acc=0.5797
2026-06-17 09:54:57 | INFO     | news.api                            | News fetched for DRREDDY.NS: 10 headlines
2026-06-17 09:54:57 | INFO     | scanner.engine                      | PASSED   | BEL.NS               | signal=SELL        | score=0.3738 | conf= 84.86 | acc=0.5652
2026-06-17 09:54:59 | INFO     | scanner.engine                      | PASSED   | DRREDDY.NS           | signal=SELL        | score=0.3768 | conf= 77.93 | acc=0.5217
2026-06-17 09:55:02 | INFO     | news.api                            | News fetched for HDFCLIFE.NS: 10 headlines
2026-06-17 09:55:02 | INFO     | news.api                            | News fetched for EICHERMOT.NS: 10 headlines
2026-06-17 09:55:02 | INFO     | news.api                            | News fetched for GRASIM.NS: 10 headlines
2026-06-17 09:55:03 | INFO     | scanner.engine                      | PASSED   | HDFCLIFE.NS          | signal=SELL        | score=0.4176 | conf= 86.84 | acc=0.5870
2026-06-17 09:55:03 | INFO     | news.api                            | News fetched for HEROMOTOCO.NS: 10 headlines
2026-06-17 09:55:03 | INFO     | news.api                            | News fetched for HINDALCO.NS: 10 headlines
2026-06-17 09:55:03 | INFO     | news.api                            | News fetched for HINDUNILVR.NS: 10 headlines
2026-06-17 09:55:03 | INFO     | scanner.engine                      | PASSED   | GRASIM.NS            | signal=HOLD        | score=0.5365 | conf= 73.20 | acc=0.4565
2026-06-17 09:55:04 | INFO     | scanner.filters                     | FILTERED | ?                    | signal=HOLD        | conf= 81.24 | acc=0.4493 | score=0.5439 | reason=avg_volume 462917 below MIN_AVG_VOLUME 500000
2026-06-17 09:55:04 | INFO     | scanner.engine                      | FILTERED | EICHERMOT.NS         | signal=HOLD        | conf= 81.24 | acc=0.4493 | score=0.5439
2026-06-17 09:55:05 | INFO     | scanner.engine                      | PASSED   | HINDALCO.NS          | signal=HOLD        | score=0.4429 | conf= 75.52 | acc=0.4783
2026-06-17 09:55:05 | INFO     | scanner.filters                     | FILTERED | ?                    | signal=HOLD        | conf= 90.45 | acc=0.5290 | score=0.4262 | reason=avg_volume 461498 below MIN_AVG_VOLUME 500000
2026-06-17 09:55:05 | INFO     | scanner.engine                      | FILTERED | HEROMOTOCO.NS        | signal=HOLD        | conf= 90.45 | acc=0.5290 | score=0.4262
2026-06-17 09:55:05 | INFO     | scanner.engine                      | PASSED   | HINDUNILVR.NS        | signal=HOLD        | score=0.4242 | conf= 71.50 | acc=0.4928
2026-06-17 09:55:07 | INFO     | news.api                            | News fetched for INDUSINDBK.NS: 10 headlines
2026-06-17 09:55:09 | INFO     | scanner.engine                      | PASSED   | INDUSINDBK.NS        | signal=HOLD        | score=0.5170 | conf= 85.03 | acc=0.5797
2026-06-17 09:55:10 | INFO     | news.api                            | News fetched for JSWSTEEL.NS: 10 headlines
2026-06-17 09:55:10 | INFO     | news.api                            | News fetched for ITC.NS: 10 headlines
2026-06-17 09:55:11 | INFO     | scanner.engine                      | PASSED   | JSWSTEEL.NS          | signal=HOLD        | score=0.4850 | conf= 74.93 | acc=0.4638
2026-06-17 09:55:11 | INFO     | scanner.engine                      | PASSED   | ITC.NS               | signal=HOLD        | score=0.4407 | conf= 80.51 | acc=0.5362
2026-06-17 09:55:11 | INFO     | news.api                            | News fetched for KOTAKBANK.NS: 10 headlines
2026-06-17 09:55:11 | INFO     | news.api                            | News fetched for M&M.NS: 10 headlines
2026-06-17 09:55:11 | INFO     | news.api                            | News fetched for MARUTI.NS: 10 headlines
2026-06-17 09:55:12 | INFO     | news.api                            | News fetched for NESTLEIND.NS: 10 headlines
2026-06-17 09:55:12 | INFO     | news.api                            | News fetched for NTPC.NS: 10 headlines
2026-06-17 09:55:13 | INFO     | scanner.engine                      | PASSED   | M&M.NS               | signal=SELL        | score=0.3961 | conf= 72.84 | acc=0.5725
2026-06-17 09:55:13 | INFO     | scanner.engine                      | PASSED   | KOTAKBANK.NS         | signal=HOLD        | score=0.5488 | conf= 75.90 | acc=0.5435
2026-06-17 09:55:13 | INFO     | scanner.filters                     | FILTERED | ?                    | signal=HOLD        | conf= 75.49 | acc=0.5580 | score=0.4690 | reason=avg_volume 340449 below MIN_AVG_VOLUME 500000
2026-06-17 09:55:13 | INFO     | scanner.engine                      | FILTERED | MARUTI.NS            | signal=HOLD        | conf= 75.49 | acc=0.5580 | score=0.4690
2026-06-17 09:55:14 | INFO     | scanner.engine                      | PASSED   | NTPC.NS              | signal=SELL        | score=0.2990 | conf= 82.81 | acc=0.5362
2026-06-17 09:55:14 | INFO     | scanner.engine                      | PASSED   | NESTLEIND.NS         | signal=HOLD        | score=0.4864 | conf= 66.71 | acc=0.6159
2026-06-17 09:55:16 | ERROR    | yfinance                            | HTTP Error 404: {"quoteSummary":{"result":null,"error":{"code":"Not Found","description":"Quote not found for symbol: TATAMOTORS.NS"}}}
2026-06-17 09:55:16 | INFO     | news.api                            | News fetched for ONGC.NS: 10 headlines
2026-06-17 09:55:17 | ERROR    | yfinance                            | $TATAMOTORS.NS: possibly delisted; no price data found  (period=1y) (Yahoo error = "No data found, symbol may be delisted")
2026-06-17 09:55:17 | ERROR    | yfinance                            | 
1 Failed download:
2026-06-17 09:55:17 | ERROR    | yfinance                            | ['TATAMOTORS.NS']: possibly delisted; no price data found  (period=1y) (Yahoo error = "No data found, symbol may be delisted")
2026-06-17 09:55:17 | INFO     | news.api                            | News fetched for POWERGRID.NS: 10 headlines
2026-06-17 09:55:17 | WARNING  | scanner.engine                      | TATAMOTORS.NS: no data returned
2026-06-17 09:55:17 | INFO     | scanner.engine                      | PASSED   | ONGC.NS              | signal=SELL        | score=0.3146 | conf= 81.10 | acc=0.4420
2026-06-17 09:55:18 | INFO     | scanner.engine                      | PASSED   | POWERGRID.NS         | signal=SELL        | score=0.3563 | conf= 71.07 | acc=0.5145
2026-06-17 09:55:19 | INFO     | news.api                            | News fetched for SHRIRAMFIN.NS: 10 headlines
2026-06-17 09:55:20 | INFO     | news.api                            | News fetched for SUNPHARMA.NS: 10 headlines
2026-06-17 09:55:20 | INFO     | news.api                            | News fetched for SBILIFE.NS: 10 headlines
2026-06-17 09:55:20 | INFO     | news.api                            | News fetched for TATACONSUM.NS: 10 headlines
2026-06-17 09:55:20 | INFO     | news.api                            | News fetched for TATASTEEL.NS: 10 headlines
2026-06-17 09:55:21 | INFO     | scanner.engine                      | PASSED   | SHRIRAMFIN.NS        | signal=HOLD        | score=0.4948 | conf= 73.15 | acc=0.5072
2026-06-17 09:55:21 | INFO     | scanner.engine                      | PASSED   | SUNPHARMA.NS         | signal=HOLD        | score=0.4728 | conf= 81.97 | acc=0.5725
2026-06-17 09:55:22 | INFO     | news.api                            | News fetched for TECHM.NS: 10 headlines
2026-06-17 09:55:22 | INFO     | scanner.engine                      | PASSED   | TATASTEEL.NS         | signal=SELL        | score=0.3780 | conf= 77.62 | acc=0.4783
2026-06-17 09:55:22 | INFO     | scanner.engine                      | PASSED   | TATACONSUM.NS        | signal=SELL        | score=0.3660 | conf= 71.49 | acc=0.5217
2026-06-17 09:55:22 | INFO     | scanner.engine                      | PASSED   | SBILIFE.NS           | signal=SELL        | score=0.3128 | conf= 74.21 | acc=0.5725
2026-06-17 09:55:23 | INFO     | scanner.engine                      | PASSED   | TECHM.NS             | signal=HOLD        | score=0.4499 | conf= 64.21 | acc=0.4638
2026-06-17 09:55:24 | INFO     | news.api                            | News fetched for TRENT.NS: 10 headlines
2026-06-17 09:55:25 | INFO     | news.api                            | News fetched for TITAN.NS: 10 headlines
2026-06-17 09:55:25 | INFO     | scanner.engine                      | PASSED   | TRENT.NS             | signal=HOLD        | score=0.5605 | conf= 83.48 | acc=0.4855
2026-06-17 09:55:25 | INFO     | scanner.engine                      | PASSED   | TITAN.NS             | signal=HOLD        | score=0.4624 | conf= 82.90 | acc=0.5797
2026-06-17 09:55:25 | INFO     | news.api                            | News fetched for ULTRACEMCO.NS: 10 headlines
2026-06-17 09:55:26 | INFO     | scanner.filters                     | FILTERED | ?                    | signal=HOLD        | conf= 63.15 | acc=0.5000 | score=0.4305 | reason=avg_volume 291558 below MIN_AVG_VOLUME 500000
2026-06-17 09:55:26 | INFO     | scanner.engine                      | FILTERED | ULTRACEMCO.NS        | signal=HOLD        | conf= 63.15 | acc=0.5000 | score=0.4305
2026-06-17 09:55:26 | INFO     | scanner.engine                      | Scan batch done: 50 processed, 41 passed filters
2026-06-17 09:55:26 | INFO     | scanner.engine                      | SCAN END   | id=aee34d31_large_cap | category=Large Cap | scanned=100 | passed=41 | filtered=59
2026-06-17 09:55:26 | INFO     | scanner.engine                      | SCAN START | id=aee34d31_mid_cap | category=Mid Cap | stocks=100
2026-06-17 09:55:26 | INFO     | scanner.engine                      | Parallel scan: 50 stocks / 8 workers
2026-06-17 09:55:32 | INFO     | news.api                            | News fetched for PERSISTENT.NS: 10 headlines
2026-06-17 09:55:32 | INFO     | scanner.filters                     | FILTERED | ?                    | signal=SELL        | conf= 79.46 | acc=0.5000 | score=0.4011 | reason=avg_volume 488709 below MIN_AVG_VOLUME 500000
2026-06-17 09:55:33 | INFO     | scanner.engine                      | FILTERED | PERSISTENT.NS        | signal=SELL        | conf= 79.46 | acc=0.5000 | score=0.4011
2026-06-17 09:55:33 | INFO     | news.api                            | News fetched for MPHASIS.NS: 10 headlines
2026-06-17 09:55:33 | INFO     | news.api                            | News fetched for LTTS.NS: 10 headlines
2026-06-17 09:55:33 | INFO     | news.api                            | News fetched for TATAELXSI.NS: 10 headlines
2026-06-17 09:55:33 | INFO     | news.api                            | News fetched for PAGEIND.NS: 10 headlines
2026-06-17 09:55:33 | INFO     | news.api                            | News fetched for FEDERALBNK.NS: 10 headlines
2026-06-17 09:55:34 | INFO     | news.api                            | News fetched for COFORGE.NS: 10 headlines
2026-06-17 09:55:34 | INFO     | scanner.filters                     | FILTERED | ?                    | signal=HOLD        | conf= 64.72 | acc=0.4928 | score=0.5065 | reason=avg_volume 399352 below MIN_AVG_VOLUME 500000
2026-06-17 09:55:34 | INFO     | scanner.engine                      | FILTERED | MPHASIS.NS           | signal=HOLD        | conf= 64.72 | acc=0.4928 | score=0.5065
2026-06-17 09:55:34 | INFO     | news.api                            | News fetched for DIXON.NS: 10 headlines
2026-06-17 09:55:35 | INFO     | scanner.filters                     | FILTERED | ?                    | signal=HOLD        | conf= 78.07 | acc=0.4420 | score=0.4384 | reason=avg_volume 115521 below MIN_AVG_VOLUME 500000
2026-06-17 09:55:35 | INFO     | scanner.engine                      | FILTERED | LTTS.NS              | signal=HOLD        | conf= 78.07 | acc=0.4420 | score=0.4384
2026-06-17 09:55:35 | INFO     | scanner.filters                     | FILTERED | ?                    | signal=HOLD        | conf= 79.73 | acc=0.4783 | score=0.5430 | reason=avg_volume 27851 below MIN_AVG_VOLUME 500000
2026-06-17 09:55:35 | INFO     | scanner.engine                      | FILTERED | PAGEIND.NS           | signal=HOLD        | conf= 79.73 | acc=0.4783 | score=0.5430
2026-06-17 09:55:35 | INFO     | scanner.filters                     | FILTERED | ?                    | signal=SELL        | conf= 57.41 | acc=0.5652 | score=0.3870 | reason=avg_volume 234526 below MIN_AVG_VOLUME 500000
2026-06-17 09:55:35 | INFO     | scanner.engine                      | FILTERED | TATAELXSI.NS         | signal=SELL        | conf= 57.41 | acc=0.5652 | score=0.3870
2026-06-17 09:55:35 | INFO     | scanner.filters                     | FILTERED | 2026-06-17 00:00:00  | signal=BUY         | conf= 70.52 | acc=0.4275 | score=0.6386 | reason=accuracy 0.4275 below MIN_ACCURACY 0.44
2026-06-17 09:55:35 | INFO     | scanner.engine                      | FILTERED | FEDERALBNK.NS        | signal=BUY         | conf= 70.52 | acc=0.4275 | score=0.6386
2026-06-17 09:55:35 | INFO     | scanner.engine                      | PASSED   | COFORGE.NS           | signal=HOLD        | score=0.4731 | conf= 74.47 | acc=0.4928
2026-06-17 09:55:36 | INFO     | scanner.engine                      | PASSED   | DIXON.NS             | signal=HOLD        | score=0.5651 | conf= 71.86 | acc=0.5145
2026-06-17 09:55:39 | INFO     | news.api                            | News fetched for AUBANK.NS: 10 headlines
2026-06-17 09:55:41 | INFO     | scanner.engine                      | PASSED   | AUBANK.NS            | signal=HOLD        | score=0.4726 | conf= 87.12 | acc=0.5000
2026-06-17 09:55:43 | INFO     | news.api                            | News fetched for KPITTECH.NS: 10 headlines
2026-06-17 09:55:43 | INFO     | news.api                            | News fetched for ABCAPITAL.NS: 10 headlines
2026-06-17 09:55:44 | INFO     | scanner.engine                      | PASSED   | KPITTECH.NS          | signal=SELL        | score=0.3979 | conf= 61.71 | acc=0.5362
2026-06-17 09:55:44 | INFO     | news.api                            | News fetched for AJANTPHARM.NS: 10 headlines
2026-06-17 09:55:44 | INFO     | news.api                            | News fetched for AIAENG.NS: 10 headlines
2026-06-17 09:55:44 | INFO     | news.api                            | News fetched for ABFRL.NS: 10 headlines
2026-06-17 09:55:45 | INFO     | news.api                            | News fetched for ACC.NS: 10 headlines
2026-06-17 09:55:45 | INFO     | scanner.engine                      | PASSED   | ABCAPITAL.NS         | signal=HOLD        | score=0.5275 | conf= 82.61 | acc=0.5217
2026-06-17 09:55:45 | INFO     | news.api                            | News fetched for ALKEM.NS: 10 headlines
2026-06-17 09:55:45 | INFO     | scanner.filters                     | FILTERED | ?                    | signal=HOLD        | conf= 78.92 | acc=0.5290 | score=0.5369 | reason=avg_volume 108428 below MIN_AVG_VOLUME 500000
2026-06-17 09:55:45 | INFO     | scanner.engine                      | FILTERED | AJANTPHARM.NS        | signal=HOLD        | conf= 78.92 | acc=0.5290 | score=0.5369
2026-06-17 09:55:46 | INFO     | scanner.filters                     | FILTERED | 2026-06-17 00:00:00  | signal=BUY         | conf= 76.62 | acc=0.3768 | score=0.6098 | reason=accuracy 0.3768 below MIN_ACCURACY 0.44
2026-06-17 09:55:46 | INFO     | scanner.engine                      | FILTERED | AIAENG.NS            | signal=BUY         | conf= 76.62 | acc=0.3768 | score=0.6098
2026-06-17 09:55:46 | INFO     | scanner.engine                      | PASSED   | ABFRL.NS             | signal=SELL        | score=0.3951 | conf= 67.29 | acc=0.4855
2026-06-17 09:55:46 | INFO     | scanner.filters                     | FILTERED | ?                    | signal=HOLD        | conf= 81.14 | acc=0.5217 | score=0.4265 | reason=avg_volume 163469 below MIN_AVG_VOLUME 500000
2026-06-17 09:55:46 | INFO     | scanner.engine                      | FILTERED | ACC.NS               | signal=HOLD        | conf= 81.14 | acc=0.5217 | score=0.4265
2026-06-17 09:55:47 | INFO     | news.api                            | News fetched for APOLLOTYRE.NS: 10 headlines
2026-06-17 09:55:47 | INFO     | scanner.filters                     | FILTERED | ?                    | signal=HOLD        | conf= 75.14 | acc=0.5435 | score=0.4235 | reason=avg_volume 113485 below MIN_AVG_VOLUME 500000
2026-06-17 09:55:47 | INFO     | scanner.engine                      | FILTERED | ALKEM.NS             | signal=HOLD        | conf= 75.14 | acc=0.5435 | score=0.4235
2026-06-17 09:55:49 | INFO     | scanner.engine                      | PASSED   | APOLLOTYRE.NS        | signal=HOLD        | score=0.5051 | conf= 77.22 | acc=0.5290
2026-06-17 09:55:52 | INFO     | news.api                            | News fetched for ASTRAL.NS: 10 headlines
2026-06-17 09:55:52 | INFO     | news.api                            | News fetched for ASHOKLEY.NS: 10 headlines
2026-06-17 09:55:53 | INFO     | scanner.engine                      | PASSED   | ASTRAL.NS            | signal=HOLD        | score=0.4463 | conf= 69.93 | acc=0.5652
2026-06-17 09:55:53 | INFO     | scanner.engine                      | PASSED   | ASHOKLEY.NS          | signal=HOLD        | score=0.4452 | conf= 71.44 | acc=0.4058
2026-06-17 09:55:54 | INFO     | news.api                            | News fetched for BALKRISIND.NS: 10 headlines
2026-06-17 09:55:54 | INFO     | news.api                            | News fetched for AUROPHARMA.NS: 10 headlines
2026-06-17 09:55:54 | INFO     | news.api                            | News fetched for BIOCON.NS: 0 headlines
2026-06-17 09:55:54 | INFO     | news.api                            | News fetched for BATAINDIA.NS: 10 headlines
2026-06-17 09:55:54 | INFO     | news.api                            | News fetched for BANDHANBNK.NS: 10 headlines
2026-06-17 09:55:54 | INFO     | news.api                            | News fetched for BHEL.NS: 10 headlines
2026-06-17 09:55:55 | INFO     | scanner.filters                     | FILTERED | ?                    | signal=SELL        | conf= 73.32 | acc=0.4855 | score=0.4140 | reason=avg_volume 219157 below MIN_AVG_VOLUME 500000
2026-06-17 09:55:55 | INFO     | scanner.engine                      | FILTERED | BALKRISIND.NS        | signal=SELL        | conf= 73.32 | acc=0.4855 | score=0.4140
2026-06-17 09:55:55 | INFO     | scanner.engine                      | PASSED   | BIOCON.NS            | signal=HOLD        | score=0.5436 | conf= 86.28 | acc=0.5435
2026-06-17 09:55:55 | INFO     | scanner.engine                      | PASSED   | AUROPHARMA.NS        | signal=HOLD        | score=0.4612 | conf= 79.73 | acc=0.4275
2026-06-17 09:55:56 | INFO     | scanner.filters                     | FILTERED | ?                    | signal=HOLD        | conf= 81.40 | acc=0.6739 | score=0.4209 | reason=avg_volume 102576 below MIN_AVG_VOLUME 500000
2026-06-17 09:55:56 | INFO     | scanner.engine                      | FILTERED | BATAINDIA.NS         | signal=HOLD        | conf= 81.40 | acc=0.6739 | score=0.4209
2026-06-17 09:55:56 | INFO     | scanner.engine                      | PASSED   | BANDHANBNK.NS        | signal=BUY         | score=0.5965 | conf= 66.45 | acc=0.4928
2026-06-17 09:55:56 | INFO     | scanner.engine                      | PASSED   | BHEL.NS              | signal=HOLD        | score=0.4974 | conf= 76.60 | acc=0.5000
2026-06-17 09:55:58 | ERROR    | yfinance                            | HTTP Error 404: {"quoteSummary":{"result":null,"error":{"code":"Not Found","description":"Quote not found for symbol: CG.NS"}}}
2026-06-17 09:55:59 | INFO     | news.api                            | News fetched for BRIGADE.NS: 10 headlines
2026-06-17 09:55:59 | ERROR    | yfinance                            | $CG.NS: possibly delisted; no price data found  (period=1y) (Yahoo error = "No data found, symbol may be delisted")
2026-06-17 09:55:59 | ERROR    | yfinance                            | 
1 Failed download:
2026-06-17 09:55:59 | ERROR    | yfinance                            | ['CG.NS']: possibly delisted; no price data found  (period=1y) (Yahoo error = "No data found, symbol may be delisted")
2026-06-17 09:55:59 | WARNING  | scanner.engine                      | CG.NS: no data returned
2026-06-17 09:56:00 | INFO     | news.api                            | News fetched for CESC.NS: 10 headlines
2026-06-17 09:56:01 | INFO     | news.api                            | News fetched for CHAMBLFERT.NS: 10 headlines
2026-06-17 09:56:01 | INFO     | scanner.engine                      | PASSED   | BRIGADE.NS           | signal=HOLD        | score=0.4944 | conf= 81.24 | acc=0.6667
2026-06-17 09:56:02 | INFO     | scanner.engine                      | PASSED   | CESC.NS              | signal=SELL        | score=0.4023 | conf= 82.81 | acc=0.5435
2026-06-17 09:56:02 | INFO     | scanner.engine                      | PASSED   | CHAMBLFERT.NS        | signal=HOLD        | score=0.4944 | conf= 85.60 | acc=0.4783
2026-06-17 09:56:03 | INFO     | news.api                            | News fetched for CONCOR.NS: 10 headlines
2026-06-17 09:56:04 | INFO     | news.api                            | News fetched for DALBHARAT.NS: 10 headlines
2026-06-17 09:56:04 | INFO     | news.api                            | News fetched for DEEPAKNTR.NS: 10 headlines
2026-06-17 09:56:04 | INFO     | news.api                            | News fetched for CUMMINSIND.NS: 10 headlines
2026-06-17 09:56:05 | INFO     | scanner.engine                      | PASSED   | CONCOR.NS            | signal=SELL        | score=0.3464 | conf= 62.75 | acc=0.4928
2026-06-17 09:56:05 | INFO     | scanner.filters                     | FILTERED | ?                    | signal=SELL        | conf= 84.29 | acc=0.4638 | score=0.3910 | reason=avg_volume 266084 below MIN_AVG_VOLUME 500000
2026-06-17 09:56:05 | INFO     | scanner.engine                      | FILTERED | DALBHARAT.NS         | signal=SELL        | conf= 84.29 | acc=0.4638 | score=0.3910
2026-06-17 09:56:06 | INFO     | scanner.filters                     | FILTERED | ?                    | signal=HOLD        | conf= 80.25 | acc=0.5580 | score=0.5292 | reason=avg_volume 417064 below MIN_AVG_VOLUME 500000
2026-06-17 09:56:06 | INFO     | scanner.engine                      | FILTERED | CUMMINSIND.NS        | signal=HOLD        | conf= 80.25 | acc=0.5580 | score=0.5292
2026-06-17 09:56:06 | INFO     | scanner.filters                     | FILTERED | ?                    | signal=HOLD        | conf= 83.12 | acc=0.5942 | score=0.4210 | reason=avg_volume 96659 below MIN_AVG_VOLUME 500000
2026-06-17 09:56:06 | INFO     | scanner.engine                      | FILTERED | DEEPAKNTR.NS         | signal=HOLD        | conf= 83.12 | acc=0.5942 | score=0.4210
2026-06-17 09:56:07 | INFO     | news.api                            | News fetched for EMAMILTD.NS: 10 headlines
2026-06-17 09:56:08 | INFO     | news.api                            | News fetched for GLENMARK.NS: 10 headlines
2026-06-17 09:56:08 | INFO     | scanner.filters                     | FILTERED | ?                    | signal=SELL        | conf= 83.21 | acc=0.5580 | score=0.3286 | reason=avg_volume 453536 below MIN_AVG_VOLUME 500000
2026-06-17 09:56:08 | INFO     | scanner.engine                      | FILTERED | EMAMILTD.NS          | signal=SELL        | conf= 83.21 | acc=0.5580 | score=0.3286
2026-06-17 09:56:09 | INFO     | news.api                            | News fetched for ESCORTS.NS: 10 headlines
2026-06-17 09:56:09 | INFO     | scanner.engine                      | PASSED   | GLENMARK.NS          | signal=SELL        | score=0.3277 | conf= 84.88 | acc=0.5652
2026-06-17 09:56:10 | INFO     | news.api                            | News fetched for EXIDEIND.NS: 10 headlines
2026-06-17 09:56:11 | INFO     | scanner.filters                     | FILTERED | ?                    | signal=SELL        | conf= 66.31 | acc=0.5217 | score=0.4020 | reason=avg_volume 120494 below MIN_AVG_VOLUME 500000
2026-06-17 09:56:11 | INFO     | scanner.engine                      | FILTERED | ESCORTS.NS           | signal=SELL        | conf= 66.31 | acc=0.5217 | score=0.4020
2026-06-17 09:56:12 | INFO     | scanner.engine                      | PASSED   | EXIDEIND.NS          | signal=HOLD        | score=0.5498 | conf= 89.47 | acc=0.5072
2026-06-17 09:56:13 | INFO     | news.api                            | News fetched for GNFC.NS: 10 headlines
2026-06-17 09:56:13 | INFO     | news.api                            | News fetched for GUJGASLTD.NS: 10 headlines
2026-06-17 09:56:13 | INFO     | news.api                            | News fetched for IPCALAB.NS: 10 headlines
2026-06-17 09:56:14 | INFO     | news.api                            | News fetched for HINDPETRO.NS: 10 headlines
2026-06-17 09:56:15 | INFO     | scanner.engine                      | PASSED   | GUJGASLTD.NS         | signal=HOLD        | score=0.5328 | conf= 81.02 | acc=0.5290
2026-06-17 09:56:15 | INFO     | scanner.filters                     | FILTERED | ?                    | signal=HOLD        | conf= 85.01 | acc=0.4783 | score=0.4589 | reason=avg_volume 206598 below MIN_AVG_VOLUME 500000
2026-06-17 09:56:15 | INFO     | scanner.filters                     | FILTERED | ?                    | signal=HOLD        | conf= 76.88 | acc=0.5580 | score=0.5322 | reason=avg_volume 408792 below MIN_AVG_VOLUME 500000
2026-06-17 09:56:15 | INFO     | scanner.engine                      | FILTERED | IPCALAB.NS           | signal=HOLD        | conf= 85.01 | acc=0.4783 | score=0.4589
2026-06-17 09:56:15 | INFO     | scanner.engine                      | FILTERED | GNFC.NS              | signal=HOLD        | conf= 76.88 | acc=0.5580 | score=0.5322
2026-06-17 09:56:16 | INFO     | scanner.engine                      | PASSED   | HINDPETRO.NS         | signal=HOLD        | score=0.5079 | conf= 76.28 | acc=0.4130
2026-06-17 09:56:16 | INFO     | news.api                            | News fetched for JKCEMENT.NS: 10 headlines
2026-06-17 09:56:17 | INFO     | news.api                            | News fetched for IRFC.NS: 10 headlines
2026-06-17 09:56:18 | INFO     | scanner.filters                     | FILTERED | ?                    | signal=SELL        | conf= 87.93 | acc=0.5000 | score=0.4083 | reason=avg_volume 71866 below MIN_AVG_VOLUME 500000
2026-06-17 09:56:18 | INFO     | scanner.engine                      | FILTERED | JKCEMENT.NS          | signal=SELL        | conf= 87.93 | acc=0.5000 | score=0.4083
2026-06-17 09:56:19 | INFO     | scanner.engine                      | PASSED   | IRFC.NS              | signal=HOLD        | score=0.4391 | conf= 74.65 | acc=0.6087
2026-06-17 09:56:20 | INFO     | news.api                            | News fetched for JUBLFOOD.NS: 10 headlines
2026-06-17 09:56:21 | INFO     | news.api                            | News fetched for KAJARIACER.NS: 10 headlines
2026-06-17 09:56:21 | INFO     | scanner.engine                      | PASSED   | JUBLFOOD.NS          | signal=SELL        | score=0.2931 | conf= 71.03 | acc=0.6232
2026-06-17 09:56:22 | INFO     | scanner.filters                     | FILTERED | ?                    | signal=HOLD        | conf= 76.61 | acc=0.5580 | score=0.5633 | reason=avg_volume 174109 below MIN_AVG_VOLUME 500000
2026-06-17 09:56:22 | INFO     | scanner.engine                      | FILTERED | KAJARIACER.NS        | signal=HOLD        | conf= 76.61 | acc=0.5580 | score=0.5633
2026-06-17 09:56:22 | INFO     | news.api                            | News fetched for KIMS.NS: 10 headlines
2026-06-17 09:56:22 | INFO     | news.api                            | News fetched for KAYNES.NS: 10 headlines
2026-06-17 09:56:23 | INFO     | news.api                            | News fetched for MANAPPURAM.NS: 10 headlines
2026-06-17 09:56:23 | INFO     | scanner.engine                      | PASSED   | KAYNES.NS            | signal=SELL        | score=0.4044 | conf= 72.47 | acc=0.4493
2026-06-17 09:56:23 | INFO     | scanner.engine                      | PASSED   | KIMS.NS              | signal=HOLD        | score=0.5090 | conf= 79.03 | acc=0.4638
2026-06-17 09:56:23 | INFO     | news.api                            | News fetched for MFSL.NS: 10 headlines
2026-06-17 09:56:23 | INFO     | scanner.engine                      | PASSED   | MANAPPURAM.NS        | signal=HOLD        | score=0.4901 | conf= 84.97 | acc=0.5797
2026-06-17 09:56:23 | INFO     | news.api                            | News fetched for MGL.NS: 10 headlines
2026-06-17 09:56:23 | INFO     | scanner.engine                      | PASSED   | MFSL.NS              | signal=HOLD        | score=0.4759 | conf= 62.92 | acc=0.5000
2026-06-17 09:56:24 | INFO     | scanner.filters                     | FILTERED | ?                    | signal=HOLD        | conf= 77.26 | acc=0.4638 | score=0.5557 | reason=avg_volume 205739 below MIN_AVG_VOLUME 500000
2026-06-17 09:56:24 | INFO     | scanner.engine                      | FILTERED | MGL.NS               | signal=HOLD        | conf= 77.26 | acc=0.4638 | score=0.5557
2026-06-17 09:56:24 | INFO     | scanner.engine                      | Scan batch done: 50 processed, 27 passed filters
2026-06-17 09:56:24 | INFO     | scanner.engine                      | SCAN END   | id=aee34d31_mid_cap | category=Mid Cap | scanned=100 | passed=27 | filtered=73
2026-06-17 09:56:24 | INFO     | scanner.engine                      | SCAN START | id=aee34d31_small_cap | category=Small Cap | stocks=102
2026-06-17 09:56:24 | INFO     | scanner.engine                      | Parallel scan: 50 stocks / 8 workers
2026-06-17 09:56:29 | INFO     | news.api                            | News fetched for CDSL.NS: 10 headlines
2026-06-17 09:56:29 | INFO     | scanner.engine                      | PASSED   | CDSL.NS              | signal=HOLD        | score=0.4292 | conf= 71.44 | acc=0.5000
2026-06-17 09:56:30 | INFO     | news.api                            | News fetched for ANGELONE.NS: 10 headlines
2026-06-17 09:56:30 | INFO     | news.api                            | News fetched for BSOFT.NS: 10 headlines
2026-06-17 09:56:30 | INFO     | news.api                            | News fetched for APARINDS.NS: 0 headlines
2026-06-17 09:56:30 | INFO     | news.api                            | News fetched for HAPPSTMNDS.NS: 10 headlines
2026-06-17 09:56:30 | INFO     | news.api                            | News fetched for APLAPOLLO.NS: 10 headlines
2026-06-17 09:56:30 | INFO     | news.api                            | News fetched for TANLA.NS: 10 headlines
2026-06-17 09:56:31 | INFO     | news.api                            | News fetched for SAREGAMA.NS: 10 headlines
2026-06-17 09:56:31 | INFO     | scanner.filters                     | FILTERED | 2026-06-17 00:00:00  | signal=BUY         | conf= 65.71 | acc=0.3986 | score=0.6025 | reason=accuracy 0.3986 below MIN_ACCURACY 0.44
2026-06-17 09:56:31 | INFO     | scanner.engine                      | FILTERED | APARINDS.NS          | signal=BUY         | conf= 65.71 | acc=0.3986 | score=0.6025
2026-06-17 09:56:31 | INFO     | scanner.engine                      | PASSED   | BSOFT.NS             | signal=SELL        | score=0.4087 | conf= 74.05 | acc=0.4928
2026-06-17 09:56:31 | INFO     | scanner.engine                      | PASSED   | ANGELONE.NS          | signal=HOLD        | score=0.5796 | conf= 71.21 | acc=0.5145
2026-06-17 09:56:32 | INFO     | scanner.engine                      | PASSED   | APLAPOLLO.NS         | signal=HOLD        | score=0.4424 | conf= 79.65 | acc=0.5290
2026-06-17 09:56:32 | INFO     | scanner.engine                      | PASSED   | HAPPSTMNDS.NS        | signal=SELL        | score=0.3603 | conf= 70.53 | acc=0.5580
2026-06-17 09:56:32 | INFO     | scanner.filters                     | FILTERED | ?                    | signal=HOLD        | conf= 76.10 | acc=0.4928 | score=0.5130 | reason=avg_volume 383810 below MIN_AVG_VOLUME 500000
2026-06-17 09:56:32 | INFO     | scanner.engine                      | FILTERED | TANLA.NS             | signal=HOLD        | conf= 76.10 | acc=0.4928 | score=0.5130
2026-06-17 09:56:32 | INFO     | scanner.engine                      | PASSED   | SAREGAMA.NS          | signal=HOLD        | score=0.5602 | conf= 74.31 | acc=0.5362
2026-06-17 09:56:32 | ERROR    | yfinance                            | $AKZOINDIA.NS: possibly delisted; no price data found  (period=1y) (Yahoo error = "No data found, symbol may be delisted")
2026-06-17 09:56:32 | ERROR    | yfinance                            | 
1 Failed download:
2026-06-17 09:56:32 | ERROR    | yfinance                            | ['AKZOINDIA.NS']: possibly delisted; no price data found  (period=1y) (Yahoo error = "No data found, symbol may be delisted")
2026-06-17 09:56:32 | WARNING  | scanner.engine                      | AKZOINDIA.NS: no data returned
2026-06-17 09:56:33 | ERROR    | yfinance                            | $AEGISCHEM.NS: possibly delisted; no price data found  (period=1y) (Yahoo error = "No data found, symbol may be delisted")
2026-06-17 09:56:33 | ERROR    | yfinance                            | 
1 Failed download:
2026-06-17 09:56:33 | ERROR    | yfinance                            | ['AEGISCHEM.NS']: possibly delisted; no price data found  (period=1y) (Yahoo error = "No data found, symbol may be delisted")
2026-06-17 09:56:33 | ERROR    | yfinance                            | $ALEXOTYRES.NS: possibly delisted; no price data found  (period=1y) (Yahoo error = "No data found, symbol may be delisted")
2026-06-17 09:56:33 | INFO     | news.api                            | News fetched for AMBER.NS: 10 headlines
2026-06-17 09:56:33 | ERROR    | yfinance                            | 
1 Failed download:
2026-06-17 09:56:33 | ERROR    | yfinance                            | ['ALEXOTYRES.NS']: possibly delisted; no price data found  (period=1y) (Yahoo error = "No data found, symbol may be delisted")
2026-06-17 09:56:33 | WARNING  | scanner.engine                      | AEGISCHEM.NS: no data returned
2026-06-17 09:56:33 | WARNING  | scanner.engine                      | ALEXOTYRES.NS: no data returned
2026-06-17 09:56:35 | INFO     | scanner.filters                     | FILTERED | ?                    | signal=HOLD        | conf= 75.85 | acc=0.5362 | score=0.5387 | reason=avg_volume 399304 below MIN_AVG_VOLUME 500000
2026-06-17 09:56:35 | INFO     | scanner.engine                      | FILTERED | AMBER.NS             | signal=HOLD        | conf= 75.85 | acc=0.5362 | score=0.5387
2026-06-17 09:56:35 | INFO     | news.api                            | News fetched for AAVAS.NS: 10 headlines
2026-06-17 09:56:36 | INFO     | news.api                            | News fetched for AETHER.NS: 10 headlines
2026-06-17 09:56:37 | INFO     | scanner.filters                     | FILTERED | ?                    | signal=HOLD        | conf= 77.32 | acc=0.5725 | score=0.5522 | reason=avg_volume 182466 below MIN_AVG_VOLUME 500000
2026-06-17 09:56:37 | INFO     | scanner.engine                      | FILTERED | AAVAS.NS             | signal=HOLD        | conf= 77.32 | acc=0.5725 | score=0.5522
2026-06-17 09:56:37 | INFO     | news.api                            | News fetched for AARTIIND.NS: 10 headlines
2026-06-17 09:56:37 | INFO     | news.api                            | News fetched for ALEMBICLTD.NS: 10 headlines
2026-06-17 09:56:39 | INFO     | scanner.filters                     | FILTERED | ?                    | signal=HOLD        | conf= 71.81 | acc=0.5652 | score=0.5360 | reason=avg_volume 293566 below MIN_AVG_VOLUME 500000
2026-06-17 09:56:39 | INFO     | scanner.engine                      | FILTERED | AETHER.NS            | signal=HOLD        | conf= 71.81 | acc=0.5652 | score=0.5360
2026-06-17 09:56:39 | INFO     | scanner.filters                     | FILTERED | ?                    | signal=HOLD        | conf= 82.26 | acc=0.5145 | score=0.5451 | reason=volatility spike 27.5609 > 2.5× avg 10.8191
2026-06-17 09:56:39 | INFO     | scanner.engine                      | FILTERED | AARTIIND.NS          | signal=HOLD        | conf= 82.26 | acc=0.5145 | score=0.5451
2026-06-17 09:56:39 | INFO     | scanner.filters                     | FILTERED | ?                    | signal=HOLD        | conf= 79.31 | acc=0.5145 | score=0.4646 | reason=avg_volume 196827 below MIN_AVG_VOLUME 500000
2026-06-17 09:56:39 | INFO     | scanner.engine                      | FILTERED | ALEMBICLTD.NS        | signal=HOLD        | conf= 79.31 | acc=0.5145 | score=0.4646
2026-06-17 09:56:40 | INFO     | news.api                            | News fetched for CARBORUNIV.NS: 10 headlines
2026-06-17 09:56:41 | INFO     | news.api                            | News fetched for CAMPUS.NS: 10 headlines
2026-06-17 09:56:41 | INFO     | news.api                            | News fetched for ATUL.NS: 10 headlines
2026-06-17 09:56:42 | INFO     | news.api                            | News fetched for AVANTIFEED.NS: 10 headlines
2026-06-17 09:56:42 | INFO     | scanner.filters                     | FILTERED | ?                    | signal=HOLD        | conf= 84.27 | acc=0.5725 | score=0.5761 | reason=avg_volume 178206 below MIN_AVG_VOLUME 500000
2026-06-17 09:56:42 | INFO     | scanner.engine                      | FILTERED | CARBORUNIV.NS        | signal=HOLD        | conf= 84.27 | acc=0.5725 | score=0.5761
2026-06-17 09:56:43 | INFO     | news.api                            | News fetched for CENTURYPLY.NS: 10 headlines
2026-06-17 09:56:43 | INFO     | scanner.engine                      | PASSED   | CAMPUS.NS            | signal=SELL        | score=0.3642 | conf= 89.11 | acc=0.5217
2026-06-17 09:56:43 | INFO     | scanner.filters                     | FILTERED | ?                    | signal=SELL        | conf= 78.54 | acc=0.5290 | score=0.3891 | reason=avg_volume 16794 below MIN_AVG_VOLUME 500000
2026-06-17 09:56:43 | INFO     | scanner.engine                      | FILTERED | ATUL.NS              | signal=SELL        | conf= 78.54 | acc=0.5290 | score=0.3891
2026-06-17 09:56:44 | INFO     | scanner.filters                     | FILTERED | ?                    | signal=SELL        | conf= 74.32 | acc=0.4783 | score=0.3545 | reason=avg_volume 482442 below MIN_AVG_VOLUME 500000
2026-06-17 09:56:44 | INFO     | scanner.engine                      | FILTERED | AVANTIFEED.NS        | signal=SELL        | conf= 74.32 | acc=0.4783 | score=0.3545
2026-06-17 09:56:44 | INFO     | scanner.filters                     | FILTERED | ?                    | signal=SELL        | conf= 82.76 | acc=0.5145 | score=0.4008 | reason=avg_volume 147124 below MIN_AVG_VOLUME 500000
2026-06-17 09:56:44 | INFO     | scanner.engine                      | FILTERED | CENTURYPLY.NS        | signal=SELL        | conf= 82.76 | acc=0.5145 | score=0.4008
2026-06-17 09:56:47 | INFO     | news.api                            | News fetched for CERA.NS: 10 headlines
2026-06-17 09:56:47 | INFO     | news.api                            | News fetched for CLEAN.NS: 10 headlines
2026-06-17 09:56:47 | INFO     | news.api                            | News fetched for DEEPAKFERT.NS: 10 headlines
2026-06-17 09:56:48 | INFO     | news.api                            | News fetched for DELTACORP.NS: 10 headlines
2026-06-17 09:56:49 | INFO     | scanner.filters                     | FILTERED | ?                    | signal=HOLD        | conf= 80.61 | acc=0.5290 | score=0.4604 | reason=avg_volume 154234 below MIN_AVG_VOLUME 500000
2026-06-17 09:56:49 | INFO     | scanner.engine                      | FILTERED | CLEAN.NS             | signal=HOLD        | conf= 80.61 | acc=0.5290 | score=0.4604
2026-06-17 09:56:49 | INFO     | scanner.filters                     | FILTERED | ?                    | signal=HOLD        | conf= 77.59 | acc=0.5362 | score=0.5422 | reason=avg_volume 30525 below MIN_AVG_VOLUME 500000
2026-06-17 09:56:49 | INFO     | scanner.engine                      | FILTERED | CERA.NS              | signal=HOLD        | conf= 77.59 | acc=0.5362 | score=0.5422
2026-06-17 09:56:49 | INFO     | scanner.filters                     | FILTERED | 2026-06-17 00:00:00  | signal=BUY         | conf= 67.31 | acc=0.4275 | score=0.6239 | reason=accuracy 0.4275 below MIN_ACCURACY 0.44
2026-06-17 09:56:49 | INFO     | scanner.engine                      | FILTERED | DEEPAKFERT.NS        | signal=BUY         | conf= 67.31 | acc=0.4275 | score=0.6239
2026-06-17 09:56:49 | INFO     | scanner.engine                      | PASSED   | DELTACORP.NS         | signal=SELL        | score=0.3860 | conf= 76.90 | acc=0.6232
2026-06-17 09:56:50 | INFO     | news.api                            | News fetched for GLOBUSSPR.NS: 10 headlines
2026-06-17 09:56:50 | INFO     | news.api                            | News fetched for EMUDHRA.NS: 10 headlines
2026-06-17 09:56:50 | INFO     | news.api                            | News fetched for ELGIEQUIP.NS: 10 headlines
2026-06-17 09:56:51 | INFO     | news.api                            | News fetched for GALLANTT.NS: 0 headlines
2026-06-17 09:56:51 | INFO     | scanner.filters                     | FILTERED | ?                    | signal=SELL        | conf= 68.35 | acc=0.5217 | score=0.3420 | reason=avg_volume 61470 below MIN_AVG_VOLUME 500000
2026-06-17 09:56:51 | INFO     | scanner.engine                      | FILTERED | GLOBUSSPR.NS         | signal=SELL        | conf= 68.35 | acc=0.5217 | score=0.3420
2026-06-17 09:56:51 | INFO     | scanner.filters                     | FILTERED | ?                    | signal=SELL        | conf= 89.33 | acc=0.6739 | score=0.3762 | reason=avg_volume 56725 below MIN_AVG_VOLUME 500000
2026-06-17 09:56:51 | INFO     | scanner.engine                      | FILTERED | EMUDHRA.NS           | signal=SELL        | conf= 89.33 | acc=0.6739 | score=0.3762
2026-06-17 09:56:52 | INFO     | scanner.engine                      | PASSED   | ELGIEQUIP.NS         | signal=HOLD        | score=0.5663 | conf= 67.46 | acc=0.4203
2026-06-17 09:56:52 | INFO     | scanner.filters                     | FILTERED | ?                    | signal=HOLD        | conf= 77.53 | acc=0.5435 | score=0.4266 | reason=avg_volume 156238 below MIN_AVG_VOLUME 500000
2026-06-17 09:56:52 | INFO     | scanner.engine                      | FILTERED | GALLANTT.NS          | signal=HOLD        | conf= 77.53 | acc=0.5435 | score=0.4266
2026-06-17 09:56:54 | ERROR    | yfinance                            | $ITDCEM.NS: possibly delisted; no price data found  (period=1y) (Yahoo error = "No data found, symbol may be delisted")
2026-06-17 09:56:54 | ERROR    | yfinance                            | 
1 Failed download:
2026-06-17 09:56:54 | ERROR    | yfinance                            | ['ITDCEM.NS']: possibly delisted; no price data found  (period=1y) (Yahoo error = "No data found, symbol may be delisted")
2026-06-17 09:56:54 | WARNING  | scanner.engine                      | ITDCEM.NS: no data returned
2026-06-17 09:56:55 | INFO     | news.api                            | News fetched for GPPL.NS: 10 headlines
2026-06-17 09:56:55 | INFO     | news.api                            | News fetched for HFCL.NS: 10 headlines
2026-06-17 09:56:56 | INFO     | news.api                            | News fetched for GRINDWELL.NS: 10 headlines
2026-06-17 09:56:56 | INFO     | news.api                            | News fetched for GREENPANEL.NS: 10 headlines
2026-06-17 09:56:57 | INFO     | scanner.engine                      | PASSED   | GPPL.NS              | signal=SELL        | score=0.3802 | conf= 74.45 | acc=0.6812
2026-06-17 09:56:57 | INFO     | scanner.filters                     | FILTERED | ?                    | signal=BUY         | conf= 71.44 | acc=0.5145 | score=0.5934 | reason=volatility spike 10.1488 > 2.5× avg 3.4457
2026-06-17 09:56:57 | INFO     | scanner.engine                      | FILTERED | HFCL.NS              | signal=BUY         | conf= 71.44 | acc=0.5145 | score=0.5934
2026-06-17 09:56:57 | INFO     | news.api                            | News fetched for HIKAL.NS: 10 headlines
2026-06-17 09:56:57 | INFO     | scanner.filters                     | FILTERED | ?                    | signal=HOLD        | conf= 88.40 | acc=0.4710 | score=0.5776 | reason=avg_volume 64155 below MIN_AVG_VOLUME 500000
2026-06-17 09:56:57 | INFO     | scanner.engine                      | FILTERED | GRINDWELL.NS         | signal=HOLD        | conf= 88.40 | acc=0.4710 | score=0.5776
2026-06-17 09:56:57 | INFO     | scanner.filters                     | FILTERED | ?                    | signal=HOLD        | conf= 74.36 | acc=0.6014 | score=0.4232 | reason=avg_volume 248800 below MIN_AVG_VOLUME 500000
2026-06-17 09:56:57 | INFO     | scanner.engine                      | FILTERED | GREENPANEL.NS        | signal=HOLD        | conf= 74.36 | acc=0.6014 | score=0.4232
2026-06-17 09:56:58 | INFO     | news.api                            | News fetched for HINDCOPPER.NS: 10 headlines
2026-06-17 09:56:59 | INFO     | news.api                            | News fetched for ISGEC.NS: 10 headlines
2026-06-17 09:56:59 | INFO     | scanner.filters                     | FILTERED | ?                    | signal=SELL        | conf= 72.02 | acc=0.4928 | score=0.3937 | reason=avg_volume 246970 below MIN_AVG_VOLUME 500000
2026-06-17 09:56:59 | INFO     | scanner.engine                      | FILTERED | HIKAL.NS             | signal=SELL        | conf= 72.02 | acc=0.4928 | score=0.3937
2026-06-17 09:57:00 | INFO     | scanner.engine                      | PASSED   | HINDCOPPER.NS        | signal=SELL        | score=0.3630 | conf= 72.63 | acc=0.5870
2026-06-17 09:57:00 | INFO     | scanner.filters                     | FILTERED | ?                    | signal=SELL        | conf= 82.62 | acc=0.4855 | score=0.3642 | reason=avg_volume 49239 below MIN_AVG_VOLUME 500000
2026-06-17 09:57:00 | INFO     | scanner.engine                      | FILTERED | ISGEC.NS             | signal=SELL        | conf= 82.62 | acc=0.4855 | score=0.3642
2026-06-17 09:57:01 | ERROR    | yfinance                            | $LAXMIMACH.NS: possibly delisted; no price data found  (period=1y) (Yahoo error = "No data found, symbol may be delisted")
2026-06-17 09:57:01 | ERROR    | yfinance                            | 
1 Failed download:
2026-06-17 09:57:01 | ERROR    | yfinance                            | ['LAXMIMACH.NS']: possibly delisted; no price data found  (period=1y) (Yahoo error = "No data found, symbol may be delisted")
2026-06-17 09:57:01 | INFO     | news.api                            | News fetched for JBCHEPHARM.NS: 10 headlines
2026-06-17 09:57:02 | WARNING  | scanner.engine                      | LAXMIMACH.NS: no data returned
2026-06-17 09:57:02 | ERROR    | yfinance                            | $MTAR.NS: possibly delisted; no price data found  (period=1y) (Yahoo error = "No data found, symbol may be delisted")
2026-06-17 09:57:02 | ERROR    | yfinance                            | 
1 Failed download:
2026-06-17 09:57:02 | ERROR    | yfinance                            | ['MTAR.NS']: possibly delisted; no price data found  (period=1y) (Yahoo error = "No data found, symbol may be delisted")
2026-06-17 09:57:02 | WARNING  | scanner.engine                      | MTAR.NS: no data returned
2026-06-17 09:57:02 | INFO     | news.api                            | News fetched for JINDALSAW.NS: 10 headlines
2026-06-17 09:57:03 | INFO     | news.api                            | News fetched for JKPAPER.NS: 10 headlines
2026-06-17 09:57:03 | INFO     | scanner.filters                     | FILTERED | ?                    | signal=HOLD        | conf= 78.85 | acc=0.4928 | score=0.5329 | reason=avg_volume 265791 below MIN_AVG_VOLUME 500000
2026-06-17 09:57:03 | INFO     | scanner.engine                      | FILTERED | JBCHEPHARM.NS        | signal=HOLD        | conf= 78.85 | acc=0.4928 | score=0.5329
2026-06-17 09:57:04 | INFO     | news.api                            | News fetched for JYOTICNC.NS: 10 headlines
2026-06-17 09:57:04 | INFO     | scanner.engine                      | PASSED   | JINDALSAW.NS         | signal=HOLD        | score=0.5296 | conf= 69.13 | acc=0.5000
2026-06-17 09:57:05 | INFO     | news.api                            | News fetched for KRBL.NS: 10 headlines
2026-06-17 09:57:05 | INFO     | scanner.filters                     | FILTERED | ?                    | signal=SELL        | conf= 81.64 | acc=0.6014 | score=0.3958 | reason=avg_volume 221032 below MIN_AVG_VOLUME 500000
2026-06-17 09:57:05 | INFO     | scanner.engine                      | FILTERED | JKPAPER.NS           | signal=SELL        | conf= 81.64 | acc=0.6014 | score=0.3958
2026-06-17 09:57:06 | INFO     | scanner.engine                      | PASSED   | JYOTICNC.NS          | signal=HOLD        | score=0.4254 | conf= 75.87 | acc=0.6304
2026-06-17 09:57:06 | INFO     | news.api                            | News fetched for MASTEK.NS: 10 headlines
2026-06-17 09:57:07 | INFO     | scanner.filters                     | FILTERED | ?                    | signal=HOLD        | conf= 82.19 | acc=0.5000 | score=0.5310 | reason=avg_volume 465065 below MIN_AVG_VOLUME 500000
2026-06-17 09:57:07 | INFO     | scanner.engine                      | FILTERED | KRBL.NS              | signal=HOLD        | conf= 82.19 | acc=0.5000 | score=0.5310
2026-06-17 09:57:08 | INFO     | news.api                            | News fetched for NATCOPHARM.NS: 10 headlines
2026-06-17 09:57:08 | INFO     | scanner.filters                     | FILTERED | ?                    | signal=HOLD        | conf= 86.25 | acc=0.5580 | score=0.4657 | reason=avg_volume 52300 below MIN_AVG_VOLUME 500000
2026-06-17 09:57:08 | INFO     | scanner.engine                      | FILTERED | MASTEK.NS            | signal=HOLD        | conf= 86.25 | acc=0.5580 | score=0.4657
2026-06-17 09:57:09 | INFO     | scanner.engine                      | PASSED   | NATCOPHARM.NS        | signal=SELL        | score=0.3118 | conf= 85.35 | acc=0.4710
2026-06-17 09:57:10 | INFO     | news.api                            | News fetched for ORIENTELEC.NS: 10 headlines
2026-06-17 09:57:10 | INFO     | news.api                            | News fetched for NBCC.NS: 10 headlines
2026-06-17 09:57:10 | INFO     | scanner.filters                     | FILTERED | ?                    | signal=HOLD        | conf= 69.77 | acc=0.5290 | score=0.5170 | reason=avg_volume 147937 below MIN_AVG_VOLUME 500000
2026-06-17 09:57:10 | INFO     | scanner.engine                      | FILTERED | ORIENTELEC.NS        | signal=HOLD        | conf= 69.77 | acc=0.5290 | score=0.5170
2026-06-17 09:57:10 | INFO     | news.api                            | News fetched for NEULANDLAB.NS: 10 headlines
2026-06-17 09:57:11 | INFO     | scanner.engine                      | PASSED   | NBCC.NS              | signal=BUY         | score=0.5886 | conf= 64.23 | acc=0.5000
2026-06-17 09:57:11 | INFO     | scanner.filters                     | FILTERED | ?                    | signal=HOLD        | conf= 73.78 | acc=0.5000 | score=0.4741 | reason=avg_volume 33910 below MIN_AVG_VOLUME 500000
2026-06-17 09:57:11 | INFO     | scanner.engine                      | FILTERED | NEULANDLAB.NS        | signal=HOLD        | conf= 73.78 | acc=0.5000 | score=0.4741
2026-06-17 09:57:11 | INFO     | news.api                            | News fetched for PFIZER.NS: 10 headlines
2026-06-17 09:57:11 | INFO     | scanner.filters                     | FILTERED | ?                    | signal=SELL        | conf= 79.47 | acc=0.4928 | score=0.3886 | reason=avg_volume 27934 below MIN_AVG_VOLUME 500000
2026-06-17 09:57:11 | INFO     | scanner.engine                      | FILTERED | PFIZER.NS            | signal=SELL        | conf= 79.47 | acc=0.4928 | score=0.3886
2026-06-17 09:57:11 | INFO     | scanner.engine                      | Scan batch done: 50 processed, 15 passed filters
2026-06-17 09:57:11 | INFO     | scanner.engine                      | SCAN END   | id=aee34d31_small_cap | category=Small Cap | scanned=102 | passed=15 | filtered=87
2026-06-17 09:57:11 | INFO     | scanner.background                  | ═══ SCAN RUN aee34d31 COMPLETED — 301/301 processed ═══
2026-06-17 10:01:39 | INFO     | __main__                            | App started / reloaded
2026-06-17 10:01:47 | INFO     | __main__                            | App started / reloaded
2026-06-17 10:01:47 | INFO     | scanner.background                  | ═══ SCAN RUN 5a3491a8 STARTED — 301 stocks across 3 categories ═══
2026-06-17 10:01:47 | INFO     | scanner.engine                      | SCAN START | id=5a3491a8_large_cap | category=Large Cap | stocks=100
2026-06-17 10:01:47 | INFO     | scanner.engine                      | Parallel scan: 50 stocks / 8 workers
2026-06-17 10:01:51 | INFO     | scanner.engine                      | PASSED   | ICICIBANK.NS         | signal=HOLD        | score=0.5661 | conf= 78.05 | acc=0.5435
2026-06-17 10:01:51 | INFO     | scanner.engine                      | PASSED   | SBIN.NS              | signal=HOLD        | score=0.4283 | conf= 74.11 | acc=0.5507
2026-06-17 10:01:51 | INFO     | scanner.engine                      | PASSED   | INFY.NS              | signal=SELL        | score=0.3676 | conf= 74.00 | acc=0.4058
2026-06-17 10:01:51 | INFO     | scanner.engine                      | PASSED   | BHARTIARTL.NS        | signal=HOLD        | score=0.4384 | conf= 79.53 | acc=0.5217
2026-06-17 10:01:51 | INFO     | scanner.engine                      | PASSED   | HDFCBANK.NS          | signal=HOLD        | score=0.4579 | conf= 69.15 | acc=0.5580
2026-06-17 10:01:51 | INFO     | scanner.engine                      | PASSED   | TCS.NS               | signal=SELL        | score=0.4004 | conf= 74.50 | acc=0.4058
2026-06-17 10:01:52 | INFO     | scanner.engine                      | PASSED   | RELIANCE.NS          | signal=HOLD        | score=0.4213 | conf= 79.45 | acc=0.4928
2026-06-17 10:01:52 | INFO     | scanner.engine                      | PASSED   | HCLTECH.NS           | signal=SELL        | score=0.4018 | conf= 74.17 | acc=0.3913
2026-06-17 10:01:55 | INFO     | scanner.engine                      | PASSED   | LT.NS                | signal=HOLD        | score=0.5501 | conf= 77.83 | acc=0.4855
2026-06-17 10:01:55 | INFO     | scanner.engine                      | PASSED   | WIPRO.NS             | signal=STRONG SELL | score=0.2767 | conf= 58.12 | acc=0.5580
2026-06-17 10:01:56 | INFO     | scanner.engine                      | PASSED   | ADANIPORTS.NS        | signal=HOLD        | score=0.4958 | conf= 84.01 | acc=0.4783
2026-06-17 10:01:56 | INFO     | scanner.filters                     | FILTERED | 2026-06-17 00:00:00  | signal=BUY         | conf= 76.71 | acc=0.4203 | score=0.6195 | reason=accuracy 0.4203 below MIN_ACCURACY 0.44
2026-06-17 10:01:56 | INFO     | scanner.engine                      | FILTERED | ADANIENT.NS          | signal=BUY         | conf= 76.71 | acc=0.4203 | score=0.6195
2026-06-17 10:01:56 | INFO     | scanner.engine                      | PASSED   | AXISBANK.NS          | signal=HOLD        | score=0.5721 | conf= 83.70 | acc=0.5072
2026-06-17 10:01:57 | INFO     | scanner.filters                     | FILTERED | ?                    | signal=HOLD        | conf= 76.27 | acc=0.4420 | score=0.5314 | reason=avg_volume 428858 below MIN_AVG_VOLUME 500000
2026-06-17 10:01:57 | INFO     | scanner.engine                      | FILTERED | APOLLOHOSP.NS        | signal=HOLD        | conf= 76.27 | acc=0.4420 | score=0.5314
2026-06-17 10:01:57 | INFO     | scanner.engine                      | PASSED   | ASIANPAINT.NS        | signal=BUY         | score=0.6174 | conf= 71.69 | acc=0.5072
2026-06-17 10:02:00 | INFO     | scanner.filters                     | FILTERED | ?                    | signal=HOLD        | conf= 83.44 | acc=0.5942 | score=0.4772 | reason=avg_volume 324436 below MIN_AVG_VOLUME 500000
2026-06-17 10:02:00 | INFO     | scanner.engine                      | FILTERED | BAJAJ-AUTO.NS        | signal=HOLD        | conf= 83.44 | acc=0.5942 | score=0.4772
2026-06-17 10:02:00 | INFO     | scanner.engine                      | PASSED   | BAJAJFINSV.NS        | signal=HOLD        | score=0.4871 | conf= 86.25 | acc=0.4203
2026-06-17 10:02:01 | INFO     | scanner.engine                      | PASSED   | BAJFINANCE.NS        | signal=HOLD        | score=0.4782 | conf= 70.00 | acc=0.5000
2026-06-17 10:02:01 | INFO     | scanner.engine                      | PASSED   | BEL.NS               | signal=SELL        | score=0.3738 | conf= 84.86 | acc=0.5652
2026-06-17 10:02:02 | INFO     | scanner.engine                      | PASSED   | BPCL.NS              | signal=HOLD        | score=0.4814 | conf= 67.79 | acc=0.5797
2026-06-17 10:02:02 | INFO     | scanner.engine                      | PASSED   | COALINDIA.NS         | signal=HOLD        | score=0.4275 | conf= 74.68 | acc=0.6087
2026-06-17 10:02:02 | INFO     | scanner.engine                      | PASSED   | CIPLA.NS             | signal=HOLD        | score=0.4670 | conf= 72.95 | acc=0.5145
2026-06-17 10:02:02 | INFO     | scanner.filters                     | FILTERED | ?                    | signal=SELL        | conf= 79.20 | acc=0.4710 | score=0.3238 | reason=avg_volume 277053 below MIN_AVG_VOLUME 500000
2026-06-17 10:02:02 | INFO     | scanner.engine                      | FILTERED | BRITANNIA.NS         | signal=SELL        | conf= 79.20 | acc=0.4710 | score=0.3238
2026-06-17 10:02:05 | INFO     | scanner.filters                     | FILTERED | ?                    | signal=HOLD        | conf= 81.22 | acc=0.4493 | score=0.5439 | reason=avg_volume 462917 below MIN_AVG_VOLUME 500000
2026-06-17 10:02:06 | INFO     | scanner.engine                      | FILTERED | EICHERMOT.NS         | signal=HOLD        | conf= 81.22 | acc=0.4493 | score=0.5439
2026-06-17 10:02:06 | INFO     | scanner.engine                      | PASSED   | GRASIM.NS            | signal=HOLD        | score=0.5365 | conf= 73.20 | acc=0.4565
2026-06-17 10:02:06 | INFO     | scanner.engine                      | PASSED   | HDFCLIFE.NS          | signal=SELL        | score=0.4176 | conf= 86.84 | acc=0.5870
2026-06-17 10:02:06 | INFO     | scanner.engine                      | PASSED   | HINDUNILVR.NS        | signal=HOLD        | score=0.4242 | conf= 71.50 | acc=0.4928
2026-06-17 10:02:06 | INFO     | scanner.filters                     | FILTERED | ?                    | signal=HOLD        | conf= 90.45 | acc=0.5290 | score=0.4262 | reason=avg_volume 461498 below MIN_AVG_VOLUME 500000
2026-06-17 10:02:06 | INFO     | scanner.engine                      | FILTERED | HEROMOTOCO.NS        | signal=HOLD        | conf= 90.45 | acc=0.5290 | score=0.4262
2026-06-17 10:02:07 | INFO     | scanner.engine                      | PASSED   | HINDALCO.NS          | signal=HOLD        | score=0.4429 | conf= 75.52 | acc=0.4783
2026-06-17 10:02:07 | INFO     | scanner.engine                      | PASSED   | DRREDDY.NS           | signal=SELL        | score=0.3768 | conf= 77.93 | acc=0.5217
2026-06-17 10:02:07 | INFO     | scanner.engine                      | PASSED   | INDUSINDBK.NS        | signal=HOLD        | score=0.5170 | conf= 85.03 | acc=0.5797
2026-06-17 10:02:10 | INFO     | scanner.engine                      | PASSED   | ITC.NS               | signal=HOLD        | score=0.4407 | conf= 80.51 | acc=0.5362
2026-06-17 10:02:10 | INFO     | scanner.engine                      | PASSED   | JSWSTEEL.NS          | signal=HOLD        | score=0.4850 | conf= 74.93 | acc=0.4638
2026-06-17 10:02:10 | INFO     | scanner.engine                      | PASSED   | KOTAKBANK.NS         | signal=HOLD        | score=0.5488 | conf= 75.90 | acc=0.5435
2026-06-17 10:02:12 | INFO     | scanner.filters                     | FILTERED | ?                    | signal=HOLD        | conf= 75.49 | acc=0.5580 | score=0.4690 | reason=avg_volume 340449 below MIN_AVG_VOLUME 500000
2026-06-17 10:02:12 | INFO     | scanner.engine                      | FILTERED | MARUTI.NS            | signal=HOLD        | conf= 75.49 | acc=0.5580 | score=0.4690
2026-06-17 10:02:12 | INFO     | scanner.engine                      | PASSED   | NESTLEIND.NS         | signal=HOLD        | score=0.4864 | conf= 66.71 | acc=0.6159
2026-06-17 10:02:12 | INFO     | scanner.engine                      | PASSED   | ONGC.NS              | signal=SELL        | score=0.3146 | conf= 81.10 | acc=0.4420
2026-06-17 10:02:12 | INFO     | scanner.engine                      | PASSED   | M&M.NS               | signal=SELL        | score=0.3961 | conf= 72.84 | acc=0.5725
2026-06-17 10:02:13 | ERROR    | yfinance                            | $TATAMOTORS.NS: possibly delisted; no price data found  (period=1y) (Yahoo error = "No data found, symbol may be delisted")
2026-06-17 10:02:13 | ERROR    | yfinance                            | 
1 Failed download:
2026-06-17 10:02:13 | ERROR    | yfinance                            | ['TATAMOTORS.NS']: possibly delisted; no price data found  (period=1y) (Yahoo error = "No data found, symbol may be delisted")
2026-06-17 10:02:13 | WARNING  | scanner.engine                      | TATAMOTORS.NS: no data returned
2026-06-17 10:02:14 | INFO     | scanner.engine                      | PASSED   | NTPC.NS              | signal=SELL        | score=0.2990 | conf= 82.81 | acc=0.5362
2026-06-17 10:02:15 | INFO     | scanner.engine                      | PASSED   | POWERGRID.NS         | signal=SELL        | score=0.3563 | conf= 71.07 | acc=0.5145
2026-06-17 10:02:15 | INFO     | scanner.engine                      | PASSED   | SBILIFE.NS           | signal=SELL        | score=0.3128 | conf= 74.21 | acc=0.5725
2026-06-17 10:02:15 | INFO     | scanner.engine                      | PASSED   | SHRIRAMFIN.NS        | signal=HOLD        | score=0.4948 | conf= 73.15 | acc=0.5072
2026-06-17 10:02:16 | INFO     | scanner.engine                      | PASSED   | SUNPHARMA.NS         | signal=HOLD        | score=0.4728 | conf= 81.97 | acc=0.5725
2026-06-17 10:02:16 | INFO     | scanner.engine                      | PASSED   | TATACONSUM.NS        | signal=SELL        | score=0.3660 | conf= 71.49 | acc=0.5217
2026-06-17 10:02:16 | INFO     | scanner.engine                      | PASSED   | TATASTEEL.NS         | signal=SELL        | score=0.3780 | conf= 77.62 | acc=0.4783
2026-06-17 10:02:17 | INFO     | scanner.engine                      | PASSED   | TECHM.NS             | signal=HOLD        | score=0.4499 | conf= 64.21 | acc=0.4638
2026-06-17 10:02:17 | INFO     | scanner.engine                      | PASSED   | TRENT.NS             | signal=HOLD        | score=0.5605 | conf= 83.48 | acc=0.4855
2026-06-17 10:02:17 | INFO     | scanner.filters                     | FILTERED | ?                    | signal=HOLD        | conf= 63.15 | acc=0.5000 | score=0.4305 | reason=avg_volume 291558 below MIN_AVG_VOLUME 500000
2026-06-17 10:02:17 | INFO     | scanner.engine                      | FILTERED | ULTRACEMCO.NS        | signal=HOLD        | conf= 63.15 | acc=0.5000 | score=0.4305
2026-06-17 10:02:18 | INFO     | scanner.engine                      | PASSED   | TITAN.NS             | signal=HOLD        | score=0.4624 | conf= 82.90 | acc=0.5797
2026-06-17 10:02:18 | INFO     | scanner.engine                      | Scan batch done: 50 processed, 41 passed filters
2026-06-17 10:02:18 | INFO     | scanner.engine                      | SCAN END   | id=5a3491a8_large_cap | category=Large Cap | scanned=100 | passed=41 | filtered=59
2026-06-17 10:02:18 | INFO     | scanner.engine                      | SCAN START | id=5a3491a8_mid_cap | category=Mid Cap | stocks=100
2026-06-17 10:02:18 | INFO     | scanner.engine                      | Parallel scan: 50 stocks / 8 workers
2026-06-17 10:02:22 | INFO     | scanner.filters                     | FILTERED | ?                    | signal=HOLD        | conf= 78.07 | acc=0.4420 | score=0.4384 | reason=avg_volume 115521 below MIN_AVG_VOLUME 500000
2026-06-17 10:02:22 | INFO     | scanner.engine                      | FILTERED | LTTS.NS              | signal=HOLD        | conf= 78.07 | acc=0.4420 | score=0.4384
2026-06-17 10:02:22 | INFO     | scanner.filters                     | FILTERED | ?                    | signal=HOLD        | conf= 64.72 | acc=0.4928 | score=0.5065 | reason=avg_volume 399352 below MIN_AVG_VOLUME 500000
2026-06-17 10:02:22 | INFO     | scanner.engine                      | FILTERED | MPHASIS.NS           | signal=HOLD        | conf= 64.72 | acc=0.4928 | score=0.5065
2026-06-17 10:02:22 | INFO     | scanner.filters                     | FILTERED | ?                    | signal=SELL        | conf= 79.46 | acc=0.5000 | score=0.4011 | reason=avg_volume 488709 below MIN_AVG_VOLUME 500000
2026-06-17 10:02:22 | INFO     | scanner.engine                      | FILTERED | PERSISTENT.NS        | signal=SELL        | conf= 79.46 | acc=0.5000 | score=0.4011
2026-06-17 10:02:22 | INFO     | scanner.filters                     | FILTERED | ?                    | signal=SELL        | conf= 57.41 | acc=0.5652 | score=0.3870 | reason=avg_volume 234526 below MIN_AVG_VOLUME 500000
2026-06-17 10:02:22 | INFO     | scanner.engine                      | FILTERED | TATAELXSI.NS         | signal=SELL        | conf= 57.41 | acc=0.5652 | score=0.3870
2026-06-17 10:02:22 | INFO     | scanner.engine                      | PASSED   | COFORGE.NS           | signal=HOLD        | score=0.4731 | conf= 74.47 | acc=0.4928
2026-06-17 10:02:22 | INFO     | scanner.engine                      | PASSED   | DIXON.NS             | signal=HOLD        | score=0.5651 | conf= 71.86 | acc=0.5145
2026-06-17 10:02:23 | INFO     | scanner.filters                     | FILTERED | ?                    | signal=HOLD        | conf= 79.73 | acc=0.4783 | score=0.5430 | reason=avg_volume 27851 below MIN_AVG_VOLUME 500000
2026-06-17 10:02:23 | INFO     | scanner.engine                      | FILTERED | PAGEIND.NS           | signal=HOLD        | conf= 79.73 | acc=0.4783 | score=0.5430
2026-06-17 10:02:23 | INFO     | scanner.filters                     | FILTERED | 2026-06-17 00:00:00  | signal=BUY         | conf= 70.52 | acc=0.4275 | score=0.6386 | reason=accuracy 0.4275 below MIN_ACCURACY 0.44
2026-06-17 10:02:23 | INFO     | scanner.engine                      | FILTERED | FEDERALBNK.NS        | signal=BUY         | conf= 70.52 | acc=0.4275 | score=0.6386
2026-06-17 10:02:26 | INFO     | scanner.engine                      | PASSED   | AUBANK.NS            | signal=HOLD        | score=0.4726 | conf= 87.12 | acc=0.5000
2026-06-17 10:02:26 | INFO     | scanner.engine                      | PASSED   | KPITTECH.NS          | signal=SELL        | score=0.3979 | conf= 61.71 | acc=0.5362
2026-06-17 10:02:27 | INFO     | scanner.engine                      | PASSED   | ABFRL.NS             | signal=SELL        | score=0.3951 | conf= 67.29 | acc=0.4855
2026-06-17 10:02:27 | INFO     | scanner.engine                      | PASSED   | ABCAPITAL.NS         | signal=HOLD        | score=0.5275 | conf= 82.61 | acc=0.5217
2026-06-17 10:02:27 | INFO     | scanner.filters                     | FILTERED | ?                    | signal=HOLD        | conf= 81.14 | acc=0.5217 | score=0.4265 | reason=avg_volume 163469 below MIN_AVG_VOLUME 500000
2026-06-17 10:02:27 | INFO     | scanner.engine                      | FILTERED | ACC.NS               | signal=HOLD        | conf= 81.14 | acc=0.5217 | score=0.4265
2026-06-17 10:02:29 | INFO     | scanner.filters                     | FILTERED | ?                    | signal=HOLD        | conf= 78.92 | acc=0.5290 | score=0.5369 | reason=avg_volume 108428 below MIN_AVG_VOLUME 500000
2026-06-17 10:02:29 | INFO     | scanner.engine                      | FILTERED | AJANTPHARM.NS        | signal=HOLD        | conf= 78.92 | acc=0.5290 | score=0.5369
2026-06-17 10:02:29 | INFO     | scanner.filters                     | FILTERED | 2026-06-17 00:00:00  | signal=BUY         | conf= 76.62 | acc=0.3768 | score=0.6098 | reason=accuracy 0.3768 below MIN_ACCURACY 0.44
2026-06-17 10:02:30 | INFO     | scanner.filters                     | FILTERED | ?                    | signal=HOLD        | conf= 75.14 | acc=0.5435 | score=0.4235 | reason=avg_volume 113485 below MIN_AVG_VOLUME 500000
2026-06-17 10:02:30 | INFO     | scanner.engine                      | FILTERED | AIAENG.NS            | signal=BUY         | conf= 76.62 | acc=0.3768 | score=0.6098
2026-06-17 10:02:30 | INFO     | scanner.engine                      | FILTERED | ALKEM.NS             | signal=HOLD        | conf= 75.14 | acc=0.5435 | score=0.4235
2026-06-17 10:02:31 | INFO     | scanner.engine                      | PASSED   | ASHOKLEY.NS          | signal=HOLD        | score=0.4452 | conf= 71.44 | acc=0.4058
2026-06-17 10:02:31 | INFO     | scanner.engine                      | PASSED   | APOLLOTYRE.NS        | signal=HOLD        | score=0.5051 | conf= 77.22 | acc=0.5290
2026-06-17 10:02:32 | INFO     | scanner.engine                      | PASSED   | ASTRAL.NS            | signal=HOLD        | score=0.4463 | conf= 69.93 | acc=0.5652
2026-06-17 10:02:32 | INFO     | scanner.engine                      | PASSED   | AUROPHARMA.NS        | signal=HOLD        | score=0.4612 | conf= 79.73 | acc=0.4275
2026-06-17 10:02:33 | INFO     | scanner.filters                     | FILTERED | ?                    | signal=SELL        | conf= 73.32 | acc=0.4855 | score=0.4140 | reason=avg_volume 219157 below MIN_AVG_VOLUME 500000
2026-06-17 10:02:33 | INFO     | scanner.engine                      | FILTERED | BALKRISIND.NS        | signal=SELL        | conf= 73.32 | acc=0.4855 | score=0.4140
2026-06-17 10:02:34 | ERROR    | yfinance                            | $CG.NS: possibly delisted; no price data found  (period=1y) (Yahoo error = "No data found, symbol may be delisted")
2026-06-17 10:02:34 | ERROR    | yfinance                            | 
1 Failed download:
2026-06-17 10:02:34 | ERROR    | yfinance                            | ['CG.NS']: possibly delisted; no price data found  (period=1y) (Yahoo error = "No data found, symbol may be delisted")
2026-06-17 10:02:34 | WARNING  | scanner.engine                      | CG.NS: no data returned
2026-06-17 10:02:36 | INFO     | scanner.engine                      | PASSED   | BIOCON.NS            | signal=HOLD        | score=0.5436 | conf= 86.28 | acc=0.5435
2026-06-17 10:02:36 | INFO     | scanner.engine                      | PASSED   | BRIGADE.NS           | signal=HOLD        | score=0.4944 | conf= 81.24 | acc=0.6667
2026-06-17 10:02:36 | INFO     | scanner.engine                      | PASSED   | CESC.NS              | signal=SELL        | score=0.4023 | conf= 82.81 | acc=0.5435
2026-06-17 10:02:36 | INFO     | scanner.engine                      | PASSED   | BANDHANBNK.NS        | signal=BUY         | score=0.5965 | conf= 66.45 | acc=0.4928
2026-06-17 10:02:36 | INFO     | scanner.filters                     | FILTERED | ?                    | signal=HOLD        | conf= 81.40 | acc=0.6739 | score=0.4209 | reason=avg_volume 102576 below MIN_AVG_VOLUME 500000
2026-06-17 10:02:36 | INFO     | scanner.engine                      | FILTERED | BATAINDIA.NS         | signal=HOLD        | conf= 81.40 | acc=0.6739 | score=0.4209
2026-06-17 10:02:37 | INFO     | scanner.engine                      | PASSED   | BHEL.NS              | signal=HOLD        | score=0.4974 | conf= 76.60 | acc=0.5000
2026-06-17 10:02:37 | INFO     | scanner.engine                      | PASSED   | CHAMBLFERT.NS        | signal=HOLD        | score=0.4944 | conf= 85.60 | acc=0.4783
2026-06-17 10:02:39 | INFO     | scanner.engine                      | PASSED   | CONCOR.NS            | signal=SELL        | score=0.3464 | conf= 62.75 | acc=0.4928
2026-06-17 10:02:41 | INFO     | scanner.filters                     | FILTERED | ?                    | signal=HOLD        | conf= 80.25 | acc=0.5580 | score=0.5292 | reason=avg_volume 417064 below MIN_AVG_VOLUME 500000
2026-06-17 10:02:41 | INFO     | scanner.engine                      | FILTERED | CUMMINSIND.NS        | signal=HOLD        | conf= 80.25 | acc=0.5580 | score=0.5292
2026-06-17 10:02:41 | INFO     | scanner.filters                     | FILTERED | ?                    | signal=SELL        | conf= 84.29 | acc=0.4638 | score=0.3910 | reason=avg_volume 266084 below MIN_AVG_VOLUME 500000
2026-06-17 10:02:41 | INFO     | scanner.engine                      | FILTERED | DALBHARAT.NS         | signal=SELL        | conf= 84.29 | acc=0.4638 | score=0.3910
2026-06-17 10:02:42 | INFO     | scanner.filters                     | FILTERED | ?                    | signal=HOLD        | conf= 83.12 | acc=0.5942 | score=0.4210 | reason=avg_volume 96659 below MIN_AVG_VOLUME 500000
2026-06-17 10:02:42 | INFO     | scanner.engine                      | FILTERED | DEEPAKNTR.NS         | signal=HOLD        | conf= 83.12 | acc=0.5942 | score=0.4210
2026-06-17 10:02:42 | INFO     | scanner.engine                      | PASSED   | GLENMARK.NS          | signal=SELL        | score=0.3277 | conf= 84.88 | acc=0.5652
2026-06-17 10:02:44 | INFO     | scanner.filters                     | FILTERED | ?                    | signal=SELL        | conf= 83.21 | acc=0.5580 | score=0.3286 | reason=avg_volume 453536 below MIN_AVG_VOLUME 500000
2026-06-17 10:02:44 | INFO     | scanner.engine                      | FILTERED | EMAMILTD.NS          | signal=SELL        | conf= 83.21 | acc=0.5580 | score=0.3286
2026-06-17 10:02:44 | INFO     | scanner.filters                     | FILTERED | ?                    | signal=HOLD        | conf= 76.88 | acc=0.5580 | score=0.5322 | reason=avg_volume 408792 below MIN_AVG_VOLUME 500000
2026-06-17 10:02:44 | INFO     | scanner.engine                      | FILTERED | GNFC.NS              | signal=HOLD        | conf= 76.88 | acc=0.5580 | score=0.5322
2026-06-17 10:02:44 | INFO     | scanner.filters                     | FILTERED | ?                    | signal=SELL        | conf= 66.31 | acc=0.5217 | score=0.4020 | reason=avg_volume 120494 below MIN_AVG_VOLUME 500000
2026-06-17 10:02:44 | INFO     | scanner.engine                      | FILTERED | ESCORTS.NS           | signal=SELL        | conf= 66.31 | acc=0.5217 | score=0.4020
2026-06-17 10:02:45 | INFO     | scanner.engine                      | PASSED   | EXIDEIND.NS          | signal=HOLD        | score=0.5498 | conf= 89.47 | acc=0.5072
2026-06-17 10:02:46 | INFO     | scanner.engine                      | PASSED   | HINDPETRO.NS         | signal=HOLD        | score=0.5079 | conf= 76.28 | acc=0.4130
2026-06-17 10:02:46 | INFO     | scanner.engine                      | PASSED   | GUJGASLTD.NS         | signal=HOLD        | score=0.5328 | conf= 81.02 | acc=0.5290
2026-06-17 10:02:47 | INFO     | scanner.filters                     | FILTERED | ?                    | signal=HOLD        | conf= 85.01 | acc=0.4783 | score=0.4589 | reason=avg_volume 206598 below MIN_AVG_VOLUME 500000
2026-06-17 10:02:47 | INFO     | scanner.engine                      | FILTERED | IPCALAB.NS           | signal=HOLD        | conf= 85.01 | acc=0.4783 | score=0.4589
2026-06-17 10:02:47 | INFO     | scanner.engine                      | PASSED   | IRFC.NS              | signal=HOLD        | score=0.4391 | conf= 74.65 | acc=0.6087
2026-06-17 10:02:49 | INFO     | scanner.engine                      | PASSED   | JUBLFOOD.NS          | signal=SELL        | score=0.2931 | conf= 71.03 | acc=0.6232
2026-06-17 10:02:50 | INFO     | scanner.engine                      | PASSED   | KIMS.NS              | signal=HOLD        | score=0.5090 | conf= 79.03 | acc=0.4638
2026-06-17 10:02:50 | INFO     | scanner.engine                      | PASSED   | MANAPPURAM.NS        | signal=HOLD        | score=0.4901 | conf= 84.97 | acc=0.5797
2026-06-17 10:02:51 | INFO     | scanner.filters                     | FILTERED | ?                    | signal=SELL        | conf= 87.93 | acc=0.5000 | score=0.4083 | reason=avg_volume 71866 below MIN_AVG_VOLUME 500000
2026-06-17 10:02:51 | INFO     | scanner.engine                      | FILTERED | JKCEMENT.NS          | signal=SELL        | conf= 87.93 | acc=0.5000 | score=0.4083
2026-06-17 10:02:51 | INFO     | scanner.engine                      | PASSED   | MFSL.NS              | signal=HOLD        | score=0.4759 | conf= 62.92 | acc=0.5000
2026-06-17 10:02:51 | INFO     | scanner.filters                     | FILTERED | ?                    | signal=HOLD        | conf= 76.61 | acc=0.5580 | score=0.5633 | reason=avg_volume 174109 below MIN_AVG_VOLUME 500000
2026-06-17 10:02:51 | INFO     | scanner.engine                      | FILTERED | KAJARIACER.NS        | signal=HOLD        | conf= 76.61 | acc=0.5580 | score=0.5633
2026-06-17 10:02:51 | INFO     | scanner.filters                     | FILTERED | ?                    | signal=HOLD        | conf= 77.26 | acc=0.4638 | score=0.5557 | reason=avg_volume 205739 below MIN_AVG_VOLUME 500000
2026-06-17 10:02:51 | INFO     | scanner.engine                      | PASSED   | KAYNES.NS            | signal=SELL        | score=0.4044 | conf= 72.47 | acc=0.4493
2026-06-17 10:02:51 | INFO     | scanner.engine                      | FILTERED | MGL.NS               | signal=HOLD        | conf= 77.26 | acc=0.4638 | score=0.5557
2026-06-17 10:02:51 | INFO     | scanner.engine                      | Scan batch done: 50 processed, 27 passed filters
2026-06-17 10:02:51 | INFO     | scanner.engine                      | SCAN END   | id=5a3491a8_mid_cap | category=Mid Cap | scanned=100 | passed=27 | filtered=73
2026-06-17 10:02:51 | INFO     | scanner.engine                      | SCAN START | id=5a3491a8_small_cap | category=Small Cap | stocks=102
2026-06-17 10:02:51 | INFO     | scanner.engine                      | Parallel scan: 50 stocks / 8 workers
2026-06-17 10:02:55 | INFO     | scanner.engine                      | PASSED   | HAPPSTMNDS.NS        | signal=SELL        | score=0.3603 | conf= 70.53 | acc=0.5580
2026-06-17 10:02:55 | INFO     | scanner.engine                      | PASSED   | BSOFT.NS             | signal=SELL        | score=0.4087 | conf= 74.05 | acc=0.4928
2026-06-17 10:02:55 | INFO     | scanner.filters                     | FILTERED | ?                    | signal=HOLD        | conf= 76.10 | acc=0.4928 | score=0.5130 | reason=avg_volume 383810 below MIN_AVG_VOLUME 500000
2026-06-17 10:02:55 | INFO     | scanner.engine                      | FILTERED | TANLA.NS             | signal=HOLD        | conf= 76.10 | acc=0.4928 | score=0.5130
2026-06-17 10:02:55 | INFO     | scanner.engine                      | PASSED   | ANGELONE.NS          | signal=HOLD        | score=0.5796 | conf= 71.21 | acc=0.5145
2026-06-17 10:02:55 | INFO     | scanner.engine                      | PASSED   | CDSL.NS              | signal=HOLD        | score=0.4292 | conf= 71.44 | acc=0.5000
2026-06-17 10:02:56 | INFO     | scanner.engine                      | PASSED   | APLAPOLLO.NS         | signal=HOLD        | score=0.4424 | conf= 79.65 | acc=0.5290
2026-06-17 10:02:56 | INFO     | scanner.engine                      | PASSED   | SAREGAMA.NS          | signal=HOLD        | score=0.5602 | conf= 74.31 | acc=0.5362
2026-06-17 10:02:56 | INFO     | scanner.filters                     | FILTERED | 2026-06-17 00:00:00  | signal=BUY         | conf= 65.71 | acc=0.3986 | score=0.6025 | reason=accuracy 0.3986 below MIN_ACCURACY 0.44
2026-06-17 10:02:56 | INFO     | scanner.engine                      | FILTERED | APARINDS.NS          | signal=BUY         | conf= 65.71 | acc=0.3986 | score=0.6025
2026-06-17 10:02:57 | ERROR    | yfinance                            | $AEGISCHEM.NS: possibly delisted; no price data found  (period=1y) (Yahoo error = "No data found, symbol may be delisted")
2026-06-17 10:02:57 | ERROR    | yfinance                            | 
1 Failed download:
2026-06-17 10:02:57 | ERROR    | yfinance                            | ['AEGISCHEM.NS']: possibly delisted; no price data found  (period=1y) (Yahoo error = "No data found, symbol may be delisted")
2026-06-17 10:02:57 | WARNING  | scanner.engine                      | AEGISCHEM.NS: no data returned
2026-06-17 10:02:57 | ERROR    | yfinance                            | $ALEXOTYRES.NS: possibly delisted; no price data found  (period=1y) (Yahoo error = "No data found, symbol may be delisted")
2026-06-17 10:02:57 | ERROR    | yfinance                            | 
1 Failed download:
2026-06-17 10:02:57 | ERROR    | yfinance                            | ['ALEXOTYRES.NS']: possibly delisted; no price data found  (period=1y) (Yahoo error = "No data found, symbol may be delisted")
2026-06-17 10:02:58 | ERROR    | yfinance                            | $AKZOINDIA.NS: possibly delisted; no price data found  (period=1y) (Yahoo error = "No data found, symbol may be delisted")
2026-06-17 10:02:58 | ERROR    | yfinance                            | 
1 Failed download:
2026-06-17 10:02:58 | WARNING  | scanner.engine                      | ALEXOTYRES.NS: no data returned
2026-06-17 10:02:58 | ERROR    | yfinance                            | ['AKZOINDIA.NS']: possibly delisted; no price data found  (period=1y) (Yahoo error = "No data found, symbol may be delisted")
2026-06-17 10:02:58 | WARNING  | scanner.engine                      | AKZOINDIA.NS: no data returned
2026-06-17 10:02:59 | INFO     | scanner.filters                     | FILTERED | ?                    | signal=HOLD        | conf= 75.85 | acc=0.5362 | score=0.5387 | reason=avg_volume 399304 below MIN_AVG_VOLUME 500000
2026-06-17 10:02:59 | INFO     | scanner.engine                      | FILTERED | AMBER.NS             | signal=HOLD        | conf= 75.85 | acc=0.5362 | score=0.5387
2026-06-17 10:02:59 | INFO     | scanner.filters                     | FILTERED | ?                    | signal=HOLD        | conf= 71.81 | acc=0.5652 | score=0.5360 | reason=avg_volume 293566 below MIN_AVG_VOLUME 500000
2026-06-17 10:02:59 | INFO     | scanner.engine                      | FILTERED | AETHER.NS            | signal=HOLD        | conf= 71.81 | acc=0.5652 | score=0.5360
2026-06-17 10:02:59 | INFO     | scanner.filters                     | FILTERED | ?                    | signal=HOLD        | conf= 82.26 | acc=0.5145 | score=0.5451 | reason=volatility spike 27.5609 > 2.5× avg 10.8191
2026-06-17 10:02:59 | INFO     | scanner.engine                      | FILTERED | AARTIIND.NS          | signal=HOLD        | conf= 82.26 | acc=0.5145 | score=0.5451
2026-06-17 10:03:00 | INFO     | scanner.filters                     | FILTERED | ?                    | signal=HOLD        | conf= 77.32 | acc=0.5725 | score=0.5522 | reason=avg_volume 182466 below MIN_AVG_VOLUME 500000
2026-06-17 10:03:00 | INFO     | scanner.engine                      | FILTERED | AAVAS.NS             | signal=HOLD        | conf= 77.32 | acc=0.5725 | score=0.5522
2026-06-17 10:03:02 | INFO     | scanner.filters                     | FILTERED | ?                    | signal=HOLD        | conf= 79.31 | acc=0.5145 | score=0.4646 | reason=avg_volume 196827 below MIN_AVG_VOLUME 500000
2026-06-17 10:03:02 | INFO     | scanner.engine                      | FILTERED | ALEMBICLTD.NS        | signal=HOLD        | conf= 79.31 | acc=0.5145 | score=0.4646
2026-06-17 10:03:03 | INFO     | scanner.filters                     | FILTERED | ?                    | signal=SELL        | conf= 78.54 | acc=0.5290 | score=0.3891 | reason=avg_volume 16794 below MIN_AVG_VOLUME 500000
2026-06-17 10:03:03 | INFO     | scanner.engine                      | FILTERED | ATUL.NS              | signal=SELL        | conf= 78.54 | acc=0.5290 | score=0.3891
2026-06-17 10:03:04 | INFO     | scanner.filters                     | FILTERED | ?                    | signal=HOLD        | conf= 84.27 | acc=0.5725 | score=0.5761 | reason=avg_volume 178206 below MIN_AVG_VOLUME 500000
2026-06-17 10:03:04 | INFO     | scanner.engine                      | FILTERED | CARBORUNIV.NS        | signal=HOLD        | conf= 84.27 | acc=0.5725 | score=0.5761
2026-06-17 10:03:05 | INFO     | scanner.filters                     | FILTERED | ?                    | signal=SELL        | conf= 82.76 | acc=0.5145 | score=0.4008 | reason=avg_volume 147124 below MIN_AVG_VOLUME 500000
2026-06-17 10:03:05 | INFO     | scanner.engine                      | FILTERED | CENTURYPLY.NS        | signal=SELL        | conf= 82.76 | acc=0.5145 | score=0.4008
2026-06-17 10:03:05 | INFO     | scanner.filters                     | FILTERED | ?                    | signal=HOLD        | conf= 77.59 | acc=0.5362 | score=0.5422 | reason=avg_volume 30525 below MIN_AVG_VOLUME 500000
2026-06-17 10:03:05 | INFO     | scanner.engine                      | FILTERED | CERA.NS              | signal=HOLD        | conf= 77.59 | acc=0.5362 | score=0.5422
2026-06-17 10:03:05 | INFO     | scanner.filters                     | FILTERED | ?                    | signal=HOLD        | conf= 80.61 | acc=0.5290 | score=0.4604 | reason=avg_volume 154234 below MIN_AVG_VOLUME 500000
2026-06-17 10:03:05 | INFO     | scanner.engine                      | FILTERED | CLEAN.NS             | signal=HOLD        | conf= 80.61 | acc=0.5290 | score=0.4604
2026-06-17 10:03:06 | INFO     | scanner.filters                     | FILTERED | ?                    | signal=SELL        | conf= 74.32 | acc=0.4783 | score=0.3545 | reason=avg_volume 482442 below MIN_AVG_VOLUME 500000
2026-06-17 10:03:06 | INFO     | scanner.engine                      | FILTERED | AVANTIFEED.NS        | signal=SELL        | conf= 74.32 | acc=0.4783 | score=0.3545
2026-06-17 10:03:06 | INFO     | scanner.engine                      | PASSED   | CAMPUS.NS            | signal=SELL        | score=0.3642 | conf= 89.11 | acc=0.5217
2026-06-17 10:03:08 | INFO     | scanner.engine                      | PASSED   | DELTACORP.NS         | signal=SELL        | score=0.3860 | conf= 76.90 | acc=0.6232
2026-06-17 10:03:09 | INFO     | scanner.engine                      | PASSED   | ELGIEQUIP.NS         | signal=HOLD        | score=0.5663 | conf= 67.46 | acc=0.4203
2026-06-17 10:03:09 | INFO     | scanner.filters                     | FILTERED | ?                    | signal=SELL        | conf= 89.33 | acc=0.6739 | score=0.3762 | reason=avg_volume 56725 below MIN_AVG_VOLUME 500000
2026-06-17 10:03:09 | INFO     | scanner.engine                      | FILTERED | EMUDHRA.NS           | signal=SELL        | conf= 89.33 | acc=0.6739 | score=0.3762
2026-06-17 10:03:10 | INFO     | scanner.filters                     | FILTERED | 2026-06-17 00:00:00  | signal=BUY         | conf= 67.31 | acc=0.4275 | score=0.6239 | reason=accuracy 0.4275 below MIN_ACCURACY 0.44
2026-06-17 10:03:10 | INFO     | scanner.engine                      | FILTERED | DEEPAKFERT.NS        | signal=BUY         | conf= 67.31 | acc=0.4275 | score=0.6239
2026-06-17 10:03:10 | INFO     | scanner.filters                     | FILTERED | ?                    | signal=HOLD        | conf= 77.53 | acc=0.5435 | score=0.4266 | reason=avg_volume 156238 below MIN_AVG_VOLUME 500000
2026-06-17 10:03:10 | INFO     | scanner.engine                      | FILTERED | GALLANTT.NS          | signal=HOLD        | conf= 77.53 | acc=0.5435 | score=0.4266
2026-06-17 10:03:10 | INFO     | scanner.filters                     | FILTERED | ?                    | signal=SELL        | conf= 68.35 | acc=0.5217 | score=0.3420 | reason=avg_volume 61470 below MIN_AVG_VOLUME 500000
2026-06-17 10:03:11 | INFO     | scanner.engine                      | FILTERED | GLOBUSSPR.NS         | signal=SELL        | conf= 68.35 | acc=0.5217 | score=0.3420
2026-06-17 10:03:11 | ERROR    | yfinance                            | $ITDCEM.NS: possibly delisted; no price data found  (period=1y) (Yahoo error = "No data found, symbol may be delisted")
2026-06-17 10:03:11 | ERROR    | yfinance                            | 
1 Failed download:
2026-06-17 10:03:11 | ERROR    | yfinance                            | ['ITDCEM.NS']: possibly delisted; no price data found  (period=1y) (Yahoo error = "No data found, symbol may be delisted")
2026-06-17 10:03:12 | WARNING  | scanner.engine                      | ITDCEM.NS: no data returned
2026-06-17 10:03:12 | INFO     | scanner.filters                     | FILTERED | ?                    | signal=HOLD        | conf= 88.40 | acc=0.4710 | score=0.5776 | reason=avg_volume 64155 below MIN_AVG_VOLUME 500000
2026-06-17 10:03:12 | INFO     | scanner.engine                      | FILTERED | GRINDWELL.NS         | signal=HOLD        | conf= 88.40 | acc=0.4710 | score=0.5776
2026-06-17 10:03:14 | INFO     | scanner.engine                      | PASSED   | GPPL.NS              | signal=SELL        | score=0.3802 | conf= 74.45 | acc=0.6812
2026-06-17 10:03:14 | INFO     | scanner.filters                     | FILTERED | ?                    | signal=HOLD        | conf= 74.36 | acc=0.6014 | score=0.4232 | reason=avg_volume 248800 below MIN_AVG_VOLUME 500000
2026-06-17 10:03:14 | INFO     | scanner.engine                      | FILTERED | GREENPANEL.NS        | signal=HOLD        | conf= 74.36 | acc=0.6014 | score=0.4232
2026-06-17 10:03:14 | INFO     | scanner.filters                     | FILTERED | ?                    | signal=BUY         | conf= 71.44 | acc=0.5145 | score=0.5934 | reason=volatility spike 10.1488 > 2.5× avg 3.4457
2026-06-17 10:03:14 | INFO     | scanner.engine                      | FILTERED | HFCL.NS              | signal=BUY         | conf= 71.44 | acc=0.5145 | score=0.5934
2026-06-17 10:03:14 | INFO     | scanner.filters                     | FILTERED | ?                    | signal=SELL        | conf= 72.02 | acc=0.4928 | score=0.3937 | reason=avg_volume 246970 below MIN_AVG_VOLUME 500000
2026-06-17 10:03:14 | INFO     | scanner.engine                      | FILTERED | HIKAL.NS             | signal=SELL        | conf= 72.02 | acc=0.4928 | score=0.3937
2026-06-17 10:03:15 | INFO     | scanner.filters                     | FILTERED | ?                    | signal=SELL        | conf= 82.62 | acc=0.4855 | score=0.3642 | reason=avg_volume 49239 below MIN_AVG_VOLUME 500000
2026-06-17 10:03:15 | INFO     | scanner.engine                      | FILTERED | ISGEC.NS             | signal=SELL        | conf= 82.62 | acc=0.4855 | score=0.3642
2026-06-17 10:03:16 | ERROR    | yfinance                            | $LAXMIMACH.NS: possibly delisted; no price data found  (period=1y) (Yahoo error = "No data found, symbol may be delisted")
2026-06-17 10:03:16 | ERROR    | yfinance                            | 
1 Failed download:
2026-06-17 10:03:16 | ERROR    | yfinance                            | ['LAXMIMACH.NS']: possibly delisted; no price data found  (period=1y) (Yahoo error = "No data found, symbol may be delisted")
2026-06-17 10:03:16 | WARNING  | scanner.engine                      | LAXMIMACH.NS: no data returned
2026-06-17 10:03:16 | INFO     | scanner.engine                      | PASSED   | HINDCOPPER.NS        | signal=SELL        | score=0.3630 | conf= 72.63 | acc=0.5870
2026-06-17 10:03:17 | INFO     | scanner.filters                     | FILTERED | ?                    | signal=HOLD        | conf= 78.85 | acc=0.4928 | score=0.5329 | reason=avg_volume 265791 below MIN_AVG_VOLUME 500000
2026-06-17 10:03:17 | INFO     | scanner.engine                      | FILTERED | JBCHEPHARM.NS        | signal=HOLD        | conf= 78.85 | acc=0.4928 | score=0.5329
2026-06-17 10:03:17 | ERROR    | yfinance                            | $MTAR.NS: possibly delisted; no price data found  (period=1y) (Yahoo error = "No data found, symbol may be delisted")
2026-06-17 10:03:17 | ERROR    | yfinance                            | 
1 Failed download:
2026-06-17 10:03:17 | ERROR    | yfinance                            | ['MTAR.NS']: possibly delisted; no price data found  (period=1y) (Yahoo error = "No data found, symbol may be delisted")
2026-06-17 10:03:17 | INFO     | scanner.filters                     | FILTERED | ?                    | signal=SELL        | conf= 81.64 | acc=0.6014 | score=0.3958 | reason=avg_volume 221032 below MIN_AVG_VOLUME 500000
2026-06-17 10:03:17 | INFO     | scanner.engine                      | FILTERED | JKPAPER.NS           | signal=SELL        | conf= 81.64 | acc=0.6014 | score=0.3958
2026-06-17 10:03:17 | WARNING  | scanner.engine                      | MTAR.NS: no data returned
2026-06-17 10:03:19 | INFO     | scanner.filters                     | FILTERED | ?                    | signal=HOLD        | conf= 82.19 | acc=0.5000 | score=0.5310 | reason=avg_volume 465065 below MIN_AVG_VOLUME 500000
2026-06-17 10:03:19 | INFO     | scanner.engine                      | FILTERED | KRBL.NS              | signal=HOLD        | conf= 82.19 | acc=0.5000 | score=0.5310
2026-06-17 10:03:19 | INFO     | scanner.filters                     | FILTERED | ?                    | signal=HOLD        | conf= 86.25 | acc=0.5580 | score=0.4657 | reason=avg_volume 52300 below MIN_AVG_VOLUME 500000
2026-06-17 10:03:19 | INFO     | scanner.engine                      | FILTERED | MASTEK.NS            | signal=HOLD        | conf= 86.25 | acc=0.5580 | score=0.4657
2026-06-17 10:03:20 | INFO     | scanner.engine                      | PASSED   | JYOTICNC.NS          | signal=HOLD        | score=0.4254 | conf= 75.87 | acc=0.6304
2026-06-17 10:03:20 | INFO     | scanner.engine                      | PASSED   | JINDALSAW.NS         | signal=HOLD        | score=0.5296 | conf= 69.13 | acc=0.5000
2026-06-17 10:03:21 | INFO     | scanner.engine                      | PASSED   | NBCC.NS              | signal=BUY         | score=0.5886 | conf= 64.23 | acc=0.5000
2026-06-17 10:03:21 | INFO     | scanner.filters                     | FILTERED | ?                    | signal=HOLD        | conf= 73.78 | acc=0.5000 | score=0.4741 | reason=avg_volume 33910 below MIN_AVG_VOLUME 500000
2026-06-17 10:03:21 | INFO     | scanner.engine                      | FILTERED | NEULANDLAB.NS        | signal=HOLD        | conf= 73.78 | acc=0.5000 | score=0.4741
2026-06-17 10:03:21 | INFO     | scanner.filters                     | FILTERED | ?                    | signal=HOLD        | conf= 69.77 | acc=0.5290 | score=0.5170 | reason=avg_volume 147937 below MIN_AVG_VOLUME 500000
2026-06-17 10:03:21 | INFO     | scanner.engine                      | FILTERED | ORIENTELEC.NS        | signal=HOLD        | conf= 69.77 | acc=0.5290 | score=0.5170
2026-06-17 10:03:22 | INFO     | scanner.engine                      | PASSED   | NATCOPHARM.NS        | signal=SELL        | score=0.3118 | conf= 85.35 | acc=0.4710
2026-06-17 10:03:22 | INFO     | scanner.filters                     | FILTERED | ?                    | signal=SELL        | conf= 79.47 | acc=0.4928 | score=0.3886 | reason=avg_volume 27934 below MIN_AVG_VOLUME 500000
2026-06-17 10:03:22 | INFO     | scanner.engine                      | FILTERED | PFIZER.NS            | signal=SELL        | conf= 79.47 | acc=0.4928 | score=0.3886
2026-06-17 10:03:22 | INFO     | scanner.engine                      | Scan batch done: 50 processed, 15 passed filters
2026-06-17 10:03:22 | INFO     | scanner.engine                      | SCAN END   | id=5a3491a8_small_cap | category=Small Cap | scanned=102 | passed=15 | filtered=87
2026-06-17 10:03:22 | INFO     | scanner.background                  | ═══ SCAN RUN 5a3491a8 COMPLETED — 301/301 processed ═══
2026-06-21 21:23:22 | INFO     | __main__                            | App started / reloaded
2026-06-21 21:23:23 | INFO     | scanner.background                  | ═══ SCAN RUN eefb61fb STARTED — 301 stocks across 3 categories ═══
2026-06-21 21:23:23 | INFO     | scanner.engine                      | SCAN START | id=eefb61fb_large_cap | category=Large Cap | stocks=100
2026-06-21 21:23:23 | INFO     | scanner.engine                      | Parallel scan: 50 stocks / 8 workers
2026-06-21 21:23:44 | INFO     | news.api                            | News fetched for INFY.NS: 10 headlines
2026-06-21 21:23:44 | INFO     | news.api                            | News fetched for HDFCBANK.NS: 10 headlines
2026-06-21 21:23:44 | INFO     | news.api                            | News fetched for BHARTIARTL.NS: 10 headlines
2026-06-21 21:23:44 | INFO     | news.api                            | News fetched for HCLTECH.NS: 10 headlines
2026-06-21 21:23:44 | INFO     | news.api                            | News fetched for RELIANCE.NS: 10 headlines
2026-06-21 21:23:44 | INFO     | news.api                            | News fetched for TCS.NS: 10 headlines
2026-06-21 21:23:45 | INFO     | news.api                            | News fetched for ICICIBANK.NS: 10 headlines
2026-06-21 21:23:45 | INFO     | news.api                            | News fetched for SBIN.NS: 10 headlines
2026-06-21 21:24:20 | INFO     | __main__                            | App started / reloaded
2026-06-21 21:24:21 | INFO     | storage.recommendation_validation   | Validated 20MICRONS.NS         | Signal: HOLD        | CMP:   182.37 | Current:   184.14 | Return: +0.97% | ▲ SUCCESS
2026-06-21 21:24:21 | INFO     | storage.recommendation_validation   | Validated RELIGARE.NS          | Signal: HOLD        | CMP:   239.82 | Current:   253.40 | Return: +5.66% | ▲ FAILED
2026-06-21 21:24:21 | INFO     | storage.recommendation_validation   | Validated RELIGARE.NS          | Signal: HOLD        | CMP:   239.82 | Current:   253.40 | Return: +5.66% | ▲ FAILED
2026-06-21 21:24:22 | INFO     | storage.recommendation_validation   | Validated RELIANCE.NS          | Signal: SELL        | CMP:  1293.00 | Current:  1309.50 | Return: +1.28% | ▲ FAILED
2026-06-21 21:24:22 | INFO     | storage.recommendation_validation   | Validated RELIANCE.NS          | Signal: SELL        | CMP:  1293.00 | Current:  1309.50 | Return: +1.28% | ▲ FAILED
2026-06-21 21:24:24 | INFO     | storage.recommendation_validation   | Validated RELIANCE.NS          | Signal: SELL        | CMP:  1293.00 | Current:  1309.50 | Return: +1.28% | ▲ FAILED
2026-06-21 21:24:24 | INFO     | storage.recommendation_validation   | Validated SAREGAMA.NS          | Signal: HOLD        | CMP:   455.85 | Current:   465.90 | Return: +2.20% | ▲ SUCCESS
2026-06-21 21:24:27 | INFO     | storage.recommendation_validation   | Validated SAREGAMA.NS          | Signal: HOLD        | CMP:   455.85 | Current:   465.90 | Return: +2.20% | ▲ SUCCESS
2026-06-21 21:24:27 | INFO     | storage.recommendation_validation   | Validated IFCI.NS              | Signal: BUY         | CMP:    84.57 | Current:    85.73 | Return: +1.37% | ▲ SUCCESS
2026-06-21 21:24:27 | INFO     | storage.recommendation_validation   | Validated IFCI.NS              | Signal: BUY         | CMP:    84.57 | Current:    85.73 | Return: +1.37% | ▲ SUCCESS
2026-06-21 21:24:28 | INFO     | storage.recommendation_validation   | Validated IFCI.NS              | Signal: BUY         | CMP:    84.57 | Current:    85.73 | Return: +1.37% | ▲ SUCCESS
2026-06-21 21:24:28 | INFO     | storage.recommendation_validation   | Validated IFCI.NS              | Signal: BUY         | CMP:    84.57 | Current:    85.73 | Return: +1.37% | ▲ SUCCESS
2026-06-21 21:24:28 | INFO     | storage.recommendation_validation   | Validated IFCI.NS              | Signal: BUY         | CMP:    84.57 | Current:    85.73 | Return: +1.37% | ▲ SUCCESS
2026-06-21 21:24:29 | INFO     | storage.recommendation_validation   | Validated IFCI.NS              | Signal: BUY         | CMP:    84.57 | Current:    85.73 | Return: +1.37% | ▲ SUCCESS
2026-06-21 21:24:29 | INFO     | storage.recommendation_validation   | Validated IFCI.NS              | Signal: BUY         | CMP:    84.57 | Current:    85.73 | Return: +1.37% | ▲ SUCCESS
2026-06-21 21:24:30 | INFO     | storage.recommendation_validation   | Validated IFCI.NS              | Signal: BUY         | CMP:    84.57 | Current:    85.73 | Return: +1.37% | ▲ SUCCESS
2026-06-21 21:24:30 | INFO     | storage.recommendation_validation   | Validated 20MICRONS.NS         | Signal: HOLD        | CMP:   182.37 | Current:   184.14 | Return: +0.97% | ▲ SUCCESS
2026-06-21 21:24:30 | INFO     | storage.recommendation_validation   | Validated 20MICRONS.NS         | Signal: HOLD        | CMP:   182.37 | Current:   184.14 | Return: +0.97% | ▲ SUCCESS
2026-06-21 21:24:31 | INFO     | storage.recommendation_validation   | Validated 20MICRONS.NS         | Signal: HOLD        | CMP:   182.37 | Current:   184.14 | Return: +0.97% | ▲ SUCCESS
2026-06-21 21:24:31 | INFO     | storage.recommendation_validation   | Validated IFCI.NS              | Signal: BUY         | CMP:    84.57 | Current:    85.73 | Return: +1.37% | ▲ SUCCESS
2026-06-21 21:24:32 | INFO     | storage.recommendation_validation   | Validated IFCI.NS              | Signal: BUY         | CMP:    84.57 | Current:    85.73 | Return: +1.37% | ▲ SUCCESS
2026-06-21 21:24:32 | INFO     | storage.recommendation_validation   | Validated IFCI.NS              | Signal: BUY         | CMP:    84.57 | Current:    85.73 | Return: +1.37% | ▲ SUCCESS
2026-06-21 21:24:33 | INFO     | storage.recommendation_validation   | Validated 20MICRONS.NS         | Signal: HOLD        | CMP:   182.37 | Current:   184.14 | Return: +0.97% | ▲ SUCCESS
2026-06-21 21:24:33 | INFO     | storage.recommendation_validation   | Validated 20MICRONS.NS         | Signal: HOLD        | CMP:   182.37 | Current:   184.14 | Return: +0.97% | ▲ SUCCESS
2026-06-21 21:24:33 | INFO     | storage.recommendation_validation   | Validated 20MICRONS.NS         | Signal: HOLD        | CMP:   182.37 | Current:   184.14 | Return: +0.97% | ▲ SUCCESS
2026-06-21 21:24:34 | INFO     | storage.recommendation_validation   | Validated 20MICRONS.NS         | Signal: HOLD        | CMP:   182.37 | Current:   184.14 | Return: +0.97% | ▲ SUCCESS
2026-06-21 21:24:34 | INFO     | storage.recommendation_validation   | Validated ADANIENT.NS          | Signal: BUY         | CMP:  2921.60 | Current:  3038.40 | Return: +4.00% | ▲ SUCCESS
2026-06-21 21:24:34 | INFO     | storage.recommendation_validation   | Validation complete — 27 validated out of 27 pending
2026-06-21 21:24:43 | INFO     | news.sentiment                      | Loading FinBERT sentiment model...
2026-06-21 21:24:45 | INFO     | httpx                               | HTTP Request: HEAD https://huggingface.co/ProsusAI/finbert/resolve/main/config.json "HTTP/1.1 307 Temporary Redirect"
2026-06-21 21:24:45 | WARNING  | huggingface_hub.utils._http         | Warning: You are sending unauthenticated requests to the HF Hub. Please set a HF_TOKEN to enable higher rate limits and faster downloads.
2026-06-21 21:24:45 | INFO     | httpx                               | HTTP Request: HEAD https://huggingface.co/api/resolve-cache/models/ProsusAI/finbert/4556d13015211d73dccd3fdd39d39232506f3e43/config.json "HTTP/1.1 200 OK"
2026-06-21 21:24:45 | INFO     | httpx                               | HTTP Request: HEAD https://huggingface.co/ProsusAI/finbert/resolve/main/model.safetensors "HTTP/1.1 404 Not Found"
2026-06-21 21:24:46 | INFO     | httpx                               | HTTP Request: GET https://huggingface.co/api/models/ProsusAI/finbert "HTTP/1.1 200 OK"
2026-06-21 21:24:46 | INFO     | httpx                               | HTTP Request: GET https://huggingface.co/api/models/ProsusAI/finbert/commits/main "HTTP/1.1 200 OK"
2026-06-21 21:24:46 | INFO     | httpx                               | HTTP Request: GET https://huggingface.co/api/models/ProsusAI/finbert/discussions?p=0 "HTTP/1.1 200 OK"
2026-06-21 21:24:47 | INFO     | httpx                               | HTTP Request: HEAD https://huggingface.co/ProsusAI/finbert/resolve/main/model.safetensors "HTTP/1.1 404 Not Found"
2026-06-21 21:24:47 | INFO     | httpx                               | HTTP Request: GET https://huggingface.co/api/models/ProsusAI/finbert/commits/refs%2Fpr%2F29 "HTTP/1.1 200 OK"
2026-06-21 21:24:47 | INFO     | httpx                               | HTTP Request: GET https://huggingface.co/api/models/ProsusAI/finbert "HTTP/1.1 200 OK"
2026-06-21 21:24:47 | INFO     | httpx                               | HTTP Request: HEAD https://huggingface.co/ProsusAI/finbert/resolve/refs%2Fpr%2F29/model.safetensors.index.json "HTTP/1.1 404 Not Found"
2026-06-21 21:24:47 | INFO     | httpx                               | HTTP Request: HEAD https://huggingface.co/ProsusAI/finbert/resolve/refs%2Fpr%2F29/model.safetensors "HTTP/1.1 302 Found"
2026-06-21 21:24:47 | INFO     | httpx                               | HTTP Request: GET https://huggingface.co/api/models/ProsusAI/finbert/commits/main "HTTP/1.1 200 OK"
2026-06-21 21:24:47 | INFO     | httpx                               | HTTP Request: HEAD https://huggingface.co/ProsusAI/finbert/resolve/main/config.json "HTTP/1.1 307 Temporary Redirect"
2026-06-21 21:24:47 | INFO     | httpx                               | HTTP Request: GET https://huggingface.co/api/models/ProsusAI/finbert/discussions?p=0 "HTTP/1.1 200 OK"
2026-06-21 21:24:47 | INFO     | httpx                               | HTTP Request: HEAD https://huggingface.co/api/resolve-cache/models/ProsusAI/finbert/4556d13015211d73dccd3fdd39d39232506f3e43/config.json "HTTP/1.1 200 OK"
2026-06-21 21:24:48 | INFO     | httpx                               | HTTP Request: GET https://huggingface.co/api/models/ProsusAI/finbert/commits/refs%2Fpr%2F29 "HTTP/1.1 200 OK"
2026-06-21 21:24:48 | INFO     | httpx                               | HTTP Request: HEAD https://huggingface.co/ProsusAI/finbert/resolve/main/model.safetensors "HTTP/1.1 404 Not Found"
2026-06-21 21:24:48 | INFO     | httpx                               | HTTP Request: HEAD https://huggingface.co/ProsusAI/finbert/resolve/refs%2Fpr%2F29/model.safetensors.index.json "HTTP/1.1 404 Not Found"
2026-06-21 21:24:48 | INFO     | httpx                               | HTTP Request: HEAD https://huggingface.co/ProsusAI/finbert/resolve/main/config.json "HTTP/1.1 307 Temporary Redirect"
2026-06-21 21:24:48 | INFO     | httpx                               | HTTP Request: GET https://huggingface.co/api/models/ProsusAI/finbert "HTTP/1.1 200 OK"
2026-06-21 21:24:48 | INFO     | httpx                               | HTTP Request: HEAD https://huggingface.co/api/resolve-cache/models/ProsusAI/finbert/4556d13015211d73dccd3fdd39d39232506f3e43/config.json "HTTP/1.1 200 OK"
2026-06-21 21:24:48 | INFO     | httpx                               | HTTP Request: HEAD https://huggingface.co/ProsusAI/finbert/resolve/refs%2Fpr%2F29/model.safetensors "HTTP/1.1 302 Found"
2026-06-21 21:24:48 | INFO     | httpx                               | HTTP Request: GET https://huggingface.co/api/models/ProsusAI/finbert/commits/main "HTTP/1.1 200 OK"
2026-06-21 21:24:48 | INFO     | httpx                               | HTTP Request: HEAD https://huggingface.co/ProsusAI/finbert/resolve/main/model.safetensors "HTTP/1.1 404 Not Found"
2026-06-21 21:24:48 | ERROR    | news.sentiment                      | Failed to load FinBERT — falling back to TextBlob — ValueError: Could not load model ProsusAI/finbert with any of the following classes: (<class 'transformers.models.auto.modeling_auto.AutoModelForSequenceClassification'>, <class 'transformers.models.bert.modeling_bert.BertForSequenceClassification'>). See the original errors:

while loading with AutoModelForSequenceClassification, an error is thrown:
Traceback (most recent call last):
  File "C:\Python\Git\stock-prediction-app\venv\Lib\site-packages\transformers\pipelines\base.py", line 232, in load_model
    model = model_class.from_pretrained(model, **kwargs)
            ^^^^^^^^^^^^^^^^^^^^^^^^^^^^^^^^^^^^^^^^^^^^
  File "C:\Python\Git\stock-prediction-app\venv\Lib\site-packages\transformers\models\auto\auto_factory.py", line 405, in from_pretrained
    return model_class.from_pretrained(
           ^^^^^^^^^^^^^^^^^^^^^^^^^^^^
  File "C:\Python\Git\stock-prediction-app\venv\Lib\site-packages\transformers\modeling_utils.py", line 4219, in from_pretrained
    config, dtype = _get_dtype(
                    ^^^^^^^^^^^
  File "C:\Python\Git\stock-prediction-app\venv\Lib\site-packages\transformers\modeling_utils.py", line 848, in _get_dtype
    state_dict = load_state_dict(
                 ^^^^^^^^^^^^^^^^
  File "C:\Python\Git\stock-prediction-app\venv\Lib\site-packages\transformers\modeling_utils.py", line 374, in load_state_dict
    check_torch_load_is_safe()
  File "C:\Python\Git\stock-prediction-app\venv\Lib\site-packages\transformers\utils\import_utils.py", line 1384, in check_torch_load_is_safe
    raise ValueError(
ValueError: Due to a serious vulnerability issue in `torch.load`, even with `weights_only=True`, we now require users to upgrade torch to at least v2.6 in order to use the function. This version restriction does not apply when loading files with safetensors.
See the vulnerability report here https://nvd.nist.gov/vuln/detail/CVE-2025-32434

During handling of the above exception, another exception occurred:

Traceback (most recent call last):
  File "C:\Python\Git\stock-prediction-app\venv\Lib\site-packages\transformers\pipelines\base.py", line 248, in load_model
    model = model_class.from_pretrained(model, **fp32_kwargs)
            ^^^^^^^^^^^^^^^^^^^^^^^^^^^^^^^^^^^^^^^^^^^^^^^^^
  File "C:\Python\Git\stock-prediction-app\venv\Lib\site-packages\transformers\models\auto\auto_factory.py", line 405, in from_pretrained
    return model_class.from_pretrained(
           ^^^^^^^^^^^^^^^^^^^^^^^^^^^^
  File "C:\Python\Git\stock-prediction-app\venv\Lib\site-packages\transformers\modeling_utils.py", line 4296, in from_pretrained
    loading_info, disk_offload_index = cls._load_pretrained_model(model, state_dict, checkpoint_files, load_config)
                                       ^^^^^^^^^^^^^^^^^^^^^^^^^^^^^^^^^^^^^^^^^^^^^^^^^^^^^^^^^^^^^^^^^^^^^^^^^^^^
  File "C:\Python\Git\stock-prediction-app\venv\Lib\site-packages\transformers\modeling_utils.py", line 4422, in _load_pretrained_model
    merged_state_dict.update(load_state_dict(ckpt_file, disable_mmap=load_config.disable_mmap))
                             ^^^^^^^^^^^^^^^^^^^^^^^^^^^^^^^^^^^^^^^^^^^^^^^^^^^^^^^^^^^^^^^^^
  File "C:\Python\Git\stock-prediction-app\venv\Lib\site-packages\transformers\modeling_utils.py", line 374, in load_state_dict
    check_torch_load_is_safe()
  File "C:\Python\Git\stock-prediction-app\venv\Lib\site-packages\transformers\utils\import_utils.py", line 1384, in check_torch_load_is_safe
    raise ValueError(
ValueError: Due to a serious vulnerability issue in `torch.load`, even with `weights_only=True`, we now require users to upgrade torch to at least v2.6 in order to use the function. This version restriction does not apply when loading files with safetensors.
See the vulnerability report here https://nvd.nist.gov/vuln/detail/CVE-2025-32434

while loading with BertForSequenceClassification, an error is thrown:
Traceback (most recent call last):
  File "C:\Python\Git\stock-prediction-app\venv\Lib\site-packages\transformers\pipelines\base.py", line 232, in load_model
    model = model_class.from_pretrained(model, **kwargs)
            ^^^^^^^^^^^^^^^^^^^^^^^^^^^^^^^^^^^^^^^^^^^^
  File "C:\Python\Git\stock-prediction-app\venv\Lib\site-packages\transformers\modeling_utils.py", line 4219, in from_pretrained
    config, dtype = _get_dtype(
                    ^^^^^^^^^^^
  File "C:\Python\Git\stock-prediction-app\venv\Lib\site-packages\transformers\modeling_utils.py", line 848, in _get_dtype
    state_dict = load_state_dict(
                 ^^^^^^^^^^^^^^^^
  File "C:\Python\Git\stock-prediction-app\venv\Lib\site-packages\transformers\modeling_utils.py", line 374, in load_state_dict
    check_torch_load_is_safe()
  File "C:\Python\Git\stock-prediction-app\venv\Lib\site-packages\transformers\utils\import_utils.py", line 1384, in check_torch_load_is_safe
    raise ValueError(
ValueError: Due to a serious vulnerability issue in `torch.load`, even with `weights_only=True`, we now require users to upgrade torch to at least v2.6 in order to use the function. This version restriction does not apply when loading files with safetensors.
See the vulnerability report here https://nvd.nist.gov/vuln/detail/CVE-2025-32434

During handling of the above exception, another exception occurred:

Traceback (most recent call last):
  File "C:\Python\Git\stock-prediction-app\venv\Lib\site-packages\transformers\pipelines\base.py", line 248, in load_model
    model = model_class.from_pretrained(model, **fp32_kwargs)
            ^^^^^^^^^^^^^^^^^^^^^^^^^^^^^^^^^^^^^^^^^^^^^^^^^
  File "C:\Python\Git\stock-prediction-app\venv\Lib\site-packages\transformers\modeling_utils.py", line 4296, in from_pretrained
    loading_info, disk_offload_index = cls._load_pretrained_model(model, state_dict, checkpoint_files, load_config)
                                       ^^^^^^^^^^^^^^^^^^^^^^^^^^^^^^^^^^^^^^^^^^^^^^^^^^^^^^^^^^^^^^^^^^^^^^^^^^^^
  File "C:\Python\Git\stock-prediction-app\venv\Lib\site-packages\transformers\modeling_utils.py", line 4422, in _load_pretrained_model
    merged_state_dict.update(load_state_dict(ckpt_file, disable_mmap=load_config.disable_mmap))
                             ^^^^^^^^^^^^^^^^^^^^^^^^^^^^^^^^^^^^^^^^^^^^^^^^^^^^^^^^^^^^^^^^^
  File "C:\Python\Git\stock-prediction-app\venv\Lib\site-packages\transformers\modeling_utils.py", line 374, in load_state_dict
    check_torch_load_is_safe()
  File "C:\Python\Git\stock-prediction-app\venv\Lib\site-packages\transformers\utils\import_utils.py", line 1384, in check_torch_load_is_safe
    raise ValueError(
ValueError: Due to a serious vulnerability issue in `torch.load`, even with `weights_only=True`, we now require users to upgrade torch to at least v2.6 in order to use the function. This version restriction does not apply when loading files with safetensors.
See the vulnerability report here https://nvd.nist.gov/vuln/detail/CVE-2025-32434



2026-06-21 21:24:49 | INFO     | httpx                               | HTTP Request: GET https://huggingface.co/api/models/ProsusAI/finbert "HTTP/1.1 200 OK"
2026-06-21 21:24:49 | INFO     | httpx                               | HTTP Request: GET https://huggingface.co/api/models/ProsusAI/finbert/discussions?p=0 "HTTP/1.1 200 OK"
2026-06-21 21:24:49 | INFO     | httpx                               | HTTP Request: GET https://huggingface.co/api/models/ProsusAI/finbert/commits/refs%2Fpr%2F29 "HTTP/1.1 200 OK"
2026-06-21 21:24:49 | INFO     | httpx                               | HTTP Request: GET https://huggingface.co/api/models/ProsusAI/finbert/commits/main "HTTP/1.1 200 OK"
2026-06-21 21:24:49 | INFO     | httpx                               | HTTP Request: HEAD https://huggingface.co/ProsusAI/finbert/resolve/refs%2Fpr%2F29/model.safetensors.index.json "HTTP/1.1 404 Not Found"
2026-06-21 21:24:49 | INFO     | httpx                               | HTTP Request: GET https://huggingface.co/api/models/ProsusAI/finbert/discussions?p=0 "HTTP/1.1 200 OK"
2026-06-21 21:24:50 | INFO     | httpx                               | HTTP Request: HEAD https://huggingface.co/ProsusAI/finbert/resolve/refs%2Fpr%2F29/model.safetensors "HTTP/1.1 302 Found"
2026-06-21 21:24:50 | INFO     | httpx                               | HTTP Request: GET https://huggingface.co/api/models/ProsusAI/finbert/commits/refs%2Fpr%2F29 "HTTP/1.1 200 OK"
2026-06-21 21:24:50 | INFO     | httpx                               | HTTP Request: HEAD https://huggingface.co/ProsusAI/finbert/resolve/refs%2Fpr%2F29/model.safetensors.index.json "HTTP/1.1 404 Not Found"
2026-06-21 21:24:51 | INFO     | httpx                               | HTTP Request: HEAD https://huggingface.co/ProsusAI/finbert/resolve/refs%2Fpr%2F29/model.safetensors "HTTP/1.1 302 Found"
2026-06-21 21:24:52 | INFO     | scanner.engine                      | PASSED   | ICICIBANK.NS         | signal=BUY         | score=0.5941 | conf= 78.00 | acc=0.5870
2026-06-21 21:24:53 | INFO     | scanner.engine                      | PASSED   | HCLTECH.NS           | signal=SELL        | score=0.3859 | conf= 87.34 | acc=0.3478
2026-06-21 21:24:53 | INFO     | scanner.engine                      | PASSED   | SBIN.NS              | signal=HOLD        | score=0.4945 | conf= 69.66 | acc=0.5072
2026-06-21 21:24:53 | INFO     | scanner.engine                      | PASSED   | BHARTIARTL.NS        | signal=HOLD        | score=0.5087 | conf= 80.17 | acc=0.5652
2026-06-21 21:24:53 | INFO     | scanner.engine                      | PASSED   | TCS.NS               | signal=SELL        | score=0.3867 | conf= 80.43 | acc=0.3841
2026-06-21 21:24:53 | INFO     | scanner.engine                      | PASSED   | RELIANCE.NS          | signal=SELL        | score=0.3610 | conf= 83.25 | acc=0.5000
2026-06-21 21:24:53 | INFO     | scanner.engine                      | PASSED   | INFY.NS              | signal=SELL        | score=0.3429 | conf= 76.70 | acc=0.3551
2026-06-21 21:24:53 | INFO     | scanner.engine                      | PASSED   | HDFCBANK.NS          | signal=HOLD        | score=0.5119 | conf= 79.12 | acc=0.5725
2026-06-21 21:25:07 | INFO     | news.api                            | News fetched for WIPRO.NS: 10 headlines
2026-06-21 21:25:10 | INFO     | news.api                            | News fetched for LT.NS: 10 headlines
2026-06-21 21:25:10 | INFO     | scanner.engine                      | PASSED   | WIPRO.NS             | signal=STRONG SELL | score=0.2697 | conf= 76.64 | acc=0.5507
2026-06-21 21:25:10 | INFO     | news.api                            | News fetched for ASIANPAINT.NS: 0 headlines
2026-06-21 21:25:10 | INFO     | __main__                            | App started / reloaded
2026-06-21 21:25:11 | INFO     | news.api                            | News fetched for BAJAJ-AUTO.NS: 10 headlines
2026-06-21 21:25:11 | INFO     | scanner.engine                      | PASSED   | LT.NS                | signal=BUY         | score=0.5860 | conf= 74.00 | acc=0.4420
2026-06-21 21:25:11 | INFO     | news.api                            | News fetched for ADANIENT.NS: 10 headlines
2026-06-21 21:25:12 | INFO     | news.api                            | News fetched for APOLLOHOSP.NS: 10 headlines
2026-06-21 21:25:12 | INFO     | news.api                            | News fetched for ADANIPORTS.NS: 10 headlines
2026-06-21 21:25:12 | INFO     | news.api                            | News fetched for AXISBANK.NS: 10 headlines
2026-06-21 21:25:13 | INFO     | scanner.engine                      | PASSED   | ASIANPAINT.NS        | signal=HOLD        | score=0.5624 | conf= 69.99 | acc=0.5652
2026-06-21 21:25:14 | INFO     | scanner.filters                     | FILTERED | ?                    | signal=HOLD        | conf= 80.44 | acc=0.6087 | score=0.4817 | reason=avg_volume 339967 below MIN_AVG_VOLUME 500000
2026-06-21 21:25:14 | INFO     | scanner.engine                      | PASSED   | ADANIENT.NS          | signal=BUY         | score=0.6288 | conf= 75.89 | acc=0.4565
2026-06-21 21:25:14 | INFO     | scanner.engine                      | FILTERED | BAJAJ-AUTO.NS        | signal=HOLD        | conf= 80.44 | acc=0.6087 | score=0.4817
2026-06-21 21:25:15 | INFO     | scanner.filters                     | FILTERED | ?                    | signal=HOLD        | conf= 72.34 | acc=0.4783 | score=0.5358 | reason=avg_volume 372321 below MIN_AVG_VOLUME 500000
2026-06-21 21:25:15 | INFO     | scanner.engine                      | FILTERED | APOLLOHOSP.NS        | signal=HOLD        | conf= 72.34 | acc=0.4783 | score=0.5358
2026-06-21 21:25:15 | INFO     | scanner.engine                      | PASSED   | ADANIPORTS.NS        | signal=HOLD        | score=0.5759 | conf= 76.49 | acc=0.4130
2026-06-21 21:25:15 | INFO     | scanner.engine                      | PASSED   | AXISBANK.NS          | signal=HOLD        | score=0.5711 | conf= 87.79 | acc=0.5362
2026-06-21 21:25:24 | INFO     | news.api                            | News fetched for BAJFINANCE.NS: 10 headlines
2026-06-21 21:25:25 | INFO     | news.api                            | News fetched for BAJAJFINSV.NS: 10 headlines
2026-06-21 21:25:26 | INFO     | scanner.engine                      | PASSED   | BAJFINANCE.NS        | signal=HOLD        | score=0.5398 | conf= 74.17 | acc=0.5145
2026-06-21 21:25:27 | INFO     | scanner.engine                      | PASSED   | BAJAJFINSV.NS        | signal=HOLD        | score=0.4963 | conf= 77.12 | acc=0.3986
2026-06-21 21:25:29 | INFO     | news.api                            | News fetched for BEL.NS: 10 headlines
2026-06-21 21:25:29 | INFO     | news.api                            | News fetched for BPCL.NS: 10 headlines
2026-06-21 21:25:30 | INFO     | news.api                            | News fetched for BRITANNIA.NS: 10 headlines
2026-06-21 21:25:30 | INFO     | news.api                            | News fetched for CIPLA.NS: 10 headlines
2026-06-21 21:25:31 | INFO     | news.api                            | News fetched for COALINDIA.NS: 10 headlines
2026-06-21 21:25:31 | INFO     | news.api                            | News fetched for DRREDDY.NS: 10 headlines
2026-06-21 21:25:32 | INFO     | scanner.engine                      | PASSED   | BEL.NS               | signal=HOLD        | score=0.4798 | conf= 84.27 | acc=0.5797
2026-06-21 21:25:32 | INFO     | scanner.filters                     | FILTERED | ?                    | signal=SELL        | conf= 58.18 | acc=0.4783 | score=0.3336 | reason=avg_volume 275522 below MIN_AVG_VOLUME 500000
2026-06-21 21:25:32 | INFO     | scanner.engine                      | FILTERED | BRITANNIA.NS         | signal=SELL        | conf= 58.18 | acc=0.4783 | score=0.3336
2026-06-21 21:25:32 | INFO     | scanner.engine                      | PASSED   | BPCL.NS              | signal=HOLD        | score=0.4420 | conf= 82.80 | acc=0.5145
2026-06-21 21:25:33 | INFO     | scanner.engine                      | PASSED   | CIPLA.NS             | signal=HOLD        | score=0.4727 | conf= 75.14 | acc=0.4783
2026-06-21 21:25:33 | INFO     | scanner.engine                      | PASSED   | COALINDIA.NS         | signal=HOLD        | score=0.4257 | conf= 74.21 | acc=0.5580
2026-06-21 21:25:33 | INFO     | scanner.engine                      | PASSED   | DRREDDY.NS           | signal=SELL        | score=0.3834 | conf= 73.54 | acc=0.5000
2026-06-21 21:25:41 | INFO     | news.api                            | News fetched for EICHERMOT.NS: 10 headlines
2026-06-21 21:25:41 | INFO     | news.api                            | News fetched for GRASIM.NS: 10 headlines
2026-06-21 21:25:43 | INFO     | scanner.filters                     | FILTERED | ?                    | signal=BUY         | conf= 76.88 | acc=0.4783 | score=0.5955 | reason=avg_volume 491247 below MIN_AVG_VOLUME 500000
2026-06-21 21:25:43 | INFO     | scanner.engine                      | FILTERED | EICHERMOT.NS         | signal=BUY         | conf= 76.88 | acc=0.4783 | score=0.5955
2026-06-21 21:25:43 | INFO     | scanner.engine                      | PASSED   | GRASIM.NS            | signal=HOLD        | score=0.5349 | conf= 74.96 | acc=0.4565
2026-06-21 21:25:47 | INFO     | news.api                            | News fetched for HEROMOTOCO.NS: 10 headlines
2026-06-21 21:25:48 | INFO     | news.api                            | News fetched for HINDALCO.NS: 10 headlines
2026-06-21 21:25:48 | INFO     | news.api                            | News fetched for HINDUNILVR.NS: 10 headlines
2026-06-21 21:25:49 | INFO     | news.api                            | News fetched for HDFCLIFE.NS: 10 headlines
2026-06-21 21:25:49 | INFO     | news.api                            | News fetched for INDUSINDBK.NS: 10 headlines
2026-06-21 21:25:49 | INFO     | news.api                            | News fetched for ITC.NS: 10 headlines
2026-06-21 21:25:50 | INFO     | scanner.filters                     | FILTERED | ?                    | signal=HOLD        | conf= 74.75 | acc=0.5362 | score=0.4347 | reason=avg_volume 479510 below MIN_AVG_VOLUME 500000
2026-06-21 21:25:50 | INFO     | scanner.engine                      | FILTERED | HEROMOTOCO.NS        | signal=HOLD        | conf= 74.75 | acc=0.5362 | score=0.4347
2026-06-21 21:25:50 | INFO     | scanner.engine                      | PASSED   | HINDALCO.NS          | signal=HOLD        | score=0.4230 | conf= 62.36 | acc=0.4928
2026-06-21 21:25:51 | INFO     | scanner.engine                      | PASSED   | HINDUNILVR.NS        | signal=HOLD        | score=0.4563 | conf= 64.26 | acc=0.5725
2026-06-21 21:25:51 | INFO     | scanner.engine                      | PASSED   | HDFCLIFE.NS          | signal=SELL        | score=0.4191 | conf= 72.93 | acc=0.4710
2026-06-21 21:25:52 | INFO     | scanner.engine                      | PASSED   | ITC.NS               | signal=HOLD        | score=0.4532 | conf= 71.55 | acc=0.6304
2026-06-21 21:25:52 | INFO     | scanner.engine                      | PASSED   | INDUSINDBK.NS        | signal=HOLD        | score=0.5602 | conf= 92.69 | acc=0.4928
2026-06-21 21:25:57 | INFO     | news.api                            | News fetched for KOTAKBANK.NS: 10 headlines
2026-06-21 21:25:57 | INFO     | news.api                            | News fetched for JSWSTEEL.NS: 10 headlines
2026-06-21 21:26:00 | INFO     | scanner.engine                      | PASSED   | KOTAKBANK.NS         | signal=HOLD        | score=0.5693 | conf= 81.61 | acc=0.5725
2026-06-21 21:26:01 | INFO     | scanner.engine                      | PASSED   | JSWSTEEL.NS          | signal=HOLD        | score=0.5078 | conf= 78.50 | acc=0.4565
2026-06-21 21:26:06 | INFO     | news.api                            | News fetched for M&M.NS: 10 headlines
2026-06-21 21:26:07 | INFO     | news.api                            | News fetched for MARUTI.NS: 10 headlines
2026-06-21 21:26:07 | INFO     | news.api                            | News fetched for NESTLEIND.NS: 10 headlines
2026-06-21 21:26:07 | INFO     | news.api                            | News fetched for NTPC.NS: 10 headlines
2026-06-21 21:26:08 | INFO     | news.api                            | News fetched for ONGC.NS: 10 headlines
2026-06-21 21:26:09 | INFO     | scanner.engine                      | PASSED   | M&M.NS               | signal=SELL        | score=0.3994 | conf= 73.63 | acc=0.5580
2026-06-21 21:26:10 | INFO     | news.api                            | News fetched for POWERGRID.NS: 10 headlines
2026-06-21 21:26:10 | INFO     | scanner.filters                     | FILTERED | ?                    | signal=HOLD        | conf= 78.41 | acc=0.4928 | score=0.4662 | reason=avg_volume 379772 below MIN_AVG_VOLUME 500000
2026-06-21 21:26:10 | INFO     | scanner.engine                      | FILTERED | MARUTI.NS            | signal=HOLD        | conf= 78.41 | acc=0.4928 | score=0.4662
2026-06-21 21:26:10 | INFO     | scanner.engine                      | PASSED   | NTPC.NS              | signal=HOLD        | score=0.4221 | conf= 64.13 | acc=0.5145
2026-06-21 21:26:11 | INFO     | scanner.engine                      | PASSED   | NESTLEIND.NS         | signal=HOLD        | score=0.5074 | conf= 75.34 | acc=0.5217
2026-06-21 21:26:11 | INFO     | scanner.engine                      | PASSED   | ONGC.NS              | signal=SELL        | score=0.2901 | conf= 71.20 | acc=0.4565
2026-06-21 21:26:12 | INFO     | scanner.engine                      | PASSED   | POWERGRID.NS         | signal=HOLD        | score=0.4531 | conf= 81.89 | acc=0.5217
2026-06-21 21:26:13 | ERROR    | yfinance                            | HTTP Error 404: {"quoteSummary":{"result":null,"error":{"code":"Not Found","description":"Quote not found for symbol: TATAMOTORS.NS"}}}
2026-06-21 21:26:15 | ERROR    | yfinance                            | $TATAMOTORS.NS: possibly delisted; no price data found  (period=1y) (Yahoo error = "No data found, symbol may be delisted")
2026-06-21 21:26:15 | ERROR    | yfinance                            | 
1 Failed download:
2026-06-21 21:26:15 | ERROR    | yfinance                            | ['TATAMOTORS.NS']: possibly delisted; no price data found  (period=1y) (Yahoo error = "No data found, symbol may be delisted")
2026-06-21 21:26:15 | WARNING  | scanner.engine                      | TATAMOTORS.NS: no data returned
2026-06-21 21:26:15 | INFO     | news.api                            | News fetched for SHRIRAMFIN.NS: 10 headlines
2026-06-21 21:26:16 | INFO     | news.api                            | News fetched for SBILIFE.NS: 10 headlines
2026-06-21 21:26:18 | INFO     | scanner.engine                      | PASSED   | SHRIRAMFIN.NS        | signal=HOLD        | score=0.4991 | conf= 73.61 | acc=0.5000
2026-06-21 21:26:19 | INFO     | scanner.engine                      | PASSED   | SBILIFE.NS           | signal=SELL        | score=0.4181 | conf= 66.46 | acc=0.4565
2026-06-21 21:26:23 | INFO     | news.api                            | News fetched for SUNPHARMA.NS: 10 headlines
2026-06-21 21:26:23 | INFO     | news.api                            | News fetched for TATACONSUM.NS: 10 headlines
2026-06-21 21:26:24 | INFO     | news.api                            | News fetched for TATASTEEL.NS: 10 headlines
2026-06-21 21:26:25 | INFO     | news.api                            | News fetched for TECHM.NS: 10 headlines
2026-06-21 21:26:25 | INFO     | news.api                            | News fetched for TITAN.NS: 10 headlines
2026-06-21 21:26:26 | INFO     | scanner.engine                      | PASSED   | SUNPHARMA.NS         | signal=HOLD        | score=0.5114 | conf= 73.89 | acc=0.5870
2026-06-21 21:26:26 | INFO     | scanner.engine                      | PASSED   | TATACONSUM.NS        | signal=SELL        | score=0.3332 | conf= 75.51 | acc=0.5580
2026-06-21 21:26:27 | INFO     | scanner.engine                      | PASSED   | TECHM.NS             | signal=HOLD        | score=0.4509 | conf= 84.33 | acc=0.4710
2026-06-21 21:26:27 | INFO     | scanner.engine                      | PASSED   | TATASTEEL.NS         | signal=SELL        | score=0.3810 | conf= 76.18 | acc=0.4783
2026-06-21 21:26:27 | INFO     | scanner.engine                      | PASSED   | TITAN.NS             | signal=HOLD        | score=0.5477 | conf= 71.98 | acc=0.5435
2026-06-21 21:26:29 | INFO     | __main__                            | App started / reloaded
2026-06-21 21:26:29 | INFO     | __main__                            | App started / reloaded
2026-06-21 21:26:29 | INFO     | news.api                            | News fetched for TRENT.NS: 10 headlines
2026-06-21 21:26:30 | INFO     | news.api                            | News fetched for ULTRACEMCO.NS: 10 headlines
2026-06-21 21:26:31 | INFO     | scanner.filters                     | FILTERED | ?                    | signal=BUY         | conf= 74.10 | acc=0.4565 | score=0.5908 | reason=RSI 75.3 outside [35, 70]
2026-06-21 21:26:31 | INFO     | scanner.engine                      | FILTERED | TRENT.NS             | signal=BUY         | conf= 74.10 | acc=0.4565 | score=0.5908
2026-06-21 21:26:31 | INFO     | scanner.filters                     | FILTERED | ?                    | signal=HOLD        | conf= 85.87 | acc=0.5145 | score=0.4236 | reason=avg_volume 314891 below MIN_AVG_VOLUME 500000
2026-06-21 21:26:31 | INFO     | scanner.engine                      | FILTERED | ULTRACEMCO.NS        | signal=HOLD        | conf= 85.87 | acc=0.5145 | score=0.4236
2026-06-21 21:26:31 | INFO     | scanner.engine                      | Scan batch done: 50 processed, 41 passed filters
2026-06-21 21:26:31 | INFO     | scanner.engine                      | SCAN END   | id=eefb61fb_large_cap | category=Large Cap | scanned=100 | passed=41 | filtered=59
2026-06-21 21:26:31 | INFO     | scanner.engine                      | SCAN START | id=eefb61fb_mid_cap | category=Mid Cap | stocks=100
2026-06-21 21:26:31 | INFO     | scanner.engine                      | Parallel scan: 50 stocks / 8 workers
2026-06-21 21:26:41 | INFO     | __main__                            | App started / reloaded
2026-06-21 21:26:42 | INFO     | news.api                            | News fetched for DIXON.NS: 10 headlines
2026-06-21 21:26:43 | INFO     | news.api                            | News fetched for LTTS.NS: 10 headlines
2026-06-21 21:26:43 | INFO     | news.api                            | News fetched for MPHASIS.NS: 10 headlines
2026-06-21 21:26:44 | INFO     | news.api                            | News fetched for PERSISTENT.NS: 10 headlines
2026-06-21 21:26:44 | INFO     | news.api                            | News fetched for PAGEIND.NS: 10 headlines
2026-06-21 21:26:44 | INFO     | news.api                            | News fetched for FEDERALBNK.NS: 10 headlines
2026-06-21 21:26:44 | INFO     | news.api                            | News fetched for TATAELXSI.NS: 10 headlines
2026-06-21 21:26:45 | INFO     | news.api                            | News fetched for COFORGE.NS: 10 headlines
2026-06-21 21:26:45 | INFO     | scanner.engine                      | PASSED   | DIXON.NS             | signal=HOLD        | score=0.5570 | conf= 72.05 | acc=0.5000
2026-06-21 21:26:45 | INFO     | scanner.filters                     | FILTERED | ?                    | signal=HOLD        | conf= 74.20 | acc=0.4638 | score=0.4307 | reason=avg_volume 470498 below MIN_AVG_VOLUME 500000
2026-06-21 21:26:45 | INFO     | scanner.engine                      | FILTERED | MPHASIS.NS           | signal=HOLD        | conf= 74.20 | acc=0.4638 | score=0.4307
2026-06-21 21:26:46 | INFO     | scanner.filters                     | FILTERED | ?                    | signal=BUY         | conf= 85.73 | acc=0.5145 | score=0.6029 | reason=avg_volume 28927 below MIN_AVG_VOLUME 500000
2026-06-21 21:26:46 | INFO     | scanner.engine                      | FILTERED | PAGEIND.NS           | signal=BUY         | conf= 85.73 | acc=0.5145 | score=0.6029
2026-06-21 21:26:46 | INFO     | scanner.filters                     | FILTERED | ?                    | signal=HOLD        | conf= 80.91 | acc=0.4565 | score=0.4274 | reason=avg_volume 116816 below MIN_AVG_VOLUME 500000
2026-06-21 21:26:46 | INFO     | scanner.engine                      | FILTERED | LTTS.NS              | signal=HOLD        | conf= 80.91 | acc=0.4565 | score=0.4274
2026-06-21 21:26:46 | INFO     | scanner.engine                      | PASSED   | PERSISTENT.NS        | signal=SELL        | score=0.3957 | conf= 78.22 | acc=0.5072
2026-06-21 21:26:46 | INFO     | scanner.filters                     | FILTERED | 2026-06-19 00:00:00  | signal=BUY         | conf= 63.93 | acc=0.3623 | score=0.6491 | reason=accuracy 0.3623 below MIN_ACCURACY 0.44
2026-06-21 21:26:46 | INFO     | scanner.engine                      | FILTERED | FEDERALBNK.NS        | signal=BUY         | conf= 63.93 | acc=0.3623 | score=0.6491
2026-06-21 21:26:46 | INFO     | scanner.filters                     | FILTERED | ?                    | signal=SELL        | conf= 85.61 | acc=0.6159 | score=0.3625 | reason=avg_volume 275013 below MIN_AVG_VOLUME 500000
2026-06-21 21:26:46 | INFO     | scanner.engine                      | FILTERED | TATAELXSI.NS         | signal=SELL        | conf= 85.61 | acc=0.6159 | score=0.3625
2026-06-21 21:26:47 | INFO     | scanner.engine                      | PASSED   | COFORGE.NS           | signal=HOLD        | score=0.4747 | conf= 68.79 | acc=0.4565
2026-06-21 21:26:59 | INFO     | news.api                            | News fetched for AUBANK.NS: 10 headlines
2026-06-21 21:26:59 | INFO     | news.api                            | News fetched for KPITTECH.NS: 10 headlines
2026-06-21 21:26:59 | INFO     | news.api                            | News fetched for ABCAPITAL.NS: 10 headlines
2026-06-21 21:27:00 | INFO     | news.api                            | News fetched for ABFRL.NS: 10 headlines
2026-06-21 21:27:00 | INFO     | news.api                            | News fetched for ACC.NS: 10 headlines
2026-06-21 21:27:00 | INFO     | news.api                            | News fetched for AIAENG.NS: 10 headlines
2026-06-21 21:27:00 | INFO     | news.api                            | News fetched for AJANTPHARM.NS: 10 headlines
2026-06-21 21:27:01 | INFO     | news.api                            | News fetched for ALKEM.NS: 10 headlines
2026-06-21 21:27:01 | INFO     | scanner.engine                      | PASSED   | AUBANK.NS            | signal=HOLD        | score=0.5096 | conf= 77.88 | acc=0.5580
2026-06-21 21:27:01 | INFO     | __main__                            | App started / reloaded
2026-06-21 21:27:01 | INFO     | scanner.engine                      | PASSED   | KPITTECH.NS          | signal=HOLD        | score=0.4372 | conf= 74.75 | acc=0.4928
2026-06-21 21:27:01 | INFO     | scanner.engine                      | PASSED   | ABFRL.NS             | signal=SELL        | score=0.4158 | conf= 68.71 | acc=0.5000
2026-06-21 21:27:02 | INFO     | scanner.engine                      | PASSED   | ABCAPITAL.NS         | signal=BUY         | score=0.5851 | conf= 90.50 | acc=0.5725
2026-06-21 21:27:02 | INFO     | scanner.filters                     | FILTERED | ?                    | signal=SELL        | conf= 77.59 | acc=0.5435 | score=0.4157 | reason=avg_volume 172792 below MIN_AVG_VOLUME 500000
2026-06-21 21:27:02 | INFO     | scanner.engine                      | FILTERED | ACC.NS               | signal=SELL        | conf= 77.59 | acc=0.5435 | score=0.4157
2026-06-21 21:27:02 | INFO     | scanner.filters                     | FILTERED | ?                    | signal=HOLD        | conf= 74.27 | acc=0.4710 | score=0.5624 | reason=avg_volume 145472 below MIN_AVG_VOLUME 500000
2026-06-21 21:27:02 | INFO     | scanner.engine                      | FILTERED | AIAENG.NS            | signal=HOLD        | conf= 74.27 | acc=0.4710 | score=0.5624
2026-06-21 21:27:02 | INFO     | scanner.filters                     | FILTERED | ?                    | signal=HOLD        | conf= 78.32 | acc=0.5580 | score=0.4373 | reason=avg_volume 116753 below MIN_AVG_VOLUME 500000
2026-06-21 21:27:03 | INFO     | scanner.engine                      | FILTERED | ALKEM.NS             | signal=HOLD        | conf= 78.32 | acc=0.5580 | score=0.4373
2026-06-21 21:27:03 | INFO     | scanner.filters                     | FILTERED | ?                    | signal=HOLD        | conf= 82.04 | acc=0.6087 | score=0.5378 | reason=avg_volume 113665 below MIN_AVG_VOLUME 500000
2026-06-21 21:27:03 | INFO     | scanner.engine                      | FILTERED | AJANTPHARM.NS        | signal=HOLD        | conf= 82.04 | acc=0.6087 | score=0.5378
2026-06-21 21:27:14 | INFO     | news.api                            | News fetched for ASHOKLEY.NS: 10 headlines
2026-06-21 21:27:14 | INFO     | news.api                            | News fetched for APOLLOTYRE.NS: 10 headlines
2026-06-21 21:27:15 | INFO     | news.api                            | News fetched for AUROPHARMA.NS: 10 headlines
2026-06-21 21:27:15 | INFO     | scanner.engine                      | PASSED   | ASHOKLEY.NS          | signal=HOLD        | score=0.4406 | conf= 84.68 | acc=0.4565
2026-06-21 21:27:16 | INFO     | scanner.engine                      | PASSED   | APOLLOTYRE.NS        | signal=HOLD        | score=0.4811 | conf= 84.22 | acc=0.5362
2026-06-21 21:27:16 | INFO     | news.api                            | News fetched for ASTRAL.NS: 10 headlines
2026-06-21 21:27:16 | INFO     | news.api                            | News fetched for BANDHANBNK.NS: 10 headlines
2026-06-21 21:27:16 | INFO     | scanner.engine                      | PASSED   | AUROPHARMA.NS        | signal=HOLD        | score=0.5407 | conf= 79.76 | acc=0.4348
2026-06-21 21:27:17 | INFO     | news.api                            | News fetched for BATAINDIA.NS: 10 headlines
2026-06-21 21:27:17 | INFO     | news.api                            | News fetched for BALKRISIND.NS: 10 headlines
2026-06-21 21:27:18 | INFO     | news.api                            | News fetched for BHEL.NS: 10 headlines
2026-06-21 21:27:18 | INFO     | scanner.engine                      | PASSED   | ASTRAL.NS            | signal=HOLD        | score=0.4489 | conf= 79.62 | acc=0.5435
2026-06-21 21:27:19 | INFO     | scanner.engine                      | PASSED   | BANDHANBNK.NS        | signal=BUY         | score=0.5863 | conf= 82.94 | acc=0.4783
2026-06-21 21:27:19 | INFO     | scanner.engine                      | PASSED   | BATAINDIA.NS         | signal=HOLD        | score=0.4865 | conf= 90.30 | acc=0.6304
2026-06-21 21:27:20 | INFO     | scanner.engine                      | PASSED   | BHEL.NS              | signal=HOLD        | score=0.5650 | conf= 70.31 | acc=0.5145
2026-06-21 21:27:20 | INFO     | scanner.filters                     | FILTERED | ?                    | signal=HOLD        | conf= 81.53 | acc=0.5072 | score=0.4265 | reason=avg_volume 213538 below MIN_AVG_VOLUME 500000
2026-06-21 21:27:20 | INFO     | scanner.engine                      | FILTERED | BALKRISIND.NS        | signal=HOLD        | conf= 81.53 | acc=0.5072 | score=0.4265
2026-06-21 21:27:21 | INFO     | __main__                            | App started / reloaded
2026-06-21 21:27:21 | ERROR    | yfinance                            | HTTP Error 404: {"quoteSummary":{"result":null,"error":{"code":"Not Found","description":"Quote not found for symbol: CG.NS"}}}
2026-06-21 21:27:23 | ERROR    | yfinance                            | $CG.NS: possibly delisted; no price data found  (period=1y) (Yahoo error = "No data found, symbol may be delisted")
2026-06-21 21:27:23 | ERROR    | yfinance                            | 
1 Failed download:
2026-06-21 21:27:23 | ERROR    | yfinance                            | ['CG.NS']: possibly delisted; no price data found  (period=1y) (Yahoo error = "No data found, symbol may be delisted")
2026-06-21 21:27:23 | WARNING  | scanner.engine                      | CG.NS: no data returned
2026-06-21 21:27:28 | INFO     | news.api                            | News fetched for BIOCON.NS: 10 headlines
2026-06-21 21:27:29 | INFO     | news.api                            | News fetched for BRIGADE.NS: 10 headlines
2026-06-21 21:27:29 | INFO     | news.api                            | News fetched for CESC.NS: 10 headlines
2026-06-21 21:27:30 | INFO     | scanner.engine                      | PASSED   | BRIGADE.NS           | signal=HOLD        | score=0.4782 | conf= 82.05 | acc=0.6159
2026-06-21 21:27:31 | INFO     | scanner.engine                      | PASSED   | CESC.NS              | signal=SELL        | score=0.3511 | conf= 80.35 | acc=0.5797
2026-06-21 21:27:31 | INFO     | scanner.engine                      | PASSED   | BIOCON.NS            | signal=HOLD        | score=0.5478 | conf= 74.25 | acc=0.5435
2026-06-21 21:27:32 | INFO     | news.api                            | News fetched for CHAMBLFERT.NS: 10 headlines
2026-06-21 21:27:34 | INFO     | news.api                            | News fetched for CONCOR.NS: 10 headlines
2026-06-21 21:27:35 | INFO     | news.api                            | News fetched for CUMMINSIND.NS: 10 headlines
2026-06-21 21:27:35 | INFO     | news.api                            | News fetched for DALBHARAT.NS: 10 headlines
2026-06-21 21:27:35 | INFO     | scanner.engine                      | PASSED   | CHAMBLFERT.NS        | signal=HOLD        | score=0.5277 | conf= 76.13 | acc=0.4928
2026-06-21 21:27:36 | INFO     | news.api                            | News fetched for DEEPAKNTR.NS: 10 headlines
2026-06-21 21:27:36 | INFO     | scanner.filters                     | FILTERED | ?                    | signal=HOLD        | conf= 54.34 | acc=0.4855 | score=0.4291 | reason=confidence 54.34 below MIN_CONFIDENCE 55.0
2026-06-21 21:27:36 | INFO     | scanner.engine                      | FILTERED | CONCOR.NS            | signal=HOLD        | conf= 54.34 | acc=0.4855 | score=0.4291
2026-06-21 21:27:37 | INFO     | scanner.filters                     | FILTERED | ?                    | signal=SELL        | conf= 78.73 | acc=0.5000 | score=0.3412 | reason=avg_volume 266587 below MIN_AVG_VOLUME 500000
2026-06-21 21:27:37 | INFO     | scanner.engine                      | FILTERED | DALBHARAT.NS         | signal=SELL        | conf= 78.73 | acc=0.5000 | score=0.3412
2026-06-21 21:27:37 | INFO     | scanner.filters                     | FILTERED | ?                    | signal=HOLD        | conf= 69.71 | acc=0.5362 | score=0.5632 | reason=avg_volume 424804 below MIN_AVG_VOLUME 500000
2026-06-21 21:27:37 | INFO     | scanner.engine                      | FILTERED | CUMMINSIND.NS        | signal=HOLD        | conf= 69.71 | acc=0.5362 | score=0.5632
2026-06-21 21:27:39 | INFO     | scanner.filters                     | FILTERED | ?                    | signal=HOLD        | conf= 85.51 | acc=0.5942 | score=0.4322 | reason=avg_volume 103122 below MIN_AVG_VOLUME 500000
2026-06-21 21:27:39 | INFO     | scanner.engine                      | FILTERED | DEEPAKNTR.NS         | signal=HOLD        | conf= 85.51 | acc=0.5942 | score=0.4322
2026-06-21 21:27:41 | INFO     | __main__                            | App started / reloaded
2026-06-21 21:27:43 | INFO     | news.api                            | News fetched for EMAMILTD.NS: 10 headlines
2026-06-21 21:27:45 | INFO     | news.api                            | News fetched for ESCORTS.NS: 10 headlines
2026-06-21 21:27:46 | INFO     | news.api                            | News fetched for EXIDEIND.NS: 10 headlines
2026-06-21 21:27:46 | INFO     | scanner.filters                     | FILTERED | ?                    | signal=HOLD        | conf= 84.70 | acc=0.5725 | score=0.4340 | reason=avg_volume 415126 below MIN_AVG_VOLUME 500000
2026-06-21 21:27:46 | INFO     | scanner.engine                      | FILTERED | EMAMILTD.NS          | signal=HOLD        | conf= 84.70 | acc=0.5725 | score=0.4340
2026-06-21 21:27:47 | INFO     | scanner.filters                     | FILTERED | ?                    | signal=SELL        | conf= 68.92 | acc=0.5217 | score=0.3864 | reason=avg_volume 122278 below MIN_AVG_VOLUME 500000
2026-06-21 21:27:47 | INFO     | scanner.engine                      | FILTERED | ESCORTS.NS           | signal=SELL        | conf= 68.92 | acc=0.5217 | score=0.3864
2026-06-21 21:27:48 | INFO     | scanner.engine                      | PASSED   | EXIDEIND.NS          | signal=HOLD        | score=0.4779 | conf= 73.92 | acc=0.5145
2026-06-21 21:27:50 | INFO     | news.api                            | News fetched for GLENMARK.NS: 10 headlines
2026-06-21 21:27:51 | INFO     | news.api                            | News fetched for HINDPETRO.NS: 10 headlines
2026-06-21 21:27:51 | INFO     | news.api                            | News fetched for GNFC.NS: 10 headlines
2026-06-21 21:27:52 | INFO     | news.api                            | News fetched for IPCALAB.NS: 10 headlines
2026-06-21 21:27:52 | INFO     | news.api                            | News fetched for GUJGASLTD.NS: 10 headlines
2026-06-21 21:27:53 | INFO     | scanner.engine                      | PASSED   | GLENMARK.NS          | signal=HOLD        | score=0.4788 | conf= 81.73 | acc=0.5797
2026-06-21 21:27:54 | INFO     | scanner.filters                     | FILTERED | ?                    | signal=BUY         | conf= 63.34 | acc=0.5000 | score=0.6017 | reason=avg_volume 462568 below MIN_AVG_VOLUME 500000
2026-06-21 21:27:54 | INFO     | scanner.engine                      | FILTERED | GNFC.NS              | signal=BUY         | conf= 63.34 | acc=0.5000 | score=0.6017
2026-06-21 21:27:54 | INFO     | scanner.engine                      | PASSED   | HINDPETRO.NS         | signal=HOLD        | score=0.4975 | conf= 71.83 | acc=0.3768
2026-06-21 21:27:55 | INFO     | scanner.filters                     | FILTERED | ?                    | signal=HOLD        | conf= 71.07 | acc=0.5072 | score=0.5010 | reason=avg_volume 205122 below MIN_AVG_VOLUME 500000
2026-06-21 21:27:55 | INFO     | scanner.engine                      | FILTERED | IPCALAB.NS           | signal=HOLD        | conf= 71.07 | acc=0.5072 | score=0.5010
2026-06-21 21:27:55 | INFO     | scanner.engine                      | PASSED   | GUJGASLTD.NS         | signal=HOLD        | score=0.4440 | conf= 77.10 | acc=0.5072
2026-06-21 21:28:00 | INFO     | news.api                            | News fetched for IRFC.NS: 10 headlines
2026-06-21 21:28:01 | INFO     | __main__                            | App started / reloaded
2026-06-21 21:28:01 | INFO     | news.api                            | News fetched for JUBLFOOD.NS: 10 headlines
2026-06-21 21:28:01 | INFO     | news.api                            | News fetched for JKCEMENT.NS: 10 headlines
2026-06-21 21:28:03 | INFO     | scanner.engine                      | PASSED   | IRFC.NS              | signal=HOLD        | score=0.4509 | conf= 79.63 | acc=0.5435
2026-06-21 21:28:03 | INFO     | scanner.filters                     | FILTERED | ?                    | signal=HOLD        | conf= 86.32 | acc=0.4928 | score=0.4489 | reason=avg_volume 76703 below MIN_AVG_VOLUME 500000
2026-06-21 21:28:03 | INFO     | scanner.engine                      | FILTERED | JKCEMENT.NS          | signal=HOLD        | conf= 86.32 | acc=0.4928 | score=0.4489
2026-06-21 21:28:04 | INFO     | scanner.engine                      | PASSED   | JUBLFOOD.NS          | signal=SELL        | score=0.3194 | conf= 82.04 | acc=0.5580
2026-06-21 21:28:04 | INFO     | __main__                            | App started / reloaded
2026-06-21 21:28:06 | INFO     | storage.recommendation_validation   | Validation: no pending recommendations found
2026-06-21 21:28:07 | INFO     | news.api                            | News fetched for KAJARIACER.NS: 10 headlines
2026-06-21 21:28:08 | INFO     | news.api                            | News fetched for KIMS.NS: 10 headlines
2026-06-21 21:28:08 | INFO     | news.api                            | News fetched for KAYNES.NS: 10 headlines
2026-06-21 21:28:08 | INFO     | scanner.filters                     | FILTERED | ?                    | signal=BUY         | conf= 62.92 | acc=0.5507 | score=0.6344 | reason=avg_volume 200990 below MIN_AVG_VOLUME 500000
2026-06-21 21:28:08 | INFO     | scanner.engine                      | FILTERED | KAJARIACER.NS        | signal=BUY         | conf= 62.92 | acc=0.5507 | score=0.6344
2026-06-21 21:28:09 | INFO     | scanner.engine                      | PASSED   | KIMS.NS              | signal=BUY         | score=0.5823 | conf= 73.42 | acc=0.4928
2026-06-21 21:28:09 | INFO     | news.api                            | News fetched for MANAPPURAM.NS: 10 headlines
2026-06-21 21:28:10 | INFO     | news.api                            | News fetched for MFSL.NS: 10 headlines
2026-06-21 21:28:10 | INFO     | scanner.engine                      | PASSED   | MANAPPURAM.NS        | signal=HOLD        | score=0.5411 | conf= 81.23 | acc=0.5725
2026-06-21 21:28:10 | INFO     | scanner.engine                      | PASSED   | MFSL.NS              | signal=HOLD        | score=0.4498 | conf= 76.78 | acc=0.5290
2026-06-21 21:28:11 | INFO     | news.api                            | News fetched for MGL.NS: 10 headlines
2026-06-21 21:28:11 | INFO     | scanner.engine                      | PASSED   | KAYNES.NS            | signal=SELL        | score=0.4047 | conf= 78.85 | acc=0.4493
2026-06-21 21:28:12 | INFO     | scanner.filters                     | FILTERED | ?                    | signal=BUY         | conf= 79.89 | acc=0.4783 | score=0.6038 | reason=avg_volume 226893 below MIN_AVG_VOLUME 500000
2026-06-21 21:28:12 | INFO     | scanner.engine                      | FILTERED | MGL.NS               | signal=BUY         | conf= 79.89 | acc=0.4783 | score=0.6038
2026-06-21 21:28:12 | INFO     | scanner.engine                      | Scan batch done: 50 processed, 28 passed filters
2026-06-21 21:28:12 | INFO     | scanner.engine                      | SCAN END   | id=eefb61fb_mid_cap | category=Mid Cap | scanned=100 | passed=28 | filtered=72
2026-06-21 21:28:12 | INFO     | scanner.engine                      | SCAN START | id=eefb61fb_small_cap | category=Small Cap | stocks=102
2026-06-21 21:28:12 | INFO     | scanner.engine                      | Parallel scan: 50 stocks / 8 workers
2026-06-21 21:28:21 | INFO     | __main__                            | App started / reloaded
2026-06-21 21:28:24 | INFO     | news.api                            | News fetched for CDSL.NS: 10 headlines
2026-06-21 21:28:26 | INFO     | news.api                            | News fetched for APLAPOLLO.NS: 10 headlines
2026-06-21 21:28:26 | INFO     | scanner.filters                     | FILTERED | ?                    | signal=BUY         | conf= 85.34 | acc=0.5145 | score=0.5990 | reason=RSI 72.9 outside [35, 70]
2026-06-21 21:28:26 | INFO     | scanner.engine                      | FILTERED | CDSL.NS              | signal=BUY         | conf= 85.34 | acc=0.5145 | score=0.5990
2026-06-21 21:28:26 | INFO     | news.api                            | News fetched for HAPPSTMNDS.NS: 10 headlines
2026-06-21 21:28:26 | INFO     | news.api                            | News fetched for APARINDS.NS: 10 headlines
2026-06-21 21:28:26 | INFO     | news.api                            | News fetched for BSOFT.NS: 10 headlines
2026-06-21 21:28:27 | INFO     | news.api                            | News fetched for ANGELONE.NS: 10 headlines
2026-06-21 21:28:27 | INFO     | news.api                            | News fetched for TANLA.NS: 10 headlines
2026-06-21 21:28:27 | INFO     | news.api                            | News fetched for SAREGAMA.NS: 10 headlines
2026-06-21 21:28:27 | INFO     | scanner.engine                      | PASSED   | APLAPOLLO.NS         | signal=HOLD        | score=0.4489 | conf= 62.37 | acc=0.5072
2026-06-21 21:28:28 | INFO     | scanner.filters                     | FILTERED | 2026-06-19 00:00:00  | signal=BUY         | conf= 71.86 | acc=0.4348 | score=0.6083 | reason=accuracy 0.4348 below MIN_ACCURACY 0.44
2026-06-21 21:28:28 | INFO     | scanner.engine                      | FILTERED | APARINDS.NS          | signal=BUY         | conf= 71.86 | acc=0.4348 | score=0.6083
2026-06-21 21:28:28 | INFO     | scanner.engine                      | PASSED   | HAPPSTMNDS.NS        | signal=SELL        | score=0.3638 | conf= 85.83 | acc=0.5725
2026-06-21 21:28:28 | INFO     | scanner.engine                      | PASSED   | BSOFT.NS             | signal=SELL        | score=0.4141 | conf= 72.96 | acc=0.4638
2026-06-21 21:28:29 | INFO     | scanner.engine                      | PASSED   | SAREGAMA.NS          | signal=HOLD        | score=0.5432 | conf= 65.89 | acc=0.5362
2026-06-21 21:28:29 | INFO     | scanner.filters                     | FILTERED | ?                    | signal=HOLD        | conf= 85.14 | acc=0.5435 | score=0.5131 | reason=avg_volume 390640 below MIN_AVG_VOLUME 500000
2026-06-21 21:28:29 | INFO     | scanner.engine                      | FILTERED | TANLA.NS             | signal=HOLD        | conf= 85.14 | acc=0.5435 | score=0.5131
2026-06-21 21:28:29 | INFO     | scanner.engine                      | PASSED   | ANGELONE.NS          | signal=HOLD        | score=0.5664 | conf= 69.68 | acc=0.4420
2026-06-21 21:28:30 | ERROR    | yfinance                            | $AKZOINDIA.NS: possibly delisted; no price data found  (period=1y) (Yahoo error = "No data found, symbol may be delisted")
2026-06-21 21:28:30 | ERROR    | yfinance                            | 
1 Failed download:
2026-06-21 21:28:30 | ERROR    | yfinance                            | ['AKZOINDIA.NS']: possibly delisted; no price data found  (period=1y) (Yahoo error = "No data found, symbol may be delisted")
2026-06-21 21:28:30 | ERROR    | yfinance                            | $AEGISCHEM.NS: possibly delisted; no price data found  (period=1y) (Yahoo error = "No data found, symbol may be delisted")
2026-06-21 21:28:31 | ERROR    | yfinance                            | 
1 Failed download:
2026-06-21 21:28:31 | ERROR    | yfinance                            | ['AEGISCHEM.NS']: possibly delisted; no price data found  (period=1y) (Yahoo error = "No data found, symbol may be delisted")
2026-06-21 21:28:31 | WARNING  | scanner.engine                      | AKZOINDIA.NS: no data returned
2026-06-21 21:28:31 | WARNING  | scanner.engine                      | AEGISCHEM.NS: no data returned
2026-06-21 21:28:31 | ERROR    | yfinance                            | $ALEXOTYRES.NS: possibly delisted; no price data found  (period=1y) (Yahoo error = "No data found, symbol may be delisted")
2026-06-21 21:28:31 | ERROR    | yfinance                            | 
1 Failed download:
2026-06-21 21:28:31 | ERROR    | yfinance                            | ['ALEXOTYRES.NS']: possibly delisted; no price data found  (period=1y) (Yahoo error = "No data found, symbol may be delisted")
2026-06-21 21:28:31 | WARNING  | scanner.engine                      | ALEXOTYRES.NS: no data returned
2026-06-21 21:28:37 | INFO     | news.api                            | News fetched for AMBER.NS: 10 headlines
2026-06-21 21:28:38 | INFO     | __main__                            | App started / reloaded
2026-06-21 21:28:39 | INFO     | __main__                            | App started / reloaded
2026-06-21 21:28:40 | INFO     | scanner.filters                     | FILTERED | ?                    | signal=HOLD        | conf= 79.12 | acc=0.4565 | score=0.5216 | reason=avg_volume 429082 below MIN_AVG_VOLUME 500000
2026-06-21 21:28:40 | INFO     | scanner.engine                      | FILTERED | AMBER.NS             | signal=HOLD        | conf= 79.12 | acc=0.4565 | score=0.5216
2026-06-21 21:28:42 | INFO     | news.api                            | News fetched for AETHER.NS: 10 headlines
2026-06-21 21:28:42 | INFO     | news.api                            | News fetched for AAVAS.NS: 10 headlines
2026-06-21 21:28:43 | INFO     | news.api                            | News fetched for ALEMBICLTD.NS: 10 headlines
2026-06-21 21:28:43 | INFO     | news.api                            | News fetched for AARTIIND.NS: 10 headlines
2026-06-21 21:28:45 | INFO     | scanner.filters                     | FILTERED | ?                    | signal=HOLD        | conf= 76.33 | acc=0.5580 | score=0.5220 | reason=avg_volume 291326 below MIN_AVG_VOLUME 500000
2026-06-21 21:28:45 | INFO     | scanner.engine                      | FILTERED | AETHER.NS            | signal=HOLD        | conf= 76.33 | acc=0.5580 | score=0.5220
2026-06-21 21:28:45 | INFO     | scanner.filters                     | FILTERED | ?                    | signal=HOLD        | conf= 67.05 | acc=0.5435 | score=0.5343 | reason=avg_volume 199067 below MIN_AVG_VOLUME 500000
2026-06-21 21:28:45 | INFO     | scanner.engine                      | FILTERED | AAVAS.NS             | signal=HOLD        | conf= 67.05 | acc=0.5435 | score=0.5343
2026-06-21 21:28:45 | INFO     | scanner.filters                     | FILTERED | ?                    | signal=HOLD        | conf= 83.97 | acc=0.5797 | score=0.5445 | reason=volatility spike 29.1977 > 2.5× avg 10.9255
2026-06-21 21:28:45 | INFO     | scanner.engine                      | FILTERED | AARTIIND.NS          | signal=HOLD        | conf= 83.97 | acc=0.5797 | score=0.5445
2026-06-21 21:28:45 | INFO     | scanner.filters                     | FILTERED | ?                    | signal=HOLD        | conf= 76.42 | acc=0.4783 | score=0.5089 | reason=avg_volume 327271 below MIN_AVG_VOLUME 500000
2026-06-21 21:28:45 | INFO     | scanner.engine                      | FILTERED | ALEMBICLTD.NS        | signal=HOLD        | conf= 76.42 | acc=0.4783 | score=0.5089
2026-06-21 21:28:47 | INFO     | news.api                            | News fetched for AVANTIFEED.NS: 10 headlines
2026-06-21 21:28:47 | INFO     | news.api                            | News fetched for ATUL.NS: 10 headlines
2026-06-21 21:28:48 | INFO     | news.api                            | News fetched for CAMPUS.NS: 10 headlines
2026-06-21 21:28:50 | INFO     | scanner.engine                      | PASSED   | AVANTIFEED.NS        | signal=SELL        | score=0.3532 | conf= 88.09 | acc=0.4203
2026-06-21 21:28:50 | INFO     | scanner.filters                     | FILTERED | ?                    | signal=SELL        | conf= 83.01 | acc=0.5435 | score=0.3208 | reason=avg_volume 18223 below MIN_AVG_VOLUME 500000
2026-06-21 21:28:50 | INFO     | scanner.engine                      | FILTERED | ATUL.NS              | signal=SELL        | conf= 83.01 | acc=0.5435 | score=0.3208
2026-06-21 21:28:50 | INFO     | scanner.engine                      | PASSED   | CAMPUS.NS            | signal=SELL        | score=0.3804 | conf= 83.41 | acc=0.4928
2026-06-21 21:28:53 | INFO     | __main__                            | App started / reloaded
2026-06-21 21:28:56 | INFO     | news.api                            | News fetched for CARBORUNIV.NS: 10 headlines
2026-06-21 21:28:59 | INFO     | scanner.filters                     | FILTERED | ?                    | signal=BUY         | conf= 78.83 | acc=0.4928 | score=0.6279 | reason=avg_volume 399227 below MIN_AVG_VOLUME 500000
2026-06-21 21:28:59 | INFO     | scanner.engine                      | FILTERED | CARBORUNIV.NS        | signal=BUY         | conf= 78.83 | acc=0.4928 | score=0.6279
2026-06-21 21:29:05 | INFO     | news.api                            | News fetched for CENTURYPLY.NS: 10 headlines
2026-06-21 21:29:08 | INFO     | scanner.filters                     | FILTERED | ?                    | signal=HOLD        | conf= 77.85 | acc=0.5580 | score=0.4643 | reason=avg_volume 155258 below MIN_AVG_VOLUME 500000
2026-06-21 21:29:08 | INFO     | scanner.engine                      | FILTERED | CENTURYPLY.NS        | signal=HOLD        | conf= 77.85 | acc=0.5580 | score=0.4643
2026-06-21 21:29:08 | INFO     | news.api                            | News fetched for DEEPAKFERT.NS: 10 headlines
2026-06-21 21:29:09 | INFO     | news.api                            | News fetched for CERA.NS: 10 headlines
2026-06-21 21:29:09 | INFO     | news.api                            | News fetched for CLEAN.NS: 10 headlines
2026-06-21 21:29:12 | INFO     | scanner.filters                     | FILTERED | ?                    | signal=BUY         | conf= 78.25 | acc=0.4493 | score=0.6006 | reason=avg_volume 461631 below MIN_AVG_VOLUME 500000
2026-06-21 21:29:12 | INFO     | scanner.engine                      | FILTERED | DEEPAKFERT.NS        | signal=BUY         | conf= 78.25 | acc=0.4493 | score=0.6006
2026-06-21 21:29:12 | INFO     | scanner.filters                     | FILTERED | ?                    | signal=HOLD        | conf= 71.96 | acc=0.5072 | score=0.4629 | reason=avg_volume 159781 below MIN_AVG_VOLUME 500000
2026-06-21 21:29:12 | INFO     | scanner.engine                      | FILTERED | CLEAN.NS             | signal=HOLD        | conf= 71.96 | acc=0.5072 | score=0.4629
2026-06-21 21:29:12 | INFO     | scanner.filters                     | FILTERED | ?                    | signal=HOLD        | conf= 87.50 | acc=0.5290 | score=0.5788 | reason=avg_volume 32762 below MIN_AVG_VOLUME 500000
2026-06-21 21:29:12 | INFO     | scanner.engine                      | FILTERED | CERA.NS              | signal=HOLD        | conf= 87.50 | acc=0.5290 | score=0.5788
2026-06-21 21:29:14 | INFO     | news.api                            | News fetched for DELTACORP.NS: 10 headlines
2026-06-21 21:29:15 | INFO     | news.api                            | News fetched for EMUDHRA.NS: 10 headlines
2026-06-21 21:29:15 | INFO     | news.api                            | News fetched for ELGIEQUIP.NS: 10 headlines
2026-06-21 21:29:16 | INFO     | scanner.engine                      | PASSED   | ELGIEQUIP.NS         | signal=HOLD        | score=0.5440 | conf= 80.99 | acc=0.4348
2026-06-21 21:29:16 | INFO     | scanner.engine                      | PASSED   | DELTACORP.NS         | signal=SELL        | score=0.3883 | conf= 70.35 | acc=0.6087
2026-06-21 21:29:16 | INFO     | scanner.filters                     | FILTERED | ?                    | signal=SELL        | conf= 82.65 | acc=0.6812 | score=0.3792 | reason=avg_volume 61629 below MIN_AVG_VOLUME 500000
2026-06-21 21:29:16 | INFO     | scanner.engine                      | FILTERED | EMUDHRA.NS           | signal=SELL        | conf= 82.65 | acc=0.6812 | score=0.3792
2026-06-21 21:29:17 | INFO     | news.api                            | News fetched for GALLANTT.NS: 10 headlines
2026-06-21 21:29:20 | INFO     | scanner.filters                     | FILTERED | ?                    | signal=HOLD        | conf= 82.84 | acc=0.5580 | score=0.4268 | reason=avg_volume 168375 below MIN_AVG_VOLUME 500000
2026-06-21 21:29:20 | INFO     | scanner.engine                      | FILTERED | GALLANTT.NS          | signal=HOLD        | conf= 82.84 | acc=0.5580 | score=0.4268
2026-06-21 21:29:25 | INFO     | news.api                            | News fetched for GLOBUSSPR.NS: 10 headlines
2026-06-21 21:29:26 | INFO     | scanner.filters                     | FILTERED | ?                    | signal=SELL        | conf= 79.10 | acc=0.5435 | score=0.4144 | reason=avg_volume 67340 below MIN_AVG_VOLUME 500000
2026-06-21 21:29:26 | INFO     | scanner.engine                      | FILTERED | GLOBUSSPR.NS         | signal=SELL        | conf= 79.10 | acc=0.5435 | score=0.4144
2026-06-21 21:29:29 | INFO     | news.api                            | News fetched for GPPL.NS: 10 headlines
2026-06-21 21:29:29 | INFO     | news.api                            | News fetched for GREENPANEL.NS: 10 headlines
2026-06-21 21:29:29 | ERROR    | yfinance                            | $ITDCEM.NS: possibly delisted; no price data found  (period=1y) (Yahoo error = "No data found, symbol may be delisted")
2026-06-21 21:29:29 | ERROR    | yfinance                            | 
1 Failed download:
2026-06-21 21:29:29 | ERROR    | yfinance                            | ['ITDCEM.NS']: possibly delisted; no price data found  (period=1y) (Yahoo error = "No data found, symbol may be delisted")
2026-06-21 21:29:29 | WARNING  | scanner.engine                      | ITDCEM.NS: no data returned
2026-06-21 21:29:29 | INFO     | news.api                            | News fetched for GRINDWELL.NS: 10 headlines
2026-06-21 21:29:31 | INFO     | news.api                            | News fetched for HFCL.NS: 10 headlines
2026-06-21 21:29:31 | INFO     | scanner.filters                     | FILTERED | ?                    | signal=SELL        | conf= 87.25 | acc=0.6159 | score=0.4090 | reason=avg_volume 200215 below MIN_AVG_VOLUME 500000
2026-06-21 21:29:31 | INFO     | scanner.engine                      | FILTERED | GREENPANEL.NS        | signal=SELL        | conf= 87.25 | acc=0.6159 | score=0.4090
2026-06-21 21:29:31 | INFO     | scanner.engine                      | PASSED   | GPPL.NS              | signal=SELL        | score=0.3605 | conf= 70.10 | acc=0.5580
2026-06-21 21:29:31 | INFO     | news.api                            | News fetched for HINDCOPPER.NS: 10 headlines
2026-06-21 21:29:31 | INFO     | scanner.filters                     | FILTERED | ?                    | signal=BUY         | conf= 67.62 | acc=0.4783 | score=0.5923 | reason=avg_volume 60185 below MIN_AVG_VOLUME 500000
2026-06-21 21:29:31 | INFO     | scanner.engine                      | FILTERED | GRINDWELL.NS         | signal=BUY         | conf= 67.62 | acc=0.4783 | score=0.5923
2026-06-21 21:29:32 | INFO     | news.api                            | News fetched for HIKAL.NS: 10 headlines
2026-06-21 21:29:33 | INFO     | scanner.filters                     | FILTERED | ?                    | signal=BUY         | conf= 68.44 | acc=0.5725 | score=0.6310 | reason=RSI 73.5 outside [35, 70]
2026-06-21 21:29:33 | INFO     | scanner.engine                      | FILTERED | HFCL.NS              | signal=BUY         | conf= 68.44 | acc=0.5725 | score=0.6310
2026-06-21 21:29:33 | INFO     | scanner.engine                      | PASSED   | HINDCOPPER.NS        | signal=SELL        | score=0.3675 | conf= 78.26 | acc=0.5797
2026-06-21 21:29:34 | INFO     | news.api                            | News fetched for ISGEC.NS: 10 headlines
2026-06-21 21:29:34 | INFO     | scanner.filters                     | FILTERED | ?                    | signal=HOLD        | conf= 72.77 | acc=0.4710 | score=0.4812 | reason=avg_volume 313987 below MIN_AVG_VOLUME 500000
2026-06-21 21:29:34 | INFO     | scanner.engine                      | FILTERED | HIKAL.NS             | signal=HOLD        | conf= 72.77 | acc=0.4710 | score=0.4812
2026-06-21 21:29:36 | ERROR    | yfinance                            | $LAXMIMACH.NS: possibly delisted; no price data found  (period=1y) (Yahoo error = "No data found, symbol may be delisted")
2026-06-21 21:29:36 | ERROR    | yfinance                            | 
1 Failed download:
2026-06-21 21:29:36 | ERROR    | yfinance                            | ['LAXMIMACH.NS']: possibly delisted; no price data found  (period=1y) (Yahoo error = "No data found, symbol may be delisted")
2026-06-21 21:29:36 | WARNING  | scanner.engine                      | LAXMIMACH.NS: no data returned
2026-06-21 21:29:36 | INFO     | scanner.filters                     | FILTERED | ?                    | signal=SELL        | conf= 78.36 | acc=0.5217 | score=0.3469 | reason=avg_volume 45398 below MIN_AVG_VOLUME 500000
2026-06-21 21:29:36 | INFO     | scanner.engine                      | FILTERED | ISGEC.NS             | signal=SELL        | conf= 78.36 | acc=0.5217 | score=0.3469
2026-06-21 21:29:39 | ERROR    | yfinance                            | $MTAR.NS: possibly delisted; no price data found  (period=1y) (Yahoo error = "No data found, symbol may be delisted")
2026-06-21 21:29:39 | ERROR    | yfinance                            | 
1 Failed download:
2026-06-21 21:29:39 | ERROR    | yfinance                            | ['MTAR.NS']: possibly delisted; no price data found  (period=1y) (Yahoo error = "No data found, symbol may be delisted")
2026-06-21 21:29:39 | WARNING  | scanner.engine                      | MTAR.NS: no data returned
2026-06-21 21:29:42 | INFO     | news.api                            | News fetched for JBCHEPHARM.NS: 10 headlines
2026-06-21 21:29:43 | INFO     | news.api                            | News fetched for JKPAPER.NS: 10 headlines
2026-06-21 21:29:43 | INFO     | scanner.filters                     | FILTERED | ?                    | signal=HOLD        | conf= 69.48 | acc=0.5217 | score=0.5559 | reason=avg_volume 273033 below MIN_AVG_VOLUME 500000
2026-06-21 21:29:43 | INFO     | scanner.engine                      | FILTERED | JBCHEPHARM.NS        | signal=HOLD        | conf= 69.48 | acc=0.5217 | score=0.5559
2026-06-21 21:29:44 | INFO     | news.api                            | News fetched for JINDALSAW.NS: 10 headlines
2026-06-21 21:29:44 | INFO     | news.api                            | News fetched for JYOTICNC.NS: 10 headlines
2026-06-21 21:29:45 | INFO     | news.api                            | News fetched for KRBL.NS: 10 headlines
2026-06-21 21:29:46 | INFO     | scanner.filters                     | FILTERED | ?                    | signal=SELL        | conf= 82.15 | acc=0.5362 | score=0.3944 | reason=avg_volume 200536 below MIN_AVG_VOLUME 500000
2026-06-21 21:29:46 | INFO     | scanner.engine                      | FILTERED | JKPAPER.NS           | signal=SELL        | conf= 82.15 | acc=0.5362 | score=0.3944
2026-06-21 21:29:46 | INFO     | news.api                            | News fetched for MASTEK.NS: 10 headlines
2026-06-21 21:29:46 | INFO     | scanner.engine                      | PASSED   | JYOTICNC.NS          | signal=HOLD        | score=0.5050 | conf= 84.54 | acc=0.5435
2026-06-21 21:29:47 | INFO     | scanner.engine                      | PASSED   | JINDALSAW.NS         | signal=BUY         | score=0.6196 | conf= 79.11 | acc=0.4638
2026-06-21 21:29:47 | INFO     | scanner.engine                      | PASSED   | KRBL.NS              | signal=HOLD        | score=0.5661 | conf= 74.37 | acc=0.5000
2026-06-21 21:29:48 | INFO     | scanner.filters                     | FILTERED | ?                    | signal=SELL        | conf= 83.99 | acc=0.6087 | score=0.3782 | reason=avg_volume 54296 below MIN_AVG_VOLUME 500000
2026-06-21 21:29:48 | INFO     | scanner.engine                      | FILTERED | MASTEK.NS            | signal=SELL        | conf= 83.99 | acc=0.6087 | score=0.3782
2026-06-21 21:29:49 | INFO     | news.api                            | News fetched for NATCOPHARM.NS: 10 headlines
2026-06-21 21:29:51 | INFO     | scanner.engine                      | PASSED   | NATCOPHARM.NS        | signal=SELL        | score=0.3201 | conf= 61.23 | acc=0.4855
2026-06-21 21:29:52 | INFO     | news.api                            | News fetched for NBCC.NS: 10 headlines
2026-06-21 21:29:53 | INFO     | scanner.engine                      | PASSED   | NBCC.NS              | signal=BUY         | score=0.6025 | conf= 68.17 | acc=0.5652
2026-06-21 21:29:55 | INFO     | news.api                            | News fetched for NEULANDLAB.NS: 10 headlines
2026-06-21 21:29:55 | INFO     | news.api                            | News fetched for ORIENTELEC.NS: 10 headlines
2026-06-21 21:29:55 | INFO     | news.api                            | News fetched for PFIZER.NS: 10 headlines
2026-06-21 21:29:56 | INFO     | scanner.filters                     | FILTERED | ?                    | signal=HOLD        | conf= 75.83 | acc=0.5942 | score=0.4811 | reason=avg_volume 169586 below MIN_AVG_VOLUME 500000
2026-06-21 21:29:56 | INFO     | scanner.engine                      | FILTERED | ORIENTELEC.NS        | signal=HOLD        | conf= 75.83 | acc=0.5942 | score=0.4811
2026-06-21 21:29:56 | INFO     | scanner.filters                     | FILTERED | ?                    | signal=HOLD        | conf= 72.59 | acc=0.4928 | score=0.5207 | reason=avg_volume 34097 below MIN_AVG_VOLUME 500000
2026-06-21 21:29:56 | INFO     | scanner.engine                      | FILTERED | NEULANDLAB.NS        | signal=HOLD        | conf= 72.59 | acc=0.4928 | score=0.5207
2026-06-21 21:29:56 | INFO     | scanner.filters                     | FILTERED | ?                    | signal=SELL        | conf= 80.53 | acc=0.5362 | score=0.4049 | reason=avg_volume 27365 below MIN_AVG_VOLUME 500000
2026-06-21 21:29:56 | INFO     | scanner.engine                      | FILTERED | PFIZER.NS            | signal=SELL        | conf= 80.53 | acc=0.5362 | score=0.4049
2026-06-21 21:29:56 | INFO     | scanner.engine                      | Scan batch done: 50 processed, 16 passed filters
2026-06-21 21:29:56 | INFO     | scanner.engine                      | SCAN END   | id=eefb61fb_small_cap | category=Small Cap | scanned=102 | passed=16 | filtered=86
2026-06-21 21:29:56 | INFO     | scanner.background                  | ═══ SCAN RUN eefb61fb COMPLETED — 301/301 processed ═══
2026-06-21 21:29:57 | INFO     | __main__                            | App started / reloaded
2026-06-21 21:30:51 | INFO     | __main__                            | App started / reloaded
2026-06-21 21:35:40 | INFO     | __main__                            | App started / reloaded
2026-06-21 21:35:43 | INFO     | __main__                            | App started / reloaded
2026-06-21 21:36:42 | INFO     | __main__                            | App started / reloaded
2026-06-21 21:36:45 | INFO     | __main__                            | App started / reloaded
2026-06-27 22:37:33 | INFO     | api.main                            | StockAI Pro API starting up
2026-06-27 22:40:24 | INFO     | api.main                            | GET / -> 404 (6.0ms)
2026-06-27 22:40:24 | INFO     | api.main                            | GET /favicon.ico -> 404 (1.0ms)
2026-06-27 22:40:33 | INFO     | api.main                            | GET / -> 404 (0.0ms)
2026-06-27 22:40:33 | INFO     | api.main                            | GET /favicon.ico -> 404 (1.0ms)
2026-06-27 22:41:50 | INFO     | __main__                            | App started / reloaded
2026-06-27 22:41:51 | INFO     | scanner.background                  | ═══ SCAN RUN 9f5fc0f0 STARTED — 301 stocks across 3 categories ═══
2026-06-27 22:41:51 | INFO     | scanner.engine                      | SCAN START | id=9f5fc0f0_large_cap | category=Large Cap | stocks=100
2026-06-27 22:41:51 | INFO     | scanner.engine                      | Parallel scan: 50 stocks / 8 workers
2026-06-27 22:41:58 | INFO     | __main__                            | App started / reloaded
2026-06-27 22:41:58 | INFO     | scanner.background                  | Scan already running — new request ignored
2026-06-27 22:42:08 | INFO     | news.api                            | News fetched for ICICIBANK.NS: 10 headlines
2026-06-27 22:42:08 | INFO     | news.api                            | News fetched for BHARTIARTL.NS: 10 headlines
2026-06-27 22:42:08 | INFO     | news.api                            | News fetched for TCS.NS: 10 headlines
2026-06-27 22:42:08 | INFO     | news.api                            | News fetched for INFY.NS: 10 headlines
2026-06-27 22:42:08 | INFO     | news.api                            | News fetched for SBIN.NS: 10 headlines
2026-06-27 22:42:08 | INFO     | news.api                            | News fetched for HDFCBANK.NS: 10 headlines
2026-06-27 22:42:08 | INFO     | news.api                            | News fetched for RELIANCE.NS: 10 headlines
2026-06-27 22:42:08 | INFO     | news.api                            | News fetched for HCLTECH.NS: 10 headlines
2026-06-27 22:42:28 | INFO     | __main__                            | App started / reloaded
2026-06-27 22:42:48 | INFO     | __main__                            | App started / reloaded
2026-06-27 22:43:02 | INFO     | news.sentiment                      | Loading FinBERT sentiment model...
2026-06-27 22:43:07 | INFO     | httpx                               | HTTP Request: HEAD https://huggingface.co/ProsusAI/finbert/resolve/main/config.json "HTTP/1.1 307 Temporary Redirect"
2026-06-27 22:43:07 | WARNING  | huggingface_hub.utils._http         | Warning: You are sending unauthenticated requests to the HF Hub. Please set a HF_TOKEN to enable higher rate limits and faster downloads.
2026-06-27 22:43:08 | INFO     | httpx                               | HTTP Request: HEAD https://huggingface.co/api/resolve-cache/models/ProsusAI/finbert/4556d13015211d73dccd3fdd39d39232506f3e43/config.json "HTTP/1.1 200 OK"
2026-06-27 22:43:08 | INFO     | __main__                            | App started / reloaded
2026-06-27 22:43:09 | INFO     | httpx                               | HTTP Request: HEAD https://huggingface.co/ProsusAI/finbert/resolve/main/model.safetensors "HTTP/1.1 404 Not Found"
2026-06-27 22:43:09 | INFO     | httpx                               | HTTP Request: GET https://huggingface.co/api/models/ProsusAI/finbert "HTTP/1.1 200 OK"
2026-06-27 22:43:10 | INFO     | httpx                               | HTTP Request: GET https://huggingface.co/api/models/ProsusAI/finbert/commits/main "HTTP/1.1 200 OK"
2026-06-27 22:43:10 | INFO     | httpx                               | HTTP Request: HEAD https://huggingface.co/ProsusAI/finbert/resolve/main/model.safetensors "HTTP/1.1 404 Not Found"
2026-06-27 22:43:10 | INFO     | httpx                               | HTTP Request: GET https://huggingface.co/api/models/ProsusAI/finbert/discussions?p=0 "HTTP/1.1 200 OK"
2026-06-27 22:43:11 | INFO     | httpx                               | HTTP Request: GET https://huggingface.co/api/models/ProsusAI/finbert "HTTP/1.1 200 OK"
2026-06-27 22:43:12 | INFO     | httpx                               | HTTP Request: GET https://huggingface.co/api/models/ProsusAI/finbert/commits/refs%2Fpr%2F29 "HTTP/1.1 200 OK"
2026-06-27 22:43:12 | INFO     | httpx                               | HTTP Request: GET https://huggingface.co/api/models/ProsusAI/finbert/commits/main "HTTP/1.1 200 OK"
2026-06-27 22:43:13 | INFO     | httpx                               | HTTP Request: HEAD https://huggingface.co/ProsusAI/finbert/resolve/refs%2Fpr%2F29/model.safetensors.index.json "HTTP/1.1 404 Not Found"
2026-06-27 22:43:13 | INFO     | httpx                               | HTTP Request: HEAD https://huggingface.co/ProsusAI/finbert/resolve/main/config.json "HTTP/1.1 307 Temporary Redirect"
2026-06-27 22:43:13 | INFO     | httpx                               | HTTP Request: GET https://huggingface.co/api/models/ProsusAI/finbert/discussions?p=0 "HTTP/1.1 200 OK"
2026-06-27 22:43:14 | INFO     | httpx                               | HTTP Request: GET https://huggingface.co/api/models/ProsusAI/finbert/commits/refs%2Fpr%2F29 "HTTP/1.1 200 OK"
2026-06-27 22:43:16 | INFO     | httpx                               | HTTP Request: HEAD https://huggingface.co/ProsusAI/finbert/resolve/refs%2Fpr%2F29/model.safetensors.index.json "HTTP/1.1 404 Not Found"
2026-06-27 22:43:16 | INFO     | httpx                               | HTTP Request: HEAD https://huggingface.co/api/resolve-cache/models/ProsusAI/finbert/4556d13015211d73dccd3fdd39d39232506f3e43/config.json "HTTP/1.1 200 OK"
2026-06-27 22:43:16 | INFO     | httpx                               | HTTP Request: HEAD https://huggingface.co/ProsusAI/finbert/resolve/refs%2Fpr%2F29/model.safetensors "HTTP/1.1 302 Found"
2026-06-27 22:43:16 | INFO     | httpx                               | HTTP Request: HEAD https://huggingface.co/ProsusAI/finbert/resolve/refs%2Fpr%2F29/model.safetensors "HTTP/1.1 302 Found"
2026-06-27 22:43:16 | INFO     | httpx                               | HTTP Request: HEAD https://huggingface.co/ProsusAI/finbert/resolve/main/model.safetensors "HTTP/1.1 404 Not Found"
2026-06-27 22:43:17 | INFO     | httpx                               | HTTP Request: GET https://huggingface.co/api/models/ProsusAI/finbert "HTTP/1.1 200 OK"
2026-06-27 22:43:17 | INFO     | httpx                               | HTTP Request: HEAD https://huggingface.co/ProsusAI/finbert/resolve/main/config.json "HTTP/1.1 307 Temporary Redirect"
2026-06-27 22:43:18 | INFO     | httpx                               | HTTP Request: HEAD https://huggingface.co/api/resolve-cache/models/ProsusAI/finbert/4556d13015211d73dccd3fdd39d39232506f3e43/config.json "HTTP/1.1 200 OK"
2026-06-27 22:43:18 | INFO     | httpx                               | HTTP Request: GET https://huggingface.co/api/models/ProsusAI/finbert/commits/main "HTTP/1.1 200 OK"
2026-06-27 22:43:18 | INFO     | httpx                               | HTTP Request: HEAD https://huggingface.co/ProsusAI/finbert/resolve/main/model.safetensors "HTTP/1.1 404 Not Found"
2026-06-27 22:43:18 | ERROR    | news.sentiment                      | Failed to load FinBERT — falling back to TextBlob — ValueError: Could not load model ProsusAI/finbert with any of the following classes: (<class 'transformers.models.auto.modeling_auto.AutoModelForSequenceClassification'>, <class 'transformers.models.bert.modeling_bert.BertForSequenceClassification'>). See the original errors:

while loading with AutoModelForSequenceClassification, an error is thrown:
Traceback (most recent call last):
  File "C:\Python\Git\stock-prediction-app\venv\Lib\site-packages\transformers\pipelines\base.py", line 232, in load_model
    model = model_class.from_pretrained(model, **kwargs)
            ^^^^^^^^^^^^^^^^^^^^^^^^^^^^^^^^^^^^^^^^^^^^
  File "C:\Python\Git\stock-prediction-app\venv\Lib\site-packages\transformers\models\auto\auto_factory.py", line 405, in from_pretrained
    return model_class.from_pretrained(
           ^^^^^^^^^^^^^^^^^^^^^^^^^^^^
  File "C:\Python\Git\stock-prediction-app\venv\Lib\site-packages\transformers\modeling_utils.py", line 4219, in from_pretrained
    config, dtype = _get_dtype(
                    ^^^^^^^^^^^
  File "C:\Python\Git\stock-prediction-app\venv\Lib\site-packages\transformers\modeling_utils.py", line 848, in _get_dtype
    state_dict = load_state_dict(
                 ^^^^^^^^^^^^^^^^
  File "C:\Python\Git\stock-prediction-app\venv\Lib\site-packages\transformers\modeling_utils.py", line 374, in load_state_dict
    check_torch_load_is_safe()
  File "C:\Python\Git\stock-prediction-app\venv\Lib\site-packages\transformers\utils\import_utils.py", line 1384, in check_torch_load_is_safe
    raise ValueError(
ValueError: Due to a serious vulnerability issue in `torch.load`, even with `weights_only=True`, we now require users to upgrade torch to at least v2.6 in order to use the function. This version restriction does not apply when loading files with safetensors.
See the vulnerability report here https://nvd.nist.gov/vuln/detail/CVE-2025-32434

During handling of the above exception, another exception occurred:

Traceback (most recent call last):
  File "C:\Python\Git\stock-prediction-app\venv\Lib\site-packages\transformers\pipelines\base.py", line 248, in load_model
    model = model_class.from_pretrained(model, **fp32_kwargs)
            ^^^^^^^^^^^^^^^^^^^^^^^^^^^^^^^^^^^^^^^^^^^^^^^^^
  File "C:\Python\Git\stock-prediction-app\venv\Lib\site-packages\transformers\models\auto\auto_factory.py", line 405, in from_pretrained
    return model_class.from_pretrained(
           ^^^^^^^^^^^^^^^^^^^^^^^^^^^^
  File "C:\Python\Git\stock-prediction-app\venv\Lib\site-packages\transformers\modeling_utils.py", line 4296, in from_pretrained
    loading_info, disk_offload_index = cls._load_pretrained_model(model, state_dict, checkpoint_files, load_config)
                                       ^^^^^^^^^^^^^^^^^^^^^^^^^^^^^^^^^^^^^^^^^^^^^^^^^^^^^^^^^^^^^^^^^^^^^^^^^^^^
  File "C:\Python\Git\stock-prediction-app\venv\Lib\site-packages\transformers\modeling_utils.py", line 4422, in _load_pretrained_model
    merged_state_dict.update(load_state_dict(ckpt_file, disable_mmap=load_config.disable_mmap))
                             ^^^^^^^^^^^^^^^^^^^^^^^^^^^^^^^^^^^^^^^^^^^^^^^^^^^^^^^^^^^^^^^^^
  File "C:\Python\Git\stock-prediction-app\venv\Lib\site-packages\transformers\modeling_utils.py", line 374, in load_state_dict
    check_torch_load_is_safe()
  File "C:\Python\Git\stock-prediction-app\venv\Lib\site-packages\transformers\utils\import_utils.py", line 1384, in check_torch_load_is_safe
    raise ValueError(
ValueError: Due to a serious vulnerability issue in `torch.load`, even with `weights_only=True`, we now require users to upgrade torch to at least v2.6 in order to use the function. This version restriction does not apply when loading files with safetensors.
See the vulnerability report here https://nvd.nist.gov/vuln/detail/CVE-2025-32434

while loading with BertForSequenceClassification, an error is thrown:
Traceback (most recent call last):
  File "C:\Python\Git\stock-prediction-app\venv\Lib\site-packages\transformers\pipelines\base.py", line 232, in load_model
    model = model_class.from_pretrained(model, **kwargs)
            ^^^^^^^^^^^^^^^^^^^^^^^^^^^^^^^^^^^^^^^^^^^^
  File "C:\Python\Git\stock-prediction-app\venv\Lib\site-packages\transformers\modeling_utils.py", line 4219, in from_pretrained
    config, dtype = _get_dtype(
                    ^^^^^^^^^^^
  File "C:\Python\Git\stock-prediction-app\venv\Lib\site-packages\transformers\modeling_utils.py", line 848, in _get_dtype
    state_dict = load_state_dict(
                 ^^^^^^^^^^^^^^^^
  File "C:\Python\Git\stock-prediction-app\venv\Lib\site-packages\transformers\modeling_utils.py", line 374, in load_state_dict
    check_torch_load_is_safe()
  File "C:\Python\Git\stock-prediction-app\venv\Lib\site-packages\transformers\utils\import_utils.py", line 1384, in check_torch_load_is_safe
    raise ValueError(
ValueError: Due to a serious vulnerability issue in `torch.load`, even with `weights_only=True`, we now require users to upgrade torch to at least v2.6 in order to use the function. This version restriction does not apply when loading files with safetensors.
See the vulnerability report here https://nvd.nist.gov/vuln/detail/CVE-2025-32434

During handling of the above exception, another exception occurred:

Traceback (most recent call last):
  File "C:\Python\Git\stock-prediction-app\venv\Lib\site-packages\transformers\pipelines\base.py", line 248, in load_model
    model = model_class.from_pretrained(model, **fp32_kwargs)
            ^^^^^^^^^^^^^^^^^^^^^^^^^^^^^^^^^^^^^^^^^^^^^^^^^
  File "C:\Python\Git\stock-prediction-app\venv\Lib\site-packages\transformers\modeling_utils.py", line 4296, in from_pretrained
    loading_info, disk_offload_index = cls._load_pretrained_model(model, state_dict, checkpoint_files, load_config)
                                       ^^^^^^^^^^^^^^^^^^^^^^^^^^^^^^^^^^^^^^^^^^^^^^^^^^^^^^^^^^^^^^^^^^^^^^^^^^^^
  File "C:\Python\Git\stock-prediction-app\venv\Lib\site-packages\transformers\modeling_utils.py", line 4422, in _load_pretrained_model
    merged_state_dict.update(load_state_dict(ckpt_file, disable_mmap=load_config.disable_mmap))
                             ^^^^^^^^^^^^^^^^^^^^^^^^^^^^^^^^^^^^^^^^^^^^^^^^^^^^^^^^^^^^^^^^^
  File "C:\Python\Git\stock-prediction-app\venv\Lib\site-packages\transformers\modeling_utils.py", line 374, in load_state_dict
    check_torch_load_is_safe()
  File "C:\Python\Git\stock-prediction-app\venv\Lib\site-packages\transformers\utils\import_utils.py", line 1384, in check_torch_load_is_safe
    raise ValueError(
ValueError: Due to a serious vulnerability issue in `torch.load`, even with `weights_only=True`, we now require users to upgrade torch to at least v2.6 in order to use the function. This version restriction does not apply when loading files with safetensors.
See the vulnerability report here https://nvd.nist.gov/vuln/detail/CVE-2025-32434



2026-06-27 22:43:19 | INFO     | httpx                               | HTTP Request: GET https://huggingface.co/api/models/ProsusAI/finbert/discussions?p=0 "HTTP/1.1 200 OK"
2026-06-27 22:43:19 | INFO     | httpx                               | HTTP Request: GET https://huggingface.co/api/models/ProsusAI/finbert "HTTP/1.1 200 OK"
2026-06-27 22:43:19 | INFO     | httpx                               | HTTP Request: GET https://huggingface.co/api/models/ProsusAI/finbert/commits/refs%2Fpr%2F29 "HTTP/1.1 200 OK"
2026-06-27 22:43:20 | INFO     | httpx                               | HTTP Request: GET https://huggingface.co/api/models/ProsusAI/finbert/commits/main "HTTP/1.1 200 OK"
2026-06-27 22:43:20 | INFO     | httpx                               | HTTP Request: HEAD https://huggingface.co/ProsusAI/finbert/resolve/refs%2Fpr%2F29/model.safetensors.index.json "HTTP/1.1 404 Not Found"
2026-06-27 22:43:20 | INFO     | __main__                            | App started / reloaded
2026-06-27 22:43:21 | INFO     | httpx                               | HTTP Request: GET https://huggingface.co/api/models/ProsusAI/finbert/discussions?p=0 "HTTP/1.1 200 OK"
2026-06-27 22:43:21 | INFO     | httpx                               | HTTP Request: HEAD https://huggingface.co/ProsusAI/finbert/resolve/refs%2Fpr%2F29/model.safetensors "HTTP/1.1 302 Found"
2026-06-27 22:43:22 | INFO     | httpx                               | HTTP Request: GET https://huggingface.co/api/models/ProsusAI/finbert/commits/refs%2Fpr%2F29 "HTTP/1.1 200 OK"
2026-06-27 22:43:23 | INFO     | httpx                               | HTTP Request: HEAD https://huggingface.co/ProsusAI/finbert/resolve/refs%2Fpr%2F29/model.safetensors.index.json "HTTP/1.1 404 Not Found"
2026-06-27 22:43:24 | INFO     | storage.recommendation_validation   | Validated ADANIENT.NS          | Signal: BUY         | CMP:  3038.40 | Current:  3038.00 | Return: -0.01% | ▼ FAILED
2026-06-27 22:43:24 | INFO     | scanner.engine                      | PASSED   | BHARTIARTL.NS        | signal=HOLD        | score=0.5060 | conf= 68.61 | acc=0.5072
2026-06-27 22:43:24 | INFO     | httpx                               | HTTP Request: HEAD https://huggingface.co/ProsusAI/finbert/resolve/refs%2Fpr%2F29/model.safetensors "HTTP/1.1 302 Found"
2026-06-27 22:43:28 | INFO     | scanner.filters                     | FILTERED | ?                    | signal=BUY         | conf= 82.77 | acc=0.5725 | score=0.5978 | reason=RSI 71.2 outside [35, 70]
2026-06-27 22:43:28 | INFO     | scanner.engine                      | FILTERED | ICICIBANK.NS         | signal=BUY         | conf= 82.77 | acc=0.5725 | score=0.5978
2026-06-27 22:43:28 | INFO     | __main__                            | App started / reloaded
2026-06-27 22:43:28 | INFO     | scanner.engine                      | PASSED   | RELIANCE.NS          | signal=HOLD        | score=0.4233 | conf= 71.07 | acc=0.4710
2026-06-27 22:43:29 | INFO     | scanner.engine                      | PASSED   | HCLTECH.NS           | signal=SELL        | score=0.3433 | conf= 84.26 | acc=0.3841
2026-06-27 22:43:29 | INFO     | scanner.engine                      | PASSED   | SBIN.NS              | signal=HOLD        | score=0.5489 | conf= 71.42 | acc=0.5652
2026-06-27 22:43:30 | INFO     | scanner.engine                      | PASSED   | HDFCBANK.NS          | signal=HOLD        | score=0.5349 | conf= 71.41 | acc=0.5072
2026-06-27 22:43:30 | INFO     | scanner.engine                      | PASSED   | INFY.NS              | signal=SELL        | score=0.3373 | conf= 77.11 | acc=0.3478
2026-06-27 22:43:31 | INFO     | scanner.engine                      | PASSED   | TCS.NS               | signal=SELL        | score=0.3140 | conf= 72.86 | acc=0.3768
2026-06-27 22:43:33 | INFO     | storage.recommendation_validation   | Validated ICICIBANK.NS         | Signal: BUY         | CMP:  1346.50 | Current:  1387.50 | Return: +3.04% | ▲ SUCCESS
2026-06-27 22:43:34 | ERROR    | yfinance                            | $WIPRO.NS: possibly delisted; no price data found  (period=1y)
2026-06-27 22:43:34 | ERROR    | yfinance                            | 
1 Failed download:
2026-06-27 22:43:34 | ERROR    | yfinance                            | ['WIPRO.NS']: possibly delisted; no price data found  (period=1y)
2026-06-27 22:43:34 | WARNING  | scanner.engine                      | WIPRO.NS: no data returned
2026-06-27 22:43:35 | INFO     | storage.recommendation_validation   | Validated ABCAPITAL.NS         | Signal: BUY         | CMP:   375.90 | Current:   390.80 | Return: +3.96% | ▲ SUCCESS
2026-06-27 22:43:35 | INFO     | storage.recommendation_validation   | Validation complete — 3 validated out of 3 pending
2026-06-27 22:43:38 | INFO     | news.api                            | News fetched for LT.NS: 10 headlines
2026-06-27 22:43:40 | ERROR    | yfinance                            | $ASIANPAINT.NS: possibly delisted; no price data found  (period=1y)
2026-06-27 22:43:40 | ERROR    | yfinance                            | 
1 Failed download:
2026-06-27 22:43:40 | ERROR    | yfinance                            | ['ASIANPAINT.NS']: possibly delisted; no price data found  (period=1y)
2026-06-27 22:43:40 | WARNING  | scanner.engine                      | ASIANPAINT.NS: no data returned
2026-06-27 22:43:40 | INFO     | news.api                            | News fetched for AXISBANK.NS: 10 headlines
2026-06-27 22:43:41 | INFO     | scanner.engine                      | PASSED   | LT.NS                | signal=BUY         | score=0.6354 | conf= 82.69 | acc=0.5072
2026-06-27 22:43:41 | INFO     | news.api                            | News fetched for ADANIENT.NS: 10 headlines
2026-06-27 22:43:41 | INFO     | news.api                            | News fetched for APOLLOHOSP.NS: 10 headlines
2026-06-27 22:43:42 | INFO     | news.api                            | News fetched for BAJAJ-AUTO.NS: 10 headlines
2026-06-27 22:43:42 | INFO     | news.api                            | News fetched for ADANIPORTS.NS: 10 headlines
2026-06-27 22:43:42 | INFO     | scanner.engine                      | PASSED   | AXISBANK.NS          | signal=BUY         | score=0.6297 | conf= 78.73 | acc=0.5362
2026-06-27 22:43:42 | INFO     | news.api                            | News fetched for BAJFINANCE.NS: 10 headlines
2026-06-27 22:43:43 | INFO     | scanner.engine                      | PASSED   | ADANIENT.NS          | signal=HOLD        | score=0.5746 | conf= 70.89 | acc=0.4783
2026-06-27 22:43:43 | INFO     | scanner.filters                     | FILTERED | ?                    | signal=HOLD        | conf= 67.37 | acc=0.4130 | score=0.5245 | reason=avg_volume 357399 below MIN_AVG_VOLUME 500000
2026-06-27 22:43:43 | INFO     | scanner.engine                      | FILTERED | APOLLOHOSP.NS        | signal=HOLD        | conf= 67.37 | acc=0.4130 | score=0.5245
2026-06-27 22:43:43 | INFO     | scanner.filters                     | FILTERED | ?                    | signal=HOLD        | conf= 67.24 | acc=0.5797 | score=0.4493 | reason=avg_volume 365735 below MIN_AVG_VOLUME 500000
2026-06-27 22:43:43 | INFO     | scanner.engine                      | FILTERED | BAJAJ-AUTO.NS        | signal=HOLD        | conf= 67.24 | acc=0.5797 | score=0.4493
2026-06-27 22:43:43 | INFO     | scanner.engine                      | PASSED   | ADANIPORTS.NS        | signal=HOLD        | score=0.4977 | conf= 65.92 | acc=0.4783
2026-06-27 22:43:43 | INFO     | scanner.engine                      | PASSED   | BAJFINANCE.NS        | signal=BUY         | score=0.5989 | conf= 73.61 | acc=0.5072
2026-06-27 22:43:46 | INFO     | news.api                            | News fetched for BAJAJFINSV.NS: 10 headlines
2026-06-27 22:43:46 | INFO     | news.api                            | News fetched for BEL.NS: 10 headlines
2026-06-27 22:43:47 | INFO     | scanner.engine                      | PASSED   | BAJAJFINSV.NS        | signal=HOLD        | score=0.4664 | conf= 74.82 | acc=0.3551
2026-06-27 22:43:48 | INFO     | news.api                            | News fetched for BPCL.NS: 10 headlines
2026-06-27 22:43:48 | INFO     | scanner.engine                      | PASSED   | BEL.NS               | signal=SELL        | score=0.3824 | conf= 75.87 | acc=0.4928
2026-06-27 22:43:48 | INFO     | news.api                            | News fetched for BRITANNIA.NS: 10 headlines
2026-06-27 22:43:48 | INFO     | __main__                            | App started / reloaded
2026-06-27 22:43:49 | INFO     | news.api                            | News fetched for CIPLA.NS: 10 headlines
2026-06-27 22:43:49 | INFO     | scanner.engine                      | PASSED   | BPCL.NS              | signal=HOLD        | score=0.5027 | conf= 75.47 | acc=0.4348
2026-06-27 22:43:49 | INFO     | news.api                            | News fetched for DRREDDY.NS: 10 headlines
2026-06-27 22:43:50 | INFO     | news.api                            | News fetched for COALINDIA.NS: 10 headlines
2026-06-27 22:43:50 | INFO     | news.api                            | News fetched for EICHERMOT.NS: 10 headlines
2026-06-27 22:43:50 | INFO     | scanner.filters                     | FILTERED | ?                    | signal=SELL        | conf= 66.15 | acc=0.4928 | score=0.3986 | reason=avg_volume 265051 below MIN_AVG_VOLUME 500000
2026-06-27 22:43:50 | INFO     | scanner.engine                      | FILTERED | BRITANNIA.NS         | signal=SELL        | conf= 66.15 | acc=0.4928 | score=0.3986
2026-06-27 22:43:51 | INFO     | scanner.engine                      | PASSED   | CIPLA.NS             | signal=BUY         | score=0.5808 | conf= 68.48 | acc=0.4928
2026-06-27 22:43:51 | INFO     | scanner.engine                      | PASSED   | COALINDIA.NS         | signal=SELL        | score=0.3878 | conf= 75.08 | acc=0.5290
2026-06-27 22:43:51 | INFO     | scanner.engine                      | PASSED   | DRREDDY.NS           | signal=HOLD        | score=0.5476 | conf= 85.36 | acc=0.5217
2026-06-27 22:43:51 | INFO     | scanner.filters                     | FILTERED | ?                    | signal=BUY         | conf= 69.11 | acc=0.4928 | score=0.5822 | reason=avg_volume 451278 below MIN_AVG_VOLUME 500000
2026-06-27 22:43:51 | INFO     | scanner.engine                      | FILTERED | EICHERMOT.NS         | signal=BUY         | conf= 69.11 | acc=0.4928 | score=0.5822
2026-06-27 22:43:53 | INFO     | news.api                            | News fetched for GRASIM.NS: 10 headlines
2026-06-27 22:43:54 | INFO     | news.api                            | News fetched for HDFCLIFE.NS: 10 headlines
2026-06-27 22:43:55 | INFO     | scanner.engine                      | PASSED   | GRASIM.NS            | signal=HOLD        | score=0.5148 | conf= 82.67 | acc=0.4783
2026-06-27 22:43:57 | INFO     | scanner.engine                      | PASSED   | HDFCLIFE.NS          | signal=HOLD        | score=0.4299 | conf= 81.37 | acc=0.5290
2026-06-27 22:43:57 | INFO     | news.api                            | News fetched for HEROMOTOCO.NS: 10 headlines
2026-06-27 22:43:58 | INFO     | news.api                            | News fetched for HINDALCO.NS: 10 headlines
2026-06-27 22:44:00 | INFO     | news.api                            | News fetched for HINDUNILVR.NS: 10 headlines
2026-06-27 22:44:00 | INFO     | scanner.engine                      | PASSED   | HINDALCO.NS          | signal=SELL        | score=0.3660 | conf= 77.59 | acc=0.5362
2026-06-27 22:44:00 | INFO     | scanner.engine                      | PASSED   | HEROMOTOCO.NS        | signal=SELL        | score=0.4144 | conf= 76.45 | acc=0.5072
2026-06-27 22:44:02 | INFO     | news.api                            | News fetched for ITC.NS: 10 headlines
2026-06-27 22:44:02 | INFO     | scanner.engine                      | PASSED   | HINDUNILVR.NS        | signal=HOLD        | score=0.4600 | conf= 84.58 | acc=0.5145
2026-06-27 22:44:03 | INFO     | news.api                            | News fetched for JSWSTEEL.NS: 10 headlines
2026-06-27 22:44:04 | INFO     | scanner.engine                      | PASSED   | ITC.NS               | signal=HOLD        | score=0.4300 | conf= 78.24 | acc=0.6087
2026-06-27 22:44:05 | INFO     | news.api                            | News fetched for INDUSINDBK.NS: 10 headlines
2026-06-27 22:44:05 | INFO     | scanner.engine                      | PASSED   | JSWSTEEL.NS          | signal=HOLD        | score=0.4337 | conf= 71.33 | acc=0.3768
2026-06-27 22:44:05 | INFO     | news.api                            | News fetched for KOTAKBANK.NS: 10 headlines
2026-06-27 22:44:06 | INFO     | scanner.engine                      | PASSED   | INDUSINDBK.NS        | signal=HOLD        | score=0.4789 | conf= 69.30 | acc=0.5507
2026-06-27 22:44:07 | INFO     | scanner.engine                      | PASSED   | KOTAKBANK.NS         | signal=BUY         | score=0.5868 | conf= 58.52 | acc=0.5942
2026-06-27 22:44:08 | INFO     | news.api                            | News fetched for MARUTI.NS: 10 headlines
2026-06-27 22:44:08 | INFO     | news.api                            | News fetched for M&M.NS: 10 headlines
2026-06-27 22:44:08 | INFO     | news.api                            | News fetched for NESTLEIND.NS: 10 headlines
2026-06-27 22:44:08 | INFO     | __main__                            | App started / reloaded
2026-06-27 22:44:10 | INFO     | scanner.filters                     | FILTERED | ?                    | signal=HOLD        | conf= 80.68 | acc=0.5145 | score=0.4916 | reason=avg_volume 415707 below MIN_AVG_VOLUME 500000
2026-06-27 22:44:10 | INFO     | scanner.engine                      | FILTERED | MARUTI.NS            | signal=HOLD        | conf= 80.68 | acc=0.5145 | score=0.4916
2026-06-27 22:44:10 | INFO     | scanner.engine                      | PASSED   | M&M.NS               | signal=HOLD        | score=0.4393 | conf= 81.40 | acc=0.6232
2026-06-27 22:44:10 | INFO     | news.api                            | News fetched for NTPC.NS: 10 headlines
2026-06-27 22:44:10 | INFO     | scanner.engine                      | PASSED   | NESTLEIND.NS         | signal=HOLD        | score=0.5015 | conf= 76.88 | acc=0.5217
2026-06-27 22:44:11 | INFO     | news.api                            | News fetched for ONGC.NS: 10 headlines
2026-06-27 22:44:11 | INFO     | scanner.engine                      | PASSED   | NTPC.NS              | signal=SELL        | score=0.3269 | conf= 74.84 | acc=0.5000
2026-06-27 22:44:12 | INFO     | news.api                            | News fetched for POWERGRID.NS: 10 headlines
2026-06-27 22:44:13 | INFO     | news.api                            | News fetched for SBILIFE.NS: 10 headlines
2026-06-27 22:44:13 | INFO     | news.api                            | News fetched for SHRIRAMFIN.NS: 10 headlines
2026-06-27 22:44:14 | INFO     | scanner.engine                      | PASSED   | ONGC.NS              | signal=SELL        | score=0.3072 | conf= 79.79 | acc=0.4275
2026-06-27 22:44:15 | INFO     | scanner.engine                      | PASSED   | SBILIFE.NS           | signal=SELL        | score=0.3949 | conf= 65.35 | acc=0.5145
2026-06-27 22:44:15 | INFO     | scanner.engine                      | PASSED   | POWERGRID.NS         | signal=SELL        | score=0.3655 | conf= 80.48 | acc=0.5217
2026-06-27 22:44:16 | INFO     | scanner.engine                      | PASSED   | SHRIRAMFIN.NS        | signal=HOLD        | score=0.5331 | conf= 77.83 | acc=0.4928
2026-06-27 22:44:16 | ERROR    | yfinance                            | HTTP Error 401: {"finance":{"result":null,"error":{"code":"Unauthorized","description":"Invalid Crumb"}}}
2026-06-27 22:44:18 | ERROR    | yfinance                            | HTTP Error 401: {"finance":{"result":null,"error":{"code":"Unauthorized","description":"User is unable to access this feature - https://bit.ly/yahoo-finance-api-feedback"}}}
2026-06-27 22:44:18 | INFO     | news.api                            | News fetched for SUNPHARMA.NS: 10 headlines
2026-06-27 22:44:18 | ERROR    | yfinance                            | 
1 Failed download:
2026-06-27 22:44:18 | ERROR    | yfinance                            | ['TATAMOTORS.NS']: TypeError("argument of type 'NoneType' is not iterable")
2026-06-27 22:44:18 | WARNING  | scanner.engine                      | TATAMOTORS.NS: no data returned
2026-06-27 22:44:19 | INFO     | news.api                            | News fetched for TATASTEEL.NS: 10 headlines
2026-06-27 22:44:19 | INFO     | news.api                            | News fetched for TATACONSUM.NS: 10 headlines
2026-06-27 22:44:20 | INFO     | scanner.engine                      | PASSED   | SUNPHARMA.NS         | signal=HOLD        | score=0.5517 | conf= 77.67 | acc=0.4783
2026-06-27 22:44:20 | INFO     | scanner.engine                      | PASSED   | TATASTEEL.NS         | signal=SELL        | score=0.3569 | conf= 72.50 | acc=0.4493
2026-06-27 22:44:21 | INFO     | scanner.engine                      | PASSED   | TATACONSUM.NS        | signal=HOLD        | score=0.5167 | conf= 76.24 | acc=0.6014
2026-06-27 22:44:22 | INFO     | news.api                            | News fetched for TITAN.NS: 10 headlines
2026-06-27 22:44:22 | INFO     | scanner.engine                      | PASSED   | TITAN.NS             | signal=HOLD        | score=0.5102 | conf= 62.65 | acc=0.5797
2026-06-27 22:44:23 | INFO     | news.api                            | News fetched for ULTRACEMCO.NS: 10 headlines
2026-06-27 22:44:23 | INFO     | news.api                            | News fetched for TRENT.NS: 10 headlines
2026-06-27 22:44:23 | INFO     | news.api                            | News fetched for TECHM.NS: 10 headlines
2026-06-27 22:44:23 | INFO     | scanner.filters                     | FILTERED | ?                    | signal=HOLD        | conf= 67.76 | acc=0.5000 | score=0.4448 | reason=avg_volume 323020 below MIN_AVG_VOLUME 500000
2026-06-27 22:44:23 | INFO     | scanner.engine                      | FILTERED | ULTRACEMCO.NS        | signal=HOLD        | conf= 67.76 | acc=0.5000 | score=0.4448
2026-06-27 22:44:24 | INFO     | scanner.filters                     | FILTERED | 2026-06-25 00:00:00  | signal=BUY         | conf= 81.84 | acc=0.4275 | score=0.6071 | reason=accuracy 0.4275 below MIN_ACCURACY 0.44
2026-06-27 22:44:24 | INFO     | scanner.engine                      | FILTERED | TRENT.NS             | signal=BUY         | conf= 81.84 | acc=0.4275 | score=0.6071
2026-06-27 22:44:24 | INFO     | scanner.engine                      | PASSED   | TECHM.NS             | signal=SELL        | score=0.3933 | conf= 83.16 | acc=0.5580
2026-06-27 22:44:24 | INFO     | scanner.engine                      | Scan batch done: 50 processed, 39 passed filters
2026-06-27 22:44:24 | INFO     | scanner.engine                      | SCAN END   | id=9f5fc0f0_large_cap | category=Large Cap | scanned=100 | passed=39 | filtered=61
2026-06-27 22:44:24 | INFO     | scanner.engine                      | SCAN START | id=9f5fc0f0_mid_cap | category=Mid Cap | stocks=100
2026-06-27 22:44:24 | INFO     | scanner.engine                      | Parallel scan: 50 stocks / 8 workers
2026-06-27 22:44:29 | INFO     | __main__                            | App started / reloaded
2026-06-27 22:44:31 | INFO     | news.api                            | News fetched for DIXON.NS: 10 headlines
2026-06-27 22:44:31 | INFO     | news.api                            | News fetched for PAGEIND.NS: 10 headlines
2026-06-27 22:44:31 | INFO     | news.api                            | News fetched for FEDERALBNK.NS: 10 headlines
2026-06-27 22:44:31 | INFO     | news.api                            | News fetched for COFORGE.NS: 10 headlines
2026-06-27 22:44:32 | INFO     | news.api                            | News fetched for TATAELXSI.NS: 10 headlines
2026-06-27 22:44:32 | INFO     | news.api                            | News fetched for PERSISTENT.NS: 10 headlines
2026-06-27 22:44:32 | INFO     | news.api                            | News fetched for MPHASIS.NS: 10 headlines
2026-06-27 22:44:32 | INFO     | news.api                            | News fetched for LTTS.NS: 10 headlines
2026-06-27 22:44:32 | INFO     | scanner.engine                      | PASSED   | DIXON.NS             | signal=HOLD        | score=0.4449 | conf= 81.82 | acc=0.4928
2026-06-27 22:44:32 | INFO     | scanner.filters                     | FILTERED | ?                    | signal=BUY         | conf= 83.63 | acc=0.4928 | score=0.6186 | reason=avg_volume 27619 below MIN_AVG_VOLUME 500000
2026-06-27 22:44:32 | INFO     | scanner.engine                      | FILTERED | PAGEIND.NS           | signal=BUY         | conf= 83.63 | acc=0.4928 | score=0.6186
2026-06-27 22:44:32 | INFO     | scanner.filters                     | FILTERED | 2026-06-25 00:00:00  | signal=BUY         | conf= 76.25 | acc=0.4058 | score=0.6788 | reason=accuracy 0.4058 below MIN_ACCURACY 0.44
2026-06-27 22:44:32 | INFO     | scanner.engine                      | FILTERED | FEDERALBNK.NS        | signal=BUY         | conf= 76.25 | acc=0.4058 | score=0.6788
2026-06-27 22:44:32 | INFO     | scanner.engine                      | PASSED   | COFORGE.NS           | signal=HOLD        | score=0.5386 | conf= 77.54 | acc=0.4710
2026-06-27 22:44:33 | INFO     | scanner.engine                      | PASSED   | PERSISTENT.NS        | signal=SELL        | score=0.3628 | conf= 74.59 | acc=0.4928
2026-06-27 22:44:33 | INFO     | scanner.filters                     | FILTERED | ?                    | signal=SELL        | conf= 65.42 | acc=0.5362 | score=0.3611 | reason=avg_volume 268705 below MIN_AVG_VOLUME 500000
2026-06-27 22:44:33 | INFO     | scanner.engine                      | FILTERED | TATAELXSI.NS         | signal=SELL        | conf= 65.42 | acc=0.5362 | score=0.3611
2026-06-27 22:44:33 | INFO     | scanner.engine                      | PASSED   | MPHASIS.NS           | signal=SELL        | score=0.3957 | conf= 63.22 | acc=0.4275
2026-06-27 22:44:33 | INFO     | scanner.filters                     | FILTERED | ?                    | signal=HOLD        | conf= 76.06 | acc=0.3551 | score=0.4256 | reason=avg_volume 115474 below MIN_AVG_VOLUME 500000
2026-06-27 22:44:33 | INFO     | scanner.engine                      | FILTERED | LTTS.NS              | signal=HOLD        | conf= 76.06 | acc=0.3551 | score=0.4256
2026-06-27 22:44:39 | INFO     | news.api                            | News fetched for AUBANK.NS: 10 headlines
2026-06-27 22:44:39 | INFO     | news.api                            | News fetched for KPITTECH.NS: 10 headlines
2026-06-27 22:44:39 | INFO     | news.api                            | News fetched for ABCAPITAL.NS: 10 headlines
2026-06-27 22:44:39 | INFO     | scanner.engine                      | PASSED   | AUBANK.NS            | signal=HOLD        | score=0.5670 | conf= 81.09 | acc=0.5145
2026-06-27 22:44:40 | INFO     | scanner.engine                      | PASSED   | KPITTECH.NS          | signal=SELL        | score=0.3868 | conf= 70.57 | acc=0.4783
2026-06-27 22:44:40 | INFO     | scanner.engine                      | PASSED   | ABCAPITAL.NS         | signal=BUY         | score=0.6148 | conf= 81.23 | acc=0.5217
2026-06-27 22:44:40 | INFO     | news.api                            | News fetched for ABFRL.NS: 10 headlines
2026-06-27 22:44:40 | INFO     | news.api                            | News fetched for AIAENG.NS: 10 headlines
2026-06-27 22:44:40 | INFO     | news.api                            | News fetched for AJANTPHARM.NS: 10 headlines
2026-06-27 22:44:41 | INFO     | news.api                            | News fetched for ALKEM.NS: 10 headlines
2026-06-27 22:44:41 | INFO     | news.api                            | News fetched for ACC.NS: 10 headlines
2026-06-27 22:44:42 | INFO     | scanner.filters                     | FILTERED | ?                    | signal=HOLD        | conf= 77.11 | acc=0.5580 | score=0.5329 | reason=avg_volume 118834 below MIN_AVG_VOLUME 500000
2026-06-27 22:44:42 | INFO     | scanner.filters                     | FILTERED | ?                    | signal=BUY         | conf= 83.87 | acc=0.5435 | score=0.6316 | reason=avg_volume 104984 below MIN_AVG_VOLUME 500000
2026-06-27 22:44:42 | INFO     | scanner.engine                      | FILTERED | AJANTPHARM.NS        | signal=HOLD        | conf= 77.11 | acc=0.5580 | score=0.5329
2026-06-27 22:44:42 | INFO     | scanner.engine                      | FILTERED | AIAENG.NS            | signal=BUY         | conf= 83.87 | acc=0.5435 | score=0.6316
2026-06-27 22:44:43 | INFO     | scanner.engine                      | PASSED   | ABFRL.NS             | signal=HOLD        | score=0.4215 | conf= 66.90 | acc=0.5725
2026-06-27 22:44:43 | INFO     | scanner.filters                     | FILTERED | ?                    | signal=HOLD        | conf= 76.20 | acc=0.5072 | score=0.4771 | reason=avg_volume 128300 below MIN_AVG_VOLUME 500000
2026-06-27 22:44:43 | INFO     | scanner.engine                      | FILTERED | ALKEM.NS             | signal=HOLD        | conf= 76.20 | acc=0.5072 | score=0.4771
2026-06-27 22:44:43 | INFO     | scanner.filters                     | FILTERED | ?                    | signal=HOLD        | conf= 60.92 | acc=0.5435 | score=0.4216 | reason=avg_volume 172321 below MIN_AVG_VOLUME 500000
2026-06-27 22:44:43 | INFO     | scanner.engine                      | FILTERED | ACC.NS               | signal=HOLD        | conf= 60.92 | acc=0.5435 | score=0.4216
2026-06-27 22:44:46 | INFO     | news.api                            | News fetched for APOLLOTYRE.NS: 10 headlines
2026-06-27 22:44:46 | INFO     | news.api                            | News fetched for ASTRAL.NS: 10 headlines
2026-06-27 22:44:46 | INFO     | news.api                            | News fetched for ASHOKLEY.NS: 10 headlines
2026-06-27 22:44:47 | INFO     | scanner.engine                      | PASSED   | APOLLOTYRE.NS        | signal=BUY         | score=0.5881 | conf= 86.53 | acc=0.4783
2026-06-27 22:44:48 | INFO     | scanner.filters                     | FILTERED | ?                    | signal=SELL        | conf= 81.60 | acc=0.5435 | score=0.3782 | reason=avg_volume 476657 below MIN_AVG_VOLUME 500000
2026-06-27 22:44:48 | INFO     | scanner.engine                      | FILTERED | ASTRAL.NS            | signal=SELL        | conf= 81.60 | acc=0.5435 | score=0.3782
2026-06-27 22:44:48 | INFO     | scanner.engine                      | PASSED   | ASHOKLEY.NS          | signal=HOLD        | score=0.4568 | conf= 86.96 | acc=0.4565
2026-06-27 22:44:49 | INFO     | news.api                            | News fetched for AUROPHARMA.NS: 10 headlines
2026-06-27 22:44:49 | INFO     | news.api                            | News fetched for BALKRISIND.NS: 10 headlines
2026-06-27 22:44:50 | INFO     | news.api                            | News fetched for BATAINDIA.NS: 10 headlines
2026-06-27 22:44:51 | INFO     | scanner.filters                     | FILTERED | 2026-06-25 00:00:00  | signal=BUY         | conf= 71.99 | acc=0.4058 | score=0.6146 | reason=accuracy 0.4058 below MIN_ACCURACY 0.44
2026-06-27 22:44:51 | INFO     | scanner.engine                      | FILTERED | AUROPHARMA.NS        | signal=BUY         | conf= 71.99 | acc=0.4058 | score=0.6146
2026-06-27 22:44:51 | INFO     | news.api                            | News fetched for BANDHANBNK.NS: 10 headlines
2026-06-27 22:44:51 | INFO     | scanner.filters                     | FILTERED | ?                    | signal=HOLD        | conf= 86.73 | acc=0.5000 | score=0.4458 | reason=avg_volume 216673 below MIN_AVG_VOLUME 500000
2026-06-27 22:44:51 | INFO     | scanner.engine                      | FILTERED | BALKRISIND.NS        | signal=HOLD        | conf= 86.73 | acc=0.5000 | score=0.4458
2026-06-27 22:44:51 | INFO     | scanner.engine                      | PASSED   | BATAINDIA.NS         | signal=HOLD        | score=0.4512 | conf= 72.56 | acc=0.5580
2026-06-27 22:44:52 | INFO     | news.api                            | News fetched for BHEL.NS: 10 headlines
2026-06-27 22:44:53 | ERROR    | yfinance                            | HTTP Error 404: {"quoteSummary":{"result":null,"error":{"code":"Not Found","description":"Quote not found for symbol: CG.NS"}}}
2026-06-27 22:44:53 | INFO     | scanner.engine                      | PASSED   | BANDHANBNK.NS        | signal=HOLD        | score=0.5054 | conf= 66.65 | acc=0.4928
2026-06-27 22:44:53 | INFO     | news.api                            | News fetched for BIOCON.NS: 10 headlines
2026-06-27 22:44:53 | INFO     | scanner.engine                      | PASSED   | BHEL.NS              | signal=HOLD        | score=0.5607 | conf= 80.41 | acc=0.5507
2026-06-27 22:44:54 | INFO     | news.api                            | News fetched for CESC.NS: 10 headlines
2026-06-27 22:44:54 | INFO     | news.api                            | News fetched for BRIGADE.NS: 10 headlines
2026-06-27 22:44:54 | ERROR    | yfinance                            | HTTP Error 401: {"finance":{"result":null,"error":{"code":"Unauthorized","description":"User is unable to access this feature - https://bit.ly/yahoo-finance-api-feedback"}}}
2026-06-27 22:44:54 | ERROR    | yfinance                            | 
1 Failed download:
2026-06-27 22:44:54 | ERROR    | yfinance                            | ['CG.NS']: TypeError("argument of type 'NoneType' is not iterable")
2026-06-27 22:44:54 | WARNING  | scanner.engine                      | CG.NS: no data returned
2026-06-27 22:44:55 | INFO     | scanner.engine                      | PASSED   | BIOCON.NS            | signal=HOLD        | score=0.4964 | conf= 82.47 | acc=0.5435
2026-06-27 22:44:55 | INFO     | news.api                            | News fetched for CHAMBLFERT.NS: 10 headlines
2026-06-27 22:44:55 | INFO     | scanner.engine                      | PASSED   | CESC.NS              | signal=SELL        | score=0.3775 | conf= 79.00 | acc=0.5725
2026-06-27 22:44:55 | INFO     | scanner.engine                      | PASSED   | BRIGADE.NS           | signal=HOLD        | score=0.4548 | conf= 84.54 | acc=0.6014
2026-06-27 22:44:57 | INFO     | scanner.engine                      | PASSED   | CHAMBLFERT.NS        | signal=HOLD        | score=0.4293 | conf= 73.39 | acc=0.5145
2026-06-27 22:44:57 | INFO     | news.api                            | News fetched for CONCOR.NS: 10 headlines
2026-06-27 22:44:59 | INFO     | scanner.engine                      | PASSED   | CONCOR.NS            | signal=SELL        | score=0.4054 | conf= 75.06 | acc=0.5290
2026-06-27 22:45:00 | INFO     | news.api                            | News fetched for CUMMINSIND.NS: 10 headlines
2026-06-27 22:45:01 | INFO     | news.api                            | News fetched for DEEPAKNTR.NS: 10 headlines
2026-06-27 22:45:01 | INFO     | scanner.filters                     | FILTERED | ?                    | signal=HOLD        | conf= 72.95 | acc=0.5362 | score=0.4907 | reason=avg_volume 394492 below MIN_AVG_VOLUME 500000
2026-06-27 22:45:01 | INFO     | scanner.engine                      | FILTERED | CUMMINSIND.NS        | signal=HOLD        | conf= 72.95 | acc=0.5362 | score=0.4907
2026-06-27 22:45:01 | INFO     | news.api                            | News fetched for EMAMILTD.NS: 10 headlines
2026-06-27 22:45:02 | INFO     | scanner.filters                     | FILTERED | ?                    | signal=SELL        | conf= 74.83 | acc=0.5290 | score=0.4022 | reason=avg_volume 108696 below MIN_AVG_VOLUME 500000
2026-06-27 22:45:02 | INFO     | scanner.engine                      | FILTERED | DEEPAKNTR.NS         | signal=SELL        | conf= 74.83 | acc=0.5290 | score=0.4022
2026-06-27 22:45:02 | INFO     | scanner.engine                      | PASSED   | EMAMILTD.NS          | signal=SELL        | score=0.3598 | conf= 73.68 | acc=0.6232
2026-06-27 22:45:02 | INFO     | news.api                            | News fetched for EXIDEIND.NS: 10 headlines
2026-06-27 22:45:03 | INFO     | news.api                            | News fetched for DALBHARAT.NS: 10 headlines
2026-06-27 22:45:03 | INFO     | news.api                            | News fetched for ESCORTS.NS: 10 headlines
2026-06-27 22:45:04 | INFO     | news.api                            | News fetched for GLENMARK.NS: 10 headlines
2026-06-27 22:45:04 | INFO     | news.api                            | News fetched for GNFC.NS: 10 headlines
2026-06-27 22:45:04 | INFO     | scanner.engine                      | PASSED   | EXIDEIND.NS          | signal=HOLD        | score=0.4825 | conf= 89.02 | acc=0.5362
2026-06-27 22:45:05 | INFO     | scanner.filters                     | FILTERED | ?                    | signal=SELL        | conf= 62.17 | acc=0.4855 | score=0.4059 | reason=avg_volume 138338 below MIN_AVG_VOLUME 500000
2026-06-27 22:45:05 | INFO     | scanner.engine                      | FILTERED | ESCORTS.NS           | signal=SELL        | conf= 62.17 | acc=0.4855 | score=0.4059
2026-06-27 22:45:05 | INFO     | scanner.filters                     | FILTERED | ?                    | signal=SELL        | conf= 71.57 | acc=0.4710 | score=0.4082 | reason=avg_volume 271996 below MIN_AVG_VOLUME 500000
2026-06-27 22:45:05 | INFO     | scanner.engine                      | FILTERED | DALBHARAT.NS         | signal=SELL        | conf= 71.57 | acc=0.4710 | score=0.4082
2026-06-27 22:45:06 | INFO     | scanner.engine                      | PASSED   | GLENMARK.NS          | signal=SELL        | score=0.3684 | conf= 65.90 | acc=0.5580
2026-06-27 22:45:06 | INFO     | scanner.engine                      | PASSED   | GNFC.NS              | signal=HOLD        | score=0.5412 | conf= 77.15 | acc=0.5000
2026-06-27 22:45:08 | INFO     | news.api                            | News fetched for GUJGASLTD.NS: 10 headlines
2026-06-27 22:45:09 | INFO     | news.api                            | News fetched for HINDPETRO.NS: 10 headlines
2026-06-27 22:45:09 | INFO     | news.api                            | News fetched for IPCALAB.NS: 10 headlines
2026-06-27 22:45:10 | INFO     | scanner.filters                     | FILTERED | ?                    | signal=BUY         | conf= 90.62 | acc=0.5580 | score=0.5833 | reason=avg_volume 211643 below MIN_AVG_VOLUME 500000
2026-06-27 22:45:10 | INFO     | scanner.engine                      | FILTERED | IPCALAB.NS           | signal=BUY         | conf= 90.62 | acc=0.5580 | score=0.5833
2026-06-27 22:45:10 | INFO     | scanner.engine                      | PASSED   | HINDPETRO.NS         | signal=HOLD        | score=0.4928 | conf= 74.57 | acc=0.4710
2026-06-27 22:45:10 | INFO     | scanner.engine                      | PASSED   | GUJGASLTD.NS         | signal=SELL        | score=0.4033 | conf= 65.23 | acc=0.4783
2026-06-27 22:45:11 | INFO     | news.api                            | News fetched for IRFC.NS: 10 headlines
2026-06-27 22:45:11 | INFO     | news.api                            | News fetched for JKCEMENT.NS: 10 headlines
2026-06-27 22:45:12 | INFO     | news.api                            | News fetched for JUBLFOOD.NS: 10 headlines
2026-06-27 22:45:12 | INFO     | scanner.engine                      | PASSED   | IRFC.NS              | signal=SELL        | score=0.3518 | conf= 70.80 | acc=0.5870
2026-06-27 22:45:12 | INFO     | scanner.filters                     | FILTERED | ?                    | signal=HOLD        | conf= 76.45 | acc=0.5217 | score=0.4651 | reason=avg_volume 79462 below MIN_AVG_VOLUME 500000
2026-06-27 22:45:12 | INFO     | scanner.engine                      | FILTERED | JKCEMENT.NS          | signal=HOLD        | conf= 76.45 | acc=0.5217 | score=0.4651
2026-06-27 22:45:13 | INFO     | news.api                            | News fetched for KAJARIACER.NS: 10 headlines
2026-06-27 22:45:13 | INFO     | news.api                            | News fetched for KAYNES.NS: 10 headlines
2026-06-27 22:45:14 | INFO     | scanner.engine                      | PASSED   | JUBLFOOD.NS          | signal=SELL        | score=0.3906 | conf= 84.46 | acc=0.5652
2026-06-27 22:45:14 | INFO     | scanner.engine                      | PASSED   | KAYNES.NS            | signal=HOLD        | score=0.4553 | conf= 71.62 | acc=0.4565
2026-06-27 22:45:14 | INFO     | scanner.filters                     | FILTERED | ?                    | signal=BUY         | conf= 78.98 | acc=0.4710 | score=0.6362 | reason=avg_volume 227018 below MIN_AVG_VOLUME 500000
2026-06-27 22:45:14 | INFO     | scanner.engine                      | FILTERED | KAJARIACER.NS        | signal=BUY         | conf= 78.98 | acc=0.4710 | score=0.6362
2026-06-27 22:45:15 | INFO     | news.api                            | News fetched for KIMS.NS: 10 headlines
2026-06-27 22:45:15 | INFO     | scanner.engine                      | PASSED   | KIMS.NS              | signal=HOLD        | score=0.4846 | conf= 65.43 | acc=0.4420
2026-06-27 22:45:16 | INFO     | news.api                            | News fetched for MANAPPURAM.NS: 10 headlines
2026-06-27 22:45:16 | INFO     | news.api                            | News fetched for MFSL.NS: 10 headlines
2026-06-27 22:45:17 | INFO     | scanner.engine                      | PASSED   | MANAPPURAM.NS        | signal=HOLD        | score=0.5650 | conf= 74.28 | acc=0.5290
2026-06-27 22:45:17 | INFO     | news.api                            | News fetched for MGL.NS: 10 headlines
2026-06-27 22:45:17 | INFO     | scanner.engine                      | PASSED   | MFSL.NS              | signal=HOLD        | score=0.4833 | conf= 79.43 | acc=0.5507
2026-06-27 22:45:17 | INFO     | scanner.filters                     | FILTERED | ?                    | signal=HOLD        | conf= 85.70 | acc=0.5290 | score=0.5539 | reason=avg_volume 240963 below MIN_AVG_VOLUME 500000
2026-06-27 22:45:17 | INFO     | scanner.engine                      | FILTERED | MGL.NS               | signal=HOLD        | conf= 85.70 | acc=0.5290 | score=0.5539
2026-06-27 22:45:17 | INFO     | scanner.engine                      | Scan batch done: 50 processed, 30 passed filters
2026-06-27 22:45:17 | INFO     | scanner.engine                      | SCAN END   | id=9f5fc0f0_mid_cap | category=Mid Cap | scanned=100 | passed=30 | filtered=70
2026-06-27 22:45:17 | INFO     | scanner.engine                      | SCAN START | id=9f5fc0f0_small_cap | category=Small Cap | stocks=102
2026-06-27 22:45:17 | INFO     | scanner.engine                      | Parallel scan: 50 stocks / 8 workers
2026-06-27 22:45:24 | INFO     | news.api                            | News fetched for APARINDS.NS: 10 headlines
2026-06-27 22:45:24 | INFO     | news.api                            | News fetched for APLAPOLLO.NS: 10 headlines
2026-06-27 22:45:24 | INFO     | news.api                            | News fetched for CDSL.NS: 10 headlines
2026-06-27 22:45:24 | INFO     | news.api                            | News fetched for ANGELONE.NS: 10 headlines
2026-06-27 22:45:24 | INFO     | news.api                            | News fetched for BSOFT.NS: 10 headlines
2026-06-27 22:45:24 | INFO     | news.api                            | News fetched for SAREGAMA.NS: 10 headlines
2026-06-27 22:45:25 | INFO     | news.api                            | News fetched for TANLA.NS: 10 headlines
2026-06-27 22:45:25 | INFO     | scanner.filters                     | FILTERED | ?                    | signal=BUY         | conf= 66.30 | acc=0.4928 | score=0.6263 | reason=avg_volume 168284 below MIN_AVG_VOLUME 500000
2026-06-27 22:45:25 | INFO     | scanner.engine                      | FILTERED | APARINDS.NS          | signal=BUY         | conf= 66.30 | acc=0.4928 | score=0.6263
2026-06-27 22:45:25 | INFO     | scanner.engine                      | PASSED   | CDSL.NS              | signal=HOLD        | score=0.5557 | conf= 84.84 | acc=0.5145
2026-06-27 22:45:25 | INFO     | news.api                            | News fetched for HAPPSTMNDS.NS: 10 headlines
2026-06-27 22:45:25 | INFO     | scanner.engine                      | PASSED   | APLAPOLLO.NS         | signal=SELL        | score=0.4104 | conf= 79.31 | acc=0.4783
2026-06-27 22:45:25 | INFO     | scanner.engine                      | PASSED   | ANGELONE.NS          | signal=HOLD        | score=0.4810 | conf= 77.74 | acc=0.4855
2026-06-27 22:45:25 | INFO     | scanner.engine                      | PASSED   | BSOFT.NS             | signal=SELL        | score=0.3303 | conf= 84.17 | acc=0.4493
2026-06-27 22:45:25 | INFO     | scanner.engine                      | PASSED   | SAREGAMA.NS          | signal=HOLD        | score=0.5385 | conf= 80.82 | acc=0.5072
2026-06-27 22:45:25 | INFO     | scanner.filters                     | FILTERED | ?                    | signal=HOLD        | conf= 86.15 | acc=0.5290 | score=0.4496 | reason=avg_volume 373837 below MIN_AVG_VOLUME 500000
2026-06-27 22:45:25 | INFO     | scanner.engine                      | FILTERED | TANLA.NS             | signal=HOLD        | conf= 86.15 | acc=0.5290 | score=0.4496
2026-06-27 22:45:26 | INFO     | scanner.engine                      | PASSED   | HAPPSTMNDS.NS        | signal=SELL        | score=0.3397 | conf= 79.71 | acc=0.5580
2026-06-27 22:45:27 | ERROR    | yfinance                            | $AKZOINDIA.NS: possibly delisted; no price data found  (period=1y) (Yahoo error = "No data found, symbol may be delisted")
2026-06-27 22:45:27 | ERROR    | yfinance                            | 
1 Failed download:
2026-06-27 22:45:27 | ERROR    | yfinance                            | ['AKZOINDIA.NS']: possibly delisted; no price data found  (period=1y) (Yahoo error = "No data found, symbol may be delisted")
2026-06-27 22:45:27 | WARNING  | scanner.engine                      | AKZOINDIA.NS: no data returned
2026-06-27 22:45:28 | ERROR    | yfinance                            | $AEGISCHEM.NS: possibly delisted; no price data found  (period=1y) (Yahoo error = "No data found, symbol may be delisted")
2026-06-27 22:45:28 | ERROR    | yfinance                            | 
1 Failed download:
2026-06-27 22:45:28 | ERROR    | yfinance                            | ['AEGISCHEM.NS']: possibly delisted; no price data found  (period=1y) (Yahoo error = "No data found, symbol may be delisted")
2026-06-27 22:45:28 | WARNING  | scanner.engine                      | AEGISCHEM.NS: no data returned
2026-06-27 22:45:29 | INFO     | news.api                            | News fetched for AMBER.NS: 10 headlines
2026-06-27 22:45:29 | ERROR    | yfinance                            | $ALEXOTYRES.NS: possibly delisted; no price data found  (period=1y) (Yahoo error = "No data found, symbol may be delisted")
2026-06-27 22:45:29 | ERROR    | yfinance                            | 
1 Failed download:
2026-06-27 22:45:29 | ERROR    | yfinance                            | ['ALEXOTYRES.NS']: possibly delisted; no price data found  (period=1y) (Yahoo error = "No data found, symbol may be delisted")
2026-06-27 22:45:29 | INFO     | news.api                            | News fetched for AAVAS.NS: 10 headlines
2026-06-27 22:45:29 | INFO     | __main__                            | App started / reloaded
2026-06-27 22:45:29 | WARNING  | scanner.engine                      | ALEXOTYRES.NS: no data returned
2026-06-27 22:45:30 | INFO     | news.api                            | News fetched for AETHER.NS: 10 headlines
2026-06-27 22:45:30 | INFO     | news.api                            | News fetched for AARTIIND.NS: 10 headlines
2026-06-27 22:45:30 | INFO     | news.api                            | News fetched for ALEMBICLTD.NS: 10 headlines
2026-06-27 22:45:30 | INFO     | scanner.filters                     | FILTERED | ?                    | signal=HOLD        | conf= 64.15 | acc=0.5217 | score=0.5128 | reason=avg_volume 415258 below MIN_AVG_VOLUME 500000
2026-06-27 22:45:30 | INFO     | scanner.engine                      | FILTERED | AMBER.NS             | signal=HOLD        | conf= 64.15 | acc=0.5217 | score=0.5128
2026-06-27 22:45:30 | INFO     | news.api                            | News fetched for ATUL.NS: 10 headlines
2026-06-27 22:45:31 | INFO     | scanner.filters                     | FILTERED | ?                    | signal=HOLD        | conf= 72.23 | acc=0.5072 | score=0.5555 | reason=avg_volume 232279 below MIN_AVG_VOLUME 500000
2026-06-27 22:45:31 | INFO     | scanner.engine                      | FILTERED | AAVAS.NS             | signal=HOLD        | conf= 72.23 | acc=0.5072 | score=0.5555
2026-06-27 22:45:31 | INFO     | scanner.filters                     | FILTERED | ?                    | signal=BUY         | conf= 71.82 | acc=0.5145 | score=0.6016 | reason=avg_volume 459978 below MIN_AVG_VOLUME 500000
2026-06-27 22:45:31 | INFO     | scanner.engine                      | FILTERED | AETHER.NS            | signal=BUY         | conf= 71.82 | acc=0.5145 | score=0.6016
2026-06-27 22:45:31 | INFO     | scanner.engine                      | PASSED   | AARTIIND.NS          | signal=HOLD        | score=0.5153 | conf= 89.04 | acc=0.5580
2026-06-27 22:45:31 | INFO     | scanner.filters                     | FILTERED | ?                    | signal=HOLD        | conf= 69.15 | acc=0.5362 | score=0.4989 | reason=avg_volume 406030 below MIN_AVG_VOLUME 500000
2026-06-27 22:45:31 | INFO     | scanner.engine                      | FILTERED | ALEMBICLTD.NS        | signal=HOLD        | conf= 69.15 | acc=0.5362 | score=0.4989
2026-06-27 22:45:32 | INFO     | scanner.filters                     | FILTERED | ?                    | signal=HOLD        | conf= 72.55 | acc=0.5580 | score=0.5345 | reason=avg_volume 17857 below MIN_AVG_VOLUME 500000
2026-06-27 22:45:32 | INFO     | scanner.engine                      | FILTERED | ATUL.NS              | signal=HOLD        | conf= 72.55 | acc=0.5580 | score=0.5345
2026-06-27 22:45:32 | INFO     | news.api                            | News fetched for AVANTIFEED.NS: 10 headlines
2026-06-27 22:45:33 | INFO     | scanner.engine                      | PASSED   | AVANTIFEED.NS        | signal=SELL        | score=0.4008 | conf= 86.63 | acc=0.4058
2026-06-27 22:45:34 | INFO     | news.api                            | News fetched for CAMPUS.NS: 10 headlines
2026-06-27 22:45:35 | INFO     | news.api                            | News fetched for CARBORUNIV.NS: 10 headlines
2026-06-27 22:45:36 | INFO     | scanner.filters                     | FILTERED | ?                    | signal=SELL        | conf= 89.53 | acc=0.5072 | score=0.4043 | reason=avg_volume 420422 below MIN_AVG_VOLUME 500000
2026-06-27 22:45:36 | INFO     | scanner.engine                      | FILTERED | CAMPUS.NS            | signal=SELL        | conf= 89.53 | acc=0.5072 | score=0.4043
2026-06-27 22:45:37 | INFO     | scanner.filters                     | FILTERED | ?                    | signal=BUY         | conf= 80.51 | acc=0.5290 | score=0.5844 | reason=avg_volume 468926 below MIN_AVG_VOLUME 500000
2026-06-27 22:45:37 | INFO     | scanner.engine                      | FILTERED | CARBORUNIV.NS        | signal=BUY         | conf= 80.51 | acc=0.5290 | score=0.5844
2026-06-27 22:45:37 | INFO     | news.api                            | News fetched for CENTURYPLY.NS: 10 headlines
2026-06-27 22:45:38 | INFO     | news.api                            | News fetched for CLEAN.NS: 10 headlines
2026-06-27 22:45:38 | INFO     | news.api                            | News fetched for DELTACORP.NS: 10 headlines
2026-06-27 22:45:38 | INFO     | news.api                            | News fetched for DEEPAKFERT.NS: 10 headlines
2026-06-27 22:45:39 | INFO     | news.api                            | News fetched for CERA.NS: 10 headlines
2026-06-27 22:45:39 | INFO     | scanner.filters                     | FILTERED | ?                    | signal=HOLD        | conf= 81.43 | acc=0.5942 | score=0.4595 | reason=avg_volume 43964 below MIN_AVG_VOLUME 500000
2026-06-27 22:45:39 | INFO     | scanner.engine                      | FILTERED | CENTURYPLY.NS        | signal=HOLD        | conf= 81.43 | acc=0.5942 | score=0.4595
2026-06-27 22:45:39 | INFO     | news.api                            | News fetched for ELGIEQUIP.NS: 10 headlines
2026-06-27 22:45:39 | INFO     | scanner.filters                     | FILTERED | ?                    | signal=HOLD        | conf= 83.45 | acc=0.5435 | score=0.4889 | reason=avg_volume 433201 below MIN_AVG_VOLUME 500000
2026-06-27 22:45:39 | INFO     | scanner.engine                      | FILTERED | CLEAN.NS             | signal=HOLD        | conf= 83.45 | acc=0.5435 | score=0.4889
2026-06-27 22:45:40 | INFO     | scanner.engine                      | PASSED   | DELTACORP.NS         | signal=SELL        | score=0.3348 | conf= 73.10 | acc=0.5580
2026-06-27 22:45:40 | INFO     | scanner.filters                     | FILTERED | ?                    | signal=HOLD        | conf= 69.68 | acc=0.4348 | score=0.5480 | reason=avg_volume 353025 below MIN_AVG_VOLUME 500000
2026-06-27 22:45:40 | INFO     | scanner.engine                      | FILTERED | DEEPAKFERT.NS        | signal=HOLD        | conf= 69.68 | acc=0.4348 | score=0.5480
2026-06-27 22:45:40 | INFO     | scanner.filters                     | FILTERED | ?                    | signal=BUY         | conf= 82.17 | acc=0.5362 | score=0.5876 | reason=avg_volume 35290 below MIN_AVG_VOLUME 500000
2026-06-27 22:45:40 | INFO     | scanner.engine                      | FILTERED | CERA.NS              | signal=BUY         | conf= 82.17 | acc=0.5362 | score=0.5876
2026-06-27 22:45:40 | INFO     | scanner.filters                     | FILTERED | ?                    | signal=HOLD        | conf= 77.69 | acc=0.4638 | score=0.5073 | reason=avg_volume 497115 below MIN_AVG_VOLUME 500000
2026-06-27 22:45:40 | INFO     | scanner.engine                      | FILTERED | ELGIEQUIP.NS         | signal=HOLD        | conf= 77.69 | acc=0.4638 | score=0.5073
2026-06-27 22:45:41 | INFO     | news.api                            | News fetched for EMUDHRA.NS: 10 headlines
2026-06-27 22:45:42 | INFO     | news.api                            | News fetched for GALLANTT.NS: 10 headlines
2026-06-27 22:45:43 | INFO     | scanner.filters                     | FILTERED | ?                    | signal=SELL        | conf= 84.65 | acc=0.7391 | score=0.3677 | reason=avg_volume 76741 below MIN_AVG_VOLUME 500000
2026-06-27 22:45:43 | INFO     | scanner.engine                      | FILTERED | EMUDHRA.NS           | signal=SELL        | conf= 84.65 | acc=0.7391 | score=0.3677
2026-06-27 22:45:44 | INFO     | scanner.filters                     | FILTERED | ?                    | signal=HOLD        | conf= 82.99 | acc=0.5652 | score=0.4496 | reason=avg_volume 143911 below MIN_AVG_VOLUME 500000
2026-06-27 22:45:44 | INFO     | scanner.engine                      | FILTERED | GALLANTT.NS          | signal=HOLD        | conf= 82.99 | acc=0.5652 | score=0.4496
2026-06-27 22:45:46 | INFO     | news.api                            | News fetched for GLOBUSSPR.NS: 10 headlines
2026-06-27 22:45:46 | INFO     | news.api                            | News fetched for GPPL.NS: 10 headlines
2026-06-27 22:45:46 | INFO     | news.api                            | News fetched for GREENPANEL.NS: 10 headlines
2026-06-27 22:45:47 | INFO     | news.api                            | News fetched for GRINDWELL.NS: 10 headlines
2026-06-27 22:45:47 | INFO     | scanner.filters                     | FILTERED | ?                    | signal=SELL        | conf= 81.81 | acc=0.5942 | score=0.3917 | reason=avg_volume 66536 below MIN_AVG_VOLUME 500000
2026-06-27 22:45:47 | INFO     | scanner.engine                      | FILTERED | GLOBUSSPR.NS         | signal=SELL        | conf= 81.81 | acc=0.5942 | score=0.3917
2026-06-27 22:45:47 | INFO     | scanner.filters                     | FILTERED | ?                    | signal=HOLD        | conf= 82.51 | acc=0.5870 | score=0.4594 | reason=avg_volume 176508 below MIN_AVG_VOLUME 500000
2026-06-27 22:45:47 | INFO     | scanner.engine                      | FILTERED | GREENPANEL.NS        | signal=HOLD        | conf= 82.51 | acc=0.5870 | score=0.4594
2026-06-27 22:45:47 | INFO     | scanner.engine                      | PASSED   | GPPL.NS              | signal=HOLD        | score=0.4255 | conf= 60.09 | acc=0.5942
2026-06-27 22:45:48 | INFO     | scanner.filters                     | FILTERED | 2026-06-25 00:00:00  | signal=BUY         | conf= 71.03 | acc=0.4275 | score=0.6146 | reason=accuracy 0.4275 below MIN_ACCURACY 0.44
2026-06-27 22:45:48 | INFO     | scanner.engine                      | FILTERED | GRINDWELL.NS         | signal=BUY         | conf= 71.03 | acc=0.4275 | score=0.6146
2026-06-27 22:45:48 | INFO     | news.api                            | News fetched for HIKAL.NS: 10 headlines
2026-06-27 22:45:50 | INFO     | scanner.filters                     | FILTERED | ?                    | signal=HOLD        | conf= 82.45 | acc=0.4710 | score=0.5204 | reason=avg_volume 348837 below MIN_AVG_VOLUME 500000
2026-06-27 22:45:50 | INFO     | scanner.engine                      | FILTERED | HIKAL.NS             | signal=HOLD        | conf= 82.45 | acc=0.4710 | score=0.5204
2026-06-27 22:45:50 | INFO     | news.api                            | News fetched for ISGEC.NS: 10 headlines
2026-06-27 22:45:50 | INFO     | news.api                            | News fetched for HINDCOPPER.NS: 10 headlines
2026-06-27 22:45:50 | INFO     | news.api                            | News fetched for HFCL.NS: 10 headlines
2026-06-27 22:45:51 | INFO     | scanner.filters                     | FILTERED | ?                    | signal=SELL        | conf= 80.67 | acc=0.5942 | score=0.3471 | reason=avg_volume 45224 below MIN_AVG_VOLUME 500000
2026-06-27 22:45:51 | INFO     | scanner.engine                      | FILTERED | ISGEC.NS             | signal=SELL        | conf= 80.67 | acc=0.5942 | score=0.3471
2026-06-27 22:45:51 | INFO     | scanner.engine                      | PASSED   | HINDCOPPER.NS        | signal=SELL        | score=0.3463 | conf= 69.76 | acc=0.5797
2026-06-27 22:45:52 | INFO     | scanner.filters                     | FILTERED | ?                    | signal=BUY         | conf= 77.67 | acc=0.5652 | score=0.6043 | reason=RSI 71.9 outside [35, 70]
2026-06-27 22:45:52 | INFO     | scanner.engine                      | FILTERED | HFCL.NS              | signal=BUY         | conf= 77.67 | acc=0.5652 | score=0.6043
2026-06-27 22:45:52 | ERROR    | yfinance                            | $ITDCEM.NS: possibly delisted; no price data found  (period=1y) (Yahoo error = "No data found, symbol may be delisted")
2026-06-27 22:45:52 | ERROR    | yfinance                            | 
1 Failed download:
2026-06-27 22:45:52 | ERROR    | yfinance                            | ['ITDCEM.NS']: possibly delisted; no price data found  (period=1y) (Yahoo error = "No data found, symbol may be delisted")
2026-06-27 22:45:52 | WARNING  | scanner.engine                      | ITDCEM.NS: no data returned
2026-06-27 22:45:53 | INFO     | news.api                            | News fetched for JBCHEPHARM.NS: 10 headlines
2026-06-27 22:45:53 | INFO     | news.api                            | News fetched for JINDALSAW.NS: 10 headlines
2026-06-27 22:45:53 | INFO     | news.api                            | News fetched for JKPAPER.NS: 10 headlines
2026-06-27 22:45:54 | INFO     | news.api                            | News fetched for JYOTICNC.NS: 10 headlines
2026-06-27 22:45:54 | INFO     | scanner.engine                      | PASSED   | JINDALSAW.NS         | signal=HOLD        | score=0.5783 | conf= 72.75 | acc=0.4855
2026-06-27 22:45:54 | INFO     | scanner.filters                     | FILTERED | ?                    | signal=HOLD        | conf= 68.90 | acc=0.4710 | score=0.5655 | reason=avg_volume 252168 below MIN_AVG_VOLUME 500000
2026-06-27 22:45:54 | INFO     | scanner.engine                      | FILTERED | JBCHEPHARM.NS        | signal=HOLD        | conf= 68.90 | acc=0.4710 | score=0.5655
2026-06-27 22:45:54 | INFO     | scanner.filters                     | FILTERED | ?                    | signal=STRONG SELL | conf= 71.24 | acc=0.5870 | score=0.2752 | reason=avg_volume 190312 below MIN_AVG_VOLUME 500000
2026-06-27 22:45:54 | INFO     | scanner.engine                      | FILTERED | JKPAPER.NS           | signal=STRONG SELL | conf= 71.24 | acc=0.5870 | score=0.2752
2026-06-27 22:45:54 | ERROR    | yfinance                            | $MTAR.NS: possibly delisted; no price data found  (period=1y) (Yahoo error = "No data found, symbol may be delisted")
2026-06-27 22:45:54 | ERROR    | yfinance                            | $LAXMIMACH.NS: possibly delisted; no price data found  (period=1y) (Yahoo error = "No data found, symbol may be delisted")
2026-06-27 22:45:54 | ERROR    | yfinance                            | 
1 Failed download:
2026-06-27 22:45:54 | ERROR    | yfinance                            | ['LAXMIMACH.NS']: possibly delisted; no price data found  (period=1y) (Yahoo error = "No data found, symbol may be delisted")
2026-06-27 22:45:54 | ERROR    | yfinance                            | 
1 Failed download:
2026-06-27 22:45:54 | ERROR    | yfinance                            | ['MTAR.NS']: possibly delisted; no price data found  (period=1y) (Yahoo error = "No data found, symbol may be delisted")
2026-06-27 22:45:54 | WARNING  | scanner.engine                      | LAXMIMACH.NS: no data returned
2026-06-27 22:45:54 | WARNING  | scanner.engine                      | MTAR.NS: no data returned
2026-06-27 22:45:55 | INFO     | scanner.engine                      | PASSED   | JYOTICNC.NS          | signal=HOLD        | score=0.5139 | conf= 76.24 | acc=0.4928
2026-06-27 22:45:55 | INFO     | news.api                            | News fetched for KRBL.NS: 10 headlines
2026-06-27 22:45:56 | INFO     | news.api                            | News fetched for MASTEK.NS: 10 headlines
2026-06-27 22:45:57 | INFO     | scanner.filters                     | FILTERED | ?                    | signal=HOLD        | conf= 81.17 | acc=0.5072 | score=0.5213 | reason=avg_volume 498934 below MIN_AVG_VOLUME 500000
2026-06-27 22:45:57 | INFO     | scanner.engine                      | FILTERED | KRBL.NS              | signal=HOLD        | conf= 81.17 | acc=0.5072 | score=0.5213
2026-06-27 22:45:57 | INFO     | scanner.filters                     | FILTERED | ?                    | signal=SELL        | conf= 73.00 | acc=0.5507 | score=0.3722 | reason=avg_volume 53803 below MIN_AVG_VOLUME 500000
2026-06-27 22:45:57 | INFO     | scanner.engine                      | FILTERED | MASTEK.NS            | signal=SELL        | conf= 73.00 | acc=0.5507 | score=0.3722
2026-06-27 22:45:59 | INFO     | news.api                            | News fetched for NATCOPHARM.NS: 10 headlines
2026-06-27 22:45:59 | INFO     | news.api                            | News fetched for PFIZER.NS: 10 headlines
2026-06-27 22:46:00 | INFO     | news.api                            | News fetched for ORIENTELEC.NS: 10 headlines
2026-06-27 22:46:00 | INFO     | news.api                            | News fetched for NEULANDLAB.NS: 10 headlines
2026-06-27 22:46:00 | INFO     | news.api                            | News fetched for NBCC.NS: 10 headlines
2026-06-27 22:46:00 | INFO     | scanner.engine                      | PASSED   | NATCOPHARM.NS        | signal=SELL        | score=0.3763 | conf= 62.47 | acc=0.4638
2026-06-27 22:46:00 | INFO     | scanner.filters                     | FILTERED | ?                    | signal=SELL        | conf= 64.45 | acc=0.5435 | score=0.3941 | reason=avg_volume 163289 below MIN_AVG_VOLUME 500000
2026-06-27 22:46:00 | INFO     | scanner.engine                      | FILTERED | ORIENTELEC.NS        | signal=SELL        | conf= 64.45 | acc=0.5435 | score=0.3941
2026-06-27 22:46:00 | INFO     | scanner.filters                     | FILTERED | ?                    | signal=SELL        | conf= 68.63 | acc=0.4348 | score=0.3929 | reason=avg_volume 30333 below MIN_AVG_VOLUME 500000
2026-06-27 22:46:00 | INFO     | scanner.engine                      | FILTERED | PFIZER.NS            | signal=SELL        | conf= 68.63 | acc=0.4348 | score=0.3929
2026-06-27 22:46:00 | INFO     | scanner.filters                     | FILTERED | ?                    | signal=HOLD        | conf= 84.29 | acc=0.4710 | score=0.5662 | reason=avg_volume 43492 below MIN_AVG_VOLUME 500000
2026-06-27 22:46:00 | INFO     | scanner.engine                      | FILTERED | NEULANDLAB.NS        | signal=HOLD        | conf= 84.29 | acc=0.4710 | score=0.5662
2026-06-27 22:46:00 | INFO     | scanner.engine                      | PASSED   | NBCC.NS              | signal=HOLD        | score=0.4789 | conf= 73.28 | acc=0.5362
2026-06-27 22:46:00 | INFO     | scanner.engine                      | Scan batch done: 50 processed, 15 passed filters
2026-06-27 22:46:00 | INFO     | scanner.engine                      | SCAN END   | id=9f5fc0f0_small_cap | category=Small Cap | scanned=102 | passed=15 | filtered=87
2026-06-27 22:46:00 | INFO     | scanner.background                  | ═══ SCAN RUN 9f5fc0f0 COMPLETED — 301/301 processed ═══
2026-06-27 22:46:19 | INFO     | __main__                            | App started / reloaded
2026-06-27 22:47:01 | INFO     | api.main                            | StockAI Pro API starting up
2026-06-27 22:47:09 | INFO     | api.main                            | GET /api/health -> 200 (33.0ms)
2026-06-27 22:54:56 | INFO     | __main__                            | App started / reloaded
2026-06-27 22:54:56 | INFO     | scanner.background                  | ═══ SCAN RUN 32877676 STARTED — 301 stocks across 3 categories ═══
2026-06-27 22:54:56 | INFO     | scanner.engine                      | SCAN START | id=32877676_large_cap | category=Large Cap | stocks=100
2026-06-27 22:54:56 | INFO     | scanner.engine                      | Parallel scan: 50 stocks / 8 workers
2026-06-27 22:54:56 | INFO     | __main__                            | App started / reloaded
2026-06-27 22:54:57 | INFO     | scanner.background                  | Scan already running — new request ignored
2026-06-27 22:54:59 | INFO     | scanner.engine                      | PASSED   | HDFCBANK.NS          | signal=HOLD        | score=0.5349 | conf= 71.41 | acc=0.5072
2026-06-27 22:54:59 | INFO     | scanner.engine                      | PASSED   | RELIANCE.NS          | signal=HOLD        | score=0.4233 | conf= 71.07 | acc=0.4710
2026-06-27 22:55:00 | INFO     | scanner.engine                      | PASSED   | HCLTECH.NS           | signal=SELL        | score=0.3433 | conf= 84.26 | acc=0.3841
2026-06-27 22:55:00 | INFO     | scanner.filters                     | FILTERED | ?                    | signal=BUY         | conf= 82.77 | acc=0.5725 | score=0.5978 | reason=RSI 71.2 outside [35, 70]
2026-06-27 22:55:00 | INFO     | scanner.engine                      | FILTERED | ICICIBANK.NS         | signal=BUY         | conf= 82.77 | acc=0.5725 | score=0.5978
2026-06-27 22:55:00 | INFO     | scanner.engine                      | PASSED   | BHARTIARTL.NS        | signal=HOLD        | score=0.5060 | conf= 68.61 | acc=0.5072
2026-06-27 22:55:00 | INFO     | scanner.engine                      | PASSED   | TCS.NS               | signal=SELL        | score=0.3140 | conf= 72.86 | acc=0.3768
2026-06-27 22:55:00 | INFO     | scanner.engine                      | PASSED   | INFY.NS              | signal=SELL        | score=0.3373 | conf= 77.11 | acc=0.3478
2026-06-27 22:55:00 | INFO     | scanner.engine                      | PASSED   | SBIN.NS              | signal=HOLD        | score=0.5489 | conf= 71.42 | acc=0.5652
2026-06-27 22:55:02 | INFO     | scanner.engine                      | PASSED   | LT.NS                | signal=BUY         | score=0.6354 | conf= 82.69 | acc=0.5072
2026-06-27 22:55:03 | INFO     | scanner.engine                      | PASSED   | ADANIENT.NS          | signal=HOLD        | score=0.5746 | conf= 70.89 | acc=0.4783
2026-06-27 22:55:03 | INFO     | scanner.engine                      | PASSED   | ADANIPORTS.NS        | signal=HOLD        | score=0.4977 | conf= 65.92 | acc=0.4783
2026-06-27 22:55:03 | INFO     | scanner.filters                     | FILTERED | ?                    | signal=HOLD        | conf= 67.24 | acc=0.5797 | score=0.4493 | reason=avg_volume 365735 below MIN_AVG_VOLUME 500000
2026-06-27 22:55:03 | INFO     | scanner.engine                      | FILTERED | BAJAJ-AUTO.NS        | signal=HOLD        | conf= 67.24 | acc=0.5797 | score=0.4493
2026-06-27 22:55:03 | INFO     | scanner.engine                      | PASSED   | AXISBANK.NS          | signal=BUY         | score=0.6297 | conf= 78.73 | acc=0.5362
2026-06-27 22:55:03 | INFO     | scanner.filters                     | FILTERED | ?                    | signal=HOLD        | conf= 67.37 | acc=0.4130 | score=0.5245 | reason=avg_volume 357399 below MIN_AVG_VOLUME 500000
2026-06-27 22:55:03 | INFO     | scanner.engine                      | FILTERED | APOLLOHOSP.NS        | signal=HOLD        | conf= 67.37 | acc=0.4130 | score=0.5245
2026-06-27 22:55:05 | INFO     | scanner.engine                      | PASSED   | BAJFINANCE.NS        | signal=BUY         | score=0.5989 | conf= 73.61 | acc=0.5072
2026-06-27 22:55:05 | INFO     | scanner.engine                      | PASSED   | BAJAJFINSV.NS        | signal=HOLD        | score=0.4664 | conf= 74.82 | acc=0.3551
2026-06-27 22:55:06 | INFO     | scanner.engine                      | PASSED   | BEL.NS               | signal=SELL        | score=0.3824 | conf= 75.87 | acc=0.4928
2026-06-27 22:55:06 | INFO     | scanner.filters                     | FILTERED | ?                    | signal=SELL        | conf= 66.15 | acc=0.4928 | score=0.3986 | reason=avg_volume 265051 below MIN_AVG_VOLUME 500000
2026-06-27 22:55:06 | INFO     | scanner.engine                      | FILTERED | BRITANNIA.NS         | signal=SELL        | conf= 66.15 | acc=0.4928 | score=0.3986
2026-06-27 22:55:06 | INFO     | scanner.engine                      | PASSED   | CIPLA.NS             | signal=BUY         | score=0.5808 | conf= 68.48 | acc=0.4928
2026-06-27 22:55:06 | INFO     | scanner.engine                      | PASSED   | BPCL.NS              | signal=HOLD        | score=0.5027 | conf= 75.47 | acc=0.4348
2026-06-27 22:55:07 | INFO     | scanner.engine                      | PASSED   | COALINDIA.NS         | signal=SELL        | score=0.3878 | conf= 75.08 | acc=0.5290
2026-06-27 22:55:07 | INFO     | scanner.engine                      | PASSED   | DRREDDY.NS           | signal=HOLD        | score=0.5476 | conf= 85.36 | acc=0.5217
2026-06-27 22:55:07 | INFO     | news.api                            | News fetched for ASIANPAINT.NS: 10 headlines
2026-06-27 22:55:08 | INFO     | news.api                            | News fetched for WIPRO.NS: 10 headlines
2026-06-27 22:55:09 | INFO     | scanner.filters                     | FILTERED | ?                    | signal=BUY         | conf= 69.11 | acc=0.4928 | score=0.5822 | reason=avg_volume 451278 below MIN_AVG_VOLUME 500000
2026-06-27 22:55:09 | INFO     | scanner.engine                      | FILTERED | EICHERMOT.NS         | signal=BUY         | conf= 69.11 | acc=0.4928 | score=0.5822
2026-06-27 22:55:09 | INFO     | scanner.engine                      | PASSED   | GRASIM.NS            | signal=HOLD        | score=0.5148 | conf= 82.67 | acc=0.4783
2026-06-27 22:55:09 | INFO     | scanner.engine                      | PASSED   | HDFCLIFE.NS          | signal=HOLD        | score=0.4299 | conf= 81.37 | acc=0.5290
2026-06-27 22:55:09 | INFO     | scanner.engine                      | PASSED   | HEROMOTOCO.NS        | signal=SELL        | score=0.4144 | conf= 76.45 | acc=0.5072
2026-06-27 22:55:09 | INFO     | scanner.engine                      | PASSED   | ASIANPAINT.NS        | signal=HOLD        | score=0.4780 | conf= 61.80 | acc=0.5217
2026-06-27 22:55:09 | INFO     | scanner.engine                      | PASSED   | WIPRO.NS             | signal=STRONG SELL | score=0.2424 | conf= 71.66 | acc=0.5072
2026-06-27 22:55:10 | INFO     | scanner.engine                      | PASSED   | HINDALCO.NS          | signal=SELL        | score=0.3660 | conf= 77.59 | acc=0.5362
2026-06-27 22:55:10 | INFO     | scanner.engine                      | PASSED   | HINDUNILVR.NS        | signal=HOLD        | score=0.4600 | conf= 84.58 | acc=0.5145
2026-06-27 22:55:11 | INFO     | scanner.engine                      | PASSED   | INDUSINDBK.NS        | signal=HOLD        | score=0.4789 | conf= 69.30 | acc=0.5507
2026-06-27 22:55:12 | INFO     | scanner.engine                      | PASSED   | ITC.NS               | signal=HOLD        | score=0.4300 | conf= 78.24 | acc=0.6087
2026-06-27 22:55:12 | INFO     | scanner.engine                      | PASSED   | KOTAKBANK.NS         | signal=BUY         | score=0.5868 | conf= 58.52 | acc=0.5942
2026-06-27 22:55:12 | INFO     | scanner.engine                      | PASSED   | JSWSTEEL.NS          | signal=HOLD        | score=0.4337 | conf= 71.33 | acc=0.3768
2026-06-27 22:55:12 | INFO     | scanner.engine                      | PASSED   | M&M.NS               | signal=HOLD        | score=0.4393 | conf= 81.40 | acc=0.6232
2026-06-27 22:55:12 | INFO     | scanner.filters                     | FILTERED | ?                    | signal=HOLD        | conf= 80.68 | acc=0.5145 | score=0.4916 | reason=avg_volume 415707 below MIN_AVG_VOLUME 500000
2026-06-27 22:55:12 | INFO     | scanner.engine                      | FILTERED | MARUTI.NS            | signal=HOLD        | conf= 80.68 | acc=0.5145 | score=0.4916
2026-06-27 22:55:12 | INFO     | scanner.engine                      | PASSED   | NESTLEIND.NS         | signal=HOLD        | score=0.5015 | conf= 76.88 | acc=0.5217
2026-06-27 22:55:13 | INFO     | scanner.engine                      | PASSED   | NTPC.NS              | signal=SELL        | score=0.3269 | conf= 74.84 | acc=0.5000
2026-06-27 22:55:14 | ERROR    | yfinance                            | $TATAMOTORS.NS: possibly delisted; no price data found  (period=1y) (Yahoo error = "No data found, symbol may be delisted")
2026-06-27 22:55:14 | ERROR    | yfinance                            | 
1 Failed download:
2026-06-27 22:55:14 | ERROR    | yfinance                            | ['TATAMOTORS.NS']: possibly delisted; no price data found  (period=1y) (Yahoo error = "No data found, symbol may be delisted")
2026-06-27 22:55:14 | WARNING  | scanner.engine                      | TATAMOTORS.NS: no data returned
2026-06-27 22:55:14 | INFO     | scanner.engine                      | PASSED   | ONGC.NS              | signal=SELL        | score=0.3072 | conf= 79.79 | acc=0.4275
2026-06-27 22:55:15 | INFO     | scanner.engine                      | PASSED   | POWERGRID.NS         | signal=SELL        | score=0.3655 | conf= 80.48 | acc=0.5217
2026-06-27 22:55:15 | INFO     | scanner.engine                      | PASSED   | SBILIFE.NS           | signal=SELL        | score=0.3949 | conf= 65.35 | acc=0.5145
2026-06-27 22:55:15 | INFO     | scanner.engine                      | PASSED   | SHRIRAMFIN.NS        | signal=HOLD        | score=0.5331 | conf= 77.83 | acc=0.4928
2026-06-27 22:55:15 | INFO     | scanner.engine                      | PASSED   | TATACONSUM.NS        | signal=HOLD        | score=0.5167 | conf= 76.24 | acc=0.6014
2026-06-27 22:55:15 | INFO     | scanner.engine                      | PASSED   | SUNPHARMA.NS         | signal=HOLD        | score=0.5517 | conf= 77.67 | acc=0.4783
2026-06-27 22:55:15 | INFO     | scanner.engine                      | PASSED   | TATASTEEL.NS         | signal=SELL        | score=0.3569 | conf= 72.50 | acc=0.4493
2026-06-27 22:55:16 | INFO     | scanner.engine                      | PASSED   | TECHM.NS             | signal=SELL        | score=0.3933 | conf= 83.16 | acc=0.5580
2026-06-27 22:55:16 | INFO     | scanner.engine                      | PASSED   | TITAN.NS             | signal=HOLD        | score=0.5102 | conf= 62.65 | acc=0.5797
2026-06-27 22:55:16 | INFO     | scanner.filters                     | FILTERED | 2026-06-25 00:00:00  | signal=BUY         | conf= 81.84 | acc=0.4275 | score=0.6071 | reason=accuracy 0.4275 below MIN_ACCURACY 0.44
2026-06-27 22:55:16 | INFO     | scanner.engine                      | FILTERED | TRENT.NS             | signal=BUY         | conf= 81.84 | acc=0.4275 | score=0.6071
2026-06-27 22:55:16 | INFO     | scanner.filters                     | FILTERED | ?                    | signal=HOLD        | conf= 67.76 | acc=0.5000 | score=0.4448 | reason=avg_volume 323020 below MIN_AVG_VOLUME 500000
2026-06-27 22:55:16 | INFO     | scanner.engine                      | FILTERED | ULTRACEMCO.NS        | signal=HOLD        | conf= 67.76 | acc=0.5000 | score=0.4448
2026-06-27 22:55:16 | INFO     | scanner.engine                      | Scan batch done: 50 processed, 41 passed filters
2026-06-27 22:55:16 | INFO     | scanner.engine                      | SCAN END   | id=32877676_large_cap | category=Large Cap | scanned=100 | passed=41 | filtered=59
2026-06-27 22:55:16 | INFO     | scanner.engine                      | SCAN START | id=32877676_mid_cap | category=Mid Cap | stocks=100
2026-06-27 22:55:16 | INFO     | scanner.engine                      | Parallel scan: 50 stocks / 8 workers
2026-06-27 22:55:17 | INFO     | __main__                            | App started / reloaded
2026-06-27 22:55:19 | INFO     | scanner.filters                     | FILTERED | ?                    | signal=BUY         | conf= 83.63 | acc=0.4928 | score=0.6186 | reason=avg_volume 27619 below MIN_AVG_VOLUME 500000
2026-06-27 22:55:19 | INFO     | scanner.engine                      | FILTERED | PAGEIND.NS           | signal=BUY         | conf= 83.63 | acc=0.4928 | score=0.6186
2026-06-27 22:55:20 | INFO     | scanner.filters                     | FILTERED | 2026-06-25 00:00:00  | signal=BUY         | conf= 76.25 | acc=0.4058 | score=0.6788 | reason=accuracy 0.4058 below MIN_ACCURACY 0.44
2026-06-27 22:55:20 | INFO     | scanner.engine                      | FILTERED | FEDERALBNK.NS        | signal=BUY         | conf= 76.25 | acc=0.4058 | score=0.6788
2026-06-27 22:55:20 | INFO     | scanner.filters                     | FILTERED | ?                    | signal=HOLD        | conf= 76.06 | acc=0.3551 | score=0.4256 | reason=avg_volume 115474 below MIN_AVG_VOLUME 500000
2026-06-27 22:55:20 | INFO     | scanner.engine                      | FILTERED | LTTS.NS              | signal=HOLD        | conf= 76.06 | acc=0.3551 | score=0.4256
2026-06-27 22:55:20 | INFO     | scanner.engine                      | PASSED   | MPHASIS.NS           | signal=SELL        | score=0.3957 | conf= 63.22 | acc=0.4275
2026-06-27 22:55:20 | INFO     | scanner.engine                      | PASSED   | PERSISTENT.NS        | signal=SELL        | score=0.3628 | conf= 74.59 | acc=0.4928
2026-06-27 22:55:20 | INFO     | scanner.filters                     | FILTERED | ?                    | signal=SELL        | conf= 65.42 | acc=0.5362 | score=0.3611 | reason=avg_volume 268705 below MIN_AVG_VOLUME 500000
2026-06-27 22:55:20 | INFO     | scanner.engine                      | FILTERED | TATAELXSI.NS         | signal=SELL        | conf= 65.42 | acc=0.5362 | score=0.3611
2026-06-27 22:55:20 | INFO     | scanner.engine                      | PASSED   | DIXON.NS             | signal=HOLD        | score=0.4449 | conf= 81.82 | acc=0.4928
2026-06-27 22:55:20 | INFO     | scanner.engine                      | PASSED   | COFORGE.NS           | signal=HOLD        | score=0.5386 | conf= 77.54 | acc=0.4710
2026-06-27 22:55:23 | INFO     | scanner.engine                      | PASSED   | AUBANK.NS            | signal=HOLD        | score=0.5670 | conf= 81.09 | acc=0.5145
2026-06-27 22:55:23 | INFO     | scanner.engine                      | PASSED   | ABCAPITAL.NS         | signal=BUY         | score=0.6148 | conf= 81.23 | acc=0.5217
2026-06-27 22:55:23 | INFO     | scanner.engine                      | PASSED   | KPITTECH.NS          | signal=SELL        | score=0.3868 | conf= 70.57 | acc=0.4783
2026-06-27 22:55:23 | INFO     | scanner.filters                     | FILTERED | ?                    | signal=HOLD        | conf= 60.92 | acc=0.5435 | score=0.4216 | reason=avg_volume 172321 below MIN_AVG_VOLUME 500000
2026-06-27 22:55:23 | INFO     | scanner.engine                      | FILTERED | ACC.NS               | signal=HOLD        | conf= 60.92 | acc=0.5435 | score=0.4216
2026-06-27 22:55:23 | INFO     | scanner.engine                      | PASSED   | ABFRL.NS             | signal=HOLD        | score=0.4215 | conf= 66.90 | acc=0.5725
2026-06-27 22:55:24 | INFO     | scanner.filters                     | FILTERED | ?                    | signal=HOLD        | conf= 77.11 | acc=0.5580 | score=0.5329 | reason=avg_volume 118834 below MIN_AVG_VOLUME 500000
2026-06-27 22:55:24 | INFO     | scanner.engine                      | FILTERED | AJANTPHARM.NS        | signal=HOLD        | conf= 77.11 | acc=0.5580 | score=0.5329
2026-06-27 22:55:24 | INFO     | scanner.filters                     | FILTERED | ?                    | signal=BUY         | conf= 83.87 | acc=0.5435 | score=0.6316 | reason=avg_volume 104984 below MIN_AVG_VOLUME 500000
2026-06-27 22:55:24 | INFO     | scanner.engine                      | FILTERED | AIAENG.NS            | signal=BUY         | conf= 83.87 | acc=0.5435 | score=0.6316
2026-06-27 22:55:24 | INFO     | scanner.filters                     | FILTERED | ?                    | signal=HOLD        | conf= 76.20 | acc=0.5072 | score=0.4771 | reason=avg_volume 128300 below MIN_AVG_VOLUME 500000
2026-06-27 22:55:24 | INFO     | scanner.engine                      | FILTERED | ALKEM.NS             | signal=HOLD        | conf= 76.20 | acc=0.5072 | score=0.4771
2026-06-27 22:55:25 | INFO     | scanner.engine                      | PASSED   | APOLLOTYRE.NS        | signal=BUY         | score=0.5881 | conf= 86.53 | acc=0.4783
2026-06-27 22:55:26 | INFO     | scanner.engine                      | PASSED   | ASHOKLEY.NS          | signal=HOLD        | score=0.4568 | conf= 86.96 | acc=0.4565
2026-06-27 22:55:26 | INFO     | scanner.filters                     | FILTERED | ?                    | signal=SELL        | conf= 81.60 | acc=0.5435 | score=0.3782 | reason=avg_volume 476657 below MIN_AVG_VOLUME 500000
2026-06-27 22:55:26 | INFO     | scanner.engine                      | FILTERED | ASTRAL.NS            | signal=SELL        | conf= 81.60 | acc=0.5435 | score=0.3782
2026-06-27 22:55:27 | INFO     | scanner.engine                      | PASSED   | BANDHANBNK.NS        | signal=HOLD        | score=0.5054 | conf= 66.65 | acc=0.4928
2026-06-27 22:55:27 | INFO     | scanner.filters                     | FILTERED | ?                    | signal=HOLD        | conf= 86.73 | acc=0.5000 | score=0.4458 | reason=avg_volume 216673 below MIN_AVG_VOLUME 500000
2026-06-27 22:55:27 | INFO     | scanner.engine                      | FILTERED | BALKRISIND.NS        | signal=HOLD        | conf= 86.73 | acc=0.5000 | score=0.4458
2026-06-27 22:55:27 | INFO     | scanner.engine                      | PASSED   | BHEL.NS              | signal=HOLD        | score=0.5607 | conf= 80.41 | acc=0.5507
2026-06-27 22:55:27 | INFO     | scanner.filters                     | FILTERED | 2026-06-25 00:00:00  | signal=BUY         | conf= 71.99 | acc=0.4058 | score=0.6146 | reason=accuracy 0.4058 below MIN_ACCURACY 0.44
2026-06-27 22:55:27 | INFO     | scanner.engine                      | FILTERED | AUROPHARMA.NS        | signal=BUY         | conf= 71.99 | acc=0.4058 | score=0.6146
2026-06-27 22:55:27 | INFO     | scanner.engine                      | PASSED   | BATAINDIA.NS         | signal=HOLD        | score=0.4512 | conf= 72.56 | acc=0.5580
2026-06-27 22:55:28 | INFO     | scanner.engine                      | PASSED   | BIOCON.NS            | signal=HOLD        | score=0.4964 | conf= 82.47 | acc=0.5435
2026-06-27 22:55:28 | ERROR    | yfinance                            | $CG.NS: possibly delisted; no price data found  (period=1y) (Yahoo error = "No data found, symbol may be delisted")
2026-06-27 22:55:28 | ERROR    | yfinance                            | 
1 Failed download:
2026-06-27 22:55:28 | ERROR    | yfinance                            | ['CG.NS']: possibly delisted; no price data found  (period=1y) (Yahoo error = "No data found, symbol may be delisted")
2026-06-27 22:55:28 | WARNING  | scanner.engine                      | CG.NS: no data returned
2026-06-27 22:55:28 | INFO     | scanner.engine                      | PASSED   | BRIGADE.NS           | signal=HOLD        | score=0.4548 | conf= 84.54 | acc=0.6014
2026-06-27 22:55:29 | INFO     | scanner.engine                      | PASSED   | CESC.NS              | signal=SELL        | score=0.3775 | conf= 79.00 | acc=0.5725
2026-06-27 22:55:30 | INFO     | scanner.engine                      | PASSED   | CONCOR.NS            | signal=SELL        | score=0.4054 | conf= 75.06 | acc=0.5290
2026-06-27 22:55:30 | INFO     | scanner.engine                      | PASSED   | CHAMBLFERT.NS        | signal=HOLD        | score=0.4293 | conf= 73.39 | acc=0.5145
2026-06-27 22:55:31 | INFO     | scanner.filters                     | FILTERED | ?                    | signal=HOLD        | conf= 72.95 | acc=0.5362 | score=0.4907 | reason=avg_volume 394492 below MIN_AVG_VOLUME 500000
2026-06-27 22:55:31 | INFO     | scanner.filters                     | FILTERED | ?                    | signal=SELL        | conf= 71.57 | acc=0.4710 | score=0.4082 | reason=avg_volume 271996 below MIN_AVG_VOLUME 500000
2026-06-27 22:55:31 | INFO     | scanner.engine                      | FILTERED | CUMMINSIND.NS        | signal=HOLD        | conf= 72.95 | acc=0.5362 | score=0.4907
2026-06-27 22:55:31 | INFO     | scanner.engine                      | FILTERED | DALBHARAT.NS         | signal=SELL        | conf= 71.57 | acc=0.4710 | score=0.4082
2026-06-27 22:55:32 | INFO     | scanner.filters                     | FILTERED | ?                    | signal=SELL        | conf= 74.83 | acc=0.5290 | score=0.4022 | reason=avg_volume 108696 below MIN_AVG_VOLUME 500000
2026-06-27 22:55:32 | INFO     | scanner.engine                      | FILTERED | DEEPAKNTR.NS         | signal=SELL        | conf= 74.83 | acc=0.5290 | score=0.4022
2026-06-27 22:55:32 | INFO     | scanner.engine                      | PASSED   | EMAMILTD.NS          | signal=SELL        | score=0.3598 | conf= 73.68 | acc=0.6232
2026-06-27 22:55:33 | INFO     | scanner.filters                     | FILTERED | ?                    | signal=SELL        | conf= 62.17 | acc=0.4855 | score=0.4059 | reason=avg_volume 138338 below MIN_AVG_VOLUME 500000
2026-06-27 22:55:33 | INFO     | scanner.engine                      | FILTERED | ESCORTS.NS           | signal=SELL        | conf= 62.17 | acc=0.4855 | score=0.4059
2026-06-27 22:55:34 | INFO     | scanner.engine                      | PASSED   | EXIDEIND.NS          | signal=HOLD        | score=0.4825 | conf= 89.02 | acc=0.5362
2026-06-27 22:55:37 | INFO     | scanner.engine                      | PASSED   | GNFC.NS              | signal=HOLD        | score=0.5412 | conf= 77.15 | acc=0.5000
2026-06-27 22:55:37 | INFO     | scanner.engine                      | PASSED   | HINDPETRO.NS         | signal=HOLD        | score=0.4928 | conf= 74.57 | acc=0.4710
2026-06-27 22:55:37 | INFO     | scanner.engine                      | PASSED   | GLENMARK.NS          | signal=SELL        | score=0.3684 | conf= 65.90 | acc=0.5580
2026-06-27 22:55:37 | INFO     | scanner.engine                      | PASSED   | GUJGASLTD.NS         | signal=SELL        | score=0.4033 | conf= 65.23 | acc=0.4783
2026-06-27 22:55:38 | INFO     | scanner.filters                     | FILTERED | ?                    | signal=BUY         | conf= 90.62 | acc=0.5580 | score=0.5833 | reason=avg_volume 211643 below MIN_AVG_VOLUME 500000
2026-06-27 22:55:38 | INFO     | scanner.engine                      | FILTERED | IPCALAB.NS           | signal=BUY         | conf= 90.62 | acc=0.5580 | score=0.5833
2026-06-27 22:55:39 | INFO     | scanner.engine                      | PASSED   | IRFC.NS              | signal=SELL        | score=0.3518 | conf= 70.80 | acc=0.5870
2026-06-27 22:55:40 | INFO     | scanner.filters                     | FILTERED | ?                    | signal=HOLD        | conf= 76.45 | acc=0.5217 | score=0.4651 | reason=avg_volume 79462 below MIN_AVG_VOLUME 500000
2026-06-27 22:55:40 | INFO     | scanner.engine                      | FILTERED | JKCEMENT.NS          | signal=HOLD        | conf= 76.45 | acc=0.5217 | score=0.4651
2026-06-27 22:55:40 | INFO     | scanner.engine                      | PASSED   | JUBLFOOD.NS          | signal=SELL        | score=0.3906 | conf= 84.46 | acc=0.5652
2026-06-27 22:55:43 | INFO     | scanner.engine                      | PASSED   | KAYNES.NS            | signal=HOLD        | score=0.4553 | conf= 71.62 | acc=0.4565
2026-06-27 22:55:43 | INFO     | scanner.engine                      | PASSED   | KIMS.NS              | signal=HOLD        | score=0.4846 | conf= 65.43 | acc=0.4420
2026-06-27 22:55:43 | INFO     | scanner.filters                     | FILTERED | ?                    | signal=BUY         | conf= 78.98 | acc=0.4710 | score=0.6362 | reason=avg_volume 227018 below MIN_AVG_VOLUME 500000
2026-06-27 22:55:43 | INFO     | scanner.engine                      | FILTERED | KAJARIACER.NS        | signal=BUY         | conf= 78.98 | acc=0.4710 | score=0.6362
2026-06-27 22:55:43 | INFO     | scanner.engine                      | PASSED   | MANAPPURAM.NS        | signal=HOLD        | score=0.5650 | conf= 74.28 | acc=0.5290
2026-06-27 22:55:43 | INFO     | scanner.engine                      | PASSED   | MFSL.NS              | signal=HOLD        | score=0.4833 | conf= 79.43 | acc=0.5507
2026-06-27 22:55:43 | INFO     | scanner.filters                     | FILTERED | ?                    | signal=HOLD        | conf= 85.70 | acc=0.5290 | score=0.5539 | reason=avg_volume 240963 below MIN_AVG_VOLUME 500000
2026-06-27 22:55:43 | INFO     | scanner.engine                      | FILTERED | MGL.NS               | signal=HOLD        | conf= 85.70 | acc=0.5290 | score=0.5539
2026-06-27 22:55:43 | INFO     | scanner.engine                      | Scan batch done: 50 processed, 30 passed filters
2026-06-27 22:55:43 | INFO     | scanner.engine                      | SCAN END   | id=32877676_mid_cap | category=Mid Cap | scanned=100 | passed=30 | filtered=70
2026-06-27 22:55:43 | INFO     | scanner.engine                      | SCAN START | id=32877676_small_cap | category=Small Cap | stocks=102
2026-06-27 22:55:43 | INFO     | scanner.engine                      | Parallel scan: 50 stocks / 8 workers
2026-06-27 22:55:45 | INFO     | __main__                            | App started / reloaded
2026-06-27 22:55:51 | INFO     | scanner.engine                      | PASSED   | CDSL.NS              | signal=HOLD        | score=0.5557 | conf= 84.84 | acc=0.5145
2026-06-27 22:55:51 | INFO     | scanner.engine                      | PASSED   | HAPPSTMNDS.NS        | signal=SELL        | score=0.3397 | conf= 79.71 | acc=0.5580
2026-06-27 22:55:52 | INFO     | scanner.filters                     | FILTERED | ?                    | signal=HOLD        | conf= 86.15 | acc=0.5290 | score=0.4496 | reason=avg_volume 373837 below MIN_AVG_VOLUME 500000
2026-06-27 22:55:52 | INFO     | scanner.engine                      | FILTERED | TANLA.NS             | signal=HOLD        | conf= 86.15 | acc=0.5290 | score=0.4496
2026-06-27 22:55:52 | INFO     | scanner.engine                      | PASSED   | ANGELONE.NS          | signal=HOLD        | score=0.4810 | conf= 77.74 | acc=0.4855
2026-06-27 22:55:52 | INFO     | scanner.engine                      | PASSED   | APLAPOLLO.NS         | signal=SELL        | score=0.4104 | conf= 79.31 | acc=0.4783
2026-06-27 22:55:52 | INFO     | scanner.filters                     | FILTERED | ?                    | signal=BUY         | conf= 66.30 | acc=0.4928 | score=0.6263 | reason=avg_volume 168284 below MIN_AVG_VOLUME 500000
2026-06-27 22:55:52 | INFO     | scanner.engine                      | FILTERED | APARINDS.NS          | signal=BUY         | conf= 66.30 | acc=0.4928 | score=0.6263
2026-06-27 22:55:52 | INFO     | scanner.engine                      | PASSED   | SAREGAMA.NS          | signal=HOLD        | score=0.5385 | conf= 80.82 | acc=0.5072
2026-06-27 22:55:52 | INFO     | scanner.engine                      | PASSED   | BSOFT.NS             | signal=SELL        | score=0.3303 | conf= 84.17 | acc=0.4493
2026-06-27 22:55:53 | ERROR    | yfinance                            | $AEGISCHEM.NS: possibly delisted; no price data found  (period=1y) (Yahoo error = "No data found, symbol may be delisted")
2026-06-27 22:55:53 | ERROR    | yfinance                            | $ALEXOTYRES.NS: possibly delisted; no price data found  (period=1y) (Yahoo error = "No data found, symbol may be delisted")
2026-06-27 22:55:53 | ERROR    | yfinance                            | 
1 Failed download:
2026-06-27 22:55:53 | ERROR    | yfinance                            | $AKZOINDIA.NS: possibly delisted; no price data found  (period=1y) (Yahoo error = "No data found, symbol may be delisted")
2026-06-27 22:55:53 | ERROR    | yfinance                            | 
1 Failed download:
2026-06-27 22:55:53 | ERROR    | yfinance                            | ['AEGISCHEM.NS']: possibly delisted; no price data found  (period=1y) (Yahoo error = "No data found, symbol may be delisted")
2026-06-27 22:55:53 | ERROR    | yfinance                            | 
1 Failed download:
2026-06-27 22:55:53 | ERROR    | yfinance                            | ['ALEXOTYRES.NS']: possibly delisted; no price data found  (period=1y) (Yahoo error = "No data found, symbol may be delisted")
2026-06-27 22:55:53 | ERROR    | yfinance                            | ['AKZOINDIA.NS']: possibly delisted; no price data found  (period=1y) (Yahoo error = "No data found, symbol may be delisted")
2026-06-27 22:55:53 | WARNING  | scanner.engine                      | AEGISCHEM.NS: no data returned
2026-06-27 22:55:53 | WARNING  | scanner.engine                      | AKZOINDIA.NS: no data returned
2026-06-27 22:55:53 | WARNING  | scanner.engine                      | ALEXOTYRES.NS: no data returned
2026-06-27 22:55:56 | INFO     | scanner.filters                     | FILTERED | ?                    | signal=BUY         | conf= 71.82 | acc=0.5145 | score=0.6016 | reason=avg_volume 459978 below MIN_AVG_VOLUME 500000
2026-06-27 22:55:56 | INFO     | scanner.engine                      | FILTERED | AETHER.NS            | signal=BUY         | conf= 71.82 | acc=0.5145 | score=0.6016
2026-06-27 22:55:56 | INFO     | scanner.filters                     | FILTERED | ?                    | signal=HOLD        | conf= 64.15 | acc=0.5217 | score=0.5128 | reason=avg_volume 415258 below MIN_AVG_VOLUME 500000
2026-06-27 22:55:56 | INFO     | scanner.engine                      | FILTERED | AMBER.NS             | signal=HOLD        | conf= 64.15 | acc=0.5217 | score=0.5128
2026-06-27 22:55:56 | INFO     | scanner.engine                      | PASSED   | AARTIIND.NS          | signal=HOLD        | score=0.5153 | conf= 89.04 | acc=0.5580
2026-06-27 22:55:56 | INFO     | scanner.filters                     | FILTERED | ?                    | signal=HOLD        | conf= 72.23 | acc=0.5072 | score=0.5555 | reason=avg_volume 232279 below MIN_AVG_VOLUME 500000
2026-06-27 22:55:56 | INFO     | scanner.engine                      | FILTERED | AAVAS.NS             | signal=HOLD        | conf= 72.23 | acc=0.5072 | score=0.5555
2026-06-27 22:55:58 | INFO     | scanner.filters                     | FILTERED | ?                    | signal=HOLD        | conf= 69.15 | acc=0.5362 | score=0.4989 | reason=avg_volume 406030 below MIN_AVG_VOLUME 500000
2026-06-27 22:55:58 | INFO     | scanner.engine                      | FILTERED | ALEMBICLTD.NS        | signal=HOLD        | conf= 69.15 | acc=0.5362 | score=0.4989
2026-06-27 22:56:00 | INFO     | scanner.filters                     | FILTERED | ?                    | signal=BUY         | conf= 80.51 | acc=0.5290 | score=0.5844 | reason=avg_volume 468926 below MIN_AVG_VOLUME 500000
2026-06-27 22:56:00 | INFO     | scanner.engine                      | FILTERED | CARBORUNIV.NS        | signal=BUY         | conf= 80.51 | acc=0.5290 | score=0.5844
2026-06-27 22:56:00 | INFO     | __main__                            | App started / reloaded
2026-06-27 22:56:01 | INFO     | scanner.filters                     | FILTERED | ?                    | signal=HOLD        | conf= 81.43 | acc=0.5942 | score=0.4595 | reason=avg_volume 43964 below MIN_AVG_VOLUME 500000
2026-06-27 22:56:01 | INFO     | scanner.engine                      | FILTERED | CENTURYPLY.NS        | signal=HOLD        | conf= 81.43 | acc=0.5942 | score=0.4595
2026-06-27 22:56:01 | INFO     | scanner.filters                     | FILTERED | ?                    | signal=BUY         | conf= 82.17 | acc=0.5362 | score=0.5876 | reason=avg_volume 35290 below MIN_AVG_VOLUME 500000
2026-06-27 22:56:01 | INFO     | scanner.engine                      | FILTERED | CERA.NS              | signal=BUY         | conf= 82.17 | acc=0.5362 | score=0.5876
2026-06-27 22:56:01 | INFO     | scanner.filters                     | FILTERED | ?                    | signal=HOLD        | conf= 83.45 | acc=0.5435 | score=0.4889 | reason=avg_volume 433201 below MIN_AVG_VOLUME 500000
2026-06-27 22:56:01 | INFO     | scanner.engine                      | FILTERED | CLEAN.NS             | signal=HOLD        | conf= 83.45 | acc=0.5435 | score=0.4889
2026-06-27 22:56:01 | INFO     | scanner.filters                     | FILTERED | ?                    | signal=HOLD        | conf= 72.55 | acc=0.5580 | score=0.5345 | reason=avg_volume 17857 below MIN_AVG_VOLUME 500000
2026-06-27 22:56:01 | INFO     | scanner.engine                      | FILTERED | ATUL.NS              | signal=HOLD        | conf= 72.55 | acc=0.5580 | score=0.5345
2026-06-27 22:56:01 | INFO     | scanner.engine                      | PASSED   | AVANTIFEED.NS        | signal=SELL        | score=0.4008 | conf= 86.63 | acc=0.4058
2026-06-27 22:56:02 | INFO     | scanner.filters                     | FILTERED | ?                    | signal=SELL        | conf= 89.53 | acc=0.5072 | score=0.4043 | reason=avg_volume 420422 below MIN_AVG_VOLUME 500000
2026-06-27 22:56:02 | INFO     | scanner.engine                      | FILTERED | CAMPUS.NS            | signal=SELL        | conf= 89.53 | acc=0.5072 | score=0.4043
2026-06-27 22:56:05 | INFO     | scanner.engine                      | PASSED   | DELTACORP.NS         | signal=SELL        | score=0.3348 | conf= 73.10 | acc=0.5580
2026-06-27 22:56:06 | INFO     | scanner.filters                     | FILTERED | ?                    | signal=HOLD        | conf= 69.68 | acc=0.4348 | score=0.5480 | reason=avg_volume 353025 below MIN_AVG_VOLUME 500000
2026-06-27 22:56:06 | INFO     | scanner.engine                      | FILTERED | DEEPAKFERT.NS        | signal=HOLD        | conf= 69.68 | acc=0.4348 | score=0.5480
2026-06-27 22:56:07 | INFO     | scanner.filters                     | FILTERED | ?                    | signal=SELL        | conf= 84.65 | acc=0.7391 | score=0.3677 | reason=avg_volume 76741 below MIN_AVG_VOLUME 500000
2026-06-27 22:56:07 | INFO     | scanner.engine                      | FILTERED | EMUDHRA.NS           | signal=SELL        | conf= 84.65 | acc=0.7391 | score=0.3677
2026-06-27 22:56:07 | INFO     | scanner.filters                     | FILTERED | ?                    | signal=HOLD        | conf= 82.99 | acc=0.5652 | score=0.4496 | reason=avg_volume 143911 below MIN_AVG_VOLUME 500000
2026-06-27 22:56:07 | INFO     | scanner.engine                      | FILTERED | GALLANTT.NS          | signal=HOLD        | conf= 82.99 | acc=0.5652 | score=0.4496
2026-06-27 22:56:07 | INFO     | scanner.filters                     | FILTERED | ?                    | signal=HOLD        | conf= 77.69 | acc=0.4638 | score=0.5073 | reason=avg_volume 497115 below MIN_AVG_VOLUME 500000
2026-06-27 22:56:07 | INFO     | scanner.engine                      | FILTERED | ELGIEQUIP.NS         | signal=HOLD        | conf= 77.69 | acc=0.4638 | score=0.5073
2026-06-27 22:56:09 | INFO     | scanner.engine                      | PASSED   | GPPL.NS              | signal=HOLD        | score=0.4255 | conf= 60.09 | acc=0.5942
2026-06-27 22:56:09 | INFO     | scanner.filters                     | FILTERED | ?                    | signal=SELL        | conf= 81.81 | acc=0.5942 | score=0.3917 | reason=avg_volume 66536 below MIN_AVG_VOLUME 500000
2026-06-27 22:56:09 | INFO     | scanner.engine                      | FILTERED | GLOBUSSPR.NS         | signal=SELL        | conf= 81.81 | acc=0.5942 | score=0.3917
2026-06-27 22:56:09 | INFO     | scanner.filters                     | FILTERED | ?                    | signal=HOLD        | conf= 82.51 | acc=0.5870 | score=0.4594 | reason=avg_volume 176508 below MIN_AVG_VOLUME 500000
2026-06-27 22:56:09 | INFO     | scanner.engine                      | FILTERED | GREENPANEL.NS        | signal=HOLD        | conf= 82.51 | acc=0.5870 | score=0.4594
2026-06-27 22:56:10 | INFO     | scanner.filters                     | FILTERED | 2026-06-25 00:00:00  | signal=BUY         | conf= 71.03 | acc=0.4275 | score=0.6146 | reason=accuracy 0.4275 below MIN_ACCURACY 0.44
2026-06-27 22:56:10 | INFO     | scanner.engine                      | FILTERED | GRINDWELL.NS         | signal=BUY         | conf= 71.03 | acc=0.4275 | score=0.6146
2026-06-27 22:56:10 | ERROR    | yfinance                            | $ITDCEM.NS: possibly delisted; no price data found  (period=1y) (Yahoo error = "No data found, symbol may be delisted")
2026-06-27 22:56:10 | ERROR    | yfinance                            | 
1 Failed download:
2026-06-27 22:56:10 | ERROR    | yfinance                            | ['ITDCEM.NS']: possibly delisted; no price data found  (period=1y) (Yahoo error = "No data found, symbol may be delisted")
2026-06-27 22:56:10 | WARNING  | scanner.engine                      | ITDCEM.NS: no data returned
2026-06-27 22:56:11 | INFO     | scanner.filters                     | FILTERED | ?                    | signal=HOLD        | conf= 82.45 | acc=0.4710 | score=0.5204 | reason=avg_volume 348837 below MIN_AVG_VOLUME 500000
2026-06-27 22:56:11 | INFO     | scanner.engine                      | FILTERED | HIKAL.NS             | signal=HOLD        | conf= 82.45 | acc=0.4710 | score=0.5204
2026-06-27 22:56:11 | INFO     | scanner.engine                      | PASSED   | HINDCOPPER.NS        | signal=SELL        | score=0.3463 | conf= 69.76 | acc=0.5797
2026-06-27 22:56:12 | INFO     | scanner.filters                     | FILTERED | ?                    | signal=SELL        | conf= 80.67 | acc=0.5942 | score=0.3471 | reason=avg_volume 45224 below MIN_AVG_VOLUME 500000
2026-06-27 22:56:12 | INFO     | scanner.engine                      | FILTERED | ISGEC.NS             | signal=SELL        | conf= 80.67 | acc=0.5942 | score=0.3471
2026-06-27 22:56:13 | ERROR    | yfinance                            | $LAXMIMACH.NS: possibly delisted; no price data found  (period=1y) (Yahoo error = "No data found, symbol may be delisted")
2026-06-27 22:56:13 | INFO     | scanner.filters                     | FILTERED | ?                    | signal=BUY         | conf= 77.67 | acc=0.5652 | score=0.6043 | reason=RSI 71.9 outside [35, 70]
2026-06-27 22:56:13 | INFO     | scanner.engine                      | FILTERED | HFCL.NS              | signal=BUY         | conf= 77.67 | acc=0.5652 | score=0.6043
2026-06-27 22:56:13 | ERROR    | yfinance                            | 
1 Failed download:
2026-06-27 22:56:13 | ERROR    | yfinance                            | ['LAXMIMACH.NS']: possibly delisted; no price data found  (period=1y) (Yahoo error = "No data found, symbol may be delisted")
2026-06-27 22:56:13 | WARNING  | scanner.engine                      | LAXMIMACH.NS: no data returned
2026-06-27 22:56:14 | INFO     | scanner.engine                      | PASSED   | JINDALSAW.NS         | signal=HOLD        | score=0.5783 | conf= 72.75 | acc=0.4855
2026-06-27 22:56:15 | ERROR    | yfinance                            | $MTAR.NS: possibly delisted; no price data found  (period=1y) (Yahoo error = "No data found, symbol may be delisted")
2026-06-27 22:56:15 | ERROR    | yfinance                            | 
1 Failed download:
2026-06-27 22:56:15 | ERROR    | yfinance                            | ['MTAR.NS']: possibly delisted; no price data found  (period=1y) (Yahoo error = "No data found, symbol may be delisted")
2026-06-27 22:56:15 | WARNING  | scanner.engine                      | MTAR.NS: no data returned
2026-06-27 22:56:15 | INFO     | scanner.filters                     | FILTERED | ?                    | signal=HOLD        | conf= 68.90 | acc=0.4710 | score=0.5655 | reason=avg_volume 252168 below MIN_AVG_VOLUME 500000
2026-06-27 22:56:15 | INFO     | scanner.engine                      | FILTERED | JBCHEPHARM.NS        | signal=HOLD        | conf= 68.90 | acc=0.4710 | score=0.5655
2026-06-27 22:56:16 | INFO     | scanner.filters                     | FILTERED | ?                    | signal=HOLD        | conf= 81.17 | acc=0.5072 | score=0.5213 | reason=avg_volume 498934 below MIN_AVG_VOLUME 500000
2026-06-27 22:56:16 | INFO     | scanner.engine                      | FILTERED | KRBL.NS              | signal=HOLD        | conf= 81.17 | acc=0.5072 | score=0.5213
2026-06-27 22:56:16 | INFO     | scanner.filters                     | FILTERED | ?                    | signal=STRONG SELL | conf= 71.24 | acc=0.5870 | score=0.2752 | reason=avg_volume 190312 below MIN_AVG_VOLUME 500000
2026-06-27 22:56:16 | INFO     | scanner.engine                      | FILTERED | JKPAPER.NS           | signal=STRONG SELL | conf= 71.24 | acc=0.5870 | score=0.2752
2026-06-27 22:56:17 | INFO     | scanner.filters                     | FILTERED | ?                    | signal=SELL        | conf= 73.00 | acc=0.5507 | score=0.3722 | reason=avg_volume 53803 below MIN_AVG_VOLUME 500000
2026-06-27 22:56:17 | INFO     | scanner.engine                      | FILTERED | MASTEK.NS            | signal=SELL        | conf= 73.00 | acc=0.5507 | score=0.3722
2026-06-27 22:56:17 | INFO     | scanner.engine                      | PASSED   | JYOTICNC.NS          | signal=HOLD        | score=0.5139 | conf= 76.24 | acc=0.4928
2026-06-27 22:56:17 | INFO     | scanner.engine                      | PASSED   | NATCOPHARM.NS        | signal=SELL        | score=0.3763 | conf= 62.47 | acc=0.4638
2026-06-27 22:56:18 | INFO     | __main__                            | App started / reloaded
2026-06-27 22:56:18 | INFO     | scanner.engine                      | PASSED   | NBCC.NS              | signal=HOLD        | score=0.4789 | conf= 73.28 | acc=0.5362
2026-06-27 22:56:19 | INFO     | scanner.filters                     | FILTERED | ?                    | signal=SELL        | conf= 68.63 | acc=0.4348 | score=0.3929 | reason=avg_volume 30333 below MIN_AVG_VOLUME 500000
2026-06-27 22:56:19 | INFO     | scanner.engine                      | FILTERED | PFIZER.NS            | signal=SELL        | conf= 68.63 | acc=0.4348 | score=0.3929
2026-06-27 22:56:19 | INFO     | scanner.filters                     | FILTERED | ?                    | signal=HOLD        | conf= 84.29 | acc=0.4710 | score=0.5662 | reason=avg_volume 43492 below MIN_AVG_VOLUME 500000
2026-06-27 22:56:19 | INFO     | scanner.engine                      | FILTERED | NEULANDLAB.NS        | signal=HOLD        | conf= 84.29 | acc=0.4710 | score=0.5662
2026-06-27 22:56:19 | INFO     | scanner.filters                     | FILTERED | ?                    | signal=SELL        | conf= 64.45 | acc=0.5435 | score=0.3941 | reason=avg_volume 163289 below MIN_AVG_VOLUME 500000
2026-06-27 22:56:19 | INFO     | scanner.engine                      | FILTERED | ORIENTELEC.NS        | signal=SELL        | conf= 64.45 | acc=0.5435 | score=0.3941
2026-06-27 22:56:19 | INFO     | scanner.engine                      | Scan batch done: 50 processed, 15 passed filters
2026-06-27 22:56:19 | INFO     | scanner.engine                      | SCAN END   | id=32877676_small_cap | category=Small Cap | scanned=102 | passed=15 | filtered=87
2026-06-27 22:56:19 | INFO     | scanner.background                  | ═══ SCAN RUN 32877676 COMPLETED — 301/301 processed ═══
2026-06-27 22:56:37 | INFO     | __main__                            | App started / reloaded
2026-06-28 12:41:02 | INFO     | __main__                            | App started / reloaded
2026-06-28 12:41:02 | INFO     | scanner.background                  | ═══ SCAN RUN 454d5fd7 STARTED — 301 stocks across 3 categories ═══
2026-06-28 12:41:02 | INFO     | scanner.engine                      | SCAN START | id=454d5fd7_large_cap | category=Large Cap | stocks=100
2026-06-28 12:41:02 | INFO     | scanner.engine                      | Parallel scan: 50 stocks / 8 workers
2026-06-28 12:41:49 | INFO     | api.main                            | StockAI Pro API starting up
2026-06-28 12:41:50 | INFO     | api.main                            | GET /docs -> 200 (0.0ms)
2026-06-28 12:41:51 | INFO     | api.main                            | GET /openapi.json -> 200 (114.0ms)
2026-06-28 12:42:16 | INFO     | news.api                            | News fetched for RELIANCE.NS: 10 headlines
2026-06-28 12:43:24 | INFO     | news.sentiment                      | Loading FinBERT sentiment model...
2026-06-28 12:43:25 | INFO     | httpx                               | HTTP Request: HEAD https://huggingface.co/ProsusAI/finbert/resolve/main/config.json "HTTP/1.1 307 Temporary Redirect"
2026-06-28 12:43:25 | WARNING  | huggingface_hub.utils._http         | Warning: You are sending unauthenticated requests to the HF Hub. Please set a HF_TOKEN to enable higher rate limits and faster downloads.
2026-06-28 12:43:25 | INFO     | httpx                               | HTTP Request: HEAD https://huggingface.co/api/resolve-cache/models/ProsusAI/finbert/4556d13015211d73dccd3fdd39d39232506f3e43/config.json "HTTP/1.1 200 OK"
2026-06-28 12:43:25 | INFO     | httpx                               | HTTP Request: HEAD https://huggingface.co/ProsusAI/finbert/resolve/main/model.safetensors "HTTP/1.1 404 Not Found"
2026-06-28 12:43:26 | INFO     | httpx                               | HTTP Request: HEAD https://huggingface.co/ProsusAI/finbert/resolve/main/model.safetensors "HTTP/1.1 404 Not Found"
2026-06-28 12:43:26 | INFO     | httpx                               | HTTP Request: GET https://huggingface.co/api/models/ProsusAI/finbert "HTTP/1.1 200 OK"
2026-06-28 12:43:26 | INFO     | httpx                               | HTTP Request: GET https://huggingface.co/api/models/ProsusAI/finbert "HTTP/1.1 200 OK"
2026-06-28 12:43:26 | INFO     | httpx                               | HTTP Request: GET https://huggingface.co/api/models/ProsusAI/finbert/commits/main "HTTP/1.1 200 OK"
2026-06-28 12:43:26 | INFO     | httpx                               | HTTP Request: GET https://huggingface.co/api/models/ProsusAI/finbert/commits/main "HTTP/1.1 200 OK"
2026-06-28 12:43:26 | INFO     | httpx                               | HTTP Request: GET https://huggingface.co/api/models/ProsusAI/finbert/discussions?p=0 "HTTP/1.1 200 OK"
2026-06-28 12:43:27 | INFO     | httpx                               | HTTP Request: GET https://huggingface.co/api/models/ProsusAI/finbert/discussions?p=0 "HTTP/1.1 200 OK"
2026-06-28 12:43:27 | INFO     | httpx                               | HTTP Request: HEAD https://huggingface.co/ProsusAI/finbert/resolve/main/config.json "HTTP/1.1 307 Temporary Redirect"
2026-06-28 12:43:27 | INFO     | httpx                               | HTTP Request: GET https://huggingface.co/api/models/ProsusAI/finbert/commits/refs%2Fpr%2F29 "HTTP/1.1 200 OK"
2026-06-28 12:43:27 | INFO     | httpx                               | HTTP Request: HEAD https://huggingface.co/api/resolve-cache/models/ProsusAI/finbert/4556d13015211d73dccd3fdd39d39232506f3e43/config.json "HTTP/1.1 200 OK"
2026-06-28 12:43:27 | INFO     | httpx                               | HTTP Request: GET https://huggingface.co/api/models/ProsusAI/finbert/commits/refs%2Fpr%2F29 "HTTP/1.1 200 OK"
2026-06-28 12:43:27 | INFO     | httpx                               | HTTP Request: HEAD https://huggingface.co/ProsusAI/finbert/resolve/refs%2Fpr%2F29/model.safetensors.index.json "HTTP/1.1 404 Not Found"
2026-06-28 12:43:27 | INFO     | httpx                               | HTTP Request: HEAD https://huggingface.co/ProsusAI/finbert/resolve/main/model.safetensors "HTTP/1.1 404 Not Found"
2026-06-28 12:43:27 | INFO     | httpx                               | HTTP Request: HEAD https://huggingface.co/ProsusAI/finbert/resolve/refs%2Fpr%2F29/model.safetensors.index.json "HTTP/1.1 404 Not Found"
2026-06-28 12:43:27 | INFO     | httpx                               | HTTP Request: HEAD https://huggingface.co/ProsusAI/finbert/resolve/refs%2Fpr%2F29/model.safetensors "HTTP/1.1 302 Found"
2026-06-28 12:43:27 | INFO     | httpx                               | HTTP Request: GET https://huggingface.co/api/models/ProsusAI/finbert "HTTP/1.1 200 OK"
2026-06-28 12:43:27 | INFO     | httpx                               | HTTP Request: HEAD https://huggingface.co/ProsusAI/finbert/resolve/main/config.json "HTTP/1.1 307 Temporary Redirect"
2026-06-28 12:43:27 | INFO     | httpx                               | HTTP Request: HEAD https://huggingface.co/ProsusAI/finbert/resolve/refs%2Fpr%2F29/model.safetensors "HTTP/1.1 302 Found"
2026-06-28 12:43:27 | INFO     | httpx                               | HTTP Request: HEAD https://huggingface.co/api/resolve-cache/models/ProsusAI/finbert/4556d13015211d73dccd3fdd39d39232506f3e43/config.json "HTTP/1.1 200 OK"
2026-06-28 12:43:27 | INFO     | httpx                               | HTTP Request: GET https://huggingface.co/api/models/ProsusAI/finbert/commits/main "HTTP/1.1 200 OK"
2026-06-28 12:43:28 | INFO     | httpx                               | HTTP Request: HEAD https://huggingface.co/ProsusAI/finbert/resolve/main/model.safetensors "HTTP/1.1 404 Not Found"
2026-06-28 12:43:28 | ERROR    | news.sentiment                      | Failed to load FinBERT — falling back to TextBlob — ValueError: Could not load model ProsusAI/finbert with any of the following classes: (<class 'transformers.models.auto.modeling_auto.AutoModelForSequenceClassification'>, <class 'transformers.models.bert.modeling_bert.BertForSequenceClassification'>). See the original errors:

while loading with AutoModelForSequenceClassification, an error is thrown:
Traceback (most recent call last):
  File "C:\Python\Git\stock-prediction-app\venv\Lib\site-packages\transformers\pipelines\base.py", line 232, in load_model
    model = model_class.from_pretrained(model, **kwargs)
            ^^^^^^^^^^^^^^^^^^^^^^^^^^^^^^^^^^^^^^^^^^^^
  File "C:\Python\Git\stock-prediction-app\venv\Lib\site-packages\transformers\models\auto\auto_factory.py", line 405, in from_pretrained
    return model_class.from_pretrained(
           ^^^^^^^^^^^^^^^^^^^^^^^^^^^^
  File "C:\Python\Git\stock-prediction-app\venv\Lib\site-packages\transformers\modeling_utils.py", line 4219, in from_pretrained
    config, dtype = _get_dtype(
                    ^^^^^^^^^^^
  File "C:\Python\Git\stock-prediction-app\venv\Lib\site-packages\transformers\modeling_utils.py", line 848, in _get_dtype
    state_dict = load_state_dict(
                 ^^^^^^^^^^^^^^^^
  File "C:\Python\Git\stock-prediction-app\venv\Lib\site-packages\transformers\modeling_utils.py", line 374, in load_state_dict
    check_torch_load_is_safe()
  File "C:\Python\Git\stock-prediction-app\venv\Lib\site-packages\transformers\utils\import_utils.py", line 1384, in check_torch_load_is_safe
    raise ValueError(
ValueError: Due to a serious vulnerability issue in `torch.load`, even with `weights_only=True`, we now require users to upgrade torch to at least v2.6 in order to use the function. This version restriction does not apply when loading files with safetensors.
See the vulnerability report here https://nvd.nist.gov/vuln/detail/CVE-2025-32434

During handling of the above exception, another exception occurred:

Traceback (most recent call last):
  File "C:\Python\Git\stock-prediction-app\venv\Lib\site-packages\transformers\pipelines\base.py", line 248, in load_model
    model = model_class.from_pretrained(model, **fp32_kwargs)
            ^^^^^^^^^^^^^^^^^^^^^^^^^^^^^^^^^^^^^^^^^^^^^^^^^
  File "C:\Python\Git\stock-prediction-app\venv\Lib\site-packages\transformers\models\auto\auto_factory.py", line 405, in from_pretrained
    return model_class.from_pretrained(
           ^^^^^^^^^^^^^^^^^^^^^^^^^^^^
  File "C:\Python\Git\stock-prediction-app\venv\Lib\site-packages\transformers\modeling_utils.py", line 4296, in from_pretrained
    loading_info, disk_offload_index = cls._load_pretrained_model(model, state_dict, checkpoint_files, load_config)
                                       ^^^^^^^^^^^^^^^^^^^^^^^^^^^^^^^^^^^^^^^^^^^^^^^^^^^^^^^^^^^^^^^^^^^^^^^^^^^^
  File "C:\Python\Git\stock-prediction-app\venv\Lib\site-packages\transformers\modeling_utils.py", line 4422, in _load_pretrained_model
    merged_state_dict.update(load_state_dict(ckpt_file, disable_mmap=load_config.disable_mmap))
                             ^^^^^^^^^^^^^^^^^^^^^^^^^^^^^^^^^^^^^^^^^^^^^^^^^^^^^^^^^^^^^^^^^
  File "C:\Python\Git\stock-prediction-app\venv\Lib\site-packages\transformers\modeling_utils.py", line 374, in load_state_dict
    check_torch_load_is_safe()
  File "C:\Python\Git\stock-prediction-app\venv\Lib\site-packages\transformers\utils\import_utils.py", line 1384, in check_torch_load_is_safe
    raise ValueError(
ValueError: Due to a serious vulnerability issue in `torch.load`, even with `weights_only=True`, we now require users to upgrade torch to at least v2.6 in order to use the function. This version restriction does not apply when loading files with safetensors.
See the vulnerability report here https://nvd.nist.gov/vuln/detail/CVE-2025-32434

while loading with BertForSequenceClassification, an error is thrown:
Traceback (most recent call last):
  File "C:\Python\Git\stock-prediction-app\venv\Lib\site-packages\transformers\pipelines\base.py", line 232, in load_model
    model = model_class.from_pretrained(model, **kwargs)
            ^^^^^^^^^^^^^^^^^^^^^^^^^^^^^^^^^^^^^^^^^^^^
  File "C:\Python\Git\stock-prediction-app\venv\Lib\site-packages\transformers\modeling_utils.py", line 4219, in from_pretrained
    config, dtype = _get_dtype(
                    ^^^^^^^^^^^
  File "C:\Python\Git\stock-prediction-app\venv\Lib\site-packages\transformers\modeling_utils.py", line 848, in _get_dtype
    state_dict = load_state_dict(
                 ^^^^^^^^^^^^^^^^
  File "C:\Python\Git\stock-prediction-app\venv\Lib\site-packages\transformers\modeling_utils.py", line 374, in load_state_dict
    check_torch_load_is_safe()
  File "C:\Python\Git\stock-prediction-app\venv\Lib\site-packages\transformers\utils\import_utils.py", line 1384, in check_torch_load_is_safe
    raise ValueError(
ValueError: Due to a serious vulnerability issue in `torch.load`, even with `weights_only=True`, we now require users to upgrade torch to at least v2.6 in order to use the function. This version restriction does not apply when loading files with safetensors.
See the vulnerability report here https://nvd.nist.gov/vuln/detail/CVE-2025-32434

During handling of the above exception, another exception occurred:

Traceback (most recent call last):
  File "C:\Python\Git\stock-prediction-app\venv\Lib\site-packages\transformers\pipelines\base.py", line 248, in load_model
    model = model_class.from_pretrained(model, **fp32_kwargs)
            ^^^^^^^^^^^^^^^^^^^^^^^^^^^^^^^^^^^^^^^^^^^^^^^^^
  File "C:\Python\Git\stock-prediction-app\venv\Lib\site-packages\transformers\modeling_utils.py", line 4296, in from_pretrained
    loading_info, disk_offload_index = cls._load_pretrained_model(model, state_dict, checkpoint_files, load_config)
                                       ^^^^^^^^^^^^^^^^^^^^^^^^^^^^^^^^^^^^^^^^^^^^^^^^^^^^^^^^^^^^^^^^^^^^^^^^^^^^
  File "C:\Python\Git\stock-prediction-app\venv\Lib\site-packages\transformers\modeling_utils.py", line 4422, in _load_pretrained_model
    merged_state_dict.update(load_state_dict(ckpt_file, disable_mmap=load_config.disable_mmap))
                             ^^^^^^^^^^^^^^^^^^^^^^^^^^^^^^^^^^^^^^^^^^^^^^^^^^^^^^^^^^^^^^^^^
  File "C:\Python\Git\stock-prediction-app\venv\Lib\site-packages\transformers\modeling_utils.py", line 374, in load_state_dict
    check_torch_load_is_safe()
  File "C:\Python\Git\stock-prediction-app\venv\Lib\site-packages\transformers\utils\import_utils.py", line 1384, in check_torch_load_is_safe
    raise ValueError(
ValueError: Due to a serious vulnerability issue in `torch.load`, even with `weights_only=True`, we now require users to upgrade torch to at least v2.6 in order to use the function. This version restriction does not apply when loading files with safetensors.
See the vulnerability report here https://nvd.nist.gov/vuln/detail/CVE-2025-32434



2026-06-28 12:43:28 | INFO     | httpx                               | HTTP Request: GET https://huggingface.co/api/models/ProsusAI/finbert/discussions?p=0 "HTTP/1.1 200 OK"
2026-06-28 12:43:28 | INFO     | httpx                               | HTTP Request: GET https://huggingface.co/api/models/ProsusAI/finbert "HTTP/1.1 200 OK"
2026-06-28 12:43:28 | INFO     | httpx                               | HTTP Request: GET https://huggingface.co/api/models/ProsusAI/finbert/commits/refs%2Fpr%2F29 "HTTP/1.1 200 OK"
2026-06-28 12:43:28 | INFO     | httpx                               | HTTP Request: GET https://huggingface.co/api/models/ProsusAI/finbert/commits/main "HTTP/1.1 200 OK"
2026-06-28 12:43:28 | INFO     | httpx                               | HTTP Request: HEAD https://huggingface.co/ProsusAI/finbert/resolve/refs%2Fpr%2F29/model.safetensors.index.json "HTTP/1.1 404 Not Found"
2026-06-28 12:43:28 | INFO     | httpx                               | HTTP Request: GET https://huggingface.co/api/models/ProsusAI/finbert/discussions?p=0 "HTTP/1.1 200 OK"
2026-06-28 12:43:28 | INFO     | httpx                               | HTTP Request: HEAD https://huggingface.co/ProsusAI/finbert/resolve/refs%2Fpr%2F29/model.safetensors "HTTP/1.1 302 Found"
2026-06-28 12:43:29 | INFO     | httpx                               | HTTP Request: GET https://huggingface.co/api/models/ProsusAI/finbert/commits/refs%2Fpr%2F29 "HTTP/1.1 200 OK"
2026-06-28 12:43:29 | INFO     | httpx                               | HTTP Request: HEAD https://huggingface.co/ProsusAI/finbert/resolve/refs%2Fpr%2F29/model.safetensors.index.json "HTTP/1.1 404 Not Found"
2026-06-28 12:43:29 | INFO     | httpx                               | HTTP Request: HEAD https://huggingface.co/ProsusAI/finbert/resolve/refs%2Fpr%2F29/model.safetensors "HTTP/1.1 302 Found"
2026-06-28 12:43:30 | INFO     | api.main                            | POST /api/analyze-stock -> 200 (80997.6ms)
2026-06-28 12:45:26 | INFO     | api.main                            | POST /api/top-picks/start -> 200 (32.5ms)
2026-06-28 12:45:34 | INFO     | api.main                            | POST /api/top-picks/start -> 200 (2.0ms)
2026-06-28 12:46:01 | INFO     | api.main                            | GET /api/tracker/recommendations -> 200 (30.2ms)
