prediction_id,symbol,prediction_timestamp,model_version,daily_window_start,daily_window_end,weekly_window_end,training_start_timestamp,training_end_timestamp,training_label_end_timestamp,n_training_rows,feature_row_timestamp,prediction_row_in_training_set,majority_class_training,production_accuracy_fast,logistic_probability,rf_probability,xgb_probability,ensemble_probability,predicted_direction,confidence,forward_row_ensemble_probability,forward_row_predicted_direction,forward_row_confidence,signal,confluence,weighted_score,market_regime,timeframe_score,news_score,news_status,passes_quality_filters,production_cmp,prediction_price,outcome_date_1d,actual_price_1d,return_1d,outcome_1d,outcome_date_3d,actual_price_3d,return_3d,outcome_3d,outcome_date_5d,actual_price_5d,return_5d,outcome_5d,outcome_date_10d,actual_price_10d,return_10d,outcome_10d,realized_issue_move,correct_1d,forward_row_correct_1d,baseline_majority_correct_1d,baseline_prev_direction_correct_1d,signal_success_1d,legacy_cmp_return_1d,legacy_cmp_signal_success_1d,correct_3d,forward_row_correct_3d,baseline_majority_correct_3d,baseline_prev_direction_correct_3d,signal_success_3d,legacy_cmp_return_3d,legacy_cmp_signal_success_3d,correct_5d,forward_row_correct_5d,baseline_majority_correct_5d,baseline_prev_direction_correct_5d,signal_success_5d,legacy_cmp_return_5d,legacy_cmp_signal_success_5d,correct_10d,forward_row_correct_10d,baseline_majority_correct_10d,baseline_prev_direction_correct_10d,signal_success_10d,legacy_cmp_return_10d,legacy_cmp_signal_success_10d,confidence_bucket,forward_row_confidence_bucket
AARTIIND.NS|2025-10-01|ensemble_lr0.20_rf0.30_xgb0.50,AARTIIND.NS,2025-10-01,ensemble_lr0.20_rf0.30_xgb0.50,2024-10-03,2025-10-01,2025-09-29,2024-10-30,2025-09-30,2025-10-01,229,2025-10-01,False,0,0.5217391304347826,0.42006333251763783,0.74,0.5669969916343689,0.589511162320712,1,58.95,0.589511162320712,1,58.95,HOLD,0.4554,-0.0892,Sideways,-0.67,0.0,unavailable_no_point_in_time_source,True,378.85,378.8468933105469,2025-10-03,379.84490966796875,0.2634,1,2025-10-07,376.60137939453125,-0.5927,0.0,2025-10-09,379.7451171875,0.2371,1.0,2025-10-16,375.8029479980469,-0.8035,0.0,1,1,1,0,1,1,0.2626,1,0.0,0.0,1.0,0.0,1.0,-0.5935,1.0,1.0,1.0,0.0,1.0,1.0,0.2363,1.0,0.0,0.0,1.0,0.0,1.0,-0.8043,1.0,55-60,55-60
ABFRL.NS|2025-10-01|ensemble_lr0.20_rf0.30_xgb0.50,ABFRL.NS,2025-10-01,ensemble_lr0.20_rf0.30_xgb0.50,2024-10-03,2025-10-01,2025-09-29,2024-10-30,2025-09-30,2025-10-01,229,2025-10-01,False,0,0.5,0.5675228264087607,0.52,0.3466593623161316,0.44283424643981795,0,55.72,0.44283424643981795,0,55.72,SELL,0.3692,-0.2615,High Volatility,-0.5,0.0,unavailable_no_point_in_time_source,True,86.39,86.38999938964844,2025-10-03,87.98999786376953,1.8521,1,2025-10-07,85.69999694824219,-0.7987,0.0,2025-10-09,84.56999969482422,-2.1067,0.0,2025-10-16,83.69000244140625,-3.1254,0.0,1,0,0,0,1,0,1.8521,0,1.0,1.0,1.0,0.0,1.0,-0.7987,1.0,1.0,1.0,1.0,0.0,1.0,-2.1067,1.0,1.0,1.0,1.0,0.0,1.0,-3.1254,1.0,55-60,55-60
ADANIENT.NS|2025-10-01|ensemble_lr0.20_rf0.30_xgb0.50,ADANIENT.NS,2025-10-01,ensemble_lr0.20_rf0.30_xgb0.50,2024-10-03,2025-10-01,2025-09-29,2024-10-30,2025-09-30,2025-10-01,229,2025-10-01,False,0,0.5289855072463768,0.46853001120092785,0.32,0.3714979588985443,0.37545498168945773,0,62.45,0.37545498168945773,0,62.45,BUY,0.6371,0.2743,Bullish,0.5,0.0,unavailable_no_point_in_time_source,True,2591.54,2591.541259765625,2025-10-03,2588.742431640625,-0.108,0,2025-10-07,2541.063720703125,-1.9478,0.0,2025-10-09,2541.263671875,-1.9401,0.0,2025-10-16,2556.45703125,-1.3538,0.0,1,1,1,1,0,0,-0.108,0,1.0,1.0,1.0,0.0,0.0,-1.9477,0.0,1.0,1.0,1.0,0.0,0.0,-1.94,0.0,1.0,1.0,1.0,0.0,0.0,-1.3537,0.0,60-65,60-65
ADANIPORTS.NS|2025-10-01|ensemble_lr0.20_rf0.30_xgb0.50,ADANIPORTS.NS,2025-10-01,ensemble_lr0.20_rf0.30_xgb0.50,2024-10-03,2025-10-01,2025-09-29,2024-10-30,2025-09-30,2025-10-01,229,2025-10-01,False,0,0.572463768115942,0.5259612720445169,0.66,0.8193969130516052,0.712890710934706,1,71.29,0.712890710934706,1,71.29,BUY,0.6188,0.2377,Bullish,-0.165,0.0,unavailable_no_point_in_time_source,True,1416.73,1416.729248046875,2025-10-03,1413.1444091796875,-0.253,0,2025-10-07,1393.6265869140625,-1.6307,0.0,2025-10-09,1389.742919921875,-1.9048,0.0,2025-10-16,1473.2908935546875,3.9924,1.0,1,0,0,1,0,0,-0.2531,0,0.0,0.0,1.0,0.0,0.0,-1.6308,0.0,0.0,0.0,1.0,0.0,0.0,-1.9049,0.0,1.0,1.0,0.0,1.0,1.0,3.9924,1.0,70-75,70-75
APOLLOTYRE.NS|2025-10-01|ensemble_lr0.20_rf0.30_xgb0.50,APOLLOTYRE.NS,2025-10-01,ensemble_lr0.20_rf0.30_xgb0.50,2024-10-03,2025-10-01,2025-09-29,2024-10-30,2025-09-30,2025-10-01,229,2025-10-01,False,0,0.5652173913043478,0.39657442926203296,0.34,0.4627103805541992,0.41267007612950624,0,58.73,0.41267007612950624,0,58.73,HOLD,0.4256,-0.1489,Bearish,0.165,0.0,unavailable_no_point_in_time_source,True,461.77,461.7741394042969,2025-10-03,467.20501708984375,1.1761,1,2025-10-07,472.48779296875,2.3201,1.0,2025-10-09,478.7580261230469,3.678,1.0,2025-10-16,483.7939758300781,4.7685,1.0,0,0,0,0,0,1,1.177,1,0.0,0.0,0.0,0.0,1.0,2.321,1.0,0.0,0.0,0.0,0.0,0.0,3.6789,0.0,0.0,0.0,0.0,0.0,0.0,4.7695,0.0,55-60,55-60
ASHOKLEY.NS|2025-10-01|ensemble_lr0.20_rf0.30_xgb0.50,ASHOKLEY.NS,2025-10-01,ensemble_lr0.20_rf0.30_xgb0.50,2024-10-03,2025-10-01,2025-09-29,2024-10-30,2025-09-30,2025-10-01,229,2025-10-01,False,1,0.5072463768115942,0.4371041182909713,0.58,0.7396565675735474,0.631249107444968,1,63.12,0.631249107444968,1,63.12,STRONG BUY,0.7836,0.5672,Bullish,1.0,0.0,unavailable_no_point_in_time_source,True,137.93,137.92575073242188,2025-10-03,136.51943969726562,-1.0196,0,2025-10-07,136.5585174560547,-0.9913,0.0,2025-10-09,135.39634704589844,-1.8339,0.0,2025-10-16,134.02911376953125,-2.8252,0.0,0,0,0,0,1,0,-1.0227,0,0.0,0.0,0.0,1.0,0.0,-0.9943,0.0,0.0,0.0,0.0,1.0,0.0,-1.8369,0.0,0.0,0.0,0.0,1.0,0.0,-2.8282,0.0,60-65,60-65
ASIANPAINT.NS|2025-10-01|ensemble_lr0.20_rf0.30_xgb0.50,ASIANPAINT.NS,2025-10-01,ensemble_lr0.20_rf0.30_xgb0.50,2024-10-03,2025-10-01,2025-09-29,2024-10-30,2025-09-30,2025-10-01,229,2025-10-01,False,0,0.4275362318840579,0.5959294349309604,0.34,0.6847169995307922,0.5635443867515882,1,56.35,0.5635443867515882,1,56.35,HOLD,0.4382,-0.1236,Bearish,-0.67,0.0,unavailable_no_point_in_time_source,True,2312.1,2312.1005859375,2025-10-03,2333.877197265625,0.9419,1,2025-10-07,2328.927978515625,0.7278,1.0,2025-10-09,2312.6943359375,0.0257,1.0,2025-10-16,2385.250732421875,3.1638,1.0,0,1,1,0,0,1,0.9419,1,1.0,1.0,0.0,0.0,1.0,0.7278,1.0,1.0,1.0,0.0,0.0,1.0,0.0257,1.0,1.0,1.0,0.0,0.0,0.0,3.1638,0.0,55-60,55-60
ASTRAL.NS|2025-10-01|ensemble_lr0.20_rf0.30_xgb0.50,ASTRAL.NS,2025-10-01,ensemble_lr0.20_rf0.30_xgb0.50,2024-10-03,2025-10-01,2025-09-29,2024-10-30,2025-09-30,2025-10-01,229,2025-10-01,False,0,0.5362318840579711,0.24203873285424826,0.34,0.12013433873653412,0.2104749159391167,0,78.95,0.2104749159391167,0,78.95,SELL,0.331,-0.338,Bearish,-0.335,0.0,unavailable_no_point_in_time_source,True,1372.92,1372.92431640625,2025-10-03,1380.1060791015625,0.5231,1,2025-10-07,1415.815673828125,3.1241,1.0,2025-10-09,1402.54931640625,2.1578,1.0,2025-10-16,1441.151611328125,4.9695,1.0,1,0,0,0,1,0,0.5234,0,0.0,0.0,0.0,1.0,0.0,3.1244,0.0,0.0,0.0,0.0,1.0,0.0,2.1581,0.0,0.0,0.0,0.0,1.0,0.0,4.9698,0.0,75-80,75-80
AUBANK.NS|2025-10-01|ensemble_lr0.20_rf0.30_xgb0.50,AUBANK.NS,2025-10-01,ensemble_lr0.20_rf0.30_xgb0.50,2024-10-03,2025-10-01,2025-09-29,2024-10-30,2025-09-30,2025-10-01,229,2025-10-01,False,0,0.5217391304347826,0.32575242071251115,0.3,0.49446070194244385,0.40238083511372413,0,59.76,0.40238083511372413,0,59.76,HOLD,0.4527,-0.0946,Sideways,0.165,0.0,unavailable_no_point_in_time_source,True,723.85,723.8470458984375,2025-10-03,741.1802368164062,2.3946,1,2025-10-07,763.2587890625,5.4448,1.0,2025-10-09,759.2626342773438,4.8927,1.0,2025-10-16,797.7252807617188,10.2063,1.0,0,0,0,0,0,1,2.3942,1,0.0,0.0,0.0,0.0,0.0,5.4443,0.0,0.0,0.0,0.0,0.0,0.0,4.8923,0.0,0.0,0.0,0.0,0.0,0.0,10.2059,0.0,55-60,55-60
AXISBANK.NS|2025-10-01|ensemble_lr0.20_rf0.30_xgb0.50,AXISBANK.NS,2025-10-01,ensemble_lr0.20_rf0.30_xgb0.50,2024-10-03,2025-10-01,2025-09-29,2024-10-30,2025-09-30,2025-10-01,229,2025-10-01,False,0,0.4855072463768116,0.31298751041975137,0.44,0.36574146151542664,0.3774682328416636,0,62.25,0.3774682328416636,0,62.25,BUY,0.6571,0.3142,Bullish,0.665,0.0,unavailable_no_point_in_time_source,True,1158.61,1158.6064453125,2025-10-03,1180.08984375,1.8542,1,2025-10-07,1185.885498046875,2.3545,1.0,2025-10-09,1166.5003662109375,0.6813,1.0,2025-10-16,1195.378173828125,3.1738,1.0,1,0,0,0,1,1,1.8539,1,0.0,0.0,0.0,1.0,1.0,2.3542,1.0,0.0,0.0,0.0,1.0,1.0,0.681,1.0,0.0,0.0,0.0,1.0,1.0,3.1735,1.0,60-65,60-65
BAJAJFINSV.NS|2025-10-01|ensemble_lr0.20_rf0.30_xgb0.50,BAJAJFINSV.NS,2025-10-01,ensemble_lr0.20_rf0.30_xgb0.50,2024-10-03,2025-10-01,2025-09-29,2024-10-30,2025-09-30,2025-10-01,229,2025-10-01,False,0,0.4710144927536232,0.3538846790068812,0.5,0.4563778340816498,0.44896585284220114,0,55.1,0.44896585284220114,0,55.1,SELL,0.3896,-0.2208,Bearish,-0.165,0.0,unavailable_no_point_in_time_source,True,2005.29,2005.288818359375,2025-10-03,1999.194091796875,-0.3039,0,2025-10-07,2030.8670654296875,1.2755,1.0,2025-10-09,2012.88232421875,0.3787,1.0,2025-10-16,2088.41796875,4.1455,1.0,1,1,1,1,0,1,-0.304,1,0.0,0.0,0.0,1.0,0.0,1.2755,0.0,0.0,0.0,0.0,1.0,0.0,0.3786,0.0,0.0,0.0,0.0,1.0,0.0,4.1454,0.0,55-60,55-60
BEL.NS|2025-10-01|ensemble_lr0.20_rf0.30_xgb0.50,BEL.NS,2025-10-01,ensemble_lr0.20_rf0.30_xgb0.50,2024-10-03,2025-10-01,2025-09-29,2024-10-30,2025-09-30,2025-10-01,229,2025-10-01,False,0,0.5362318840579711,0.6048073438874222,0.68,0.5536922812461853,0.6018076094005771,1,60.18,0.6018076094005771,1,60.18,BUY,0.6923,0.3846,Bullish,0.5,0.0,unavailable_no_point_in_time_source,True,404.23,404.22802734375,2025-10-03,410.3436584472656,1.5129,1,2025-10-07,408.00677490234375,0.9348,1.0,2025-10-09,407.0621032714844,0.7011,1.0,2025-10-16,409.4983825683594,1.3038,1.0,1,1,1,0,1,1,1.5124,1,1.0,1.0,0.0,1.0,1.0,0.9343,1.0,1.0,1.0,0.0,1.0,1.0,0.7006,1.0,1.0,1.0,0.0,1.0,1.0,1.3033,1.0,60-65,60-65
ABCAPITAL.NS|2025-10-09|ensemble_lr0.20_rf0.30_xgb0.50,ABCAPITAL.NS,2025-10-09,ensemble_lr0.20_rf0.30_xgb0.50,2024-10-10,2025-10-09,2025-10-06,2024-11-06,2025-10-08,2025-10-09,229,2025-10-09,False,0,0.463768115942029,0.47692043844412924,0.5,0.3909461498260498,0.44085716260185076,0,55.91,0.44085716260185076,0,55.91,HOLD,0.5518,0.1036,Sideways,0.835,0.0,unavailable_no_point_in_time_source,True,297.95,297.95001220703125,2025-10-10,293.3500061035156,-1.5439,0,2025-10-14,298.0,0.0168,1.0,2025-10-16,300.0,0.688,1.0,2025-10-24,306.1499938964844,2.7521,1.0,1,1,1,1,0,1,-1.5439,1,0.0,0.0,0.0,1.0,1.0,0.0168,1.0,0.0,0.0,0.0,1.0,1.0,0.688,1.0,0.0,0.0,0.0,1.0,1.0,2.7521,1.0,55-60,55-60
ABFRL.NS|2025-10-09|ensemble_lr0.20_rf0.30_xgb0.50,ABFRL.NS,2025-10-09,ensemble_lr0.20_rf0.30_xgb0.50,2024-10-10,2025-10-09,2025-10-06,2024-11-06,2025-10-08,2025-10-09,229,2025-10-09,False,0,0.463768115942029,0.5294424463986831,0.46,0.3530351221561432,0.4204060503578082,0,57.96,0.4204060503578082,0,57.96,SELL,0.3685,-0.2631,High Volatility,-0.5,0.0,unavailable_no_point_in_time_source,True,84.57,84.56999969482422,2025-10-10,83.19000244140625,-1.6318,0,2025-10-14,80.13999938964844,-5.2383,0.0,2025-10-16,83.69000244140625,-1.0406,0.0,2025-10-24,81.93000030517578,-3.1217,0.0,0,1,1,1,1,1,-1.6318,1,1.0,1.0,1.0,1.0,1.0,-5.2383,1.0,1.0,1.0,1.0,1.0,1.0,-1.0406,1.0,1.0,1.0,1.0,1.0,1.0,-3.1217,1.0,55-60,55-60
ADANIENT.NS|2025-10-09|ensemble_lr0.20_rf0.30_xgb0.50,ADANIENT.NS,2025-10-09,ensemble_lr0.20_rf0.30_xgb0.50,2024-10-10,2025-10-09,2025-10-06,2024-11-06,2025-10-08,2025-10-09,229,2025-10-09,False,0,0.6014492753623188,0.3658363802986017,0.42,0.3654673099517822,0.38190093103561146,0,61.81,0.38190093103561146,0,61.81,HOLD,0.5446,0.0892,Bullish,0.0,0.0,unavailable_no_point_in_time_source,True,2541.26,2541.263671875,2025-10-10,2549.759765625,0.3343,1,2025-10-14,2515.875,-0.9991,0.0,2025-10-16,2556.45703125,0.5979,1.0,2025-10-24,2503.080810546875,-1.5025,0.0,1,0,0,0,1,1,0.3345,1,1.0,1.0,1.0,0.0,1.0,-0.9989,1.0,0.0,0.0,0.0,1.0,1.0,0.598,1.0,1.0,1.0,1.0,0.0,1.0,-1.5024,1.0,60-65,60-65
ADANIPORTS.NS|2025-10-09|ensemble_lr0.20_rf0.30_xgb0.50,ADANIPORTS.NS,2025-10-09,ensemble_lr0.20_rf0.30_xgb0.50,2024-10-10,2025-10-09,2025-10-06,2024-11-06,2025-10-08,2025-10-09,229,2025-10-09,False,0,0.5507246376811593,0.30930567181808755,0.4,0.48993515968322754,0.4268287142052313,0,57.32,0.4268287142052313,0,57.32,HOLD,0.4488,-0.1024,Sideways,-0.165,0.0,unavailable_no_point_in_time_source,True,1389.74,1389.742919921875,2025-10-10,1403.485107421875,0.9888,1,2025-10-14,1423.0028076171875,2.3932,1.0,2025-10-16,1473.2908935546875,6.0118,1.0,2025-10-24,1423.0028076171875,2.3932,1.0,1,0,0,0,1,1,0.989,1,0.0,0.0,0.0,1.0,1.0,2.3935,1.0,0.0,0.0,0.0,1.0,0.0,6.012,0.0,0.0,0.0,0.0,1.0,1.0,2.3935,1.0,55-60,55-60
ANGELONE.NS|2025-10-09|ensemble_lr0.20_rf0.30_xgb0.50,ANGELONE.NS,2025-10-09,ensemble_lr0.20_rf0.30_xgb0.50,2024-10-10,2025-10-09,2025-10-06,2024-11-06,2025-10-08,2025-10-09,229,2025-10-09,False,0,0.47826086956521735,0.5420846365980875,0.44,0.38057565689086914,0.43070475576505207,0,56.93,0.43070475576505207,0,56.93,SELL,0.4137,-0.1726,Sideways,-0.335,0.0,unavailable_no_point_in_time_source,True,222.17,222.1712646484375,2025-10-10,225.9679718017578,1.7089,1,2025-10-14,235.9061279296875,6.1821,1.0,2025-10-16,243.5583953857422,9.6264,1.0,2025-10-24,246.68797302246094,11.035,1.0,1,0,0,0,1,0,1.7095,0,0.0,0.0,0.0,1.0,0.0,6.1827,0.0,0.0,0.0,0.0,1.0,0.0,9.627,0.0,0.0,0.0,0.0,1.0,0.0,11.0357,0.0,55-60,55-60
APOLLOTYRE.NS|2025-10-09|ensemble_lr0.20_rf0.30_xgb0.50,APOLLOTYRE.NS,2025-10-09,ensemble_lr0.20_rf0.30_xgb0.50,2024-10-10,2025-10-09,2025-10-06,2024-11-06,2025-10-08,2025-10-09,229,2025-10-09,False,0,0.5072463768115942,0.4443964938022687,0.38,0.30816423892974854,0.356961418225328,0,64.3,0.356961418225328,0,64.3,HOLD,0.4761,-0.0478,Sideways,0.165,0.0,unavailable_no_point_in_time_source,True,478.76,478.7580261230469,2025-10-10,482.11529541015625,0.7012,1,2025-10-14,474.6601867675781,-0.8559,0.0,2025-10-16,483.7939758300781,1.0519,1.0,2025-10-24,493.5201721191406,3.0834,1.0,0,0,0,0,0,1,0.7008,1,1.0,1.0,1.0,1.0,1.0,-0.8563,1.0,0.0,0.0,0.0,0.0,1.0,1.0515,1.0,0.0,0.0,0.0,0.0,0.0,3.083,0.0,60-65,60-65
ASHOKLEY.NS|2025-10-09|ensemble_lr0.20_rf0.30_xgb0.50,ASHOKLEY.NS,2025-10-09,ensemble_lr0.20_rf0.30_xgb0.50,2024-10-10,2025-10-09,2025-10-06,2024-11-06,2025-10-08,2025-10-09,229,2025-10-09,False,1,0.5507246376811593,0.5016391072706308,0.32,0.4941117763519287,0.44338370963009055,0,55.66,0.44338370963009055,0,55.66,HOLD,0.5595,0.119,Bullish,0.5,0.0,unavailable_no_point_in_time_source,True,135.4,135.39634704589844,2025-10-10,134.33184814453125,-0.7862,0,2025-10-14,132.24192810058594,-2.3298,0.0,2025-10-16,134.02911376953125,-1.0098,0.0,2025-10-24,133.15992736816406,-1.6518,0.0,0,1,1,0,1,1,-0.7889,1,1.0,1.0,0.0,1.0,1.0,-2.3324,1.0,1.0,1.0,0.0,1.0,1.0,-1.0125,1.0,1.0,1.0,0.0,1.0,1.0,-1.6544,1.0,55-60,55-60
ASIANPAINT.NS|2025-10-09|ensemble_lr0.20_rf0.30_xgb0.50,ASIANPAINT.NS,2025-10-09,ensemble_lr0.20_rf0.30_xgb0.50,2024-10-10,2025-10-09,2025-10-06,2024-11-06,2025-10-08,2025-10-09,229,2025-10-09,False,0,0.47826086956521746,0.3525014853553912,0.48,0.19832387566566467,0.31366223490391054,0,68.63,0.31366223490391054,0,68.63,STRONG SELL,0.2694,-0.4613,Bearish,-0.835,0.0,unavailable_no_point_in_time_source,True,2312.69,2312.6943359375,2025-10-10,2316.455810546875,0.1626,1,2025-10-14,2294.580322265625,-0.7832,0.0,2025-10-16,2385.250732421875,3.1373,1.0,2025-10-24,2476.21826171875,7.0707,1.0,1,0,0,0,1,0,0.1628,0,1.0,1.0,1.0,0.0,1.0,-0.7831,1.0,0.0,0.0,0.0,1.0,0.0,3.1375,0.0,0.0,0.0,0.0,1.0,0.0,7.0709,0.0,65-70,65-70
ASTRAL.NS|2025-10-09|ensemble_lr0.20_rf0.30_xgb0.50,ASTRAL.NS,2025-10-09,ensemble_lr0.20_rf0.30_xgb0.50,2024-10-10,2025-10-09,2025-10-06,2024-11-06,2025-10-08,2025-10-09,229,2025-10-09,False,0,0.5507246376811594,0.3501597016764115,0.54,0.2650165855884552,0.3645402331295099,0,63.55,0.3645402331295099,0,63.55,SELL,0.3966,-0.2067,Sideways,-0.165,0.0,unavailable_no_point_in_time_source,True,1402.55,1402.54931640625,2025-10-10,1423.49609375,1.4935,1,2025-10-14,1415.0177001953125,0.889,1.0,2025-10-16,1441.151611328125,2.7523,1.0,2025-10-24,1427.1868896484375,1.7566,1.0,1,0,0,0,1,0,1.4934,0,0.0,0.0,0.0,1.0,0.0,0.8889,0.0,0.0,0.0,0.0,1.0,0.0,2.7522,0.0,0.0,0.0,0.0,1.0,0.0,1.7566,0.0,60-65,60-65
AUBANK.NS|2025-10-09|ensemble_lr0.20_rf0.30_xgb0.50,AUBANK.NS,2025-10-09,ensemble_lr0.20_rf0.30_xgb0.50,2024-10-10,2025-10-09,2025-10-06,2024-11-06,2025-10-08,2025-10-09,229,2025-10-09,False,1,0.5,0.44700152169620433,0.54,0.6694788932800293,0.5861397509792555,1,58.61,0.5861397509792555,1,58.61,BUY,0.6244,0.2488,Sideways,0.335,0.0,unavailable_no_point_in_time_source,True,759.26,759.2626342773438,2025-10-10,762.509521484375,0.4276,1,2025-10-14,771.900390625,1.6645,1.0,2025-10-16,797.7252807617188,5.0658,1.0,2025-10-24,859.5152587890625,13.2039,1.0,0,1,1,1,0,1,0.428,1,1.0,1.0,1.0,0.0,1.0,1.6648,1.0,1.0,1.0,1.0,0.0,1.0,5.0662,1.0,1.0,1.0,1.0,0.0,1.0,13.2043,1.0,55-60,55-60
AXISBANK.NS|2025-10-09|ensemble_lr0.20_rf0.30_xgb0.50,AXISBANK.NS,2025-10-09,ensemble_lr0.20_rf0.30_xgb0.50,2024-10-10,2025-10-09,2025-10-06,2024-11-06,2025-10-08,2025-10-09,229,2025-10-09,False,0,0.4492753623188406,0.5452776819246847,0.1,0.13668371737003326,0.20739739506995358,0,79.26,0.20739739506995358,0,79.26,BUY,0.6133,0.2265,Bullish,0.5,0.0,unavailable_no_point_in_time_source,True,1166.5,1166.5003662109375,2025-10-10,1179.4903564453125,1.1136,1,2025-10-14,1175.8931884765625,0.8052,1.0,2025-10-16,1195.378173828125,2.4756,1.0,2025-10-24,1240.9429931640625,6.3817,1.0,0,0,0,0,0,1,1.1136,1,0.0,0.0,0.0,0.0,1.0,0.8052,1.0,0.0,0.0,0.0,0.0,1.0,2.4756,1.0,0.0,0.0,0.0,0.0,1.0,6.3817,1.0,75-80,75-80
BAJAJFINSV.NS|2025-10-09|ensemble_lr0.20_rf0.30_xgb0.50,BAJAJFINSV.NS,2025-10-09,ensemble_lr0.20_rf0.30_xgb0.50,2024-10-10,2025-10-09,2025-10-06,2024-11-06,2025-10-08,2025-10-09,229,2025-10-09,False,0,0.49275362318840576,0.46211793829615005,0.78,0.6541932821273804,0.6535202287229203,1,65.35,0.6535202287229203,1,65.35,HOLD,0.5517,0.1035,Sideways,-0.165,0.0,unavailable_no_point_in_time_source,True,2012.88,2012.88232421875,2025-10-10,2002.5911865234375,-0.5113,0,2025-10-14,2017.6783447265625,0.2383,1.0,2025-10-16,2088.41796875,3.7526,1.0,2025-10-24,2157.658935546875,7.1925,1.0,1,0,0,1,0,1,-0.5111,1,1.0,1.0,0.0,1.0,1.0,0.2384,1.0,1.0,1.0,0.0,1.0,0.0,3.7527,0.0,1.0,1.0,0.0,1.0,0.0,7.1926,0.0,65-70,65-70
BEL.NS|2025-10-09|ensemble_lr0.20_rf0.30_xgb0.50,BEL.NS,2025-10-09,ensemble_lr0.20_rf0.30_xgb0.50,2024-10-10,2025-10-09,2025-10-06,2024-11-06,2025-10-08,2025-10-09,229,2025-10-09,False,0,0.49275362318840576,0.478993779640259,0.34,0.39044567942619324,0.39302159564114847,0,60.7,0.39302159564114847,0,60.7,HOLD,0.575,0.15,Bullish,0.5,0.0,unavailable_no_point_in_time_source,True,407.06,407.0621032714844,2025-10-10,411.18890380859375,1.0138,1,2025-10-14,400.15093994140625,-1.6978,0.0,2025-10-16,409.4983825683594,0.5985,1.0,2025-10-24,419.69110107421875,3.1025,1.0,1,0,0,0,1,1,1.0143,1,1.0,1.0,1.0,0.0,1.0,-1.6973,1.0,0.0,0.0,0.0,1.0,1.0,0.599,1.0,0.0,0.0,0.0,1.0,0.0,3.103,0.0,60-65,60-65
BPCL.NS|2025-10-09|ensemble_lr0.20_rf0.30_xgb0.50,BPCL.NS,2025-10-09,ensemble_lr0.20_rf0.30_xgb0.50,2024-10-10,2025-10-09,2025-10-06,2024-11-06,2025-10-08,2025-10-09,229,2025-10-09,False,0,0.47826086956521735,0.2855465048415719,0.36,0.3183921277523041,0.3243053648444664,0,67.57,0.3243053648444664,0,67.57,BUY,0.6549,0.3097,Bullish,1.0,0.0,unavailable_no_point_in_time_source,True,327.74,327.74298095703125,2025-10-10,322.6934509277344,-1.5407,0,2025-10-14,316.73883056640625,-3.3576,0.0,2025-10-16,320.0257568359375,-2.3547,0.0,2025-10-24,314.8333435058594,-3.939,0.0,0,1,1,1,1,0,-1.5398,0,1.0,1.0,1.0,1.0,0.0,-3.3567,0.0,1.0,1.0,1.0,1.0,0.0,-2.3538,0.0,1.0,1.0,1.0,1.0,0.0,-3.9381,0.0,65-70,65-70
ABCAPITAL.NS|2025-10-16|ensemble_lr0.20_rf0.30_xgb0.50,ABCAPITAL.NS,2025-10-16,ensemble_lr0.20_rf0.30_xgb0.50,2024-10-17,2025-10-16,2025-10-13,2024-11-13,2025-10-15,2025-10-16,229,2025-10-16,False,1,0.5434782608695653,0.6297474121117439,0.28,0.32217633724212646,0.371037651043412,0,62.9,0.371037651043412,0,62.9,HOLD,0.483,-0.034,Sideways,0.5,0.0,unavailable_no_point_in_time_source,True,300.0,300.0,2025-10-17,299.29998779296875,-0.2333,0,2025-10-21,304.8500061035156,1.6167,1.0,2025-10-24,306.1499938964844,2.05,1.0,2025-10-31,324.20001220703125,8.0667,1.0,0,1,1,0,1,1,-0.2333,1,0.0,0.0,1.0,0.0,1.0,1.6167,1.0,0.0,0.0,1.0,0.0,1.0,2.05,1.0,0.0,0.0,1.0,0.0,0.0,8.0667,0.0,60-65,60-65
ABFRL.NS|2025-10-16|ensemble_lr0.20_rf0.30_xgb0.50,ABFRL.NS,2025-10-16,ensemble_lr0.20_rf0.30_xgb0.50,2024-10-17,2025-10-16,2025-10-13,2024-11-13,2025-10-15,2025-10-16,229,2025-10-16,False,0,0.5144927536231885,0.5027880129407284,0.42,0.2776816487312317,0.3653984269537615,0,63.46,0.3653984269537615,0,63.46,SELL,0.3665,-0.2669,High Volatility,-0.5,0.0,unavailable_no_point_in_time_source,True,83.69,83.69000244140625,2025-10-17,82.27999877929688,-1.6848,0,2025-10-21,83.6500015258789,-0.0478,0.0,2025-10-24,81.93000030517578,-2.103,0.0,2025-10-31,81.63999938964844,-2.4495,0.0,1,1,1,1,0,1,-1.6848,1,1.0,1.0,1.0,0.0,1.0,-0.0478,1.0,1.0,1.0,1.0,0.0,1.0,-2.103,1.0,1.0,1.0,1.0,0.0,1.0,-2.4495,1.0,60-65,60-65
ADANIENT.NS|2025-10-16|ensemble_lr0.20_rf0.30_xgb0.50,ADANIENT.NS,2025-10-16,ensemble_lr0.20_rf0.30_xgb0.50,2024-10-17,2025-10-16,2025-10-13,2024-11-13,2025-10-15,2025-10-16,229,2025-10-16,False,0,0.5797101449275363,0.5527814446833229,0.78,0.7065067887306213,0.6978096833019752,1,69.78,0.6978096833019752,1,69.78,BUY,0.6307,0.2613,Bullish,0.0,0.0,unavailable_no_point_in_time_source,True,2556.46,2556.45703125,2025-10-17,2548.260498046875,-0.3206,0,2025-10-21,2548.76025390625,-0.3011,0.0,2025-10-24,2503.080810546875,-2.0879,0.0,2025-10-31,2479.89111328125,-2.995,0.0,1,0,0,1,0,0,-0.3207,0,0.0,0.0,1.0,0.0,0.0,-0.3012,0.0,0.0,0.0,1.0,0.0,0.0,-2.088,0.0,0.0,0.0,1.0,0.0,0.0,-2.9951,0.0,65-70,65-70
ADANIPORTS.NS|2025-10-16|ensemble_lr0.20_rf0.30_xgb0.50,ADANIPORTS.NS,2025-10-16,ensemble_lr0.20_rf0.30_xgb0.50,2024-10-17,2025-10-16,2025-10-13,2024-11-13,2025-10-15,2025-10-16,229,2025-10-16,False,0,0.5579710144927535,0.46010854154981295,0.4,0.24741116166114807,0.3357272891405366,0,66.43,0.3357272891405366,0,66.43,BUY,0.6405,0.281,Bullish,1.0,0.0,unavailable_no_point_in_time_source,True,1473.29,1473.2908935546875,2025-10-17,1473.1912841796875,-0.0068,0,2025-10-21,1467.3160400390625,-0.4055,0.0,2025-10-24,1423.0028076171875,-3.4133,0.0,2025-10-31,1445.408447265625,-1.8925,0.0,1,1,1,1,0,0,-0.0067,0,1.0,1.0,1.0,0.0,0.0,-0.4055,0.0,1.0,1.0,1.0,0.0,0.0,-3.4133,0.0,1.0,1.0,1.0,0.0,0.0,-1.8925,0.0,65-70,65-70
ANGELONE.NS|2025-10-16|ensemble_lr0.20_rf0.30_xgb0.50,ANGELONE.NS,2025-10-16,ensemble_lr0.20_rf0.30_xgb0.50,2024-10-17,2025-10-16,2025-10-13,2024-11-13,2025-10-15,2025-10-16,229,2025-10-16,False,1,0.5,0.734848075995434,0.76,0.7489852905273438,0.7494622604627587,1,74.95,0.7494622604627587,1,74.95,BUY,0.6572,0.3145,Bullish,-0.17,0.0,unavailable_no_point_in_time_source,True,243.56,243.5583953857422,2025-10-17,244.9220733642578,0.5599,1,2025-10-21,245.04962158203125,0.6123,1.0,2025-10-24,246.68797302246094,1.2849,1.0,2025-10-31,244.5198516845703,0.3948,1.0,1,1,1,1,1,1,0.5592,1,1.0,1.0,1.0,1.0,1.0,0.6116,1.0,1.0,1.0,1.0,1.0,1.0,1.2843,1.0,1.0,1.0,1.0,1.0,1.0,0.3941,1.0,70-75,70-75
ASIANPAINT.NS|2025-10-16|ensemble_lr0.20_rf0.30_xgb0.50,ASIANPAINT.NS,2025-10-16,ensemble_lr0.20_rf0.30_xgb0.50,2024-10-17,2025-10-16,2025-10-13,2024-11-13,2025-10-15,2025-10-16,229,2025-10-16,False,0,0.5217391304347826,0.46469141466126085,0.6,0.5763723850250244,0.5611244754447644,1,56.11,0.5611244754447644,1,56.11,HOLD,0.544,0.088,Sideways,-0.335,0.0,unavailable_no_point_in_time_source,True,2385.25,2385.250732421875,2025-10-17,2482.35546875,4.071,1,2025-10-21,2479.187744140625,3.9382,1.0,2025-10-24,2476.21826171875,3.8138,1.0,2025-10-31,2485.324951171875,4.1955,1.0,1,1,1,0,1,0,4.0711,0,1.0,1.0,0.0,1.0,0.0,3.9383,0.0,1.0,1.0,0.0,1.0,0.0,3.8138,0.0,1.0,1.0,0.0,1.0,0.0,4.1956,0.0,55-60,55-60
ASTRAL.NS|2025-10-16|ensemble_lr0.20_rf0.30_xgb0.50,ASTRAL.NS,2025-10-16,ensemble_lr0.20_rf0.30_xgb0.50,2024-10-17,2025-10-16,2025-10-13,2024-11-13,2025-10-15,2025-10-16,229,2025-10-16,False,0,0.5144927536231885,0.4678944414501861,0.56,0.37008267641067505,0.44662022649537475,0,55.34,0.44662022649537475,0,55.34,HOLD,0.4618,-0.0765,Sideways,0.165,0.0,unavailable_no_point_in_time_source,True,1441.15,1441.151611328125,2025-10-17,1438.7576904296875,-0.1661,0,2025-10-21,1443.046630859375,0.1315,1.0,2025-10-24,1427.1868896484375,-0.969,0.0,2025-10-31,1446.4381103515625,0.3668,1.0,1,1,1,1,0,1,-0.166,1,0.0,0.0,0.0,1.0,1.0,0.1316,1.0,1.0,1.0,1.0,0.0,1.0,-0.9689,1.0,0.0,0.0,0.0,1.0,1.0,0.3669,1.0,55-60,55-60
BAJAJFINSV.NS|2025-10-16|ensemble_lr0.20_rf0.30_xgb0.50,BAJAJFINSV.NS,2025-10-16,ensemble_lr0.20_rf0.30_xgb0.50,2024-10-17,2025-10-16,2025-10-13,2024-11-13,2025-10-15,2025-10-16,229,2025-10-16,False,0,0.5652173913043478,0.22048272911307784,0.34,0.21437528729438782,0.25328418946980946,0,74.67,0.25328418946980946,0,74.67,HOLD,0.5577,0.1155,Sideways,0.835,0.0,unavailable_no_point_in_time_source,True,2088.42,2088.41796875,2025-10-17,2081.92333984375,-0.311,0,2025-10-21,2167.250732421875,3.7748,1.0,2025-10-24,2157.658935546875,3.3155,1.0,2025-10-31,2086.51953125,-0.0909,0.0,1,1,1,1,0,1,-0.3111,1,0.0,0.0,0.0,1.0,0.0,3.7747,0.0,0.0,0.0,0.0,1.0,0.0,3.3154,0.0,1.0,1.0,1.0,0.0,1.0,-0.091,1.0,70-75,70-75
BEL.NS|2025-10-16|ensemble_lr0.20_rf0.30_xgb0.50,BEL.NS,2025-10-16,ensemble_lr0.20_rf0.30_xgb0.50,2024-10-17,2025-10-16,2025-10-13,2024-11-13,2025-10-15,2025-10-16,229,2025-10-16,False,0,0.5072463768115942,0.5193642086903838,0.54,0.31627267599105835,0.42400917973360597,0,57.6,0.42400917973360597,0,57.6,HOLD,0.4835,-0.0331,Sideways,0.165,0.0,unavailable_no_point_in_time_source,True,409.5,409.4983825683594,2025-10-17,410.4927978515625,0.2428,1,2025-10-21,415.3654479980469,1.4327,1.0,2025-10-24,419.69110107421875,2.4891,1.0,2025-10-31,423.7184753417969,3.4726,1.0,1,0,0,0,1,1,0.2424,1,0.0,0.0,0.0,1.0,1.0,1.4323,1.0,0.0,0.0,0.0,1.0,1.0,2.4887,1.0,0.0,0.0,0.0,1.0,0.0,3.4722,0.0,55-60,55-60
BPCL.NS|2025-10-16|ensemble_lr0.20_rf0.30_xgb0.50,BPCL.NS,2025-10-16,ensemble_lr0.20_rf0.30_xgb0.50,2024-10-17,2025-10-16,2025-10-13,2024-11-13,2025-10-15,2025-10-16,229,2025-10-16,False,0,0.5434782608695651,0.4211184738852194,0.3,0.35057422518730164,0.34951080737069473,0,65.05,0.34951080737069473,0,65.05,HOLD,0.5612,0.1225,Bullish,0.5,0.0,unavailable_no_point_in_time_source,True,320.03,320.0257568359375,2025-10-17,319.9781188964844,-0.0149,0,2025-10-21,323.0268859863281,0.9378,1.0,2025-10-24,314.8333435058594,-1.6225,0.0,2025-10-31,339.93804931640625,6.2221,1.0,0,1,1,1,1,1,-0.0162,1,0.0,0.0,0.0,0.0,1.0,0.9364,1.0,1.0,1.0,1.0,1.0,1.0,-1.6238,1.0,0.0,0.0,0.0,0.0,0.0,6.2207,0.0,65-70,65-70
ABCAPITAL.NS|2025-10-24|ensemble_lr0.20_rf0.30_xgb0.50,ABCAPITAL.NS,2025-10-24,ensemble_lr0.20_rf0.30_xgb0.50,2024-10-25,2025-10-24,2025-10-20,2024-11-25,2025-10-23,2025-10-24,228,2025-10-24,False,1,0.5434782608695653,0.29047558568421344,0.34,0.33867353200912476,0.3294318831414051,0,67.06,0.3294318831414051,0,67.06,HOLD,0.5753,0.1506,Sideways,1.0,0.0,unavailable_no_point_in_time_source,True,306.15,306.1499938964844,2025-10-27,310.75,1.5025,1,2025-10-29,310.79998779296875,1.5189,1.0,2025-10-31,324.20001220703125,5.8958,1.0,2025-11-10,333.54998779296875,8.9499,1.0,0,0,0,1,0,1,1.5025,1,0.0,0.0,1.0,0.0,1.0,1.5189,1.0,0.0,0.0,1.0,0.0,0.0,5.8958,0.0,0.0,0.0,1.0,0.0,0.0,8.9499,0.0,65-70,65-70
ABFRL.NS|2025-10-24|ensemble_lr0.20_rf0.30_xgb0.50,ABFRL.NS,2025-10-24,ensemble_lr0.20_rf0.30_xgb0.50,2024-10-25,2025-10-24,2025-10-20,2024-11-25,2025-10-23,2025-10-24,228,2025-10-24,False,0,0.49275362318840576,0.5655187489704228,0.44,0.6123141050338745,0.5512608023110218,1,55.13,0.5512608023110218,1,55.13,HOLD,0.4418,-0.1164,Sideways,-0.5,0.0,unavailable_no_point_in_time_source,True,81.93,81.93000030517578,2025-10-27,81.76000213623047,-0.2075,0,2025-10-29,84.5,3.1368,1.0,2025-10-31,81.63999938964844,-0.354,0.0,2025-11-10,80.05999755859375,-2.2824,0.0,0,0,0,1,1,1,-0.2075,1,1.0,1.0,0.0,0.0,0.0,3.1368,0.0,0.0,0.0,1.0,1.0,1.0,-0.354,1.0,0.0,0.0,1.0,1.0,1.0,-2.2824,1.0,55-60,55-60
ADANIPORTS.NS|2025-10-24|ensemble_lr0.20_rf0.30_xgb0.50,ADANIPORTS.NS,2025-10-24,ensemble_lr0.20_rf0.30_xgb0.50,2024-10-25,2025-10-24,2025-10-20,2024-11-25,2025-10-23,2025-10-24,228,2025-10-24,False,0,0.5507246376811594,0.44689200218024994,0.18,0.4392120838165283,0.36298444234431415,0,63.7,0.36298444234431415,0,63.7,HOLD,0.5767,0.1534,Bullish,0.67,0.0,unavailable_no_point_in_time_source,True,1423.0,1423.0028076171875,2025-10-27,1414.6380615234375,-0.5878,0,2025-10-29,1448.694580078125,1.8055,1.0,2025-10-31,1445.408447265625,1.5745,1.0,2025-11-10,1438.836181640625,1.1127,1.0,0,1,1,1,1,1,-0.5876,1,0.0,0.0,0.0,0.0,1.0,1.8057,1.0,0.0,0.0,0.0,0.0,1.0,1.5747,1.0,0.0,0.0,0.0,0.0,1.0,1.1129,1.0,60-65,60-65
APOLLOTYRE.NS|2025-10-24|ensemble_lr0.20_rf0.30_xgb0.50,APOLLOTYRE.NS,2025-10-24,ensemble_lr0.20_rf0.30_xgb0.50,2024-10-25,2025-10-24,2025-10-20,2024-11-25,2025-10-23,2025-10-24,228,2025-10-24,False,0,0.5,0.43600259844098005,0.42,0.3177003860473633,0.3720507127118777,0,62.79,0.3720507127118777,0,62.79,BUY,0.6044,0.2088,Bullish,0.835,0.0,unavailable_no_point_in_time_source,True,493.52,493.5201721191406,2025-10-27,499.19793701171875,1.1505,1,2025-10-29,499.19793701171875,1.1505,1.0,2025-10-31,495.1988220214844,0.3401,1.0,2025-11-10,515.4412841796875,4.4418,1.0,0,0,0,0,0,1,1.1505,1,0.0,0.0,0.0,0.0,1.0,1.1505,1.0,0.0,0.0,0.0,0.0,1.0,0.3402,1.0,0.0,0.0,0.0,0.0,1.0,4.4418,1.0,60-65,60-65
ASIANPAINT.NS|2025-10-24|ensemble_lr0.20_rf0.30_xgb0.50,ASIANPAINT.NS,2025-10-24,ensemble_lr0.20_rf0.30_xgb0.50,2024-10-25,2025-10-24,2025-10-20,2024-11-25,2025-10-23,2025-10-24,228,2025-10-24,False,0,0.5,0.1701844357740457,0.12,0.17248333990573883,0.15627855710767857,0,84.37,0.15627855710767857,0,84.37,HOLD,0.5093,0.0187,Bullish,0.335,0.0,unavailable_no_point_in_time_source,True,2476.22,2476.21826171875,2025-10-27,2493.243896484375,0.6876,1,2025-10-29,2512.94189453125,1.4831,1.0,2025-10-31,2485.324951171875,0.3678,1.0,2025-11-10,2623.508544921875,5.9482,1.0,0,0,0,0,0,1,0.6875,1,0.0,0.0,0.0,0.0,1.0,1.483,1.0,0.0,0.0,0.0,0.0,1.0,0.3677,1.0,0.0,0.0,0.0,0.0,0.0,5.9481,0.0,80-85,80-85
BPCL.NS|2025-10-24|ensemble_lr0.20_rf0.30_xgb0.50,BPCL.NS,2025-10-24,ensemble_lr0.20_rf0.30_xgb0.50,2024-10-25,2025-10-24,2025-10-20,2024-11-25,2025-10-23,2025-10-24,228,2025-10-24,False,0,0.5434782608695653,0.5258566453582302,0.38,0.40989187359809875,0.4241172658706954,0,57.59,0.4241172658706954,0,57.59,HOLD,0.49,-0.0201,Sideways,0.335,0.0,unavailable_no_point_in_time_source,True,314.83,314.8333435058594,2025-10-27,326.7902526855469,3.7979,1,2025-10-29,331.6492004394531,5.3412,1.0,2025-10-31,339.93804931640625,7.974,1.0,2025-11-10,355.1321716308594,12.8001,1.0,0,0,0,0,0,0,3.799,0,0.0,0.0,0.0,0.0,0.0,5.3423,0.0,0.0,0.0,0.0,0.0,0.0,7.9751,0.0,0.0,0.0,0.0,0.0,0.0,12.8012,0.0,55-60,55-60
ABCAPITAL.NS|2025-10-31|ensemble_lr0.20_rf0.30_xgb0.50,ABCAPITAL.NS,2025-10-31,ensemble_lr0.20_rf0.30_xgb0.50,2024-11-01,2025-10-31,2025-10-27,2024-12-02,2025-10-30,2025-10-31,228,2025-10-31,False,0,0.4855072463768116,0.7091382726439529,0.32,0.21245652437210083,0.34405591671484104,0,65.59,0.34405591671484104,0,65.59,BUY,0.6533,0.3066,Bullish,1.0,0.0,unavailable_no_point_in_time_source,True,324.2,324.20001220703125,2025-11-03,334.25,3.0999,1,2025-11-06,327.04998779296875,0.8791,1.0,2025-11-10,333.54998779296875,2.884,1.0,2025-11-17,334.79998779296875,3.2696,1.0,0,0,0,0,0,1,3.0999,1,0.0,0.0,0.0,0.0,1.0,0.8791,1.0,0.0,0.0,0.0,0.0,1.0,2.884,1.0,0.0,0.0,0.0,0.0,1.0,3.2696,1.0,65-70,65-70
ABFRL.NS|2025-10-31|ensemble_lr0.20_rf0.30_xgb0.50,ABFRL.NS,2025-10-31,ensemble_lr0.20_rf0.30_xgb0.50,2024-11-01,2025-10-31,2025-10-27,2024-12-02,2025-10-30,2025-10-31,228,2025-10-31,False,0,0.49275362318840576,0.6322067208015971,0.36,0.24802733957767487,0.35845501394915685,0,64.15,0.35845501394915685,0,64.15,SELL,0.3413,-0.3174,Sideways,-0.5,0.0,unavailable_no_point_in_time_source,True,81.64,81.63999938964844,2025-11-03,85.37999725341797,4.5811,1,2025-11-06,78.08000183105469,-4.3606,0.0,2025-11-10,80.05999755859375,-1.9353,0.0,2025-11-17,78.22000122070312,-4.1891,0.0,0,0,0,0,0,0,4.5811,0,1.0,1.0,1.0,1.0,1.0,-4.3606,1.0,1.0,1.0,1.0,1.0,1.0,-1.9353,1.0,1.0,1.0,1.0,1.0,1.0,-4.1891,1.0,60-65,60-65
ADANIPORTS.NS|2025-10-31|ensemble_lr0.20_rf0.30_xgb0.50,ADANIPORTS.NS,2025-10-31,ensemble_lr0.20_rf0.30_xgb0.50,2024-11-01,2025-10-31,2025-10-27,2024-12-02,2025-10-30,2025-10-31,228,2025-10-31,False,0,0.572463768115942,0.4514501910407145,0.32,0.37097543478012085,0.37177775559820336,0,62.82,0.37177775559820336,0,62.82,HOLD,0.5394,0.0788,Bullish,0.335,0.0,unavailable_no_point_in_time_source,True,1445.41,1445.408447265625,2025-11-03,1438.6368408203125,-0.4685,0,2025-11-06,1430.7701416015625,-1.0127,0.0,2025-11-10,1438.836181640625,-0.4547,0.0,2025-11-17,1501.27294921875,3.865,1.0,0,1,1,1,1,1,-0.4686,1,1.0,1.0,1.0,1.0,1.0,-1.0129,1.0,1.0,1.0,1.0,1.0,1.0,-0.4548,1.0,0.0,0.0,0.0,0.0,0.0,3.8649,0.0,60-65,60-65
APOLLOTYRE.NS|2025-10-31|ensemble_lr0.20_rf0.30_xgb0.50,APOLLOTYRE.NS,2025-10-31,ensemble_lr0.20_rf0.30_xgb0.50,2024-11-01,2025-10-31,2025-10-27,2024-12-02,2025-10-30,2025-10-31,228,2025-10-31,False,0,0.4710144927536232,0.5209588631896946,0.28,0.35506463050842285,0.3657240878921504,0,63.43,0.3657240878921504,0,63.43,BUY,0.5992,0.1983,Bullish,0.835,0.0,unavailable_no_point_in_time_source,True,495.2,495.1988220214844,2025-11-03,503.0489501953125,1.5852,1,2025-11-06,499.44476318359375,0.8574,1.0,2025-11-10,515.4412841796875,4.0877,1.0,2025-11-17,507.541748046875,2.4925,1.0,0,0,0,0,0,1,1.585,1,0.0,0.0,0.0,0.0,1.0,0.8572,1.0,0.0,0.0,0.0,0.0,1.0,4.0875,1.0,0.0,0.0,0.0,0.0,1.0,2.4923,1.0,60-65,60-65
ASHOKLEY.NS|2025-10-31|ensemble_lr0.20_rf0.30_xgb0.50,ASHOKLEY.NS,2025-10-31,ensemble_lr0.20_rf0.30_xgb0.50,2024-11-01,2025-10-31,2025-10-27,2024-12-02,2025-10-30,2025-10-31,228,2025-10-31,False,0,0.4855072463768116,0.637349539417014,0.66,0.5848979353904724,0.617918875578639,1,61.79,0.617918875578639,1,61.79,STRONG BUY,0.728,0.456,Bullish,0.835,0.0,unavailable_no_point_in_time_source,True,138.22,138.21873474121094,2025-11-03,136.5585174560547,-1.2012,0,2025-11-06,137.92575073242188,-0.212,0.0,2025-11-10,138.95118713378906,0.5299,1.0,2025-11-17,144.97683715820312,4.8894,1.0,1,0,0,1,0,0,-1.2021,0,0.0,0.0,1.0,0.0,0.0,-0.2129,0.0,1.0,1.0,0.0,1.0,1.0,0.529,1.0,1.0,1.0,0.0,1.0,1.0,4.8885,1.0,60-65,60-65
ASIANPAINT.NS|2025-10-31|ensemble_lr0.20_rf0.30_xgb0.50,ASIANPAINT.NS,2025-10-31,ensemble_lr0.20_rf0.30_xgb0.50,2024-11-01,2025-10-31,2025-10-27,2024-12-02,2025-10-30,2025-10-31,228,2025-10-31,False,0,0.49275362318840576,0.23470261992229047,0.24,0.3801114559173584,0.3089962519431373,0,69.1,0.3089962519431373,0,69.1,HOLD,0.5519,0.1039,Bullish,0.165,0.0,unavailable_no_point_in_time_source,True,2485.32,2485.324951171875,2025-11-03,2486.710693359375,0.0558,1,2025-11-06,2576.490478515625,3.6682,1.0,2025-11-10,2623.508544921875,5.56,1.0,2025-11-17,2858.5986328125,15.0191,1.0,0,0,0,0,0,1,0.056,1,0.0,0.0,0.0,0.0,0.0,3.6684,0.0,0.0,0.0,0.0,0.0,0.0,5.5602,0.0,0.0,0.0,0.0,0.0,0.0,15.0193,0.0,65-70,65-70
AXISBANK.NS|2025-10-31|ensemble_lr0.20_rf0.30_xgb0.50,AXISBANK.NS,2025-10-31,ensemble_lr0.20_rf0.30_xgb0.50,2024-11-01,2025-10-31,2025-10-27,2024-12-02,2025-10-30,2025-10-31,228,2025-10-31,False,0,0.4855072463768116,0.369710196043152,0.18,0.594321072101593,0.4251025752594269,0,57.49,0.4251025752594269,0,57.49,HOLD,0.5668,0.1335,Bullish,0.665,0.0,unavailable_no_point_in_time_source,True,1231.85,1231.8499755859375,2025-11-03,1232.749267578125,0.073,1,2025-11-06,1227.55322265625,-0.3488,0.0,2025-11-10,1216.0621337890625,-1.2816,0.0,2025-11-17,1248.636962890625,1.3627,1.0,0,0,0,0,0,1,0.073,1,1.0,1.0,1.0,1.0,1.0,-0.3488,1.0,1.0,1.0,1.0,1.0,1.0,-1.2816,1.0,0.0,0.0,0.0,0.0,1.0,1.3627,1.0,55-60,55-60
BAJAJFINSV.NS|2025-10-31|ensemble_lr0.20_rf0.30_xgb0.50,BAJAJFINSV.NS,2025-10-31,ensemble_lr0.20_rf0.30_xgb0.50,2024-11-01,2025-10-31,2025-10-27,2024-12-02,2025-10-30,2025-10-31,228,2025-10-31,False,0,0.5434782608695652,0.41683380207117693,0.38,0.2813590168952942,0.3380462688618825,0,66.2,0.3380462688618825,0,66.2,HOLD,0.4695,-0.0611,Sideways,0.335,0.0,unavailable_no_point_in_time_source,True,2086.52,2086.51953125,2025-11-03,2079.825439453125,-0.3208,0,2025-11-06,2061.44091796875,-1.2019,0.0,2025-11-10,2116.493896484375,1.4366,1.0,2025-11-17,2077.8271484375,-0.4166,0.0,0,1,1,1,1,1,-0.3208,1,1.0,1.0,1.0,1.0,1.0,-1.202,1.0,0.0,0.0,0.0,0.0,1.0,1.4365,1.0,1.0,1.0,1.0,1.0,1.0,-0.4166,1.0,65-70,65-70
BPCL.NS|2025-10-31|ensemble_lr0.20_rf0.30_xgb0.50,BPCL.NS,2025-10-31,ensemble_lr0.20_rf0.30_xgb0.50,2024-11-01,2025-10-31,2025-10-27,2024-12-02,2025-10-30,2025-10-31,228,2025-10-31,False,0,0.5289855072463768,0.3492754794561776,0.32,0.10401036590337753,0.2178602788429243,0,78.21,0.2178602788429243,0,78.21,BUY,0.6114,0.2228,Bullish,1.0,0.0,unavailable_no_point_in_time_source,True,339.94,339.93804931640625,2025-11-03,349.94183349609375,2.9428,1,2025-11-06,350.5611267089844,3.125,1.0,2025-11-10,355.1321716308594,4.4697,1.0,2025-11-17,363.9825134277344,7.0732,1.0,0,0,0,0,0,1,2.9422,1,0.0,0.0,0.0,0.0,1.0,3.1244,1.0,0.0,0.0,0.0,0.0,1.0,4.4691,1.0,0.0,0.0,0.0,0.0,1.0,7.0726,1.0,75-80,75-80
AARTIIND.NS|2025-11-10|ensemble_lr0.20_rf0.30_xgb0.50,AARTIIND.NS,2025-11-10,ensemble_lr0.20_rf0.30_xgb0.50,2024-11-11,2025-11-10,2025-11-10,2024-12-10,2025-11-07,2025-11-10,227,2025-11-10,False,0,0.5072463768115941,0.5084404728912147,0.52,0.6658084392547607,0.5905923142056233,1,59.06,0.5905923142056233,1,59.06,BUY,0.5845,0.1691,Sideways,0.335,0.0,unavailable_no_point_in_time_source,True,391.87,391.8710021972656,2025-11-11,385.7830810546875,-1.5536,0,2025-11-13,392.51971435546875,0.1655,1.0,2025-11-17,394.5157470703125,0.6749,1.0,2025-11-24,380.04449462890625,-3.018,0.0,1,0,0,1,0,0,-1.5533,0,1.0,1.0,0.0,1.0,1.0,0.1658,1.0,1.0,1.0,0.0,1.0,1.0,0.6752,1.0,0.0,0.0,1.0,0.0,0.0,-3.0177,0.0,55-60,55-60
ABCAPITAL.NS|2025-11-10|ensemble_lr0.20_rf0.30_xgb0.50,ABCAPITAL.NS,2025-11-10,ensemble_lr0.20_rf0.30_xgb0.50,2024-11-11,2025-11-10,2025-11-10,2024-12-10,2025-11-07,2025-11-10,227,2025-11-10,False,0,0.4927536231884058,0.3574862368013433,0.4,0.4524592459201813,0.41772687032035927,0,58.23,0.41772687032035927,0,58.23,BUY,0.6531,0.3062,Bullish,1.0,0.0,unavailable_no_point_in_time_source,True,333.55,333.54998779296875,2025-11-11,329.3500061035156,-1.2592,0,2025-11-13,331.79998779296875,-0.5247,0.0,2025-11-17,334.79998779296875,0.3748,1.0,2025-11-24,331.8500061035156,-0.5097,0.0,0,1,1,1,1,0,-1.2592,0,1.0,1.0,1.0,1.0,0.0,-0.5247,0.0,0.0,0.0,0.0,0.0,1.0,0.3748,1.0,1.0,1.0,1.0,1.0,0.0,-0.5097,0.0,55-60,55-60
ABFRL.NS|2025-11-10|ensemble_lr0.20_rf0.30_xgb0.50,ABFRL.NS,2025-11-10,ensemble_lr0.20_rf0.30_xgb0.50,2024-11-11,2025-11-10,2025-11-10,2024-12-10,2025-11-07,2025-11-10,227,2025-11-10,False,0,0.44202898550724634,0.6571854716064851,0.6,0.606167197227478,0.614520692935036,1,61.45,0.614520692935036,1,61.45,HOLD,0.4928,-0.0145,High Volatility,-0.5,0.0,unavailable_no_point_in_time_source,True,80.06,80.05999755859375,2025-11-11,78.70999908447266,-1.6862,0,2025-11-13,79.58000183105469,-0.5995,0.0,2025-11-17,78.22000122070312,-2.2983,0.0,2025-11-24,75.66000366210938,-5.4959,0.0,1,0,0,1,0,1,-1.6862,1,0.0,0.0,1.0,0.0,1.0,-0.5995,1.0,0.0,0.0,1.0,0.0,1.0,-2.2983,1.0,0.0,0.0,1.0,0.0,0.0,-5.4959,0.0,60-65,60-65
ADANIENT.NS|2025-11-10|ensemble_lr0.20_rf0.30_xgb0.50,ADANIENT.NS,2025-11-10,ensemble_lr0.20_rf0.30_xgb0.50,2024-11-11,2025-11-10,2025-11-10,2024-12-10,2025-11-07,2025-11-10,227,2025-11-10,False,0,0.5,0.3738109953971154,0.52,0.39198970794677734,0.42675705305281175,0,57.32,0.42675705305281175,0,57.32,SELL,0.3634,-0.2731,Sideways,-0.67,0.0,unavailable_no_point_in_time_source,True,2297.33,2297.3310546875,2025-11-11,2293.5517578125,-0.1645,0,2025-11-13,2411.194580078125,4.9563,1.0,2025-11-17,2460.899658203125,7.1199,1.0,2025-11-24,2398.127685546875,4.3876,1.0,0,1,1,1,1,1,-0.1645,1,0.0,0.0,0.0,0.0,0.0,4.9564,0.0,0.0,0.0,0.0,0.0,0.0,7.12,0.0,0.0,0.0,0.0,0.0,0.0,4.3876,0.0,55-60,55-60
ADANIPORTS.NS|2025-11-10|ensemble_lr0.20_rf0.30_xgb0.50,ADANIPORTS.NS,2025-11-10,ensemble_lr0.20_rf0.30_xgb0.50,2024-11-11,2025-11-10,2025-11-10,2024-12-10,2025-11-07,2025-11-10,227,2025-11-10,False,0,0.5144927536231884,0.3466207979234102,0.34,0.18941497802734375,0.26603164859835393,0,73.4,0.26603164859835393,0,73.4,HOLD,0.4857,-0.0286,Sideways,0.335,0.0,unavailable_no_point_in_time_source,True,1438.84,1438.836181640625,2025-11-11,1468.2122802734375,2.0417,1,2025-11-13,1492.7091064453125,3.7442,1.0,2025-11-17,1501.27294921875,4.3394,1.0,2025-11-24,1479.6640625,2.8376,1.0,0,0,0,0,0,1,2.0414,1,0.0,0.0,0.0,0.0,0.0,3.7439,0.0,0.0,0.0,0.0,0.0,0.0,4.3391,0.0,0.0,0.0,0.0,0.0,1.0,2.8373,1.0,70-75,70-75
AXISBANK.NS|2025-11-10|ensemble_lr0.20_rf0.30_xgb0.50,AXISBANK.NS,2025-11-10,ensemble_lr0.20_rf0.30_xgb0.50,2024-11-11,2025-11-10,2025-11-10,2024-12-10,2025-11-07,2025-11-10,227,2025-11-10,False,0,0.4420289855072464,0.5601968201140147,0.32,0.41919514536857605,0.417636936707091,0,58.24,0.417636936707091,0,58.24,HOLD,0.5586,0.1172,Bullish,0.5,0.0,unavailable_no_point_in_time_source,True,1216.06,1216.0621337890625,2025-11-11,1221.557861328125,0.4519,1,2025-11-13,1224.2557373046875,0.6738,1.0,2025-11-17,1248.636962890625,2.6787,1.0,2025-11-24,1268.0220947265625,4.2728,1.0,0,0,0,0,0,1,0.4521,1,0.0,0.0,0.0,0.0,1.0,0.674,1.0,0.0,0.0,0.0,0.0,1.0,2.6789,1.0,0.0,0.0,0.0,0.0,0.0,4.273,0.0,55-60,55-60
BAJAJFINSV.NS|2025-11-10|ensemble_lr0.20_rf0.30_xgb0.50,BAJAJFINSV.NS,2025-11-10,ensemble_lr0.20_rf0.30_xgb0.50,2024-11-11,2025-11-10,2025-11-10,2024-12-10,2025-11-07,2025-11-10,227,2025-11-10,False,0,0.5144927536231885,0.42264823496542386,0.28,0.21176296472549438,0.274411129355832,0,72.56,0.274411129355832,0,72.56,HOLD,0.491,-0.018,Sideways,0.335,0.0,unavailable_no_point_in_time_source,True,2116.49,2116.493896484375,2025-11-11,1987.703857421875,-6.0851,0,2025-11-13,2054.44677734375,-2.9316,0.0,2025-11-17,2077.8271484375,-1.8269,0.0,2025-11-24,2029.068603515625,-4.1307,0.0,1,1,1,1,0,0,-6.0849,0,1.0,1.0,1.0,0.0,1.0,-2.9314,1.0,1.0,1.0,1.0,0.0,1.0,-1.8267,1.0,1.0,1.0,1.0,0.0,0.0,-4.1305,0.0,70-75,70-75
ABFRL.NS|2025-11-17|ensemble_lr0.20_rf0.30_xgb0.50,ABFRL.NS,2025-11-17,ensemble_lr0.20_rf0.30_xgb0.50,2024-11-18,2025-11-17,2025-11-17,2024-12-16,2025-11-14,2025-11-17,228,2025-11-17,False,0,0.45652173913043476,0.48491911816842975,0.18,0.42319241166114807,0.36258002946426,0,63.74,0.36258002946426,0,63.74,SELL,0.3739,-0.2521,High Volatility,-0.5,0.0,unavailable_no_point_in_time_source,True,78.22,78.22000122070312,2025-11-18,77.83000183105469,-0.4986,0,2025-11-20,78.37999725341797,0.2045,1.0,2025-11-24,75.66000366210938,-3.2728,0.0,2025-12-01,76.61000061035156,-2.0583,0.0,0,1,1,1,1,1,-0.4986,1,0.0,0.0,0.0,0.0,0.0,0.2045,0.0,1.0,1.0,1.0,1.0,1.0,-3.2728,1.0,1.0,1.0,1.0,1.0,1.0,-2.0583,1.0,60-65,60-65
ADANIENT.NS|2025-11-17|ensemble_lr0.20_rf0.30_xgb0.50,ADANIENT.NS,2025-11-17,ensemble_lr0.20_rf0.30_xgb0.50,2024-11-18,2025-11-17,2025-11-17,2024-12-16,2025-11-14,2025-11-17,228,2025-11-17,False,0,0.5652173913043478,0.5633768676591945,0.72,0.6276814937591553,0.6425161204114165,1,64.25,0.6425161204114165,1,64.25,HOLD,0.5514,0.1027,Sideways,-0.165,0.0,unavailable_no_point_in_time_source,True,2460.9,2460.899658203125,2025-11-18,2435.7109375,-1.0236,0,2025-11-20,2445.0068359375,-0.6458,0.0,2025-11-24,2398.127685546875,-2.5508,0.0,2025-12-01,2260.989013671875,-8.1235,0.0,1,0,0,1,0,1,-1.0236,1,0.0,0.0,1.0,0.0,1.0,-0.6458,1.0,0.0,0.0,1.0,0.0,1.0,-2.5508,1.0,0.0,0.0,1.0,0.0,0.0,-8.1235,0.0,60-65,60-65
ADANIPORTS.NS|2025-11-17|ensemble_lr0.20_rf0.30_xgb0.50,ADANIPORTS.NS,2025-11-17,ensemble_lr0.20_rf0.30_xgb0.50,2024-11-18,2025-11-17,2025-11-17,2024-12-16,2025-11-14,2025-11-17,228,2025-11-17,False,0,0.5289855072463768,0.15338795115281245,0.32,0.3041144609451294,0.27873482070312716,0,72.13,0.27873482070312716,0,72.13,BUY,0.6135,0.227,Bullish,1.0,0.0,unavailable_no_point_in_time_source,True,1501.27,1501.27294921875,2025-11-18,1488.725830078125,-0.8358,0,2025-11-20,1484.8421630859375,-1.0945,0.0,2025-11-24,1479.6640625,-1.4394,0.0,2025-12-01,1524.076904296875,1.519,1.0,0,1,1,1,1,0,-0.8356,0,1.0,1.0,1.0,1.0,0.0,-1.0943,0.0,1.0,1.0,1.0,1.0,0.0,-1.4392,0.0,0.0,0.0,0.0,0.0,1.0,1.5192,1.0,70-75,70-75
ASTRAL.NS|2025-11-17|ensemble_lr0.20_rf0.30_xgb0.50,ASTRAL.NS,2025-11-17,ensemble_lr0.20_rf0.30_xgb0.50,2024-11-18,2025-11-17,2025-11-17,2024-12-16,2025-11-14,2025-11-17,228,2025-11-17,False,0,0.3768115942028985,0.5635782869797774,0.52,0.8777053952217102,0.7075683550068106,1,70.76,0.7075683550068106,1,70.76,HOLD,0.5498,0.0995,Sideways,0.0,0.0,unavailable_no_point_in_time_source,True,1463.4,1463.3983154296875,2025-11-18,1447.5233154296875,-1.0848,0,2025-11-20,1460.103515625,-0.2251,0.0,2025-11-24,1470.886474609375,0.5117,1.0,2025-12-01,1438.2379150390625,-1.7193,0.0,0,0,0,1,1,1,-1.0849,1,0.0,0.0,1.0,1.0,1.0,-0.2253,1.0,1.0,1.0,0.0,0.0,1.0,0.5116,1.0,0.0,0.0,1.0,1.0,1.0,-1.7194,1.0,70-75,70-75
BAJAJFINSV.NS|2025-11-17|ensemble_lr0.20_rf0.30_xgb0.50,BAJAJFINSV.NS,2025-11-17,ensemble_lr0.20_rf0.30_xgb0.50,2024-11-18,2025-11-17,2025-11-17,2024-12-16,2025-11-14,2025-11-17,228,2025-11-17,False,0,0.5,0.4602060735831663,0.52,0.24241723120212555,0.36924983031769604,0,63.08,0.36924983031769604,0,63.08,HOLD,0.5319,0.0638,Bullish,0.17,0.0,unavailable_no_point_in_time_source,True,2077.83,2077.8271484375,2025-11-18,2048.451904296875,-1.4137,0,2025-11-20,2093.8134765625,0.7694,1.0,2025-11-24,2029.068603515625,-2.3466,0.0,2025-12-01,2080.025146484375,0.1058,1.0,1,1,1,1,0,1,-1.4139,1,0.0,0.0,0.0,1.0,1.0,0.7692,1.0,1.0,1.0,1.0,0.0,1.0,-2.3467,1.0,0.0,0.0,0.0,1.0,1.0,0.1056,1.0,60-65,60-65
BEL.NS|2025-11-17|ensemble_lr0.20_rf0.30_xgb0.50,BEL.NS,2025-11-17,ensemble_lr0.20_rf0.30_xgb0.50,2024-11-18,2025-11-17,2025-11-17,2024-12-16,2025-11-14,2025-11-17,228,2025-11-17,False,0,0.45652173913043476,0.39077659320179026,0.28,0.293082594871521,0.30869661607611854,0,69.13,0.30869661607611854,0,69.13,HOLD,0.5271,0.0541,Sideways,0.5,0.0,unavailable_no_point_in_time_source,True,422.18,422.1771240234375,2025-11-18,418.54754638671875,-0.8597,0,2025-11-20,420.63580322265625,-0.3651,0.0,2025-11-24,401.5431213378906,-4.8875,0.0,2025-12-01,414.9179382324219,-1.7195,0.0,0,1,1,1,1,1,-0.8604,1,1.0,1.0,1.0,1.0,1.0,-0.3658,1.0,1.0,1.0,1.0,1.0,0.0,-4.8882,0.0,1.0,1.0,1.0,1.0,1.0,-1.7201,1.0,65-70,65-70
AARTIIND.NS|2025-11-24|ensemble_lr0.20_rf0.30_xgb0.50,AARTIIND.NS,2025-11-24,ensemble_lr0.20_rf0.30_xgb0.50,2024-11-25,2025-11-24,2025-11-24,2024-12-20,2025-11-21,2025-11-24,229,2025-11-24,False,0,0.4202898550724638,0.5480781803342252,0.1,0.23100051283836365,0.25511589248602684,0,74.49,0.25511589248602684,0,74.49,SELL,0.3453,-0.3094,Bearish,-0.165,0.0,unavailable_no_point_in_time_source,True,380.04,380.04449462890625,2025-11-25,378.9966125488281,-0.2757,0,2025-11-27,380.04449462890625,0.0,0.0,2025-12-01,379.6952209472656,-0.0919,0.0,2025-12-08,350.4533386230469,-7.7862,0.0,0,1,1,1,1,1,-0.2745,1,1.0,1.0,1.0,1.0,0.0,0.0012,0.0,1.0,1.0,1.0,1.0,1.0,-0.0907,1.0,1.0,1.0,1.0,1.0,1.0,-7.7851,1.0,70-75,70-75
ABCAPITAL.NS|2025-11-24|ensemble_lr0.20_rf0.30_xgb0.50,ABCAPITAL.NS,2025-11-24,ensemble_lr0.20_rf0.30_xgb0.50,2024-11-25,2025-11-24,2025-11-24,2024-12-20,2025-11-21,2025-11-24,229,2025-11-24,False,1,0.5579710144927535,0.5004190396745035,0.36,0.2284170240163803,0.3222923199430909,0,67.77,0.3222923199430909,0,67.77,BUY,0.6157,0.2313,Bullish,0.665,0.0,unavailable_no_point_in_time_source,True,331.85,331.8500061035156,2025-11-25,345.45001220703125,4.0982,1,2025-11-27,351.75,5.9967,1.0,2025-12-01,356.1000061035156,7.3075,1.0,2025-12-08,357.1000061035156,7.6089,1.0,1,0,0,1,1,1,4.0982,1,0.0,0.0,1.0,1.0,1.0,5.9967,1.0,0.0,0.0,1.0,1.0,1.0,7.3075,1.0,0.0,0.0,1.0,1.0,1.0,7.6089,1.0,65-70,65-70
ABFRL.NS|2025-11-24|ensemble_lr0.20_rf0.30_xgb0.50,ABFRL.NS,2025-11-24,ensemble_lr0.20_rf0.30_xgb0.50,2024-11-25,2025-11-24,2025-11-24,2024-12-20,2025-11-21,2025-11-24,229,2025-11-24,False,0,0.4492753623188406,0.4443700063806969,0.46,0.4191766679286957,0.4364623352404872,0,56.35,0.4364623352404872,0,56.35,SELL,0.3692,-0.2617,High Volatility,-0.665,0.0,unavailable_no_point_in_time_source,True,75.66,75.66000366210938,2025-11-25,75.43000030517578,-0.304,0,2025-11-27,77.05000305175781,1.8372,1.0,2025-12-01,76.61000061035156,1.2556,1.0,2025-12-08,74.58000183105469,-1.4274,0.0,0,1,1,1,1,1,-0.304,1,0.0,0.0,0.0,0.0,0.0,1.8372,0.0,0.0,0.0,0.0,0.0,0.0,1.2556,0.0,1.0,1.0,1.0,1.0,1.0,-1.4274,1.0,55-60,55-60
ADANIENT.NS|2025-11-24|ensemble_lr0.20_rf0.30_xgb0.50,ADANIENT.NS,2025-11-24,ensemble_lr0.20_rf0.30_xgb0.50,2024-11-25,2025-11-24,2025-11-24,2024-12-20,2025-11-21,2025-11-24,229,2025-11-24,False,0,0.4927536231884058,0.46269416678378783,0.4,0.6852807402610779,0.5551792034872964,1,55.52,0.5551792034872964,1,55.52,HOLD,0.5142,0.0284,Sideways,-0.17,0.0,unavailable_no_point_in_time_source,True,2398.13,2398.127685546875,2025-11-25,2331.857177734375,-2.7634,0,2025-11-27,2253.9921875,-6.0103,0.0,2025-12-01,2260.989013671875,-5.7186,0.0,2025-12-08,2215.20947265625,-7.6275,0.0,0,0,0,1,1,1,-2.7635,1,0.0,0.0,1.0,1.0,0.0,-6.0104,0.0,0.0,0.0,1.0,1.0,0.0,-5.7187,0.0,0.0,0.0,1.0,1.0,0.0,-7.6276,0.0,55-60,55-60
ADANIPORTS.NS|2025-11-24|ensemble_lr0.20_rf0.30_xgb0.50,ADANIPORTS.NS,2025-11-24,ensemble_lr0.20_rf0.30_xgb0.50,2024-11-25,2025-11-24,2025-11-24,2024-12-20,2025-11-21,2025-11-24,229,2025-11-24,False,0,0.5797101449275363,0.5826447751905979,0.48,0.668766975402832,0.5949124427395356,1,59.49,0.5949124427395356,1,59.49,BUY,0.6072,0.2144,Sideways,0.335,0.0,unavailable_no_point_in_time_source,True,1479.66,1479.6640625,2025-11-25,1477.6724853515625,-0.1346,0,2025-11-27,1502.7666015625,1.5613,1.0,2025-12-01,1524.076904296875,3.0015,1.0,2025-12-08,1474.2867431640625,-0.3634,0.0,1,0,0,1,0,0,-0.1343,0,1.0,1.0,0.0,1.0,1.0,1.5616,1.0,1.0,1.0,0.0,1.0,1.0,3.0018,1.0,0.0,0.0,1.0,0.0,0.0,-0.3631,0.0,55-60,55-60
ANGELONE.NS|2025-11-24|ensemble_lr0.20_rf0.30_xgb0.50,ANGELONE.NS,2025-11-24,ensemble_lr0.20_rf0.30_xgb0.50,2024-11-25,2025-11-24,2025-11-24,2024-12-20,2025-11-21,2025-11-24,229,2025-11-24,False,1,0.5,0.5404773491532123,0.18,0.3062739074230194,0.3152324235421522,0,68.48,0.3152324235421522,0,68.48,HOLD,0.5074,0.0148,Bullish,0.165,0.0,unavailable_no_point_in_time_source,True,262.78,262.7774353027344,2025-11-25,263.6799621582031,0.3435,1,2025-11-27,271.1850891113281,3.1995,1.0,2025-12-01,271.1065979003906,3.1697,1.0,2025-12-08,249.4447784423828,-5.0737,0.0,0,0,0,1,0,1,0.3425,1,0.0,0.0,1.0,0.0,0.0,3.1985,0.0,0.0,0.0,1.0,0.0,0.0,3.1687,0.0,1.0,1.0,0.0,1.0,0.0,-5.0747,0.0,65-70,65-70
APOLLOTYRE.NS|2025-11-24|ensemble_lr0.20_rf0.30_xgb0.50,APOLLOTYRE.NS,2025-11-24,ensemble_lr0.20_rf0.30_xgb0.50,2024-11-25,2025-11-24,2025-11-24,2024-12-20,2025-11-21,2025-11-24,229,2025-11-24,False,0,0.463768115942029,0.6308527773372522,0.46,0.30711331963539124,0.4177272152851461,0,58.23,0.4177272152851461,0,58.23,HOLD,0.5659,0.1317,Bullish,0.5,0.0,unavailable_no_point_in_time_source,True,521.51,521.5139770507812,2025-11-25,515.4906005859375,-1.155,0,2025-11-27,512.4295654296875,-1.7419,0.0,2025-12-01,509.8622131347656,-2.2342,0.0,2025-12-08,513.8119506835938,-1.4769,0.0,1,1,1,1,0,1,-1.1542,1,1.0,1.0,1.0,0.0,1.0,-1.7412,1.0,1.0,1.0,1.0,0.0,1.0,-2.2335,1.0,1.0,1.0,1.0,0.0,1.0,-1.4761,1.0,55-60,55-60
ASHOKLEY.NS|2025-11-24|ensemble_lr0.20_rf0.30_xgb0.50,ASHOKLEY.NS,2025-11-24,ensemble_lr0.20_rf0.30_xgb0.50,2024-11-25,2025-11-24,2025-11-24,2024-12-20,2025-11-21,2025-11-24,229,2025-11-24,False,1,0.4855072463768116,0.14879066904041297,0.26,0.48996850848197937,0.35274238804907226,0,64.73,0.35274238804907226,0,64.73,HOLD,0.5388,0.0777,Bullish,0.5,0.0,unavailable_no_point_in_time_source,True,142.16,142.16481018066406,2025-11-25,143.38401794433594,0.8576,1,2025-11-27,157.07054138183594,10.4848,1.0,2025-12-01,157.61131286621094,10.8652,1.0,2025-12-08,156.60841369628906,10.1598,1.0,0,0,0,1,0,1,0.861,1,0.0,0.0,1.0,0.0,0.0,10.4886,0.0,0.0,0.0,1.0,0.0,0.0,10.869,0.0,0.0,0.0,1.0,0.0,0.0,10.1635,0.0,60-65,60-65
BAJAJFINSV.NS|2025-11-24|ensemble_lr0.20_rf0.30_xgb0.50,BAJAJFINSV.NS,2025-11-24,ensemble_lr0.20_rf0.30_xgb0.50,2024-11-25,2025-11-24,2025-11-24,2024-12-20,2025-11-21,2025-11-24,229,2025-11-24,False,0,0.5362318840579711,0.5493173579060989,0.44,0.16124194860458374,0.32248444588351166,0,67.75,0.32248444588351166,0,67.75,HOLD,0.4289,-0.1422,Sideways,-0.165,0.0,unavailable_no_point_in_time_source,True,2029.07,2029.068603515625,2025-11-25,2028.468994140625,-0.0296,0,2025-11-27,2101.40673828125,3.5651,1.0,2025-12-01,2080.025146484375,2.5113,1.0,2025-12-08,2057.4443359375,1.3985,1.0,0,1,1,1,1,1,-0.0296,1,0.0,0.0,0.0,0.0,0.0,3.565,0.0,0.0,0.0,0.0,0.0,1.0,2.5113,1.0,0.0,0.0,0.0,0.0,1.0,1.3984,1.0,65-70,65-70
BAJFINANCE.NS|2025-11-24|ensemble_lr0.20_rf0.30_xgb0.50,BAJFINANCE.NS,2025-11-24,ensemble_lr0.20_rf0.30_xgb0.50,2024-11-25,2025-11-24,2025-11-24,2024-12-20,2025-11-21,2025-11-24,229,2025-11-24,False,1,0.44202898550724634,0.36634814674450356,0.48,0.4083572328090668,0.4214482457534341,0,57.86,0.4214482457534341,0,57.86,HOLD,0.471,-0.058,Sideways,0.0,0.0,unavailable_no_point_in_time_source,True,987.93,987.927001953125,2025-11-25,980.1746826171875,-0.7847,0,2025-11-27,1027.48388671875,4.004,1.0,2025-12-01,1014.8613891601562,2.7264,1.0,2025-12-08,1020.1290893554688,3.2596,1.0,0,1,1,0,1,1,-0.785,1,0.0,0.0,1.0,0.0,0.0,4.0037,0.0,0.0,0.0,1.0,0.0,1.0,2.726,1.0,0.0,0.0,1.0,0.0,0.0,3.2592,0.0,55-60,55-60
BEL.NS|2025-11-24|ensemble_lr0.20_rf0.30_xgb0.50,BEL.NS,2025-11-24,ensemble_lr0.20_rf0.30_xgb0.50,2024-11-25,2025-11-24,2025-11-24,2024-12-20,2025-11-21,2025-11-24,229,2025-11-24,False,0,0.4710144927536232,0.6790974410458629,0.58,0.6912329792976379,0.6554359778579916,1,65.54,0.6554359778579916,1,65.54,BUY,0.5842,0.1684,Sideways,0.0,0.0,unavailable_no_point_in_time_source,True,401.54,401.5431213378906,2025-11-25,407.9570617675781,1.5973,1,2025-11-27,410.7414245605469,2.2907,1.0,2025-12-01,414.9179382324219,3.3309,1.0,2025-12-08,384.2403869628906,-4.3091,0.0,0,1,1,0,0,1,1.5981,1,1.0,1.0,0.0,0.0,1.0,2.2915,1.0,1.0,1.0,0.0,0.0,1.0,3.3317,1.0,0.0,0.0,1.0,1.0,0.0,-4.3083,0.0,65-70,65-70
BPCL.NS|2025-11-24|ensemble_lr0.20_rf0.30_xgb0.50,BPCL.NS,2025-11-24,ensemble_lr0.20_rf0.30_xgb0.50,2024-11-25,2025-11-24,2025-11-24,2024-12-20,2025-11-21,2025-11-24,229,2025-11-24,False,0,0.572463768115942,0.6213138799960031,0.26,0.40775880217552185,0.40614217708696154,0,59.39,0.40614217708696154,0,59.39,HOLD,0.5427,0.0854,Sideways,0.5,0.0,unavailable_no_point_in_time_source,True,349.78,349.7830505371094,2025-11-25,346.0873107910156,-1.0566,0,2025-11-27,354.69451904296875,1.4041,1.0,2025-12-01,344.2880859375,-1.571,0.0,2025-12-08,347.74066162109375,-0.5839,0.0,0,1,1,1,1,1,-1.0557,1,0.0,0.0,0.0,0.0,1.0,1.405,1.0,1.0,1.0,1.0,1.0,1.0,-1.5701,1.0,1.0,1.0,1.0,1.0,1.0,-0.583,1.0,55-60,55-60
AARTIIND.NS|2025-12-01|ensemble_lr0.20_rf0.30_xgb0.50,AARTIIND.NS,2025-12-01,ensemble_lr0.20_rf0.30_xgb0.50,2024-12-02,2025-12-01,2025-12-01,2024-12-30,2025-11-28,2025-12-01,229,2025-12-01,False,0,0.49275362318840576,0.5095710468143874,0.26,0.20723094046115875,0.2835296795934569,0,71.65,0.2835296795934569,0,71.65,SELL,0.3463,-0.3074,Bearish,-0.165,0.0,unavailable_no_point_in_time_source,True,379.7,379.6952209472656,2025-12-02,376.35186767578125,-0.8805,0,2025-12-04,368.9166259765625,-2.8387,0.0,2025-12-08,350.4533386230469,-7.7014,0.0,2025-12-15,375.5534362792969,-1.0908,0.0,0,1,1,1,1,1,-0.8818,1,1.0,1.0,1.0,1.0,1.0,-2.84,1.0,1.0,1.0,1.0,1.0,1.0,-7.7026,1.0,1.0,1.0,1.0,1.0,1.0,-1.0921,1.0,70-75,70-75
ABFRL.NS|2025-12-01|ensemble_lr0.20_rf0.30_xgb0.50,ABFRL.NS,2025-12-01,ensemble_lr0.20_rf0.30_xgb0.50,2024-12-02,2025-12-01,2025-12-01,2024-12-30,2025-11-28,2025-12-01,229,2025-12-01,False,0,0.45652173913043476,0.4385865126001502,0.78,0.7243354320526123,0.6838850185463362,1,68.39,0.6838850185463362,1,68.39,HOLD,0.4691,-0.0619,Bearish,-0.165,0.0,unavailable_no_point_in_time_source,True,76.61,76.61000061035156,2025-12-02,77.08000183105469,0.6135,1,2025-12-04,76.37999725341797,-0.3002,0.0,2025-12-08,74.58000183105469,-2.6498,0.0,2025-12-15,75.43000030517578,-1.5403,0.0,0,1,1,0,0,1,0.6135,1,0.0,0.0,1.0,1.0,1.0,-0.3002,1.0,0.0,0.0,1.0,1.0,1.0,-2.6498,1.0,0.0,0.0,1.0,1.0,1.0,-1.5403,1.0,65-70,65-70
ADANIENT.NS|2025-12-01|ensemble_lr0.20_rf0.30_xgb0.50,ADANIENT.NS,2025-12-01,ensemble_lr0.20_rf0.30_xgb0.50,2024-12-02,2025-12-01,2025-12-01,2024-12-30,2025-11-28,2025-12-01,229,2025-12-01,False,0,0.4710144927536232,0.43801852477269276,0.58,0.6810718178749084,0.6021396138919928,1,60.21,0.6021396138919928,1,60.21,HOLD,0.4622,-0.0756,Sideways,-0.835,0.0,unavailable_no_point_in_time_source,True,2260.99,2260.989013671875,2025-12-02,2238.59912109375,-0.9903,0,2025-12-04,2216.90869140625,-1.9496,0.0,2025-12-08,2215.20947265625,-2.0248,0.0,2025-12-15,2277.88134765625,0.7471,1.0,0,0,0,1,1,1,-0.9903,1,0.0,0.0,1.0,1.0,1.0,-1.9496,1.0,0.0,0.0,1.0,1.0,1.0,-2.0248,1.0,1.0,1.0,0.0,0.0,1.0,0.7471,1.0,60-65,60-65
AETHER.NS|2025-12-01|ensemble_lr0.20_rf0.30_xgb0.50,AETHER.NS,2025-12-01,ensemble_lr0.20_rf0.30_xgb0.50,2024-12-02,2025-12-01,2025-12-01,2024-12-30,2025-11-28,2025-12-01,229,2025-12-01,False,0,0.5144927536231884,0.2240476464457609,0.34,0.2937782406806946,0.2936986496294995,0,70.63,0.2936986496294995,0,70.63,BUY,0.6044,0.2088,High Volatility,0.835,0.0,unavailable_no_point_in_time_source,True,902.35,902.3499755859375,2025-12-02,868.0999755859375,-3.7956,0,2025-12-04,864.4000244140625,-4.2057,0.0,2025-12-08,815.9000244140625,-9.5805,0.0,2025-12-15,879.6500244140625,-2.5156,0.0,1,1,1,1,0,0,-3.7956,0,1.0,1.0,1.0,0.0,0.0,-4.2057,0.0,1.0,1.0,1.0,0.0,0.0,-9.5805,0.0,1.0,1.0,1.0,0.0,0.0,-2.5157,0.0,70-75,70-75
APOLLOTYRE.NS|2025-12-01|ensemble_lr0.20_rf0.30_xgb0.50,APOLLOTYRE.NS,2025-12-01,ensemble_lr0.20_rf0.30_xgb0.50,2024-12-02,2025-12-01,2025-12-01,2024-12-30,2025-11-28,2025-12-01,229,2025-12-01,False,0,0.4855072463768116,0.4004591406497166,0.3,0.2043575644493103,0.2722706103545985,0,72.77,0.2722706103545985,0,72.77,HOLD,0.4833,-0.0334,Sideways,0.5,0.0,unavailable_no_point_in_time_source,True,509.86,509.8622131347656,2025-12-02,512.7257690429688,0.5616,1,2025-12-04,523.9331665039062,2.7598,1.0,2025-12-08,513.8119506835938,0.7747,1.0,2025-12-15,500.1360168457031,-1.9076,0.0,1,0,0,0,1,1,0.5621,1,0.0,0.0,0.0,1.0,1.0,2.7602,1.0,0.0,0.0,0.0,1.0,1.0,0.7751,1.0,1.0,1.0,1.0,0.0,1.0,-1.9072,1.0,70-75,70-75
ASTRAL.NS|2025-12-01|ensemble_lr0.20_rf0.30_xgb0.50,ASTRAL.NS,2025-12-01,ensemble_lr0.20_rf0.30_xgb0.50,2024-12-02,2025-12-01,2025-12-01,2024-12-30,2025-11-28,2025-12-01,229,2025-12-01,False,0,0.45652173913043476,0.5341996460722105,0.26,0.32898977398872375,0.34933481620880397,0,65.07,0.34933481620880397,0,65.07,HOLD,0.4249,-0.1503,Sideways,-0.165,0.0,unavailable_no_point_in_time_source,True,1438.24,1438.2379150390625,2025-12-02,1417.4705810546875,-1.4439,0,2025-12-04,1438.4375,0.0139,1.0,2025-12-08,1431.04931640625,-0.4998,0.0,2025-12-15,1428.3533935546875,-0.6873,0.0,0,1,1,1,1,1,-1.4441,1,0.0,0.0,0.0,0.0,1.0,0.0137,1.0,1.0,1.0,1.0,1.0,1.0,-0.5,1.0,1.0,1.0,1.0,1.0,1.0,-0.6874,1.0,65-70,65-70
AXISBANK.NS|2025-12-01|ensemble_lr0.20_rf0.30_xgb0.50,AXISBANK.NS,2025-12-01,ensemble_lr0.20_rf0.30_xgb0.50,2024-12-02,2025-12-01,2025-12-01,2024-12-30,2025-11-28,2025-12-01,229,2025-12-01,False,0,0.4492753623188406,0.21248862708147448,0.34,0.38549426198005676,0.3372448564063233,0,66.28,0.3372448564063233,0,66.28,HOLD,0.5687,0.1374,Bullish,0.665,0.0,unavailable_no_point_in_time_source,True,1274.72,1274.7169189453125,2025-12-02,1257.030517578125,-1.3875,0,2025-12-04,1279.0135498046875,0.3371,1.0,2025-12-08,1272.8184814453125,-0.1489,0.0,2025-12-15,1283.8099365234375,0.7133,1.0,0,1,1,1,1,1,-1.3877,1,0.0,0.0,0.0,0.0,1.0,0.3368,1.0,1.0,1.0,1.0,1.0,1.0,-0.1492,1.0,0.0,0.0,0.0,0.0,1.0,0.7131,1.0,65-70,65-70
BAJAJFINSV.NS|2025-12-01|ensemble_lr0.20_rf0.30_xgb0.50,BAJAJFINSV.NS,2025-12-01,ensemble_lr0.20_rf0.30_xgb0.50,2024-12-02,2025-12-01,2025-12-01,2024-12-30,2025-11-28,2025-12-01,229,2025-12-01,False,0,0.49275362318840576,0.47834850897687026,0.2,0.2023908793926239,0.256865141491686,0,74.31,0.256865141491686,0,74.31,HOLD,0.4951,-0.0098,Sideways,0.165,0.0,unavailable_no_point_in_time_source,True,2080.03,2080.025146484375,2025-12-02,2064.138427734375,-0.7638,0,2025-12-04,2047.452880859375,-1.566,0.0,2025-12-08,2057.4443359375,-1.0856,0.0,2025-12-15,2068.734619140625,-0.5428,0.0,0,1,1,1,1,1,-0.764,1,1.0,1.0,1.0,1.0,1.0,-1.5662,1.0,1.0,1.0,1.0,1.0,1.0,-1.0858,1.0,1.0,1.0,1.0,1.0,1.0,-0.543,1.0,70-75,70-75
BAJFINANCE.NS|2025-12-01|ensemble_lr0.20_rf0.30_xgb0.50,BAJFINANCE.NS,2025-12-01,ensemble_lr0.20_rf0.30_xgb0.50,2024-12-02,2025-12-01,2025-12-01,2024-12-30,2025-11-28,2025-12-01,229,2025-12-01,False,1,0.4275362318840579,0.7055957157669763,0.46,0.20244476199150085,0.3803415241491457,0,61.97,0.3803415241491457,0,61.97,HOLD,0.5082,0.0164,Sideways,0.165,0.0,unavailable_no_point_in_time_source,True,1014.86,1014.8613891601562,2025-12-02,1019.2345581054688,0.4309,1,2025-12-04,1022.8125,0.7835,1.0,2025-12-08,1020.1290893554688,0.5191,1.0,2025-12-15,1006.5127563476562,-0.8226,0.0,0,0,0,1,0,1,0.4311,1,0.0,0.0,1.0,0.0,1.0,0.7836,1.0,0.0,0.0,1.0,0.0,1.0,0.5192,1.0,1.0,1.0,0.0,1.0,1.0,-0.8225,1.0,60-65,60-65
ABCAPITAL.NS|2025-12-08|ensemble_lr0.20_rf0.30_xgb0.50,ABCAPITAL.NS,2025-12-08,ensemble_lr0.20_rf0.30_xgb0.50,2024-12-09,2025-12-08,2025-12-08,2025-01-06,2025-12-05,2025-12-08,229,2025-12-08,False,1,0.5652173913043478,0.524317529859508,0.3,0.3594036400318146,0.3745653259878089,0,62.54,0.3745653259878089,0,62.54,BUY,0.6266,0.2532,Bullish,1.0,0.0,unavailable_no_point_in_time_source,True,357.1,357.1000061035156,2025-12-09,364.04998779296875,1.9462,1,2025-12-11,354.45001220703125,-0.7421,0.0,2025-12-15,351.79998779296875,-1.4842,0.0,2025-12-22,346.1000061035156,-3.0804,0.0,0,0,0,1,0,1,1.9462,1,1.0,1.0,0.0,1.0,0.0,-0.7421,0.0,1.0,1.0,0.0,1.0,0.0,-1.4842,0.0,1.0,1.0,0.0,1.0,0.0,-3.0804,0.0,60-65,60-65
ABFRL.NS|2025-12-08|ensemble_lr0.20_rf0.30_xgb0.50,ABFRL.NS,2025-12-08,ensemble_lr0.20_rf0.30_xgb0.50,2024-12-09,2025-12-08,2025-12-08,2025-01-06,2025-12-05,2025-12-08,229,2025-12-08,False,0,0.3913043478260869,0.4231352139623416,0.68,0.8671245574951172,0.7221893215400269,1,72.22,0.7221893215400269,1,72.22,HOLD,0.4818,-0.0364,Bearish,-0.33,0.0,unavailable_no_point_in_time_source,True,74.58,74.58000183105469,2025-12-09,75.88999938964844,1.7565,1,2025-12-11,75.44999694824219,1.1665,1.0,2025-12-15,75.43000030517578,1.1397,1.0,2025-12-22,77.44999694824219,3.8482,1.0,0,1,1,0,0,1,1.7565,1,1.0,1.0,0.0,0.0,1.0,1.1665,1.0,1.0,1.0,0.0,0.0,1.0,1.1397,1.0,1.0,1.0,0.0,0.0,0.0,3.8482,0.0,70-75,70-75
ADANIPORTS.NS|2025-12-08|ensemble_lr0.20_rf0.30_xgb0.50,ADANIPORTS.NS,2025-12-08,ensemble_lr0.20_rf0.30_xgb0.50,2024-12-09,2025-12-08,2025-12-08,2025-01-06,2025-12-05,2025-12-08,229,2025-12-08,False,0,0.5217391304347826,0.45624442951370503,0.52,0.6745352745056152,0.5845165231555487,1,58.45,0.5845165231555487,1,58.45,BUY,0.6056,0.2112,Sideways,0.335,0.0,unavailable_no_point_in_time_source,True,1474.29,1474.2867431640625,2025-12-09,1490.91650390625,1.128,1,2025-12-11,1497.6881103515625,1.5873,1.0,2025-12-15,1506.251953125,2.1682,1.0,2025-12-22,1502.3682861328125,1.9048,1.0,0,1,1,0,0,1,1.1278,1,1.0,1.0,0.0,0.0,1.0,1.5871,1.0,1.0,1.0,0.0,0.0,1.0,2.168,1.0,1.0,1.0,0.0,0.0,1.0,1.9045,1.0,55-60,55-60
AETHER.NS|2025-12-08|ensemble_lr0.20_rf0.30_xgb0.50,AETHER.NS,2025-12-08,ensemble_lr0.20_rf0.30_xgb0.50,2024-12-09,2025-12-08,2025-12-08,2025-01-06,2025-12-05,2025-12-08,229,2025-12-08,False,0,0.5652173913043478,0.1550352263854184,0.48,0.4484090507030487,0.399211570628608,0,60.08,0.399211570628608,0,60.08,HOLD,0.4813,-0.0373,High Volatility,0.165,0.0,unavailable_no_point_in_time_source,True,815.9,815.9000244140625,2025-12-09,849.25,4.0875,1,2025-12-11,872.5,6.9371,1.0,2025-12-15,879.6500244140625,7.8135,1.0,2025-12-22,862.4000244140625,5.6992,1.0,0,0,0,0,0,0,4.0875,0,0.0,0.0,0.0,0.0,0.0,6.9371,0.0,0.0,0.0,0.0,0.0,0.0,7.8135,0.0,0.0,0.0,0.0,0.0,0.0,5.6992,0.0,60-65,60-65
APOLLOTYRE.NS|2025-12-08|ensemble_lr0.20_rf0.30_xgb0.50,APOLLOTYRE.NS,2025-12-08,ensemble_lr0.20_rf0.30_xgb0.50,2024-12-09,2025-12-08,2025-12-08,2025-01-06,2025-12-05,2025-12-08,229,2025-12-08,False,0,0.49275362318840576,0.31887561687481286,0.34,0.24290484189987183,0.2872275443248985,0,71.28,0.2872275443248985,0,71.28,HOLD,0.4988,-0.0024,Sideways,0.5,0.0,unavailable_no_point_in_time_source,True,513.81,513.8119506835938,2025-12-09,518.0086059570312,0.8168,1,2025-12-11,507.6405029296875,-1.2011,0.0,2025-12-15,500.1360168457031,-2.6617,0.0,2025-12-22,503.34515380859375,-2.0371,0.0,0,0,0,0,0,1,0.8172,1,1.0,1.0,1.0,1.0,1.0,-1.2007,1.0,1.0,1.0,1.0,1.0,1.0,-2.6613,1.0,1.0,1.0,1.0,1.0,1.0,-2.0367,1.0,70-75,70-75
ASHOKLEY.NS|2025-12-08|ensemble_lr0.20_rf0.30_xgb0.50,ASHOKLEY.NS,2025-12-08,ensemble_lr0.20_rf0.30_xgb0.50,2024-12-09,2025-12-08,2025-12-08,2025-01-06,2025-12-05,2025-12-08,229,2025-12-08,False,1,0.5797101449275361,0.28776117338625334,0.38,0.40660858154296875,0.37485652544873505,0,62.51,0.37485652544873505,0,62.51,BUY,0.6696,0.3392,Bullish,1.0,0.0,unavailable_no_point_in_time_source,True,156.61,156.60841369628906,2025-12-09,156.90338134765625,0.1883,1,2025-12-11,157.64080810546875,0.6592,1.0,2025-12-15,164.02195739746094,4.7338,1.0,2025-12-22,174.0803680419922,11.1565,1.0,0,0,0,1,0,1,0.1873,1,0.0,0.0,1.0,0.0,1.0,0.6582,1.0,0.0,0.0,1.0,0.0,1.0,4.7327,1.0,0.0,0.0,1.0,0.0,1.0,11.1553,1.0,60-65,60-65
ASTRAL.NS|2025-12-08|ensemble_lr0.20_rf0.30_xgb0.50,ASTRAL.NS,2025-12-08,ensemble_lr0.20_rf0.30_xgb0.50,2024-12-09,2025-12-08,2025-12-08,2025-01-06,2025-12-05,2025-12-08,229,2025-12-08,False,0,0.43478260869565216,0.6404198793058457,0.4,0.2956067621707916,0.39588735694656496,0,60.41,0.39588735694656496,0,60.41,HOLD,0.4315,-0.137,Sideways,-0.165,0.0,unavailable_no_point_in_time_source,True,1431.05,1431.04931640625,2025-12-09,1426.156982421875,-0.3419,0,2025-12-11,1404.490966796875,-1.8559,0.0,2025-12-15,1428.3533935546875,-0.1884,0.0,2025-12-22,1405.8887939453125,-1.7582,0.0,0,1,1,1,1,1,-0.3419,1,1.0,1.0,1.0,1.0,1.0,-1.8559,1.0,1.0,1.0,1.0,1.0,1.0,-0.1884,1.0,1.0,1.0,1.0,1.0,1.0,-1.7582,1.0,60-65,60-65
BAJAJFINSV.NS|2025-12-08|ensemble_lr0.20_rf0.30_xgb0.50,BAJAJFINSV.NS,2025-12-08,ensemble_lr0.20_rf0.30_xgb0.50,2024-12-09,2025-12-08,2025-12-08,2025-01-06,2025-12-05,2025-12-08,229,2025-12-08,False,0,0.5579710144927535,0.5097820428525772,0.42,0.36320823431015015,0.40956052572559054,0,59.04,0.40956052572559054,0,59.04,HOLD,0.4905,-0.0191,Sideways,0.165,0.0,unavailable_no_point_in_time_source,True,2057.44,2057.4443359375,2025-12-09,2067.735595703125,0.5002,1,2025-12-11,2064.038818359375,0.3205,1.0,2025-12-15,2068.734619140625,0.5488,1.0,2025-12-22,2048.052490234375,-0.4565,0.0,0,0,0,0,0,1,0.5004,1,0.0,0.0,0.0,0.0,1.0,0.3207,1.0,0.0,0.0,0.0,0.0,1.0,0.549,1.0,1.0,1.0,1.0,1.0,1.0,-0.4563,1.0,55-60,55-60
BEL.NS|2025-12-08|ensemble_lr0.20_rf0.30_xgb0.50,BEL.NS,2025-12-08,ensemble_lr0.20_rf0.30_xgb0.50,2024-12-09,2025-12-08,2025-12-08,2025-01-06,2025-12-05,2025-12-08,229,2025-12-08,False,0,0.536231884057971,0.5565230925790181,0.56,0.6903239488601685,0.6244665929458879,1,62.45,0.6244665929458879,1,62.45,HOLD,0.508,0.016,Bearish,-0.335,0.0,unavailable_no_point_in_time_source,True,384.24,384.2403869628906,2025-12-09,387.2733459472656,0.7893,1,2025-12-11,385.334228515625,0.2847,1.0,2025-12-15,388.5660400390625,1.1258,1.0,2025-12-22,396.7202453613281,3.2479,1.0,0,1,1,0,0,1,0.7894,1,1.0,1.0,0.0,0.0,1.0,0.2848,1.0,1.0,1.0,0.0,0.0,1.0,1.1259,1.0,1.0,1.0,0.0,0.0,0.0,3.248,0.0,60-65,60-65
BPCL.NS|2025-12-08|ensemble_lr0.20_rf0.30_xgb0.50,BPCL.NS,2025-12-08,ensemble_lr0.20_rf0.30_xgb0.50,2024-12-09,2025-12-08,2025-12-08,2025-01-06,2025-12-05,2025-12-08,229,2025-12-08,False,0,0.6014492753623188,0.16898757941669443,0.4,0.36223432421684265,0.3349146779917602,0,66.51,0.3349146779917602,0,66.51,HOLD,0.5005,0.0009,Sideways,0.5,0.0,unavailable_no_point_in_time_source,True,347.74,347.74066162109375,2025-12-09,345.30926513671875,-0.6992,0,2025-12-11,341.6621398925781,-1.748,0.0,2025-12-15,356.9314270019531,2.643,1.0,2025-12-22,359.7518615722656,3.4541,1.0,0,1,1,1,1,1,-0.699,1,1.0,1.0,1.0,1.0,1.0,-1.7478,1.0,0.0,0.0,0.0,0.0,1.0,2.6432,1.0,0.0,0.0,0.0,0.0,0.0,3.4543,0.0,65-70,65-70
AARTIIND.NS|2025-12-15|ensemble_lr0.20_rf0.30_xgb0.50,AARTIIND.NS,2025-12-15,ensemble_lr0.20_rf0.30_xgb0.50,2024-12-16,2025-12-15,2025-12-15,2025-01-13,2025-12-12,2025-12-15,229,2025-12-15,False,0,0.5869565217391305,0.9802590600439908,0.72,0.6846891045570374,0.7543963642873168,1,75.44,0.7543963642873168,1,75.44,HOLD,0.5325,0.0651,Sideways,-0.335,0.0,unavailable_no_point_in_time_source,True,375.55,375.5534362792969,2025-12-16,371.760986328125,-1.0098,0,2025-12-18,363.4774475097656,-3.2155,0.0,2025-12-22,374.2061462402344,-0.3587,0.0,2025-12-30,367.3697204589844,-2.1791,0.0,1,0,0,1,0,1,-1.0089,1,0.0,0.0,1.0,0.0,0.0,-3.2146,0.0,0.0,0.0,1.0,0.0,1.0,-0.3578,1.0,0.0,0.0,1.0,0.0,1.0,-2.1782,1.0,75-80,75-80
ABFRL.NS|2025-12-15|ensemble_lr0.20_rf0.30_xgb0.50,ABFRL.NS,2025-12-15,ensemble_lr0.20_rf0.30_xgb0.50,2024-12-16,2025-12-15,2025-12-15,2025-01-13,2025-12-12,2025-12-15,229,2025-12-15,False,0,0.5289855072463768,0.46529017796788485,0.62,0.7499930262565613,0.6540545487218576,1,65.41,0.6540545487218576,1,65.41,HOLD,0.473,-0.054,Bearish,-0.165,0.0,unavailable_no_point_in_time_source,True,75.43,75.43000030517578,2025-12-16,74.16000366210938,-1.6837,0,2025-12-18,75.41999816894531,-0.0133,0.0,2025-12-22,77.44999694824219,2.678,1.0,2025-12-30,76.0199966430664,0.7822,1.0,0,0,0,1,1,1,-1.6837,1,0.0,0.0,1.0,1.0,1.0,-0.0133,1.0,1.0,1.0,0.0,0.0,1.0,2.678,1.0,1.0,1.0,0.0,0.0,1.0,0.7822,1.0,65-70,65-70
ADANIENT.NS|2025-12-15|ensemble_lr0.20_rf0.30_xgb0.50,ADANIENT.NS,2025-12-15,ensemble_lr0.20_rf0.30_xgb0.50,2024-12-16,2025-12-15,2025-12-15,2025-01-13,2025-12-12,2025-12-15,229,2025-12-15,False,0,0.43478260869565216,0.4031108201051299,0.44,0.47285977005958557,0.44905204905081875,0,55.09,0.44905204905081875,0,55.09,SELL,0.3543,-0.2913,Bearish,-0.335,0.0,unavailable_no_point_in_time_source,True,2277.88,2277.88134765625,2025-12-16,2246.895263671875,-1.3603,0,2025-12-18,2228.3037109375,-2.1765,0.0,2025-12-22,2262.488525390625,-0.6758,0.0,2025-12-30,2213.710205078125,-2.8171,0.0,0,1,1,1,1,1,-1.3602,1,1.0,1.0,1.0,1.0,1.0,-2.1764,1.0,1.0,1.0,1.0,1.0,1.0,-0.6757,1.0,1.0,1.0,1.0,1.0,1.0,-2.8171,1.0,55-60,55-60
APOLLOTYRE.NS|2025-12-15|ensemble_lr0.20_rf0.30_xgb0.50,APOLLOTYRE.NS,2025-12-15,ensemble_lr0.20_rf0.30_xgb0.50,2024-12-16,2025-12-15,2025-12-15,2025-01-13,2025-12-12,2025-12-15,229,2025-12-15,False,0,0.4855072463768117,0.3862202781061563,0.4,0.3156791031360626,0.3550836071892626,0,64.49,0.3550836071892626,0,64.49,HOLD,0.4813,-0.0374,Sideways,0.335,0.0,unavailable_no_point_in_time_source,True,500.14,500.1360168457031,2025-12-16,504.5794372558594,0.8884,1,2025-12-18,489.71856689453125,-2.0829,0.0,2025-12-22,503.34515380859375,0.6417,1.0,2025-12-30,487.89178466796875,-2.4482,0.0,0,0,0,0,0,1,0.8876,1,1.0,1.0,1.0,1.0,1.0,-2.0837,1.0,0.0,0.0,0.0,0.0,1.0,0.6409,1.0,1.0,1.0,1.0,1.0,1.0,-2.449,1.0,60-65,60-65
ASIANPAINT.NS|2025-12-15|ensemble_lr0.20_rf0.30_xgb0.50,ASIANPAINT.NS,2025-12-15,ensemble_lr0.20_rf0.30_xgb0.50,2024-12-16,2025-12-15,2025-12-15,2025-01-13,2025-12-12,2025-12-15,229,2025-12-15,False,1,0.463768115942029,0.5875370672312219,0.72,0.7085577249526978,0.6877862759225932,1,68.78,0.6877862759225932,1,68.78,BUY,0.6226,0.2451,Sideways,0.5,0.0,unavailable_no_point_in_time_source,True,2756.29,2756.286376953125,2025-12-16,2766.894287109375,0.3849,1,2025-12-18,2735.962646484375,-0.7374,0.0,2025-12-22,2783.450927734375,0.9855,1.0,2025-12-30,2734.574951171875,-0.7877,0.0,1,1,1,1,1,1,0.3847,1,0.0,0.0,0.0,0.0,0.0,-0.7375,0.0,1.0,1.0,1.0,1.0,1.0,0.9854,1.0,0.0,0.0,0.0,0.0,0.0,-0.7878,0.0,65-70,65-70
ASTRAL.NS|2025-12-15|ensemble_lr0.20_rf0.30_xgb0.50,ASTRAL.NS,2025-12-15,ensemble_lr0.20_rf0.30_xgb0.50,2024-12-16,2025-12-15,2025-12-15,2025-01-13,2025-12-12,2025-12-15,229,2025-12-15,False,0,0.39855072463768115,0.4304462745032145,0.7,0.5364020466804504,0.5642902782408681,1,56.43,0.5642902782408681,1,56.43,HOLD,0.5036,0.0073,Sideways,-0.165,0.0,unavailable_no_point_in_time_source,True,1428.35,1428.3533935546875,2025-12-16,1460.602783203125,2.2578,1,2025-12-18,1405.6890869140625,-1.5867,0.0,2025-12-22,1405.8887939453125,-1.5728,0.0,2025-12-30,1358.1639404296875,-4.914,0.0,1,1,1,0,1,1,2.258,1,0.0,0.0,1.0,0.0,1.0,-1.5865,1.0,0.0,0.0,1.0,0.0,1.0,-1.5725,1.0,0.0,0.0,1.0,0.0,0.0,-4.9138,0.0,55-60,55-60
AUBANK.NS|2025-12-15|ensemble_lr0.20_rf0.30_xgb0.50,AUBANK.NS,2025-12-15,ensemble_lr0.20_rf0.30_xgb0.50,2024-12-16,2025-12-15,2025-12-15,2025-01-13,2025-12-12,2025-12-15,229,2025-12-15,False,1,0.47826086956521735,0.7705158194061327,0.58,0.6554602980613708,0.6558333129119119,1,65.58,0.6558333129119119,1,65.58,BUY,0.6893,0.3787,Bullish,0.665,0.0,unavailable_no_point_in_time_source,True,978.1,978.1001586914062,2025-12-16,979.6486206054688,0.1583,1,2025-12-18,986.6918334960938,0.8784,1.0,2025-12-22,983.4949340820312,0.5516,1.0,2025-12-30,995.4832763671875,1.7772,1.0,1,1,1,1,1,1,0.1583,1,1.0,1.0,1.0,1.0,1.0,0.8784,1.0,1.0,1.0,1.0,1.0,1.0,0.5516,1.0,1.0,1.0,1.0,1.0,1.0,1.7772,1.0,65-70,65-70
AXISBANK.NS|2025-12-15|ensemble_lr0.20_rf0.30_xgb0.50,AXISBANK.NS,2025-12-15,ensemble_lr0.20_rf0.30_xgb0.50,2024-12-16,2025-12-15,2025-12-15,2025-01-13,2025-12-12,2025-12-15,229,2025-12-15,False,0,0.4710144927536232,0.39645739611972425,0.2,0.38233378529548645,0.3304583718716881,0,66.95,0.3304583718716881,0,66.95,BUY,0.5859,0.1719,Bullish,0.665,0.0,unavailable_no_point_in_time_source,True,1283.81,1283.8099365234375,2025-12-16,1218.66015625,-5.0747,0,2025-12-18,1228.852294921875,-4.2808,0.0,2025-12-22,1232.2496337890625,-4.0162,0.0,2025-12-30,1245.039794921875,-3.0199,0.0,0,1,1,1,1,0,-5.0747,0,1.0,1.0,1.0,1.0,0.0,-4.2808,0.0,1.0,1.0,1.0,1.0,0.0,-4.0162,0.0,1.0,1.0,1.0,1.0,0.0,-3.0199,0.0,65-70,65-70
BAJAJFINSV.NS|2025-12-15|ensemble_lr0.20_rf0.30_xgb0.50,BAJAJFINSV.NS,2025-12-15,ensemble_lr0.20_rf0.30_xgb0.50,2024-12-16,2025-12-15,2025-12-15,2025-01-13,2025-12-12,2025-12-15,229,2025-12-15,False,0,0.572463768115942,0.3360069205991109,0.3,0.21683324873447418,0.2656180084870593,0,73.44,0.2656180084870593,0,73.44,HOLD,0.4954,-0.0092,Sideways,0.165,0.0,unavailable_no_point_in_time_source,True,2068.73,2068.734619140625,2025-12-16,2033.4647216796875,-1.7049,0,2025-12-18,2024.572509765625,-2.1347,0.0,2025-12-22,2048.052490234375,-0.9997,0.0,2025-12-30,2024.67236328125,-2.1299,0.0,0,1,1,1,1,1,-1.7047,1,1.0,1.0,1.0,1.0,1.0,-2.1345,1.0,1.0,1.0,1.0,1.0,1.0,-0.9995,1.0,1.0,1.0,1.0,1.0,1.0,-2.1297,1.0,70-75,70-75
BAJFINANCE.NS|2025-12-15|ensemble_lr0.20_rf0.30_xgb0.50,BAJFINANCE.NS,2025-12-15,ensemble_lr0.20_rf0.30_xgb0.50,2024-12-16,2025-12-15,2025-12-15,2025-01-13,2025-12-12,2025-12-15,229,2025-12-15,False,1,0.5434782608695653,0.5988311144871399,0.64,0.7261728644371033,0.6748526551159797,1,67.49,0.6748526551159797,1,67.49,HOLD,0.5525,0.105,Sideways,-0.165,0.0,unavailable_no_point_in_time_source,True,1006.51,1006.5127563476562,2025-12-16,992.3001708984375,-1.4121,0,2025-12-18,994.1884765625,-1.2245,0.0,2025-12-22,1001.6427001953125,-0.4839,0.0,2025-12-30,983.2556762695312,-2.3107,0.0,0,0,0,0,1,1,-1.4118,1,0.0,0.0,0.0,1.0,1.0,-1.2242,1.0,0.0,0.0,0.0,1.0,1.0,-0.4836,1.0,0.0,0.0,0.0,1.0,1.0,-2.3104,1.0,65-70,65-70
BEL.NS|2025-12-15|ensemble_lr0.20_rf0.30_xgb0.50,BEL.NS,2025-12-15,ensemble_lr0.20_rf0.30_xgb0.50,2024-12-16,2025-12-15,2025-12-15,2025-01-13,2025-12-12,2025-12-15,229,2025-12-15,False,0,0.5072463768115942,0.6887691515218614,0.68,0.5397969484329224,0.6116523045208335,1,61.17,0.6116523045208335,1,61.17,HOLD,0.4363,-0.1274,Bearish,-0.335,0.0,unavailable_no_point_in_time_source,True,388.57,388.5660400390625,2025-12-16,385.8314514160156,-0.7038,0,2025-12-18,381.306884765625,-1.8682,0.0,2025-12-22,396.7202453613281,2.0985,1.0,2025-12-30,391.1017761230469,0.6526,1.0,1,0,0,1,0,1,-0.7048,1,0.0,0.0,1.0,0.0,1.0,-1.8692,1.0,1.0,1.0,0.0,1.0,1.0,2.0975,1.0,1.0,1.0,0.0,1.0,1.0,0.6516,1.0,60-65,60-65
ADANIENT.NS|2025-12-22|ensemble_lr0.20_rf0.30_xgb0.50,ADANIENT.NS,2025-12-22,ensemble_lr0.20_rf0.30_xgb0.50,2024-12-23,2025-12-22,2025-12-22,2025-01-20,2025-12-19,2025-12-22,229,2025-12-22,False,0,0.38405797101449274,0.6384698829434893,0.76,0.6799542903900146,0.6956711217837052,1,69.57,0.6956711217837052,1,69.57,HOLD,0.468,-0.0641,Bearish,-0.335,0.0,unavailable_no_point_in_time_source,True,2262.49,2262.488525390625,2025-12-23,2247.794921875,-0.6494,0,2025-12-26,2228.9033203125,-1.4844,0.0,2025-12-30,2213.710205078125,-2.156,0.0,2026-01-06,2258.090576171875,-0.1944,0.0,1,0,0,1,0,1,-0.6495,1,0.0,0.0,1.0,0.0,1.0,-1.4845,1.0,0.0,0.0,1.0,0.0,1.0,-2.156,1.0,0.0,0.0,1.0,0.0,1.0,-0.1945,1.0,65-70,65-70
ADANIPORTS.NS|2025-12-22|ensemble_lr0.20_rf0.30_xgb0.50,ADANIPORTS.NS,2025-12-22,ensemble_lr0.20_rf0.30_xgb0.50,2024-12-23,2025-12-22,2025-12-22,2025-01-20,2025-12-19,2025-12-22,229,2025-12-22,False,0,0.5797101449275363,0.7615288649051905,0.68,0.8476662635803223,0.7801389047711993,1,78.01,0.7801389047711993,1,78.01,BUY,0.6087,0.2174,Sideways,0.335,0.0,unavailable_no_point_in_time_source,True,1502.37,1502.3682861328125,2025-12-23,1487.3316650390625,-1.0009,0,2025-12-26,1480.8590087890625,-1.4317,0.0,2025-12-30,1455.067626953125,-3.1484,0.0,2026-01-06,1467.017333984375,-2.353,0.0,1,0,0,1,0,0,-1.001,0,0.0,0.0,1.0,0.0,0.0,-1.4318,0.0,0.0,0.0,1.0,0.0,0.0,-3.1485,0.0,0.0,0.0,1.0,0.0,0.0,-2.3531,0.0,75-80,75-80
ASTRAL.NS|2025-12-22|ensemble_lr0.20_rf0.30_xgb0.50,ASTRAL.NS,2025-12-22,ensemble_lr0.20_rf0.30_xgb0.50,2024-12-23,2025-12-22,2025-12-22,2025-01-20,2025-12-19,2025-12-22,229,2025-12-22,False,0,0.40579710144927533,0.43379827546882455,0.46,0.3161258101463318,0.38282256016693084,0,61.72,0.38282256016693084,0,61.72,SELL,0.3559,-0.2882,Sideways,-0.5,0.0,unavailable_no_point_in_time_source,True,1405.89,1405.8887939453125,2025-12-23,1414.7747802734375,0.6321,1,2025-12-26,1387.8172607421875,-1.2854,0.0,2025-12-30,1358.1639404296875,-3.3946,0.0,2026-01-06,1484.864501953125,5.6175,1.0,0,0,0,0,0,0,0.632,0,1.0,1.0,1.0,1.0,1.0,-1.2855,1.0,1.0,1.0,1.0,1.0,1.0,-3.3947,1.0,0.0,0.0,0.0,0.0,0.0,5.6174,0.0,60-65,60-65
AUBANK.NS|2025-12-22|ensemble_lr0.20_rf0.30_xgb0.50,AUBANK.NS,2025-12-22,ensemble_lr0.20_rf0.30_xgb0.50,2024-12-23,2025-12-22,2025-12-22,2025-01-20,2025-12-19,2025-12-22,229,2025-12-22,False,1,0.4710144927536232,0.6328961862678661,0.24,0.4723450839519501,0.4347517792295483,0,56.52,0.4347517792295483,0,56.52,BUY,0.5946,0.1892,Bullish,0.665,0.0,unavailable_no_point_in_time_source,True,983.49,983.4949340820312,2025-12-23,979.3988647460938,-0.4165,0,2025-12-26,974.004150390625,-0.965,0.0,2025-12-30,995.4832763671875,1.219,1.0,2026-01-06,1007.7713012695312,2.4684,1.0,0,1,1,0,1,0,-0.416,0,1.0,1.0,0.0,1.0,0.0,-0.9645,0.0,0.0,0.0,1.0,0.0,1.0,1.2195,1.0,0.0,0.0,1.0,0.0,1.0,2.4689,1.0,55-60,55-60
AXISBANK.NS|2025-12-22|ensemble_lr0.20_rf0.30_xgb0.50,AXISBANK.NS,2025-12-22,ensemble_lr0.20_rf0.30_xgb0.50,2024-12-23,2025-12-22,2025-12-22,2025-01-20,2025-12-19,2025-12-22,229,2025-12-22,False,0,0.45652173913043476,0.42913254269787743,0.64,0.29009580612182617,0.42287441160048855,0,57.71,0.42287441160048855,0,57.71,HOLD,0.4374,-0.1251,Bearish,0.335,0.0,unavailable_no_point_in_time_source,True,1232.25,1232.2496337890625,2025-12-23,1224.0560302734375,-0.6649,0,2025-12-26,1227.25341796875,-0.4055,0.0,2025-12-30,1245.039794921875,1.038,1.0,2026-01-06,1292.802978515625,4.914,1.0,1,1,1,1,0,1,-0.665,1,1.0,1.0,1.0,0.0,1.0,-0.4055,1.0,0.0,0.0,0.0,1.0,1.0,1.0379,1.0,0.0,0.0,0.0,1.0,0.0,4.914,0.0,55-60,55-60
BAJAJFINSV.NS|2025-12-22|ensemble_lr0.20_rf0.30_xgb0.50,BAJAJFINSV.NS,2025-12-22,ensemble_lr0.20_rf0.30_xgb0.50,2024-12-23,2025-12-22,2025-12-22,2025-01-20,2025-12-19,2025-12-22,229,2025-12-22,False,0,0.5869565217391304,0.52956101877405,0.82,0.6124064922332764,0.6581154498714481,1,65.81,0.6581154498714481,1,65.81,HOLD,0.5194,0.0388,Sideways,-0.165,0.0,unavailable_no_point_in_time_source,True,2048.05,2048.052490234375,2025-12-23,2045.854248046875,-0.1073,0,2025-12-26,2015.8797607421875,-1.5709,0.0,2025-12-30,2024.67236328125,-1.1416,0.0,2026-01-06,2042.8568115234375,-0.2537,0.0,1,0,0,1,0,1,-0.1072,1,0.0,0.0,1.0,0.0,1.0,-1.5708,1.0,0.0,0.0,1.0,0.0,1.0,-1.1415,1.0,0.0,0.0,1.0,0.0,1.0,-0.2536,1.0,65-70,65-70
BPCL.NS|2025-12-22|ensemble_lr0.20_rf0.30_xgb0.50,BPCL.NS,2025-12-22,ensemble_lr0.20_rf0.30_xgb0.50,2024-12-23,2025-12-22,2025-12-22,2025-01-20,2025-12-19,2025-12-22,229,2025-12-22,False,0,0.5144927536231884,0.6535928560669865,0.56,0.12494837492704391,0.36119275867691925,0,63.88,0.36119275867691925,0,63.88,HOLD,0.534,0.068,Sideways,0.835,0.0,unavailable_no_point_in_time_source,True,359.75,359.7518615722656,2025-12-23,359.84912109375,0.027,1,2025-12-26,355.9588623046875,-1.0543,0.0,2025-12-30,359.3628234863281,-0.1081,0.0,2026-01-06,360.6271667480469,0.2433,1.0,1,0,0,0,1,1,0.0276,1,1.0,1.0,1.0,0.0,1.0,-1.0538,1.0,1.0,1.0,1.0,0.0,1.0,-0.1076,1.0,0.0,0.0,0.0,1.0,1.0,0.2438,1.0,60-65,60-65
AARTIIND.NS|2025-12-30|ensemble_lr0.20_rf0.30_xgb0.50,AARTIIND.NS,2025-12-30,ensemble_lr0.20_rf0.30_xgb0.50,2024-12-31,2025-12-30,2025-12-29,2025-01-27,2025-12-29,2025-12-30,229,2025-12-30,False,0,0.43478260869565216,0.37031940517559747,0.4,0.46002867817878723,0.42407822012451313,0,57.59,0.42407822012451313,0,57.59,SELL,0.3786,-0.2428,Bearish,0.0,0.0,unavailable_no_point_in_time_source,True,367.37,367.3697204589844,2025-12-31,373.158203125,1.5757,1,2026-01-02,376.2021789550781,2.4042,1.0,2026-01-06,374.305908203125,1.8881,1.0,2026-01-13,362.2798156738281,-1.3855,0.0,0,0,0,0,0,0,1.5756,0,0.0,0.0,0.0,0.0,0.0,2.4042,0.0,0.0,0.0,0.0,0.0,0.0,1.888,0.0,1.0,1.0,1.0,1.0,1.0,-1.3856,1.0,55-60,55-60
ADANIENT.NS|2025-12-30|ensemble_lr0.20_rf0.30_xgb0.50,ADANIENT.NS,2025-12-30,ensemble_lr0.20_rf0.30_xgb0.50,2024-12-31,2025-12-30,2025-12-29,2025-01-27,2025-12-29,2025-12-30,229,2025-12-30,False,0,0.4057971014492754,0.6783124581895368,0.74,0.742678701877594,0.7290018425767044,1,72.9,0.7290018425767044,1,72.9,HOLD,0.4505,-0.099,Bearish,-0.5,0.0,unavailable_no_point_in_time_source,True,2213.71,2213.710205078125,2025-12-31,2238.698974609375,1.1288,1,2026-01-02,2278.78125,2.9395,1.0,2026-01-06,2258.090576171875,2.0048,1.0,2026-01-13,2157.535400390625,-2.5376,0.0,1,1,1,0,1,1,1.1288,1,1.0,1.0,0.0,1.0,1.0,2.9395,1.0,1.0,1.0,0.0,1.0,1.0,2.0048,1.0,0.0,0.0,1.0,0.0,1.0,-2.5376,1.0,70-75,70-75
APOLLOTYRE.NS|2025-12-30|ensemble_lr0.20_rf0.30_xgb0.50,APOLLOTYRE.NS,2025-12-30,ensemble_lr0.20_rf0.30_xgb0.50,2024-12-31,2025-12-30,2025-12-29,2025-01-27,2025-12-29,2025-12-30,229,2025-12-30,False,0,0.5362318840579711,0.31043479069375185,0.34,0.3897211253643036,0.3589475208209022,0,64.11,0.3589475208209022,0,64.11,HOLD,0.4362,-0.1276,Sideways,-0.335,0.0,unavailable_no_point_in_time_source,True,487.89,487.89178466796875,2025-12-31,493.7176818847656,1.1941,1,2026-01-02,491.002197265625,0.6375,1.0,2026-01-06,512.97265625,5.1407,1.0,2026-01-13,513.9601440429688,5.3431,1.0,0,0,0,0,0,1,1.1945,1,0.0,0.0,0.0,0.0,1.0,0.6379,1.0,0.0,0.0,0.0,0.0,0.0,5.141,0.0,0.0,0.0,0.0,0.0,0.0,5.3434,0.0,60-65,60-65
ASIANPAINT.NS|2025-12-30|ensemble_lr0.20_rf0.30_xgb0.50,ASIANPAINT.NS,2025-12-30,ensemble_lr0.20_rf0.30_xgb0.50,2024-12-31,2025-12-30,2025-12-29,2025-01-27,2025-12-29,2025-12-30,229,2025-12-30,False,1,0.4710144927536232,0.7127021210523647,0.68,0.6840282678604126,0.6885545581406792,1,68.86,0.6885545581406792,1,68.86,BUY,0.5817,0.1635,Sideways,0.335,0.0,unavailable_no_point_in_time_source,True,2734.57,2734.574951171875,2025-12-31,2745.678466796875,0.406,1,2026-01-02,2748.751953125,0.5184,1.0,2026-01-06,2821.322265625,3.1722,1.0,2026-01-13,2861.473876953125,4.6405,1.0,0,1,1,1,0,1,0.4062,1,1.0,1.0,1.0,0.0,1.0,0.5186,1.0,1.0,1.0,1.0,0.0,1.0,3.1724,1.0,1.0,1.0,1.0,0.0,1.0,4.6407,1.0,65-70,65-70
ASTRAL.NS|2025-12-30|ensemble_lr0.20_rf0.30_xgb0.50,ASTRAL.NS,2025-12-30,ensemble_lr0.20_rf0.30_xgb0.50,2024-12-31,2025-12-30,2025-12-29,2025-01-27,2025-12-29,2025-12-30,229,2025-12-30,False,0,0.47826086956521735,0.30646387192489183,0.42,0.3311622142791748,0.3528738815245658,0,64.71,0.3528738815245658,0,64.71,SELL,0.361,-0.278,Sideways,-0.835,0.0,unavailable_no_point_in_time_source,True,1358.16,1358.1639404296875,2025-12-31,1386.319580078125,2.0731,1,2026-01-02,1451.11767578125,6.8441,1.0,2026-01-06,1484.864501953125,9.3288,1.0,2026-01-13,1436.2410888671875,5.7487,1.0,0,0,0,0,0,0,2.0734,0,0.0,0.0,0.0,0.0,0.0,6.8444,0.0,0.0,0.0,0.0,0.0,0.0,9.3291,0.0,0.0,0.0,0.0,0.0,0.0,5.749,0.0,60-65,60-65
AXISBANK.NS|2025-12-30|ensemble_lr0.20_rf0.30_xgb0.50,AXISBANK.NS,2025-12-30,ensemble_lr0.20_rf0.30_xgb0.50,2024-12-31,2025-12-30,2025-12-29,2025-01-27,2025-12-29,2025-12-30,229,2025-12-30,False,1,0.463768115942029,0.5785782357266384,0.6,0.7878768444061279,0.6896540693483917,1,68.97,0.6896540693483917,1,68.97,BUY,0.6156,0.2313,Sideways,0.17,0.0,unavailable_no_point_in_time_source,True,1245.04,1245.039794921875,2025-12-31,1268.4217529296875,1.878,1,2026-01-02,1265.9237060546875,1.6774,1.0,2026-01-06,1292.802978515625,3.8363,1.0,2026-01-13,1261.0274658203125,1.2841,1.0,1,1,1,1,1,1,1.878,1,1.0,1.0,1.0,1.0,1.0,1.6774,1.0,1.0,1.0,1.0,1.0,1.0,3.8363,1.0,1.0,1.0,1.0,1.0,1.0,1.2841,1.0,65-70,65-70
BAJFINANCE.NS|2025-12-30|ensemble_lr0.20_rf0.30_xgb0.50,BAJFINANCE.NS,2025-12-30,ensemble_lr0.20_rf0.30_xgb0.50,2024-12-31,2025-12-30,2025-12-29,2025-01-27,2025-12-29,2025-12-30,229,2025-12-30,False,1,0.45652173913043476,0.4023832009043534,0.24,0.42430567741394043,0.3646294788878409,0,63.54,0.3646294788878409,0,63.54,SELL,0.3989,-0.2022,Sideways,-0.335,0.0,unavailable_no_point_in_time_source,True,983.26,983.2556762695312,2025-12-31,980.77099609375,-0.2527,0,2026-01-02,984.398681640625,0.1162,1.0,2026-01-06,971.3787231445312,-1.2079,0.0,2026-01-13,943.2019653320312,-4.0736,0.0,0,1,1,0,1,1,-0.2531,1,0.0,0.0,1.0,0.0,0.0,0.1158,0.0,1.0,1.0,0.0,1.0,1.0,-1.2084,1.0,1.0,1.0,0.0,1.0,1.0,-4.074,1.0,60-65,60-65
BEL.NS|2025-12-30|ensemble_lr0.20_rf0.30_xgb0.50,BEL.NS,2025-12-30,ensemble_lr0.20_rf0.30_xgb0.50,2024-12-31,2025-12-30,2025-12-29,2025-01-27,2025-12-29,2025-12-30,229,2025-12-30,False,0,0.5217391304347826,0.41743793247647426,0.38,0.36489659547805786,0.3799358842343238,0,62.01,0.3799358842343238,0,62.01,SELL,0.3958,-0.2084,Bearish,0.0,0.0,unavailable_no_point_in_time_source,True,391.1,391.1017761230469,2025-12-31,397.3666076660156,1.6018,1,2026-01-02,400.8967590332031,2.5045,1.0,2026-01-06,410.7911682128906,5.0343,1.0,2026-01-13,411.3878173828125,5.1869,1.0,1,0,0,0,1,0,1.6023,0,0.0,0.0,0.0,1.0,0.0,2.5049,0.0,0.0,0.0,0.0,1.0,0.0,5.0348,0.0,0.0,0.0,0.0,1.0,0.0,5.1874,0.0,60-65,60-65
BPCL.NS|2025-12-30|ensemble_lr0.20_rf0.30_xgb0.50,BPCL.NS,2025-12-30,ensemble_lr0.20_rf0.30_xgb0.50,2024-12-31,2025-12-30,2025-12-29,2025-01-27,2025-12-29,2025-12-30,229,2025-12-30,False,1,0.5289855072463768,0.6353883755520584,0.38,0.22445707023143768,0.3533062102261305,0,64.67,0.3533062102261305,0,64.67,HOLD,0.5612,0.1225,Sideways,0.835,0.0,unavailable_no_point_in_time_source,True,359.36,359.3628234863281,2025-12-31,373.46502685546875,3.9242,1,2026-01-02,370.9849853515625,3.2341,1.0,2026-01-06,360.6271667480469,0.3518,1.0,2026-01-13,345.35791015625,-3.8972,0.0,0,0,0,1,0,0,3.925,0,0.0,0.0,1.0,0.0,0.0,3.2349,0.0,0.0,0.0,1.0,0.0,1.0,0.3526,1.0,1.0,1.0,0.0,1.0,0.0,-3.8964,0.0,60-65,60-65
AARTIIND.NS|2026-01-06|ensemble_lr0.20_rf0.30_xgb0.50,AARTIIND.NS,2026-01-06,ensemble_lr0.20_rf0.30_xgb0.50,2025-01-07,2026-01-06,2026-01-05,2025-02-01,2026-01-05,2026-01-06,229,2026-01-06,False,0,0.5434782608695652,0.40889552946215124,0.46,0.30473676323890686,0.3721474875118837,0,62.79,0.3721474875118837,0,62.79,HOLD,0.4541,-0.0917,Sideways,0.165,0.0,unavailable_no_point_in_time_source,True,374.31,374.305908203125,2026-01-07,375.15423583984375,0.2266,1,2026-01-09,360.9324951171875,-3.5729,0.0,2026-01-13,362.2798156738281,-3.2129,0.0,2026-01-21,339.3254699707031,-9.3454,0.0,1,0,0,0,1,1,0.2255,1,1.0,1.0,1.0,0.0,0.0,-3.5739,0.0,1.0,1.0,1.0,0.0,0.0,-3.214,0.0,1.0,1.0,1.0,0.0,0.0,-9.3464,0.0,60-65,60-65
ABCAPITAL.NS|2026-01-06|ensemble_lr0.20_rf0.30_xgb0.50,ABCAPITAL.NS,2026-01-06,ensemble_lr0.20_rf0.30_xgb0.50,2025-01-07,2026-01-06,2026-01-05,2025-02-01,2026-01-05,2026-01-06,229,2026-01-06,False,1,0.5869565217391304,0.3597382900218504,0.24,0.2716541588306427,0.27977473741969144,0,72.02,0.27977473741969144,0,72.02,BUY,0.6413,0.2826,Bullish,1.0,0.0,unavailable_no_point_in_time_source,True,360.65,360.6499938964844,2026-01-07,361.1000061035156,0.1248,1,2026-01-09,353.8500061035156,-1.8855,0.0,2026-01-13,350.8500061035156,-2.7173,0.0,2026-01-21,346.25,-3.9928,0.0,0,0,0,1,0,1,0.1248,1,1.0,1.0,0.0,1.0,0.0,-1.8855,0.0,1.0,1.0,0.0,1.0,0.0,-2.7173,0.0,1.0,1.0,0.0,1.0,0.0,-3.9928,0.0,70-75,70-75
ABFRL.NS|2026-01-06|ensemble_lr0.20_rf0.30_xgb0.50,ABFRL.NS,2026-01-06,ensemble_lr0.20_rf0.30_xgb0.50,2025-01-07,2026-01-06,2026-01-05,2025-02-01,2026-01-05,2026-01-06,229,2026-01-06,False,0,0.5,0.46759630602433727,0.48,0.25320860743522644,0.36412356492248066,0,63.59,0.36412356492248066,0,63.59,HOLD,0.4391,-0.1218,Sideways,-0.165,0.0,unavailable_no_point_in_time_source,True,77.45,77.44999694824219,2026-01-07,77.29000091552734,-0.2066,0,2026-01-09,74.54000091552734,-3.7573,0.0,2026-01-13,73.31999969482422,-5.3325,0.0,2026-01-21,64.72000122070312,-16.4364,0.0,1,1,1,1,0,1,-0.2066,1,1.0,1.0,1.0,0.0,0.0,-3.7573,0.0,1.0,1.0,1.0,0.0,0.0,-5.3325,0.0,1.0,1.0,1.0,0.0,0.0,-16.4364,0.0,60-65,60-65
ADANIPORTS.NS|2026-01-06|ensemble_lr0.20_rf0.30_xgb0.50,ADANIPORTS.NS,2026-01-06,ensemble_lr0.20_rf0.30_xgb0.50,2025-01-07,2026-01-06,2026-01-05,2025-02-01,2026-01-05,2026-01-06,229,2026-01-06,False,1,0.5507246376811593,0.4243386525154938,0.48,0.33146101236343384,0.39459823668481564,0,60.54,0.39459823668481564,0,60.54,HOLD,0.4502,-0.0996,Sideways,-0.165,0.0,unavailable_no_point_in_time_source,True,1467.02,1467.017333984375,2026-01-07,1459.1505126953125,-0.5362,0,2026-01-09,1429.8739013671875,-2.5319,0.0,2026-01-13,1422.6044921875,-3.0274,0.0,2026-01-21,1372.8143310546875,-6.4214,0.0,0,1,1,0,1,1,-0.5364,1,1.0,1.0,0.0,1.0,1.0,-2.5321,1.0,1.0,1.0,0.0,1.0,0.0,-3.0276,0.0,1.0,1.0,0.0,1.0,0.0,-6.4216,0.0,60-65,60-65
ASIANPAINT.NS|2026-01-06|ensemble_lr0.20_rf0.30_xgb0.50,ASIANPAINT.NS,2026-01-06,ensemble_lr0.20_rf0.30_xgb0.50,2025-01-07,2026-01-06,2026-01-05,2025-02-01,2026-01-05,2026-01-06,229,2026-01-06,False,1,0.48550724637681153,0.9133786034088364,0.66,0.6551042795181274,0.708227860440831,1,70.82,0.708227860440831,1,70.82,BUY,0.6749,0.3498,Sideways,0.835,0.0,unavailable_no_point_in_time_source,True,2821.32,2821.322265625,2026-01-07,2785.235107421875,-1.2791,0,2026-01-09,2801.19677734375,-0.7133,0.0,2026-01-13,2861.473876953125,1.4231,1.0,2026-01-21,2638.2109375,-6.4903,0.0,1,0,0,0,0,0,-1.279,0,0.0,0.0,0.0,0.0,0.0,-0.7133,0.0,1.0,1.0,1.0,1.0,1.0,1.4232,1.0,0.0,0.0,0.0,0.0,0.0,-6.4902,0.0,70-75,70-75
AXISBANK.NS|2026-01-06|ensemble_lr0.20_rf0.30_xgb0.50,AXISBANK.NS,2026-01-06,ensemble_lr0.20_rf0.30_xgb0.50,2025-01-07,2026-01-06,2026-01-05,2025-02-01,2026-01-05,2026-01-06,229,2026-01-06,False,1,0.4565217391304348,0.48540785752047033,0.6,0.7813971638679504,0.6677801534380693,1,66.78,0.6677801534380693,1,66.78,STRONG BUY,0.7571,0.5142,Bullish,1.0,0.0,unavailable_no_point_in_time_source,True,1292.8,1292.802978515625,2026-01-07,1294.501708984375,0.1314,1,2026-01-09,1271.019775390625,-1.685,0.0,2026-01-13,1261.0274658203125,-2.4579,0.0,2026-01-21,1283.9097900390625,-0.6879,0.0,1,1,1,1,1,1,0.1316,1,0.0,0.0,0.0,0.0,0.0,-1.6847,0.0,0.0,0.0,0.0,0.0,0.0,-2.4577,0.0,0.0,0.0,0.0,0.0,0.0,-0.6877,0.0,65-70,65-70
BAJFINANCE.NS|2026-01-06|ensemble_lr0.20_rf0.30_xgb0.50,BAJFINANCE.NS,2026-01-06,ensemble_lr0.20_rf0.30_xgb0.50,2025-01-07,2026-01-06,2026-01-05,2025-02-01,2026-01-05,2026-01-06,229,2026-01-06,False,1,0.4565217391304348,0.41963922808864684,0.38,0.8111469745635986,0.6035013328995287,1,60.35,0.6035013328995287,1,60.35,HOLD,0.5122,0.0245,Sideways,-0.335,0.0,unavailable_no_point_in_time_source,True,971.38,971.3787231445312,2026-01-07,962.8809814453125,-0.8748,0,2026-01-09,953.7371215820312,-1.8161,0.0,2026-01-13,943.2019653320312,-2.9007,0.0,2026-01-21,930.5298461914062,-4.2052,0.0,0,0,0,0,1,1,-0.8749,1,0.0,0.0,0.0,1.0,1.0,-1.8163,1.0,0.0,0.0,0.0,1.0,1.0,-2.9008,1.0,0.0,0.0,0.0,1.0,0.0,-4.2054,0.0,60-65,60-65
BEL.NS|2026-01-06|ensemble_lr0.20_rf0.30_xgb0.50,BEL.NS,2026-01-06,ensemble_lr0.20_rf0.30_xgb0.50,2025-01-07,2026-01-06,2026-01-05,2025-02-01,2026-01-05,2026-01-06,229,2026-01-06,False,0,0.5362318840579711,0.4586360432623585,0.44,0.4212194085121155,0.43433691290852944,0,56.57,0.43433691290852944,0,56.57,HOLD,0.5241,0.0482,Bullish,0.335,0.0,unavailable_no_point_in_time_source,True,410.79,410.7911682128906,2026-01-07,413.3268737792969,0.6173,1,2026-01-09,416.31011962890625,1.3435,1.0,2026-01-13,411.3878173828125,0.1452,1.0,2026-01-21,400.3995361328125,-2.5297,0.0,0,0,0,0,0,1,0.6176,1,0.0,0.0,0.0,0.0,1.0,1.3438,1.0,0.0,0.0,0.0,0.0,1.0,0.1455,1.0,1.0,1.0,1.0,1.0,1.0,-2.5294,1.0,55-60,55-60
ABCAPITAL.NS|2026-01-13|ensemble_lr0.20_rf0.30_xgb0.50,ABCAPITAL.NS,2026-01-13,ensemble_lr0.20_rf0.30_xgb0.50,2025-01-14,2026-01-13,2026-01-12,2025-02-07,2026-01-12,2026-01-13,229,2026-01-13,False,1,0.5289855072463768,0.42247042900549636,0.58,0.6275602579116821,0.5722742147569404,1,57.23,0.5722742147569404,1,57.23,HOLD,0.5709,0.1418,Sideways,0.165,0.0,unavailable_no_point_in_time_source,True,350.85,350.8500061035156,2026-01-14,358.6000061035156,2.2089,1,2026-01-19,361.1000061035156,2.9215,1.0,2026-01-21,346.25,-1.3111,0.0,2026-01-29,344.29998779296875,-1.8669,0.0,0,1,1,1,0,1,2.2089,1,1.0,1.0,1.0,0.0,1.0,2.9215,1.0,0.0,0.0,0.0,1.0,1.0,-1.3111,1.0,0.0,0.0,0.0,1.0,1.0,-1.8669,1.0,55-60,55-60
ABFRL.NS|2026-01-13|ensemble_lr0.20_rf0.30_xgb0.50,ABFRL.NS,2026-01-13,ensemble_lr0.20_rf0.30_xgb0.50,2025-01-14,2026-01-13,2026-01-12,2025-02-07,2026-01-12,2026-01-13,229,2026-01-13,False,0,0.5217391304347826,0.5215380338972452,0.46,0.6723828911781311,0.5784990523685146,1,57.85,0.5784990523685146,1,57.85,HOLD,0.4741,-0.0518,High Volatility,-0.665,0.0,unavailable_no_point_in_time_source,True,73.32,73.31999969482422,2026-01-14,72.80000305175781,-0.7092,0,2026-01-19,71.88999938964844,-1.9504,0.0,2026-01-21,64.72000122070312,-11.7294,0.0,2026-01-29,64.31999969482422,-12.275,0.0,0,0,0,1,1,1,-0.7092,1,0.0,0.0,1.0,1.0,1.0,-1.9504,1.0,0.0,0.0,1.0,1.0,0.0,-11.7294,0.0,0.0,0.0,1.0,1.0,0.0,-12.275,0.0,55-60,55-60
ASHOKLEY.NS|2026-01-13|ensemble_lr0.20_rf0.30_xgb0.50,ASHOKLEY.NS,2026-01-13,ensemble_lr0.20_rf0.30_xgb0.50,2025-01-14,2026-01-13,2026-01-12,2025-02-07,2026-01-12,2026-01-13,229,2026-01-13,False,1,0.47826086956521746,0.7618763923254438,0.26,0.3513893485069275,0.4060699527185525,0,59.39,0.4060699527185525,0,59.39,BUY,0.6186,0.2372,Bullish,0.665,0.0,unavailable_no_point_in_time_source,True,182.59,182.5852813720703,2026-01-14,183.7553253173828,0.6408,1,2026-01-19,184.8270263671875,1.2278,1.0,2026-01-21,178.20008850097656,-2.4017,0.0,2026-01-29,190.8050537109375,4.5019,1.0,0,0,0,1,0,1,0.6382,1,0.0,0.0,1.0,0.0,1.0,1.2252,1.0,1.0,1.0,0.0,1.0,0.0,-2.4042,0.0,0.0,0.0,1.0,0.0,1.0,4.4992,1.0,55-60,55-60
AUBANK.NS|2026-01-13|ensemble_lr0.20_rf0.30_xgb0.50,AUBANK.NS,2026-01-13,ensemble_lr0.20_rf0.30_xgb0.50,2025-01-14,2026-01-13,2026-01-12,2025-02-07,2026-01-12,2026-01-13,229,2026-01-13,False,1,0.5072463768115942,0.19174497710855198,0.26,0.29501476883888245,0.2638563798411516,0,73.61,0.2638563798411516,0,73.61,HOLD,0.5102,0.0205,Sideways,0.5,0.0,unavailable_no_point_in_time_source,True,971.01,971.0070190429688,2026-01-14,975.4027099609375,0.4527,1,2026-01-19,1019.95947265625,5.0414,1.0,2026-01-21,993.934814453125,2.3612,1.0,2026-01-29,986.9415893554688,1.641,1.0,0,0,0,1,0,1,0.4524,1,0.0,0.0,1.0,0.0,0.0,5.0411,0.0,0.0,0.0,1.0,0.0,1.0,2.3609,1.0,0.0,0.0,1.0,0.0,1.0,1.6407,1.0,70-75,70-75
BAJAJFINSV.NS|2026-01-13|ensemble_lr0.20_rf0.30_xgb0.50,BAJAJFINSV.NS,2026-01-13,ensemble_lr0.20_rf0.30_xgb0.50,2025-01-14,2026-01-13,2026-01-12,2025-02-07,2026-01-12,2026-01-13,229,2026-01-13,False,0,0.5507246376811595,0.6110908284765001,0.7,0.8131750226020813,0.7388056769963407,1,73.88,0.7388056769963407,1,73.88,HOLD,0.5035,0.007,Sideways,-0.165,0.0,unavailable_no_point_in_time_source,True,2009.49,2009.4852294921875,2026-01-14,1999.194091796875,-0.5121,0,2026-01-19,2016.0797119140625,0.3282,1.0,2026-01-21,1958.22900390625,-2.5507,0.0,2026-01-29,1946.4390869140625,-3.1374,0.0,1,0,0,1,0,1,-0.5124,1,1.0,1.0,0.0,1.0,1.0,0.3279,1.0,0.0,0.0,1.0,0.0,1.0,-2.5509,1.0,0.0,0.0,1.0,0.0,0.0,-3.1377,0.0,70-75,70-75
BEL.NS|2026-01-13|ensemble_lr0.20_rf0.30_xgb0.50,BEL.NS,2026-01-13,ensemble_lr0.20_rf0.30_xgb0.50,2025-01-14,2026-01-13,2026-01-12,2025-02-07,2026-01-12,2026-01-13,229,2026-01-13,False,0,0.5652173913043478,0.3811259619135229,0.32,0.18468567728996277,0.264568031027686,0,73.54,0.264568031027686,0,73.54,HOLD,0.5504,0.1008,Bullish,0.165,0.0,unavailable_no_point_in_time_source,True,411.39,411.3878173828125,2026-01-14,415.2660217285156,0.9427,1,2026-01-19,410.4927978515625,-0.2176,0.0,2026-01-21,400.3995361328125,-2.671,0.0,2026-01-29,442.0156555175781,7.445,1.0,0,0,0,0,0,1,0.9422,1,1.0,1.0,1.0,1.0,1.0,-0.2181,1.0,1.0,1.0,1.0,1.0,1.0,-2.6715,1.0,0.0,0.0,0.0,0.0,0.0,7.4444,0.0,70-75,70-75
BPCL.NS|2026-01-13|ensemble_lr0.20_rf0.30_xgb0.50,BPCL.NS,2026-01-13,ensemble_lr0.20_rf0.30_xgb0.50,2025-01-14,2026-01-13,2026-01-12,2025-02-07,2026-01-12,2026-01-13,229,2026-01-13,False,0,0.44927536231884063,0.5075178853341021,0.44,0.6475640535354614,0.5572856038345512,1,55.73,0.5572856038345512,1,55.73,HOLD,0.5183,0.0365,Bearish,0.0,0.0,unavailable_no_point_in_time_source,True,345.36,345.35791015625,2026-01-14,347.1084899902344,0.5069,1,2026-01-19,351.33917236328125,1.7319,1.0,2026-01-21,342.2943115234375,-0.8871,0.0,2026-01-29,356.8828125,3.3371,1.0,0,1,1,0,0,1,0.5063,1,1.0,1.0,0.0,0.0,1.0,1.7313,1.0,0.0,0.0,1.0,1.0,1.0,-0.8877,1.0,1.0,1.0,0.0,0.0,0.0,3.3365,0.0,55-60,55-60
ABCAPITAL.NS|2026-01-21|ensemble_lr0.20_rf0.30_xgb0.50,ABCAPITAL.NS,2026-01-21,ensemble_lr0.20_rf0.30_xgb0.50,2025-01-22,2026-01-21,2026-01-19,2025-02-17,2026-01-20,2026-01-21,229,2026-01-21,False,1,0.536231884057971,0.5656789571273214,0.44,0.7755162715911865,0.6328939272210575,1,63.29,0.6328939272210575,1,63.29,HOLD,0.5458,0.0916,Bearish,0.165,0.0,unavailable_no_point_in_time_source,True,346.25,346.25,2026-01-22,354.5,2.3827,1,2026-01-27,348.8999938964844,0.7653,1.0,2026-01-29,344.29998779296875,-0.5632,0.0,2026-02-05,344.6499938964844,-0.4621,0.0,0,1,1,1,0,1,2.3827,1,1.0,1.0,1.0,0.0,1.0,0.7653,1.0,0.0,0.0,0.0,1.0,1.0,-0.5632,1.0,0.0,0.0,0.0,1.0,1.0,-0.4621,1.0,60-65,60-65
ADANIPORTS.NS|2026-01-21|ensemble_lr0.20_rf0.30_xgb0.50,ADANIPORTS.NS,2026-01-21,ensemble_lr0.20_rf0.30_xgb0.50,2025-01-22,2026-01-21,2026-01-19,2025-02-17,2026-01-20,2026-01-21,229,2026-01-21,False,0,0.5434782608695651,0.5582627390633192,0.62,0.535413920879364,0.5653595082523459,1,56.54,0.5653595082523459,1,56.54,HOLD,0.4635,-0.0729,Bearish,-0.5,0.0,unavailable_no_point_in_time_source,True,1372.81,1372.8143310546875,2026-01-22,1408.264892578125,2.5823,1,2026-01-27,1358.176025390625,-1.0663,0.0,2026-01-29,1411.849853515625,2.8435,1.0,2026-02-05,1563.6102294921875,13.8982,1.0,1,1,1,0,1,1,2.5827,1,0.0,0.0,1.0,0.0,1.0,-1.066,1.0,1.0,1.0,0.0,1.0,1.0,2.8438,1.0,1.0,1.0,0.0,1.0,0.0,13.8985,0.0,55-60,55-60
ANGELONE.NS|2026-01-21|ensemble_lr0.20_rf0.30_xgb0.50,ANGELONE.NS,2026-01-21,ensemble_lr0.20_rf0.30_xgb0.50,2025-01-22,2026-01-21,2026-01-19,2025-02-17,2026-01-20,2026-01-21,229,2026-01-21,False,1,0.4420289855072464,0.4400087031197142,0.44,0.20240771770477295,0.3212055994763293,0,67.88,0.3212055994763293,0,67.88,HOLD,0.4697,-0.0605,High Volatility,0.33,0.0,unavailable_no_point_in_time_source,True,250.58,250.5816192626953,2026-01-22,254.015869140625,1.3705,1,2026-01-27,251.6900634765625,0.4423,1.0,2026-01-29,256.17340087890625,2.2315,1.0,2026-02-05,261.77508544921875,4.467,1.0,0,0,0,1,0,1,1.3712,1,0.0,0.0,1.0,0.0,1.0,0.443,1.0,0.0,0.0,1.0,0.0,1.0,2.2322,1.0,0.0,0.0,1.0,0.0,0.0,4.4677,0.0,65-70,65-70
ASHOKLEY.NS|2026-01-21|ensemble_lr0.20_rf0.30_xgb0.50,ASHOKLEY.NS,2026-01-21,ensemble_lr0.20_rf0.30_xgb0.50,2025-01-22,2026-01-21,2026-01-19,2025-02-17,2026-01-20,2026-01-21,229,2026-01-21,False,1,0.45652173913043476,0.797522314900228,0.8,0.8899155855178833,0.8444622557389873,1,84.45,0.8444622557389873,1,84.45,BUY,0.6331,0.2661,Sideways,0.5,0.0,unavailable_no_point_in_time_source,True,178.2,178.20008850097656,2026-01-22,187.0884552001953,4.9879,1,2026-01-27,189.76283264160156,6.4886,1.0,2026-01-29,190.8050537109375,7.0735,1.0,2026-02-05,198.12026977539062,11.1785,1.0,1,1,1,1,1,1,4.9879,1,1.0,1.0,1.0,1.0,1.0,6.4887,1.0,1.0,1.0,1.0,1.0,1.0,7.0735,1.0,1.0,1.0,1.0,1.0,1.0,11.1786,1.0,80-85,80-85
ASIANPAINT.NS|2026-01-21|ensemble_lr0.20_rf0.30_xgb0.50,ASIANPAINT.NS,2026-01-21,ensemble_lr0.20_rf0.30_xgb0.50,2025-01-22,2026-01-21,2026-01-19,2025-02-17,2026-01-20,2026-01-21,229,2026-01-21,False,1,0.4927536231884058,0.3338787043903952,0.3,0.5045756101608276,0.40906354595849287,0,59.09,0.40906354595849287,0,59.09,HOLD,0.4379,-0.1241,Sideways,-0.335,0.0,unavailable_no_point_in_time_source,True,2638.21,2638.2109375,2026-01-22,2680.543701171875,1.6046,1,2026-01-27,2600.240478515625,-1.4393,0.0,2026-01-29,2395.218994140625,-9.2105,0.0,2026-02-05,2411.1806640625,-8.6055,0.0,0,0,0,1,0,1,1.6046,1,1.0,1.0,0.0,1.0,1.0,-1.4392,1.0,1.0,1.0,0.0,1.0,0.0,-9.2104,0.0,1.0,1.0,0.0,1.0,0.0,-8.6054,0.0,55-60,55-60
AUBANK.NS|2026-01-21|ensemble_lr0.20_rf0.30_xgb0.50,AUBANK.NS,2026-01-21,ensemble_lr0.20_rf0.30_xgb0.50,2025-01-22,2026-01-21,2026-01-19,2025-02-17,2026-01-20,2026-01-21,229,2026-01-21,False,1,0.5507246376811595,0.49081500657911514,0.3,0.2775367200374603,0.3269313613345532,0,67.31,0.3269313613345532,0,67.31,HOLD,0.5679,0.1359,Bullish,0.5,0.0,unavailable_no_point_in_time_source,True,993.93,993.934814453125,2026-01-22,999.5792846679688,0.5679,1,2026-01-27,962.6151733398438,-3.1511,0.0,2026-01-29,986.9415893554688,-0.7036,0.0,2026-02-05,985.0433959960938,-0.8946,0.0,0,0,0,1,0,1,0.5684,1,1.0,1.0,0.0,1.0,0.0,-3.1506,0.0,1.0,1.0,0.0,1.0,1.0,-0.7031,1.0,1.0,1.0,0.0,1.0,1.0,-0.8941,1.0,65-70,65-70
BAJAJFINSV.NS|2026-01-21|ensemble_lr0.20_rf0.30_xgb0.50,BAJAJFINSV.NS,2026-01-21,ensemble_lr0.20_rf0.30_xgb0.50,2025-01-22,2026-01-21,2026-01-19,2025-02-17,2026-01-20,2026-01-21,229,2026-01-21,False,0,0.5434782608695653,0.699936007043956,0.56,0.7614993453025818,0.6887368740600821,1,68.87,0.6887368740600821,1,68.87,HOLD,0.4954,-0.0093,Sideways,-0.5,0.0,unavailable_no_point_in_time_source,True,1958.23,1958.22900390625,2026-01-22,1991.400634765625,1.694,1,2026-01-27,1916.06494140625,-2.1532,0.0,2026-01-29,1946.4390869140625,-0.6021,0.0,2026-02-05,1998.394775390625,2.0511,1.0,1,1,1,0,1,1,1.6939,1,0.0,0.0,1.0,0.0,1.0,-2.1532,1.0,0.0,0.0,1.0,0.0,1.0,-0.6021,1.0,1.0,1.0,0.0,1.0,1.0,2.0511,1.0,65-70,65-70
BAJFINANCE.NS|2026-01-21|ensemble_lr0.20_rf0.30_xgb0.50,BAJFINANCE.NS,2026-01-21,ensemble_lr0.20_rf0.30_xgb0.50,2025-01-22,2026-01-21,2026-01-19,2025-02-17,2026-01-20,2026-01-21,229,2026-01-21,False,1,0.39855072463768115,0.38743417469021046,0.58,0.6476627588272095,0.5753182143516469,1,57.53,0.5753182143516469,1,57.53,HOLD,0.4414,-0.1172,Bearish,-0.5,0.0,unavailable_no_point_in_time_source,True,930.53,930.5298461914062,2026-01-22,937.0894775390625,0.7049,1,2026-01-27,909.1115112304688,-2.3017,0.0,2026-01-29,929.4365844726562,-0.1175,0.0,2026-02-05,958.855712890625,3.0441,1.0,1,1,1,1,1,1,0.7049,1,0.0,0.0,0.0,0.0,1.0,-2.3018,1.0,0.0,0.0,0.0,0.0,1.0,-0.1175,1.0,1.0,1.0,1.0,1.0,0.0,3.044,0.0,55-60,55-60
BPCL.NS|2026-01-21|ensemble_lr0.20_rf0.30_xgb0.50,BPCL.NS,2026-01-21,ensemble_lr0.20_rf0.30_xgb0.50,2025-01-22,2026-01-21,2026-01-19,2025-02-17,2026-01-20,2026-01-21,229,2026-01-21,False,0,0.4275362318840579,0.3102748383993471,0.58,0.3948494493961334,0.43347969237793615,0,56.65,0.43347969237793615,0,56.65,HOLD,0.4388,-0.1224,Sideways,-0.335,0.0,unavailable_no_point_in_time_source,True,342.29,342.2943115234375,2026-01-22,344.4339599609375,0.6251,1,2026-01-27,347.59478759765625,1.5485,1.0,2026-01-29,356.8828125,4.262,1.0,2026-02-05,382.04998779296875,11.6145,1.0,0,0,0,0,0,1,0.6264,1,0.0,0.0,0.0,0.0,1.0,1.5498,1.0,0.0,0.0,0.0,0.0,0.0,4.2633,0.0,0.0,0.0,0.0,0.0,0.0,11.6159,0.0,55-60,55-60
ABCAPITAL.NS|2026-01-29|ensemble_lr0.20_rf0.30_xgb0.50,ABCAPITAL.NS,2026-01-29,ensemble_lr0.20_rf0.30_xgb0.50,2025-01-30,2026-01-29,2026-01-26,2025-02-25,2026-01-28,2026-01-29,228,2026-01-29,False,1,0.5652173913043478,0.42612629769256155,0.56,0.7429566383361816,0.6247035787066031,1,62.47,0.6247035787066031,1,62.47,HOLD,0.5455,0.091,Bearish,0.165,0.0,unavailable_no_point_in_time_source,True,344.3,344.29998779296875,2026-01-30,339.79998779296875,-1.307,0,2026-02-03,345.45001220703125,0.334,1.0,2026-02-05,344.6499938964844,0.1017,1.0,2026-02-12,344.6499938964844,0.1017,1.0,0,0,0,0,1,1,-1.307,1,1.0,1.0,1.0,0.0,1.0,0.334,1.0,1.0,1.0,1.0,0.0,1.0,0.1017,1.0,1.0,1.0,1.0,0.0,1.0,0.1017,1.0,60-65,60-65
ABFRL.NS|2026-01-29|ensemble_lr0.20_rf0.30_xgb0.50,ABFRL.NS,2026-01-29,ensemble_lr0.20_rf0.30_xgb0.50,2025-01-30,2026-01-29,2026-01-26,2025-02-25,2026-01-28,2026-01-29,228,2026-01-29,False,0,0.4057971014492754,0.25330134097733414,0.5,0.365653395652771,0.38348696602185234,0,61.65,0.38348696602185234,0,61.65,SELL,0.3323,-0.3354,High Volatility,-0.665,0.0,unavailable_no_point_in_time_source,True,64.32,64.31999969482422,2026-01-30,66.41000366210938,3.2494,1,2026-02-03,65.73999786376953,2.2077,1.0,2026-02-05,70.88999938964844,10.2146,1.0,2026-02-12,70.04000091552734,8.893,1.0,0,0,0,0,0,0,3.2494,0,0.0,0.0,0.0,0.0,0.0,2.2077,0.0,0.0,0.0,0.0,0.0,0.0,10.2146,0.0,0.0,0.0,0.0,0.0,0.0,8.893,0.0,60-65,60-65
ADANIENT.NS|2026-01-29|ensemble_lr0.20_rf0.30_xgb0.50,ADANIENT.NS,2026-01-29,ensemble_lr0.20_rf0.30_xgb0.50,2025-01-30,2026-01-29,2026-01-26,2025-02-25,2026-01-28,2026-01-29,228,2026-01-29,False,0,0.47826086956521746,0.6896221497083291,0.92,0.8548586368560791,0.8413537483697054,1,84.14,0.8413537483697054,1,84.14,HOLD,0.4354,-0.1291,High Volatility,-1.0,0.0,unavailable_no_point_in_time_source,True,2018.3,2018.2974853515625,2026-01-30,2019.4970703125,0.0594,1,2026-02-03,2201.61572265625,9.0828,1.0,2026-02-05,2235.6005859375,10.7667,1.0,2026-02-12,2210.8115234375,9.5384,1.0,1,1,1,0,1,1,0.0593,1,1.0,1.0,0.0,1.0,0.0,9.0827,0.0,1.0,1.0,0.0,1.0,0.0,10.7665,0.0,1.0,1.0,0.0,1.0,0.0,9.5383,0.0,80-85,80-85
ADANIPORTS.NS|2026-01-29|ensemble_lr0.20_rf0.30_xgb0.50,ADANIPORTS.NS,2026-01-29,ensemble_lr0.20_rf0.30_xgb0.50,2025-01-30,2026-01-29,2026-01-26,2025-02-25,2026-01-28,2026-01-29,228,2026-01-29,False,1,0.572463768115942,0.6345112532978633,0.84,0.920426607131958,0.8391155542255517,1,83.91,0.8391155542255517,1,83.91,HOLD,0.4955,-0.009,Bearish,-0.335,0.0,unavailable_no_point_in_time_source,True,1411.85,1411.849853515625,2026-01-30,1413.8414306640625,0.1411,1,2026-02-03,1524.3756103515625,7.9701,1.0,2026-02-05,1563.6102294921875,10.749,1.0,2026-02-12,1537.221435546875,8.88,1.0,1,1,1,1,1,1,0.1411,1,1.0,1.0,1.0,1.0,0.0,7.9701,0.0,1.0,1.0,1.0,1.0,0.0,10.749,0.0,1.0,1.0,1.0,1.0,0.0,8.8799,0.0,80-85,80-85
APOLLOTYRE.NS|2026-01-29|ensemble_lr0.20_rf0.30_xgb0.50,APOLLOTYRE.NS,2026-01-29,ensemble_lr0.20_rf0.30_xgb0.50,2025-01-30,2026-01-29,2026-01-26,2025-02-25,2026-01-28,2026-01-29,228,2026-01-29,False,0,0.463768115942029,0.4997076876432772,0.58,0.7890705466270447,0.6684768108421778,1,66.85,0.6684768108421778,1,66.85,HOLD,0.5198,0.0395,Sideways,-0.165,0.0,unavailable_no_point_in_time_source,True,485.57,485.5713195800781,2026-01-30,485.96630859375,0.0813,1,2026-02-03,498.55609130859375,2.6741,1.0,2026-02-05,501.4690246582031,3.274,1.0,2026-02-12,495.9139404296875,2.13,1.0,0,1,1,0,0,1,0.0816,1,1.0,1.0,0.0,0.0,1.0,2.6744,1.0,1.0,1.0,0.0,0.0,0.0,3.2743,0.0,1.0,1.0,0.0,0.0,1.0,2.1303,1.0,65-70,65-70
AUBANK.NS|2026-01-29|ensemble_lr0.20_rf0.30_xgb0.50,AUBANK.NS,2026-01-29,ensemble_lr0.20_rf0.30_xgb0.50,2025-01-30,2026-01-29,2026-01-26,2025-02-25,2026-01-28,2026-01-29,228,2026-01-29,False,1,0.5434782608695652,0.29476535889922617,0.54,0.421144962310791,0.43152555293524075,0,56.85,0.43152555293524075,0,56.85,BUY,0.5839,0.1677,Bullish,0.5,0.0,unavailable_no_point_in_time_source,True,986.94,986.9415893554688,2026-01-30,981.3969116210938,-0.5618,0,2026-02-03,981.3469848632812,-0.5669,0.0,2026-02-05,985.0433959960938,-0.1923,0.0,2026-02-12,999.6292114257812,1.2855,1.0,1,1,1,0,0,0,-0.5616,0,1.0,1.0,0.0,0.0,0.0,-0.5667,0.0,1.0,1.0,0.0,0.0,0.0,-0.1922,0.0,0.0,0.0,1.0,1.0,1.0,1.2857,1.0,55-60,55-60
BAJAJFINSV.NS|2026-01-29|ensemble_lr0.20_rf0.30_xgb0.50,BAJAJFINSV.NS,2026-01-29,ensemble_lr0.20_rf0.30_xgb0.50,2025-01-30,2026-01-29,2026-01-26,2025-02-25,2026-01-28,2026-01-29,228,2026-01-29,False,0,0.5579710144927535,0.6316762846533471,0.66,0.8254327178001404,0.7370516158307396,1,73.71,0.7370516158307396,1,73.71,HOLD,0.497,-0.0059,Sideways,-0.5,0.0,unavailable_no_point_in_time_source,True,1946.44,1946.4390869140625,2026-01-30,1950.9351806640625,0.231,1,2026-02-03,2010.9840087890625,3.3161,1.0,2026-02-05,1998.394775390625,2.6693,1.0,2026-02-12,2035.3631591796875,4.5686,1.0,1,1,1,0,1,1,0.2309,1,1.0,1.0,0.0,1.0,0.0,3.316,0.0,1.0,1.0,0.0,1.0,1.0,2.6692,1.0,1.0,1.0,0.0,1.0,0.0,4.5685,0.0,70-75,70-75
BAJFINANCE.NS|2026-01-29|ensemble_lr0.20_rf0.30_xgb0.50,BAJFINANCE.NS,2026-01-29,ensemble_lr0.20_rf0.30_xgb0.50,2025-01-30,2026-01-29,2026-01-26,2025-02-25,2026-01-28,2026-01-29,228,2026-01-29,False,1,0.4057971014492754,0.5718973430063765,0.32,0.30337175726890564,0.36206534723572814,0,63.79,0.36206534723572814,0,63.79,SELL,0.3225,-0.3549,Bearish,-0.335,0.0,unavailable_no_point_in_time_source,True,929.44,929.4365844726562,2026-01-30,924.1688842773438,-0.5668,0,2026-02-03,958.5078735351562,3.1278,1.0,2026-02-05,958.855712890625,3.1653,1.0,2026-02-12,992.995849609375,6.8385,1.0,0,1,1,0,1,1,-0.5671,1,0.0,0.0,1.0,0.0,0.0,3.1275,0.0,0.0,0.0,1.0,0.0,0.0,3.1649,0.0,0.0,0.0,1.0,0.0,0.0,6.8381,0.0,60-65,60-65
BEL.NS|2026-01-29|ensemble_lr0.20_rf0.30_xgb0.50,BEL.NS,2026-01-29,ensemble_lr0.20_rf0.30_xgb0.50,2025-01-30,2026-01-29,2026-01-26,2025-02-25,2026-01-28,2026-01-29,228,2026-01-29,False,0,0.5869565217391305,0.7154669542505637,0.46,0.6725072264671326,0.617347004083679,1,61.73,0.617347004083679,1,61.73,BUY,0.6927,0.3855,Sideways,0.665,0.0,unavailable_no_point_in_time_source,True,442.02,442.0156555175781,2026-01-30,446.4905090332031,1.0124,1,2026-02-03,436.4966735839844,-1.2486,0.0,2026-02-05,430.48046875,-2.6097,0.0,2026-02-12,441.4189758300781,-0.135,0.0,0,1,1,0,0,1,1.0114,1,0.0,0.0,1.0,1.0,0.0,-1.2496,0.0,0.0,0.0,1.0,1.0,0.0,-2.6106,0.0,0.0,0.0,1.0,1.0,0.0,-0.136,0.0,60-65,60-65
BPCL.NS|2026-01-29|ensemble_lr0.20_rf0.30_xgb0.50,BPCL.NS,2026-01-29,ensemble_lr0.20_rf0.30_xgb0.50,2025-01-30,2026-01-29,2026-01-26,2025-02-25,2026-01-28,2026-01-29,228,2026-01-29,False,0,0.4420289855072464,0.6175191574479939,0.82,0.5985638499259949,0.6687857564525962,1,66.88,0.6687857564525962,1,66.88,BUY,0.6633,0.3266,Sideways,0.165,0.0,unavailable_no_point_in_time_source,True,356.88,356.8828125,2026-01-30,354.5,-0.6677,0,2026-02-03,373.45001220703125,4.6422,1.0,2026-02-05,382.04998779296875,7.0519,1.0,2026-02-12,377.70001220703125,5.8331,1.0,1,0,0,1,0,0,-0.6669,0,1.0,1.0,0.0,1.0,1.0,4.643,1.0,1.0,1.0,0.0,1.0,1.0,7.0528,1.0,1.0,1.0,0.0,1.0,1.0,5.8339,1.0,65-70,65-70
ABFRL.NS|2026-02-05|ensemble_lr0.20_rf0.30_xgb0.50,ABFRL.NS,2026-02-05,ensemble_lr0.20_rf0.30_xgb0.50,2025-02-06,2026-02-05,2026-02-02,2025-03-06,2026-02-04,2026-02-05,227,2026-02-05,False,0,0.4492753623188406,0.35024197108713934,0.62,0.6031618714332581,0.5576293299340569,1,55.76,0.5576293299340569,1,55.76,HOLD,0.5409,0.0818,High Volatility,-0.165,0.0,unavailable_no_point_in_time_source,True,70.89,70.88999938964844,2026-02-06,68.81999969482422,-2.92,0,2026-02-10,72.98999786376953,2.9623,1.0,2026-02-12,70.04000091552734,-1.199,0.0,2026-02-19,70.08000183105469,-1.1426,0.0,1,0,0,1,0,1,-2.92,1,1.0,1.0,0.0,1.0,1.0,2.9623,1.0,0.0,0.0,1.0,0.0,1.0,-1.199,1.0,0.0,0.0,1.0,0.0,1.0,-1.1426,1.0,55-60,55-60
ADANIENT.NS|2026-02-05|ensemble_lr0.20_rf0.30_xgb0.50,ADANIENT.NS,2026-02-05,ensemble_lr0.20_rf0.30_xgb0.50,2025-02-06,2026-02-05,2026-02-02,2025-03-06,2026-02-04,2026-02-05,227,2026-02-05,False,0,0.5,0.25502610570157525,0.66,0.6741253137588501,0.5860678780197401,1,58.61,0.5860678780197401,1,58.61,HOLD,0.5141,0.0283,High Volatility,-0.335,0.0,unavailable_no_point_in_time_source,True,2235.6,2235.6005859375,2026-02-06,2225.40478515625,-0.4561,0,2026-02-10,2227.404052734375,-0.3666,0.0,2026-02-12,2210.8115234375,-1.1088,0.0,2026-02-19,2155.736083984375,-3.5724,0.0,1,0,0,1,0,1,-0.456,1,0.0,0.0,1.0,0.0,1.0,-0.3666,1.0,0.0,0.0,1.0,0.0,1.0,-1.1088,1.0,0.0,0.0,1.0,0.0,0.0,-3.5724,0.0,55-60,55-60
ANGELONE.NS|2026-02-05|ensemble_lr0.20_rf0.30_xgb0.50,ANGELONE.NS,2026-02-05,ensemble_lr0.20_rf0.30_xgb0.50,2025-02-06,2026-02-05,2026-02-02,2025-03-06,2026-02-04,2026-02-05,227,2026-02-05,False,1,0.4275362318840579,0.4292664792071163,0.38,0.3465656340122223,0.3731361128475344,0,62.69,0.3731361128475344,0,62.69,HOLD,0.5416,0.0831,High Volatility,0.33,0.0,unavailable_no_point_in_time_source,True,261.78,261.77508544921875,2026-02-06,261.47821044921875,-0.1134,0,2026-02-10,275.43292236328125,5.2174,1.0,2026-02-12,272.3648681640625,4.0454,1.0,2026-02-19,248.3745880126953,-5.1191,0.0,0,1,1,0,1,1,-0.1153,1,0.0,0.0,1.0,0.0,0.0,5.2154,0.0,0.0,0.0,1.0,0.0,0.0,4.0434,0.0,1.0,1.0,0.0,1.0,0.0,-5.1209,0.0,60-65,60-65
AUBANK.NS|2026-02-05|ensemble_lr0.20_rf0.30_xgb0.50,AUBANK.NS,2026-02-05,ensemble_lr0.20_rf0.30_xgb0.50,2025-02-06,2026-02-05,2026-02-02,2025-03-06,2026-02-04,2026-02-05,227,2026-02-05,False,1,0.5144927536231884,0.5230098618646765,0.62,0.6653121113777161,0.6232580280617933,1,62.33,0.6232580280617933,1,62.33,BUY,0.6404,0.2809,Bullish,0.165,0.0,unavailable_no_point_in_time_source,True,985.04,985.0433959960938,2026-02-06,990.0885009765625,0.5122,1,2026-02-10,1000.1787109375,1.5365,1.0,2026-02-12,999.6292114257812,1.4807,1.0,2026-02-19,1016.063232421875,3.1491,1.0,1,1,1,1,1,1,0.5125,1,1.0,1.0,1.0,1.0,1.0,1.5369,1.0,1.0,1.0,1.0,1.0,1.0,1.4811,1.0,1.0,1.0,1.0,1.0,1.0,3.1494,1.0,60-65,60-65
AXISBANK.NS|2026-02-05|ensemble_lr0.20_rf0.30_xgb0.50,AXISBANK.NS,2026-02-05,ensemble_lr0.20_rf0.30_xgb0.50,2025-02-06,2026-02-05,2026-02-02,2025-03-06,2026-02-04,2026-02-05,227,2026-02-05,False,1,0.463768115942029,0.16021617095435597,0.36,0.901727020740509,0.5909067445611257,1,59.09,0.5909067445611257,1,59.09,BUY,0.6621,0.3241,Sideways,0.835,0.0,unavailable_no_point_in_time_source,True,1329.57,1329.5745849609375,2026-02-06,1340.5660400390625,0.8267,1,2026-02-10,1355.6544189453125,1.9615,1.0,2026-02-12,1338.9674072265625,0.7065,1.0,2026-02-19,1355.5545654296875,1.954,1.0,0,1,1,1,0,1,0.827,1,1.0,1.0,1.0,0.0,1.0,1.9619,1.0,1.0,1.0,1.0,0.0,1.0,0.7068,1.0,1.0,1.0,1.0,0.0,1.0,1.9544,1.0,55-60,55-60
BAJAJFINSV.NS|2026-02-05|ensemble_lr0.20_rf0.30_xgb0.50,BAJAJFINSV.NS,2026-02-05,ensemble_lr0.20_rf0.30_xgb0.50,2025-02-06,2026-02-05,2026-02-02,2025-03-06,2026-02-04,2026-02-05,227,2026-02-05,False,0,0.5434782608695652,0.36780994884146007,0.32,0.2002445012331009,0.26968424038484246,0,73.03,0.26968424038484246,0,73.03,HOLD,0.4382,-0.1236,Sideways,0.0,0.0,unavailable_no_point_in_time_source,True,1998.39,1998.394775390625,2026-02-06,2022.47412109375,1.2049,1,2026-02-10,2026.1710205078125,1.3899,1.0,2026-02-12,2035.3631591796875,1.8499,1.0,2026-02-19,2031.4664306640625,1.6549,1.0,0,0,0,0,0,1,1.2052,1,0.0,0.0,0.0,0.0,1.0,1.3902,1.0,0.0,0.0,0.0,0.0,1.0,1.8501,1.0,0.0,0.0,0.0,0.0,1.0,1.6552,1.0,70-75,70-75
BAJFINANCE.NS|2026-02-05|ensemble_lr0.20_rf0.30_xgb0.50,BAJFINANCE.NS,2026-02-05,ensemble_lr0.20_rf0.30_xgb0.50,2025-02-06,2026-02-05,2026-02-02,2025-03-06,2026-02-04,2026-02-05,227,2026-02-05,False,1,0.43478260869565216,0.6321594012931332,0.5,0.5577039122581482,0.5552838363877007,1,55.53,0.5552838363877007,1,55.53,HOLD,0.5682,0.1364,Sideways,0.0,0.0,unavailable_no_point_in_time_source,True,958.86,958.855712890625,2026-02-06,975.7021484375,1.7569,1,2026-02-10,959.7005004882812,0.0881,1.0,2026-02-12,992.995849609375,3.5605,1.0,2026-02-19,1010.836181640625,5.4211,1.0,1,1,1,1,1,1,1.7565,1,1.0,1.0,1.0,1.0,1.0,0.0877,1.0,1.0,1.0,1.0,1.0,0.0,3.56,0.0,1.0,1.0,1.0,1.0,0.0,5.4206,0.0,55-60,55-60
BEL.NS|2026-02-05|ensemble_lr0.20_rf0.30_xgb0.50,BEL.NS,2026-02-05,ensemble_lr0.20_rf0.30_xgb0.50,2025-02-06,2026-02-05,2026-02-02,2025-03-06,2026-02-04,2026-02-05,227,2026-02-05,False,0,0.5289855072463768,0.6614602807066786,0.28,0.24061450362205505,0.33659930795236326,0,66.34,0.33659930795236326,0,66.34,HOLD,0.5482,0.0963,High Volatility,0.835,0.0,unavailable_no_point_in_time_source,True,430.48,430.48046875,2026-02-06,427.2486267089844,-0.7508,0,2026-02-10,434.8558654785156,1.0164,1.0,2026-02-12,441.4189758300781,2.541,1.0,2026-02-19,432.9167785644531,0.566,1.0,0,1,1,1,1,1,-0.7506,1,0.0,0.0,0.0,0.0,1.0,1.0165,1.0,0.0,0.0,0.0,0.0,1.0,2.5411,1.0,0.0,0.0,0.0,0.0,1.0,0.5661,1.0,65-70,65-70
ABCAPITAL.NS|2026-02-12|ensemble_lr0.20_rf0.30_xgb0.50,ABCAPITAL.NS,2026-02-12,ensemble_lr0.20_rf0.30_xgb0.50,2025-02-13,2026-02-12,2026-02-09,2025-03-13,2026-02-11,2026-02-12,227,2026-02-12,False,1,0.5652173913043478,0.8259315083961565,0.68,0.6780444979667664,0.7082085506626146,1,70.82,0.7082085506626146,1,70.82,HOLD,0.5399,0.0798,High Volatility,-0.165,0.0,unavailable_no_point_in_time_source,True,344.65,344.6499938964844,2026-02-13,336.20001220703125,-2.4518,0,2026-02-17,348.95001220703125,1.2476,1.0,2026-02-19,344.29998779296875,-0.1016,0.0,2026-02-26,356.1499938964844,3.3367,1.0,1,0,0,0,0,1,-2.4518,1,1.0,1.0,1.0,1.0,1.0,1.2476,1.0,0.0,0.0,0.0,0.0,1.0,-0.1016,1.0,1.0,1.0,1.0,1.0,0.0,3.3367,0.0,70-75,70-75
ABFRL.NS|2026-02-12|ensemble_lr0.20_rf0.30_xgb0.50,ABFRL.NS,2026-02-12,ensemble_lr0.20_rf0.30_xgb0.50,2025-02-13,2026-02-12,2026-02-09,2025-03-13,2026-02-11,2026-02-12,227,2026-02-12,False,0,0.49275362318840576,0.3669980588927127,0.3,0.21413086354732513,0.27046504355220513,0,72.95,0.27046504355220513,0,72.95,HOLD,0.4258,-0.1483,High Volatility,-0.165,0.0,unavailable_no_point_in_time_source,True,70.04,70.04000091552734,2026-02-13,73.80000305175781,5.3684,1,2026-02-17,72.06999969482422,2.8983,1.0,2026-02-19,70.08000183105469,0.0571,1.0,2026-02-26,68.55000305175781,-2.1274,0.0,0,0,0,0,0,0,5.3684,0,0.0,0.0,0.0,0.0,1.0,2.8983,1.0,0.0,0.0,0.0,0.0,1.0,0.0571,1.0,1.0,1.0,1.0,1.0,1.0,-2.1274,1.0,70-75,70-75
ADANIENT.NS|2026-02-12|ensemble_lr0.20_rf0.30_xgb0.50,ADANIENT.NS,2026-02-12,ensemble_lr0.20_rf0.30_xgb0.50,2025-02-13,2026-02-12,2026-02-09,2025-03-13,2026-02-11,2026-02-12,227,2026-02-12,False,0,0.5289855072463768,0.19651350758595584,0.48,0.7997373342514038,0.5831713686428931,1,58.32,0.5831713686428931,1,58.32,HOLD,0.579,0.1581,Bullish,-0.335,0.0,unavailable_no_point_in_time_source,True,2210.81,2210.8115234375,2026-02-13,2135.645263671875,-3.3999,0,2026-02-17,2241.8974609375,1.4061,1.0,2026-02-19,2155.736083984375,-2.4912,0.0,2026-02-26,2215.409423828125,0.208,1.0,0,0,0,1,1,0,-3.3999,0,1.0,1.0,0.0,0.0,1.0,1.4062,1.0,0.0,0.0,1.0,1.0,1.0,-2.4911,1.0,1.0,1.0,0.0,0.0,1.0,0.208,1.0,55-60,55-60
ADANIPORTS.NS|2026-02-12|ensemble_lr0.20_rf0.30_xgb0.50,ADANIPORTS.NS,2026-02-12,ensemble_lr0.20_rf0.30_xgb0.50,2025-02-13,2026-02-12,2026-02-09,2025-03-13,2026-02-11,2026-02-12,227,2026-02-12,False,1,0.6159420289855072,0.5244269186417071,0.22,0.1473281979560852,0.24454948270638405,0,75.55,0.24454948270638405,0,75.55,HOLD,0.5348,0.0696,Sideways,0.5,0.0,unavailable_no_point_in_time_source,True,1537.22,1537.221435546875,2026-02-13,1512.6251220703125,-1.6001,0,2026-02-17,1559.7266845703125,1.464,1.0,2026-02-19,1506.9490966796875,-1.9693,0.0,2026-02-26,1544.092529296875,0.447,1.0,0,1,1,0,1,1,-1.6,1,0.0,0.0,1.0,0.0,1.0,1.4641,1.0,1.0,1.0,0.0,1.0,1.0,-1.9692,1.0,0.0,0.0,1.0,0.0,1.0,0.4471,1.0,75-80,75-80
ANGELONE.NS|2026-02-12|ensemble_lr0.20_rf0.30_xgb0.50,ANGELONE.NS,2026-02-12,ensemble_lr0.20_rf0.30_xgb0.50,2025-02-13,2026-02-12,2026-02-09,2025-03-13,2026-02-11,2026-02-12,227,2026-02-12,False,1,0.4275362318840579,0.35729657085699507,0.38,0.44486138224601746,0.4078900052944077,0,59.21,0.4078900052944077,0,59.21,HOLD,0.5679,0.1358,High Volatility,0.665,0.0,unavailable_no_point_in_time_source,True,272.36,272.3648681640625,2026-02-13,267.0501708984375,-1.9513,0,2026-02-17,254.3721466064453,-6.6061,0.0,2026-02-19,248.3745880126953,-8.8081,0.0,2026-02-26,243.96054077148438,-10.4288,0.0,0,1,1,0,1,1,-1.9496,1,1.0,1.0,0.0,1.0,0.0,-6.6044,0.0,1.0,1.0,0.0,1.0,0.0,-8.8065,0.0,1.0,1.0,0.0,1.0,0.0,-10.4272,0.0,55-60,55-60
APOLLOTYRE.NS|2026-02-12|ensemble_lr0.20_rf0.30_xgb0.50,APOLLOTYRE.NS,2026-02-12,ensemble_lr0.20_rf0.30_xgb0.50,2025-02-13,2026-02-12,2026-02-09,2025-03-13,2026-02-11,2026-02-12,227,2026-02-12,False,0,0.5362318840579711,0.590705614974722,0.7,0.5033655166625977,0.5798238813262432,1,57.98,0.5798238813262432,1,57.98,HOLD,0.5514,0.1028,High Volatility,0.165,0.0,unavailable_no_point_in_time_source,True,495.91,495.9139404296875,2026-02-13,486.86566162109375,-1.8246,0,2026-02-17,475.6796569824219,-4.0802,0.0,2026-02-19,459.7209167480469,-7.2982,0.0,2026-02-26,458.2294616699219,-7.599,0.0,0,0,0,1,1,1,-1.8238,1,0.0,0.0,1.0,1.0,0.0,-4.0794,0.0,0.0,0.0,1.0,1.0,0.0,-7.2975,0.0,0.0,0.0,1.0,1.0,0.0,-7.5983,0.0,55-60,55-60
ASIANPAINT.NS|2026-02-12|ensemble_lr0.20_rf0.30_xgb0.50,ASIANPAINT.NS,2026-02-12,ensemble_lr0.20_rf0.30_xgb0.50,2025-02-13,2026-02-12,2026-02-09,2025-03-13,2026-02-11,2026-02-12,227,2026-02-12,False,1,0.4855072463768116,0.5648349031445282,0.42,0.20178799331188202,0.33986097728484665,0,66.01,0.33986097728484665,0,66.01,STRONG SELL,0.2744,-0.4512,Bearish,-0.5,0.0,unavailable_no_point_in_time_source,True,2389.77,2389.766357421875,2026-02-13,2346.045654296875,-1.8295,0,2026-02-17,2416.434814453125,1.1159,1.0,2026-02-19,2380.14990234375,-0.4024,0.0,2026-02-26,2374.300537109375,-0.6472,0.0,1,1,1,0,0,1,-1.8296,1,0.0,0.0,1.0,1.0,0.0,1.1158,0.0,1.0,1.0,0.0,0.0,1.0,-0.4026,1.0,1.0,1.0,0.0,0.0,1.0,-0.6473,1.0,65-70,65-70
ASTRAL.NS|2026-02-12|ensemble_lr0.20_rf0.30_xgb0.50,ASTRAL.NS,2026-02-12,ensemble_lr0.20_rf0.30_xgb0.50,2025-02-13,2026-02-12,2026-02-09,2025-03-13,2026-02-11,2026-02-12,227,2026-02-12,False,0,0.5507246376811593,0.7421401532183796,0.24,0.2520408630371094,0.3464484621622306,0,65.36,0.3464484621622306,0,65.36,HOLD,0.5782,0.1565,Sideways,0.665,0.0,unavailable_no_point_in_time_source,True,1589.1,1589.1005859375,2026-02-13,1593.992919921875,0.3079,1,2026-02-17,1643.1156005859375,3.3991,1.0,2026-02-19,1618.4544677734375,1.8472,1.0,2026-02-26,1681.55517578125,5.818,1.0,0,0,0,0,0,1,0.3079,1,0.0,0.0,0.0,0.0,0.0,3.3991,0.0,0.0,0.0,0.0,0.0,1.0,1.8472,1.0,0.0,0.0,0.0,0.0,0.0,5.8181,0.0,65-70,65-70
AUBANK.NS|2026-02-12|ensemble_lr0.20_rf0.30_xgb0.50,AUBANK.NS,2026-02-12,ensemble_lr0.20_rf0.30_xgb0.50,2025-02-13,2026-02-12,2026-02-09,2025-03-13,2026-02-11,2026-02-12,227,2026-02-12,False,1,0.5217391304347826,0.6151255028589044,0.32,0.06872395426034927,0.25338707770195557,0,74.66,0.25338707770195557,0,74.66,HOLD,0.5251,0.0502,Sideways,0.5,0.0,unavailable_no_point_in_time_source,True,999.63,999.6292114257812,2026-02-13,993.934814453125,-0.5697,0,2026-02-17,998.780029296875,-0.0849,0.0,2026-02-19,1016.063232421875,1.644,1.0,2026-02-26,971.7562866210938,-2.7883,0.0,1,1,1,0,0,1,-0.5697,1,1.0,1.0,0.0,0.0,1.0,-0.085,1.0,0.0,0.0,1.0,1.0,1.0,1.6439,1.0,1.0,1.0,0.0,0.0,1.0,-2.7884,1.0,70-75,70-75
AXISBANK.NS|2026-02-12|ensemble_lr0.20_rf0.30_xgb0.50,AXISBANK.NS,2026-02-12,ensemble_lr0.20_rf0.30_xgb0.50,2025-02-13,2026-02-12,2026-02-09,2025-03-13,2026-02-11,2026-02-12,227,2026-02-12,False,1,0.5072463768115941,0.2036986079904816,0.4,0.8202661871910095,0.5708728151936011,1,57.09,0.5708728151936011,1,57.09,BUY,0.595,0.19,Sideways,0.5,0.0,unavailable_no_point_in_time_source,True,1338.97,1338.9674072265625,2026-02-13,1331.2733154296875,-0.5746,0,2026-02-17,1356.154052734375,1.2836,1.0,2026-02-19,1355.5545654296875,1.2388,1.0,2026-02-26,1394.424560546875,4.1418,1.0,0,0,0,0,1,0,-0.5748,0,1.0,1.0,1.0,0.0,1.0,1.2834,1.0,1.0,1.0,1.0,0.0,1.0,1.2386,1.0,1.0,1.0,1.0,0.0,1.0,4.1416,1.0,55-60,55-60
BAJAJFINSV.NS|2026-02-12|ensemble_lr0.20_rf0.30_xgb0.50,BAJAJFINSV.NS,2026-02-12,ensemble_lr0.20_rf0.30_xgb0.50,2025-02-13,2026-02-12,2026-02-09,2025-03-13,2026-02-11,2026-02-12,227,2026-02-12,False,1,0.5072463768115942,0.43279424180912957,0.34,0.24925623834133148,0.31318696753249164,0,68.68,0.31318696753249164,0,68.68,HOLD,0.4371,-0.1258,Sideways,0.165,0.0,unavailable_no_point_in_time_source,True,2035.36,2035.3631591796875,2026-02-13,2021.4749755859375,-0.6823,0,2026-02-17,2042.656982421875,0.3584,1.0,2026-02-19,2031.4664306640625,-0.1915,0.0,2026-02-26,2039.5596923828125,0.2062,1.0,1,1,1,0,0,1,-0.6822,1,0.0,0.0,1.0,1.0,1.0,0.3585,1.0,1.0,1.0,0.0,0.0,1.0,-0.1913,1.0,0.0,0.0,1.0,1.0,1.0,0.2063,1.0,65-70,65-70
BAJFINANCE.NS|2026-02-12|ensemble_lr0.20_rf0.30_xgb0.50,BAJFINANCE.NS,2026-02-12,ensemble_lr0.20_rf0.30_xgb0.50,2025-02-13,2026-02-12,2026-02-09,2025-03-13,2026-02-11,2026-02-12,227,2026-02-12,False,1,0.41304347826086957,0.25572966152367377,0.62,0.677550733089447,0.5759212988494582,1,57.59,0.5759212988494582,1,57.59,HOLD,0.5713,0.1426,Sideways,0.165,0.0,unavailable_no_point_in_time_source,True,993.0,992.995849609375,2026-02-13,1018.4891357421875,2.5673,1,2026-02-17,1007.9539184570312,1.5064,1.0,2026-02-19,1010.836181640625,1.7966,1.0,2026-02-26,1006.76123046875,1.3862,1.0,1,1,1,1,1,1,2.5669,1,1.0,1.0,1.0,1.0,1.0,1.5059,1.0,1.0,1.0,1.0,1.0,1.0,1.7962,1.0,1.0,1.0,1.0,1.0,1.0,1.3858,1.0,55-60,55-60
BEL.NS|2026-02-12|ensemble_lr0.20_rf0.30_xgb0.50,BEL.NS,2026-02-12,ensemble_lr0.20_rf0.30_xgb0.50,2025-02-13,2026-02-12,2026-02-09,2025-03-13,2026-02-11,2026-02-12,227,2026-02-12,False,0,0.536231884057971,0.7213514169641231,0.52,0.26698505878448486,0.43376281278506706,0,56.62,0.43376281278506706,0,56.62,BUY,0.6527,0.3054,Bullish,1.0,0.0,unavailable_no_point_in_time_source,True,441.42,441.4189758300781,2026-02-13,433.11566162109375,-1.8811,0,2026-02-17,444.3525085449219,0.6646,1.0,2026-02-19,432.9167785644531,-1.9261,0.0,2026-02-26,446.5401916503906,1.1602,1.0,1,1,1,1,0,0,-1.8813,0,0.0,0.0,0.0,1.0,1.0,0.6643,1.0,1.0,1.0,1.0,0.0,0.0,-1.9263,0.0,0.0,0.0,0.0,1.0,1.0,1.1599,1.0,55-60,55-60
AARTIIND.NS|2026-02-19|ensemble_lr0.20_rf0.30_xgb0.50,AARTIIND.NS,2026-02-19,ensemble_lr0.20_rf0.30_xgb0.50,2025-02-20,2026-02-19,2026-02-16,2025-03-21,2026-02-18,2026-02-19,227,2026-02-19,False,0,0.4710144927536232,0.5151429513070582,0.76,0.6209809184074402,0.6415190494651317,1,64.15,0.6415190494651317,1,64.15,BUY,0.7088,0.4177,High Volatility,0.665,0.0,unavailable_no_point_in_time_source,True,453.55,453.54840087890625,2026-02-20,449.75592041015625,-0.8362,0,2026-02-24,448.9076232910156,-1.0232,0.0,2026-02-26,454.7959289550781,0.2751,1.0,2026-03-06,418.5180358886719,-7.7236,0.0,0,0,0,1,1,0,-0.8365,0,0.0,0.0,1.0,1.0,0.0,-1.0236,0.0,1.0,1.0,0.0,0.0,1.0,0.2747,1.0,0.0,0.0,1.0,1.0,0.0,-7.7239,0.0,60-65,60-65
ABCAPITAL.NS|2026-02-19|ensemble_lr0.20_rf0.30_xgb0.50,ABCAPITAL.NS,2026-02-19,ensemble_lr0.20_rf0.30_xgb0.50,2025-02-20,2026-02-19,2026-02-16,2025-03-21,2026-02-18,2026-02-19,227,2026-02-19,False,1,0.5072463768115941,0.7209515341039952,0.76,0.8320549130439758,0.7882177633427869,1,78.82,0.7882177633427869,1,78.82,BUY,0.6087,0.2174,High Volatility,0.165,0.0,unavailable_no_point_in_time_source,True,344.3,344.29998779296875,2026-02-20,344.8500061035156,0.1597,1,2026-02-24,349.29998779296875,1.4522,1.0,2026-02-26,356.1499938964844,3.4418,1.0,2026-03-06,326.54998779296875,-5.1554,0.0,0,1,1,1,0,1,0.1597,1,1.0,1.0,1.0,0.0,1.0,1.4522,1.0,1.0,1.0,1.0,0.0,1.0,3.4418,1.0,0.0,0.0,0.0,1.0,0.0,-5.1554,0.0,75-80,75-80
ABFRL.NS|2026-02-19|ensemble_lr0.20_rf0.30_xgb0.50,ABFRL.NS,2026-02-19,ensemble_lr0.20_rf0.30_xgb0.50,2025-02-20,2026-02-19,2026-02-16,2025-03-21,2026-02-18,2026-02-19,227,2026-02-19,False,0,0.4710144927536232,0.35853321248051356,0.54,0.7761256098747253,0.6217694474334654,1,62.18,0.6217694474334654,1,62.18,HOLD,0.5581,0.1163,High Volatility,-0.165,0.0,unavailable_no_point_in_time_source,True,70.08,70.08000183105469,2026-02-20,69.8499984741211,-0.3282,0,2026-02-24,68.80000305175781,-1.8265,0.0,2026-02-26,68.55000305175781,-2.1832,0.0,2026-03-06,62.41999816894531,-10.9304,0.0,0,0,0,1,1,1,-0.3282,1,0.0,0.0,1.0,1.0,1.0,-1.8265,1.0,0.0,0.0,1.0,1.0,1.0,-2.1832,1.0,0.0,0.0,1.0,1.0,0.0,-10.9304,0.0,60-65,60-65
ADANIENT.NS|2026-02-19|ensemble_lr0.20_rf0.30_xgb0.50,ADANIENT.NS,2026-02-19,ensemble_lr0.20_rf0.30_xgb0.50,2025-02-20,2026-02-19,2026-02-16,2025-03-21,2026-02-18,2026-02-19,227,2026-02-19,False,0,0.5797101449275363,0.42369708545874096,0.44,0.20915403962135315,0.3213164369024248,0,67.87,0.3213164369024248,0,67.87,SELL,0.3999,-0.2003,High Volatility,-0.335,0.0,unavailable_no_point_in_time_source,True,2155.74,2155.736083984375,2026-02-20,2159.83447265625,0.1901,1,2026-02-24,2182.0244140625,1.2195,1.0,2026-02-26,2215.409423828125,2.7681,1.0,2026-03-06,2038.9884033203125,-5.4157,0.0,0,0,0,0,0,0,0.1899,0,0.0,0.0,0.0,0.0,0.0,1.2193,0.0,0.0,0.0,0.0,0.0,0.0,2.7679,0.0,1.0,1.0,1.0,1.0,1.0,-5.4158,1.0,65-70,65-70
ADANIPORTS.NS|2026-02-19|ensemble_lr0.20_rf0.30_xgb0.50,ADANIPORTS.NS,2026-02-19,ensemble_lr0.20_rf0.30_xgb0.50,2025-02-20,2026-02-19,2026-02-16,2025-03-21,2026-02-18,2026-02-19,227,2026-02-19,False,1,0.5942028985507246,0.7503657882102226,0.54,0.47592461109161377,0.5500354631878515,1,55.0,0.5500354631878515,1,55.0,BUY,0.6531,0.3063,Sideways,0.335,0.0,unavailable_no_point_in_time_source,True,1506.95,1506.9490966796875,2026-02-20,1505.1566162109375,-0.1189,0,2026-02-24,1548.8724365234375,2.782,1.0,2026-02-26,1544.092529296875,2.4648,1.0,2026-03-06,1471.29931640625,-2.3657,0.0,0,0,0,0,1,0,-0.119,0,1.0,1.0,1.0,0.0,1.0,2.7819,1.0,1.0,1.0,1.0,0.0,1.0,2.4647,1.0,0.0,0.0,0.0,1.0,0.0,-2.3658,0.0,55-60,55-60
APOLLOTYRE.NS|2026-02-19|ensemble_lr0.20_rf0.30_xgb0.50,APOLLOTYRE.NS,2026-02-19,ensemble_lr0.20_rf0.30_xgb0.50,2025-02-20,2026-02-19,2026-02-16,2025-03-21,2026-02-18,2026-02-19,227,2026-02-19,False,0,0.47826086956521735,0.5953300779050477,0.52,0.34719106554985046,0.44866154835593475,0,55.13,0.44866154835593475,0,55.13,SELL,0.3646,-0.2708,High Volatility,-0.665,0.0,unavailable_no_point_in_time_source,True,459.72,459.7209167480469,2026-02-20,452.7607421875,-1.514,0,2026-02-24,452.16412353515625,-1.6438,0.0,2026-02-26,458.2294616699219,-0.3244,0.0,2026-03-06,437.2494201660156,-4.8881,0.0,0,1,1,1,1,1,-1.5138,1,1.0,1.0,1.0,1.0,1.0,-1.6436,1.0,1.0,1.0,1.0,1.0,1.0,-0.3242,1.0,1.0,1.0,1.0,1.0,1.0,-4.8879,1.0,55-60,55-60
ASHOKLEY.NS|2026-02-19|ensemble_lr0.20_rf0.30_xgb0.50,ASHOKLEY.NS,2026-02-19,ensemble_lr0.20_rf0.30_xgb0.50,2025-02-20,2026-02-19,2026-02-16,2025-03-21,2026-02-18,2026-02-19,227,2026-02-19,False,1,0.5217391304347826,0.9313860974514839,0.78,0.8044570088386536,0.8225057239096236,1,82.25,0.8225057239096236,1,82.25,BUY,0.7078,0.4156,Bullish,0.5,0.0,unavailable_no_point_in_time_source,True,200.08,200.07688903808594,2026-02-20,205.3470001220703,2.634,1,2026-02-24,206.65467834472656,3.2876,1.0,2026-02-26,208.36549377441406,4.1427,1.0,2026-03-06,191.4048309326172,-4.3344,0.0,0,1,1,1,0,1,2.6324,1,1.0,1.0,1.0,0.0,1.0,3.286,1.0,1.0,1.0,1.0,0.0,1.0,4.1411,1.0,0.0,0.0,0.0,1.0,0.0,-4.3359,0.0,80-85,80-85
ASTRAL.NS|2026-02-19|ensemble_lr0.20_rf0.30_xgb0.50,ASTRAL.NS,2026-02-19,ensemble_lr0.20_rf0.30_xgb0.50,2025-02-20,2026-02-19,2026-02-16,2025-03-21,2026-02-18,2026-02-19,227,2026-02-19,False,0,0.5072463768115941,0.18886424819281772,0.3,0.13055548071861267,0.1930505899978699,0,80.69,0.1930505899978699,0,80.69,BUY,0.6154,0.2308,Bullish,0.665,0.0,unavailable_no_point_in_time_source,True,1618.45,1618.4544677734375,2026-02-20,1634.0299072265625,0.9624,1,2026-02-24,1661.386962890625,2.6527,1.0,2026-02-26,1681.55517578125,3.8988,1.0,2026-03-06,1686.54736328125,4.2073,1.0,0,0,0,0,0,1,0.9626,1,0.0,0.0,0.0,0.0,1.0,2.653,1.0,0.0,0.0,0.0,0.0,1.0,3.8991,1.0,0.0,0.0,0.0,0.0,1.0,4.2076,1.0,80-85,80-85
AUBANK.NS|2026-02-19|ensemble_lr0.20_rf0.30_xgb0.50,AUBANK.NS,2026-02-19,ensemble_lr0.20_rf0.30_xgb0.50,2025-02-20,2026-02-19,2026-02-16,2025-03-21,2026-02-18,2026-02-19,227,2026-02-19,False,1,0.5,0.5157011817334515,0.18,0.09285193681716919,0.2035662047552749,0,79.64,0.2035662047552749,0,79.64,HOLD,0.5584,0.1168,Bullish,0.5,0.0,unavailable_no_point_in_time_source,True,1016.06,1016.063232421875,2026-02-20,1028.651123046875,1.2389,1,2026-02-24,1001.2277221679688,-1.4601,0.0,2026-02-26,971.7562866210938,-4.3606,0.0,2026-03-06,963.3145141601562,-5.1915,0.0,0,0,0,1,0,1,1.2392,1,1.0,1.0,0.0,1.0,1.0,-1.4598,1.0,1.0,1.0,0.0,1.0,0.0,-4.3603,0.0,1.0,1.0,0.0,1.0,0.0,-5.1912,0.0,75-80,75-80
AXISBANK.NS|2026-02-19|ensemble_lr0.20_rf0.30_xgb0.50,AXISBANK.NS,2026-02-19,ensemble_lr0.20_rf0.30_xgb0.50,2025-02-20,2026-02-19,2026-02-16,2025-03-21,2026-02-18,2026-02-19,227,2026-02-19,False,0,0.5217391304347826,0.29394034921795675,0.46,0.3919663727283478,0.39277125620776526,0,60.72,0.39277125620776526,0,60.72,HOLD,0.5501,0.1002,Sideways,0.835,0.0,unavailable_no_point_in_time_source,True,1355.55,1355.5545654296875,2026-02-20,1367.24560546875,0.8625,1,2026-02-24,1386.5306396484375,2.2851,1.0,2026-02-26,1394.424560546875,2.8675,1.0,2026-03-06,1314.7860107421875,-3.0075,0.0,0,0,0,0,0,1,0.8628,1,0.0,0.0,0.0,0.0,1.0,2.2855,1.0,0.0,0.0,0.0,0.0,1.0,2.8678,1.0,1.0,1.0,1.0,1.0,0.0,-3.0072,0.0,60-65,60-65
BAJAJFINSV.NS|2026-02-19|ensemble_lr0.20_rf0.30_xgb0.50,BAJAJFINSV.NS,2026-02-19,ensemble_lr0.20_rf0.30_xgb0.50,2025-02-20,2026-02-19,2026-02-16,2025-03-21,2026-02-18,2026-02-19,227,2026-02-19,False,1,0.5,0.410452203600809,0.36,0.3535126745700836,0.3668467780052036,0,63.32,0.3668467780052036,0,63.32,HOLD,0.454,-0.0921,Sideways,0.165,0.0,unavailable_no_point_in_time_source,True,2031.47,2031.4664306640625,2026-02-20,2056.744873046875,1.2443,1,2026-02-24,2041.5579833984375,0.4968,1.0,2026-02-26,2039.5596923828125,0.3984,1.0,2026-03-06,1867.306640625,-8.0809,0.0,0,0,0,1,0,1,1.2442,1,0.0,0.0,1.0,0.0,1.0,0.4966,1.0,0.0,0.0,1.0,0.0,1.0,0.3982,1.0,1.0,1.0,0.0,1.0,0.0,-8.081,0.0,60-65,60-65
BAJFINANCE.NS|2026-02-19|ensemble_lr0.20_rf0.30_xgb0.50,BAJFINANCE.NS,2026-02-19,ensemble_lr0.20_rf0.30_xgb0.50,2025-02-20,2026-02-19,2026-02-16,2025-03-21,2026-02-18,2026-02-19,227,2026-02-19,False,1,0.4855072463768116,0.27696381977364876,0.42,0.2906714081764221,0.3267284680429408,0,67.33,0.3267284680429408,0,67.33,BUY,0.5953,0.1906,Bullish,0.335,0.0,unavailable_no_point_in_time_source,True,1010.84,1010.836181640625,2026-02-20,1023.90576171875,1.2929,1,2026-02-24,1017.2964477539062,0.6391,1.0,2026-02-26,1006.76123046875,-0.4031,0.0,2026-03-06,944.3945922851562,-6.5729,0.0,0,0,0,1,0,1,1.2926,1,0.0,0.0,1.0,0.0,1.0,0.6387,1.0,1.0,1.0,0.0,1.0,0.0,-0.4035,0.0,1.0,1.0,0.0,1.0,0.0,-6.5733,0.0,65-70,65-70
BEL.NS|2026-02-19|ensemble_lr0.20_rf0.30_xgb0.50,BEL.NS,2026-02-19,ensemble_lr0.20_rf0.30_xgb0.50,2025-02-20,2026-02-19,2026-02-16,2025-03-21,2026-02-18,2026-02-19,227,2026-02-19,False,0,0.5652173913043478,0.6078274886875865,0.8,0.9434819221496582,0.8333064588123464,1,83.33,0.8333064588123464,1,83.33,BUY,0.6842,0.3683,Bullish,0.5,0.0,unavailable_no_point_in_time_source,True,432.92,432.9167785644531,2026-02-20,438.6843566894531,1.3323,1,2026-02-24,432.6184387207031,-0.0689,0.0,2026-02-26,446.5401916503906,3.1469,1.0,2026-03-06,467.81494140625,8.0612,1.0,0,1,1,0,0,1,1.3315,1,0.0,0.0,1.0,1.0,0.0,-0.0697,0.0,1.0,1.0,0.0,0.0,1.0,3.1461,1.0,1.0,1.0,0.0,0.0,1.0,8.0604,1.0,80-85,80-85
BPCL.NS|2026-02-19|ensemble_lr0.20_rf0.30_xgb0.50,BPCL.NS,2026-02-19,ensemble_lr0.20_rf0.30_xgb0.50,2025-02-20,2026-02-19,2026-02-16,2025-03-21,2026-02-18,2026-02-19,227,2026-02-19,False,0,0.4275362318840579,0.37205188666229855,0.56,0.3035764694213867,0.3941986120431531,0,60.58,0.3941986120431531,0,60.58,HOLD,0.4514,-0.0972,Sideways,0.335,0.0,unavailable_no_point_in_time_source,True,367.65,367.6499938964844,2026-02-20,366.29998779296875,-0.3672,0,2026-02-24,374.45001220703125,1.8496,1.0,2026-02-26,386.0,4.9912,1.0,2026-03-06,352.75,-4.0528,0.0,0,1,1,1,1,1,-0.3672,1,0.0,0.0,0.0,0.0,1.0,1.8496,1.0,0.0,0.0,0.0,0.0,0.0,4.9912,0.0,1.0,1.0,1.0,1.0,0.0,-4.0528,0.0,60-65,60-65
AARTIIND.NS|2026-02-26|ensemble_lr0.20_rf0.30_xgb0.50,AARTIIND.NS,2026-02-26,ensemble_lr0.20_rf0.30_xgb0.50,2025-02-27,2026-02-26,2026-02-23,2025-03-27,2026-02-25,2026-02-26,228,2026-02-26,False,0,0.49275362318840576,0.3843183417186518,0.42,0.34855926036834717,0.37714329852790396,0,62.29,0.37714329852790396,0,62.29,HOLD,0.5424,0.0849,High Volatility,0.33,0.0,unavailable_no_point_in_time_source,True,454.8,454.7959289550781,2026-02-27,446.26287841796875,-1.8762,0,2026-03-04,411.6816101074219,-9.4799,0.0,2026-03-06,418.5180358886719,-7.9767,0.0,2026-03-13,419.9152526855469,-7.6695,0.0,0,1,1,1,1,1,-1.8771,1,1.0,1.0,1.0,1.0,0.0,-9.4807,0.0,1.0,1.0,1.0,1.0,0.0,-7.9776,0.0,1.0,1.0,1.0,1.0,0.0,-7.6703,0.0,60-65,60-65
ABCAPITAL.NS|2026-02-26|ensemble_lr0.20_rf0.30_xgb0.50,ABCAPITAL.NS,2026-02-26,ensemble_lr0.20_rf0.30_xgb0.50,2025-02-27,2026-02-26,2026-02-23,2025-03-27,2026-02-25,2026-02-26,228,2026-02-26,False,1,0.5434782608695653,0.7944327064712217,0.46,0.6315599679946899,0.6126665252915893,1,61.27,0.6126665252915893,1,61.27,BUY,0.6149,0.2299,Sideways,0.33,0.0,unavailable_no_point_in_time_source,True,356.15,356.1499938964844,2026-02-27,344.45001220703125,-3.2851,0,2026-03-04,321.54998779296875,-9.715,0.0,2026-03-06,326.54998779296875,-8.3111,0.0,2026-03-13,310.75,-12.7474,0.0,1,0,0,0,0,0,-3.2851,0,0.0,0.0,0.0,0.0,0.0,-9.715,0.0,0.0,0.0,0.0,0.0,0.0,-8.3111,0.0,0.0,0.0,0.0,0.0,0.0,-12.7474,0.0,60-65,60-65
ABFRL.NS|2026-02-26|ensemble_lr0.20_rf0.30_xgb0.50,ABFRL.NS,2026-02-26,ensemble_lr0.20_rf0.30_xgb0.50,2025-02-27,2026-02-26,2026-02-23,2025-03-27,2026-02-25,2026-02-26,228,2026-02-26,False,0,0.463768115942029,0.4112506869630307,0.3,0.30930009484291077,0.3269001848140615,0,67.31,0.3269001848140615,0,67.31,SELL,0.3539,-0.2921,High Volatility,-0.5,0.0,unavailable_no_point_in_time_source,True,68.55,68.55000305175781,2026-02-27,66.93000030517578,-2.3632,0,2026-03-04,64.08999633789062,-6.5062,0.0,2026-03-06,62.41999816894531,-8.9424,0.0,2026-03-13,59.279998779296875,-13.523,0.0,0,1,1,1,1,1,-2.3632,1,1.0,1.0,1.0,1.0,1.0,-6.5062,1.0,1.0,1.0,1.0,1.0,1.0,-8.9424,1.0,1.0,1.0,1.0,1.0,1.0,-13.523,1.0,65-70,65-70
ADANIPORTS.NS|2026-02-26|ensemble_lr0.20_rf0.30_xgb0.50,ADANIPORTS.NS,2026-02-26,ensemble_lr0.20_rf0.30_xgb0.50,2025-02-27,2026-02-26,2026-02-23,2025-03-27,2026-02-25,2026-02-26,228,2026-02-26,False,0,0.5579710144927537,0.6443661525807108,0.3,0.283256858587265,0.36050165980977467,0,63.95,0.36050165980977467,0,63.95,HOLD,0.519,0.038,Sideways,0.335,0.0,unavailable_no_point_in_time_source,True,1544.09,1544.092529296875,2026-02-27,1514.61669921875,-1.9089,0,2026-03-04,1428.380126953125,-7.4939,0.0,2026-03-06,1471.29931640625,-4.7143,0.0,2026-03-13,1357.4788818359375,-12.0857,0.0,1,1,1,1,0,1,-1.9088,1,1.0,1.0,1.0,0.0,0.0,-7.4937,0.0,1.0,1.0,1.0,0.0,0.0,-4.7141,0.0,1.0,1.0,1.0,0.0,0.0,-12.0855,0.0,60-65,60-65
APOLLOTYRE.NS|2026-02-26|ensemble_lr0.20_rf0.30_xgb0.50,APOLLOTYRE.NS,2026-02-26,ensemble_lr0.20_rf0.30_xgb0.50,2025-02-27,2026-02-26,2026-02-23,2025-03-27,2026-02-25,2026-02-26,228,2026-02-26,False,0,0.44202898550724634,0.46611601173073564,0.42,0.37343674898147583,0.40594157683688503,0,59.41,0.40594157683688503,0,59.41,SELL,0.3567,-0.2866,Sideways,-0.5,0.0,unavailable_no_point_in_time_source,True,458.23,458.2294616699219,2026-02-27,451.4681091308594,-1.4755,0,2026-03-04,428.84747314453125,-6.4121,0.0,2026-03-06,437.2494201660156,-4.5785,0.0,2026-03-13,398.02374267578125,-13.1388,0.0,0,1,1,1,1,1,-1.4757,1,1.0,1.0,1.0,1.0,1.0,-6.4122,1.0,1.0,1.0,1.0,1.0,1.0,-4.5786,1.0,1.0,1.0,1.0,1.0,1.0,-13.1389,1.0,55-60,55-60
ASHOKLEY.NS|2026-02-26|ensemble_lr0.20_rf0.30_xgb0.50,ASHOKLEY.NS,2026-02-26,ensemble_lr0.20_rf0.30_xgb0.50,2025-02-27,2026-02-26,2026-02-23,2025-03-27,2026-02-25,2026-02-26,228,2026-02-26,False,1,0.6159420289855073,0.6910272282881019,0.74,0.4980485141277313,0.609229702721486,1,60.92,0.609229702721486,1,60.92,BUY,0.7127,0.4254,Bullish,0.665,0.0,unavailable_no_point_in_time_source,True,208.37,208.36549377441406,2026-02-27,207.5592498779297,-0.3869,0,2026-03-04,197.09771728515625,-5.4077,0.0,2026-03-06,191.4048309326172,-8.1399,0.0,2026-03-13,167.78770446777344,-19.4743,0.0,1,0,0,0,0,0,-0.3891,0,0.0,0.0,0.0,0.0,0.0,-5.4097,0.0,0.0,0.0,0.0,0.0,0.0,-8.1418,0.0,0.0,0.0,0.0,0.0,0.0,-19.4761,0.0,60-65,60-65
AUBANK.NS|2026-02-26|ensemble_lr0.20_rf0.30_xgb0.50,AUBANK.NS,2026-02-26,ensemble_lr0.20_rf0.30_xgb0.50,2025-02-27,2026-02-26,2026-02-23,2025-03-27,2026-02-25,2026-02-26,228,2026-02-26,False,1,0.47826086956521735,0.45223338745110925,0.32,0.4013596773147583,0.387126516147601,0,61.29,0.387126516147601,0,61.29,HOLD,0.4698,-0.0604,Sideways,0.0,0.0,unavailable_no_point_in_time_source,True,971.76,971.7562866210938,2026-02-27,957.4202270507812,-1.4753,0,2026-03-04,945.1820678710938,-2.7347,0.0,2026-03-06,963.3145141601562,-0.8687,0.0,2026-03-13,883.4920043945312,-9.083,0.0,0,1,1,0,1,1,-1.4756,1,1.0,1.0,0.0,1.0,1.0,-2.735,1.0,1.0,1.0,0.0,1.0,1.0,-0.8691,1.0,1.0,1.0,0.0,1.0,0.0,-9.0833,0.0,60-65,60-65
AXISBANK.NS|2026-02-26|ensemble_lr0.20_rf0.30_xgb0.50,AXISBANK.NS,2026-02-26,ensemble_lr0.20_rf0.30_xgb0.50,2025-02-27,2026-02-26,2026-02-23,2025-03-27,2026-02-25,2026-02-26,228,2026-02-26,False,0,0.5217391304347826,0.5341338791631939,0.5,0.36250218749046326,0.4380778695778704,0,56.19,0.4380778695778704,0,56.19,HOLD,0.5766,0.1532,Sideways,1.0,0.0,unavailable_no_point_in_time_source,True,1394.42,1394.424560546875,2026-02-27,1382.83349609375,-0.8312,0,2026-03-04,1350.2586669921875,-3.1673,0.0,2026-03-06,1314.7860107421875,-5.7112,0.0,2026-03-13,1196.3773193359375,-14.2028,0.0,0,1,1,1,1,1,-0.8309,1,1.0,1.0,1.0,1.0,0.0,-3.167,0.0,1.0,1.0,1.0,1.0,0.0,-5.7109,0.0,1.0,1.0,1.0,1.0,0.0,-14.2025,0.0,55-60,55-60
BAJAJFINSV.NS|2026-02-26|ensemble_lr0.20_rf0.30_xgb0.50,BAJAJFINSV.NS,2026-02-26,ensemble_lr0.20_rf0.30_xgb0.50,2025-02-27,2026-02-26,2026-02-23,2025-03-27,2026-02-25,2026-02-26,228,2026-02-26,False,0,0.4710144927536231,0.36554488599121776,0.68,0.6744518876075745,0.6143349210020308,1,61.43,0.6143349210020308,1,61.43,BUY,0.6126,0.2253,Sideways,0.165,0.0,unavailable_no_point_in_time_source,True,2039.56,2039.5596923828125,2026-02-27,1991.700439453125,-2.3465,0,2026-03-04,1887.689208984375,-7.4462,0.0,2026-03-06,1867.306640625,-8.4456,0.0,2026-03-13,1736.5181884765625,-14.8582,0.0,0,0,0,1,1,0,-2.3466,0,0.0,0.0,1.0,1.0,0.0,-7.4463,0.0,0.0,0.0,1.0,1.0,0.0,-8.4456,0.0,0.0,0.0,1.0,1.0,0.0,-14.8582,0.0,60-65,60-65
AARTIIND.NS|2026-03-06|ensemble_lr0.20_rf0.30_xgb0.50,AARTIIND.NS,2026-03-06,ensemble_lr0.20_rf0.30_xgb0.50,2025-03-07,2026-03-06,2026-03-02,2025-04-07,2026-03-05,2026-03-06,227,2026-03-06,False,0,0.5217391304347826,0.7974461926676556,0.54,0.6108710169792175,0.6269247470231399,1,62.69,0.6269247470231399,1,62.69,BUY,0.5929,0.1859,High Volatility,0.0,0.0,unavailable_no_point_in_time_source,True,418.52,418.5180358886719,2026-03-09,408.4380798339844,-2.4085,0,2026-03-11,429.2966003417969,2.5754,1.0,2026-03-13,419.9152526855469,0.3338,1.0,2026-03-20,426.5021667480469,1.9077,1.0,0,0,0,1,1,0,-2.4089,0,1.0,1.0,0.0,0.0,1.0,2.5749,1.0,1.0,1.0,0.0,0.0,1.0,0.3334,1.0,1.0,1.0,0.0,0.0,1.0,1.9072,1.0,60-65,60-65
ABCAPITAL.NS|2026-03-06|ensemble_lr0.20_rf0.30_xgb0.50,ABCAPITAL.NS,2026-03-06,ensemble_lr0.20_rf0.30_xgb0.50,2025-03-07,2026-03-06,2026-03-02,2025-04-07,2026-03-05,2026-03-06,227,2026-03-06,False,1,0.5507246376811593,0.6340027916429035,0.48,0.7029244899749756,0.6222628033160684,1,62.23,0.6222628033160684,1,62.23,HOLD,0.5004,0.0008,High Volatility,-0.335,0.0,unavailable_no_point_in_time_source,True,326.55,326.54998779296875,2026-03-09,324.29998779296875,-0.689,0,2026-03-11,323.79998779296875,-0.8421,0.0,2026-03-13,310.75,-4.8385,0.0,2026-03-20,311.25,-4.6853,0.0,0,0,0,0,1,1,-0.689,1,0.0,0.0,0.0,1.0,1.0,-0.8421,1.0,0.0,0.0,0.0,1.0,0.0,-4.8385,0.0,0.0,0.0,0.0,1.0,0.0,-4.6853,0.0,60-65,60-65
ABFRL.NS|2026-03-06|ensemble_lr0.20_rf0.30_xgb0.50,ABFRL.NS,2026-03-06,ensemble_lr0.20_rf0.30_xgb0.50,2025-03-07,2026-03-06,2026-03-02,2025-04-07,2026-03-05,2026-03-06,227,2026-03-06,False,0,0.4202898550724637,0.48781415941172557,0.68,0.6945587992668152,0.6488422315157527,1,64.88,0.6488422315157527,1,64.88,HOLD,0.4466,-0.1068,High Volatility,-0.665,0.0,unavailable_no_point_in_time_source,True,62.42,62.41999816894531,2026-03-09,60.58000183105469,-2.9478,0,2026-03-11,61.7400016784668,-1.0894,0.0,2026-03-13,59.279998779296875,-5.0304,0.0,2026-03-20,59.97999954223633,-3.909,0.0,0,0,0,1,1,1,-2.9478,1,0.0,0.0,1.0,1.0,1.0,-1.0894,1.0,0.0,0.0,1.0,1.0,0.0,-5.0304,0.0,0.0,0.0,1.0,1.0,0.0,-3.909,0.0,60-65,60-65
ADANIENT.NS|2026-03-06|ensemble_lr0.20_rf0.30_xgb0.50,ADANIENT.NS,2026-03-06,ensemble_lr0.20_rf0.30_xgb0.50,2025-03-07,2026-03-06,2026-03-02,2025-04-07,2026-03-05,2026-03-06,227,2026-03-06,False,0,0.5217391304347826,0.5201120762542574,0.62,0.6810353994369507,0.6305401149693268,1,63.05,0.6305401149693268,1,63.05,HOLD,0.4757,-0.0486,High Volatility,-0.835,0.0,unavailable_no_point_in_time_source,True,2038.99,2038.9884033203125,2026-03-09,1998.3065185546875,-1.9952,0,2026-03-11,1973.8173828125,-3.1962,0.0,2026-03-13,1960.2235107421875,-3.8629,0.0,2026-03-20,1926.23876953125,-5.5297,0.0,0,0,0,1,1,1,-1.9953,1,0.0,0.0,1.0,1.0,0.0,-3.1963,0.0,0.0,0.0,1.0,1.0,0.0,-3.863,0.0,0.0,0.0,1.0,1.0,0.0,-5.5298,0.0,60-65,60-65
ADANIPORTS.NS|2026-03-06|ensemble_lr0.20_rf0.30_xgb0.50,ADANIPORTS.NS,2026-03-06,ensemble_lr0.20_rf0.30_xgb0.50,2025-03-07,2026-03-06,2026-03-02,2025-04-07,2026-03-05,2026-03-06,227,2026-03-06,False,0,0.5652173913043478,0.727559906895978,0.5,0.24567683041095734,0.41835039658467427,0,58.16,0.41835039658467427,0,58.16,HOLD,0.4623,-0.0755,High Volatility,-0.165,0.0,unavailable_no_point_in_time_source,True,1471.3,1471.29931640625,2026-03-09,1415.335205078125,-3.8037,0,2026-03-11,1404.8792724609375,-4.5144,0.0,2026-03-13,1357.4788818359375,-7.736,0.0,2026-03-20,1359.6697998046875,-7.5871,0.0,0,1,1,1,1,0,-3.8038,0,1.0,1.0,1.0,1.0,0.0,-4.5144,0.0,1.0,1.0,1.0,1.0,0.0,-7.7361,0.0,1.0,1.0,1.0,1.0,0.0,-7.5872,0.0,55-60,55-60
ANGELONE.NS|2026-03-06|ensemble_lr0.20_rf0.30_xgb0.50,ANGELONE.NS,2026-03-06,ensemble_lr0.20_rf0.30_xgb0.50,2025-03-07,2026-03-06,2026-03-02,2025-04-07,2026-03-05,2026-03-06,227,2026-03-06,False,1,0.5,0.8176066761278815,0.58,0.6059266924858093,0.640484681468481,1,64.05,0.640484681468481,1,64.05,HOLD,0.4588,-0.0824,High Volatility,-0.665,0.0,unavailable_no_point_in_time_source,True,217.3,217.29806518554688,2026-03-09,216.70425415039062,-0.2733,0,2026-03-11,216.2786865234375,-0.4691,0.0,2026-03-13,213.35906982421875,-1.8127,0.0,2026-03-20,228.9369354248047,5.3562,1.0,0,0,0,0,1,1,-0.2742,1,0.0,0.0,0.0,1.0,1.0,-0.47,1.0,0.0,0.0,0.0,1.0,1.0,-1.8136,1.0,1.0,1.0,1.0,0.0,0.0,5.3552,0.0,60-65,60-65
APOLLOTYRE.NS|2026-03-06|ensemble_lr0.20_rf0.30_xgb0.50,APOLLOTYRE.NS,2026-03-06,ensemble_lr0.20_rf0.30_xgb0.50,2025-03-07,2026-03-06,2026-03-02,2025-04-07,2026-03-05,2026-03-06,227,2026-03-06,False,0,0.5144927536231884,0.356082531269817,0.3,0.34717708826065063,0.3348050503842887,0,66.52,0.3348050503842887,0,66.52,SELL,0.3228,-0.3543,High Volatility,-0.835,0.0,unavailable_no_point_in_time_source,True,437.25,437.2494201660156,2026-03-09,428.1514587402344,-2.0807,0,2026-03-11,431.78070068359375,-1.2507,0.0,2026-03-13,398.02374267578125,-8.971,0.0,2026-03-20,418.4569091796875,-4.2979,0.0,0,1,1,1,1,1,-2.0809,1,1.0,1.0,1.0,1.0,1.0,-1.2508,1.0,1.0,1.0,1.0,1.0,1.0,-8.9711,1.0,1.0,1.0,1.0,1.0,1.0,-4.298,1.0,65-70,65-70
ASHOKLEY.NS|2026-03-06|ensemble_lr0.20_rf0.30_xgb0.50,ASHOKLEY.NS,2026-03-06,ensemble_lr0.20_rf0.30_xgb0.50,2025-03-07,2026-03-06,2026-03-02,2025-04-07,2026-03-05,2026-03-06,227,2026-03-06,False,1,0.6014492753623188,0.9547052242177779,0.66,0.9319499135017395,0.8549160015944254,1,85.49,0.8549160015944254,1,85.49,BUY,0.6324,0.2648,High Volatility,0.5,0.0,unavailable_no_point_in_time_source,True,191.4,191.4048309326172,2026-03-09,183.8044891357422,-3.9708,0,2026-03-11,181.56272888183594,-5.142,0.0,2026-03-13,167.78770446777344,-12.3388,0.0,2026-03-20,166.05723571777344,-13.2429,0.0,0,0,0,0,1,0,-3.9684,0,0.0,0.0,0.0,1.0,0.0,-5.1396,0.0,0.0,0.0,0.0,1.0,0.0,-12.3366,0.0,0.0,0.0,0.0,1.0,0.0,-13.2407,0.0,85-90,85-90
AXISBANK.NS|2026-03-06|ensemble_lr0.20_rf0.30_xgb0.50,AXISBANK.NS,2026-03-06,ensemble_lr0.20_rf0.30_xgb0.50,2025-03-07,2026-03-06,2026-03-02,2025-04-07,2026-03-05,2026-03-06,227,2026-03-06,False,0,0.5797101449275361,0.6930001328938717,0.52,0.8586183190345764,0.7239091860960626,1,72.39,0.7239091860960626,1,72.39,BUY,0.6117,0.2234,Sideways,0.335,0.0,unavailable_no_point_in_time_source,True,1314.79,1314.7860107421875,2026-03-09,1287.3072509765625,-2.09,0,2026-03-11,1254.832275390625,-4.56,0.0,2026-03-13,1196.3773193359375,-9.0059,0.0,2026-03-20,1202.9722900390625,-8.5043,0.0,0,0,0,1,1,0,-2.0903,0,0.0,0.0,1.0,1.0,0.0,-4.5603,0.0,0.0,0.0,1.0,1.0,0.0,-9.0062,0.0,0.0,0.0,1.0,1.0,0.0,-8.5046,0.0,70-75,70-75
BAJFINANCE.NS|2026-03-06|ensemble_lr0.20_rf0.30_xgb0.50,BAJFINANCE.NS,2026-03-06,ensemble_lr0.20_rf0.30_xgb0.50,2025-03-07,2026-03-06,2026-03-02,2025-04-07,2026-03-05,2026-03-06,227,2026-03-06,False,1,0.44202898550724634,0.6162254719574114,0.34,0.4430535137653351,0.44677185127414987,0,55.32,0.44677185127414987,0,55.32,SELL,0.3893,-0.2215,Bearish,-0.335,0.0,unavailable_no_point_in_time_source,True,944.39,944.3945922851562,2026-03-09,932.31884765625,-1.2787,0,2026-03-11,888.1901245117188,-5.9514,0.0,2026-03-13,849.825927734375,-10.0137,0.0,2026-03-20,825.4755859375,-12.5921,0.0,0,1,1,0,1,1,-1.2782,1,1.0,1.0,0.0,1.0,1.0,-5.9509,1.0,1.0,1.0,0.0,1.0,1.0,-10.0132,1.0,1.0,1.0,0.0,1.0,1.0,-12.5917,1.0,55-60,55-60
BEL.NS|2026-03-06|ensemble_lr0.20_rf0.30_xgb0.50,BEL.NS,2026-03-06,ensemble_lr0.20_rf0.30_xgb0.50,2025-03-07,2026-03-06,2026-03-02,2025-04-07,2026-03-05,2026-03-06,227,2026-03-06,False,1,0.5652173913043478,0.2451319114670425,0.46,0.24515976011753082,0.3096062623521739,0,69.04,0.3096062623521739,0,69.04,BUY,0.6696,0.3392,Bullish,1.0,0.0,unavailable_no_point_in_time_source,True,467.81,467.81494140625,2026-03-09,456.72998046875,-2.3695,0,2026-03-11,453.484375,-3.0633,0.0,2026-03-13,438.8042907714844,-6.2013,0.0,2026-03-20,425.5223388671875,-9.0405,0.0,1,1,1,0,0,0,-2.3685,0,1.0,1.0,0.0,0.0,0.0,-3.0623,0.0,1.0,1.0,0.0,0.0,0.0,-6.2003,0.0,1.0,1.0,0.0,0.0,0.0,-9.0395,0.0,65-70,65-70
BPCL.NS|2026-03-06|ensemble_lr0.20_rf0.30_xgb0.50,BPCL.NS,2026-03-06,ensemble_lr0.20_rf0.30_xgb0.50,2025-03-07,2026-03-06,2026-03-02,2025-04-07,2026-03-05,2026-03-06,227,2026-03-06,False,0,0.4710144927536232,0.6701295971479366,0.52,0.6763690710067749,0.6282104549329748,1,62.82,0.6282104549329748,1,62.82,HOLD,0.5709,0.1417,Sideways,-0.165,0.0,unavailable_no_point_in_time_source,True,352.75,352.75,2026-03-09,331.1499938964844,-6.1233,0,2026-03-11,325.04998779296875,-7.8526,0.0,2026-03-13,319.29998779296875,-9.4826,0.0,2026-03-20,287.79998779296875,-18.4125,0.0,0,0,0,1,1,0,-6.1233,0,0.0,0.0,1.0,1.0,0.0,-7.8526,0.0,0.0,0.0,1.0,1.0,0.0,-9.4826,0.0,0.0,0.0,1.0,1.0,0.0,-18.4125,0.0,60-65,60-65
AARTIIND.NS|2026-03-13|ensemble_lr0.20_rf0.30_xgb0.50,AARTIIND.NS,2026-03-13,ensemble_lr0.20_rf0.30_xgb0.50,2025-03-17,2026-03-13,2026-03-09,2025-04-16,2026-03-12,2026-03-13,227,2026-03-13,False,0,0.4710144927536232,0.9604690865453261,0.6,0.4648769497871399,0.6045322922026352,1,60.45,0.6045322922026352,1,60.45,HOLD,0.5749,0.1498,High Volatility,0.0,0.0,unavailable_no_point_in_time_source,True,419.92,419.9152526855469,2026-03-16,424.3065185546875,1.0458,1,2026-03-18,432.0411376953125,2.8877,1.0,2026-03-20,426.5021667480469,1.5686,1.0,2026-03-30,398.25830078125,-5.1575,0.0,0,1,1,0,0,1,1.0446,1,1.0,1.0,0.0,0.0,1.0,2.8865,1.0,1.0,1.0,0.0,0.0,1.0,1.5675,1.0,0.0,0.0,1.0,1.0,0.0,-5.1585,0.0,60-65,60-65
ABFRL.NS|2026-03-13|ensemble_lr0.20_rf0.30_xgb0.50,ABFRL.NS,2026-03-13,ensemble_lr0.20_rf0.30_xgb0.50,2025-03-17,2026-03-13,2026-03-09,2025-04-16,2026-03-12,2026-03-13,227,2026-03-13,False,0,0.41304347826086957,0.4977823776799814,0.62,0.6040105223655701,0.5875617367187813,1,58.76,0.5875617367187813,1,58.76,HOLD,0.4644,-0.0711,High Volatility,-0.665,0.0,unavailable_no_point_in_time_source,True,59.28,59.279998779296875,2026-03-16,58.4900016784668,-1.3327,0,2026-03-18,59.22999954223633,-0.0843,0.0,2026-03-20,59.97999954223633,1.1808,1.0,2026-03-30,53.88999938964844,-9.0924,0.0,0,0,0,1,1,1,-1.3327,1,0.0,0.0,1.0,1.0,1.0,-0.0843,1.0,1.0,1.0,0.0,0.0,1.0,1.1808,1.0,0.0,0.0,1.0,1.0,0.0,-9.0924,0.0,55-60,55-60
ADANIENT.NS|2026-03-13|ensemble_lr0.20_rf0.30_xgb0.50,ADANIENT.NS,2026-03-13,ensemble_lr0.20_rf0.30_xgb0.50,2025-03-17,2026-03-13,2026-03-09,2025-04-16,2026-03-12,2026-03-13,227,2026-03-13,False,0,0.48550724637681153,0.46986818349363874,0.62,0.7965103387832642,0.6782288060903598,1,67.82,0.6782288060903598,1,67.82,HOLD,0.4275,-0.145,High Volatility,-1.0,0.0,unavailable_no_point_in_time_source,True,1960.22,1960.2235107421875,2026-03-16,1977.115966796875,0.8618,1,2026-03-18,2006.3028564453125,2.3507,1.0,2026-03-20,1926.23876953125,-1.7337,0.0,2026-03-30,1758.0140380859375,-10.3156,0.0,0,1,1,0,0,1,0.8619,1,1.0,1.0,0.0,0.0,1.0,2.3509,1.0,0.0,0.0,1.0,1.0,1.0,-1.7335,1.0,0.0,0.0,1.0,1.0,0.0,-10.3155,0.0,65-70,65-70
ADANIPORTS.NS|2026-03-13|ensemble_lr0.20_rf0.30_xgb0.50,ADANIPORTS.NS,2026-03-13,ensemble_lr0.20_rf0.30_xgb0.50,2025-03-17,2026-03-13,2026-03-09,2025-04-16,2026-03-12,2026-03-13,227,2026-03-13,False,0,0.5217391304347826,0.4960988980151397,0.72,0.9429172873497009,0.7866784232778784,1,78.67,0.7866784232778784,1,78.67,HOLD,0.4812,-0.0377,High Volatility,-0.335,0.0,unavailable_no_point_in_time_source,True,1357.48,1357.4788818359375,2026-03-16,1368.134033203125,0.7849,1,2026-03-18,1396.0166015625,2.8389,1.0,2026-03-20,1359.6697998046875,0.1614,1.0,2026-03-30,1307.09130859375,-3.7118,0.0,0,1,1,0,0,1,0.7848,1,1.0,1.0,0.0,0.0,1.0,2.8388,1.0,1.0,1.0,0.0,0.0,1.0,0.1613,1.0,0.0,0.0,1.0,1.0,0.0,-3.7119,0.0,75-80,75-80
ANGELONE.NS|2026-03-13|ensemble_lr0.20_rf0.30_xgb0.50,ANGELONE.NS,2026-03-13,ensemble_lr0.20_rf0.30_xgb0.50,2025-03-17,2026-03-13,2026-03-09,2025-04-16,2026-03-12,2026-03-13,227,2026-03-13,False,0,0.5434782608695653,0.5889002465556796,0.7,0.8280189633369446,0.7417895309796082,1,74.18,0.7417895309796082,1,74.18,HOLD,0.4372,-0.1256,High Volatility,-1.0,0.0,unavailable_no_point_in_time_source,True,213.36,213.35906982421875,2026-03-16,214.3982696533203,0.4871,1,2026-03-18,233.77655029296875,9.5695,1.0,2026-03-20,228.9369354248047,7.3012,1.0,2026-03-30,226.8284912109375,6.313,1.0,1,1,1,0,1,1,0.4866,1,1.0,1.0,0.0,1.0,0.0,9.5691,0.0,1.0,1.0,0.0,1.0,0.0,7.3008,0.0,1.0,1.0,0.0,1.0,0.0,6.3126,0.0,70-75,70-75
ASIANPAINT.NS|2026-03-13|ensemble_lr0.20_rf0.30_xgb0.50,ASIANPAINT.NS,2026-03-13,ensemble_lr0.20_rf0.30_xgb0.50,2025-03-17,2026-03-13,2026-03-09,2025-04-16,2026-03-12,2026-03-13,227,2026-03-13,False,0,0.41304347826086957,0.2987895910142051,0.38,0.4806351065635681,0.4140754714846251,0,58.59,0.4140754714846251,0,58.59,SELL,0.3184,-0.3633,Bearish,-0.835,0.0,unavailable_no_point_in_time_source,True,2177.9,2177.904541015625,2026-03-16,2198.624755859375,0.9514,1,2026-03-18,2242.642822265625,2.9725,1.0,2026-03-20,2176.516357421875,-0.0637,0.0,2026-03-30,2146.576171875,-1.4385,0.0,0,0,0,0,0,0,0.9516,0,0.0,0.0,0.0,0.0,0.0,2.9727,0.0,1.0,1.0,1.0,1.0,1.0,-0.0635,1.0,1.0,1.0,1.0,1.0,1.0,-1.4383,1.0,55-60,55-60
ASTRAL.NS|2026-03-13|ensemble_lr0.20_rf0.30_xgb0.50,ASTRAL.NS,2026-03-13,ensemble_lr0.20_rf0.30_xgb0.50,2025-03-17,2026-03-13,2026-03-09,2025-04-16,2026-03-12,2026-03-13,227,2026-03-13,False,1,0.5072463768115942,0.6208546004706683,0.64,0.8321732878684998,0.7322575640283835,1,73.23,0.7322575640283835,1,73.23,BUY,0.598,0.196,High Volatility,0.165,0.0,unavailable_no_point_in_time_source,True,1609.27,1609.2689208984375,2026-03-16,1617.156494140625,0.4901,1,2026-03-18,1665.780029296875,3.5116,1.0,2026-03-20,1629.237548828125,1.2409,1.0,2026-03-30,1596.489013671875,-0.7941,0.0,0,1,1,1,0,1,0.4901,1,1.0,1.0,1.0,0.0,1.0,3.5115,1.0,1.0,1.0,1.0,0.0,1.0,1.2408,1.0,0.0,0.0,0.0,1.0,0.0,-0.7942,0.0,70-75,70-75
AUBANK.NS|2026-03-13|ensemble_lr0.20_rf0.30_xgb0.50,AUBANK.NS,2026-03-13,ensemble_lr0.20_rf0.30_xgb0.50,2025-03-17,2026-03-13,2026-03-09,2025-04-16,2026-03-12,2026-03-13,227,2026-03-13,False,1,0.5,0.15651047416948738,0.46,0.5028718113899231,0.420738000528859,0,57.93,0.420738000528859,0,57.93,SELL,0.346,-0.3081,High Volatility,-0.5,0.0,unavailable_no_point_in_time_source,True,883.49,883.4920043945312,2026-03-16,884.4411010742188,0.1074,1,2026-03-18,929.2476196289062,5.179,1.0,2026-03-20,900.6253662109375,1.9393,1.0,2026-03-30,841.8824462890625,-4.7097,0.0,0,0,0,1,0,0,0.1077,0,0.0,0.0,1.0,0.0,0.0,5.1792,0.0,0.0,0.0,1.0,0.0,0.0,1.9395,0.0,1.0,1.0,0.0,1.0,1.0,-4.7095,1.0,55-60,55-60
BEL.NS|2026-03-13|ensemble_lr0.20_rf0.30_xgb0.50,BEL.NS,2026-03-13,ensemble_lr0.20_rf0.30_xgb0.50,2025-03-17,2026-03-13,2026-03-09,2025-04-16,2026-03-12,2026-03-13,227,2026-03-13,False,0,0.5652173913043478,0.7645395957958634,0.42,0.7230080962181091,0.6404119672682272,1,64.04,0.6404119672682272,1,64.04,HOLD,0.575,0.1501,High Volatility,0.335,0.0,unavailable_no_point_in_time_source,True,438.8,438.8042907714844,2026-03-16,428.917724609375,-2.2531,0,2026-03-18,441.9999694824219,0.7283,1.0,2026-03-20,425.5223388671875,-3.0269,0.0,2026-03-30,400.1068420410156,-8.8188,0.0,0,0,0,1,1,1,-2.2521,1,1.0,1.0,0.0,0.0,1.0,0.7293,1.0,0.0,0.0,1.0,1.0,0.0,-3.0259,0.0,0.0,0.0,1.0,1.0,0.0,-8.8179,0.0,60-65,60-65
AARTIIND.NS|2026-03-20|ensemble_lr0.20_rf0.30_xgb0.50,AARTIIND.NS,2026-03-20,ensemble_lr0.20_rf0.30_xgb0.50,2025-03-21,2026-03-20,2026-03-16,2025-04-23,2026-03-19,2026-03-20,228,2026-03-20,False,0,0.5217391304347826,0.7762519147908474,0.5,0.2800162732601166,0.4452585195882278,0,55.47,0.4452585195882278,0,55.47,HOLD,0.4643,-0.0713,High Volatility,0.0,0.0,unavailable_no_point_in_time_source,True,426.5,426.5021667480469,2026-03-23,404.34619140625,-5.1948,0,2026-03-25,430.3944396972656,0.9126,1.0,2026-03-30,398.25830078125,-6.6222,0.0,2026-04-08,420.8633728027344,-1.3221,0.0,1,1,1,1,0,0,-5.1943,0,0.0,0.0,0.0,1.0,1.0,0.9131,1.0,1.0,1.0,1.0,0.0,0.0,-6.6217,0.0,1.0,1.0,1.0,0.0,1.0,-1.3216,1.0,55-60,55-60
ABFRL.NS|2026-03-20|ensemble_lr0.20_rf0.30_xgb0.50,ABFRL.NS,2026-03-20,ensemble_lr0.20_rf0.30_xgb0.50,2025-03-21,2026-03-20,2026-03-16,2025-04-23,2026-03-19,2026-03-20,228,2026-03-20,False,0,0.4057971014492754,0.17078747090960722,0.44,0.21720696985721588,0.2747609791105294,0,72.52,0.2747609791105294,0,72.52,SELL,0.3397,-0.3205,High Volatility,-0.665,0.0,unavailable_no_point_in_time_source,True,59.98,59.97999954223633,2026-03-23,56.939998626708984,-5.0684,0,2026-03-25,58.849998474121094,-1.884,0.0,2026-03-30,53.88999938964844,-10.1534,0.0,2026-04-08,59.470001220703125,-0.8503,0.0,1,1,1,1,0,1,-5.0684,1,1.0,1.0,1.0,0.0,1.0,-1.884,1.0,1.0,1.0,1.0,0.0,1.0,-10.1534,1.0,1.0,1.0,1.0,0.0,1.0,-0.8503,1.0,70-75,70-75
ADANIENT.NS|2026-03-20|ensemble_lr0.20_rf0.30_xgb0.50,ADANIENT.NS,2026-03-20,ensemble_lr0.20_rf0.30_xgb0.50,2025-03-21,2026-03-20,2026-03-16,2025-04-23,2026-03-19,2026-03-20,228,2026-03-20,False,0,0.5144927536231885,0.5678064699187791,0.58,0.5251357555389404,0.5501291717532261,1,55.01,0.5501291717532261,1,55.01,HOLD,0.423,-0.154,High Volatility,-1.0,0.0,unavailable_no_point_in_time_source,True,1926.24,1926.23876953125,2026-03-23,1832.1807861328125,-4.883,0,2026-03-25,1885.7568359375,-2.1016,0.0,2026-03-30,1758.0140380859375,-8.7333,0.0,2026-04-08,2042.8865966796875,6.0557,1.0,0,0,0,1,1,0,-4.883,0,0.0,0.0,1.0,1.0,1.0,-2.1017,1.0,0.0,0.0,1.0,1.0,0.0,-8.7334,0.0,1.0,1.0,0.0,0.0,0.0,6.0557,0.0,55-60,55-60
ADANIPORTS.NS|2026-03-20|ensemble_lr0.20_rf0.30_xgb0.50,ADANIPORTS.NS,2026-03-20,ensemble_lr0.20_rf0.30_xgb0.50,2025-03-21,2026-03-20,2026-03-16,2025-04-23,2026-03-19,2026-03-20,228,2026-03-20,False,0,0.5217391304347826,0.5651831202752153,0.88,0.8398662805557251,0.7969697643329057,1,79.7,0.7969697643329057,1,79.7,HOLD,0.5054,0.0108,High Volatility,-0.5,0.0,unavailable_no_point_in_time_source,True,1359.67,1359.6697998046875,2026-03-23,1298.1290283203125,-4.5262,0,2026-03-25,1370.125732421875,0.769,1.0,2026-03-30,1307.09130859375,-3.867,0.0,2026-04-08,1447.200927734375,6.4377,1.0,1,0,0,1,0,0,-4.5262,0,1.0,1.0,0.0,1.0,1.0,0.769,1.0,0.0,0.0,1.0,0.0,0.0,-3.867,0.0,1.0,1.0,0.0,1.0,0.0,6.4377,0.0,75-80,75-80
ASIANPAINT.NS|2026-03-20|ensemble_lr0.20_rf0.30_xgb0.50,ASIANPAINT.NS,2026-03-20,ensemble_lr0.20_rf0.30_xgb0.50,2025-03-21,2026-03-20,2026-03-16,2025-04-23,2026-03-19,2026-03-20,228,2026-03-20,False,0,0.4855072463768116,0.46820658593610526,0.78,0.6469544172286987,0.6511185258015704,1,65.11,0.6511185258015704,1,65.11,HOLD,0.4309,-0.1382,Bearish,-0.665,0.0,unavailable_no_point_in_time_source,True,2176.52,2176.516357421875,2026-03-23,2103.053955078125,-3.3752,0,2026-03-25,2250.673095703125,3.4071,1.0,2026-03-30,2146.576171875,-1.3756,0.0,2026-04-08,2262.76806640625,3.9628,1.0,1,0,0,1,0,0,-3.3754,0,1.0,1.0,0.0,1.0,0.0,3.407,0.0,0.0,0.0,1.0,0.0,1.0,-1.3758,1.0,1.0,1.0,0.0,1.0,0.0,3.9627,0.0,65-70,65-70
ASTRAL.NS|2026-03-20|ensemble_lr0.20_rf0.30_xgb0.50,ASTRAL.NS,2026-03-20,ensemble_lr0.20_rf0.30_xgb0.50,2025-03-21,2026-03-20,2026-03-16,2025-04-23,2026-03-19,2026-03-20,228,2026-03-20,False,0,0.4855072463768116,0.46749066102455206,0.42,0.31684350967407227,0.37791988704194657,0,62.21,0.37791988704194657,0,62.21,HOLD,0.487,-0.026,High Volatility,0.5,0.0,unavailable_no_point_in_time_source,True,1629.24,1629.237548828125,2026-03-23,1553.8560791015625,-4.6268,0,2026-03-25,1644.0142822265625,0.907,1.0,2026-03-30,1596.489013671875,-2.0101,0.0,2026-04-08,1523.1044921875,-6.5143,0.0,0,1,1,1,1,0,-4.6269,0,0.0,0.0,0.0,0.0,1.0,0.9068,1.0,1.0,1.0,1.0,1.0,1.0,-2.0102,1.0,1.0,1.0,1.0,1.0,0.0,-6.5144,0.0,60-65,60-65
AUBANK.NS|2026-03-20|ensemble_lr0.20_rf0.30_xgb0.50,AUBANK.NS,2026-03-20,ensemble_lr0.20_rf0.30_xgb0.50,2025-03-21,2026-03-20,2026-03-16,2025-04-23,2026-03-19,2026-03-20,228,2026-03-20,False,0,0.5579710144927535,0.18734850888603208,0.18,0.16736650466918945,0.17515295411180115,0,82.48,0.17515295411180115,0,82.48,SELL,0.3221,-0.3557,High Volatility,-0.5,0.0,unavailable_no_point_in_time_source,True,900.63,900.6253662109375,2026-03-23,848.7257690429688,-5.7626,0,2026-03-25,909.5167846679688,0.9872,1.0,2026-03-30,841.8824462890625,-6.5225,0.0,2026-04-08,966.8610229492188,7.3544,1.0,0,1,1,1,1,1,-5.7631,1,0.0,0.0,0.0,0.0,0.0,0.9867,0.0,1.0,1.0,1.0,1.0,1.0,-6.5229,1.0,0.0,0.0,0.0,0.0,0.0,7.3539,0.0,80-85,80-85
AXISBANK.NS|2026-03-20|ensemble_lr0.20_rf0.30_xgb0.50,AXISBANK.NS,2026-03-20,ensemble_lr0.20_rf0.30_xgb0.50,2025-03-21,2026-03-20,2026-03-16,2025-04-23,2026-03-19,2026-03-20,228,2026-03-20,False,0,0.572463768115942,0.5642627231421968,0.22,0.358015239238739,0.35786016424780887,0,64.21,0.35786016424780887,0,64.21,SELL,0.2988,-0.4024,Bearish,-0.5,0.0,unavailable_no_point_in_time_source,True,1202.97,1202.9722900390625,2026-03-23,1169.6978759765625,-2.766,0,2026-03-25,1221.158203125,1.5117,1.0,2026-03-30,1160.4051513671875,-3.5385,0.0,2026-04-08,1331.9727783203125,10.7235,1.0,0,1,1,1,1,1,-2.7658,1,0.0,0.0,0.0,0.0,0.0,1.5119,0.0,1.0,1.0,1.0,1.0,1.0,-3.5383,1.0,0.0,0.0,0.0,0.0,0.0,10.7237,0.0,60-65,60-65
BAJAJFINSV.NS|2026-03-20|ensemble_lr0.20_rf0.30_xgb0.50,BAJAJFINSV.NS,2026-03-20,ensemble_lr0.20_rf0.30_xgb0.50,2025-03-21,2026-03-20,2026-03-16,2025-04-23,2026-03-19,2026-03-20,228,2026-03-20,False,0,0.5,0.7289845564120472,0.54,0.8122630715370178,0.7139284470509184,1,71.39,0.7139284470509184,1,71.39,SELL,0.4114,-0.1773,Bearish,-0.835,0.0,unavailable_no_point_in_time_source,True,1708.84,1708.8419189453125,2026-03-23,1674.071533203125,-2.0347,0,2026-03-25,1744.711181640625,2.099,1.0,2026-03-30,1630.4088134765625,-4.5898,0.0,2026-04-08,1783.0784912109375,4.3443,1.0,0,0,0,1,1,1,-2.0346,1,1.0,1.0,0.0,0.0,0.0,2.0992,0.0,0.0,0.0,1.0,1.0,1.0,-4.5897,1.0,1.0,1.0,0.0,0.0,0.0,4.3444,0.0,70-75,70-75
BAJFINANCE.NS|2026-03-20|ensemble_lr0.20_rf0.30_xgb0.50,BAJFINANCE.NS,2026-03-20,ensemble_lr0.20_rf0.30_xgb0.50,2025-03-21,2026-03-20,2026-03-16,2025-04-23,2026-03-19,2026-03-20,228,2026-03-20,False,1,0.5507246376811594,0.10072924505008286,0.32,0.33235642313957214,0.28232406057980264,0,71.77,0.28232406057980264,0,71.77,SELL,0.354,-0.292,High Volatility,-0.665,0.0,unavailable_no_point_in_time_source,True,825.48,825.4755859375,2026-03-23,807.63525390625,-2.1612,0,2026-03-25,877.356689453125,6.285,1.0,2026-03-30,796.6527709960938,-3.4917,0.0,2026-04-08,909.4593505859375,10.174,1.0,0,1,1,0,1,1,-2.1617,1,0.0,0.0,1.0,0.0,0.0,6.2844,0.0,1.0,1.0,0.0,1.0,1.0,-3.4922,1.0,0.0,0.0,1.0,0.0,0.0,10.1734,0.0,70-75,70-75
BEL.NS|2026-03-20|ensemble_lr0.20_rf0.30_xgb0.50,BEL.NS,2026-03-20,ensemble_lr0.20_rf0.30_xgb0.50,2025-03-21,2026-03-20,2026-03-16,2025-04-23,2026-03-19,2026-03-20,228,2026-03-20,False,0,0.5289855072463768,0.49504465412321125,0.42,0.2511056065559387,0.3505617341026116,0,64.94,0.3505617341026116,0,64.94,HOLD,0.4861,-0.0277,High Volatility,0.335,0.0,unavailable_no_point_in_time_source,True,425.52,425.5223388671875,2026-03-23,404.95025634765625,-4.8345,0,2026-03-25,412.8894958496094,-2.9688,0.0,2026-03-30,400.1068420410156,-5.9728,0.0,2026-04-08,432.5128479003906,1.6428,1.0,0,1,1,1,1,0,-4.834,0,1.0,1.0,1.0,1.0,1.0,-2.9683,1.0,1.0,1.0,1.0,1.0,0.0,-5.9723,0.0,0.0,0.0,0.0,0.0,1.0,1.6434,1.0,60-65,60-65
AARTIIND.NS|2026-03-30|ensemble_lr0.20_rf0.30_xgb0.50,AARTIIND.NS,2026-03-30,ensemble_lr0.20_rf0.30_xgb0.50,2025-04-01,2026-03-30,2026-03-30,2025-05-02,2026-03-27,2026-03-30,227,2026-03-30,False,0,0.47826086956521735,0.6792144352089551,0.62,0.7844825983047485,0.7140841861941652,1,71.41,0.7140841861941652,1,71.41,HOLD,0.5487,0.0975,High Volatility,0.0,0.0,unavailable_no_point_in_time_source,True,398.26,398.25830078125,2026-04-01,410.58380126953125,3.0949,1,2026-04-06,403.3981018066406,1.2906,1.0,2026-04-08,420.8633728027344,5.676,1.0,2026-04-16,437.0312194824219,9.7356,1.0,0,1,1,0,0,0,3.0944,0,1.0,1.0,0.0,0.0,1.0,1.2901,1.0,1.0,1.0,0.0,0.0,0.0,5.6755,0.0,1.0,1.0,0.0,0.0,0.0,9.7352,0.0,70-75,70-75
ABCAPITAL.NS|2026-03-30|ensemble_lr0.20_rf0.30_xgb0.50,ABCAPITAL.NS,2026-03-30,ensemble_lr0.20_rf0.30_xgb0.50,2025-04-01,2026-03-30,2026-03-30,2025-05-02,2026-03-27,2026-03-30,227,2026-03-30,False,1,0.5289855072463768,0.6565065335808192,0.7,0.7902103066444397,0.7364064600383837,1,73.64,0.7364064600383837,1,73.64,HOLD,0.4496,-0.1007,High Volatility,-0.665,0.0,unavailable_no_point_in_time_source,True,292.25,292.25,2026-04-01,302.8999938964844,3.6441,1,2026-04-06,311.29998779296875,6.5184,1.0,2026-04-08,338.3999938964844,15.7913,1.0,2026-04-16,337.95001220703125,15.6373,1.0,0,1,1,1,0,0,3.6441,0,1.0,1.0,1.0,0.0,0.0,6.5184,0.0,1.0,1.0,1.0,0.0,0.0,15.7913,0.0,1.0,1.0,1.0,0.0,0.0,15.6373,0.0,70-75,70-75
ABFRL.NS|2026-03-30|ensemble_lr0.20_rf0.30_xgb0.50,ABFRL.NS,2026-03-30,ensemble_lr0.20_rf0.30_xgb0.50,2025-04-01,2026-03-30,2026-03-30,2025-05-02,2026-03-27,2026-03-30,227,2026-03-30,False,0,0.5217391304347826,0.5478424478560232,0.64,0.8237776160240173,0.7134572975832133,1,71.35,0.7134572975832133,1,71.35,HOLD,0.4613,-0.0773,High Volatility,-0.665,0.0,unavailable_no_point_in_time_source,True,53.89,53.88999938964844,2026-04-01,58.04999923706055,7.7194,1,2026-04-06,58.939998626708984,9.3709,1.0,2026-04-08,59.470001220703125,10.3544,1.0,2026-04-16,63.779998779296875,18.3522,1.0,0,1,1,0,0,0,7.7194,0,1.0,1.0,0.0,0.0,0.0,9.3709,0.0,1.0,1.0,0.0,0.0,0.0,10.3544,0.0,1.0,1.0,0.0,0.0,0.0,18.3522,0.0,70-75,70-75
ADANIENT.NS|2026-03-30|ensemble_lr0.20_rf0.30_xgb0.50,ADANIENT.NS,2026-03-30,ensemble_lr0.20_rf0.30_xgb0.50,2025-04-01,2026-03-30,2026-03-30,2025-05-02,2026-03-27,2026-03-30,227,2026-03-30,False,0,0.4710144927536232,0.43771734875198426,0.36,0.3910403847694397,0.3910636621351167,0,60.89,0.3910636621351167,0,60.89,SELL,0.3327,-0.3346,High Volatility,-1.0,0.0,unavailable_no_point_in_time_source,True,1758.01,1758.0140380859375,2026-04-01,1841.676513671875,4.7589,1,2026-04-06,1901.349853515625,8.1533,1.0,2026-04-08,2042.8865966796875,16.2042,1.0,2026-04-16,2202.715087890625,25.2956,1.0,0,0,0,0,0,0,4.7592,0,0.0,0.0,0.0,0.0,0.0,8.1535,0.0,0.0,0.0,0.0,0.0,0.0,16.2045,0.0,0.0,0.0,0.0,0.0,0.0,25.2959,0.0,60-65,60-65
ADANIPORTS.NS|2026-03-30|ensemble_lr0.20_rf0.30_xgb0.50,ADANIPORTS.NS,2026-03-30,ensemble_lr0.20_rf0.30_xgb0.50,2025-04-01,2026-03-30,2026-03-30,2025-05-02,2026-03-27,2026-03-30,227,2026-03-30,False,0,0.5217391304347826,0.6199912165218866,0.64,0.715717613697052,0.6738570501529033,1,67.39,0.6738570501529033,1,67.39,HOLD,0.4525,-0.0951,High Volatility,-0.665,0.0,unavailable_no_point_in_time_source,True,1307.09,1307.09130859375,2026-04-01,1379.5858154296875,5.5462,1,2026-04-06,1381.2786865234375,5.6758,1.0,2026-04-08,1447.200927734375,10.7192,1.0,2026-04-16,1543.2958984375,18.071,1.0,0,1,1,0,0,0,5.5464,0,1.0,1.0,0.0,0.0,0.0,5.6759,0.0,1.0,1.0,0.0,0.0,0.0,10.7193,0.0,1.0,1.0,0.0,0.0,0.0,18.0711,0.0,65-70,65-70
ANGELONE.NS|2026-03-30|ensemble_lr0.20_rf0.30_xgb0.50,ANGELONE.NS,2026-03-30,ensemble_lr0.20_rf0.30_xgb0.50,2025-04-01,2026-03-30,2026-03-30,2025-05-02,2026-03-27,2026-03-30,227,2026-03-30,False,1,0.5579710144927535,0.39045972831274095,0.34,0.29729679226875305,0.32874034179692474,0,67.13,0.32874034179692474,0,67.13,SELL,0.4051,-0.1897,High Volatility,-0.335,0.0,unavailable_no_point_in_time_source,True,226.83,226.8284912109375,2026-04-01,239.85821533203125,5.7443,1,2026-04-06,245.29139709472656,8.1396,1.0,2026-04-08,266.7948913574219,17.6197,1.0,2026-04-16,291.70782470703125,28.6028,1.0,0,0,0,1,0,0,5.7436,0,0.0,0.0,1.0,0.0,0.0,8.1389,0.0,0.0,0.0,1.0,0.0,0.0,17.6189,0.0,0.0,0.0,1.0,0.0,0.0,28.602,0.0,65-70,65-70
APOLLOTYRE.NS|2026-03-30|ensemble_lr0.20_rf0.30_xgb0.50,APOLLOTYRE.NS,2026-03-30,ensemble_lr0.20_rf0.30_xgb0.50,2025-04-01,2026-03-30,2026-03-30,2025-05-02,2026-03-27,2026-03-30,227,2026-03-30,False,0,0.3840579710144927,0.4853077045563676,0.4,0.30010828375816345,0.3671156827903552,0,63.29,0.3671156827903552,0,63.29,SELL,0.336,-0.3281,High Volatility,-0.665,0.0,unavailable_no_point_in_time_source,True,409.96,409.95550537109375,2026-04-01,412.88873291015625,0.7155,1,2026-04-06,408.5634765625,-0.3396,0.0,2026-04-08,433.62017822265625,5.7725,1.0,2026-04-16,441.12725830078125,7.6037,1.0,0,0,0,0,0,0,0.7144,0,1.0,1.0,1.0,1.0,1.0,-0.3406,1.0,0.0,0.0,0.0,0.0,0.0,5.7713,0.0,0.0,0.0,0.0,0.0,0.0,7.6025,0.0,60-65,60-65
ASHOKLEY.NS|2026-03-30|ensemble_lr0.20_rf0.30_xgb0.50,ASHOKLEY.NS,2026-03-30,ensemble_lr0.20_rf0.30_xgb0.50,2025-04-01,2026-03-30,2026-03-30,2025-05-02,2026-03-27,2026-03-30,227,2026-03-30,False,1,0.5507246376811595,0.7928435478750977,0.58,0.5254279971122742,0.5952827081311567,1,59.53,0.5952827081311567,1,59.53,HOLD,0.4823,-0.0353,High Volatility,-0.5,0.0,unavailable_no_point_in_time_source,True,151.54,151.5447998046875,2026-04-01,146.60899353027344,-3.257,0,2026-04-06,148.37881469726562,-2.0891,0.0,2026-04-08,169.58700561523438,11.9055,1.0,2026-04-16,173.76573181152344,14.6629,1.0,0,0,0,0,1,0,-3.2539,0,0.0,0.0,0.0,1.0,1.0,-2.086,1.0,1.0,1.0,1.0,0.0,0.0,11.9091,0.0,1.0,1.0,1.0,0.0,0.0,14.6666,0.0,55-60,55-60
ASIANPAINT.NS|2026-03-30|ensemble_lr0.20_rf0.30_xgb0.50,ASIANPAINT.NS,2026-03-30,ensemble_lr0.20_rf0.30_xgb0.50,2025-04-01,2026-03-30,2026-03-30,2025-05-02,2026-03-27,2026-03-30,227,2026-03-30,False,0,0.5434782608695653,0.36079393358896494,0.54,0.23475851118564606,0.35153804231061603,0,64.85,0.35153804231061603,0,64.85,SELL,0.3379,-0.3241,Bearish,-0.665,0.0,unavailable_no_point_in_time_source,True,2146.58,2146.576171875,2026-04-01,2206.655029296875,2.7988,1,2026-04-06,2165.511962890625,0.8821,1.0,2026-04-08,2262.76806640625,5.4129,1.0,2026-04-16,2419.31005859375,12.7055,1.0,0,0,0,0,0,0,2.7986,0,0.0,0.0,0.0,0.0,0.0,0.882,0.0,0.0,0.0,0.0,0.0,0.0,5.4127,0.0,0.0,0.0,0.0,0.0,0.0,12.7053,0.0,60-65,60-65
AUBANK.NS|2026-03-30|ensemble_lr0.20_rf0.30_xgb0.50,AUBANK.NS,2026-03-30,ensemble_lr0.20_rf0.30_xgb0.50,2025-04-01,2026-03-30,2026-03-30,2025-05-02,2026-03-27,2026-03-30,227,2026-03-30,False,0,0.5362318840579711,0.3720141236684191,0.48,0.3258326053619385,0.38131912741465307,0,61.87,0.38131912741465307,0,61.87,SELL,0.3443,-0.3113,High Volatility,-0.5,0.0,unavailable_no_point_in_time_source,True,841.88,841.8824462890625,2026-04-01,874.0512084960938,3.8211,1,2026-04-06,882.6928100585938,4.8475,1.0,2026-04-08,966.8610229492188,14.8451,1.0,2026-04-16,982.9954223632812,16.7616,1.0,0,0,0,0,0,0,3.8214,0,0.0,0.0,0.0,0.0,0.0,4.8478,0.0,0.0,0.0,0.0,0.0,0.0,14.8455,0.0,0.0,0.0,0.0,0.0,0.0,16.7619,0.0,60-65,60-65
AXISBANK.NS|2026-03-30|ensemble_lr0.20_rf0.30_xgb0.50,AXISBANK.NS,2026-03-30,ensemble_lr0.20_rf0.30_xgb0.50,2025-04-01,2026-03-30,2026-03-30,2025-05-02,2026-03-27,2026-03-30,227,2026-03-30,False,0,0.5434782608695653,0.4332069828055982,0.56,0.7045136094093323,0.6068982012657858,1,60.69,0.6068982012657858,1,60.69,HOLD,0.47,-0.06,High Volatility,-0.5,0.0,unavailable_no_point_in_time_source,True,1160.41,1160.4051513671875,2026-04-01,1192.1805419921875,2.7383,1,2026-04-06,1244.34033203125,7.2333,1.0,2026-04-08,1331.9727783203125,14.7851,1.0,2026-04-16,1348.5599365234375,16.2146,1.0,0,1,1,0,0,1,2.7379,1,1.0,1.0,0.0,0.0,0.0,7.2328,0.0,1.0,1.0,0.0,0.0,0.0,14.7847,0.0,1.0,1.0,0.0,0.0,0.0,16.2141,0.0,60-65,60-65
BEL.NS|2026-03-30|ensemble_lr0.20_rf0.30_xgb0.50,BEL.NS,2026-03-30,ensemble_lr0.20_rf0.30_xgb0.50,2025-04-01,2026-03-30,2026-03-30,2025-05-02,2026-03-27,2026-03-30,227,2026-03-30,False,0,0.5652173913043478,0.646709059403186,0.24,0.31270718574523926,0.35769540475325684,0,64.23,0.35769540475325684,0,64.23,SELL,0.3611,-0.2777,High Volatility,-0.335,0.0,unavailable_no_point_in_time_source,True,400.11,400.1068420410156,2026-04-01,418.13238525390625,4.5052,1,2026-04-06,426.5708923339844,6.6142,1.0,2026-04-08,432.5128479003906,8.0993,1.0,2026-04-16,455.0322570800781,13.7277,1.0,0,0,0,0,0,0,4.5044,0,0.0,0.0,0.0,0.0,0.0,6.6134,0.0,0.0,0.0,0.0,0.0,0.0,8.0985,0.0,0.0,0.0,0.0,0.0,0.0,13.7268,0.0,60-65,60-65
AARTIIND.NS|2026-04-08|ensemble_lr0.20_rf0.30_xgb0.50,AARTIIND.NS,2026-04-08,ensemble_lr0.20_rf0.30_xgb0.50,2025-04-09,2026-04-08,2026-04-06,2025-05-12,2026-04-07,2026-04-08,226,2026-04-08,False,0,0.4492753623188405,0.4818646978502457,0.26,0.12040991336107254,0.23457789625058542,0,76.54,0.23457789625058542,0,76.54,HOLD,0.4471,-0.1058,High Volatility,-0.165,0.0,unavailable_no_point_in_time_source,True,420.86,420.8633728027344,2026-04-09,420.7136535644531,-0.0356,0,2026-04-13,423.45819091796875,0.6165,1.0,2026-04-16,437.0312194824219,3.8416,1.0,2026-04-23,464.9756774902344,10.4814,1.0,1,1,1,1,0,1,-0.0348,1,0.0,0.0,0.0,1.0,1.0,0.6174,1.0,0.0,0.0,0.0,1.0,0.0,3.8424,0.0,0.0,0.0,0.0,1.0,0.0,10.4823,0.0,75-80,75-80
ABCAPITAL.NS|2026-04-08|ensemble_lr0.20_rf0.30_xgb0.50,ABCAPITAL.NS,2026-04-08,ensemble_lr0.20_rf0.30_xgb0.50,2025-04-09,2026-04-08,2026-04-06,2025-05-12,2026-04-07,2026-04-08,226,2026-04-08,False,1,0.463768115942029,0.0565001347676631,0.4,0.2922069728374481,0.27740351337225666,0,72.26,0.27740351337225666,0,72.26,HOLD,0.4535,-0.0931,High Volatility,0.0,0.0,unavailable_no_point_in_time_source,True,338.4,338.3999938964844,2026-04-09,334.54998779296875,-1.1377,0,2026-04-13,337.45001220703125,-0.2807,0.0,2026-04-16,337.95001220703125,-0.133,0.0,2026-04-23,349.75,3.354,1.0,1,1,1,0,0,1,-1.1377,1,1.0,1.0,0.0,0.0,1.0,-0.2807,1.0,1.0,1.0,0.0,0.0,1.0,-0.133,1.0,0.0,0.0,1.0,1.0,0.0,3.354,0.0,70-75,70-75
ABFRL.NS|2026-04-08|ensemble_lr0.20_rf0.30_xgb0.50,ABFRL.NS,2026-04-08,ensemble_lr0.20_rf0.30_xgb0.50,2025-04-09,2026-04-08,2026-04-06,2025-05-12,2026-04-07,2026-04-08,226,2026-04-08,False,0,0.5289855072463768,0.3150354430671514,0.4,0.25728440284729004,0.3116492900370753,0,68.84,0.3116492900370753,0,68.84,SELL,0.4173,-0.1654,High Volatility,-0.165,0.0,unavailable_no_point_in_time_source,True,59.47,59.470001220703125,2026-04-09,58.43000030517578,-1.7488,0,2026-04-13,61.959999084472656,4.187,1.0,2026-04-16,63.779998779296875,7.2473,1.0,2026-04-23,63.20000076293945,6.2721,1.0,1,1,1,1,0,1,-1.7488,1,0.0,0.0,0.0,1.0,0.0,4.187,0.0,0.0,0.0,0.0,1.0,0.0,7.2473,0.0,0.0,0.0,0.0,1.0,0.0,6.2721,0.0,65-70,65-70
ADANIPORTS.NS|2026-04-08|ensemble_lr0.20_rf0.30_xgb0.50,ADANIPORTS.NS,2026-04-08,ensemble_lr0.20_rf0.30_xgb0.50,2025-04-09,2026-04-08,2026-04-06,2025-05-12,2026-04-07,2026-04-08,226,2026-04-08,False,0,0.5072463768115942,0.49973752731708093,0.74,0.7905927300453186,0.7172438704860755,1,71.72,0.7172438704860755,1,71.72,HOLD,0.5739,0.1477,High Volatility,0.0,0.0,unavailable_no_point_in_time_source,True,1447.2,1447.200927734375,2026-04-09,1441.32568359375,-0.406,0,2026-04-13,1459.1505126953125,0.8257,1.0,2026-04-16,1543.2958984375,6.6401,1.0,2026-04-23,1596.1729736328125,10.2938,1.0,1,0,0,1,0,1,-0.4059,1,1.0,1.0,0.0,1.0,1.0,0.8258,1.0,1.0,1.0,0.0,1.0,0.0,6.6401,0.0,1.0,1.0,0.0,1.0,0.0,10.2939,0.0,70-75,70-75
ANGELONE.NS|2026-04-08|ensemble_lr0.20_rf0.30_xgb0.50,ANGELONE.NS,2026-04-08,ensemble_lr0.20_rf0.30_xgb0.50,2025-04-09,2026-04-08,2026-04-06,2025-05-12,2026-04-07,2026-04-08,226,2026-04-08,False,1,0.5434782608695653,0.6051425294013648,0.38,0.14305655658245087,0.3065567841714984,0,69.34,0.3065567841714984,0,69.34,HOLD,0.5446,0.0892,High Volatility,0.335,0.0,unavailable_no_point_in_time_source,True,266.79,266.7948913574219,2026-04-09,280.93115234375,5.2986,1,2026-04-13,279.5953063964844,4.7978,1.0,2026-04-16,291.70782470703125,9.3379,1.0,2026-04-23,320.21966552734375,20.0247,1.0,1,0,0,1,1,0,5.3005,0,0.0,0.0,1.0,1.0,0.0,4.7998,0.0,0.0,0.0,1.0,1.0,0.0,9.3399,0.0,0.0,0.0,1.0,1.0,0.0,20.0269,0.0,65-70,65-70
ASIANPAINT.NS|2026-04-08|ensemble_lr0.20_rf0.30_xgb0.50,ASIANPAINT.NS,2026-04-08,ensemble_lr0.20_rf0.30_xgb0.50,2025-04-09,2026-04-08,2026-04-06,2025-05-12,2026-04-07,2026-04-08,226,2026-04-08,False,0,0.5579710144927535,0.4509821277224575,0.46,0.8970915675163269,0.6767422093026549,1,67.67,0.6767422093026549,1,67.67,HOLD,0.5473,0.0946,High Volatility,-0.335,0.0,unavailable_no_point_in_time_source,True,2262.77,2262.76806640625,2026-04-09,2250.078369140625,-0.5608,0,2026-04-13,2332.166015625,3.0669,1.0,2026-04-16,2419.31005859375,6.9182,1.0,2026-04-23,2499.71240234375,10.4714,1.0,1,0,0,1,0,1,-0.5609,1,1.0,1.0,0.0,1.0,0.0,3.0669,0.0,1.0,1.0,0.0,1.0,0.0,6.9181,0.0,1.0,1.0,0.0,1.0,0.0,10.4713,0.0,65-70,65-70
ASTRAL.NS|2026-04-08|ensemble_lr0.20_rf0.30_xgb0.50,ASTRAL.NS,2026-04-08,ensemble_lr0.20_rf0.30_xgb0.50,2025-04-09,2026-04-08,2026-04-06,2025-05-12,2026-04-07,2026-04-08,226,2026-04-08,False,1,0.4492753623188406,0.45330848729592904,0.54,0.7016101479530334,0.6034667714357025,1,60.35,0.6034667714357025,1,60.35,BUY,0.5876,0.1752,High Volatility,0.17,0.0,unavailable_no_point_in_time_source,True,1523.1,1523.1044921875,2026-04-09,1561.244384765625,2.5041,1,2026-04-13,1622.5479736328125,6.529,1.0,2026-04-16,1576.2208251953125,3.4874,1.0,2026-04-23,1572.4268798828125,3.2383,1.0,0,1,1,1,0,1,2.5044,1,1.0,1.0,1.0,0.0,1.0,6.5293,1.0,1.0,1.0,1.0,0.0,1.0,3.4877,1.0,1.0,1.0,1.0,0.0,1.0,3.2386,1.0,60-65,60-65
AUBANK.NS|2026-04-08|ensemble_lr0.20_rf0.30_xgb0.50,AUBANK.NS,2026-04-08,ensemble_lr0.20_rf0.30_xgb0.50,2025-04-09,2026-04-08,2026-04-06,2025-05-12,2026-04-07,2026-04-08,226,2026-04-08,False,0,0.5797101449275361,0.03731987801838014,0.26,0.3150966167449951,0.24301228397617358,0,75.7,0.24301228397617358,0,75.7,HOLD,0.45,-0.1,High Volatility,0.0,0.0,unavailable_no_point_in_time_source,True,966.86,966.8610229492188,2026-04-09,962.0657348632812,-0.496,0,2026-04-13,978.1001586914062,1.1624,1.0,2026-04-16,982.9954223632812,1.6687,1.0,2026-04-23,1055.2252197265625,9.1393,1.0,1,1,1,1,0,1,-0.4959,1,0.0,0.0,0.0,1.0,1.0,1.1625,1.0,0.0,0.0,0.0,1.0,1.0,1.6688,1.0,0.0,0.0,0.0,1.0,0.0,9.1394,0.0,75-80,75-80
BAJAJFINSV.NS|2026-04-08|ensemble_lr0.20_rf0.30_xgb0.50,BAJAJFINSV.NS,2026-04-08,ensemble_lr0.20_rf0.30_xgb0.50,2025-04-09,2026-04-08,2026-04-06,2025-05-12,2026-04-07,2026-04-08,226,2026-04-08,False,0,0.5217391304347826,0.5315924696580293,0.52,0.6081418991088867,0.5663894434860492,1,56.64,0.5663894434860492,1,56.64,HOLD,0.5342,0.0684,High Volatility,-0.335,0.0,unavailable_no_point_in_time_source,True,1783.08,1783.0784912109375,2026-04-09,1766.19287109375,-0.947,0,2026-04-13,1786.775390625,0.2073,1.0,2026-04-16,1828.33984375,2.5384,1.0,2026-04-23,1791.0716552734375,0.4483,1.0,1,0,0,1,0,1,-0.9471,1,1.0,1.0,0.0,1.0,1.0,0.2072,1.0,1.0,1.0,0.0,1.0,1.0,2.5383,1.0,1.0,1.0,0.0,1.0,1.0,0.4482,1.0,55-60,55-60
BAJFINANCE.NS|2026-04-08|ensemble_lr0.20_rf0.30_xgb0.50,BAJFINANCE.NS,2026-04-08,ensemble_lr0.20_rf0.30_xgb0.50,2025-04-09,2026-04-08,2026-04-06,2025-05-12,2026-04-07,2026-04-08,226,2026-04-08,False,1,0.4855072463768116,0.8506929917041276,0.58,0.8359712362289429,0.7621242164552969,1,76.21,0.7621242164552969,1,76.21,HOLD,0.538,0.0761,High Volatility,-0.165,0.0,unavailable_no_point_in_time_source,True,909.46,909.4593505859375,2026-04-09,897.7314453125,-1.2895,0,2026-04-13,893.457763671875,-1.7595,0.0,2026-04-16,900.3652954101562,-0.9999,0.0,2026-04-23,912.7391967773438,0.3606,1.0,1,0,0,0,0,1,-1.2896,1,0.0,0.0,0.0,0.0,1.0,-1.7595,1.0,0.0,0.0,0.0,0.0,1.0,-1.0,1.0,1.0,1.0,1.0,1.0,1.0,0.3606,1.0,75-80,75-80
BEL.NS|2026-04-08|ensemble_lr0.20_rf0.30_xgb0.50,BEL.NS,2026-04-08,ensemble_lr0.20_rf0.30_xgb0.50,2025-04-09,2026-04-08,2026-04-06,2025-05-12,2026-04-07,2026-04-08,226,2026-04-08,False,0,0.5507246376811593,0.8112976873206875,0.64,0.5842589735984802,0.6463890242633776,1,64.64,0.6463890242633776,1,64.64,BUY,0.5925,0.185,High Volatility,0.165,0.0,unavailable_no_point_in_time_source,True,432.51,432.5128479003906,2026-04-09,439.1538391113281,1.5354,1,2026-04-13,440.9513854980469,1.951,1.0,2026-04-16,455.0322570800781,5.2066,1.0,2026-04-23,449.3399963378906,3.8906,1.0,1,1,1,0,1,1,1.5361,1,1.0,1.0,0.0,1.0,1.0,1.9517,1.0,1.0,1.0,0.0,1.0,1.0,5.2073,1.0,1.0,1.0,0.0,1.0,1.0,3.8912,1.0,60-65,60-65
ABFRL.NS|2026-04-16|ensemble_lr0.20_rf0.30_xgb0.50,ABFRL.NS,2026-04-16,ensemble_lr0.20_rf0.30_xgb0.50,2025-04-17,2026-04-16,2026-04-13,2025-05-16,2026-04-15,2026-04-16,227,2026-04-16,False,0,0.5507246376811594,0.370937156053456,0.3,0.2296520471572876,0.279013454789335,0,72.1,0.279013454789335,0,72.1,SELL,0.4161,-0.1677,High Volatility,-0.165,0.0,unavailable_no_point_in_time_source,True,63.78,63.779998779296875,2026-04-17,64.11000061035156,0.5174,1,2026-04-21,64.44999694824219,1.0505,1.0,2026-04-23,63.20000076293945,-0.9094,0.0,2026-04-30,64.19999694824219,0.6585,1.0,0,0,0,0,0,0,0.5174,0,0.0,0.0,0.0,0.0,0.0,1.0505,0.0,1.0,1.0,1.0,1.0,1.0,-0.9094,1.0,0.0,0.0,0.0,0.0,0.0,0.6585,0.0,70-75,70-75
ADANIENT.NS|2026-04-16|ensemble_lr0.20_rf0.30_xgb0.50,ADANIENT.NS,2026-04-16,ensemble_lr0.20_rf0.30_xgb0.50,2025-04-17,2026-04-16,2026-04-13,2025-05-16,2026-04-15,2026-04-16,227,2026-04-16,False,0,0.3768115942028986,0.23461061557377422,0.68,0.39639073610305786,0.4491174911662838,0,55.09,0.4491174911662838,0,55.09,HOLD,0.4926,-0.0148,High Volatility,0.165,0.0,unavailable_no_point_in_time_source,True,2202.72,2202.715087890625,2026-04-17,2217.30859375,0.6625,1,2026-04-21,2225.005126953125,1.0119,1.0,2026-04-23,2298.97216796875,4.3699,1.0,2026-04-30,2407.323486328125,9.2889,1.0,1,0,0,0,1,1,0.6623,1,0.0,0.0,0.0,1.0,1.0,1.0117,1.0,0.0,0.0,0.0,1.0,0.0,4.3697,0.0,0.0,0.0,0.0,1.0,0.0,9.2887,0.0,55-60,55-60
ADANIPORTS.NS|2026-04-16|ensemble_lr0.20_rf0.30_xgb0.50,ADANIPORTS.NS,2026-04-16,ensemble_lr0.20_rf0.30_xgb0.50,2025-04-17,2026-04-16,2026-04-13,2025-05-16,2026-04-15,2026-04-16,227,2026-04-16,False,0,0.47826086956521746,0.6064603133966996,0.52,0.6179640889167786,0.5862741071377292,1,58.63,0.5862741071377292,1,58.63,BUY,0.6394,0.2788,High Volatility,0.335,0.0,unavailable_no_point_in_time_source,True,1543.3,1543.2958984375,2026-04-17,1566.796875,1.5228,1,2026-04-21,1587.409912109375,2.8584,1.0,2026-04-23,1596.1729736328125,3.4262,1.0,2026-04-30,1650.3447265625,6.9364,1.0,1,1,1,0,1,1,1.5225,1,1.0,1.0,0.0,1.0,1.0,2.8582,1.0,1.0,1.0,0.0,1.0,1.0,3.426,1.0,1.0,1.0,0.0,1.0,1.0,6.9361,1.0,55-60,55-60
APOLLOTYRE.NS|2026-04-16|ensemble_lr0.20_rf0.30_xgb0.50,APOLLOTYRE.NS,2026-04-16,ensemble_lr0.20_rf0.30_xgb0.50,2025-04-17,2026-04-16,2026-04-13,2025-05-16,2026-04-15,2026-04-16,227,2026-04-16,False,0,0.43478260869565216,0.5529447748820725,0.56,0.6515693664550781,0.6043736382039535,1,60.44,0.6043736382039535,1,60.44,HOLD,0.5498,0.0996,High Volatility,-0.335,0.0,unavailable_no_point_in_time_source,True,441.13,441.12725830078125,2026-04-17,442.8673095703125,0.3945,1,2026-04-21,439.4369201660156,-0.3832,0.0,2026-04-23,429.990966796875,-2.5245,0.0,2026-04-30,406.07769775390625,-7.9455,0.0,1,1,1,0,1,1,0.3938,1,0.0,0.0,1.0,0.0,1.0,-0.3838,1.0,0.0,0.0,1.0,0.0,1.0,-2.5251,1.0,0.0,0.0,1.0,0.0,0.0,-7.946,0.0,60-65,60-65
ASTRAL.NS|2026-04-16|ensemble_lr0.20_rf0.30_xgb0.50,ASTRAL.NS,2026-04-16,ensemble_lr0.20_rf0.30_xgb0.50,2025-04-17,2026-04-16,2026-04-13,2025-05-16,2026-04-15,2026-04-16,227,2026-04-16,False,1,0.4492753623188406,0.547047067170253,0.34,0.34981876611709595,0.3863187964925986,0,61.37,0.3863187964925986,0,61.37,HOLD,0.5223,0.0445,High Volatility,0.5,0.0,unavailable_no_point_in_time_source,True,1576.22,1576.2208251953125,2026-04-17,1602.4796142578125,1.6659,1,2026-04-21,1580.014892578125,0.2407,1.0,2026-04-23,1572.4268798828125,-0.2407,0.0,2026-04-30,1527.2978515625,-3.1038,0.0,0,0,0,1,0,1,1.666,1,0.0,0.0,1.0,0.0,1.0,0.2408,1.0,1.0,1.0,0.0,1.0,1.0,-0.2406,1.0,1.0,1.0,0.0,1.0,0.0,-3.1038,0.0,60-65,60-65
BAJAJFINSV.NS|2026-04-16|ensemble_lr0.20_rf0.30_xgb0.50,BAJAJFINSV.NS,2026-04-16,ensemble_lr0.20_rf0.30_xgb0.50,2025-04-17,2026-04-16,2026-04-13,2025-05-16,2026-04-15,2026-04-16,227,2026-04-16,False,0,0.5144927536231884,0.624547215656148,0.7,0.578179121017456,0.6239990036399576,1,62.4,0.6239990036399576,1,62.4,HOLD,0.5255,0.0509,Sideways,-0.335,0.0,unavailable_no_point_in_time_source,True,1828.34,1828.33984375,2026-04-17,1837.3321533203125,0.4918,1,2026-04-21,1849.821533203125,1.1749,1.0,2026-04-23,1791.0716552734375,-2.0384,0.0,2026-04-30,1745.7103271484375,-4.5194,0.0,1,1,1,0,1,1,0.4918,1,1.0,1.0,0.0,1.0,1.0,1.1749,1.0,0.0,0.0,1.0,0.0,1.0,-2.0384,1.0,0.0,0.0,1.0,0.0,0.0,-4.5194,0.0,60-65,60-65
BAJFINANCE.NS|2026-04-16|ensemble_lr0.20_rf0.30_xgb0.50,BAJFINANCE.NS,2026-04-16,ensemble_lr0.20_rf0.30_xgb0.50,2025-04-17,2026-04-16,2026-04-13,2025-05-16,2026-04-15,2026-04-16,227,2026-04-16,False,1,0.4855072463768116,0.6952886117541274,0.5,0.8096556067466736,0.6938855257241623,1,69.39,0.6938855257241623,1,69.39,HOLD,0.5507,0.1013,High Volatility,-0.165,0.0,unavailable_no_point_in_time_source,True,900.37,900.3652954101562,2026-04-17,902.700927734375,0.2594,1,2026-04-21,933.1139526367188,3.6373,1.0,2026-04-23,912.7391967773438,1.3743,1.0,2026-04-30,931.2752685546875,3.433,1.0,0,1,1,1,0,1,0.2589,1,1.0,1.0,1.0,0.0,0.0,3.6367,0.0,1.0,1.0,1.0,0.0,1.0,1.3738,1.0,1.0,1.0,1.0,0.0,0.0,3.4325,0.0,65-70,65-70
BPCL.NS|2026-04-16|ensemble_lr0.20_rf0.30_xgb0.50,BPCL.NS,2026-04-16,ensemble_lr0.20_rf0.30_xgb0.50,2025-04-17,2026-04-16,2026-04-13,2025-05-16,2026-04-15,2026-04-16,227,2026-04-16,False,0,0.5144927536231884,0.8188891012481656,0.62,0.6719102263450623,0.6857329334221642,1,68.57,0.6857329334221642,1,68.57,HOLD,0.5455,0.091,High Volatility,0.0,0.0,unavailable_no_point_in_time_source,True,307.95,307.95001220703125,2026-04-17,312.1000061035156,1.3476,1,2026-04-21,318.04998779296875,3.2797,1.0,2026-04-23,309.79998779296875,0.6007,1.0,2026-04-30,300.45001220703125,-2.4355,0.0,0,1,1,0,0,1,1.3476,1,1.0,1.0,0.0,0.0,0.0,3.2797,0.0,1.0,1.0,0.0,0.0,1.0,0.6007,1.0,0.0,0.0,1.0,1.0,1.0,-2.4355,1.0,65-70,65-70
AARTIIND.NS|2026-04-23|ensemble_lr0.20_rf0.30_xgb0.50,AARTIIND.NS,2026-04-23,ensemble_lr0.20_rf0.30_xgb0.50,2025-04-24,2026-04-23,2026-04-20,2025-05-22,2026-04-22,2026-04-23,228,2026-04-23,False,0,0.5579710144927537,0.509422050503815,0.44,0.2320062220096588,0.3498875211055924,0,65.01,0.3498875211055924,0,65.01,BUY,0.5836,0.1672,High Volatility,0.835,0.0,unavailable_no_point_in_time_source,True,464.98,464.9756774902344,2026-04-24,471.8121032714844,1.4703,1,2026-04-28,500.7046813964844,7.6841,1.0,2026-04-30,506.4931640625,8.929,1.0,2026-05-08,484.4869079589844,4.1962,1.0,0,0,0,0,0,1,1.4693,1,0.0,0.0,0.0,0.0,1.0,7.6831,1.0,0.0,0.0,0.0,0.0,1.0,8.9279,1.0,0.0,0.0,0.0,0.0,1.0,4.1952,1.0,65-70,65-70
ABCAPITAL.NS|2026-04-23|ensemble_lr0.20_rf0.30_xgb0.50,ABCAPITAL.NS,2026-04-23,ensemble_lr0.20_rf0.30_xgb0.50,2025-04-24,2026-04-23,2026-04-20,2025-05-22,2026-04-22,2026-04-23,228,2026-04-23,False,1,0.5,0.7582767405839922,0.44,0.6493206024169922,0.6083156493252946,1,60.83,0.6083156493252946,1,60.83,BUY,0.6602,0.3203,High Volatility,0.335,0.0,unavailable_no_point_in_time_source,True,349.75,349.75,2026-04-24,340.6000061035156,-2.6162,0,2026-04-28,338.29998779296875,-3.2738,0.0,2026-04-30,345.5,-1.2152,0.0,2026-05-08,362.95001220703125,3.7741,1.0,0,0,0,0,1,0,-2.6162,0,0.0,0.0,0.0,1.0,0.0,-3.2738,0.0,0.0,0.0,0.0,1.0,0.0,-1.2152,0.0,1.0,1.0,1.0,0.0,1.0,3.7741,1.0,60-65,60-65
ABFRL.NS|2026-04-23|ensemble_lr0.20_rf0.30_xgb0.50,ABFRL.NS,2026-04-23,ensemble_lr0.20_rf0.30_xgb0.50,2025-04-24,2026-04-23,2026-04-20,2025-05-22,2026-04-22,2026-04-23,228,2026-04-23,False,0,0.5362318840579711,0.5043868157526329,0.36,0.3718104064464569,0.39478256637375503,0,60.52,0.39478256637375503,0,60.52,HOLD,0.4302,-0.1396,High Volatility,-0.165,0.0,unavailable_no_point_in_time_source,True,63.2,63.20000076293945,2026-04-24,61.790000915527344,-2.231,0,2026-04-28,63.58000183105469,0.6013,1.0,2026-04-30,64.19999694824219,1.5823,1.0,2026-05-08,66.33000183105469,4.9525,1.0,0,1,1,1,1,1,-2.231,1,0.0,0.0,0.0,0.0,1.0,0.6013,1.0,0.0,0.0,0.0,0.0,1.0,1.5823,1.0,0.0,0.0,0.0,0.0,0.0,4.9525,0.0,60-65,60-65
ADANIPORTS.NS|2026-04-23|ensemble_lr0.20_rf0.30_xgb0.50,ADANIPORTS.NS,2026-04-23,ensemble_lr0.20_rf0.30_xgb0.50,2025-04-24,2026-04-23,2026-04-20,2025-05-22,2026-04-22,2026-04-23,228,2026-04-23,False,0,0.47826086956521746,0.22695719410314674,0.44,0.4624890089035034,0.40863594327238106,0,59.14,0.40863594327238106,0,59.14,BUY,0.6631,0.3261,Bullish,1.0,0.0,unavailable_no_point_in_time_source,True,1596.17,1596.1729736328125,2026-04-24,1578.4476318359375,-1.1105,0,2026-04-28,1630.7274169921875,2.1648,1.0,2026-04-30,1650.3447265625,3.3939,1.0,2026-05-08,1753.0120849609375,9.8259,1.0,1,1,1,1,0,0,-1.1103,0,0.0,0.0,0.0,1.0,1.0,2.165,1.0,0.0,0.0,0.0,1.0,1.0,3.394,1.0,0.0,0.0,0.0,1.0,1.0,9.8262,1.0,55-60,55-60
APOLLOTYRE.NS|2026-04-23|ensemble_lr0.20_rf0.30_xgb0.50,APOLLOTYRE.NS,2026-04-23,ensemble_lr0.20_rf0.30_xgb0.50,2025-04-24,2026-04-23,2026-04-20,2025-05-22,2026-04-22,2026-04-23,228,2026-04-23,False,0,0.4420289855072464,0.5339310928688219,0.26,0.25484633445739746,0.3122093858024631,0,68.78,0.3122093858024631,0,68.78,SELL,0.3996,-0.2009,Sideways,-0.335,0.0,unavailable_no_point_in_time_source,True,429.99,429.990966796875,2026-04-24,421.4398498535156,-1.9887,0,2026-04-28,421.240966796875,-2.0349,0.0,2026-04-30,406.07769775390625,-5.5613,0.0,2026-05-08,406.9228515625,-5.3648,0.0,0,1,1,1,1,1,-1.9885,1,1.0,1.0,1.0,1.0,1.0,-2.0347,1.0,1.0,1.0,1.0,1.0,1.0,-5.5611,1.0,1.0,1.0,1.0,1.0,1.0,-5.3646,1.0,65-70,65-70
ASHOKLEY.NS|2026-04-23|ensemble_lr0.20_rf0.30_xgb0.50,ASHOKLEY.NS,2026-04-23,ensemble_lr0.20_rf0.30_xgb0.50,2025-04-24,2026-04-23,2026-04-20,2025-05-22,2026-04-22,2026-04-23,228,2026-04-23,False,1,0.5507246376811594,0.6944780366889236,0.52,0.2972862422466278,0.44353872846109865,0,55.65,0.44353872846109865,0,55.65,HOLD,0.4343,-0.1315,High Volatility,0.0,0.0,unavailable_no_point_in_time_source,True,167.77,167.76805114746094,2026-04-24,167.05027770996094,-0.4278,0,2026-04-28,164.71022033691406,-1.8227,0.0,2026-04-30,159.37127685546875,-5.005,0.0,2026-05-08,165.7425994873047,-1.2073,0.0,0,1,1,0,1,1,-0.429,1,1.0,1.0,0.0,1.0,1.0,-1.8238,1.0,1.0,1.0,0.0,1.0,0.0,-5.0061,0.0,1.0,1.0,0.0,1.0,1.0,-1.2084,1.0,55-60,55-60
ASTRAL.NS|2026-04-23|ensemble_lr0.20_rf0.30_xgb0.50,ASTRAL.NS,2026-04-23,ensemble_lr0.20_rf0.30_xgb0.50,2025-04-24,2026-04-23,2026-04-20,2025-05-22,2026-04-22,2026-04-23,228,2026-04-23,False,0,0.5144927536231884,0.49096892112402984,0.36,0.26265281438827515,0.3375201914189435,0,66.25,0.3375201914189435,0,66.25,HOLD,0.4421,-0.1159,High Volatility,0.17,0.0,unavailable_no_point_in_time_source,True,1572.43,1572.4268798828125,2026-04-24,1560.7452392578125,-0.7429,0,2026-04-28,1546.4677734375,-1.6509,0.0,2026-04-30,1527.2978515625,-2.87,0.0,2026-05-08,1567.3349609375,-0.3238,0.0,0,1,1,1,1,1,-0.7431,1,1.0,1.0,1.0,1.0,1.0,-1.6511,1.0,1.0,1.0,1.0,1.0,1.0,-2.8702,1.0,1.0,1.0,1.0,1.0,1.0,-0.324,1.0,65-70,65-70
AXISBANK.NS|2026-04-23|ensemble_lr0.20_rf0.30_xgb0.50,AXISBANK.NS,2026-04-23,ensemble_lr0.20_rf0.30_xgb0.50,2025-04-24,2026-04-23,2026-04-20,2025-05-22,2026-04-22,2026-04-23,228,2026-04-23,False,1,0.5072463768115942,0.2952945544295215,0.32,0.4206734597682953,0.36539564077005193,0,63.46,0.36539564077005193,0,63.46,BUY,0.6615,0.3231,Bullish,1.0,0.0,unavailable_no_point_in_time_source,True,1368.54,1368.5445556640625,2026-04-24,1364.847412109375,-0.2702,0,2026-04-28,1288.0067138671875,-5.8849,0.0,2026-04-30,1267.3226318359375,-7.3963,0.0,2026-05-08,1267.3226318359375,-7.3963,0.0,0,1,1,0,1,0,-0.2698,0,1.0,1.0,0.0,1.0,0.0,-5.8846,0.0,1.0,1.0,0.0,1.0,0.0,-7.396,0.0,1.0,1.0,0.0,1.0,0.0,-7.396,0.0,60-65,60-65
BEL.NS|2026-04-23|ensemble_lr0.20_rf0.30_xgb0.50,BEL.NS,2026-04-23,ensemble_lr0.20_rf0.30_xgb0.50,2025-04-24,2026-04-23,2026-04-20,2025-05-22,2026-04-22,2026-04-23,228,2026-04-23,False,0,0.5434782608695653,0.6070139614520754,0.56,0.6835149526596069,0.6311602686202186,1,63.12,0.6311602686202186,1,63.12,BUY,0.6561,0.3122,Sideways,0.67,0.0,unavailable_no_point_in_time_source,True,449.34,449.3399963378906,2026-04-24,443.84747314453125,-1.2224,0,2026-04-28,435.15924072265625,-3.1559,0.0,2026-04-30,430.71527099609375,-4.1449,0.0,2026-05-08,439.1039123535156,-2.278,0.0,1,0,0,1,0,0,-1.2224,0,0.0,0.0,1.0,0.0,0.0,-3.1559,0.0,0.0,0.0,1.0,0.0,0.0,-4.1449,0.0,0.0,0.0,1.0,0.0,0.0,-2.278,0.0,60-65,60-65
BPCL.NS|2026-04-23|ensemble_lr0.20_rf0.30_xgb0.50,BPCL.NS,2026-04-23,ensemble_lr0.20_rf0.30_xgb0.50,2025-04-24,2026-04-23,2026-04-20,2025-05-22,2026-04-22,2026-04-23,228,2026-04-23,False,0,0.43478260869565216,0.760888009106974,0.38,0.6960392594337463,0.614197231538268,1,61.42,0.614197231538268,1,61.42,HOLD,0.5552,0.1105,High Volatility,0.0,0.0,unavailable_no_point_in_time_source,True,309.8,309.79998779296875,2026-04-24,308.1000061035156,-0.5487,0,2026-04-28,307.75,-0.6617,0.0,2026-04-30,300.45001220703125,-3.0181,0.0,2026-05-08,302.75,-2.2757,0.0,0,0,0,1,1,1,-0.5487,1,0.0,0.0,1.0,1.0,1.0,-0.6617,1.0,0.0,0.0,1.0,1.0,0.0,-3.0181,0.0,0.0,0.0,1.0,1.0,1.0,-2.2757,1.0,60-65,60-65
ABCAPITAL.NS|2026-04-30|ensemble_lr0.20_rf0.30_xgb0.50,ABCAPITAL.NS,2026-04-30,ensemble_lr0.20_rf0.30_xgb0.50,2025-05-02,2026-04-30,2026-04-27,2025-05-29,2026-04-29,2026-04-30,228,2026-04-30,False,1,0.4710144927536232,0.6650164065917837,0.58,0.7373999953269958,0.6757032789818547,1,67.57,0.6757032789818547,1,67.57,BUY,0.6498,0.2995,High Volatility,0.165,0.0,unavailable_no_point_in_time_source,True,345.5,345.5,2026-05-04,345.8500061035156,0.1013,1,2026-05-06,369.29998779296875,6.8886,1.0,2026-05-08,362.95001220703125,5.0507,1.0,2026-05-15,357.1499938964844,3.3719,1.0,0,1,1,1,0,1,0.1013,1,1.0,1.0,1.0,0.0,1.0,6.8886,1.0,1.0,1.0,1.0,0.0,1.0,5.0507,1.0,1.0,1.0,1.0,0.0,1.0,3.3719,1.0,65-70,65-70
ABFRL.NS|2026-04-30|ensemble_lr0.20_rf0.30_xgb0.50,ABFRL.NS,2026-04-30,ensemble_lr0.20_rf0.30_xgb0.50,2025-05-02,2026-04-30,2026-04-27,2025-05-29,2026-04-29,2026-04-30,228,2026-04-30,False,0,0.572463768115942,0.5267457063998009,0.4,0.7049657702445984,0.5778320264022594,1,57.78,0.5778320264022594,1,57.78,HOLD,0.5766,0.1532,High Volatility,-0.165,0.0,unavailable_no_point_in_time_source,True,64.2,64.19999694824219,2026-05-04,65.93000030517578,2.6947,1,2026-05-06,66.20999908447266,3.1308,1.0,2026-05-08,66.33000183105469,3.3178,1.0,2026-05-15,62.65999984741211,-2.3987,0.0,0,1,1,0,0,1,2.6947,1,1.0,1.0,0.0,0.0,0.0,3.1308,0.0,1.0,1.0,0.0,0.0,0.0,3.3178,0.0,0.0,0.0,1.0,1.0,1.0,-2.3988,1.0,55-60,55-60
ANGELONE.NS|2026-04-30|ensemble_lr0.20_rf0.30_xgb0.50,ANGELONE.NS,2026-04-30,ensemble_lr0.20_rf0.30_xgb0.50,2025-05-02,2026-04-30,2026-04-27,2025-05-29,2026-04-29,2026-04-30,228,2026-04-30,False,0,0.5362318840579711,0.6109956838275629,0.24,0.44490131735801697,0.4166497954445211,0,58.34,0.4166497954445211,0,58.34,HOLD,0.5465,0.0929,High Volatility,0.665,0.0,unavailable_no_point_in_time_source,True,307.76,307.7582092285156,2026-05-04,306.7513427734375,-0.3272,0,2026-05-06,315.87310791015625,2.6368,1.0,2026-05-08,324.9949035644531,5.6007,1.0,2026-05-15,305.9039611816406,-0.6025,0.0,0,1,1,1,1,1,-0.3277,1,0.0,0.0,0.0,0.0,1.0,2.6362,1.0,0.0,0.0,0.0,0.0,0.0,5.6001,0.0,1.0,1.0,1.0,1.0,1.0,-0.6031,1.0,55-60,55-60
APOLLOTYRE.NS|2026-04-30|ensemble_lr0.20_rf0.30_xgb0.50,APOLLOTYRE.NS,2026-04-30,ensemble_lr0.20_rf0.30_xgb0.50,2025-05-02,2026-04-30,2026-04-27,2025-05-29,2026-04-29,2026-04-30,228,2026-04-30,False,0,0.48550724637681153,0.8071611114676099,0.64,0.801567554473877,0.7542159995304605,1,75.42,0.7542159995304605,1,75.42,HOLD,0.4676,-0.0647,High Volatility,-1.0,0.0,unavailable_no_point_in_time_source,True,406.08,406.07769775390625,2026-05-04,407.1217346191406,0.2571,1,2026-05-06,410.30352783203125,1.0406,1.0,2026-05-08,406.9228515625,0.2081,1.0,2026-05-15,392.2567443847656,-3.4035,0.0,0,1,1,0,0,1,0.2565,1,1.0,1.0,0.0,0.0,1.0,1.0401,1.0,1.0,1.0,0.0,0.0,1.0,0.2076,1.0,0.0,0.0,1.0,1.0,0.0,-3.4041,0.0,75-80,75-80
ASIANPAINT.NS|2026-04-30|ensemble_lr0.20_rf0.30_xgb0.50,ASIANPAINT.NS,2026-04-30,ensemble_lr0.20_rf0.30_xgb0.50,2025-05-02,2026-04-30,2026-04-27,2025-05-29,2026-04-29,2026-04-30,228,2026-04-30,False,0,0.5144927536231884,0.41648909682846613,0.24,0.28022220730781555,0.295408923019601,0,70.46,0.295408923019601,0,70.46,HOLD,0.5765,0.1529,Bullish,0.165,0.0,unavailable_no_point_in_time_source,True,2423.47,2423.473876953125,2026-05-04,2427.04296875,0.1473,1,2026-05-06,2497.333251953125,3.0477,1.0,2026-05-08,2577.537109375,6.3571,1.0,2026-05-15,2583.1884765625,6.5903,1.0,0,0,0,0,0,1,0.1474,1,0.0,0.0,0.0,0.0,0.0,3.0478,0.0,0.0,0.0,0.0,0.0,0.0,6.3573,0.0,0.0,0.0,0.0,0.0,0.0,6.5905,0.0,70-75,70-75
ASTRAL.NS|2026-04-30|ensemble_lr0.20_rf0.30_xgb0.50,ASTRAL.NS,2026-04-30,ensemble_lr0.20_rf0.30_xgb0.50,2025-05-02,2026-04-30,2026-04-27,2025-05-29,2026-04-29,2026-04-30,228,2026-04-30,False,0,0.5072463768115942,0.5106899181603283,0.72,0.892067551612854,0.7641717594384927,1,76.42,0.7641717594384927,1,76.42,HOLD,0.5181,0.0362,High Volatility,-0.165,0.0,unavailable_no_point_in_time_source,True,1527.3,1527.2978515625,2026-05-04,1557.15087890625,1.9546,1,2026-05-06,1573.625,3.0333,1.0,2026-05-08,1567.3349609375,2.6214,1.0,2026-05-15,1548.36474609375,1.3794,1.0,0,1,1,0,0,1,1.9545,1,1.0,1.0,0.0,0.0,0.0,3.0331,0.0,1.0,1.0,0.0,0.0,1.0,2.6213,1.0,1.0,1.0,0.0,0.0,1.0,1.3792,1.0,75-80,75-80
AUBANK.NS|2026-04-30|ensemble_lr0.20_rf0.30_xgb0.50,AUBANK.NS,2026-04-30,ensemble_lr0.20_rf0.30_xgb0.50,2025-05-02,2026-04-30,2026-04-27,2025-05-29,2026-04-29,2026-04-30,228,2026-04-30,False,1,0.5144927536231885,0.767664737530883,0.2,0.3369627296924591,0.3820143123524062,0,61.8,0.3820143123524062,0,61.8,HOLD,0.5422,0.0845,High Volatility,0.335,0.0,unavailable_no_point_in_time_source,True,1014.96,1014.96435546875,2026-05-04,1014.0152587890625,-0.0935,0,2026-05-06,1023.0065307617188,0.7924,1.0,2026-05-08,1049.3809814453125,3.3909,1.0,2026-05-15,989.5390014648438,-2.505,0.0,0,1,1,0,1,1,-0.0931,1,0.0,0.0,1.0,0.0,1.0,0.7928,1.0,0.0,0.0,1.0,0.0,0.0,3.3914,0.0,1.0,1.0,0.0,1.0,1.0,-2.5046,1.0,60-65,60-65
AXISBANK.NS|2026-04-30|ensemble_lr0.20_rf0.30_xgb0.50,AXISBANK.NS,2026-04-30,ensemble_lr0.20_rf0.30_xgb0.50,2025-05-02,2026-04-30,2026-04-27,2025-05-29,2026-04-29,2026-04-30,228,2026-04-30,False,0,0.5362318840579711,0.3080557268281283,0.46,0.4609338045120239,0.43007804762163765,0,56.99,0.43007804762163765,0,56.99,HOLD,0.4202,-0.1596,Bearish,-0.165,0.0,unavailable_no_point_in_time_source,True,1267.32,1267.3226318359375,2026-05-04,1274.1173095703125,0.5361,1,2026-05-06,1293.20263671875,2.0421,1.0,2026-05-08,1267.3226318359375,0.0,0.0,2026-05-15,1243.8408203125,-1.8529,0.0,0,0,0,0,0,1,0.5364,1,0.0,0.0,0.0,0.0,1.0,2.0423,1.0,1.0,1.0,1.0,1.0,1.0,0.0002,1.0,1.0,1.0,1.0,1.0,1.0,-1.8527,1.0,55-60,55-60
BAJAJFINSV.NS|2026-04-30|ensemble_lr0.20_rf0.30_xgb0.50,BAJAJFINSV.NS,2026-04-30,ensemble_lr0.20_rf0.30_xgb0.50,2025-05-02,2026-04-30,2026-04-27,2025-05-29,2026-04-29,2026-04-30,228,2026-04-30,False,0,0.47826086956521746,0.3512560150452108,0.46,0.768295168876648,0.5923987874473662,1,59.24,0.5923987874473662,1,59.24,HOLD,0.4369,-0.1263,Sideways,-0.835,0.0,unavailable_no_point_in_time_source,True,1745.71,1745.7103271484375,2026-05-04,1768.890625,1.3278,1,2026-05-06,1834.5345458984375,5.0881,1.0,2026-05-08,1816.749755859375,4.0694,1.0,2026-05-15,1726.6265869140625,-1.0932,0.0,0,1,1,0,0,1,1.3279,1,1.0,1.0,0.0,0.0,0.0,5.0882,0.0,1.0,1.0,0.0,0.0,0.0,4.0694,0.0,0.0,0.0,1.0,1.0,1.0,-1.0932,1.0,55-60,55-60
BAJFINANCE.NS|2026-04-30|ensemble_lr0.20_rf0.30_xgb0.50,BAJFINANCE.NS,2026-04-30,ensemble_lr0.20_rf0.30_xgb0.50,2025-05-02,2026-04-30,2026-04-27,2025-05-29,2026-04-29,2026-04-30,228,2026-04-30,False,1,0.5072463768115942,0.5783782321531079,0.56,0.5993499159812927,0.583350604421268,1,58.34,0.583350604421268,1,58.34,BUY,0.6142,0.2283,High Volatility,0.0,0.0,unavailable_no_point_in_time_source,True,931.28,931.2752685546875,2026-05-04,944.3945922851562,1.4087,1,2026-05-06,974.7579345703125,4.6692,1.0,2026-05-08,949.5131225585938,1.9584,1.0,2026-05-15,904.887451171875,-2.8335,0.0,1,1,1,1,1,1,1.4082,1,1.0,1.0,1.0,1.0,1.0,4.6686,1.0,1.0,1.0,1.0,1.0,1.0,1.9579,1.0,0.0,0.0,0.0,0.0,0.0,-2.834,0.0,55-60,55-60
BPCL.NS|2026-04-30|ensemble_lr0.20_rf0.30_xgb0.50,BPCL.NS,2026-04-30,ensemble_lr0.20_rf0.30_xgb0.50,2025-05-02,2026-04-30,2026-04-27,2025-05-29,2026-04-29,2026-04-30,228,2026-04-30,False,0,0.5,0.4602358934437003,0.34,0.47794485092163086,0.43301960414955554,0,56.7,0.43301960414955554,0,56.7,SELL,0.4103,-0.1794,High Volatility,-0.165,0.0,unavailable_no_point_in_time_source,True,300.45,300.45001220703125,2026-05-04,301.70001220703125,0.416,1,2026-05-06,314.04998779296875,4.5265,1.0,2026-05-08,302.75,0.7655,1.0,2026-05-15,284.45001220703125,-5.3253,0.0,0,0,0,0,0,0,0.416,0,0.0,0.0,0.0,0.0,0.0,4.5265,0.0,0.0,0.0,0.0,0.0,0.0,0.7655,0.0,1.0,1.0,1.0,1.0,1.0,-5.3253,1.0,55-60,55-60
AARTIIND.NS|2026-05-08|ensemble_lr0.20_rf0.30_xgb0.50,AARTIIND.NS,2026-05-08,ensemble_lr0.20_rf0.30_xgb0.50,2025-05-09,2026-05-08,2026-05-04,2025-06-05,2026-05-07,2026-05-08,229,2026-05-08,False,0,0.5144927536231885,0.27590963210900915,0.2,0.19137521088123322,0.21086953186241844,0,78.91,0.21086953186241844,0,78.91,HOLD,0.5074,0.0148,High Volatility,0.5,0.0,unavailable_no_point_in_time_source,True,484.49,484.4869079589844,2026-05-11,486.4829406738281,0.412,1,2026-05-13,467.62042236328125,-3.4813,0.0,2026-05-15,465.3249816894531,-3.9551,0.0,2026-05-22,475.2552490234375,-1.9055,0.0,0,0,0,0,0,1,0.4113,1,1.0,1.0,1.0,1.0,0.0,-3.4819,0.0,1.0,1.0,1.0,1.0,0.0,-3.9557,0.0,1.0,1.0,1.0,1.0,1.0,-1.9061,1.0,75-80,75-80
ABCAPITAL.NS|2026-05-08|ensemble_lr0.20_rf0.30_xgb0.50,ABCAPITAL.NS,2026-05-08,ensemble_lr0.20_rf0.30_xgb0.50,2025-05-09,2026-05-08,2026-05-04,2025-06-05,2026-05-07,2026-05-08,229,2026-05-08,False,1,0.4710144927536232,0.44982420081643926,0.32,0.4901858866214752,0.43105778347402546,0,56.89,0.43105778347402546,0,56.89,BUY,0.5938,0.1877,High Volatility,1.0,0.0,unavailable_no_point_in_time_source,True,362.95,362.95001220703125,2026-05-11,352.95001220703125,-2.7552,0,2026-05-13,344.29998779296875,-5.1385,0.0,2026-05-15,357.1499938964844,-1.598,0.0,2026-05-22,357.29998779296875,-1.5567,0.0,0,1,1,0,1,0,-2.7552,0,1.0,1.0,0.0,1.0,0.0,-5.1385,0.0,1.0,1.0,0.0,1.0,0.0,-1.598,0.0,1.0,1.0,0.0,1.0,0.0,-1.5567,0.0,55-60,55-60
ANGELONE.NS|2026-05-08|ensemble_lr0.20_rf0.30_xgb0.50,ANGELONE.NS,2026-05-08,ensemble_lr0.20_rf0.30_xgb0.50,2025-05-09,2026-05-08,2026-05-04,2025-06-05,2026-05-07,2026-05-08,229,2026-05-08,False,0,0.5434782608695653,0.4521875552189122,0.68,0.7657868266105652,0.6773309243490651,1,67.73,0.6773309243490651,1,67.73,BUY,0.7081,0.4162,High Volatility,0.665,0.0,unavailable_no_point_in_time_source,True,324.99,324.9949035644531,2026-05-11,316.2220458984375,-2.6994,0,2026-05-13,297.23077392578125,-8.5429,0.0,2026-05-15,305.9039611816406,-5.8742,0.0,2026-05-22,338.3037414550781,4.0951,1.0,1,0,0,1,0,0,-2.6979,0,0.0,0.0,1.0,0.0,0.0,-8.5416,0.0,0.0,0.0,1.0,0.0,0.0,-5.8728,0.0,1.0,1.0,0.0,1.0,1.0,4.0967,1.0,65-70,65-70
APOLLOTYRE.NS|2026-05-08|ensemble_lr0.20_rf0.30_xgb0.50,APOLLOTYRE.NS,2026-05-08,ensemble_lr0.20_rf0.30_xgb0.50,2025-05-09,2026-05-08,2026-05-04,2025-06-05,2026-05-07,2026-05-08,229,2026-05-08,False,0,0.463768115942029,0.4194768291085489,0.22,0.42953863739967346,0.36466468452154654,0,63.53,0.36466468452154654,0,63.53,SELL,0.3351,-0.3297,Sideways,-0.835,0.0,unavailable_no_point_in_time_source,True,406.92,406.9228515625,2026-05-11,403.39306640625,-0.8674,0,2026-05-13,394.1956481933594,-3.1277,0.0,2026-05-15,392.2567443847656,-3.6041,0.0,2026-05-22,369.685791015625,-9.1509,0.0,0,1,1,1,1,1,-0.8667,1,1.0,1.0,1.0,1.0,1.0,-3.127,1.0,1.0,1.0,1.0,1.0,1.0,-3.6035,1.0,1.0,1.0,1.0,1.0,1.0,-9.1503,1.0,60-65,60-65
ASIANPAINT.NS|2026-05-08|ensemble_lr0.20_rf0.30_xgb0.50,ASIANPAINT.NS,2026-05-08,ensemble_lr0.20_rf0.30_xgb0.50,2025-05-09,2026-05-08,2026-05-04,2025-06-05,2026-05-07,2026-05-08,229,2026-05-08,False,1,0.5144927536231884,0.567001092646945,0.6,0.8972561955451965,0.7420283163019873,1,74.2,0.7420283163019873,1,74.2,STRONG BUY,0.7522,0.5044,Bullish,0.5,0.0,unavailable_no_point_in_time_source,True,2577.54,2577.537109375,2026-05-11,2544.028076171875,-1.3,0,2026-05-13,2595.085205078125,0.6808,1.0,2026-05-15,2583.1884765625,0.2193,1.0,2026-05-22,2617.09423828125,1.5347,1.0,1,0,0,0,0,0,-1.3002,0,1.0,1.0,1.0,1.0,1.0,0.6807,1.0,1.0,1.0,1.0,1.0,1.0,0.2191,1.0,1.0,1.0,1.0,1.0,1.0,1.5346,1.0,70-75,70-75
AUBANK.NS|2026-05-08|ensemble_lr0.20_rf0.30_xgb0.50,AUBANK.NS,2026-05-08,ensemble_lr0.20_rf0.30_xgb0.50,2025-05-09,2026-05-08,2026-05-04,2025-06-05,2026-05-07,2026-05-08,229,2026-05-08,False,1,0.5289855072463768,0.38733133193901387,0.54,0.38916805386543274,0.43405029332051914,0,56.59,0.43405029332051914,0,56.59,BUY,0.6013,0.2026,Bullish,0.665,0.0,unavailable_no_point_in_time_source,True,1049.38,1049.3809814453125,2026-05-11,1020.4090576171875,-2.7609,0,2026-05-13,993.8348388671875,-5.2932,0.0,2026-05-15,989.5390014648438,-5.7026,0.0,2026-05-22,976.9512939453125,-6.9021,0.0,1,1,1,0,0,0,-2.7608,0,1.0,1.0,0.0,0.0,0.0,-5.2931,0.0,1.0,1.0,0.0,0.0,0.0,-5.7025,0.0,1.0,1.0,0.0,0.0,0.0,-6.902,0.0,55-60,55-60
AXISBANK.NS|2026-05-08|ensemble_lr0.20_rf0.30_xgb0.50,AXISBANK.NS,2026-05-08,ensemble_lr0.20_rf0.30_xgb0.50,2025-05-09,2026-05-08,2026-05-04,2025-06-05,2026-05-07,2026-05-08,229,2026-05-08,False,0,0.5,0.6496189883416428,0.46,0.6250746250152588,0.580461110175958,1,58.05,0.580461110175958,1,58.05,HOLD,0.5617,0.1234,Sideways,-0.165,0.0,unavailable_no_point_in_time_source,True,1267.32,1267.3226318359375,2026-05-11,1271.319580078125,0.3154,1,2026-05-13,1254.7322998046875,-0.9935,0.0,2026-05-15,1243.8408203125,-1.8529,0.0,2026-05-22,1284.409423828125,1.3483,1.0,0,1,1,0,0,1,0.3156,1,0.0,0.0,1.0,1.0,1.0,-0.9933,1.0,0.0,0.0,1.0,1.0,1.0,-1.8527,1.0,1.0,1.0,0.0,0.0,1.0,1.3485,1.0,55-60,55-60
BAJAJFINSV.NS|2026-05-08|ensemble_lr0.20_rf0.30_xgb0.50,BAJAJFINSV.NS,2026-05-08,ensemble_lr0.20_rf0.30_xgb0.50,2025-05-09,2026-05-08,2026-05-04,2025-06-05,2026-05-07,2026-05-08,229,2026-05-08,False,0,0.4710144927536232,0.480385542278216,0.3,0.3667476177215576,0.369450917316422,0,63.05,0.369450917316422,0,63.05,SELL,0.4166,-0.1669,Sideways,-0.335,0.0,unavailable_no_point_in_time_source,True,1816.75,1816.749755859375,2026-05-11,1792.6702880859375,-1.3254,0,2026-05-13,1727.426025390625,-4.9167,0.0,2026-05-15,1726.6265869140625,-4.9607,0.0,2026-05-22,1764.494384765625,-2.8763,0.0,0,1,1,1,1,1,-1.3254,1,1.0,1.0,1.0,1.0,1.0,-4.9167,1.0,1.0,1.0,1.0,1.0,1.0,-4.9607,1.0,1.0,1.0,1.0,1.0,1.0,-2.8763,1.0,60-65,60-65
BAJFINANCE.NS|2026-05-08|ensemble_lr0.20_rf0.30_xgb0.50,BAJFINANCE.NS,2026-05-08,ensemble_lr0.20_rf0.30_xgb0.50,2025-05-09,2026-05-08,2026-05-04,2025-06-05,2026-05-07,2026-05-08,229,2026-05-08,False,1,0.6014492753623188,0.6901201054373564,0.58,0.7482473254203796,0.6861476837976611,1,68.61,0.6861476837976611,1,68.61,BUY,0.6775,0.355,Bullish,0.33,0.0,unavailable_no_point_in_time_source,True,949.51,949.5131225585938,2026-05-11,930.3310546875,-2.0202,0,2026-05-13,890.6748657226562,-6.1967,0.0,2026-05-15,904.887451171875,-4.6998,0.0,2026-05-22,910.9501953125,-4.0613,0.0,0,0,0,0,1,0,-2.0199,0,0.0,0.0,0.0,1.0,0.0,-6.1964,0.0,0.0,0.0,0.0,1.0,0.0,-4.6995,0.0,0.0,0.0,0.0,1.0,0.0,-4.061,0.0,65-70,65-70
BEL.NS|2026-05-08|ensemble_lr0.20_rf0.30_xgb0.50,BEL.NS,2026-05-08,ensemble_lr0.20_rf0.30_xgb0.50,2025-05-09,2026-05-08,2026-05-04,2025-06-05,2026-05-07,2026-05-08,229,2026-05-08,False,0,0.5144927536231884,0.5033945602800217,0.7,0.5213332176208496,0.5713455208664291,1,57.13,0.5713455208664291,1,57.13,HOLD,0.5689,0.1377,Sideways,-0.165,0.0,unavailable_no_point_in_time_source,True,439.1,439.1039123535156,2026-05-11,431.3644104003906,-1.7626,0,2026-05-13,427.6694030761719,-2.6041,0.0,2026-05-15,423.0756530761719,-3.6502,0.0,2026-05-22,415.9852600097656,-5.265,0.0,1,0,0,1,0,1,-1.7617,1,0.0,0.0,1.0,0.0,1.0,-2.6032,1.0,0.0,0.0,1.0,0.0,0.0,-3.6494,0.0,0.0,0.0,1.0,0.0,0.0,-5.2641,0.0,55-60,55-60
BPCL.NS|2026-05-08|ensemble_lr0.20_rf0.30_xgb0.50,BPCL.NS,2026-05-08,ensemble_lr0.20_rf0.30_xgb0.50,2025-05-09,2026-05-08,2026-05-04,2025-06-05,2026-05-07,2026-05-08,229,2026-05-08,False,0,0.45652173913043476,0.2739834817934803,0.12,0.1478322446346283,0.1647128186760102,0,83.53,0.1647128186760102,0,83.53,SELL,0.4121,-0.1757,High Volatility,-0.165,0.0,unavailable_no_point_in_time_source,True,302.75,302.75,2026-05-11,294.45001220703125,-2.7415,0,2026-05-13,297.1000061035156,-1.8662,0.0,2026-05-15,284.45001220703125,-6.0446,0.0,2026-05-22,295.6000061035156,-2.3617,0.0,0,1,1,1,1,1,-2.7415,1,1.0,1.0,1.0,1.0,1.0,-1.8662,1.0,1.0,1.0,1.0,1.0,1.0,-6.0446,1.0,1.0,1.0,1.0,1.0,1.0,-2.3617,1.0,80-85,80-85
AARTIIND.NS|2026-05-15|ensemble_lr0.20_rf0.30_xgb0.50,AARTIIND.NS,2026-05-15,ensemble_lr0.20_rf0.30_xgb0.50,2025-05-16,2026-05-15,2026-05-11,2025-06-12,2026-05-14,2026-05-15,229,2026-05-15,False,0,0.5144927536231884,0.31637016949439034,0.24,0.29322606325149536,0.2818870655246257,0,71.81,0.2818870655246257,0,71.81,HOLD,0.4712,-0.0575,High Volatility,0.335,0.0,unavailable_no_point_in_time_source,True,465.32,465.3249816894531,2026-05-18,460.2850036621094,-1.0831,0,2026-05-20,462.4307556152344,-0.622,0.0,2026-05-22,475.2552490234375,2.134,1.0,2026-06-01,469.96575927734375,0.9973,1.0,0,1,1,1,1,1,-1.0821,1,1.0,1.0,1.0,1.0,1.0,-0.6209,1.0,0.0,0.0,0.0,0.0,1.0,2.1351,1.0,0.0,0.0,0.0,0.0,1.0,0.9984,1.0,70-75,70-75
ABCAPITAL.NS|2026-05-15|ensemble_lr0.20_rf0.30_xgb0.50,ABCAPITAL.NS,2026-05-15,ensemble_lr0.20_rf0.30_xgb0.50,2025-05-16,2026-05-15,2026-05-11,2025-06-12,2026-05-14,2026-05-15,229,2026-05-15,False,1,0.5144927536231885,0.6632252901399142,0.36,0.2623370885848999,0.3718136023204328,0,62.82,0.3718136023204328,0,62.82,HOLD,0.5068,0.0135,High Volatility,0.5,0.0,unavailable_no_point_in_time_source,True,357.15,357.1499938964844,2026-05-18,350.1000061035156,-1.974,0,2026-05-20,353.1000061035156,-1.134,0.0,2026-05-22,357.29998779296875,0.042,1.0,2026-06-01,350.54998779296875,-1.848,0.0,1,1,1,0,0,1,-1.974,1,1.0,1.0,0.0,0.0,1.0,-1.134,1.0,0.0,0.0,1.0,1.0,1.0,0.042,1.0,1.0,1.0,0.0,0.0,1.0,-1.848,1.0,60-65,60-65
ABFRL.NS|2026-05-15|ensemble_lr0.20_rf0.30_xgb0.50,ABFRL.NS,2026-05-15,ensemble_lr0.20_rf0.30_xgb0.50,2025-05-16,2026-05-15,2026-05-11,2025-06-12,2026-05-14,2026-05-15,229,2026-05-15,False,0,0.5289855072463768,0.5117255133625107,0.14,0.14221537113189697,0.21545278823845063,0,78.45,0.21545278823845063,0,78.45,SELL,0.374,-0.2519,High Volatility,-0.33,0.0,unavailable_no_point_in_time_source,True,62.66,62.65999984741211,2026-05-18,61.959999084472656,-1.1171,0,2026-05-20,62.529998779296875,-0.2075,0.0,2026-05-22,67.3499984741211,7.4848,1.0,2026-06-01,62.7599983215332,0.1596,1.0,0,1,1,1,1,1,-1.1171,1,1.0,1.0,1.0,1.0,1.0,-0.2075,1.0,0.0,0.0,0.0,0.0,0.0,7.4848,0.0,0.0,0.0,0.0,0.0,0.0,0.1596,0.0,75-80,75-80
APOLLOTYRE.NS|2026-05-15|ensemble_lr0.20_rf0.30_xgb0.50,APOLLOTYRE.NS,2026-05-15,ensemble_lr0.20_rf0.30_xgb0.50,2025-05-16,2026-05-15,2026-05-11,2025-06-12,2026-05-14,2026-05-15,229,2026-05-15,False,0,0.45652173913043476,0.07655126905428607,0.5,0.18369626998901367,0.257158388805364,0,74.28,0.257158388805364,0,74.28,SELL,0.3153,-0.3695,High Volatility,-1.0,0.0,unavailable_no_point_in_time_source,True,392.26,392.2567443847656,2026-05-18,373.0167541503906,-4.9049,0,2026-05-20,373.76251220703125,-4.7148,0.0,2026-05-22,369.685791015625,-5.7541,0.0,2026-06-01,383.1090393066406,-2.3321,0.0,0,1,1,1,1,1,-4.9057,1,1.0,1.0,1.0,1.0,1.0,-4.7156,1.0,1.0,1.0,1.0,1.0,1.0,-5.7549,1.0,1.0,1.0,1.0,1.0,1.0,-2.3329,1.0,70-75,70-75
ASIANPAINT.NS|2026-05-15|ensemble_lr0.20_rf0.30_xgb0.50,ASIANPAINT.NS,2026-05-15,ensemble_lr0.20_rf0.30_xgb0.50,2025-05-16,2026-05-15,2026-05-11,2025-06-12,2026-05-14,2026-05-15,229,2026-05-15,False,1,0.4855072463768116,0.5347997815623718,0.36,0.36288759112358093,0.39640375187426485,0,60.36,0.39640375187426485,0,60.36,BUY,0.5801,0.1602,Bullish,0.5,0.0,unavailable_no_point_in_time_source,True,2583.19,2583.1884765625,2026-05-18,2591.51611328125,0.3224,1,2026-05-20,2576.24853515625,-0.2687,0.0,2026-05-22,2617.09423828125,1.3126,1.0,2026-06-01,2609.757568359375,1.0285,1.0,0,0,0,1,0,1,0.3223,1,1.0,1.0,0.0,1.0,0.0,-0.2687,0.0,0.0,0.0,1.0,0.0,1.0,1.3125,1.0,0.0,0.0,1.0,0.0,1.0,1.0285,1.0,60-65,60-65
ASTRAL.NS|2026-05-15|ensemble_lr0.20_rf0.30_xgb0.50,ASTRAL.NS,2026-05-15,ensemble_lr0.20_rf0.30_xgb0.50,2025-05-16,2026-05-15,2026-05-11,2025-06-12,2026-05-14,2026-05-15,229,2026-05-15,False,0,0.47826086956521746,0.46795585379706184,0.34,0.23376551270484924,0.31247392711183697,0,68.75,0.31247392711183697,0,68.75,HOLD,0.4371,-0.1259,High Volatility,0.165,0.0,unavailable_no_point_in_time_source,True,1548.36,1548.36474609375,2026-05-18,1543.272705078125,-0.3289,0,2026-05-20,1441.432861328125,-6.9061,0.0,2026-05-22,1539.2789306640625,-0.5868,0.0,2026-06-01,1530.6925048828125,-1.1413,0.0,0,1,1,1,1,1,-0.3286,1,1.0,1.0,1.0,1.0,0.0,-6.9058,0.0,1.0,1.0,1.0,1.0,1.0,-0.5865,1.0,1.0,1.0,1.0,1.0,1.0,-1.141,1.0,65-70,65-70
BAJAJFINSV.NS|2026-05-15|ensemble_lr0.20_rf0.30_xgb0.50,BAJAJFINSV.NS,2026-05-15,ensemble_lr0.20_rf0.30_xgb0.50,2025-05-16,2026-05-15,2026-05-11,2025-06-12,2026-05-14,2026-05-15,229,2026-05-15,False,0,0.45652173913043476,0.5169244326702549,0.34,0.3983432948589325,0.4045565339635172,0,59.54,0.4045565339635172,0,59.54,SELL,0.3628,-0.2744,Sideways,-0.835,0.0,unavailable_no_point_in_time_source,True,1726.63,1726.6265869140625,2026-05-18,1751.6053466796875,1.4467,1,2026-05-20,1770.4892578125,2.5404,1.0,2026-05-22,1764.494384765625,2.1932,1.0,2026-06-01,1757.400390625,1.7823,1.0,0,0,0,0,0,0,1.4465,0,0.0,0.0,0.0,0.0,0.0,2.5402,0.0,0.0,0.0,0.0,0.0,0.0,2.193,0.0,0.0,0.0,0.0,0.0,0.0,1.7821,0.0,55-60,55-60
BAJFINANCE.NS|2026-05-15|ensemble_lr0.20_rf0.30_xgb0.50,BAJFINANCE.NS,2026-05-15,ensemble_lr0.20_rf0.30_xgb0.50,2025-05-16,2026-05-15,2026-05-11,2025-06-12,2026-05-14,2026-05-15,229,2026-05-15,False,1,0.5144927536231885,0.5466298798468406,0.36,0.24379867315292358,0.33922531254582994,0,66.08,0.33922531254582994,0,66.08,HOLD,0.4481,-0.1038,Sideways,0.0,0.0,unavailable_no_point_in_time_source,True,904.89,904.887451171875,2026-05-18,915.4723510742188,1.1697,1,2026-05-20,917.4601440429688,1.3894,1.0,2026-05-22,910.9501953125,0.67,1.0,2026-06-01,883.6182250976562,-2.3505,0.0,0,0,0,1,0,1,1.1695,1,0.0,0.0,1.0,0.0,1.0,1.3891,1.0,0.0,0.0,1.0,0.0,1.0,0.6697,1.0,1.0,1.0,0.0,1.0,1.0,-2.3508,1.0,65-70,65-70
BEL.NS|2026-05-15|ensemble_lr0.20_rf0.30_xgb0.50,BEL.NS,2026-05-15,ensemble_lr0.20_rf0.30_xgb0.50,2025-05-16,2026-05-15,2026-05-11,2025-06-12,2026-05-14,2026-05-15,229,2026-05-15,False,0,0.48550724637681153,0.5687801146477259,0.26,0.2338392287492752,0.3086756373041828,0,69.13,0.3086756373041828,0,69.13,SELL,0.3972,-0.2056,Sideways,-0.165,0.0,unavailable_no_point_in_time_source,True,423.08,423.0756530761719,2026-05-18,426.02166748046875,0.6963,1,2026-05-20,412.73968505859375,-2.4431,0.0,2026-05-22,415.9852600097656,-1.6759,0.0,2026-06-01,406.6479797363281,-3.8829,0.0,0,0,0,0,0,0,0.6953,0,1.0,1.0,1.0,1.0,1.0,-2.4441,1.0,1.0,1.0,1.0,1.0,1.0,-1.6769,1.0,1.0,1.0,1.0,1.0,1.0,-3.8839,1.0,65-70,65-70
BPCL.NS|2026-05-15|ensemble_lr0.20_rf0.30_xgb0.50,BPCL.NS,2026-05-15,ensemble_lr0.20_rf0.30_xgb0.50,2025-05-16,2026-05-15,2026-05-11,2025-06-12,2026-05-14,2026-05-15,229,2026-05-15,False,0,0.4565217391304348,0.22093506586120532,0.58,0.6735113859176636,0.5549427061310728,1,55.49,0.5549427061310728,1,55.49,HOLD,0.473,-0.0539,High Volatility,-0.835,0.0,unavailable_no_point_in_time_source,True,284.45,284.45001220703125,2026-05-18,280.79998779296875,-1.2832,0,2026-05-20,293.75,3.2695,1.0,2026-05-22,295.6000061035156,3.9198,1.0,2026-06-01,296.8500061035156,4.3593,1.0,0,0,0,1,1,1,-1.2832,1,1.0,1.0,0.0,0.0,0.0,3.2695,0.0,1.0,1.0,0.0,0.0,0.0,3.9198,0.0,1.0,1.0,0.0,0.0,0.0,4.3593,0.0,55-60,55-60
AARTIIND.NS|2026-05-22|ensemble_lr0.20_rf0.30_xgb0.50,AARTIIND.NS,2026-05-22,ensemble_lr0.20_rf0.30_xgb0.50,2025-05-23,2026-05-22,2026-05-18,2025-06-19,2026-05-21,2026-05-22,229,2026-05-22,False,0,0.48550724637681153,0.310396457224962,0.28,0.3777351677417755,0.3349468753158802,0,66.51,0.3349468753158802,0,66.51,HOLD,0.5005,0.0009,High Volatility,0.5,0.0,unavailable_no_point_in_time_source,True,475.26,475.2552490234375,2026-05-25,481.6425476074219,1.344,1,2026-05-27,499.75653076171875,5.1554,1.0,2026-06-01,469.96575927734375,-1.113,0.0,2026-06-08,431.69183349609375,-9.1663,0.0,0,0,0,0,0,1,1.343,1,0.0,0.0,0.0,0.0,0.0,5.1543,0.0,1.0,1.0,1.0,1.0,1.0,-1.114,1.0,1.0,1.0,1.0,1.0,0.0,-9.1672,0.0,65-70,65-70
ABCAPITAL.NS|2026-05-22|ensemble_lr0.20_rf0.30_xgb0.50,ABCAPITAL.NS,2026-05-22,ensemble_lr0.20_rf0.30_xgb0.50,2025-05-23,2026-05-22,2026-05-18,2025-06-19,2026-05-21,2026-05-22,229,2026-05-22,False,1,0.5434782608695652,0.4293560445951038,0.38,0.27157101035118103,0.3356567140946113,0,66.43,0.3356567140946113,0,66.43,HOLD,0.5005,0.001,High Volatility,0.5,0.0,unavailable_no_point_in_time_source,True,357.3,357.29998779296875,2026-05-25,363.6499938964844,1.7772,1,2026-05-27,364.8999938964844,2.1271,1.0,2026-06-01,350.54998779296875,-1.8892,0.0,2026-06-08,344.0,-3.7224,0.0,1,0,0,1,1,1,1.7772,1,0.0,0.0,1.0,1.0,1.0,2.1271,1.0,1.0,1.0,0.0,0.0,1.0,-1.8892,1.0,1.0,1.0,0.0,0.0,0.0,-3.7224,0.0,65-70,65-70
ABFRL.NS|2026-05-22|ensemble_lr0.20_rf0.30_xgb0.50,ABFRL.NS,2026-05-22,ensemble_lr0.20_rf0.30_xgb0.50,2025-05-23,2026-05-22,2026-05-18,2025-06-19,2026-05-21,2026-05-22,229,2026-05-22,False,0,0.5217391304347826,0.5956642472985721,0.4,0.4009561836719513,0.43961094129569006,0,56.04,0.43961094129569006,0,56.04,HOLD,0.568,0.136,High Volatility,0.335,0.0,unavailable_no_point_in_time_source,True,67.35,67.3499984741211,2026-05-25,67.36000061035156,0.0149,1,2026-05-27,64.05999755859375,-4.8849,0.0,2026-06-01,62.7599983215332,-6.8151,0.0,2026-06-08,59.290000915527344,-11.9673,0.0,1,0,0,0,1,1,0.0148,1,1.0,1.0,1.0,0.0,0.0,-4.8849,0.0,1.0,1.0,1.0,0.0,0.0,-6.8151,0.0,1.0,1.0,1.0,0.0,0.0,-11.9673,0.0,55-60,55-60
ADANIENT.NS|2026-05-22|ensemble_lr0.20_rf0.30_xgb0.50,ADANIENT.NS,2026-05-22,ensemble_lr0.20_rf0.30_xgb0.50,2025-05-23,2026-05-22,2026-05-18,2025-06-19,2026-05-21,2026-05-22,229,2026-05-22,False,0,0.47826086956521746,0.4870259548567794,0.42,0.11849114298820496,0.2826507624654584,0,71.73,0.2826507624654584,0,71.73,HOLD,0.5553,0.1105,High Volatility,0.665,0.0,unavailable_no_point_in_time_source,True,2716.09,2716.085693359375,2026-05-25,2848.42626953125,4.8725,1,2026-05-27,2971.771484375,9.4138,1.0,2026-06-01,2908.099609375,7.0695,1.0,2026-06-08,2968.672607421875,9.2997,1.0,1,0,0,0,1,0,4.8723,0,0.0,0.0,0.0,1.0,0.0,9.4136,0.0,0.0,0.0,0.0,1.0,0.0,7.0693,0.0,0.0,0.0,0.0,1.0,0.0,9.2995,0.0,70-75,70-75
ADANIPORTS.NS|2026-05-22|ensemble_lr0.20_rf0.30_xgb0.50,ADANIPORTS.NS,2026-05-22,ensemble_lr0.20_rf0.30_xgb0.50,2025-05-23,2026-05-22,2026-05-18,2025-06-19,2026-05-21,2026-05-22,229,2026-05-22,False,0,0.4492753623188406,0.592585751570952,0.36,0.6574429869651794,0.5552386437967801,1,55.52,0.5552386437967801,1,55.52,STRONG BUY,0.7288,0.4576,Bullish,0.665,0.0,unavailable_no_point_in_time_source,True,1779.4,1779.40087890625,2026-05-25,1795.333740234375,0.8954,1,2026-05-27,1816.843017578125,2.1042,1.0,2026-06-01,1776.0150146484375,-0.1903,0.0,2026-06-08,1797.4248046875,1.0129,1.0,0,1,1,0,0,1,0.8955,1,1.0,1.0,0.0,0.0,1.0,2.1042,1.0,0.0,0.0,1.0,1.0,0.0,-0.1902,0.0,1.0,1.0,0.0,0.0,1.0,1.013,1.0,55-60,55-60
AMBER.NS|2026-05-22|ensemble_lr0.20_rf0.30_xgb0.50,AMBER.NS,2026-05-22,ensemble_lr0.20_rf0.30_xgb0.50,2025-05-23,2026-05-22,2026-05-18,2025-06-19,2026-05-21,2026-05-22,229,2026-05-22,False,1,0.5362318840579711,0.502886700750341,0.56,0.621032178401947,0.5790934293510417,1,57.91,0.5790934293510417,1,57.91,BUY,0.6066,0.2133,High Volatility,0.335,0.0,unavailable_no_point_in_time_source,True,7359.0,7359.0,2026-05-25,7461.5,1.3929,1,2026-05-27,7516.0,2.1334,1.0,2026-06-01,7623.5,3.5942,1.0,2026-06-08,7750.0,5.3132,1.0,0,1,1,1,0,1,1.3929,1,1.0,1.0,1.0,0.0,1.0,2.1334,1.0,1.0,1.0,1.0,0.0,1.0,3.5942,1.0,1.0,1.0,1.0,0.0,1.0,5.3132,1.0,55-60,55-60
ANGELONE.NS|2026-05-22|ensemble_lr0.20_rf0.30_xgb0.50,ANGELONE.NS,2026-05-22,ensemble_lr0.20_rf0.30_xgb0.50,2025-05-23,2026-05-22,2026-05-18,2025-06-19,2026-05-21,2026-05-22,229,2026-05-22,False,1,0.5362318840579711,0.20542091717511873,0.38,0.3773658871650696,0.3437671270175585,0,65.62,0.3437671270175585,0,65.62,BUY,0.592,0.1841,High Volatility,1.0,0.0,unavailable_no_point_in_time_source,True,338.3,338.3037414550781,2026-05-25,345.3818664550781,2.0922,1,2026-05-27,335.9111633300781,-0.7072,0.0,2026-06-01,334.5653076171875,-1.1051,0.0,2026-06-08,324.6958312988281,-4.0224,0.0,0,0,0,1,0,1,2.0934,1,1.0,1.0,0.0,1.0,0.0,-0.7061,0.0,1.0,1.0,0.0,1.0,0.0,-1.104,0.0,1.0,1.0,0.0,1.0,0.0,-4.0213,0.0,65-70,65-70
APOLLOTYRE.NS|2026-05-22|ensemble_lr0.20_rf0.30_xgb0.50,APOLLOTYRE.NS,2026-05-22,ensemble_lr0.20_rf0.30_xgb0.50,2025-05-23,2026-05-22,2026-05-18,2025-06-19,2026-05-21,2026-05-22,229,2026-05-22,False,0,0.44202898550724634,0.31988119065279835,0.26,0.25320717692375183,0.2685798265924356,0,73.14,0.2685798265924356,0,73.14,SELL,0.3182,-0.3637,High Volatility,-1.0,0.0,unavailable_no_point_in_time_source,True,369.69,369.685791015625,2026-05-25,386.1417236328125,4.4513,1,2026-05-27,397.4768981933594,7.5175,1.0,2026-06-01,383.1090393066406,3.631,1.0,2026-06-08,382.66162109375,3.51,1.0,0,0,0,0,0,0,4.4501,0,0.0,0.0,0.0,0.0,0.0,7.5163,0.0,0.0,0.0,0.0,0.0,0.0,3.6298,0.0,0.0,0.0,0.0,0.0,0.0,3.5088,0.0,70-75,70-75
ASHOKLEY.NS|2026-05-22|ensemble_lr0.20_rf0.30_xgb0.50,ASHOKLEY.NS,2026-05-22,ensemble_lr0.20_rf0.30_xgb0.50,2025-05-23,2026-05-22,2026-05-18,2025-06-19,2026-05-21,2026-05-22,229,2026-05-22,False,1,0.5072463768115941,0.42323242656077775,0.68,0.6093400716781616,0.5933165211512363,1,59.33,0.5933165211512363,1,59.33,HOLD,0.4969,-0.0062,High Volatility,-0.335,0.0,unavailable_no_point_in_time_source,True,155.56,155.55636596679688,2026-05-25,161.32791137695312,3.7103,1,2026-05-27,160.87562561035156,3.4195,1.0,2026-06-01,147.26776123046875,-5.3284,0.0,2026-06-08,141.02000427246094,-9.3448,0.0,1,1,1,1,1,0,3.7078,0,1.0,1.0,1.0,1.0,0.0,3.4171,0.0,0.0,0.0,0.0,0.0,0.0,-5.3306,0.0,0.0,0.0,0.0,0.0,0.0,-9.3469,0.0,55-60,55-60
ASTRAL.NS|2026-05-22|ensemble_lr0.20_rf0.30_xgb0.50,ASTRAL.NS,2026-05-22,ensemble_lr0.20_rf0.30_xgb0.50,2025-05-23,2026-05-22,2026-05-18,2025-06-19,2026-05-21,2026-05-22,229,2026-05-22,False,0,0.5217391304347826,0.3576186249277523,0.52,0.7384905815124512,0.596769015741776,1,59.68,0.596769015741776,1,59.68,HOLD,0.537,0.074,High Volatility,-0.335,0.0,unavailable_no_point_in_time_source,True,1539.28,1539.2789306640625,2026-05-25,1549.8624267578125,0.6876,1,2026-05-27,1596.089599609375,3.6907,1.0,2026-06-01,1530.6925048828125,-0.5578,0.0,2026-06-08,1508.826904296875,-1.9783,0.0,1,1,1,0,1,1,0.6875,1,1.0,1.0,0.0,1.0,0.0,3.6907,0.0,0.0,0.0,1.0,0.0,1.0,-0.5579,1.0,0.0,0.0,1.0,0.0,1.0,-1.9784,1.0,55-60,55-60
AXISBANK.NS|2026-05-22|ensemble_lr0.20_rf0.30_xgb0.50,AXISBANK.NS,2026-05-22,ensemble_lr0.20_rf0.30_xgb0.50,2025-05-23,2026-05-22,2026-05-18,2025-06-19,2026-05-21,2026-05-22,229,2026-05-22,False,0,0.49275362318840576,0.3381235801884934,0.76,0.7121301293373108,0.6516897807063541,1,65.17,0.6516897807063541,1,65.17,HOLD,0.5217,0.0434,Sideways,-0.165,0.0,unavailable_no_point_in_time_source,True,1284.41,1284.409423828125,2026-05-25,1310.189453125,2.0072,1,2026-05-27,1303.094970703125,1.4548,1.0,2026-06-01,1274.916748046875,-0.7391,0.0,2026-06-08,1267.1226806640625,-1.3459,0.0,1,1,1,0,1,1,2.0071,1,1.0,1.0,0.0,1.0,1.0,1.4548,1.0,0.0,0.0,1.0,0.0,1.0,-0.7391,1.0,0.0,0.0,1.0,0.0,1.0,-1.3459,1.0,65-70,65-70
BAJAJFINSV.NS|2026-05-22|ensemble_lr0.20_rf0.30_xgb0.50,BAJAJFINSV.NS,2026-05-22,ensemble_lr0.20_rf0.30_xgb0.50,2025-05-23,2026-05-22,2026-05-18,2025-06-19,2026-05-21,2026-05-22,229,2026-05-22,False,0,0.4565217391304348,0.46801365495743685,0.7,0.6982612609863281,0.6527333614846514,1,65.27,0.6527333614846514,1,65.27,HOLD,0.4688,-0.0623,Sideways,-0.67,0.0,unavailable_no_point_in_time_source,True,1764.49,1764.494384765625,2026-05-25,1805.8590087890625,2.3443,1,2026-05-27,1807.5576171875,2.4405,1.0,2026-06-01,1757.400390625,-0.402,0.0,2026-06-08,1673.1722412109375,-5.1755,0.0,1,1,1,0,1,1,2.3445,1,1.0,1.0,0.0,1.0,1.0,2.4408,1.0,0.0,0.0,1.0,0.0,1.0,-0.4018,1.0,0.0,0.0,1.0,0.0,0.0,-5.1753,0.0,65-70,65-70
BAJFINANCE.NS|2026-05-22|ensemble_lr0.20_rf0.30_xgb0.50,BAJFINANCE.NS,2026-05-22,ensemble_lr0.20_rf0.30_xgb0.50,2025-05-23,2026-05-22,2026-05-18,2025-06-19,2026-05-21,2026-05-22,229,2026-05-22,False,1,0.48550724637681153,0.6628037382334726,0.7,0.6341102123260498,0.6596158538097194,1,65.96,0.6596158538097194,1,65.96,HOLD,0.5193,0.0387,Sideways,0.0,0.0,unavailable_no_point_in_time_source,True,910.95,910.9501953125,2026-05-25,936.1453247070312,2.7658,1,2026-05-27,925.4609985351562,1.5929,1.0,2026-06-01,883.6182250976562,-3.0004,0.0,2026-06-08,865.77783203125,-4.9588,0.0,1,1,1,1,1,1,2.7658,1,1.0,1.0,1.0,1.0,1.0,1.593,1.0,0.0,0.0,0.0,0.0,0.0,-3.0004,0.0,0.0,0.0,0.0,0.0,0.0,-4.9588,0.0,65-70,65-70
BEL.NS|2026-05-22|ensemble_lr0.20_rf0.30_xgb0.50,BEL.NS,2026-05-22,ensemble_lr0.20_rf0.30_xgb0.50,2025-05-23,2026-05-22,2026-05-18,2025-06-19,2026-05-21,2026-05-22,229,2026-05-22,False,0,0.49275362318840576,0.5894345602762172,0.48,0.3560255467891693,0.4398996854498281,0,56.01,0.4398996854498281,0,56.01,SELL,0.3568,-0.2865,Bearish,-0.165,0.0,unavailable_no_point_in_time_source,True,415.99,415.9852600097656,2026-05-25,421.2781066894531,1.2724,1,2026-05-27,418.5318298339844,0.6122,1.0,2026-06-01,406.6479797363281,-2.2446,0.0,2026-06-08,412.3901672363281,-0.8642,0.0,0,0,0,0,0,0,1.2712,0,0.0,0.0,0.0,0.0,0.0,0.611,0.0,1.0,1.0,1.0,1.0,1.0,-2.2457,1.0,1.0,1.0,1.0,1.0,1.0,-0.8654,1.0,55-60,55-60
BPCL.NS|2026-05-22|ensemble_lr0.20_rf0.30_xgb0.50,BPCL.NS,2026-05-22,ensemble_lr0.20_rf0.30_xgb0.50,2025-05-23,2026-05-22,2026-05-18,2025-06-19,2026-05-21,2026-05-22,229,2026-05-22,False,0,0.5289855072463768,0.6446916217996588,0.46,0.3400542140007019,0.43696543136028276,0,56.3,0.43696543136028276,0,56.3,HOLD,0.4354,-0.1292,High Volatility,-0.165,0.0,unavailable_no_point_in_time_source,True,295.6,295.6000061035156,2026-05-25,308.25,4.2794,1,2026-05-27,307.1499938964844,3.9073,1.0,2026-06-01,296.8500061035156,0.4229,1.0,2026-06-08,285.1499938964844,-3.5352,0.0,0,0,0,0,0,0,4.2794,0,0.0,0.0,0.0,0.0,0.0,3.9073,0.0,0.0,0.0,0.0,0.0,1.0,0.4229,1.0,1.0,1.0,1.0,1.0,0.0,-3.5352,0.0,55-60,55-60
AARTIIND.NS|2026-06-01|ensemble_lr0.20_rf0.30_xgb0.50,AARTIIND.NS,2026-06-01,ensemble_lr0.20_rf0.30_xgb0.50,2025-06-02,2026-06-01,2026-06-01,2025-06-27,2026-05-29,2026-06-01,229,2026-06-01,False,0,0.47826086956521746,0.28584064103531837,0.32,0.3764647841453552,0.3414005202797413,0,65.86,0.3414005202797413,0,65.86,HOLD,0.4733,-0.0534,High Volatility,0.335,0.0,unavailable_no_point_in_time_source,True,469.97,469.96575927734375,2026-06-02,468.81805419921875,-0.2442,0,2026-06-04,459.18719482421875,-2.2935,0.0,2026-06-08,431.69183349609375,-8.144,0.0,2026-06-15,497.16168212890625,5.7868,1.0,0,1,1,1,1,1,-0.2451,1,1.0,1.0,1.0,1.0,1.0,-2.2944,1.0,1.0,1.0,1.0,1.0,0.0,-8.1448,0.0,0.0,0.0,0.0,0.0,0.0,5.7858,0.0,65-70,65-70
ABCAPITAL.NS|2026-06-01|ensemble_lr0.20_rf0.30_xgb0.50,ABCAPITAL.NS,2026-06-01,ensemble_lr0.20_rf0.30_xgb0.50,2025-06-02,2026-06-01,2026-06-01,2025-06-27,2026-05-29,2026-06-01,229,2026-06-01,False,0,0.5434782608695651,0.8020618525945996,0.54,0.4674319624900818,0.5561283517639608,1,55.61,0.5561283517639608,1,55.61,HOLD,0.5671,0.1342,Sideways,0.335,0.0,unavailable_no_point_in_time_source,True,350.55,350.54998779296875,2026-06-02,351.29998779296875,0.2139,1,2026-06-04,353.6499938964844,0.8843,1.0,2026-06-08,344.0,-1.8685,0.0,2026-06-15,368.20001220703125,5.035,1.0,0,1,1,0,0,1,0.2139,1,1.0,1.0,0.0,0.0,1.0,0.8843,1.0,0.0,0.0,1.0,1.0,1.0,-1.8685,1.0,1.0,1.0,0.0,0.0,0.0,5.0349,0.0,55-60,55-60
ADANIPORTS.NS|2026-06-01|ensemble_lr0.20_rf0.30_xgb0.50,ADANIPORTS.NS,2026-06-01,ensemble_lr0.20_rf0.30_xgb0.50,2025-06-02,2026-06-01,2026-06-01,2025-06-27,2026-05-29,2026-06-01,229,2026-06-01,False,0,0.4710144927536232,0.5737830426972927,0.38,0.32008597254753113,0.3887995948132241,0,61.12,0.3887995948132241,0,61.12,HOLD,0.5576,0.1152,Bullish,0.5,0.0,unavailable_no_point_in_time_source,True,1776.02,1776.0150146484375,2026-06-02,1806.885009765625,1.7382,1,2026-06-04,1783.384033203125,0.4149,1.0,2026-06-08,1797.4248046875,1.2055,1.0,2026-06-15,1804.800048828125,1.6208,1.0,0,0,0,0,0,1,1.7379,1,0.0,0.0,0.0,0.0,1.0,0.4146,1.0,0.0,0.0,0.0,0.0,1.0,1.2052,1.0,0.0,0.0,0.0,0.0,1.0,1.6205,1.0,60-65,60-65
AMBER.NS|2026-06-01|ensemble_lr0.20_rf0.30_xgb0.50,AMBER.NS,2026-06-01,ensemble_lr0.20_rf0.30_xgb0.50,2025-06-02,2026-06-01,2026-06-01,2025-06-27,2026-05-29,2026-06-01,229,2026-06-01,False,1,0.5579710144927535,0.6418289105074557,0.76,0.7803864479064941,0.7465590060547382,1,74.66,0.7465590060547382,1,74.66,BUY,0.5975,0.195,High Volatility,0.335,0.0,unavailable_no_point_in_time_source,True,7623.5,7623.5,2026-06-02,7591.5,-0.4198,0,2026-06-04,7617.0,-0.0853,0.0,2026-06-08,7750.0,1.6593,1.0,2026-06-15,7620.0,-0.0459,0.0,1,0,0,0,0,0,-0.4198,0,0.0,0.0,0.0,0.0,0.0,-0.0853,0.0,1.0,1.0,1.0,1.0,1.0,1.6593,1.0,0.0,0.0,0.0,0.0,0.0,-0.0459,0.0,70-75,70-75
ANGELONE.NS|2026-06-01|ensemble_lr0.20_rf0.30_xgb0.50,ANGELONE.NS,2026-06-01,ensemble_lr0.20_rf0.30_xgb0.50,2025-06-02,2026-06-01,2026-06-01,2025-06-27,2026-05-29,2026-06-01,229,2026-06-01,False,0,0.47826086956521735,0.15431605038805662,0.46,0.2999058663845062,0.31881614326986446,0,68.12,0.31881614326986446,0,68.12,HOLD,0.5435,0.0871,High Volatility,0.665,0.0,unavailable_no_point_in_time_source,True,334.57,334.5653076171875,2026-06-02,341.59356689453125,2.1007,1,2026-06-04,336.6588439941406,0.6257,1.0,2026-06-08,324.6958312988281,-2.9499,0.0,2026-06-15,351.21380615234375,4.9762,1.0,0,0,0,0,0,1,2.0993,1,0.0,0.0,0.0,0.0,1.0,0.6243,1.0,1.0,1.0,1.0,1.0,1.0,-2.9513,1.0,0.0,0.0,0.0,0.0,0.0,4.9747,0.0,65-70,65-70
APOLLOTYRE.NS|2026-06-01|ensemble_lr0.20_rf0.30_xgb0.50,APOLLOTYRE.NS,2026-06-01,ensemble_lr0.20_rf0.30_xgb0.50,2025-06-02,2026-06-01,2026-06-01,2025-06-27,2026-05-29,2026-06-01,229,2026-06-01,False,0,0.5362318840579711,0.4775668841187224,0.42,0.3113417625427246,0.3771842580951068,0,62.28,0.3771842580951068,0,62.28,SELL,0.3782,-0.2436,High Volatility,-0.5,0.0,unavailable_no_point_in_time_source,True,383.11,383.1090393066406,2026-06-02,389.5223693847656,1.674,1,2026-06-04,393.4996337890625,2.7122,1.0,2026-06-08,382.66162109375,-0.1168,0.0,2026-06-15,411.9938659667969,7.5396,1.0,0,0,0,0,0,0,1.6738,0,0.0,0.0,0.0,0.0,0.0,2.7119,0.0,1.0,1.0,1.0,1.0,1.0,-0.117,1.0,0.0,0.0,0.0,0.0,0.0,7.5393,0.0,60-65,60-65
ASHOKLEY.NS|2026-06-01|ensemble_lr0.20_rf0.30_xgb0.50,ASHOKLEY.NS,2026-06-01,ensemble_lr0.20_rf0.30_xgb0.50,2025-06-02,2026-06-01,2026-06-01,2025-06-27,2026-05-29,2026-06-01,229,2026-06-01,False,1,0.4710144927536232,0.32625001118310726,0.44,0.3809663653373718,0.3877331849053074,0,61.23,0.3877331849053074,0,61.23,HOLD,0.4349,-0.1301,High Volatility,-0.165,0.0,unavailable_no_point_in_time_source,True,147.27,147.26776123046875,2026-06-02,146.5500030517578,-0.4874,0,2026-06-04,144.44000244140625,-1.9201,0.0,2026-06-08,141.02000427246094,-4.2424,0.0,2026-06-15,157.6999969482422,7.0839,1.0,0,1,1,0,1,1,-0.4889,1,1.0,1.0,0.0,1.0,1.0,-1.9216,1.0,1.0,1.0,0.0,1.0,0.0,-4.2439,0.0,0.0,0.0,1.0,0.0,0.0,7.0822,0.0,60-65,60-65
ASIANPAINT.NS|2026-06-01|ensemble_lr0.20_rf0.30_xgb0.50,ASIANPAINT.NS,2026-06-01,ensemble_lr0.20_rf0.30_xgb0.50,2025-06-02,2026-06-01,2026-06-01,2025-06-27,2026-05-29,2026-06-01,229,2026-06-01,False,0,0.49275362318840576,0.6885975613735328,0.42,0.6522900462150574,0.5898645353822353,1,58.99,0.5898645353822353,1,58.99,BUY,0.633,0.266,Bullish,0.165,0.0,unavailable_no_point_in_time_source,True,2609.76,2609.757568359375,2026-06-02,2637.814208984375,1.0751,1,2026-06-04,2638.706787109375,1.1093,1.0,2026-06-08,2636.3271484375,1.0181,1.0,2026-06-15,2715.73828125,4.0609,1.0,0,1,1,0,0,1,1.075,1,1.0,1.0,0.0,0.0,1.0,1.1092,1.0,1.0,1.0,0.0,0.0,1.0,1.018,1.0,1.0,1.0,0.0,0.0,1.0,4.0608,1.0,55-60,55-60
ASTRAL.NS|2026-06-01|ensemble_lr0.20_rf0.30_xgb0.50,ASTRAL.NS,2026-06-01,ensemble_lr0.20_rf0.30_xgb0.50,2025-06-02,2026-06-01,2026-06-01,2025-06-27,2026-05-29,2026-06-01,229,2026-06-01,False,0,0.5072463768115942,0.43365217977241427,0.5,0.20179978013038635,0.337630326019676,0,66.24,0.337630326019676,0,66.24,HOLD,0.4379,-0.1241,High Volatility,0.165,0.0,unavailable_no_point_in_time_source,True,1530.69,1530.6925048828125,2026-06-02,1524.302490234375,-0.4175,0,2026-06-04,1546.8670654296875,1.0567,1.0,2026-06-08,1508.826904296875,-1.4285,0.0,2026-06-15,1542.3741455078125,0.7632,1.0,0,1,1,1,1,1,-0.4173,1,0.0,0.0,0.0,0.0,1.0,1.0568,1.0,1.0,1.0,1.0,1.0,1.0,-1.4283,1.0,0.0,0.0,0.0,0.0,1.0,0.7633,1.0,65-70,65-70
AXISBANK.NS|2026-06-01|ensemble_lr0.20_rf0.30_xgb0.50,AXISBANK.NS,2026-06-01,ensemble_lr0.20_rf0.30_xgb0.50,2025-06-02,2026-06-01,2026-06-01,2025-06-27,2026-05-29,2026-06-01,229,2026-06-01,False,0,0.4855072463768116,0.31029897487140934,0.4,0.1544327586889267,0.2592761743187452,0,74.07,0.2592761743187452,0,74.07,HOLD,0.4352,-0.1296,Sideways,0.165,0.0,unavailable_no_point_in_time_source,True,1274.92,1274.916748046875,2026-06-02,1250.1358642578125,-1.9437,0,2026-06-04,1252.334228515625,-1.7713,0.0,2026-06-08,1267.1226806640625,-0.6113,0.0,2026-06-15,1367.24560546875,7.242,1.0,0,1,1,1,1,1,-1.944,1,1.0,1.0,1.0,1.0,1.0,-1.7715,1.0,1.0,1.0,1.0,1.0,1.0,-0.6116,1.0,0.0,0.0,0.0,0.0,0.0,7.2417,0.0,70-75,70-75
BAJFINANCE.NS|2026-06-01|ensemble_lr0.20_rf0.30_xgb0.50,BAJFINANCE.NS,2026-06-01,ensemble_lr0.20_rf0.30_xgb0.50,2025-06-02,2026-06-01,2026-06-01,2025-06-27,2026-05-29,2026-06-01,229,2026-06-01,False,1,0.47826086956521735,0.9003539579906902,0.68,0.9274455904960632,0.8477935868461697,1,84.78,0.8477935868461697,1,84.78,HOLD,0.5137,0.0273,Sideways,-0.33,0.0,unavailable_no_point_in_time_source,True,883.62,883.6182250976562,2026-06-02,876.6112670898438,-0.793,0,2026-06-04,869.0577392578125,-1.6478,0.0,2026-06-08,865.77783203125,-2.019,0.0,2026-06-15,936.5428466796875,5.9895,1.0,0,0,0,0,1,1,-0.7932,1,0.0,0.0,0.0,1.0,1.0,-1.648,1.0,0.0,0.0,0.0,1.0,1.0,-2.0192,1.0,1.0,1.0,1.0,0.0,0.0,5.9893,0.0,80-85,80-85
BEL.NS|2026-06-01|ensemble_lr0.20_rf0.30_xgb0.50,BEL.NS,2026-06-01,ensemble_lr0.20_rf0.30_xgb0.50,2025-06-02,2026-06-01,2026-06-01,2025-06-27,2026-05-29,2026-06-01,229,2026-06-01,False,0,0.5797101449275363,0.38154489075391873,0.48,0.8020283579826355,0.6213231571421015,1,62.13,0.6213231571421015,1,62.13,HOLD,0.4505,-0.099,Bearish,-0.5,0.0,unavailable_no_point_in_time_source,True,406.65,406.6479797363281,2026-06-02,407.2970886230469,0.1596,1,2026-06-04,409.34429931640625,0.6631,1.0,2026-06-08,412.3901672363281,1.4121,1.0,2026-06-15,408.9947509765625,0.5771,1.0,0,1,1,0,0,1,0.1591,1,1.0,1.0,0.0,0.0,1.0,0.6626,1.0,1.0,1.0,0.0,0.0,1.0,1.4116,1.0,1.0,1.0,0.0,0.0,1.0,0.5766,1.0,60-65,60-65
BPCL.NS|2026-06-01|ensemble_lr0.20_rf0.30_xgb0.50,BPCL.NS,2026-06-01,ensemble_lr0.20_rf0.30_xgb0.50,2025-06-02,2026-06-01,2026-06-01,2025-06-27,2026-05-29,2026-06-01,229,2026-06-01,False,0,0.572463768115942,0.6276043910036802,0.46,0.6792852878570557,0.6031635221292639,1,60.32,0.6031635221292639,1,60.32,HOLD,0.5147,0.0295,High Volatility,-0.335,0.0,unavailable_no_point_in_time_source,True,296.85,296.8500061035156,2026-06-02,294.3999938964844,-0.8253,0,2026-06-04,295.1499938964844,-0.5727,0.0,2026-06-08,285.1499938964844,-3.9414,0.0,2026-06-15,310.6000061035156,4.632,1.0,0,0,0,1,1,1,-0.8253,1,0.0,0.0,1.0,1.0,1.0,-0.5727,1.0,0.0,0.0,1.0,1.0,0.0,-3.9414,0.0,1.0,1.0,0.0,0.0,0.0,4.632,0.0,60-65,60-65
ABCAPITAL.NS|2026-06-08|ensemble_lr0.20_rf0.30_xgb0.50,ABCAPITAL.NS,2026-06-08,ensemble_lr0.20_rf0.30_xgb0.50,2025-06-09,2026-06-08,2026-06-08,2025-07-04,2026-06-05,2026-06-08,229,2026-06-08,False,0,0.5869565217391305,0.8331406713467779,0.66,0.6349786520004272,0.6821174602695692,1,68.21,0.6821174602695692,1,68.21,BUY,0.5977,0.1955,High Volatility,0.335,0.0,unavailable_no_point_in_time_source,True,344.0,344.0,2026-06-09,351.3500061035156,2.1366,1,2026-06-11,336.6000061035156,-2.1512,0.0,2026-06-15,368.20001220703125,7.0349,1.0,2026-06-22,391.95001220703125,13.939,1.0,0,1,1,0,0,1,2.1366,1,0.0,0.0,1.0,1.0,0.0,-2.1512,0.0,1.0,1.0,0.0,0.0,1.0,7.0349,1.0,1.0,1.0,0.0,0.0,1.0,13.939,1.0,65-70,65-70
ABFRL.NS|2026-06-08|ensemble_lr0.20_rf0.30_xgb0.50,ABFRL.NS,2026-06-08,ensemble_lr0.20_rf0.30_xgb0.50,2025-06-09,2026-06-08,2026-06-08,2025-07-04,2026-06-05,2026-06-08,229,2026-06-08,False,0,0.5434782608695652,0.5965488596535512,0.42,0.6187331080436707,0.5546763259525456,1,55.47,0.5546763259525456,1,55.47,HOLD,0.4733,-0.0534,High Volatility,-0.665,0.0,unavailable_no_point_in_time_source,True,59.29,59.290000915527344,2026-06-09,60.45000076293945,1.9565,1,2026-06-11,58.2400016784668,-1.771,0.0,2026-06-15,61.040000915527344,2.9516,1.0,2026-06-22,60.720001220703125,2.4119,1.0,0,1,1,0,0,1,1.9565,1,0.0,0.0,1.0,1.0,1.0,-1.771,1.0,1.0,1.0,0.0,0.0,1.0,2.9516,1.0,1.0,1.0,0.0,0.0,1.0,2.4119,1.0,55-60,55-60
ADANIPORTS.NS|2026-06-08|ensemble_lr0.20_rf0.30_xgb0.50,ADANIPORTS.NS,2026-06-08,ensemble_lr0.20_rf0.30_xgb0.50,2025-06-09,2026-06-08,2026-06-08,2025-07-04,2026-06-05,2026-06-08,229,2026-06-08,False,0,0.4492753623188406,0.3535441930356348,0.3,0.18473194539546967,0.25307481130486176,0,74.69,0.25307481130486176,0,74.69,HOLD,0.5526,0.1052,Bullish,0.5,0.0,unavailable_no_point_in_time_source,True,1797.42,1797.4248046875,2026-06-09,1818.735107421875,1.1856,1,2026-06-11,1779.5999755859375,-0.9917,0.0,2026-06-15,1804.800048828125,0.4103,1.0,2026-06-22,1827.199951171875,1.6565,1.0,0,0,0,0,0,1,1.1859,1,1.0,1.0,1.0,1.0,1.0,-0.9914,1.0,0.0,0.0,0.0,0.0,1.0,0.4106,1.0,0.0,0.0,0.0,0.0,1.0,1.6568,1.0,70-75,70-75
AMBER.NS|2026-06-08|ensemble_lr0.20_rf0.30_xgb0.50,AMBER.NS,2026-06-08,ensemble_lr0.20_rf0.30_xgb0.50,2025-06-09,2026-06-08,2026-06-08,2025-07-04,2026-06-05,2026-06-08,229,2026-06-08,False,1,0.5797101449275363,0.649472448009271,0.58,0.7274236679077148,0.6676063235557116,1,66.76,0.6676063235557116,1,66.76,BUY,0.6396,0.2792,High Volatility,0.5,0.0,unavailable_no_point_in_time_source,True,7750.0,7750.0,2026-06-09,7726.0,-0.3097,0,2026-06-11,7290.0,-5.9355,0.0,2026-06-15,7620.0,-1.6774,0.0,2026-06-22,7906.5,2.0194,1.0,0,0,0,0,1,0,-0.3097,0,0.0,0.0,0.0,1.0,0.0,-5.9355,0.0,0.0,0.0,0.0,1.0,0.0,-1.6774,0.0,1.0,1.0,1.0,0.0,1.0,2.0194,1.0,65-70,65-70
ANGELONE.NS|2026-06-08|ensemble_lr0.20_rf0.30_xgb0.50,ANGELONE.NS,2026-06-08,ensemble_lr0.20_rf0.30_xgb0.50,2025-06-09,2026-06-08,2026-06-08,2025-07-04,2026-06-05,2026-06-08,229,2026-06-08,False,0,0.5144927536231884,0.40229059267140277,0.42,0.7102143168449402,0.5615652769567506,1,56.16,0.5615652769567506,1,56.16,BUY,0.5984,0.1968,High Volatility,0.5,0.0,unavailable_no_point_in_time_source,True,324.7,324.6958312988281,2026-06-09,336.50927734375,3.6383,1,2026-06-11,322.7518310546875,-0.5987,0.0,2026-06-15,351.21380615234375,8.167,1.0,2026-06-22,353.7060852050781,8.9346,1.0,0,1,1,0,0,1,3.637,1,0.0,0.0,1.0,1.0,0.0,-0.6,0.0,1.0,1.0,0.0,0.0,1.0,8.1656,1.0,1.0,1.0,0.0,0.0,1.0,8.9332,1.0,55-60,55-60
APOLLOTYRE.NS|2026-06-08|ensemble_lr0.20_rf0.30_xgb0.50,APOLLOTYRE.NS,2026-06-08,ensemble_lr0.20_rf0.30_xgb0.50,2025-06-09,2026-06-08,2026-06-08,2025-07-04,2026-06-05,2026-06-08,229,2026-06-08,False,0,0.4710144927536232,0.5592418079699842,0.68,0.5982882380485535,0.6149924806182736,1,61.5,0.6149924806182736,1,61.5,HOLD,0.4915,-0.0169,Sideways,-0.5,0.0,unavailable_no_point_in_time_source,True,382.66,382.66162109375,2026-06-09,389.1246643066406,1.689,1,2026-06-11,378.1374816894531,-1.1823,0.0,2026-06-15,411.9938659667969,7.6653,1.0,2026-06-22,425.71539306640625,11.2511,1.0,0,1,1,0,0,1,1.6894,1,0.0,0.0,1.0,1.0,1.0,-1.1819,1.0,1.0,1.0,0.0,0.0,0.0,7.6658,0.0,1.0,1.0,0.0,0.0,0.0,11.2516,0.0,60-65,60-65
ASHOKLEY.NS|2026-06-08|ensemble_lr0.20_rf0.30_xgb0.50,ASHOKLEY.NS,2026-06-08,ensemble_lr0.20_rf0.30_xgb0.50,2025-06-09,2026-06-08,2026-06-08,2025-07-04,2026-06-05,2026-06-08,229,2026-06-08,False,1,0.5362318840579711,0.33533824932450373,0.84,0.6152307987213135,0.6266830492255575,1,62.67,0.6266830492255575,1,62.67,HOLD,0.4508,-0.0984,High Volatility,-0.665,0.0,unavailable_no_point_in_time_source,True,141.02,141.02000427246094,2026-06-09,143.8000030517578,1.9714,1,2026-06-11,138.5800018310547,-1.7303,0.0,2026-06-15,157.6999969482422,11.8281,1.0,2026-06-22,157.19000244140625,11.4665,1.0,0,1,1,1,0,1,1.9714,1,0.0,0.0,0.0,1.0,1.0,-1.7302,1.0,1.0,1.0,1.0,0.0,0.0,11.8281,0.0,1.0,1.0,1.0,0.0,0.0,11.4665,0.0,60-65,60-65
ASIANPAINT.NS|2026-06-08|ensemble_lr0.20_rf0.30_xgb0.50,ASIANPAINT.NS,2026-06-08,ensemble_lr0.20_rf0.30_xgb0.50,2025-06-09,2026-06-08,2026-06-08,2025-07-04,2026-06-05,2026-06-08,229,2026-06-08,False,0,0.49275362318840576,0.4568683571322578,0.64,0.7643057107925415,0.6655265268227224,1,66.55,0.6655265268227224,1,66.55,BUY,0.6825,0.3651,Bullish,0.33,0.0,unavailable_no_point_in_time_source,True,2636.33,2636.3271484375,2026-06-09,2684.806640625,1.8389,1,2026-06-11,2667.75439453125,1.1921,1.0,2026-06-15,2715.73828125,3.0122,1.0,2026-06-22,2651.0,0.5566,1.0,0,1,1,0,0,1,1.8388,1,1.0,1.0,0.0,0.0,1.0,1.192,1.0,1.0,1.0,0.0,0.0,1.0,3.0121,1.0,1.0,1.0,0.0,0.0,1.0,0.5565,1.0,65-70,65-70
ASTRAL.NS|2026-06-08|ensemble_lr0.20_rf0.30_xgb0.50,ASTRAL.NS,2026-06-08,ensemble_lr0.20_rf0.30_xgb0.50,2025-06-09,2026-06-08,2026-06-08,2025-07-04,2026-06-05,2026-06-08,229,2026-06-08,False,0,0.6304347826086957,0.5343776159975111,0.4,0.3241322636604309,0.38894165502971767,0,61.11,0.38894165502971767,0,61.11,SELL,0.3501,-0.2998,High Volatility,-0.33,0.0,unavailable_no_point_in_time_source,True,1508.83,1508.826904296875,2026-06-09,1523.6036376953125,0.9794,1,2026-06-11,1487.85986328125,-1.3896,0.0,2026-06-15,1542.3741455078125,2.2234,1.0,2026-06-22,1555.353759765625,3.0836,1.0,0,0,0,0,0,0,0.9791,0,1.0,1.0,1.0,1.0,1.0,-1.3898,1.0,0.0,0.0,0.0,0.0,0.0,2.2232,0.0,0.0,0.0,0.0,0.0,0.0,3.0834,0.0,60-65,60-65
AUBANK.NS|2026-06-08|ensemble_lr0.20_rf0.30_xgb0.50,AUBANK.NS,2026-06-08,ensemble_lr0.20_rf0.30_xgb0.50,2025-06-09,2026-06-08,2026-06-08,2025-07-04,2026-06-05,2026-06-08,229,2026-06-08,False,0,0.49275362318840576,0.41219732104210216,0.54,0.650061309337616,0.5694701188772284,1,56.95,0.5694701188772284,1,56.95,HOLD,0.5613,0.1226,Sideways,-0.165,0.0,unavailable_no_point_in_time_source,True,957.97,957.9697265625,2026-06-09,977.5506591796875,2.044,1,2026-06-11,962.3654174804688,0.4589,1.0,2026-06-15,1032.59716796875,7.7902,1.0,2026-06-22,1044.0361328125,8.9843,1.0,0,1,1,0,0,1,2.044,1,1.0,1.0,0.0,0.0,1.0,0.4588,1.0,1.0,1.0,0.0,0.0,0.0,7.7901,0.0,1.0,1.0,0.0,0.0,0.0,8.9842,0.0,55-60,55-60
AXISBANK.NS|2026-06-08|ensemble_lr0.20_rf0.30_xgb0.50,AXISBANK.NS,2026-06-08,ensemble_lr0.20_rf0.30_xgb0.50,2025-06-09,2026-06-08,2026-06-08,2025-07-04,2026-06-05,2026-06-08,229,2026-06-08,False,0,0.45652173913043476,0.2407202304667985,0.66,0.8548129796981812,0.6735505359424503,1,67.36,0.6735505359424503,1,67.36,HOLD,0.5125,0.0249,Sideways,-0.165,0.0,unavailable_no_point_in_time_source,True,1267.12,1267.1226806640625,2026-06-09,1291.404052734375,1.9163,1,2026-06-11,1316.284912109375,3.8798,1.0,2026-06-15,1367.24560546875,7.9016,1.0,2026-06-22,1357.552978515625,7.1367,1.0,0,1,1,0,0,1,1.9165,1,1.0,1.0,0.0,0.0,0.0,3.8801,0.0,1.0,1.0,0.0,0.0,0.0,7.9018,0.0,1.0,1.0,0.0,0.0,0.0,7.1369,0.0,65-70,65-70
BAJAJFINSV.NS|2026-06-08|ensemble_lr0.20_rf0.30_xgb0.50,BAJAJFINSV.NS,2026-06-08,ensemble_lr0.20_rf0.30_xgb0.50,2025-06-09,2026-06-08,2026-06-08,2025-07-04,2026-06-05,2026-06-08,229,2026-06-08,False,0,0.463768115942029,0.3809424490857524,0.34,0.4713062345981598,0.4138416071162304,0,58.62,0.4138416071162304,0,58.62,SELL,0.2932,-0.4135,Bearish,-1.0,0.0,unavailable_no_point_in_time_source,True,1673.17,1673.1722412109375,2026-06-09,1691.656494140625,1.1047,1,2026-06-11,1643.6973876953125,-1.7616,0.0,2026-06-15,1748.707763671875,4.5145,1.0,2026-06-22,1780.680419921875,6.4254,1.0,0,0,0,0,0,0,1.1049,0,1.0,1.0,1.0,1.0,1.0,-1.7615,1.0,0.0,0.0,0.0,0.0,0.0,4.5146,0.0,0.0,0.0,0.0,0.0,0.0,6.4256,0.0,55-60,55-60
BAJFINANCE.NS|2026-06-08|ensemble_lr0.20_rf0.30_xgb0.50,BAJFINANCE.NS,2026-06-08,ensemble_lr0.20_rf0.30_xgb0.50,2025-06-09,2026-06-08,2026-06-08,2025-07-04,2026-06-05,2026-06-08,229,2026-06-08,False,1,0.5362318840579711,0.7529488189157506,0.66,0.7720953822135925,0.7346374548899464,1,73.46,0.7346374548899464,1,73.46,HOLD,0.4796,-0.0408,Sideways,-0.665,0.0,unavailable_no_point_in_time_source,True,865.78,865.77783203125,2026-06-09,881.4813842773438,1.8138,1,2026-06-11,865.231201171875,-0.0631,0.0,2026-06-15,936.5428466796875,8.1736,1.0,2026-06-22,962.384033203125,11.1583,1.0,0,1,1,1,0,1,1.8136,1,0.0,0.0,0.0,1.0,1.0,-0.0634,1.0,1.0,1.0,1.0,0.0,0.0,8.1733,0.0,1.0,1.0,1.0,0.0,0.0,11.158,0.0,70-75,70-75
BEL.NS|2026-06-08|ensemble_lr0.20_rf0.30_xgb0.50,BEL.NS,2026-06-08,ensemble_lr0.20_rf0.30_xgb0.50,2025-06-09,2026-06-08,2026-06-08,2025-07-04,2026-06-05,2026-06-08,229,2026-06-08,False,0,0.5289855072463768,0.16954597326077042,0.52,0.7271756529808044,0.5534970211425563,1,55.35,0.5534970211425563,1,55.35,HOLD,0.4342,-0.1315,Bearish,-0.335,0.0,unavailable_no_point_in_time_source,True,412.39,412.3901672363281,2026-06-09,411.4913635253906,-0.2179,0,2026-06-11,401.75457763671875,-2.579,0.0,2026-06-15,408.9947509765625,-0.8234,0.0,2026-06-22,430.9150085449219,4.4921,1.0,1,0,0,1,0,1,-0.2179,1,0.0,0.0,1.0,0.0,1.0,-2.579,1.0,0.0,0.0,1.0,0.0,1.0,-0.8233,1.0,1.0,1.0,0.0,1.0,0.0,4.4921,0.0,55-60,55-60
BPCL.NS|2026-06-08|ensemble_lr0.20_rf0.30_xgb0.50,BPCL.NS,2026-06-08,ensemble_lr0.20_rf0.30_xgb0.50,2025-06-09,2026-06-08,2026-06-08,2025-07-04,2026-06-05,2026-06-08,229,2026-06-08,False,0,0.47826086956521735,0.5639774677134174,0.54,0.69040846824646,0.6199997276659135,1,62.0,0.6199997276659135,1,62.0,HOLD,0.4628,-0.0743,Sideways,-0.835,0.0,unavailable_no_point_in_time_source,True,285.15,285.1499938964844,2026-06-09,289.1000061035156,1.3852,1,2026-06-11,286.3500061035156,0.4208,1.0,2026-06-15,310.6000061035156,8.9251,1.0,2026-06-22,308.6000061035156,8.2237,1.0,0,1,1,0,0,1,1.3852,1,1.0,1.0,0.0,0.0,1.0,0.4208,1.0,1.0,1.0,0.0,0.0,0.0,8.9251,0.0,1.0,1.0,0.0,0.0,0.0,8.2237,0.0,60-65,60-65
ABFRL.NS|2026-06-15|ensemble_lr0.20_rf0.30_xgb0.50,ABFRL.NS,2026-06-15,ensemble_lr0.20_rf0.30_xgb0.50,2025-06-16,2026-06-15,2026-06-15,2025-07-11,2026-06-12,2026-06-15,229,2026-06-15,False,0,0.5362318840579711,0.5728006959414977,0.52,0.31206291913986206,0.4265915987582306,0,57.34,0.4265915987582306,0,57.34,SELL,0.3811,-0.2379,High Volatility,-0.335,0.0,unavailable_no_point_in_time_source,True,61.04,61.040000915527344,2026-06-16,60.970001220703125,-0.1147,0,2026-06-18,61.540000915527344,0.8191,1.0,2026-06-22,60.720001220703125,-0.5242,0.0,2026-06-30,58.060001373291016,-4.882,0.0,1,1,1,1,0,1,-0.1147,1,0.0,0.0,0.0,1.0,0.0,0.8191,0.0,1.0,1.0,1.0,0.0,1.0,-0.5242,1.0,1.0,1.0,1.0,0.0,1.0,-4.882,1.0,55-60,55-60
ADANIPORTS.NS|2026-06-15|ensemble_lr0.20_rf0.30_xgb0.50,ADANIPORTS.NS,2026-06-15,ensemble_lr0.20_rf0.30_xgb0.50,2025-06-16,2026-06-15,2026-06-15,2025-07-11,2026-06-12,2026-06-15,229,2026-06-15,False,0,0.4275362318840579,0.3718304183888938,0.36,0.2960946261882782,0.33041339677191783,0,66.96,0.33041339677191783,0,66.96,HOLD,0.5503,0.1006,Bullish,0.5,0.0,unavailable_no_point_in_time_source,True,1804.8,1804.800048828125,2026-06-16,1822.0,0.953,1,2026-06-18,1842.0999755859375,2.0667,1.0,2026-06-22,1827.199951171875,1.2411,1.0,2026-06-30,1810.199951171875,0.2992,1.0,0,0,0,0,0,1,0.953,1,0.0,0.0,0.0,0.0,1.0,2.0667,1.0,0.0,0.0,0.0,0.0,1.0,1.2411,1.0,0.0,0.0,0.0,0.0,1.0,0.2992,1.0,65-70,65-70
ANGELONE.NS|2026-06-15|ensemble_lr0.20_rf0.30_xgb0.50,ANGELONE.NS,2026-06-15,ensemble_lr0.20_rf0.30_xgb0.50,2025-06-16,2026-06-15,2026-06-15,2025-07-11,2026-06-12,2026-06-15,229,2026-06-15,False,0,0.5072463768115942,0.4384748857922983,0.34,0.1934639811515808,0.2864269677342501,0,71.36,0.2864269677342501,0,71.36,BUY,0.5911,0.1823,High Volatility,0.665,0.0,unavailable_no_point_in_time_source,True,351.21,351.21380615234375,2026-06-16,347.1763000488281,-1.1496,0,2026-06-18,351.7122802734375,0.1419,1.0,2026-06-22,353.7060852050781,0.7096,1.0,2026-06-30,329.63055419921875,-6.1453,0.0,1,1,1,1,0,0,-1.1485,0,0.0,0.0,0.0,1.0,1.0,0.143,1.0,0.0,0.0,0.0,1.0,1.0,0.7107,1.0,1.0,1.0,1.0,0.0,0.0,-6.1443,0.0,70-75,70-75
APOLLOTYRE.NS|2026-06-15|ensemble_lr0.20_rf0.30_xgb0.50,APOLLOTYRE.NS,2026-06-15,ensemble_lr0.20_rf0.30_xgb0.50,2025-06-16,2026-06-15,2026-06-15,2025-07-11,2026-06-12,2026-06-15,229,2026-06-15,False,0,0.4710144927536232,0.2815753189110016,0.54,0.4526384472846985,0.4446342874245496,0,55.54,0.4446342874245496,0,55.54,HOLD,0.4642,-0.0716,Sideways,-0.335,0.0,unavailable_no_point_in_time_source,True,411.99,411.9938659667969,2026-06-16,414.0819396972656,0.5068,1,2026-06-18,425.5662536621094,3.2943,1.0,2026-06-22,425.71539306640625,3.3305,1.0,2026-06-30,427.7537536621094,3.8253,1.0,1,0,0,0,1,1,0.5078,1,0.0,0.0,0.0,1.0,0.0,3.2953,0.0,0.0,0.0,0.0,1.0,0.0,3.3315,0.0,0.0,0.0,0.0,1.0,0.0,3.8262,0.0,55-60,55-60
ASHOKLEY.NS|2026-06-15|ensemble_lr0.20_rf0.30_xgb0.50,ASHOKLEY.NS,2026-06-15,ensemble_lr0.20_rf0.30_xgb0.50,2025-06-16,2026-06-15,2026-06-15,2025-07-11,2026-06-12,2026-06-15,229,2026-06-15,False,1,0.4492753623188406,0.11602175116527506,0.48,0.29095515608787537,0.3126819282769927,0,68.73,0.3126819282769927,0,68.73,HOLD,0.4697,-0.0606,High Volatility,0.0,0.0,unavailable_no_point_in_time_source,True,157.7,157.6999969482422,2026-06-16,158.5,0.5073,1,2026-06-18,158.4499969482422,0.4756,1.0,2026-06-22,157.19000244140625,-0.3234,0.0,2026-06-30,157.6999969482422,0.0,0.0,1,0,0,1,1,1,0.5073,1,0.0,0.0,1.0,1.0,1.0,0.4756,1.0,1.0,1.0,0.0,0.0,1.0,-0.3234,1.0,1.0,1.0,0.0,0.0,1.0,-0.0,1.0,65-70,65-70
ASIANPAINT.NS|2026-06-15|ensemble_lr0.20_rf0.30_xgb0.50,ASIANPAINT.NS,2026-06-15,ensemble_lr0.20_rf0.30_xgb0.50,2025-06-16,2026-06-15,2026-06-15,2025-07-11,2026-06-12,2026-06-15,229,2026-06-15,False,0,0.5144927536231884,0.5244988150471871,0.38,0.32818955183029175,0.3829945389245833,0,61.7,0.3829945389245833,0,61.7,BUY,0.6569,0.3138,Bullish,1.0,0.0,unavailable_no_point_in_time_source,True,2715.74,2715.73828125,2026-06-16,2724.462646484375,0.3213,1,2026-06-18,2731.30322265625,0.5731,1.0,2026-06-22,2651.0,-2.3838,0.0,2026-06-30,2635.699951171875,-2.9472,0.0,0,0,0,0,0,1,0.3212,1,0.0,0.0,0.0,0.0,1.0,0.5731,1.0,1.0,1.0,1.0,1.0,0.0,-2.3839,0.0,1.0,1.0,1.0,1.0,0.0,-2.9473,0.0,60-65,60-65
ASTRAL.NS|2026-06-15|ensemble_lr0.20_rf0.30_xgb0.50,ASTRAL.NS,2026-06-15,ensemble_lr0.20_rf0.30_xgb0.50,2025-06-16,2026-06-15,2026-06-15,2025-07-11,2026-06-12,2026-06-15,229,2026-06-15,False,0,0.6014492753623188,0.5405849502599667,0.52,0.7696343660354614,0.648934173069724,1,64.89,0.648934173069724,1,64.89,HOLD,0.5142,0.0284,Sideways,-0.33,0.0,unavailable_no_point_in_time_source,True,1542.37,1542.3741455078125,2026-06-16,1561.5439453125,1.2429,1,2026-06-18,1563.2412109375,1.3529,1.0,2026-06-22,1555.353759765625,0.8415,1.0,2026-06-30,1333.5025634765625,-13.5422,0.0,1,1,1,0,1,1,1.2431,1,1.0,1.0,0.0,1.0,1.0,1.3532,1.0,1.0,1.0,0.0,1.0,1.0,0.8418,1.0,0.0,0.0,1.0,0.0,0.0,-13.542,0.0,60-65,60-65
AXISBANK.NS|2026-06-15|ensemble_lr0.20_rf0.30_xgb0.50,AXISBANK.NS,2026-06-15,ensemble_lr0.20_rf0.30_xgb0.50,2025-06-16,2026-06-15,2026-06-15,2025-07-11,2026-06-12,2026-06-15,229,2026-06-15,False,1,0.47826086956521735,0.7358541083382065,0.64,0.5798425674438477,0.6290921053895652,1,62.91,0.6290921053895652,1,62.91,BUY,0.686,0.372,Sideways,0.67,0.0,unavailable_no_point_in_time_source,True,1367.25,1367.24560546875,2026-06-16,1364.6474609375,-0.19,0,2026-06-18,1359.0518798828125,-0.5993,0.0,2026-06-22,1357.552978515625,-0.7089,0.0,2026-06-30,1344.6629638671875,-1.6517,0.0,1,0,0,0,0,0,-0.1903,0,0.0,0.0,0.0,0.0,0.0,-0.5996,0.0,0.0,0.0,0.0,0.0,0.0,-0.7092,0.0,0.0,0.0,0.0,0.0,0.0,-1.652,0.0,60-65,60-65
BEL.NS|2026-06-15|ensemble_lr0.20_rf0.30_xgb0.50,BEL.NS,2026-06-15,ensemble_lr0.20_rf0.30_xgb0.50,2025-06-16,2026-06-15,2026-06-15,2025-07-11,2026-06-12,2026-06-15,229,2026-06-15,False,0,0.5507246376811595,0.12794659409846124,0.24,0.2947688698768616,0.24497375375812303,0,75.5,0.24497375375812303,0,75.5,SELL,0.3841,-0.2319,Bearish,0.0,0.0,unavailable_no_point_in_time_source,True,408.99,408.9947509765625,2026-06-16,406.9974670410156,-0.4883,0,2026-06-18,428.0189514160156,4.6515,1.0,2026-06-22,430.9150085449219,5.3595,1.0,2026-06-30,411.24169921875,0.5494,1.0,1,1,1,1,0,1,-0.4872,1,0.0,0.0,0.0,1.0,0.0,4.6527,0.0,0.0,0.0,0.0,1.0,0.0,5.3608,0.0,0.0,0.0,0.0,1.0,0.0,0.5506,0.0,75-80,75-80
BPCL.NS|2026-06-15|ensemble_lr0.20_rf0.30_xgb0.50,BPCL.NS,2026-06-15,ensemble_lr0.20_rf0.30_xgb0.50,2025-06-16,2026-06-15,2026-06-15,2025-07-11,2026-06-12,2026-06-15,229,2026-06-15,False,0,0.5507246376811593,0.27624058132660906,0.46,0.5107297897338867,0.44861301113226515,0,55.14,0.44861301113226515,0,55.14,HOLD,0.4643,-0.0713,Sideways,-0.335,0.0,unavailable_no_point_in_time_source,True,310.6,310.6000061035156,2026-06-16,312.1000061035156,0.4829,1,2026-06-18,316.29998779296875,1.8352,1.0,2026-06-22,308.6000061035156,-0.6439,0.0,2026-06-30,303.54998779296875,-2.2698,0.0,1,0,0,0,1,1,0.4829,1,0.0,0.0,0.0,1.0,1.0,1.8352,1.0,1.0,1.0,1.0,0.0,1.0,-0.6439,1.0,1.0,1.0,1.0,0.0,1.0,-2.2698,1.0,55-60,55-60
ABCAPITAL.NS|2026-06-22|ensemble_lr0.20_rf0.30_xgb0.50,ABCAPITAL.NS,2026-06-22,ensemble_lr0.20_rf0.30_xgb0.50,2025-06-23,2026-06-22,2026-06-22,2025-07-18,2026-06-19,2026-06-22,229,2026-06-22,False,1,0.5869565217391305,0.28466425090587516,0.34,0.13652454316616058,0.22719512176425533,0,77.28,0.22719512176425533,0,77.28,BUY,0.5867,0.1734,Sideways,1.0,0.0,unavailable_no_point_in_time_source,True,391.95,391.95001220703125,2026-06-23,383.75,-2.0921,0,2026-06-25,390.79998779296875,-0.2934,0.0,2026-06-30,391.95001220703125,0.0,0.0,2026-07-07,405.3999938964844,3.4316,1.0,1,1,1,0,0,0,-2.0921,0,1.0,1.0,0.0,0.0,0.0,-0.2934,0.0,1.0,1.0,0.0,0.0,0.0,0.0,0.0,0.0,0.0,1.0,1.0,1.0,3.4316,1.0,75-80,75-80
ABFRL.NS|2026-06-22|ensemble_lr0.20_rf0.30_xgb0.50,ABFRL.NS,2026-06-22,ensemble_lr0.20_rf0.30_xgb0.50,2025-06-23,2026-06-22,2026-06-22,2025-07-18,2026-06-19,2026-06-22,229,2026-06-22,False,0,0.5434782608695653,0.5895341354724078,0.5,0.5731598138809204,0.5544867340349418,1,55.45,0.5544867340349418,1,55.45,HOLD,0.5308,0.0616,High Volatility,-0.165,0.0,unavailable_no_point_in_time_source,True,60.72,60.720001220703125,2026-06-23,59.529998779296875,-1.9598,0,2026-06-25,60.119998931884766,-0.9881,0.0,2026-06-30,58.060001373291016,-4.3808,0.0,2026-07-07,59.630001068115234,-1.7951,0.0,1,0,0,1,0,1,-1.9598,1,0.0,0.0,1.0,0.0,1.0,-0.9881,1.0,0.0,0.0,1.0,0.0,0.0,-4.3808,0.0,0.0,0.0,1.0,0.0,1.0,-1.7951,1.0,55-60,55-60
ADANIPORTS.NS|2026-06-22|ensemble_lr0.20_rf0.30_xgb0.50,ADANIPORTS.NS,2026-06-22,ensemble_lr0.20_rf0.30_xgb0.50,2025-06-23,2026-06-22,2026-06-22,2025-07-18,2026-06-19,2026-06-22,229,2026-06-22,False,0,0.4710144927536232,0.4965623469806185,0.32,0.4820900559425354,0.4363574973673914,0,56.36,0.4363574973673914,0,56.36,HOLD,0.504,0.008,Sideways,0.5,0.0,unavailable_no_point_in_time_source,True,1827.2,1827.199951171875,2026-06-23,1784.0,-2.3643,0,2026-06-25,1796.0,-1.7075,0.0,2026-06-30,1810.199951171875,-0.9304,0.0,2026-07-07,1833.9000244140625,0.3667,1.0,0,1,1,1,1,1,-2.3643,1,1.0,1.0,1.0,1.0,1.0,-1.7075,1.0,1.0,1.0,1.0,1.0,1.0,-0.9304,1.0,0.0,0.0,0.0,0.0,1.0,0.3667,1.0,55-60,55-60
ASHOKLEY.NS|2026-06-22|ensemble_lr0.20_rf0.30_xgb0.50,ASHOKLEY.NS,2026-06-22,ensemble_lr0.20_rf0.30_xgb0.50,2025-06-23,2026-06-22,2026-06-22,2025-07-18,2026-06-19,2026-06-22,229,2026-06-22,False,1,0.4927536231884058,0.2671701869410338,0.36,0.38913899660110474,0.35600353568875914,0,64.4,0.35600353568875914,0,64.4,HOLD,0.4412,-0.1176,High Volatility,0.0,0.0,unavailable_no_point_in_time_source,True,157.19,157.19000244140625,2026-06-23,151.4600067138672,-3.6453,0,2026-06-25,160.67999267578125,2.2202,1.0,2026-06-30,157.6999969482422,0.3244,1.0,2026-07-07,164.16000366210938,4.4341,1.0,1,1,1,0,0,0,-3.6453,0,0.0,0.0,1.0,1.0,1.0,2.2202,1.0,0.0,0.0,1.0,1.0,1.0,0.3244,1.0,0.0,0.0,1.0,1.0,0.0,4.4341,0.0,60-65,60-65
ASIANPAINT.NS|2026-06-22|ensemble_lr0.20_rf0.30_xgb0.50,ASIANPAINT.NS,2026-06-22,ensemble_lr0.20_rf0.30_xgb0.50,2025-06-23,2026-06-22,2026-06-22,2025-07-18,2026-06-19,2026-06-22,229,2026-06-22,False,0,0.5434782608695651,0.5374745685691166,0.52,0.6393265724182129,0.5831581999229298,1,58.32,0.5831581999229298,1,58.32,BUY,0.604,0.2081,Sideways,0.335,0.0,unavailable_no_point_in_time_source,True,2651.0,2651.0,2026-06-23,2661.199951171875,0.3848,1,2026-06-25,2645.199951171875,-0.2188,0.0,2026-06-30,2635.699951171875,-0.5771,0.0,2026-07-07,2731.39990234375,3.0328,1.0,0,1,1,0,0,1,0.3848,1,0.0,0.0,1.0,1.0,0.0,-0.2188,0.0,0.0,0.0,1.0,1.0,0.0,-0.5771,0.0,1.0,1.0,0.0,0.0,1.0,3.0328,1.0,55-60,55-60
ASTRAL.NS|2026-06-22|ensemble_lr0.20_rf0.30_xgb0.50,ASTRAL.NS,2026-06-22,ensemble_lr0.20_rf0.30_xgb0.50,2025-06-23,2026-06-22,2026-06-22,2025-07-18,2026-06-19,2026-06-22,229,2026-06-22,False,0,0.5869565217391305,0.41616331519153177,0.58,0.6661844253540039,0.5903248757153083,1,59.03,0.5903248757153083,1,59.03,HOLD,0.5544,0.1088,Sideways,0.0,0.0,unavailable_no_point_in_time_source,True,1555.35,1555.353759765625,2026-06-23,1521.0078125,-2.2082,0,2026-06-25,1484.5650634765625,-4.5513,0.0,2026-06-30,1333.5025634765625,-14.2637,0.0,2026-07-07,1357.3651123046875,-12.7295,0.0,1,0,0,1,0,1,-2.208,1,0.0,0.0,1.0,0.0,0.0,-4.5511,0.0,0.0,0.0,1.0,0.0,0.0,-14.2635,0.0,0.0,0.0,1.0,0.0,0.0,-12.7293,0.0,55-60,55-60
AXISBANK.NS|2026-06-22|ensemble_lr0.20_rf0.30_xgb0.50,AXISBANK.NS,2026-06-22,ensemble_lr0.20_rf0.30_xgb0.50,2025-06-23,2026-06-22,2026-06-22,2025-07-18,2026-06-19,2026-06-22,229,2026-06-22,False,1,0.48550724637681153,0.3782102384976152,0.52,0.13241325318813324,0.29784867429358963,0,70.22,0.29784867429358963,0,70.22,HOLD,0.5618,0.1236,Sideways,0.835,0.0,unavailable_no_point_in_time_source,True,1357.55,1357.552978515625,2026-06-23,1362.44921875,0.3607,1,2026-06-25,1376.138671875,1.3691,1.0,2026-06-30,1344.6629638671875,-0.9495,0.0,2026-07-07,1339.966552734375,-1.2955,0.0,1,0,0,1,1,1,0.3609,1,0.0,0.0,1.0,1.0,1.0,1.3693,1.0,1.0,1.0,0.0,0.0,1.0,-0.9493,1.0,1.0,1.0,0.0,0.0,1.0,-1.2952,1.0,70-75,70-75
BAJAJFINSV.NS|2026-06-22|ensemble_lr0.20_rf0.30_xgb0.50,BAJAJFINSV.NS,2026-06-22,ensemble_lr0.20_rf0.30_xgb0.50,2025-06-23,2026-06-22,2026-06-22,2025-07-18,2026-06-19,2026-06-22,229,2026-06-22,False,0,0.4202898550724638,0.7400301387946715,0.4,0.28059667348861694,0.4083043645032428,0,59.17,0.4083043645032428,0,59.17,HOLD,0.523,0.0461,Bullish,0.0,0.0,unavailable_no_point_in_time_source,True,1780.68,1780.680419921875,2026-06-23,1763.4952392578125,-0.9651,0,2026-06-25,1763.095458984375,-0.9875,0.0,2026-06-30,1780.199951171875,-0.027,0.0,2026-07-07,1885.300048828125,5.8753,1.0,1,1,1,1,0,1,-0.9651,1,1.0,1.0,1.0,0.0,1.0,-0.9875,1.0,1.0,1.0,1.0,0.0,1.0,-0.027,1.0,0.0,0.0,0.0,1.0,0.0,5.8753,0.0,55-60,55-60
BAJFINANCE.NS|2026-06-22|ensemble_lr0.20_rf0.30_xgb0.50,BAJFINANCE.NS,2026-06-22,ensemble_lr0.20_rf0.30_xgb0.50,2025-06-23,2026-06-22,2026-06-22,2025-07-18,2026-06-19,2026-06-22,229,2026-06-22,False,1,0.5217391304347826,0.8183476264387558,0.84,0.6163697838783264,0.7238544172269143,1,72.39,0.7238544172269143,1,72.39,BUY,0.6416,0.2832,Sideways,0.5,0.0,unavailable_no_point_in_time_source,True,962.38,962.384033203125,2026-06-23,956.5200805664062,-0.6093,0,2026-06-25,974.4100952148438,1.2496,1.0,2026-06-30,1004.75,4.4022,1.0,2026-07-07,1042.5,8.3247,1.0,1,0,0,0,0,0,-0.6089,0,1.0,1.0,1.0,1.0,1.0,1.25,1.0,1.0,1.0,1.0,1.0,1.0,4.4026,1.0,1.0,1.0,1.0,1.0,1.0,8.3252,1.0,70-75,70-75
AARTIIND.NS|2026-06-30|ensemble_lr0.20_rf0.30_xgb0.50,AARTIIND.NS,2026-06-30,ensemble_lr0.20_rf0.30_xgb0.50,2025-07-01,2026-06-30,2026-06-29,2025-07-28,2026-06-29,2026-06-30,229,2026-06-30,False,0,0.49275362318840576,0.26382554802682967,0.4,0.420774906873703,0.38315256304221745,0,61.68,0.38315256304221745,0,61.68,HOLD,0.4373,-0.1254,High Volatility,-0.165,0.0,unavailable_no_point_in_time_source,True,457.39,457.3907470703125,2026-07-01,466.67230224609375,2.0292,1,2026-07-03,486.7324523925781,6.415,1.0,2026-07-07,477.50079345703125,4.3967,1.0,2026-07-14,482.0916442871094,5.4004,1.0,1,0,0,0,1,1,2.0294,1,0.0,0.0,0.0,1.0,0.0,6.4152,0.0,0.0,0.0,0.0,1.0,0.0,4.3969,0.0,0.0,0.0,0.0,1.0,0.0,5.4006,0.0,60-65,60-65
ABCAPITAL.NS|2026-06-30|ensemble_lr0.20_rf0.30_xgb0.50,ABCAPITAL.NS,2026-06-30,ensemble_lr0.20_rf0.30_xgb0.50,2025-07-01,2026-06-30,2026-06-29,2025-07-28,2026-06-29,2026-06-30,229,2026-06-30,False,0,0.5797101449275361,0.18764711410045315,0.24,0.09193352609872818,0.1554961858694547,0,84.45,0.1554961858694547,0,84.45,BUY,0.6392,0.2784,Bullish,1.0,0.0,unavailable_no_point_in_time_source,True,391.95,391.95001220703125,2026-07-01,393.1499938964844,0.3062,1,2026-07-03,401.25,2.3727,1.0,2026-07-07,405.3999938964844,3.4316,1.0,2026-07-14,399.25,1.8625,1.0,1,0,0,0,1,1,0.3062,1,0.0,0.0,0.0,1.0,1.0,2.3728,1.0,0.0,0.0,0.0,1.0,1.0,3.4316,1.0,0.0,0.0,0.0,1.0,1.0,1.8625,1.0,80-85,80-85
ABFRL.NS|2026-06-30|ensemble_lr0.20_rf0.30_xgb0.50,ABFRL.NS,2026-06-30,ensemble_lr0.20_rf0.30_xgb0.50,2025-07-01,2026-06-30,2026-06-29,2025-07-28,2026-06-29,2026-06-30,229,2026-06-30,False,0,0.5579710144927535,0.5260236778954616,0.52,0.7217997908592224,0.6221046310087035,1,62.21,0.6221046310087035,1,62.21,HOLD,0.4756,-0.0487,High Volatility,-0.665,0.0,unavailable_no_point_in_time_source,True,58.06,58.060001373291016,2026-07-01,58.66999816894531,1.0506,1,2026-07-03,62.470001220703125,7.5956,1.0,2026-07-07,59.630001068115234,2.7041,1.0,2026-07-14,58.93000030517578,1.4984,1.0,0,1,1,0,0,1,1.0506,1,1.0,1.0,0.0,0.0,0.0,7.5956,0.0,1.0,1.0,0.0,0.0,1.0,2.7041,1.0,1.0,1.0,0.0,0.0,1.0,1.4985,1.0,60-65,60-65
ADANIPORTS.NS|2026-06-30|ensemble_lr0.20_rf0.30_xgb0.50,ADANIPORTS.NS,2026-06-30,ensemble_lr0.20_rf0.30_xgb0.50,2025-07-01,2026-06-30,2026-06-29,2025-07-28,2026-06-29,2026-06-30,229,2026-06-30,False,0,0.5289855072463768,0.25382751439935347,0.26,0.21674197912216187,0.23713649244095164,0,76.29,0.23713649244095164,0,76.29,HOLD,0.502,0.0041,Sideways,0.5,0.0,unavailable_no_point_in_time_source,True,1810.2,1810.199951171875,2026-07-01,1848.199951171875,2.0992,1,2026-07-03,1874.199951171875,3.5355,1.0,2026-07-07,1833.9000244140625,1.3093,1.0,2026-07-14,1821.9000244140625,0.6463,1.0,1,0,0,0,1,1,2.0992,1,0.0,0.0,0.0,1.0,0.0,3.5355,0.0,0.0,0.0,0.0,1.0,1.0,1.3092,1.0,0.0,0.0,0.0,1.0,1.0,0.6463,1.0,75-80,75-80
APOLLOTYRE.NS|2026-06-30|ensemble_lr0.20_rf0.30_xgb0.50,APOLLOTYRE.NS,2026-06-30,ensemble_lr0.20_rf0.30_xgb0.50,2025-07-01,2026-06-30,2026-06-29,2025-07-28,2026-06-29,2026-06-30,229,2026-06-30,False,0,0.47826086956521735,0.3161556734873225,0.3,0.3221575617790222,0.31430991558697563,0,68.57,0.31430991558697563,0,68.57,BUY,0.6049,0.2098,Bullish,0.335,0.0,unavailable_no_point_in_time_source,True,427.75,427.7537536621094,2026-07-01,429.19549560546875,0.337,1,2026-07-03,445.9496765136719,4.2538,1.0,2026-07-07,451.76641845703125,5.6137,1.0,2026-07-14,425.8500061035156,-0.4451,0.0,1,0,0,0,1,1,0.3379,1,0.0,0.0,0.0,1.0,1.0,4.2547,1.0,0.0,0.0,0.0,1.0,1.0,5.6146,1.0,1.0,1.0,1.0,0.0,0.0,-0.4442,0.0,65-70,65-70
ASHOKLEY.NS|2026-06-30|ensemble_lr0.20_rf0.30_xgb0.50,ASHOKLEY.NS,2026-06-30,ensemble_lr0.20_rf0.30_xgb0.50,2025-07-01,2026-06-30,2026-06-29,2025-07-28,2026-06-29,2026-06-30,229,2026-06-30,False,1,0.5072463768115942,0.2982287824535281,0.46,0.32489582896232605,0.3600936709718686,0,63.99,0.3600936709718686,0,63.99,HOLD,0.4414,-0.1173,Sideways,0.0,0.0,unavailable_no_point_in_time_source,True,157.7,157.6999969482422,2026-07-01,162.32000732421875,2.9296,1,2026-07-03,164.35000610351562,4.2169,1.0,2026-07-07,164.16000366210938,4.0964,1.0,2026-07-14,155.19000244140625,-1.5916,0.0,1,0,0,1,1,1,2.9296,1,0.0,0.0,1.0,1.0,0.0,4.2169,0.0,0.0,0.0,1.0,1.0,0.0,4.0964,0.0,1.0,1.0,0.0,0.0,1.0,-1.5916,1.0,60-65,60-65
ASIANPAINT.NS|2026-06-30|ensemble_lr0.20_rf0.30_xgb0.50,ASIANPAINT.NS,2026-06-30,ensemble_lr0.20_rf0.30_xgb0.50,2025-07-01,2026-06-30,2026-06-29,2025-07-28,2026-06-29,2026-06-30,229,2026-06-30,False,1,0.4710144927536232,0.5274727419919688,0.46,0.40440231561660767,0.44569570620669763,0,55.43,0.44569570620669763,0,55.43,HOLD,0.4817,-0.0366,Sideways,0.335,0.0,unavailable_no_point_in_time_source,True,2635.7,2635.699951171875,2026-07-01,2716.39990234375,3.0618,1,2026-07-03,2737.800048828125,3.8737,1.0,2026-07-07,2731.39990234375,3.6309,1.0,2026-07-14,2641.0,0.2011,1.0,0,0,0,1,0,0,3.0618,0,0.0,0.0,1.0,0.0,0.0,3.8737,0.0,0.0,0.0,1.0,0.0,0.0,3.6309,0.0,0.0,0.0,1.0,0.0,1.0,0.2011,1.0,55-60,55-60
ASTRAL.NS|2026-06-30|ensemble_lr0.20_rf0.30_xgb0.50,ASTRAL.NS,2026-06-30,ensemble_lr0.20_rf0.30_xgb0.50,2025-07-01,2026-06-30,2026-06-29,2025-07-28,2026-06-29,2026-06-30,229,2026-06-30,False,0,0.572463768115942,0.8801497054367605,0.44,0.5316161513328552,0.5738380167537798,1,57.38,0.5738380167537798,1,57.38,HOLD,0.4587,-0.0826,High Volatility,-0.835,0.0,unavailable_no_point_in_time_source,True,1333.5,1333.5025634765625,2026-07-01,1359.9610595703125,1.9841,1,2026-07-03,1382.8250732421875,3.6987,1.0,2026-07-07,1357.3651123046875,1.7895,1.0,2026-07-14,1356.36669921875,1.7146,1.0,0,1,1,0,0,1,1.9843,1,1.0,1.0,0.0,0.0,0.0,3.6989,0.0,1.0,1.0,0.0,0.0,1.0,1.7897,1.0,1.0,1.0,0.0,0.0,1.0,1.7148,1.0,55-60,55-60
AUBANK.NS|2026-06-30|ensemble_lr0.20_rf0.30_xgb0.50,AUBANK.NS,2026-06-30,ensemble_lr0.20_rf0.30_xgb0.50,2025-07-01,2026-06-30,2026-06-29,2025-07-28,2026-06-29,2026-06-30,229,2026-06-30,False,0,0.5434782608695653,0.3727000086843061,0.24,0.13573633134365082,0.21440816740868662,0,78.56,0.21440816740868662,0,78.56,BUY,0.5865,0.173,Bullish,0.67,0.0,unavailable_no_point_in_time_source,True,1036.04,1036.0439453125,2026-07-01,1050.3800048828125,1.3837,1,2026-07-03,1057.3731689453125,2.0587,1.0,2026-07-07,1065.864990234375,2.8784,1.0,2026-07-14,1037.292724609375,0.1205,1.0,1,0,0,0,1,1,1.3841,1,0.0,0.0,0.0,1.0,1.0,2.0591,1.0,0.0,0.0,0.0,1.0,1.0,2.8787,1.0,0.0,0.0,0.0,1.0,1.0,0.1209,1.0,75-80,75-80
AXISBANK.NS|2026-06-30|ensemble_lr0.20_rf0.30_xgb0.50,AXISBANK.NS,2026-06-30,ensemble_lr0.20_rf0.30_xgb0.50,2025-07-01,2026-06-30,2026-06-29,2025-07-28,2026-06-29,2026-06-30,229,2026-06-30,False,1,0.5217391304347826,0.38173255501206016,0.22,0.11228486150503159,0.19848894175492782,0,80.15,0.19848894175492782,0,80.15,HOLD,0.5196,0.0391,Bullish,0.335,0.0,unavailable_no_point_in_time_source,True,1344.66,1344.6629638671875,2026-07-01,1367.6451416015625,1.7091,1,2026-07-03,1341.065673828125,-0.2675,0.0,2026-07-07,1339.966552734375,-0.3493,0.0,2026-07-14,1317.5999755859375,-2.0126,0.0,0,0,0,1,0,1,1.7094,1,1.0,1.0,0.0,1.0,1.0,-0.2673,1.0,1.0,1.0,0.0,1.0,1.0,-0.349,1.0,1.0,1.0,0.0,1.0,1.0,-2.0124,1.0,80-85,80-85
BAJAJFINSV.NS|2026-06-30|ensemble_lr0.20_rf0.30_xgb0.50,BAJAJFINSV.NS,2026-06-30,ensemble_lr0.20_rf0.30_xgb0.50,2025-07-01,2026-06-30,2026-06-29,2025-07-28,2026-06-29,2026-06-30,229,2026-06-30,False,0,0.4492753623188406,0.40300069768233887,0.34,0.17208750545978546,0.26864389226636054,0,73.14,0.26864389226636054,0,73.14,HOLD,0.5055,0.0111,Bullish,0.165,0.0,unavailable_no_point_in_time_source,True,1780.2,1780.199951171875,2026-07-01,1797.5999755859375,0.9774,1,2026-07-03,1895.5999755859375,6.4824,1.0,2026-07-07,1885.300048828125,5.9038,1.0,2026-07-14,1869.199951171875,4.9994,1.0,1,0,0,0,1,1,0.9774,1,0.0,0.0,0.0,1.0,0.0,6.4824,0.0,0.0,0.0,0.0,1.0,0.0,5.9038,0.0,0.0,0.0,0.0,1.0,0.0,4.9994,0.0,70-75,70-75
BPCL.NS|2026-06-30|ensemble_lr0.20_rf0.30_xgb0.50,BPCL.NS,2026-06-30,ensemble_lr0.20_rf0.30_xgb0.50,2025-07-01,2026-06-30,2026-06-29,2025-07-28,2026-06-29,2026-06-30,229,2026-06-30,False,0,0.5,0.2124655539160204,0.26,0.20603081583976746,0.2235085187030878,0,77.65,0.2235085187030878,0,77.65,SELL,0.3679,-0.2641,Sideways,-0.165,0.0,unavailable_no_point_in_time_source,True,303.55,303.54998779296875,2026-07-01,304.20001220703125,0.2141,1,2026-07-03,308.1499938964844,1.5154,1.0,2026-07-07,313.95001220703125,3.4261,1.0,2026-07-14,305.3500061035156,0.593,1.0,1,0,0,0,1,0,0.2141,0,0.0,0.0,0.0,1.0,0.0,1.5154,0.0,0.0,0.0,0.0,1.0,0.0,3.4261,0.0,0.0,0.0,0.0,1.0,0.0,0.593,0.0,75-80,75-80
AARTIIND.NS|2026-07-07|ensemble_lr0.20_rf0.30_xgb0.50,AARTIIND.NS,2026-07-07,ensemble_lr0.20_rf0.30_xgb0.50,2025-07-08,2026-07-07,2026-07-06,2025-08-04,2026-07-06,2026-07-07,229,2026-07-07,False,0,0.5217391304347826,0.5428776521517259,0.58,0.6260483264923096,0.5955996936765,1,59.56,0.5955996936765,1,59.56,BUY,0.6798,0.3597,High Volatility,0.67,0.0,unavailable_no_point_in_time_source,True,477.5,477.50079345703125,2026-07-08,464.57647705078125,-2.7067,0,2026-07-10,483.13958740234375,1.1809,1.0,2026-07-14,482.0916442871094,0.9614,1.0,2026-07-21,498.509033203125,4.3996,1.0,0,0,0,1,1,0,-2.7065,0,1.0,1.0,0.0,0.0,1.0,1.1811,1.0,1.0,1.0,0.0,0.0,1.0,0.9616,1.0,1.0,1.0,0.0,0.0,1.0,4.3998,1.0,55-60,55-60
ABFRL.NS|2026-07-07|ensemble_lr0.20_rf0.30_xgb0.50,ABFRL.NS,2026-07-07,ensemble_lr0.20_rf0.30_xgb0.50,2025-07-08,2026-07-07,2026-07-06,2025-08-04,2026-07-06,2026-07-07,229,2026-07-07,False,0,0.5797101449275363,0.5267439735269381,0.38,0.32242193818092346,0.3805597637958493,0,61.94,0.3805597637958493,0,61.94,SELL,0.4197,-0.1606,High Volatility,-0.165,0.0,unavailable_no_point_in_time_source,True,59.63,59.630001068115234,2026-07-08,58.310001373291016,-2.2137,0,2026-07-10,60.02000045776367,0.654,1.0,2026-07-14,58.93000030517578,-1.1739,0.0,2026-07-21,57.40999984741211,-3.723,0.0,0,1,1,1,1,1,-2.2136,1,0.0,0.0,0.0,0.0,0.0,0.654,0.0,1.0,1.0,1.0,1.0,1.0,-1.1739,1.0,1.0,1.0,1.0,1.0,1.0,-3.723,1.0,60-65,60-65
ADANIPORTS.NS|2026-07-07|ensemble_lr0.20_rf0.30_xgb0.50,ADANIPORTS.NS,2026-07-07,ensemble_lr0.20_rf0.30_xgb0.50,2025-07-08,2026-07-07,2026-07-06,2025-08-04,2026-07-06,2026-07-07,229,2026-07-07,False,0,0.5289855072463768,0.37161032490555407,0.36,0.26078516244888306,0.31271464620555234,0,68.73,0.31271464620555234,0,68.73,HOLD,0.5523,0.1046,Sideways,0.835,0.0,unavailable_no_point_in_time_source,True,1833.9,1833.9000244140625,2026-07-08,1791.699951171875,-2.3011,0,2026-07-10,1828.0999755859375,-0.3163,0.0,2026-07-14,1821.9000244140625,-0.6543,0.0,2026-07-21,1846.5,0.6871,1.0,0,1,1,1,1,1,-2.3011,1,1.0,1.0,1.0,1.0,1.0,-0.3163,1.0,1.0,1.0,1.0,1.0,1.0,-0.6543,1.0,0.0,0.0,0.0,0.0,1.0,0.6871,1.0,65-70,65-70
ANGELONE.NS|2026-07-07|ensemble_lr0.20_rf0.30_xgb0.50,ANGELONE.NS,2026-07-07,ensemble_lr0.20_rf0.30_xgb0.50,2025-07-08,2026-07-07,2026-07-06,2025-08-04,2026-07-06,2026-07-07,229,2026-07-07,False,0,0.4710144927536232,0.18397829215026776,0.28,0.09184549748897552,0.1667184071745413,0,83.33,0.1667184071745413,0,83.33,HOLD,0.4722,-0.0556,High Volatility,0.335,0.0,unavailable_no_point_in_time_source,True,334.76,334.7646789550781,2026-07-08,330.17889404296875,-1.3699,0,2026-07-10,344.9830627441406,3.0524,1.0,2026-07-14,332.5216064453125,-0.67,0.0,2026-07-21,321.8999938964844,-3.8429,0.0,0,1,1,1,1,1,-1.3685,1,0.0,0.0,0.0,0.0,0.0,3.0538,0.0,1.0,1.0,1.0,1.0,1.0,-0.6687,1.0,1.0,1.0,1.0,1.0,0.0,-3.8416,0.0,80-85,80-85
APOLLOTYRE.NS|2026-07-07|ensemble_lr0.20_rf0.30_xgb0.50,APOLLOTYRE.NS,2026-07-07,ensemble_lr0.20_rf0.30_xgb0.50,2025-07-08,2026-07-07,2026-07-06,2025-08-04,2026-07-06,2026-07-07,229,2026-07-07,False,0,0.5072463768115942,0.32416621099816556,0.34,0.284404993057251,0.3090357387282586,0,69.1,0.3090357387282586,0,69.1,BUY,0.6221,0.2441,Bullish,0.5,0.0,unavailable_no_point_in_time_source,True,451.77,451.76641845703125,2026-07-08,437.0505676269531,-3.2574,0,2026-07-10,440.1000061035156,-2.5824,0.0,2026-07-14,425.8500061035156,-5.7367,0.0,2026-07-21,428.5,-5.1501,0.0,0,1,1,1,1,0,-3.2582,0,1.0,1.0,1.0,1.0,0.0,-2.5832,0.0,1.0,1.0,1.0,1.0,0.0,-5.7374,0.0,1.0,1.0,1.0,1.0,0.0,-5.1509,0.0,65-70,65-70
ASHOKLEY.NS|2026-07-07|ensemble_lr0.20_rf0.30_xgb0.50,ASHOKLEY.NS,2026-07-07,ensemble_lr0.20_rf0.30_xgb0.50,2025-07-08,2026-07-07,2026-07-06,2025-08-04,2026-07-06,2026-07-07,229,2026-07-07,False,1,0.463768115942029,0.46223408679179456,0.54,0.35425886511802673,0.4315762499173723,0,56.84,0.4315762499173723,0,56.84,HOLD,0.5312,0.0625,Sideways,0.165,0.0,unavailable_no_point_in_time_source,True,164.16,164.16000366210938,2026-07-08,156.22000122070312,-4.8367,0,2026-07-10,157.49000549316406,-4.0631,0.0,2026-07-14,155.19000244140625,-5.4642,0.0,2026-07-21,153.94000244140625,-6.2256,0.0,0,1,1,0,1,0,-4.8367,0,1.0,1.0,0.0,1.0,0.0,-4.0631,0.0,1.0,1.0,0.0,1.0,0.0,-5.4642,0.0,1.0,1.0,0.0,1.0,0.0,-6.2256,0.0,55-60,55-60
ASTRAL.NS|2026-07-07|ensemble_lr0.20_rf0.30_xgb0.50,ASTRAL.NS,2026-07-07,ensemble_lr0.20_rf0.30_xgb0.50,2025-07-08,2026-07-07,2026-07-06,2025-08-04,2026-07-06,2026-07-07,229,2026-07-07,False,0,0.5579710144927535,0.8210385486618658,0.54,0.8381491303443909,0.7452822749045687,1,74.53,0.7452822749045687,1,74.53,HOLD,0.4372,-0.1256,High Volatility,-0.835,0.0,unavailable_no_point_in_time_source,True,1357.37,1357.3651123046875,2026-07-08,1333.9019775390625,-1.7286,0,2026-07-10,1331.70556640625,-1.8904,0.0,2026-07-14,1356.36669921875,-0.0736,0.0,2026-07-21,1412.8778076171875,4.0897,1.0,0,0,0,1,1,1,-1.7289,1,0.0,0.0,1.0,1.0,1.0,-1.8907,1.0,0.0,0.0,1.0,1.0,1.0,-0.0739,1.0,1.0,1.0,0.0,0.0,0.0,4.0894,0.0,70-75,70-75
AUBANK.NS|2026-07-07|ensemble_lr0.20_rf0.30_xgb0.50,AUBANK.NS,2026-07-07,ensemble_lr0.20_rf0.30_xgb0.50,2025-07-08,2026-07-07,2026-07-06,2025-08-04,2026-07-06,2026-07-07,229,2026-07-07,False,0,0.5072463768115941,0.48073570886521105,0.66,0.7567558288574219,0.6725250562017532,1,67.25,0.6725250562017532,1,67.25,STRONG BUY,0.7573,0.5146,Bullish,1.0,0.0,unavailable_no_point_in_time_source,True,1065.86,1065.864990234375,2026-07-08,1037.792236328125,-2.6338,0,2026-07-10,1071.059814453125,0.4874,1.0,2026-07-14,1037.292724609375,-2.6807,0.0,2026-07-21,1002.3265991210938,-5.9612,0.0,1,0,0,1,0,0,-2.6333,0,1.0,1.0,0.0,1.0,1.0,0.4879,1.0,0.0,0.0,1.0,0.0,0.0,-2.6802,0.0,0.0,0.0,1.0,0.0,0.0,-5.9608,0.0,65-70,65-70
AXISBANK.NS|2026-07-07|ensemble_lr0.20_rf0.30_xgb0.50,AXISBANK.NS,2026-07-07,ensemble_lr0.20_rf0.30_xgb0.50,2025-07-08,2026-07-07,2026-07-06,2025-08-04,2026-07-06,2026-07-07,229,2026-07-07,False,1,0.49275362318840576,0.4376459826548317,0.46,0.6925447583198547,0.5718015756908937,1,57.18,0.5718015756908937,1,57.18,BUY,0.5914,0.1828,Sideways,0.335,0.0,unavailable_no_point_in_time_source,True,1339.97,1339.966552734375,2026-07-08,1308.4908447265625,-2.349,0,2026-07-10,1323.699951171875,-1.214,0.0,2026-07-14,1317.5999755859375,-1.6692,0.0,2026-07-21,1258.199951171875,-6.1021,0.0,1,0,0,0,0,0,-2.3492,0,0.0,0.0,0.0,0.0,0.0,-1.2142,0.0,0.0,0.0,0.0,0.0,0.0,-1.6694,0.0,0.0,0.0,0.0,0.0,0.0,-6.1024,0.0,55-60,55-60
BAJAJFINSV.NS|2026-07-07|ensemble_lr0.20_rf0.30_xgb0.50,BAJAJFINSV.NS,2026-07-07,ensemble_lr0.20_rf0.30_xgb0.50,2025-07-08,2026-07-07,2026-07-06,2025-08-04,2026-07-06,2026-07-07,229,2026-07-07,False,0,0.463768115942029,0.5626595424416259,0.52,0.3517593443393707,0.44441158065801056,0,55.56,0.44441158065801056,0,55.56,BUY,0.5944,0.1889,Bullish,0.335,0.0,unavailable_no_point_in_time_source,True,1885.3,1885.300048828125,2026-07-08,1854.9000244140625,-1.6125,0,2026-07-10,1916.0,1.6284,1.0,2026-07-14,1869.199951171875,-0.854,0.0,2026-07-21,1900.5999755859375,0.8115,1.0,1,1,1,1,0,0,-1.6125,0,0.0,0.0,0.0,1.0,1.0,1.6284,1.0,1.0,1.0,1.0,0.0,0.0,-0.854,0.0,0.0,0.0,0.0,1.0,1.0,0.8115,1.0,55-60,55-60
BPCL.NS|2026-07-07|ensemble_lr0.20_rf0.30_xgb0.50,BPCL.NS,2026-07-07,ensemble_lr0.20_rf0.30_xgb0.50,2025-07-08,2026-07-07,2026-07-06,2025-08-04,2026-07-06,2026-07-07,229,2026-07-07,False,0,0.5072463768115942,0.49799279201477353,0.34,0.3950149714946747,0.39910604415029205,0,60.09,0.39910604415029205,0,60.09,HOLD,0.5538,0.1077,Sideways,0.165,0.0,unavailable_no_point_in_time_source,True,313.95,313.95001220703125,2026-07-08,303.54998779296875,-3.3126,0,2026-07-10,309.75,-1.3378,0.0,2026-07-14,305.3500061035156,-2.7393,0.0,2026-07-21,319.3500061035156,1.72,1.0,1,1,1,1,0,0,-3.3126,0,1.0,1.0,1.0,0.0,1.0,-1.3378,1.0,1.0,1.0,1.0,0.0,1.0,-2.7393,1.0,0.0,0.0,0.0,1.0,1.0,1.72,1.0,60-65,60-65
AARTIIND.NS|2026-07-14|ensemble_lr0.20_rf0.30_xgb0.50,AARTIIND.NS,2026-07-14,ensemble_lr0.20_rf0.30_xgb0.50,2025-07-15,2026-07-14,2026-07-13,2025-08-11,2026-07-13,2026-07-14,229,2026-07-14,False,0,0.463768115942029,0.340695361720324,0.24,0.29317229986190796,0.2867252222750188,0,71.33,0.2867252222750188,0,71.33,HOLD,0.534,0.0681,High Volatility,0.67,0.0,unavailable_no_point_in_time_source,True,482.09,482.0916442871094,2026-07-15,499.7066650390625,3.6539,1,2026-07-17,492.97003173828125,2.2565,1.0,2026-07-21,498.509033203125,3.4054,1.0,2026-07-28,475.8041687011719,-1.3042,0.0,0,0,0,0,0,0,3.6542,0,0.0,0.0,0.0,0.0,1.0,2.2568,1.0,0.0,0.0,0.0,0.0,0.0,3.4058,0.0,1.0,1.0,1.0,1.0,1.0,-1.3039,1.0,70-75,70-75
ABCAPITAL.NS|2026-07-14|ensemble_lr0.20_rf0.30_xgb0.50,ABCAPITAL.NS,2026-07-14,ensemble_lr0.20_rf0.30_xgb0.50,2025-07-15,2026-07-14,2026-07-13,2025-08-11,2026-07-13,2026-07-14,229,2026-07-14,False,1,0.5797101449275363,0.4566865006234199,0.68,0.5408617854118347,0.5657681928306013,1,56.58,0.5657681928306013,1,56.58,BUY,0.6498,0.2996,Bullish,0.5,0.0,unavailable_no_point_in_time_source,True,399.25,399.25,2026-07-15,404.29998779296875,1.2649,1,2026-07-17,401.54998779296875,0.5761,1.0,2026-07-21,409.04998779296875,2.4546,1.0,2026-07-28,391.3500061035156,-1.9787,0.0,0,1,1,1,0,1,1.2649,1,1.0,1.0,1.0,0.0,1.0,0.5761,1.0,1.0,1.0,1.0,0.0,1.0,2.4546,1.0,0.0,0.0,0.0,1.0,0.0,-1.9787,0.0,55-60,55-60
ABFRL.NS|2026-07-14|ensemble_lr0.20_rf0.30_xgb0.50,ABFRL.NS,2026-07-14,ensemble_lr0.20_rf0.30_xgb0.50,2025-07-15,2026-07-14,2026-07-13,2025-08-11,2026-07-13,2026-07-14,229,2026-07-14,False,0,0.5144927536231884,0.5337003575226736,0.62,0.7303997278213501,0.6579399354152098,1,65.79,0.6579399354152098,1,65.79,HOLD,0.5182,0.0363,High Volatility,-0.165,0.0,unavailable_no_point_in_time_source,True,58.93,58.93000030517578,2026-07-15,59.2599983215332,0.56,1,2026-07-17,57.849998474121094,-1.8327,0.0,2026-07-21,57.40999984741211,-2.5793,0.0,2026-07-28,56.70000076293945,-3.7841,0.0,0,1,1,0,0,1,0.56,1,0.0,0.0,1.0,1.0,1.0,-1.8327,1.0,0.0,0.0,1.0,1.0,1.0,-2.5793,1.0,0.0,0.0,1.0,1.0,0.0,-3.7841,0.0,65-70,65-70
ADANIPORTS.NS|2026-07-14|ensemble_lr0.20_rf0.30_xgb0.50,ADANIPORTS.NS,2026-07-14,ensemble_lr0.20_rf0.30_xgb0.50,2025-07-15,2026-07-14,2026-07-13,2025-08-11,2026-07-13,2026-07-14,229,2026-07-14,False,0,0.5144927536231884,0.2894969299656857,0.32,0.34560373425483704,0.32670125312055565,0,67.33,0.32670125312055565,0,67.33,HOLD,0.5052,0.0104,Sideways,0.5,0.0,unavailable_no_point_in_time_source,True,1821.9,1821.9000244140625,2026-07-15,1829.0999755859375,0.3952,1,2026-07-17,1837.4000244140625,0.8508,1.0,2026-07-21,1846.5,1.3502,1.0,2026-07-28,1774.699951171875,-2.5907,0.0,1,0,0,0,1,1,0.3952,1,0.0,0.0,0.0,1.0,1.0,0.8508,1.0,0.0,0.0,0.0,1.0,1.0,1.3502,1.0,1.0,1.0,1.0,0.0,1.0,-2.5907,1.0,65-70,65-70
ANGELONE.NS|2026-07-14|ensemble_lr0.20_rf0.30_xgb0.50,ANGELONE.NS,2026-07-14,ensemble_lr0.20_rf0.30_xgb0.50,2025-07-15,2026-07-14,2026-07-13,2025-08-11,2026-07-13,2026-07-14,229,2026-07-14,False,0,0.5434782608695652,0.16712526438600198,0.38,0.42256107926368713,0.358705592509044,0,64.13,0.358705592509044,0,64.13,HOLD,0.4789,-0.0421,High Volatility,0.335,0.0,unavailable_no_point_in_time_source,True,332.52,332.5216064453125,2026-07-15,342.34124755859375,2.9531,1,2026-07-17,327.9358215332031,-1.3791,0.0,2026-07-21,321.8999938964844,-3.1943,0.0,2026-07-28,302.6000061035156,-8.9984,0.0,0,0,0,0,0,1,2.9536,1,1.0,1.0,1.0,1.0,1.0,-1.3786,1.0,1.0,1.0,1.0,1.0,0.0,-3.1938,0.0,1.0,1.0,1.0,1.0,0.0,-8.998,0.0,60-65,60-65
ASIANPAINT.NS|2026-07-14|ensemble_lr0.20_rf0.30_xgb0.50,ASIANPAINT.NS,2026-07-14,ensemble_lr0.20_rf0.30_xgb0.50,2025-07-15,2026-07-14,2026-07-13,2025-08-11,2026-07-13,2026-07-14,229,2026-07-14,False,0,0.5072463768115942,0.3366821765929947,0.34,0.2462460994720459,0.2924594850546219,0,70.75,0.2924594850546219,0,70.75,HOLD,0.4666,-0.0668,Sideways,0.335,0.0,unavailable_no_point_in_time_source,True,2641.0,2641.0,2026-07-15,2670.0,1.0981,1,2026-07-17,2689.0,1.8175,1.0,2026-07-21,2692.39990234375,1.9462,1.0,2026-07-28,2736.199951171875,3.6047,1.0,0,0,0,0,0,1,1.0981,1,0.0,0.0,0.0,0.0,1.0,1.8175,1.0,0.0,0.0,0.0,0.0,1.0,1.9462,1.0,0.0,0.0,0.0,0.0,0.0,3.6047,0.0,70-75,70-75
ASTRAL.NS|2026-07-14|ensemble_lr0.20_rf0.30_xgb0.50,ASTRAL.NS,2026-07-14,ensemble_lr0.20_rf0.30_xgb0.50,2025-07-15,2026-07-14,2026-07-13,2025-08-11,2026-07-13,2026-07-14,229,2026-07-14,False,0,0.5,0.497744926246573,0.5,0.6291484236717224,0.5641231970851758,1,56.41,0.5641231970851758,1,56.41,SELL,0.3532,-0.2935,Bearish,-1.0,0.0,unavailable_no_point_in_time_source,True,1356.37,1356.36669921875,2026-07-15,1357.6646728515625,0.0957,1,2026-07-17,1375.636474609375,1.4207,1.0,2026-07-21,1412.8778076171875,4.1664,1.0,2026-07-28,1469.0894775390625,8.3106,1.0,1,1,1,0,1,0,0.0955,0,1.0,1.0,0.0,1.0,0.0,1.4204,0.0,1.0,1.0,0.0,1.0,0.0,4.1661,0.0,1.0,1.0,0.0,1.0,0.0,8.3104,0.0,55-60,55-60
AUBANK.NS|2026-07-14|ensemble_lr0.20_rf0.30_xgb0.50,AUBANK.NS,2026-07-14,ensemble_lr0.20_rf0.30_xgb0.50,2025-07-15,2026-07-14,2026-07-13,2025-08-11,2026-07-13,2026-07-14,229,2026-07-14,False,1,0.48550724637681153,0.612514730193737,0.54,0.6151900291442871,0.5920979606108909,1,59.21,0.5920979606108909,1,59.21,HOLD,0.5783,0.1567,Sideways,0.335,0.0,unavailable_no_point_in_time_source,True,1037.29,1037.292724609375,2026-07-15,1039.5904541015625,0.2215,1,2026-07-17,1029.200439453125,-0.7801,0.0,2026-07-21,1002.3265991210938,-3.3709,0.0,2026-07-28,1046.6834716796875,0.9053,1.0,0,1,1,1,0,1,0.2218,1,0.0,0.0,0.0,1.0,1.0,-0.7799,1.0,0.0,0.0,0.0,1.0,0.0,-3.3706,0.0,1.0,1.0,1.0,0.0,1.0,0.9056,1.0,55-60,55-60
AXISBANK.NS|2026-07-14|ensemble_lr0.20_rf0.30_xgb0.50,AXISBANK.NS,2026-07-14,ensemble_lr0.20_rf0.30_xgb0.50,2025-07-15,2026-07-14,2026-07-13,2025-08-11,2026-07-13,2026-07-14,229,2026-07-14,False,1,0.5217391304347826,0.42964065555865877,0.26,0.1414683312177658,0.23466229672061467,0,76.53,0.23466229672061467,0,76.53,HOLD,0.431,-0.1381,Bearish,0.17,0.0,unavailable_no_point_in_time_source,True,1317.6,1317.5999755859375,2026-07-15,1312.300048828125,-0.4022,0,2026-07-17,1328.5,0.8273,1.0,2026-07-21,1258.199951171875,-4.5082,0.0,2026-07-28,1223.5,-7.1418,0.0,0,1,1,0,1,1,-0.4022,1,0.0,0.0,1.0,0.0,1.0,0.8273,1.0,1.0,1.0,0.0,1.0,0.0,-4.5082,0.0,1.0,1.0,0.0,1.0,0.0,-7.1418,0.0,75-80,75-80
BPCL.NS|2026-07-14|ensemble_lr0.20_rf0.30_xgb0.50,BPCL.NS,2026-07-14,ensemble_lr0.20_rf0.30_xgb0.50,2025-07-15,2026-07-14,2026-07-13,2025-08-11,2026-07-13,2026-07-14,229,2026-07-14,False,0,0.5217391304347826,0.4668200498171777,0.26,0.3133285343647003,0.3280282771457857,0,67.2,0.3280282771457857,0,67.2,HOLD,0.4479,-0.1043,Sideways,-0.165,0.0,unavailable_no_point_in_time_source,True,305.35,305.3500061035156,2026-07-15,309.6000061035156,1.3918,1,2026-07-17,315.54998779296875,3.3404,1.0,2026-07-21,319.3500061035156,4.5849,1.0,2026-07-28,320.04998779296875,4.8141,1.0,0,0,0,0,0,1,1.3918,1,0.0,0.0,0.0,0.0,0.0,3.3404,0.0,0.0,0.0,0.0,0.0,0.0,4.5849,0.0,0.0,0.0,0.0,0.0,0.0,4.8141,0.0,65-70,65-70
ABCAPITAL.NS|2026-07-21|ensemble_lr0.20_rf0.30_xgb0.50,ABCAPITAL.NS,2026-07-21,ensemble_lr0.20_rf0.30_xgb0.50,2025-07-22,2026-07-21,2026-07-20,2025-08-19,2026-07-20,2026-07-21,229,2026-07-21,False,0,0.5217391304347826,0.46393607045477986,0.24,0.3837393522262573,0.35665689020408464,0,64.33,0.35665689020408464,0,64.33,HOLD,0.5186,0.0372,Sideways,0.665,0.0,unavailable_no_point_in_time_source,True,409.05,409.04998779296875,2026-07-22,400.6000061035156,-2.0658,0,2026-07-24,393.8500061035156,-3.7159,0.0,2026-07-28,391.3500061035156,-4.3271,0.0,2026-08-04,420.0,2.6769,1.0,1,1,1,1,0,1,-2.0658,1,1.0,1.0,1.0,0.0,0.0,-3.7159,0.0,1.0,1.0,1.0,0.0,0.0,-4.3271,0.0,0.0,0.0,0.0,1.0,1.0,2.6769,1.0,60-65,60-65
ABFRL.NS|2026-07-21|ensemble_lr0.20_rf0.30_xgb0.50,ABFRL.NS,2026-07-21,ensemble_lr0.20_rf0.30_xgb0.50,2025-07-22,2026-07-21,2026-07-20,2025-08-19,2026-07-20,2026-07-21,229,2026-07-21,False,0,0.5,0.6006685318035039,0.54,0.5975887775421143,0.5809280951317579,1,58.09,0.5809280951317579,1,58.09,HOLD,0.4866,-0.0268,High Volatility,-0.5,0.0,unavailable_no_point_in_time_source,True,57.41,57.40999984741211,2026-07-22,57.04999923706055,-0.6271,0,2026-07-24,56.25,-2.0206,0.0,2026-07-28,56.70000076293945,-1.2367,0.0,2026-08-04,61.0,6.2533,1.0,1,0,0,1,0,1,-0.6271,1,0.0,0.0,1.0,0.0,1.0,-2.0206,1.0,0.0,0.0,1.0,0.0,1.0,-1.2367,1.0,1.0,1.0,0.0,1.0,0.0,6.2533,0.0,55-60,55-60
ADANIPORTS.NS|2026-07-21|ensemble_lr0.20_rf0.30_xgb0.50,ADANIPORTS.NS,2026-07-21,ensemble_lr0.20_rf0.30_xgb0.50,2025-07-22,2026-07-21,2026-07-20,2025-08-19,2026-07-20,2026-07-21,229,2026-07-21,False,0,0.5144927536231885,0.38536769663582715,0.7,0.571226179599762,0.5726866291270464,1,57.27,0.5726866291270464,1,57.27,BUY,0.6188,0.2376,Sideways,0.5,0.0,unavailable_no_point_in_time_source,True,1846.5,1846.5,2026-07-22,1819.4000244140625,-1.4676,0,2026-07-24,1768.300048828125,-4.235,0.0,2026-07-28,1774.699951171875,-3.8884,0.0,2026-08-04,1706.699951171875,-7.5711,0.0,1,0,0,1,0,0,-1.4676,0,0.0,0.0,1.0,0.0,0.0,-4.235,0.0,0.0,0.0,1.0,0.0,0.0,-3.8884,0.0,0.0,0.0,1.0,0.0,0.0,-7.5711,0.0,55-60,55-60
AETHER.NS|2026-07-21|ensemble_lr0.20_rf0.30_xgb0.50,AETHER.NS,2026-07-21,ensemble_lr0.20_rf0.30_xgb0.50,2025-07-22,2026-07-21,2026-07-20,2025-08-19,2026-07-20,2026-07-21,229,2026-07-21,False,0,0.41304347826086957,0.1945469262055396,0.26,0.19926214218139648,0.21654045633180616,0,78.35,0.21654045633180616,0,78.35,HOLD,0.5395,0.0789,High Volatility,0.665,0.0,unavailable_no_point_in_time_source,True,1449.7,1449.699951171875,2026-07-22,1462.800048828125,0.9036,1,2026-07-24,1427.5,-1.5313,0.0,2026-07-28,1464.699951171875,1.0347,1.0,2026-08-04,1578.300048828125,8.8708,1.0,0,0,0,0,0,1,0.9036,1,1.0,1.0,1.0,1.0,1.0,-1.5314,1.0,0.0,0.0,0.0,0.0,1.0,1.0347,1.0,0.0,0.0,0.0,0.0,0.0,8.8708,0.0,75-80,75-80
ANGELONE.NS|2026-07-21|ensemble_lr0.20_rf0.30_xgb0.50,ANGELONE.NS,2026-07-21,ensemble_lr0.20_rf0.30_xgb0.50,2025-07-22,2026-07-21,2026-07-20,2025-08-19,2026-07-20,2026-07-21,229,2026-07-21,False,0,0.5434782608695652,0.23043719742831242,0.24,0.2813573181629181,0.2587660985671215,0,74.12,0.2587660985671215,0,74.12,HOLD,0.4578,-0.0844,High Volatility,0.0,0.0,unavailable_no_point_in_time_source,True,321.9,321.8999938964844,2026-07-22,312.3999938964844,-2.9512,0,2026-07-24,307.95001220703125,-4.3336,0.0,2026-07-28,302.6000061035156,-5.9956,0.0,2026-08-04,300.3500061035156,-6.6946,0.0,0,1,1,1,1,1,-2.9512,1,1.0,1.0,1.0,1.0,0.0,-4.3336,0.0,1.0,1.0,1.0,1.0,0.0,-5.9956,0.0,1.0,1.0,1.0,1.0,0.0,-6.6946,0.0,70-75,70-75
APOLLOTYRE.NS|2026-07-21|ensemble_lr0.20_rf0.30_xgb0.50,APOLLOTYRE.NS,2026-07-21,ensemble_lr0.20_rf0.30_xgb0.50,2025-07-22,2026-07-21,2026-07-20,2025-08-19,2026-07-20,2026-07-21,229,2026-07-21,False,0,0.4565217391304348,0.5247273253972514,0.36,0.2614949643611908,0.3436929472600457,0,65.63,0.3436929472600457,0,65.63,HOLD,0.4483,-0.1034,Sideways,0.0,0.0,unavailable_no_point_in_time_source,True,428.5,428.5,2026-07-22,426.6000061035156,-0.4434,0,2026-07-24,419.6499938964844,-2.0653,0.0,2026-07-28,423.8500061035156,-1.0852,0.0,2026-08-04,438.3500061035156,2.2987,1.0,0,1,1,1,1,1,-0.4434,1,1.0,1.0,1.0,1.0,1.0,-2.0653,1.0,1.0,1.0,1.0,1.0,1.0,-1.0852,1.0,0.0,0.0,0.0,0.0,1.0,2.2987,1.0,65-70,65-70
ASHOKLEY.NS|2026-07-21|ensemble_lr0.20_rf0.30_xgb0.50,ASHOKLEY.NS,2026-07-21,ensemble_lr0.20_rf0.30_xgb0.50,2025-07-22,2026-07-21,2026-07-20,2025-08-19,2026-07-20,2026-07-21,229,2026-07-21,False,1,0.5289855072463768,0.38682212619753653,0.52,0.3817170560359955,0.42422295325750503,0,57.58,0.42422295325750503,0,57.58,SELL,0.3937,-0.2126,Sideways,-0.165,0.0,unavailable_no_point_in_time_source,True,153.94,153.94000244140625,2026-07-22,152.49000549316406,-0.9419,0,2026-07-24,151.07000732421875,-1.8644,0.0,2026-07-28,157.5,2.3126,1.0,2026-08-04,172.0800018310547,11.7838,1.0,0,1,1,0,1,1,-0.9419,1,1.0,1.0,0.0,1.0,1.0,-1.8644,1.0,0.0,0.0,1.0,0.0,0.0,2.3126,0.0,0.0,0.0,1.0,0.0,0.0,11.7838,0.0,55-60,55-60
ASIANPAINT.NS|2026-07-21|ensemble_lr0.20_rf0.30_xgb0.50,ASIANPAINT.NS,2026-07-21,ensemble_lr0.20_rf0.30_xgb0.50,2025-07-22,2026-07-21,2026-07-20,2025-08-19,2026-07-20,2026-07-21,229,2026-07-21,False,1,0.463768115942029,0.4830487220566847,0.7,0.8049198985099792,0.7090696936663266,1,70.91,0.7090696936663266,1,70.91,BUY,0.6612,0.3224,Bullish,0.335,0.0,unavailable_no_point_in_time_source,True,2692.4,2692.39990234375,2026-07-22,2692.800048828125,0.0149,1,2026-07-24,2637.89990234375,-2.0242,0.0,2026-07-28,2736.199951171875,1.6268,1.0,2026-08-04,2775.0,3.0679,1.0,1,1,1,1,1,1,0.0149,1,0.0,0.0,0.0,0.0,0.0,-2.0242,0.0,1.0,1.0,1.0,1.0,1.0,1.6268,1.0,1.0,1.0,1.0,1.0,1.0,3.0679,1.0,70-75,70-75
ASTRAL.NS|2026-07-21|ensemble_lr0.20_rf0.30_xgb0.50,ASTRAL.NS,2026-07-21,ensemble_lr0.20_rf0.30_xgb0.50,2025-07-22,2026-07-21,2026-07-20,2025-08-19,2026-07-20,2026-07-21,229,2026-07-21,False,1,0.5507246376811593,0.506659833188167,0.76,0.8072945475578308,0.7329792404165487,1,73.3,0.7329792404165487,1,73.3,HOLD,0.5493,0.0986,Sideways,-0.335,0.0,unavailable_no_point_in_time_source,True,1412.88,1412.8778076171875,2026-07-22,1428.55322265625,1.1095,1,2026-07-24,1465.7945556640625,3.7453,1.0,2026-07-28,1469.0894775390625,3.9785,1.0,2026-08-04,1445.7261962890625,2.3249,1.0,1,1,1,1,1,1,1.1093,1,1.0,1.0,1.0,1.0,0.0,3.7452,0.0,1.0,1.0,1.0,1.0,0.0,3.9784,0.0,1.0,1.0,1.0,1.0,1.0,2.3248,1.0,70-75,70-75
AUBANK.NS|2026-07-21|ensemble_lr0.20_rf0.30_xgb0.50,AUBANK.NS,2026-07-21,ensemble_lr0.20_rf0.30_xgb0.50,2025-07-22,2026-07-21,2026-07-20,2025-08-19,2026-07-20,2026-07-21,229,2026-07-21,False,0,0.49275362318840576,0.4496439012878092,0.48,0.18916970491409302,0.3285136327146083,0,67.15,0.3285136327146083,0,67.15,SELL,0.4052,-0.1895,Bearish,0.0,0.0,unavailable_no_point_in_time_source,True,1002.33,1002.3265991210938,2026-07-22,979.2490234375,-2.3024,0,2026-07-24,1003.0259399414062,0.0698,1.0,2026-07-28,1046.6834716796875,4.4254,1.0,2026-08-04,1059.0,5.6542,1.0,1,1,1,1,0,1,-2.3027,1,0.0,0.0,0.0,1.0,0.0,0.0694,0.0,0.0,0.0,0.0,1.0,0.0,4.425,0.0,0.0,0.0,0.0,1.0,0.0,5.6538,0.0,65-70,65-70
BAJAJFINSV.NS|2026-07-21|ensemble_lr0.20_rf0.30_xgb0.50,BAJAJFINSV.NS,2026-07-21,ensemble_lr0.20_rf0.30_xgb0.50,2025-07-22,2026-07-21,2026-07-20,2025-08-19,2026-07-20,2026-07-21,229,2026-07-21,False,0,0.49275362318840576,0.5244468700716777,0.68,0.7191786170005798,0.6684786825146255,1,66.85,0.6684786825146255,1,66.85,BUY,0.6695,0.339,Bullish,0.165,0.0,unavailable_no_point_in_time_source,True,1900.6,1900.5999755859375,2026-07-22,1876.4000244140625,-1.2733,0,2026-07-24,1876.699951171875,-1.2575,0.0,2026-07-28,1927.9000244140625,1.4364,1.0,2026-08-04,2105.0,10.7545,1.0,1,0,0,1,0,0,-1.2733,0,0.0,0.0,1.0,0.0,0.0,-1.2575,0.0,1.0,1.0,0.0,1.0,1.0,1.4364,1.0,1.0,1.0,0.0,1.0,1.0,10.7545,1.0,65-70,65-70
BEL.NS|2026-07-21|ensemble_lr0.20_rf0.30_xgb0.50,BEL.NS,2026-07-21,ensemble_lr0.20_rf0.30_xgb0.50,2025-07-22,2026-07-21,2026-07-20,2025-08-19,2026-07-20,2026-07-21,229,2026-07-21,False,0,0.4492753623188406,0.604384220259906,0.66,0.8618486523628235,0.749801170233393,1,74.98,0.749801170233393,1,74.98,HOLD,0.4974,-0.0053,Sideways,-0.335,0.0,unavailable_no_point_in_time_source,True,409.49,409.49407958984375,2026-07-22,406.1985778808594,-0.8048,0,2026-07-24,404.450927734375,-1.2316,0.0,2026-07-28,388.4726257324219,-5.1335,0.0,2026-08-04,390.96923828125,-4.5238,0.0,1,0,0,1,0,1,-0.8038,1,0.0,0.0,1.0,0.0,1.0,-1.2306,1.0,0.0,0.0,1.0,0.0,0.0,-5.1326,0.0,0.0,0.0,1.0,0.0,0.0,-4.5229,0.0,70-75,70-75
BPCL.NS|2026-07-21|ensemble_lr0.20_rf0.30_xgb0.50,BPCL.NS,2026-07-21,ensemble_lr0.20_rf0.30_xgb0.50,2025-07-22,2026-07-21,2026-07-20,2025-08-19,2026-07-20,2026-07-21,229,2026-07-21,False,0,0.47826086956521735,0.7459831965637722,0.66,0.900551438331604,0.7974723584785565,1,79.75,0.7974723584785565,1,79.75,BUY,0.6368,0.2736,Sideways,0.335,0.0,unavailable_no_point_in_time_source,True,319.35,319.3500061035156,2026-07-22,314.0,-1.6753,0,2026-07-24,310.1499938964844,-2.8809,0.0,2026-07-28,320.04998779296875,0.2192,1.0,2026-08-04,324.0,1.4561,1.0,1,0,0,1,0,0,-1.6753,0,0.0,0.0,1.0,0.0,0.0,-2.8809,0.0,1.0,1.0,0.0,1.0,1.0,0.2192,1.0,1.0,1.0,0.0,1.0,1.0,1.4561,1.0,75-80,75-80
AARTIIND.NS|2026-07-28|ensemble_lr0.20_rf0.30_xgb0.50,AARTIIND.NS,2026-07-28,ensemble_lr0.20_rf0.30_xgb0.50,2025-07-29,2026-07-28,2026-07-27,2025-08-26,2026-07-27,2026-07-28,229,2026-07-28,False,0,0.4710144927536232,0.37797578922379826,0.44,0.4796941876411438,0.4474422516653316,0,55.26,0.4474422516653316,0,55.26,HOLD,0.4519,-0.0962,High Volatility,0.0,0.0,unavailable_no_point_in_time_source,True,475.8,475.8041687011719,2026-07-29,484.53680419921875,1.8353,1,2026-07-31,488.1296691894531,2.5905,1.0,2026-08-04,480.79425048828125,1.0488,1.0,2026-08-11,504.2975158691406,5.9885,1.0,0,0,0,0,0,1,1.8362,1,0.0,0.0,0.0,0.0,1.0,2.5914,1.0,0.0,0.0,0.0,0.0,1.0,1.0497,1.0,0.0,0.0,0.0,0.0,0.0,5.9894,0.0,55-60,55-60
ABCAPITAL.NS|2026-07-28|ensemble_lr0.20_rf0.30_xgb0.50,ABCAPITAL.NS,2026-07-28,ensemble_lr0.20_rf0.30_xgb0.50,2025-07-29,2026-07-28,2026-07-27,2025-08-26,2026-07-27,2026-07-28,229,2026-07-28,False,1,0.5579710144927535,0.8374453807068548,0.58,0.876249372959137,0.7796137626209394,1,77.96,0.7796137626209394,1,77.96,BUY,0.6298,0.2596,Sideways,0.5,0.0,unavailable_no_point_in_time_source,True,391.35,391.3500061035156,2026-07-29,397.6000061035156,1.597,1,2026-07-31,404.29998779296875,3.3091,1.0,2026-08-04,420.0,7.3208,1.0,2026-08-11,407.1499938964844,4.0373,1.0,0,1,1,1,0,1,1.597,1,1.0,1.0,1.0,0.0,1.0,3.3091,1.0,1.0,1.0,1.0,0.0,1.0,7.3208,1.0,1.0,1.0,1.0,0.0,1.0,4.0373,1.0,75-80,75-80
ABFRL.NS|2026-07-28|ensemble_lr0.20_rf0.30_xgb0.50,ABFRL.NS,2026-07-28,ensemble_lr0.20_rf0.30_xgb0.50,2025-07-29,2026-07-28,2026-07-27,2025-08-26,2026-07-27,2026-07-28,229,2026-07-28,False,0,0.463768115942029,0.6009752627931063,0.5,0.6275300979614258,0.5839601015393341,1,58.4,0.5839601015393341,1,58.4,HOLD,0.4679,-0.0641,Sideways,-0.5,0.0,unavailable_no_point_in_time_source,True,56.7,56.70000076293945,2026-07-29,58.060001373291016,2.3986,1,2026-07-31,60.2400016784668,6.2434,1.0,2026-08-04,61.0,7.5838,1.0,2026-08-11,58.630001068115234,3.4039,1.0,0,1,1,0,0,1,2.3986,1,1.0,1.0,0.0,0.0,0.0,6.2434,0.0,1.0,1.0,0.0,0.0,0.0,7.5838,0.0,1.0,1.0,0.0,0.0,0.0,3.4039,0.0,55-60,55-60
ADANIPORTS.NS|2026-07-28|ensemble_lr0.20_rf0.30_xgb0.50,ADANIPORTS.NS,2026-07-28,ensemble_lr0.20_rf0.30_xgb0.50,2025-07-29,2026-07-28,2026-07-27,2025-08-26,2026-07-27,2026-07-28,229,2026-07-28,False,0,0.5144927536231884,0.5712788578436369,0.86,0.6849137544631958,0.7147126488003253,1,71.47,0.7147126488003253,1,71.47,HOLD,0.5788,0.1575,Sideways,0.0,0.0,unavailable_no_point_in_time_source,True,1774.7,1774.699951171875,2026-07-29,1719.699951171875,-3.0991,0,2026-07-31,1696.5,-4.4064,0.0,2026-08-04,1706.699951171875,-3.8316,0.0,2026-08-11,1668.199951171875,-6.001,0.0,1,0,0,1,0,0,-3.0991,0,0.0,0.0,1.0,0.0,0.0,-4.4064,0.0,0.0,0.0,1.0,0.0,0.0,-3.8316,0.0,0.0,0.0,1.0,0.0,0.0,-6.001,0.0,70-75,70-75
ANGELONE.NS|2026-07-28|ensemble_lr0.20_rf0.30_xgb0.50,ANGELONE.NS,2026-07-28,ensemble_lr0.20_rf0.30_xgb0.50,2025-07-29,2026-07-28,2026-07-27,2025-08-26,2026-07-27,2026-07-28,229,2026-07-28,False,0,0.5,0.40376003455074594,0.24,0.25690215826034546,0.2812030860403219,0,71.88,0.2812030860403219,0,71.88,SELL,0.3835,-0.2331,High Volatility,-0.335,0.0,unavailable_no_point_in_time_source,True,302.6,302.6000061035156,2026-07-29,302.5,-0.033,0,2026-07-31,297.95001220703125,-1.5367,0.0,2026-08-04,300.3500061035156,-0.7436,0.0,2026-08-11,291.3999938964844,-3.7013,0.0,0,1,1,1,1,1,-0.033,1,1.0,1.0,1.0,1.0,1.0,-1.5367,1.0,1.0,1.0,1.0,1.0,1.0,-0.7436,1.0,1.0,1.0,1.0,1.0,1.0,-3.7013,1.0,70-75,70-75
APOLLOTYRE.NS|2026-07-28|ensemble_lr0.20_rf0.30_xgb0.50,APOLLOTYRE.NS,2026-07-28,ensemble_lr0.20_rf0.30_xgb0.50,2025-07-29,2026-07-28,2026-07-27,2025-08-26,2026-07-27,2026-07-28,229,2026-07-28,False,0,0.47826086956521746,0.5006274431713768,0.44,0.24389152228832245,0.35407124977843657,0,64.59,0.35407124977843657,0,64.59,HOLD,0.4486,-0.1027,Sideways,0.0,0.0,unavailable_no_point_in_time_source,True,423.85,423.8500061035156,2026-07-29,424.1000061035156,0.059,1,2026-07-31,428.1499938964844,1.0145,1.0,2026-08-04,438.3500061035156,3.421,1.0,2026-08-11,443.0,4.5181,1.0,1,0,0,0,1,1,0.059,1,0.0,0.0,0.0,1.0,1.0,1.0145,1.0,0.0,0.0,0.0,1.0,0.0,3.421,0.0,0.0,0.0,0.0,1.0,0.0,4.5181,0.0,60-65,60-65
ASTRAL.NS|2026-07-28|ensemble_lr0.20_rf0.30_xgb0.50,ASTRAL.NS,2026-07-28,ensemble_lr0.20_rf0.30_xgb0.50,2025-07-29,2026-07-28,2026-07-27,2025-08-26,2026-07-27,2026-07-28,229,2026-07-28,False,1,0.5217391304347826,0.6252210602549433,0.44,0.1617833524942398,0.3379358882981086,0,66.21,0.3379358882981086,0,66.21,HOLD,0.4805,-0.0391,Bullish,-0.335,0.0,unavailable_no_point_in_time_source,True,1469.09,1469.0894775390625,2026-07-29,1473.981689453125,0.333,1,2026-07-31,1446.3251953125,-1.5496,0.0,2026-08-04,1445.7261962890625,-1.5903,0.0,2026-08-11,1422.6624755859375,-3.1603,0.0,1,0,0,1,1,1,0.333,1,1.0,1.0,0.0,0.0,1.0,-1.5496,1.0,1.0,1.0,0.0,0.0,1.0,-1.5904,1.0,1.0,1.0,0.0,0.0,0.0,-3.1603,0.0,65-70,65-70
AUBANK.NS|2026-07-28|ensemble_lr0.20_rf0.30_xgb0.50,AUBANK.NS,2026-07-28,ensemble_lr0.20_rf0.30_xgb0.50,2025-07-29,2026-07-28,2026-07-27,2025-08-26,2026-07-27,2026-07-28,229,2026-07-28,False,0,0.5579710144927535,0.41269625676809846,0.4,0.1433570832014084,0.2742177929543239,0,72.58,0.2742177929543239,0,72.58,HOLD,0.5035,0.0069,Bullish,-0.165,0.0,unavailable_no_point_in_time_source,True,1046.68,1046.6834716796875,2026-07-29,1041.288818359375,-0.5154,0,2026-07-31,1047.300048828125,0.0589,1.0,2026-08-04,1059.0,1.1767,1.0,2026-08-11,1070.9000244140625,2.3136,1.0,0,1,1,1,1,1,-0.5151,1,0.0,0.0,0.0,0.0,1.0,0.0592,1.0,0.0,0.0,0.0,0.0,1.0,1.1771,1.0,0.0,0.0,0.0,0.0,1.0,2.314,1.0,70-75,70-75
BAJAJFINSV.NS|2026-07-28|ensemble_lr0.20_rf0.30_xgb0.50,BAJAJFINSV.NS,2026-07-28,ensemble_lr0.20_rf0.30_xgb0.50,2025-07-29,2026-07-28,2026-07-27,2025-08-26,2026-07-27,2026-07-28,229,2026-07-28,False,0,0.44927536231884063,0.7547024131960128,0.6,0.5413212776184082,0.6016011214484067,1,60.16,0.6016011214484067,1,60.16,STRONG BUY,0.7411,0.4821,Bullish,0.5,0.0,unavailable_no_point_in_time_source,True,1927.9,1927.9000244140625,2026-07-29,1924.4000244140625,-0.1815,0,2026-07-31,2029.0999755859375,5.2492,1.0,2026-08-04,2105.0,9.1862,1.0,2026-08-11,2032.0,5.3997,1.0,1,0,0,1,0,0,-0.1815,0,1.0,1.0,0.0,1.0,1.0,5.2492,1.0,1.0,1.0,0.0,1.0,1.0,9.1862,1.0,1.0,1.0,0.0,1.0,1.0,5.3997,1.0,60-65,60-65
BAJFINANCE.NS|2026-07-28|ensemble_lr0.20_rf0.30_xgb0.50,BAJFINANCE.NS,2026-07-28,ensemble_lr0.20_rf0.30_xgb0.50,2025-07-29,2026-07-28,2026-07-27,2025-08-26,2026-07-27,2026-07-28,229,2026-07-28,False,1,0.5144927536231884,0.7018929232713903,0.66,0.8366987109184265,0.7567279401134913,1,75.67,0.7567279401134913,1,75.67,BUY,0.6755,0.351,Bullish,0.5,0.0,unavailable_no_point_in_time_source,True,1048.4,1048.4000244140625,2026-07-29,1054.4000244140625,0.5723,1,2026-07-31,1141.199951171875,8.8516,1.0,2026-08-04,1149.0,9.5956,1.0,2026-08-11,1093.300048828125,4.2827,1.0,1,1,1,1,1,1,0.5723,1,1.0,1.0,1.0,1.0,1.0,8.8516,1.0,1.0,1.0,1.0,1.0,1.0,9.5956,1.0,1.0,1.0,1.0,1.0,1.0,4.2827,1.0,75-80,75-80
BEL.NS|2026-07-28|ensemble_lr0.20_rf0.30_xgb0.50,BEL.NS,2026-07-28,ensemble_lr0.20_rf0.30_xgb0.50,2025-07-29,2026-07-28,2026-07-27,2025-08-26,2026-07-27,2026-07-28,229,2026-07-28,False,0,0.43478260869565216,0.7081647919065399,0.66,0.7084395885467529,0.6938527526546845,1,69.39,0.6938527526546845,1,69.39,HOLD,0.503,0.0061,Sideways,-0.5,0.0,unavailable_no_point_in_time_source,True,388.47,388.4726257324219,2026-07-29,387.02459716796875,-0.3727,0,2026-07-31,387.3241882324219,-0.2956,0.0,2026-08-04,390.96923828125,0.6427,1.0,2026-08-11,405.2998046875,4.3316,1.0,0,0,0,1,1,1,-0.3721,1,0.0,0.0,1.0,1.0,1.0,-0.295,1.0,1.0,1.0,0.0,0.0,1.0,0.6434,1.0,1.0,1.0,0.0,0.0,0.0,4.3323,0.0,65-70,65-70
BPCL.NS|2026-07-28|ensemble_lr0.20_rf0.30_xgb0.50,BPCL.NS,2026-07-28,ensemble_lr0.20_rf0.30_xgb0.50,2025-07-29,2026-07-28,2026-07-27,2025-08-26,2026-07-27,2026-07-28,229,2026-07-28,False,0,0.4710144927536232,0.6084753765485628,0.6,0.74567049741745,0.6745303240184375,1,67.45,0.6745303240184375,1,67.45,BUY,0.6175,0.235,Sideways,0.335,0.0,unavailable_no_point_in_time_source,True,320.05,320.04998779296875,2026-07-29,317.3999938964844,-0.828,0,2026-07-31,319.75,-0.0937,0.0,2026-08-04,324.0,1.2342,1.0,2026-08-11,317.79998779296875,-0.703,0.0,1,0,0,1,0,0,-0.828,0,0.0,0.0,1.0,0.0,0.0,-0.0937,0.0,1.0,1.0,0.0,1.0,1.0,1.2342,1.0,0.0,0.0,1.0,0.0,0.0,-0.703,0.0,65-70,65-70
ABCAPITAL.NS|2026-08-04|ensemble_lr0.20_rf0.30_xgb0.50,ABCAPITAL.NS,2026-08-04,ensemble_lr0.20_rf0.30_xgb0.50,2025-08-05,2026-08-04,2026-08-03,2025-09-03,2026-08-03,2026-08-04,229,2026-08-04,False,1,0.5144927536231884,0.3460454799011445,0.32,0.419385701417923,0.3749019466891904,0,62.51,0.3749019466891904,0,62.51,HOLD,0.5669,0.1337,Sideways,1.0,0.0,unavailable_no_point_in_time_source,True,420.0,420.0,2026-08-05,424.70001220703125,1.1191,1,2026-08-07,408.04998779296875,-2.8452,0.0,2026-08-11,407.1499938964844,-3.0595,0.0,2026-08-18,402.0,-4.2857,0.0,0,0,0,1,0,1,1.1191,1,1.0,1.0,0.0,1.0,1.0,-2.8452,1.0,1.0,1.0,0.0,1.0,0.0,-3.0595,0.0,1.0,1.0,0.0,1.0,0.0,-4.2857,0.0,60-65,60-65
ABFRL.NS|2026-08-04|ensemble_lr0.20_rf0.30_xgb0.50,ABFRL.NS,2026-08-04,ensemble_lr0.20_rf0.30_xgb0.50,2025-08-05,2026-08-04,2026-08-03,2025-09-03,2026-08-03,2026-08-04,229,2026-08-04,False,0,0.4492753623188406,0.45515239701241017,0.56,0.23140186071395874,0.3747314097594614,0,62.53,0.3747314097594614,0,62.53,HOLD,0.4319,-0.1363,High Volatility,0.0,0.0,unavailable_no_point_in_time_source,True,61.0,61.0,2026-08-05,62.099998474121094,1.8033,1,2026-08-07,63.33000183105469,3.8197,1.0,2026-08-11,58.630001068115234,-3.8852,0.0,2026-08-18,54.970001220703125,-9.8852,0.0,0,0,0,0,0,1,1.8033,1,0.0,0.0,0.0,0.0,0.0,3.8197,0.0,1.0,1.0,1.0,1.0,0.0,-3.8852,0.0,1.0,1.0,1.0,1.0,0.0,-9.8852,0.0,60-65,60-65
ADANIENT.NS|2026-08-04|ensemble_lr0.20_rf0.30_xgb0.50,ADANIENT.NS,2026-08-04,ensemble_lr0.20_rf0.30_xgb0.50,2025-08-05,2026-08-04,2026-08-03,2025-09-03,2026-08-03,2026-08-04,229,2026-08-04,False,0,0.4492753623188406,0.4090693073379642,0.32,0.2550671696662903,0.30534744630073796,0,69.47,0.30534744630073796,0,69.47,HOLD,0.4744,-0.0511,Sideways,0.5,0.0,unavailable_no_point_in_time_source,True,3050.0,3050.0,2026-08-05,3050.0,0.0,0,2026-08-07,3020.0,-0.9836,0.0,2026-08-11,2995.5,-1.7869,0.0,2026-08-18,3002.5,-1.5574,0.0,0,1,1,1,1,1,0.0,1,1.0,1.0,1.0,1.0,1.0,-0.9836,1.0,1.0,1.0,1.0,1.0,1.0,-1.7869,1.0,1.0,1.0,1.0,1.0,1.0,-1.5574,1.0,65-70,65-70
ADANIPORTS.NS|2026-08-04|ensemble_lr0.20_rf0.30_xgb0.50,ADANIPORTS.NS,2026-08-04,ensemble_lr0.20_rf0.30_xgb0.50,2025-08-05,2026-08-04,2026-08-03,2025-09-03,2026-08-03,2026-08-04,229,2026-08-04,False,1,0.5289855072463768,0.5596106952761769,0.92,0.7322746515274048,0.7540594648189378,1,75.41,0.7540594648189378,1,75.41,HOLD,0.455,-0.09,Bearish,-0.335,0.0,unavailable_no_point_in_time_source,True,1706.7,1706.699951171875,2026-08-05,1700.0,-0.3926,0,2026-08-07,1693.5,-0.7734,0.0,2026-08-11,1668.199951171875,-2.2558,0.0,2026-08-18,1682.4000244140625,-1.4238,0.0,1,0,0,0,0,1,-0.3926,1,0.0,0.0,0.0,0.0,1.0,-0.7734,1.0,0.0,0.0,0.0,0.0,1.0,-2.2558,1.0,0.0,0.0,0.0,0.0,1.0,-1.4238,1.0,75-80,75-80
ANGELONE.NS|2026-08-04|ensemble_lr0.20_rf0.30_xgb0.50,ANGELONE.NS,2026-08-04,ensemble_lr0.20_rf0.30_xgb0.50,2025-08-05,2026-08-04,2026-08-03,2025-09-03,2026-08-03,2026-08-04,229,2026-08-04,False,0,0.5652173913043478,0.24423683232257254,0.38,0.3293408155441284,0.3275177742365787,0,67.25,0.3275177742365787,0,67.25,SELL,0.329,-0.3421,High Volatility,-0.5,0.0,unavailable_no_point_in_time_source,True,300.35,300.3500061035156,2026-08-05,299.20001220703125,-0.3829,0,2026-08-07,292.0,-2.7801,0.0,2026-08-11,291.3999938964844,-2.9799,0.0,2026-08-18,291.75,-2.8633,0.0,0,1,1,1,1,1,-0.3829,1,1.0,1.0,1.0,1.0,1.0,-2.7801,1.0,1.0,1.0,1.0,1.0,1.0,-2.9799,1.0,1.0,1.0,1.0,1.0,1.0,-2.8633,1.0,65-70,65-70
APOLLOTYRE.NS|2026-08-04|ensemble_lr0.20_rf0.30_xgb0.50,APOLLOTYRE.NS,2026-08-04,ensemble_lr0.20_rf0.30_xgb0.50,2025-08-05,2026-08-04,2026-08-03,2025-09-03,2026-08-03,2026-08-04,229,2026-08-04,False,0,0.44202898550724634,0.46590809901896973,0.7,0.20816834270954132,0.4072657911585646,0,59.27,0.4072657911585646,0,59.27,HOLD,0.5493,0.0985,Sideways,0.5,0.0,unavailable_no_point_in_time_source,True,438.35,438.3500061035156,2026-08-05,444.8999938964844,1.4942,1,2026-08-07,445.0,1.5171,1.0,2026-08-11,443.0,1.0608,1.0,2026-08-18,436.0,-0.5361,0.0,1,0,0,0,1,1,1.4942,1,0.0,0.0,0.0,1.0,1.0,1.5171,1.0,0.0,0.0,0.0,1.0,1.0,1.0608,1.0,1.0,1.0,1.0,0.0,1.0,-0.5361,1.0,55-60,55-60
ASHOKLEY.NS|2026-08-04|ensemble_lr0.20_rf0.30_xgb0.50,ASHOKLEY.NS,2026-08-04,ensemble_lr0.20_rf0.30_xgb0.50,2025-08-05,2026-08-04,2026-08-03,2025-09-03,2026-08-03,2026-08-04,229,2026-08-04,False,1,0.4855072463768116,0.465958526666606,0.32,0.3943048119544983,0.38634411131057034,0,61.37,0.38634411131057034,0,61.37,HOLD,0.5425,0.085,Sideways,0.67,0.0,unavailable_no_point_in_time_source,True,172.08,172.0800018310547,2026-08-05,177.0,2.8591,1,2026-08-07,177.5,3.1497,1.0,2026-08-11,174.8300018310547,1.5981,1.0,2026-08-18,176.35000610351562,2.4814,1.0,0,0,0,1,0,1,2.8591,1,0.0,0.0,1.0,0.0,0.0,3.1497,0.0,0.0,0.0,1.0,0.0,1.0,1.5981,1.0,0.0,0.0,1.0,0.0,1.0,2.4814,1.0,60-65,60-65
ASIANPAINT.NS|2026-08-04|ensemble_lr0.20_rf0.30_xgb0.50,ASIANPAINT.NS,2026-08-04,ensemble_lr0.20_rf0.30_xgb0.50,2025-08-05,2026-08-04,2026-08-03,2025-09-03,2026-08-03,2026-08-04,229,2026-08-04,False,1,0.4275362318840579,0.4104963357786237,0.4,0.3816853165626526,0.39294192543705103,0,60.71,0.39294192543705103,0,60.71,HOLD,0.5675,0.135,Sideways,1.0,0.0,unavailable_no_point_in_time_source,True,2775.0,2775.0,2026-08-05,2760.0,-0.5405,0,2026-08-07,2735.0,-1.4414,0.0,2026-08-11,2735.5,-1.4234,0.0,2026-08-18,2628.39990234375,-5.2829,0.0,0,1,1,0,1,1,-0.5405,1,1.0,1.0,0.0,1.0,1.0,-1.4414,1.0,1.0,1.0,0.0,1.0,1.0,-1.4234,1.0,1.0,1.0,0.0,1.0,0.0,-5.2829,0.0,60-65,60-65
ASTRAL.NS|2026-08-04|ensemble_lr0.20_rf0.30_xgb0.50,ASTRAL.NS,2026-08-04,ensemble_lr0.20_rf0.30_xgb0.50,2025-08-05,2026-08-04,2026-08-03,2025-09-03,2026-08-03,2026-08-04,229,2026-08-04,False,0,0.5869565217391304,0.8253144086881703,0.52,0.7844409346580505,0.7132833490666594,1,71.33,0.7132833490666594,1,71.33,HOLD,0.5436,0.0872,Sideways,-0.335,0.0,unavailable_no_point_in_time_source,True,1445.73,1445.7261962890625,2026-08-05,1432.447021484375,-0.9185,0,2026-08-07,1441.732421875,-0.2762,0.0,2026-08-11,1422.6624755859375,-1.5953,0.0,2026-08-18,1520.0,5.1375,1.0,1,0,0,1,0,1,-0.9188,1,0.0,0.0,1.0,0.0,1.0,-0.2765,1.0,0.0,0.0,1.0,0.0,1.0,-1.5956,1.0,1.0,1.0,0.0,1.0,0.0,5.1372,0.0,70-75,70-75
AXISBANK.NS|2026-08-04|ensemble_lr0.20_rf0.30_xgb0.50,AXISBANK.NS,2026-08-04,ensemble_lr0.20_rf0.30_xgb0.50,2025-08-05,2026-08-04,2026-08-03,2025-09-03,2026-08-03,2026-08-04,229,2026-08-04,False,1,0.5217391304347826,0.7963676692492827,0.6,0.7803377509117126,0.7294424093057128,1,72.94,0.7294424093057128,1,72.94,HOLD,0.513,0.0261,Bearish,0.0,0.0,unavailable_no_point_in_time_source,True,1261.8,1261.800048828125,2026-08-05,1253.9000244140625,-0.6261,0,2026-08-07,1238.0,-1.8862,0.0,2026-08-11,1229.800048828125,-2.5361,0.0,2026-08-18,1243.0,-1.4899,0.0,0,0,0,0,1,1,-0.6261,1,0.0,0.0,0.0,1.0,1.0,-1.8862,1.0,0.0,0.0,0.0,1.0,1.0,-2.5361,1.0,0.0,0.0,0.0,1.0,1.0,-1.4899,1.0,70-75,70-75
BEL.NS|2026-08-04|ensemble_lr0.20_rf0.30_xgb0.50,BEL.NS,2026-08-04,ensemble_lr0.20_rf0.30_xgb0.50,2025-08-05,2026-08-04,2026-08-03,2025-09-03,2026-08-03,2026-08-04,229,2026-08-04,False,0,0.4855072463768116,0.4619601054232731,0.4,0.39993613958358765,0.4123600908764484,0,58.76,0.4123600908764484,0,58.76,SELL,0.3619,-0.2761,Sideways,-0.5,0.0,unavailable_no_point_in_time_source,True,390.97,390.96923828125,2026-08-05,389.4712829589844,-0.3831,0,2026-08-07,400.45635986328125,2.4266,1.0,2026-08-11,405.2998046875,3.6654,1.0,2026-08-18,412.0,5.3791,1.0,0,1,1,1,1,1,-0.3833,1,0.0,0.0,0.0,0.0,0.0,2.4264,0.0,0.0,0.0,0.0,0.0,0.0,3.6652,0.0,0.0,0.0,0.0,0.0,0.0,5.3789,0.0,55-60,55-60
BPCL.NS|2026-08-04|ensemble_lr0.20_rf0.30_xgb0.50,BPCL.NS,2026-08-04,ensemble_lr0.20_rf0.30_xgb0.50,2025-08-05,2026-08-04,2026-08-03,2025-09-03,2026-08-03,2026-08-04,229,2026-08-04,False,0,0.4492753623188406,0.5931024828638893,0.28,0.28697168827056885,0.3461063407080623,0,65.39,0.3461063407080623,0,65.39,HOLD,0.5134,0.0267,Sideways,0.5,0.0,unavailable_no_point_in_time_source,True,324.0,324.0,2026-08-05,326.25,0.6944,1,2026-08-07,321.0,-0.9259,0.0,2026-08-11,317.79998779296875,-1.9136,0.0,2026-08-18,310.29998779296875,-4.2284,0.0,0,0,0,0,0,1,0.6944,1,1.0,1.0,1.0,1.0,1.0,-0.9259,1.0,1.0,1.0,1.0,1.0,1.0,-1.9136,1.0,1.0,1.0,1.0,1.0,0.0,-4.2284,0.0,65-70,65-70
AARTIIND.NS|2026-08-11|ensemble_lr0.20_rf0.30_xgb0.50,AARTIIND.NS,2026-08-11,ensemble_lr0.20_rf0.30_xgb0.50,2025-08-12,2026-08-11,2026-08-10,2025-09-10,2026-08-10,2026-08-11,229,2026-08-11,False,0,0.49275362318840576,0.3925537905394892,0.4,0.30828210711479187,0.3526518116652938,0,64.73,0.3526518116652938,0,64.73,HOLD,0.5661,0.1322,Sideways,1.0,0.0,unavailable_no_point_in_time_source,True,504.3,504.2975158691406,2026-08-12,529.8467407226562,5.0663,1,2026-08-14,533.0403442382812,5.6996,1.0,2026-08-18,529.0482788085938,4.908,1.0,2026-08-25,537.8308715820312,6.6495,1.0,1,0,0,0,1,0,5.0658,0,0.0,0.0,0.0,1.0,0.0,5.6991,0.0,0.0,0.0,0.0,1.0,0.0,4.9075,0.0,0.0,0.0,0.0,1.0,0.0,6.649,0.0,60-65,60-65
ABCAPITAL.NS|2026-08-11|ensemble_lr0.20_rf0.30_xgb0.50,ABCAPITAL.NS,2026-08-11,ensemble_lr0.20_rf0.30_xgb0.50,2025-08-12,2026-08-11,2026-08-10,2025-09-10,2026-08-10,2026-08-11,229,2026-08-11,False,0,0.572463768115942,0.4710442407055929,0.26,0.5134688019752502,0.4289432491287437,0,57.11,0.4289432491287437,0,57.11,HOLD,0.49,-0.02,Sideways,0.5,0.0,unavailable_no_point_in_time_source,True,407.15,407.1499938964844,2026-08-12,410.95001220703125,0.9333,1,2026-08-14,401.0,-1.5105,0.0,2026-08-18,402.0,-1.2649,0.0,2026-08-25,410.8500061035156,0.9088,1.0,0,0,0,0,0,1,0.9333,1,1.0,1.0,1.0,1.0,1.0,-1.5105,1.0,1.0,1.0,1.0,1.0,1.0,-1.2649,1.0,0.0,0.0,0.0,0.0,1.0,0.9088,1.0,55-60,55-60
ABFRL.NS|2026-08-11|ensemble_lr0.20_rf0.30_xgb0.50,ABFRL.NS,2026-08-11,ensemble_lr0.20_rf0.30_xgb0.50,2025-08-12,2026-08-11,2026-08-10,2025-09-10,2026-08-10,2026-08-11,229,2026-08-11,False,0,0.4855072463768116,0.5126370175068646,0.42,0.6733250617980957,0.5651899344004208,1,56.52,0.5651899344004208,1,56.52,HOLD,0.5634,0.1268,High Volatility,0.165,0.0,unavailable_no_point_in_time_source,True,58.63,58.630001068115234,2026-08-12,57.15999984741211,-2.5073,0,2026-08-14,55.97999954223633,-4.5199,0.0,2026-08-18,54.970001220703125,-6.2425,0.0,2026-08-25,54.47999954223633,-7.0783,0.0,0,0,0,1,1,1,-2.5072,1,0.0,0.0,1.0,1.0,0.0,-4.5199,0.0,0.0,0.0,1.0,1.0,0.0,-6.2425,0.0,0.0,0.0,1.0,1.0,0.0,-7.0783,0.0,55-60,55-60
ADANIENT.NS|2026-08-11|ensemble_lr0.20_rf0.30_xgb0.50,ADANIENT.NS,2026-08-11,ensemble_lr0.20_rf0.30_xgb0.50,2025-08-12,2026-08-11,2026-08-10,2025-09-10,2026-08-10,2026-08-11,229,2026-08-11,False,0,0.5579710144927535,0.3776311009643593,0.14,0.0865195244550705,0.16078598242040712,0,83.92,0.16078598242040712,0,83.92,HOLD,0.4806,-0.0387,Sideways,0.5,0.0,unavailable_no_point_in_time_source,True,2995.5,2995.5,2026-08-12,2985.699951171875,-0.3272,0,2026-08-14,3035.10009765625,1.322,1.0,2026-08-18,3002.5,0.2337,1.0,2026-08-25,3110.0,3.8224,1.0,0,1,1,1,1,1,-0.3272,1,0.0,0.0,0.0,0.0,1.0,1.322,1.0,0.0,0.0,0.0,0.0,1.0,0.2337,1.0,0.0,0.0,0.0,0.0,0.0,3.8224,0.0,80-85,80-85
ADANIPORTS.NS|2026-08-11|ensemble_lr0.20_rf0.30_xgb0.50,ADANIPORTS.NS,2026-08-11,ensemble_lr0.20_rf0.30_xgb0.50,2025-08-12,2026-08-11,2026-08-10,2025-09-10,2026-08-10,2026-08-11,229,2026-08-11,False,0,0.5507246376811594,0.36841190956642467,0.24,0.24069149792194366,0.26602813087425675,0,73.4,0.26602813087425675,0,73.4,SELL,0.3203,-0.3594,Bearish,-0.5,0.0,unavailable_no_point_in_time_source,True,1668.2,1668.199951171875,2026-08-12,1665.0,-0.1918,0,2026-08-14,1700.0,1.9062,1.0,2026-08-18,1682.4000244140625,0.8512,1.0,2026-08-25,1702.699951171875,2.0681,1.0,0,1,1,1,1,1,-0.1918,1,0.0,0.0,0.0,0.0,0.0,1.9062,0.0,0.0,0.0,0.0,0.0,0.0,0.8512,0.0,0.0,0.0,0.0,0.0,0.0,2.0681,0.0,70-75,70-75
APOLLOTYRE.NS|2026-08-11|ensemble_lr0.20_rf0.30_xgb0.50,APOLLOTYRE.NS,2026-08-11,ensemble_lr0.20_rf0.30_xgb0.50,2025-08-12,2026-08-11,2026-08-10,2025-09-10,2026-08-10,2026-08-11,229,2026-08-11,False,0,0.4275362318840579,0.5217636782123694,0.42,0.3597458302974701,0.41022565079120893,0,58.98,0.41022565079120893,0,58.98,HOLD,0.5132,0.0265,Sideways,0.335,0.0,unavailable_no_point_in_time_source,True,443.0,443.0,2026-08-12,445.1499938964844,0.4853,1,2026-08-14,444.1000061035156,0.2483,1.0,2026-08-18,436.0,-1.5801,0.0,2026-08-25,441.3999938964844,-0.3612,0.0,0,0,0,0,0,1,0.4853,1,0.0,0.0,0.0,0.0,1.0,0.2483,1.0,1.0,1.0,1.0,1.0,1.0,-1.5801,1.0,1.0,1.0,1.0,1.0,1.0,-0.3612,1.0,55-60,55-60
ASHOKLEY.NS|2026-08-11|ensemble_lr0.20_rf0.30_xgb0.50,ASHOKLEY.NS,2026-08-11,ensemble_lr0.20_rf0.30_xgb0.50,2025-08-12,2026-08-11,2026-08-10,2025-09-10,2026-08-10,2026-08-11,229,2026-08-11,False,1,0.4492753623188406,0.3865474152422477,0.5,0.2951965630054474,0.37490776455117325,0,62.51,0.37490776455117325,0,62.51,BUY,0.6345,0.269,Bullish,0.835,0.0,unavailable_no_point_in_time_source,True,174.83,174.8300018310547,2026-08-12,176.6999969482422,1.0696,1,2026-08-14,171.63999938964844,-1.8246,0.0,2026-08-18,176.35000610351562,0.8694,1.0,2026-08-25,174.69000244140625,-0.0801,0.0,1,0,0,1,1,1,1.0696,1,1.0,1.0,0.0,0.0,0.0,-1.8246,0.0,0.0,0.0,1.0,1.0,1.0,0.8694,1.0,1.0,1.0,0.0,0.0,0.0,-0.0801,0.0,60-65,60-65
AUBANK.NS|2026-08-11|ensemble_lr0.20_rf0.30_xgb0.50,AUBANK.NS,2026-08-11,ensemble_lr0.20_rf0.30_xgb0.50,2025-08-12,2026-08-11,2026-08-10,2025-09-10,2026-08-10,2026-08-11,229,2026-08-11,False,1,0.48550724637681153,0.5771154297788657,0.74,0.8269702792167664,0.7509082255641564,1,75.09,0.7509082255641564,1,75.09,STRONG BUY,0.7227,0.4453,Bullish,0.835,0.0,unavailable_no_point_in_time_source,True,1070.9,1070.9000244140625,2026-08-12,1091.4000244140625,1.9143,1,2026-08-14,1081.9000244140625,1.0272,1.0,2026-08-18,1075.699951171875,0.4482,1.0,2026-08-25,1128.5999755859375,5.388,1.0,1,1,1,1,1,1,1.9143,1,1.0,1.0,1.0,1.0,1.0,1.0272,1.0,1.0,1.0,1.0,1.0,1.0,0.4482,1.0,1.0,1.0,1.0,1.0,1.0,5.388,1.0,75-80,75-80
AXISBANK.NS|2026-08-11|ensemble_lr0.20_rf0.30_xgb0.50,AXISBANK.NS,2026-08-11,ensemble_lr0.20_rf0.30_xgb0.50,2025-08-12,2026-08-11,2026-08-10,2025-09-10,2026-08-10,2026-08-11,229,2026-08-11,False,1,0.5217391304347826,0.7952255156246029,0.74,0.572695255279541,0.6673927307646911,1,66.74,0.6673927307646911,1,66.74,HOLD,0.4735,-0.053,Bearish,-0.165,0.0,unavailable_no_point_in_time_source,True,1229.8,1229.800048828125,2026-08-12,1230.0,0.0163,1,2026-08-14,1217.4000244140625,-1.0083,0.0,2026-08-18,1243.0,1.0733,1.0,2026-08-25,1235.0,0.4228,1.0,0,1,1,1,0,1,0.0163,1,0.0,0.0,0.0,1.0,1.0,-1.0083,1.0,1.0,1.0,1.0,0.0,1.0,1.0733,1.0,1.0,1.0,1.0,0.0,1.0,0.4228,1.0,65-70,65-70
BAJAJFINSV.NS|2026-08-11|ensemble_lr0.20_rf0.30_xgb0.50,BAJAJFINSV.NS,2026-08-11,ensemble_lr0.20_rf0.30_xgb0.50,2025-08-12,2026-08-11,2026-08-10,2025-09-10,2026-08-10,2026-08-11,229,2026-08-11,False,0,0.4855072463768116,0.49852354212042227,0.48,0.383044958114624,0.43522718748139644,0,56.48,0.43522718748139644,0,56.48,BUY,0.6594,0.3187,Bullish,0.835,0.0,unavailable_no_point_in_time_source,True,2032.0,2032.0,2026-08-12,2020.5,-0.5659,0,2026-08-14,2008.300048828125,-1.1663,0.0,2026-08-18,2011.199951171875,-1.0236,0.0,2026-08-25,2004.0,-1.378,0.0,1,1,1,1,0,0,-0.5659,0,1.0,1.0,1.0,0.0,0.0,-1.1663,0.0,1.0,1.0,1.0,0.0,0.0,-1.0236,0.0,1.0,1.0,1.0,0.0,0.0,-1.378,0.0,55-60,55-60
BEL.NS|2026-08-11|ensemble_lr0.20_rf0.30_xgb0.50,BEL.NS,2026-08-11,ensemble_lr0.20_rf0.30_xgb0.50,2025-08-12,2026-08-11,2026-08-10,2025-09-10,2026-08-10,2026-08-11,229,2026-08-11,False,0,0.5072463768115942,0.34371973698757435,0.6,0.7123997807502747,0.6049438377726521,1,60.49,0.6049438377726521,1,60.49,HOLD,0.5549,0.1098,Sideways,0.0,0.0,unavailable_no_point_in_time_source,True,405.3,405.2998046875,2026-08-12,405.1499938964844,-0.037,0,2026-08-14,410.79998779296875,1.3571,1.0,2026-08-18,412.0,1.6531,1.0,2026-08-25,413.25,1.9616,1.0,1,0,0,1,0,1,-0.037,1,1.0,1.0,0.0,1.0,1.0,1.357,1.0,1.0,1.0,0.0,1.0,1.0,1.6531,1.0,1.0,1.0,0.0,1.0,1.0,1.9615,1.0,60-65,60-65
BPCL.NS|2026-08-11|ensemble_lr0.20_rf0.30_xgb0.50,BPCL.NS,2026-08-11,ensemble_lr0.20_rf0.30_xgb0.50,2025-08-12,2026-08-11,2026-08-10,2025-09-10,2026-08-10,2026-08-11,229,2026-08-11,False,0,0.43478260869565216,0.5859185344294485,0.58,0.7233273386955261,0.6528473762336527,1,65.28,0.6528473762336527,1,65.28,HOLD,0.5765,0.1529,Sideways,0.165,0.0,unavailable_no_point_in_time_source,True,317.8,317.79998779296875,2026-08-12,317.0,-0.2517,0,2026-08-14,319.45001220703125,0.5192,1.0,2026-08-18,310.29998779296875,-2.36,0.0,2026-08-25,318.1000061035156,0.0944,1.0,0,0,0,1,1,1,-0.2517,1,1.0,1.0,0.0,0.0,1.0,0.5192,1.0,0.0,0.0,1.0,1.0,1.0,-2.36,1.0,1.0,1.0,0.0,0.0,1.0,0.0944,1.0,65-70,65-70
AARTIIND.NS|2026-08-18|ensemble_lr0.20_rf0.30_xgb0.50,AARTIIND.NS,2026-08-18,ensemble_lr0.20_rf0.30_xgb0.50,2025-08-19,2026-08-18,2026-08-17,2025-09-16,2026-08-17,2026-08-18,230,2026-08-18,False,0,0.463768115942029,0.3612217456301659,0.5,0.2874644100666046,0.3659765541593355,0,63.4,0.3659765541593355,0,63.4,HOLD,0.5616,0.1231,High Volatility,1.0,0.0,unavailable_no_point_in_time_source,True,529.05,529.0482788085938,2026-08-19,526.0043334960938,-0.5754,0,2026-08-21,526.154052734375,-0.5471,0.0,2026-08-25,537.8308715820312,1.6601,1.0,2026-09-01,523.8087158203125,-0.9904,0.0,1,1,1,1,0,1,-0.5757,1,1.0,1.0,1.0,0.0,1.0,-0.5474,1.0,0.0,0.0,0.0,1.0,1.0,1.6597,1.0,1.0,1.0,1.0,0.0,1.0,-0.9907,1.0,60-65,60-65
ABCAPITAL.NS|2026-08-18|ensemble_lr0.20_rf0.30_xgb0.50,ABCAPITAL.NS,2026-08-18,ensemble_lr0.20_rf0.30_xgb0.50,2025-08-19,2026-08-18,2026-08-17,2025-09-16,2026-08-17,2026-08-18,230,2026-08-18,False,0,0.5797101449275363,0.3493307510142969,0.48,0.1228359267115593,0.275284113558639,0,72.47,0.275284113558639,0,72.47,HOLD,0.4884,-0.0232,Sideways,0.5,0.0,unavailable_no_point_in_time_source,True,402.0,402.0,2026-08-19,396.0,-1.4925,0,2026-08-21,413.0,2.7363,1.0,2026-08-25,410.8500061035156,2.2015,1.0,2026-09-01,394.45001220703125,-1.8781,0.0,1,1,1,1,0,1,-1.4925,1,0.0,0.0,0.0,1.0,1.0,2.7363,1.0,0.0,0.0,0.0,1.0,1.0,2.2015,1.0,1.0,1.0,1.0,0.0,1.0,-1.8781,1.0,70-75,70-75
ADANIENT.NS|2026-08-18|ensemble_lr0.20_rf0.30_xgb0.50,ADANIENT.NS,2026-08-18,ensemble_lr0.20_rf0.30_xgb0.50,2025-08-19,2026-08-18,2026-08-17,2025-09-16,2026-08-17,2026-08-18,230,2026-08-18,False,0,0.6594202898550725,0.2285194950403128,0.08,0.09831619262695312,0.11886199532153913,0,88.11,0.11886199532153913,0,88.11,HOLD,0.4528,-0.0944,Sideways,0.165,0.0,unavailable_no_point_in_time_source,True,3002.5,3002.5,2026-08-19,2990.300048828125,-0.4063,0,2026-08-21,2997.0,-0.1832,0.0,2026-08-25,3110.0,3.5803,1.0,2026-09-01,2863.89990234375,-4.6162,0.0,0,1,1,1,1,1,-0.4063,1,1.0,1.0,1.0,1.0,1.0,-0.1832,1.0,0.0,0.0,0.0,0.0,0.0,3.5803,0.0,1.0,1.0,1.0,1.0,0.0,-4.6162,0.0,85-90,85-90
ADANIPORTS.NS|2026-08-18|ensemble_lr0.20_rf0.30_xgb0.50,ADANIPORTS.NS,2026-08-18,ensemble_lr0.20_rf0.30_xgb0.50,2025-08-19,2026-08-18,2026-08-17,2025-09-16,2026-08-17,2026-08-18,230,2026-08-18,False,0,0.5652173913043478,0.16112270094480552,0.18,0.1744387000799179,0.17344389022892007,0,82.66,0.17344389022892007,0,82.66,SELL,0.3642,-0.2716,Bearish,-0.165,0.0,unavailable_no_point_in_time_source,True,1682.4,1682.4000244140625,2026-08-19,1681.9000244140625,-0.0297,0,2026-08-21,1700.0,1.0461,1.0,2026-08-25,1702.699951171875,1.2066,1.0,2026-09-01,1647.5,-2.0744,0.0,0,1,1,1,1,1,-0.0297,1,0.0,0.0,0.0,0.0,0.0,1.0461,0.0,0.0,0.0,0.0,0.0,0.0,1.2066,0.0,1.0,1.0,1.0,1.0,1.0,-2.0744,1.0,80-85,80-85
APOLLOTYRE.NS|2026-08-18|ensemble_lr0.20_rf0.30_xgb0.50,APOLLOTYRE.NS,2026-08-18,ensemble_lr0.20_rf0.30_xgb0.50,2025-08-19,2026-08-18,2026-08-17,2025-09-16,2026-08-17,2026-08-18,230,2026-08-18,False,0,0.4710144927536232,0.6257831037234686,0.26,0.38375604152679443,0.3950346415080909,0,60.5,0.3950346415080909,0,60.5,HOLD,0.4313,-0.1373,Sideways,0.0,0.0,unavailable_no_point_in_time_source,True,436.0,436.0,2026-08-19,427.3500061035156,-1.9839,0,2026-08-21,439.70001220703125,0.8486,1.0,2026-08-25,441.3999938964844,1.2385,1.0,2026-09-01,442.70001220703125,1.5367,1.0,0,1,1,1,1,1,-1.9839,1,0.0,0.0,0.0,0.0,1.0,0.8486,1.0,0.0,0.0,0.0,0.0,1.0,1.2385,1.0,0.0,0.0,0.0,0.0,1.0,1.5367,1.0,60-65,60-65
ASHOKLEY.NS|2026-08-18|ensemble_lr0.20_rf0.30_xgb0.50,ASHOKLEY.NS,2026-08-18,ensemble_lr0.20_rf0.30_xgb0.50,2025-08-19,2026-08-18,2026-08-17,2025-09-16,2026-08-17,2026-08-18,230,2026-08-18,False,1,0.45652173913043476,0.27893497292474406,0.36,0.45081254839897156,0.3891932687844346,0,61.08,0.3891932687844346,0,61.08,BUY,0.645,0.29,Bullish,0.835,0.0,unavailable_no_point_in_time_source,True,176.35,176.35000610351562,2026-08-19,173.10000610351562,-1.8429,0,2026-08-21,173.0,-1.8996,0.0,2026-08-25,174.69000244140625,-0.9413,0.0,2026-09-01,170.52999877929688,-3.3003,0.0,0,1,1,0,1,0,-1.8429,0,1.0,1.0,0.0,1.0,0.0,-1.8996,0.0,1.0,1.0,0.0,1.0,0.0,-0.9413,0.0,1.0,1.0,0.0,1.0,0.0,-3.3003,0.0,60-65,60-65
ASIANPAINT.NS|2026-08-18|ensemble_lr0.20_rf0.30_xgb0.50,ASIANPAINT.NS,2026-08-18,ensemble_lr0.20_rf0.30_xgb0.50,2025-08-19,2026-08-18,2026-08-17,2025-09-16,2026-08-17,2026-08-18,230,2026-08-18,False,0,0.5072463768115942,0.5669943100066884,0.36,0.25155720114707947,0.3471774625748774,0,65.28,0.3471774625748774,0,65.28,HOLD,0.4737,-0.0527,Sideways,0.17,0.0,unavailable_no_point_in_time_source,True,2628.4,2628.39990234375,2026-08-19,2630.800048828125,0.0913,1,2026-08-21,2640.0,0.4413,1.0,2026-08-25,2639.800048828125,0.4337,1.0,2026-09-01,2575.5,-2.0126,0.0,0,0,0,0,0,1,0.0913,1,0.0,0.0,0.0,0.0,1.0,0.4413,1.0,0.0,0.0,0.0,0.0,1.0,0.4337,1.0,1.0,1.0,1.0,1.0,1.0,-2.0126,1.0,65-70,65-70
ASTRAL.NS|2026-08-18|ensemble_lr0.20_rf0.30_xgb0.50,ASTRAL.NS,2026-08-18,ensemble_lr0.20_rf0.30_xgb0.50,2025-08-19,2026-08-18,2026-08-17,2025-09-16,2026-08-17,2026-08-18,230,2026-08-18,False,0,0.5942028985507246,0.21805522468147812,0.2,0.07006172835826874,0.13864190911543,0,86.14,0.13864190911543,0,86.14,HOLD,0.5534,0.1067,Bullish,0.33,0.0,unavailable_no_point_in_time_source,True,1520.0,1520.0,2026-08-19,1544.9000244140625,1.6382,1,2026-08-21,1528.5,0.5592,1.0,2026-08-25,1540.0,1.3158,1.0,2026-09-01,1507.0,-0.8553,0.0,0,0,0,0,0,1,1.6382,1,0.0,0.0,0.0,0.0,1.0,0.5592,1.0,0.0,0.0,0.0,0.0,1.0,1.3158,1.0,1.0,1.0,1.0,1.0,1.0,-0.8553,1.0,85-90,85-90
AXISBANK.NS|2026-08-18|ensemble_lr0.20_rf0.30_xgb0.50,AXISBANK.NS,2026-08-18,ensemble_lr0.20_rf0.30_xgb0.50,2025-08-19,2026-08-18,2026-08-17,2025-09-16,2026-08-17,2026-08-18,230,2026-08-18,False,1,0.5072463768115942,0.7472872664655266,0.74,0.9128229022026062,0.8278689043944084,1,82.79,0.8278689043944084,1,82.79,HOLD,0.5027,0.0055,Bearish,0.0,0.0,unavailable_no_point_in_time_source,True,1243.0,1243.0,2026-08-19,1235.0,-0.6436,0,2026-08-21,1245.800048828125,0.2253,1.0,2026-08-25,1235.0,-0.6436,0.0,2026-09-01,1258.0,1.2068,1.0,1,0,0,0,0,1,-0.6436,1,1.0,1.0,1.0,1.0,1.0,0.2253,1.0,0.0,0.0,0.0,0.0,1.0,-0.6436,1.0,1.0,1.0,1.0,1.0,1.0,1.2068,1.0,80-85,80-85
BAJAJFINSV.NS|2026-08-18|ensemble_lr0.20_rf0.30_xgb0.50,BAJAJFINSV.NS,2026-08-18,ensemble_lr0.20_rf0.30_xgb0.50,2025-08-19,2026-08-18,2026-08-17,2025-09-16,2026-08-17,2026-08-18,230,2026-08-18,False,0,0.536231884057971,0.5110250758019173,0.48,0.7741901874542236,0.6333001088874952,1,63.33,0.6333001088874952,1,63.33,BUY,0.6535,0.3071,Bullish,0.335,0.0,unavailable_no_point_in_time_source,True,2011.2,2011.199951171875,2026-08-19,2012.0,0.0398,1,2026-08-21,2032.5,1.0591,1.0,2026-08-25,2004.0,-0.358,0.0,2026-09-01,1972.0,-1.9491,0.0,1,1,1,0,1,1,0.0398,1,1.0,1.0,0.0,1.0,1.0,1.0591,1.0,0.0,0.0,1.0,0.0,0.0,-0.358,0.0,0.0,0.0,1.0,0.0,0.0,-1.9491,0.0,60-65,60-65
BAJFINANCE.NS|2026-08-18|ensemble_lr0.20_rf0.30_xgb0.50,BAJFINANCE.NS,2026-08-18,ensemble_lr0.20_rf0.30_xgb0.50,2025-08-19,2026-08-18,2026-08-17,2025-09-16,2026-08-17,2026-08-18,230,2026-08-18,False,1,0.5072463768115942,0.47195967392774985,0.66,0.8209232687950134,0.7028535691830566,1,70.29,0.7028535691830566,1,70.29,BUY,0.6684,0.3367,Bullish,0.5,0.0,unavailable_no_point_in_time_source,True,1094.3,1094.300048828125,2026-08-19,1080.199951171875,-1.2885,0,2026-08-21,1095.0,0.064,1.0,2026-08-25,1087.4000244140625,-0.6305,0.0,2026-09-01,1053.9000244140625,-3.6919,0.0,1,0,0,0,0,0,-1.2885,0,1.0,1.0,1.0,1.0,1.0,0.064,1.0,0.0,0.0,0.0,0.0,0.0,-0.6305,0.0,0.0,0.0,0.0,0.0,0.0,-3.6919,0.0,70-75,70-75
BEL.NS|2026-08-18|ensemble_lr0.20_rf0.30_xgb0.50,BEL.NS,2026-08-18,ensemble_lr0.20_rf0.30_xgb0.50,2025-08-19,2026-08-18,2026-08-17,2025-09-16,2026-08-17,2026-08-18,230,2026-08-18,False,0,0.48550724637681153,0.23887273220991898,0.46,0.3471947908401489,0.3593719418620583,0,64.06,0.3593719418620583,0,64.06,HOLD,0.4387,-0.1226,Sideways,0.165,0.0,unavailable_no_point_in_time_source,True,412.0,412.0,2026-08-19,409.20001220703125,-0.6796,0,2026-08-21,414.0,0.4854,1.0,2026-08-25,413.25,0.3034,1.0,2026-09-01,411.20001220703125,-0.1942,0.0,0,1,1,1,1,1,-0.6796,1,0.0,0.0,0.0,0.0,1.0,0.4854,1.0,0.0,0.0,0.0,0.0,1.0,0.3034,1.0,1.0,1.0,1.0,1.0,1.0,-0.1942,1.0,60-65,60-65
BPCL.NS|2026-08-18|ensemble_lr0.20_rf0.30_xgb0.50,BPCL.NS,2026-08-18,ensemble_lr0.20_rf0.30_xgb0.50,2025-08-19,2026-08-18,2026-08-17,2025-09-16,2026-08-17,2026-08-18,230,2026-08-18,False,0,0.44202898550724634,0.5783375603109341,0.54,0.7330742478370667,0.6442046359807201,1,64.42,0.6442046359807201,1,64.42,BUY,0.5887,0.1773,Sideways,0.165,0.0,unavailable_no_point_in_time_source,True,310.3,310.29998779296875,2026-08-19,307.0,-1.0635,0,2026-08-21,311.0,0.2256,1.0,2026-08-25,318.1000061035156,2.5137,1.0,2026-09-01,317.6499938964844,2.3687,1.0,0,0,0,1,1,0,-1.0635,0,1.0,1.0,0.0,0.0,1.0,0.2256,1.0,1.0,1.0,0.0,0.0,1.0,2.5137,1.0,1.0,1.0,0.0,0.0,1.0,2.3687,1.0,60-65,60-65
ABCAPITAL.NS|2026-08-25|ensemble_lr0.20_rf0.30_xgb0.50,ABCAPITAL.NS,2026-08-25,ensemble_lr0.20_rf0.30_xgb0.50,2025-08-26,2026-08-25,2026-08-24,2025-09-23,2026-08-24,2026-08-25,230,2026-08-25,False,0,0.6231884057971014,0.3203765024663472,0.24,0.4446830749511719,0.3584168379688554,0,64.16,0.3584168379688554,0,64.16,HOLD,0.5063,0.0126,Sideways,0.5,0.0,unavailable_no_point_in_time_source,True,410.85,410.8500061035156,2026-08-26,410.0,-0.2069,0,2026-08-28,405.54998779296875,-1.29,0.0,2026-09-01,394.45001220703125,-3.9917,0.0,2026-09-08,396.95001220703125,-3.3832,0.0,0,1,1,1,1,1,-0.2069,1,1.0,1.0,1.0,1.0,1.0,-1.29,1.0,1.0,1.0,1.0,1.0,0.0,-3.9917,0.0,1.0,1.0,1.0,1.0,0.0,-3.3832,0.0,60-65,60-65
ABFRL.NS|2026-08-25|ensemble_lr0.20_rf0.30_xgb0.50,ABFRL.NS,2026-08-25,ensemble_lr0.20_rf0.30_xgb0.50,2025-08-26,2026-08-25,2026-08-24,2025-09-23,2026-08-24,2026-08-25,230,2026-08-25,False,0,0.41304347826086957,0.5857474543710487,0.56,0.5317334532737732,0.5510162175110964,1,55.1,0.5510162175110964,1,55.1,HOLD,0.4544,-0.0912,High Volatility,-0.665,0.0,unavailable_no_point_in_time_source,True,54.48,54.47999954223633,2026-08-26,54.52000045776367,0.0734,1,2026-08-28,52.4900016784668,-3.6527,0.0,2026-09-01,51.099998474121094,-6.2041,0.0,2026-09-08,52.2400016784668,-4.1116,0.0,1,1,1,0,1,1,0.0734,1,0.0,0.0,1.0,0.0,0.0,-3.6527,0.0,0.0,0.0,1.0,0.0,0.0,-6.2041,0.0,0.0,0.0,1.0,0.0,0.0,-4.1116,0.0,55-60,55-60
ADANIENT.NS|2026-08-25|ensemble_lr0.20_rf0.30_xgb0.50,ADANIENT.NS,2026-08-25,ensemble_lr0.20_rf0.30_xgb0.50,2025-08-26,2026-08-25,2026-08-24,2025-09-23,2026-08-24,2026-08-25,230,2026-08-25,False,0,0.5362318840579711,0.3514437768268028,0.26,0.13481350243091583,0.21569550658081849,0,78.43,0.21569550658081849,0,78.43,HOLD,0.5799,0.1598,Sideways,0.665,0.0,unavailable_no_point_in_time_source,True,3110.0,3110.0,2026-08-26,3112.0,0.0643,1,2026-08-28,3168.5,1.881,1.0,2026-09-01,2863.89990234375,-7.9132,0.0,2026-09-08,2953.10009765625,-5.045,0.0,1,0,0,0,1,1,0.0643,1,0.0,0.0,0.0,1.0,1.0,1.881,1.0,1.0,1.0,1.0,0.0,0.0,-7.9132,0.0,1.0,1.0,1.0,0.0,0.0,-5.045,0.0,75-80,75-80
ADANIPORTS.NS|2026-08-25|ensemble_lr0.20_rf0.30_xgb0.50,ADANIPORTS.NS,2026-08-25,ensemble_lr0.20_rf0.30_xgb0.50,2025-08-26,2026-08-25,2026-08-24,2025-09-23,2026-08-24,2026-08-25,230,2026-08-25,False,0,0.5144927536231884,0.4236898686749552,0.5,0.3215618133544922,0.39551888041223715,0,60.45,0.39551888041223715,0,60.45,SELL,0.3776,-0.2448,Bearish,0.0,0.0,unavailable_no_point_in_time_source,True,1702.7,1702.699951171875,2026-08-26,1691.5,-0.6578,0,2026-08-28,1707.5,0.2819,1.0,2026-09-01,1647.5,-3.2419,0.0,2026-09-08,1710.0,0.4287,1.0,1,1,1,1,0,1,-0.6578,1,0.0,0.0,0.0,1.0,0.0,0.2819,0.0,1.0,1.0,1.0,0.0,1.0,-3.2419,1.0,0.0,0.0,0.0,1.0,0.0,0.4287,0.0,60-65,60-65
ANGELONE.NS|2026-08-25|ensemble_lr0.20_rf0.30_xgb0.50,ANGELONE.NS,2026-08-25,ensemble_lr0.20_rf0.30_xgb0.50,2025-08-26,2026-08-25,2026-08-24,2025-09-23,2026-08-24,2026-08-25,230,2026-08-25,False,0,0.4855072463768116,0.7228690712781011,0.2,0.29278236627578735,0.3509649973935139,0,64.9,0.3509649973935139,0,64.9,HOLD,0.4538,-0.0924,High Volatility,0.0,0.0,unavailable_no_point_in_time_source,True,300.9,300.8999938964844,2026-08-26,298.8500061035156,-0.6813,0,2026-08-28,294.0,-2.2931,0.0,2026-09-01,281.54998779296875,-6.4307,0.0,2026-09-08,298.0,-0.9638,0.0,1,1,1,1,0,1,-0.6813,1,1.0,1.0,1.0,0.0,1.0,-2.2931,1.0,1.0,1.0,1.0,0.0,0.0,-6.4307,0.0,1.0,1.0,1.0,0.0,1.0,-0.9638,1.0,60-65,60-65
APOLLOTYRE.NS|2026-08-25|ensemble_lr0.20_rf0.30_xgb0.50,APOLLOTYRE.NS,2026-08-25,ensemble_lr0.20_rf0.30_xgb0.50,2025-08-26,2026-08-25,2026-08-24,2025-09-23,2026-08-24,2026-08-25,230,2026-08-25,False,0,0.44202898550724634,0.4041100153750895,0.5,0.4354630708694458,0.4485535385097408,0,55.14,0.4485535385097408,0,55.14,HOLD,0.467,-0.0661,Sideways,0.0,0.0,unavailable_no_point_in_time_source,True,441.4,441.3999938964844,2026-08-26,443.04998779296875,0.3738,1,2026-08-28,443.5,0.4758,1.0,2026-09-01,442.70001220703125,0.2945,1.0,2026-09-08,411.5,-6.7739,0.0,0,0,0,0,0,1,0.3738,1,0.0,0.0,0.0,0.0,1.0,0.4758,1.0,0.0,0.0,0.0,0.0,1.0,0.2945,1.0,1.0,1.0,1.0,1.0,0.0,-6.7739,0.0,55-60,55-60
ASIANPAINT.NS|2026-08-25|ensemble_lr0.20_rf0.30_xgb0.50,ASIANPAINT.NS,2026-08-25,ensemble_lr0.20_rf0.30_xgb0.50,2025-08-26,2026-08-25,2026-08-24,2025-09-23,2026-08-24,2026-08-25,230,2026-08-25,False,0,0.463768115942029,0.47388660863592114,0.38,0.20447313785552979,0.3110138906549491,0,68.9,0.3110138906549491,0,68.9,HOLD,0.4295,-0.141,Sideways,-0.335,0.0,unavailable_no_point_in_time_source,True,2639.8,2639.800048828125,2026-08-26,2626.5,-0.5038,0,2026-08-28,2608.699951171875,-1.1781,0.0,2026-09-01,2575.5,-2.4358,0.0,2026-09-08,2481.60009765625,-5.9929,0.0,0,1,1,1,1,1,-0.5038,1,1.0,1.0,1.0,1.0,1.0,-1.1781,1.0,1.0,1.0,1.0,1.0,1.0,-2.4358,1.0,1.0,1.0,1.0,1.0,0.0,-5.9929,0.0,65-70,65-70
AXISBANK.NS|2026-08-25|ensemble_lr0.20_rf0.30_xgb0.50,AXISBANK.NS,2026-08-25,ensemble_lr0.20_rf0.30_xgb0.50,2025-08-26,2026-08-25,2026-08-24,2025-09-23,2026-08-24,2026-08-25,230,2026-08-25,False,0,0.5144927536231884,0.5614784453703908,0.38,0.36318162083625793,0.4078864994922071,0,59.21,0.4078864994922071,0,59.21,SELL,0.4168,-0.1664,Sideways,0.0,0.0,unavailable_no_point_in_time_source,True,1235.0,1235.0,2026-08-26,1255.0,1.6194,1,2026-08-28,1265.0,2.4291,1.0,2026-09-01,1258.0,1.8623,1.0,2026-09-08,1244.9000244140625,0.8016,1.0,0,0,0,0,0,0,1.6194,0,0.0,0.0,0.0,0.0,0.0,2.4291,0.0,0.0,0.0,0.0,0.0,0.0,1.8623,0.0,0.0,0.0,0.0,0.0,0.0,0.8016,0.0,55-60,55-60
BAJAJFINSV.NS|2026-08-25|ensemble_lr0.20_rf0.30_xgb0.50,BAJAJFINSV.NS,2026-08-25,ensemble_lr0.20_rf0.30_xgb0.50,2025-08-26,2026-08-25,2026-08-24,2025-09-23,2026-08-24,2026-08-25,230,2026-08-25,False,0,0.5507246376811593,0.6616048821350512,0.72,0.83536696434021,0.7660044585971152,1,76.6,0.7660044585971152,1,76.6,BUY,0.6454,0.2909,Bullish,0.165,0.0,unavailable_no_point_in_time_source,True,2004.0,2004.0,2026-08-26,2010.0,0.2994,1,2026-08-28,2002.0,-0.0998,0.0,2026-09-01,1972.0,-1.5968,0.0,2026-09-08,1938.0999755859375,-3.2884,0.0,1,1,1,0,1,1,0.2994,1,0.0,0.0,1.0,0.0,0.0,-0.0998,0.0,0.0,0.0,1.0,0.0,0.0,-1.5968,0.0,0.0,0.0,1.0,0.0,0.0,-3.2884,0.0,75-80,75-80
BAJFINANCE.NS|2026-08-25|ensemble_lr0.20_rf0.30_xgb0.50,BAJFINANCE.NS,2026-08-25,ensemble_lr0.20_rf0.30_xgb0.50,2025-08-26,2026-08-25,2026-08-24,2025-09-23,2026-08-24,2026-08-25,230,2026-08-25,False,1,0.5362318840579711,0.437030367150211,0.52,0.4110111594200134,0.4489116531400489,0,55.11,0.4489116531400489,0,55.11,HOLD,0.5045,0.0089,Sideways,0.5,0.0,unavailable_no_point_in_time_source,True,1087.4,1087.4000244140625,2026-08-26,1085.0,-0.2207,0,2026-08-28,1079.9000244140625,-0.6897,0.0,2026-09-01,1053.9000244140625,-3.0807,0.0,2026-09-08,1054.0999755859375,-3.0624,0.0,1,1,1,0,0,1,-0.2207,1,1.0,1.0,0.0,0.0,1.0,-0.6897,1.0,1.0,1.0,0.0,0.0,0.0,-3.0807,0.0,1.0,1.0,0.0,0.0,0.0,-3.0624,0.0,55-60,55-60
BEL.NS|2026-08-25|ensemble_lr0.20_rf0.30_xgb0.50,BEL.NS,2026-08-25,ensemble_lr0.20_rf0.30_xgb0.50,2025-08-26,2026-08-25,2026-08-24,2025-09-23,2026-08-24,2026-08-25,230,2026-08-25,False,0,0.4420289855072464,0.4072284086041043,0.32,0.3250790238380432,0.3399851936398425,0,66.0,0.3399851936398425,0,66.0,HOLD,0.458,-0.0839,Sideways,0.165,0.0,unavailable_no_point_in_time_source,True,413.25,413.25,2026-08-26,406.8999938964844,-1.5366,0,2026-08-28,411.8999938964844,-0.3267,0.0,2026-09-01,411.20001220703125,-0.4961,0.0,2026-09-08,410.54998779296875,-0.6534,0.0,1,1,1,1,0,1,-1.5366,1,1.0,1.0,1.0,0.0,1.0,-0.3267,1.0,1.0,1.0,1.0,0.0,1.0,-0.4961,1.0,1.0,1.0,1.0,0.0,1.0,-0.6534,1.0,65-70,65-70
BPCL.NS|2026-08-25|ensemble_lr0.20_rf0.30_xgb0.50,BPCL.NS,2026-08-25,ensemble_lr0.20_rf0.30_xgb0.50,2025-08-26,2026-08-25,2026-08-24,2025-09-23,2026-08-24,2026-08-25,230,2026-08-25,False,0,0.463768115942029,0.5012831586355754,0.46,0.21149040758609772,0.34400183552016395,0,65.6,0.34400183552016395,0,65.6,HOLD,0.4758,-0.0484,Sideways,0.0,0.0,unavailable_no_point_in_time_source,True,318.1,318.1000061035156,2026-08-26,318.0,-0.0314,0,2026-08-28,319.25,0.3615,1.0,2026-09-01,317.6499938964844,-0.1415,0.0,2026-09-08,303.8500061035156,-4.4797,0.0,1,1,1,1,0,1,-0.0314,1,0.0,0.0,0.0,1.0,1.0,0.3615,1.0,1.0,1.0,1.0,0.0,1.0,-0.1415,1.0,1.0,1.0,1.0,0.0,0.0,-4.4797,0.0,65-70,65-70
AARTIIND.NS|2026-09-01|ensemble_lr0.20_rf0.30_xgb0.50,AARTIIND.NS,2026-09-01,ensemble_lr0.20_rf0.30_xgb0.50,2025-09-02,2026-09-01,2026-08-31,2025-09-29,2026-08-31,2026-09-01,231,2026-09-01,False,0,0.4326241134751773,0.40870408040658546,0.42,0.44432640075683594,0.4299040164597351,0,57.01,0.4299040164597351,0,57.01,HOLD,0.5338,0.0676,High Volatility,0.5,0.0,unavailable_no_point_in_time_source,True,523.81,523.8087158203125,2026-09-02,504.1977233886719,-3.7439,0,2026-09-04,491.07379150390625,-6.2494,0.0,2026-09-08,502.7007141113281,-4.0297,0.0,2026-09-16,472.8500061035156,-9.7285,0.0,1,1,1,1,0,0,-3.7442,0,1.0,1.0,1.0,0.0,0.0,-6.2496,0.0,1.0,1.0,1.0,0.0,0.0,-4.03,0.0,1.0,1.0,1.0,0.0,0.0,-9.7287,0.0,55-60,55-60
ABCAPITAL.NS|2026-09-01|ensemble_lr0.20_rf0.30_xgb0.50,ABCAPITAL.NS,2026-09-01,ensemble_lr0.20_rf0.30_xgb0.50,2025-09-02,2026-09-01,2026-08-31,2025-09-29,2026-08-31,2026-09-01,231,2026-09-01,False,0,0.624113475177305,0.7308776796112505,0.58,0.8357219696044922,0.7380365207244962,1,73.8,0.7380365207244962,1,73.8,HOLD,0.5796,0.1592,Sideways,0.0,0.0,unavailable_no_point_in_time_source,True,394.45,394.45001220703125,2026-09-02,397.04998779296875,0.6591,1,2026-09-04,404.8999938964844,2.6493,1.0,2026-09-08,396.95001220703125,0.6338,1.0,2026-09-16,381.29998779296875,-3.3338,0.0,0,1,1,0,0,1,0.6591,1,1.0,1.0,0.0,0.0,1.0,2.6493,1.0,1.0,1.0,0.0,0.0,1.0,0.6338,1.0,0.0,0.0,1.0,1.0,0.0,-3.3338,0.0,70-75,70-75
ABFRL.NS|2026-09-01|ensemble_lr0.20_rf0.30_xgb0.50,ABFRL.NS,2026-09-01,ensemble_lr0.20_rf0.30_xgb0.50,2025-09-02,2026-09-01,2026-08-31,2025-09-29,2026-08-31,2026-09-01,231,2026-09-01,False,0,0.4326241134751773,0.5390417142129265,0.32,0.8101905584335327,0.6089036220593517,1,60.89,0.6089036220593517,1,60.89,HOLD,0.4351,-0.1299,High Volatility,-1.0,0.0,unavailable_no_point_in_time_source,True,51.1,51.099998474121094,2026-09-02,50.470001220703125,-1.2329,0,2026-09-04,52.970001220703125,3.6595,1.0,2026-09-08,52.2400016784668,2.2309,1.0,2026-09-16,49.7400016784668,-2.6614,0.0,0,0,0,1,1,1,-1.2329,1,1.0,1.0,0.0,0.0,0.0,3.6595,0.0,1.0,1.0,0.0,0.0,1.0,2.2309,1.0,0.0,0.0,1.0,1.0,1.0,-2.6614,1.0,60-65,60-65
ADANIENT.NS|2026-09-01|ensemble_lr0.20_rf0.30_xgb0.50,ADANIENT.NS,2026-09-01,ensemble_lr0.20_rf0.30_xgb0.50,2025-09-02,2026-09-01,2026-08-31,2025-09-29,2026-08-31,2026-09-01,231,2026-09-01,False,0,0.5602836879432624,0.8520297678515316,0.76,0.8925438523292542,0.8446778797349334,1,84.47,0.8446778797349334,1,84.47,HOLD,0.5144,0.0289,Bearish,-0.335,0.0,unavailable_no_point_in_time_source,True,2863.9,2863.89990234375,2026-09-02,2891.800048828125,0.9742,1,2026-09-04,2938.0,2.5874,1.0,2026-09-08,2953.10009765625,3.1146,1.0,2026-09-16,2920.0,1.9589,1.0,1,1,1,0,1,1,0.9742,1,1.0,1.0,0.0,1.0,1.0,2.5874,1.0,1.0,1.0,0.0,1.0,0.0,3.1146,0.0,1.0,1.0,0.0,1.0,1.0,1.9589,1.0,80-85,80-85
ANGELONE.NS|2026-09-01|ensemble_lr0.20_rf0.30_xgb0.50,ANGELONE.NS,2026-09-01,ensemble_lr0.20_rf0.30_xgb0.50,2025-09-02,2026-09-01,2026-08-31,2025-09-29,2026-08-31,2026-09-01,231,2026-09-01,False,0,0.5673758865248227,0.4285351101439474,0.28,0.227821946144104,0.2836179951008415,0,71.64,0.2836179951008415,0,71.64,SELL,0.4181,-0.1639,High Volatility,-0.165,0.0,unavailable_no_point_in_time_source,True,281.55,281.54998779296875,2026-09-02,279.25,-0.8169,0,2026-09-04,299.79998779296875,6.482,1.0,2026-09-08,298.0,5.8427,1.0,2026-09-16,293.5,4.2444,1.0,0,1,1,1,1,1,-0.8169,1,0.0,0.0,0.0,0.0,0.0,6.482,0.0,0.0,0.0,0.0,0.0,0.0,5.8427,0.0,0.0,0.0,0.0,0.0,0.0,4.2444,0.0,70-75,70-75
APOLLOTYRE.NS|2026-09-01|ensemble_lr0.20_rf0.30_xgb0.50,APOLLOTYRE.NS,2026-09-01,ensemble_lr0.20_rf0.30_xgb0.50,2025-09-02,2026-09-01,2026-08-31,2025-09-29,2026-08-31,2026-09-01,231,2026-09-01,False,0,0.39716312056737585,0.7185575329571581,0.62,0.5848151445388794,0.6221190788608713,1,62.21,0.6221190788608713,1,62.21,HOLD,0.578,0.156,Sideways,0.0,0.0,unavailable_no_point_in_time_source,True,442.7,442.70001220703125,2026-09-02,434.1499938964844,-1.9313,0,2026-09-04,429.54998779296875,-2.9704,0.0,2026-09-08,411.5,-7.0477,0.0,2026-09-16,411.95001220703125,-6.946,0.0,1,0,0,1,0,1,-1.9313,1,0.0,0.0,1.0,0.0,1.0,-2.9704,1.0,0.0,0.0,1.0,0.0,0.0,-7.0477,0.0,0.0,0.0,1.0,0.0,0.0,-6.946,0.0,60-65,60-65
ASHOKLEY.NS|2026-09-01|ensemble_lr0.20_rf0.30_xgb0.50,ASHOKLEY.NS,2026-09-01,ensemble_lr0.20_rf0.30_xgb0.50,2025-09-02,2026-09-01,2026-08-31,2025-09-29,2026-08-31,2026-09-01,231,2026-09-01,False,1,0.5035460992907801,0.4560857385153509,0.62,0.7974331974983215,0.6759337464522309,1,67.59,0.6759337464522309,1,67.59,BUY,0.6138,0.2276,Sideways,0.335,0.0,unavailable_no_point_in_time_source,True,170.53,170.52999877929688,2026-09-02,167.89999389648438,-1.5423,0,2026-09-04,169.0,-0.8972,0.0,2026-09-08,169.0,-0.8972,0.0,2026-09-16,156.5,-8.2273,0.0,0,0,0,0,1,0,-1.5423,0,0.0,0.0,0.0,1.0,0.0,-0.8972,0.0,0.0,0.0,0.0,1.0,0.0,-0.8972,0.0,0.0,0.0,0.0,1.0,0.0,-8.2273,0.0,65-70,65-70
ASIANPAINT.NS|2026-09-01|ensemble_lr0.20_rf0.30_xgb0.50,ASIANPAINT.NS,2026-09-01,ensemble_lr0.20_rf0.30_xgb0.50,2025-09-02,2026-09-01,2026-08-31,2025-09-29,2026-08-31,2026-09-01,231,2026-09-01,False,1,0.48936170212765956,0.32116039762372134,0.74,0.8120508790016174,0.692257519025553,1,69.23,0.692257519025553,1,69.23,HOLD,0.4654,-0.0693,Bearish,-0.335,0.0,unavailable_no_point_in_time_source,True,2575.5,2575.5,2026-09-02,2527.5,-1.8637,0,2026-09-04,2527.300048828125,-1.8715,0.0,2026-09-08,2481.60009765625,-3.6459,0.0,2026-09-16,2416.60009765625,-6.1697,0.0,0,0,0,0,1,1,-1.8637,1,0.0,0.0,0.0,1.0,1.0,-1.8715,1.0,0.0,0.0,0.0,1.0,0.0,-3.6459,0.0,0.0,0.0,0.0,1.0,0.0,-6.1697,0.0,65-70,65-70
ASTRAL.NS|2026-09-01|ensemble_lr0.20_rf0.30_xgb0.50,ASTRAL.NS,2026-09-01,ensemble_lr0.20_rf0.30_xgb0.50,2025-09-02,2026-09-01,2026-08-31,2025-09-29,2026-08-31,2026-09-01,231,2026-09-01,False,1,0.5815602836879433,0.6299030591501602,0.52,0.5692369937896729,0.5665991087248685,1,56.66,0.5665991087248685,1,56.66,BUY,0.5835,0.1669,Sideways,0.165,0.0,unavailable_no_point_in_time_source,True,1507.0,1507.0,2026-09-02,1487.0,-1.3271,0,2026-09-04,1492.9000244140625,-0.9356,0.0,2026-09-08,1500.800048828125,-0.4114,0.0,2026-09-16,1382.5,-8.2614,0.0,0,0,0,0,1,0,-1.3271,0,0.0,0.0,0.0,1.0,0.0,-0.9356,0.0,0.0,0.0,0.0,1.0,0.0,-0.4114,0.0,0.0,0.0,0.0,1.0,0.0,-8.2614,0.0,55-60,55-60
AUBANK.NS|2026-09-01|ensemble_lr0.20_rf0.30_xgb0.50,AUBANK.NS,2026-09-01,ensemble_lr0.20_rf0.30_xgb0.50,2025-09-02,2026-09-01,2026-08-31,2025-09-29,2026-08-31,2026-09-01,231,2026-09-01,False,1,0.4609929078014184,0.4897311766868892,0.52,0.719325602054596,0.6136090363646758,1,61.36,0.6136090363646758,1,61.36,BUY,0.5979,0.1957,Sideways,0.335,0.0,unavailable_no_point_in_time_source,True,1079.2,1079.199951171875,2026-09-02,1077.9000244140625,-0.1205,0,2026-09-04,1065.0,-1.3158,0.0,2026-09-08,1073.699951171875,-0.5096,0.0,2026-09-16,1033.199951171875,-4.2624,0.0,0,0,0,0,1,0,-0.1205,0,0.0,0.0,0.0,1.0,0.0,-1.3158,0.0,0.0,0.0,0.0,1.0,0.0,-0.5096,0.0,0.0,0.0,0.0,1.0,0.0,-4.2624,0.0,60-65,60-65
AXISBANK.NS|2026-09-01|ensemble_lr0.20_rf0.30_xgb0.50,AXISBANK.NS,2026-09-01,ensemble_lr0.20_rf0.30_xgb0.50,2025-09-02,2026-09-01,2026-08-31,2025-09-29,2026-08-31,2026-09-01,231,2026-09-01,False,1,0.5460992907801417,0.3998872512617893,0.56,0.8796073794364929,0.6877811399706043,1,68.78,0.6877811399706043,1,68.78,HOLD,0.5628,0.1256,Sideways,0.0,0.0,unavailable_no_point_in_time_source,True,1258.0,1258.0,2026-09-02,1253.9000244140625,-0.3259,0,2026-09-04,1273.0,1.1924,1.0,2026-09-08,1244.9000244140625,-1.0413,0.0,2026-09-16,1241.0,-1.3514,0.0,0,0,0,0,1,1,-0.3259,1,1.0,1.0,1.0,0.0,1.0,1.1924,1.0,0.0,0.0,0.0,1.0,1.0,-1.0413,1.0,0.0,0.0,0.0,1.0,1.0,-1.3514,1.0,65-70,65-70
BAJFINANCE.NS|2026-09-01|ensemble_lr0.20_rf0.30_xgb0.50,BAJFINANCE.NS,2026-09-01,ensemble_lr0.20_rf0.30_xgb0.50,2025-09-02,2026-09-01,2026-08-31,2025-09-29,2026-08-31,2026-09-01,231,2026-09-01,False,0,0.48936170212765956,0.1732826286498256,0.3,0.30720266699790955,0.2782578592289199,0,72.17,0.2782578592289199,0,72.17,HOLD,0.4836,-0.0328,Sideways,0.335,0.0,unavailable_no_point_in_time_source,True,1053.9,1053.9000244140625,2026-09-02,1055.9000244140625,0.1898,1,2026-09-04,1060.5,0.6262,1.0,2026-09-08,1054.0999755859375,0.019,1.0,2026-09-16,1006.2000122070312,-4.526,0.0,0,0,0,0,0,1,0.1898,1,0.0,0.0,0.0,0.0,1.0,0.6262,1.0,0.0,0.0,0.0,0.0,1.0,0.019,1.0,1.0,1.0,1.0,1.0,0.0,-4.526,0.0,70-75,70-75
BEL.NS|2026-09-01|ensemble_lr0.20_rf0.30_xgb0.50,BEL.NS,2026-09-01,ensemble_lr0.20_rf0.30_xgb0.50,2025-09-02,2026-09-01,2026-08-31,2025-09-29,2026-08-31,2026-09-01,231,2026-09-01,False,1,0.4609929078014184,0.4901115703870667,0.48,0.407246470451355,0.44564554930309086,0,55.44,0.44564554930309086,0,55.44,HOLD,0.4567,-0.0866,Sideways,0.165,0.0,unavailable_no_point_in_time_source,True,411.2,411.20001220703125,2026-09-02,405.75,-1.3254,0,2026-09-04,405.3500061035156,-1.4227,0.0,2026-09-08,410.54998779296875,-0.1581,0.0,2026-09-16,385.75,-6.1892,0.0,0,1,1,0,1,1,-1.3254,1,1.0,1.0,0.0,1.0,1.0,-1.4227,1.0,1.0,1.0,0.0,1.0,1.0,-0.1581,1.0,1.0,1.0,0.0,1.0,0.0,-6.1892,0.0,55-60,55-60
BPCL.NS|2026-09-01|ensemble_lr0.20_rf0.30_xgb0.50,BPCL.NS,2026-09-01,ensemble_lr0.20_rf0.30_xgb0.50,2025-09-02,2026-09-01,2026-08-31,2025-09-29,2026-08-31,2026-09-01,231,2026-09-01,False,0,0.4822695035460993,0.7047610288478019,0.42,0.23138843476772308,0.3826464231534219,0,61.74,0.3826464231534219,0,61.74,HOLD,0.5244,0.0488,Sideways,0.33,0.0,unavailable_no_point_in_time_source,True,317.65,317.6499938964844,2026-09-02,319.6000061035156,0.6139,1,2026-09-04,315.70001220703125,-0.6139,0.0,2026-09-08,303.8500061035156,-4.3444,0.0,2026-09-16,303.3500061035156,-4.5018,0.0,0,0,0,0,0,1,0.6139,1,1.0,1.0,1.0,1.0,1.0,-0.6139,1.0,1.0,1.0,1.0,1.0,0.0,-4.3444,0.0,1.0,1.0,1.0,1.0,0.0,-4.5018,0.0,60-65,60-65
AARTIIND.NS|2026-09-08|ensemble_lr0.20_rf0.30_xgb0.50,AARTIIND.NS,2026-09-08,ensemble_lr0.20_rf0.30_xgb0.50,2025-09-09,2026-09-08,2026-09-07,2025-10-07,2026-09-07,2026-09-08,231,2026-09-08,False,0,0.48226950354609927,0.22071259651853228,0.28,0.18149639666080475,0.21889071763410883,0,78.11,0.21889071763410883,0,78.11,HOLD,0.4878,-0.0244,High Volatility,0.335,0.0,unavailable_no_point_in_time_source,True,502.7,502.7007141113281,2026-09-09,495.215576171875,-1.489,0,2026-09-11,492.70001220703125,-1.9894,0.0,2026-09-16,472.8500061035156,-5.9381,0.0,2026-09-23,491.3500061035156,-2.2579,0.0,1,1,1,1,0,1,-1.4888,1,1.0,1.0,1.0,0.0,1.0,-1.9893,1.0,1.0,1.0,1.0,0.0,0.0,-5.9379,0.0,1.0,1.0,1.0,0.0,1.0,-2.2578,1.0,75-80,75-80
ABCAPITAL.NS|2026-09-08|ensemble_lr0.20_rf0.30_xgb0.50,ABCAPITAL.NS,2026-09-08,ensemble_lr0.20_rf0.30_xgb0.50,2025-09-09,2026-09-08,2026-09-07,2025-10-07,2026-09-07,2026-09-08,231,2026-09-08,False,0,0.5886524822695035,0.6473412978144233,0.62,0.6859885454177856,0.6584625322717774,1,65.85,0.6584625322717774,1,65.85,HOLD,0.5768,0.1536,Sideways,0.0,0.0,unavailable_no_point_in_time_source,True,396.95,396.95001220703125,2026-09-09,400.0,0.7684,1,2026-09-11,395.0,-0.4912,0.0,2026-09-16,381.29998779296875,-3.9426,0.0,2026-09-23,402.45001220703125,1.3856,1.0,0,1,1,0,0,1,0.7684,1,0.0,0.0,1.0,1.0,1.0,-0.4912,1.0,0.0,0.0,1.0,1.0,0.0,-3.9426,0.0,1.0,1.0,0.0,0.0,1.0,1.3856,1.0,65-70,65-70
ABFRL.NS|2026-09-08|ensemble_lr0.20_rf0.30_xgb0.50,ABFRL.NS,2026-09-08,ensemble_lr0.20_rf0.30_xgb0.50,2025-09-09,2026-09-08,2026-09-07,2025-10-07,2026-09-07,2026-09-08,231,2026-09-08,False,0,0.4326241134751773,0.8154278035804936,0.64,0.9306170344352722,0.8203940779337349,1,82.04,0.8203940779337349,1,82.04,HOLD,0.4751,-0.0498,High Volatility,-0.665,0.0,unavailable_no_point_in_time_source,True,52.24,52.2400016784668,2026-09-09,51.33000183105469,-1.742,0,2026-09-11,50.439998626708984,-3.4456,0.0,2026-09-16,49.7400016784668,-4.7856,0.0,2026-09-23,49.09000015258789,-6.0299,0.0,0,0,0,1,1,1,-1.742,1,0.0,0.0,1.0,1.0,0.0,-3.4456,0.0,0.0,0.0,1.0,1.0,0.0,-4.7856,0.0,0.0,0.0,1.0,1.0,0.0,-6.0299,0.0,80-85,80-85
ADANIENT.NS|2026-09-08|ensemble_lr0.20_rf0.30_xgb0.50,ADANIENT.NS,2026-09-08,ensemble_lr0.20_rf0.30_xgb0.50,2025-09-09,2026-09-08,2026-09-07,2025-10-07,2026-09-07,2026-09-08,231,2026-09-08,False,0,0.5886524822695035,0.6678190126715637,0.76,0.4943595230579376,0.6087435640632816,1,60.87,0.6087435640632816,1,60.87,HOLD,0.5002,0.0004,Bearish,-0.165,0.0,unavailable_no_point_in_time_source,True,2953.1,2953.10009765625,2026-09-09,3104.699951171875,5.1336,1,2026-09-11,3060.0,3.6199,1.0,2026-09-16,2920.0,-1.1209,0.0,2026-09-23,2993.199951171875,1.3579,1.0,1,1,1,0,1,0,5.1336,0,1.0,1.0,0.0,1.0,0.0,3.6199,0.0,0.0,0.0,1.0,0.0,1.0,-1.1209,1.0,1.0,1.0,0.0,1.0,1.0,1.3579,1.0,60-65,60-65
ADANIPORTS.NS|2026-09-08|ensemble_lr0.20_rf0.30_xgb0.50,ADANIPORTS.NS,2026-09-08,ensemble_lr0.20_rf0.30_xgb0.50,2025-09-09,2026-09-08,2026-09-07,2025-10-07,2026-09-07,2026-09-08,231,2026-09-08,False,0,0.5602836879432624,0.41994328188307334,0.38,0.43552926182746887,0.4157532872903491,0,58.42,0.4157532872903491,0,58.42,HOLD,0.4533,-0.0934,Sideways,0.0,0.0,unavailable_no_point_in_time_source,True,1710.0,1710.0,2026-09-09,1775.0,3.8012,1,2026-09-11,1764.5999755859375,3.193,1.0,2026-09-16,1723.800048828125,0.807,1.0,2026-09-23,1807.300048828125,5.6901,1.0,1,0,0,0,1,0,3.8012,0,0.0,0.0,0.0,1.0,0.0,3.193,0.0,0.0,0.0,0.0,1.0,1.0,0.807,1.0,0.0,0.0,0.0,1.0,0.0,5.6901,0.0,55-60,55-60
ANGELONE.NS|2026-09-08|ensemble_lr0.20_rf0.30_xgb0.50,ANGELONE.NS,2026-09-08,ensemble_lr0.20_rf0.30_xgb0.50,2025-09-09,2026-09-08,2026-09-07,2025-10-07,2026-09-07,2026-09-08,231,2026-09-08,False,0,0.524822695035461,0.3542174695918018,0.2,0.22152502834796906,0.2416060080923449,0,75.84,0.2416060080923449,0,75.84,HOLD,0.4372,-0.1256,High Volatility,0.0,0.0,unavailable_no_point_in_time_source,True,298.0,298.0,2026-09-09,299.04998779296875,0.3523,1,2026-09-11,305.0,2.349,1.0,2026-09-16,293.5,-1.5101,0.0,2026-09-23,300.0,0.6711,1.0,0,0,0,0,0,1,0.3523,1,0.0,0.0,0.0,0.0,1.0,2.349,1.0,1.0,1.0,1.0,1.0,1.0,-1.5101,1.0,0.0,0.0,0.0,0.0,1.0,0.6711,1.0,75-80,75-80
APOLLOTYRE.NS|2026-09-08|ensemble_lr0.20_rf0.30_xgb0.50,APOLLOTYRE.NS,2026-09-08,ensemble_lr0.20_rf0.30_xgb0.50,2025-09-09,2026-09-08,2026-09-07,2025-10-07,2026-09-07,2026-09-08,231,2026-09-08,False,0,0.5035460992907801,0.7009192796140046,0.42,0.23519495129585266,0.38378133157072725,0,61.62,0.38378133157072725,0,61.62,HOLD,0.4321,-0.1359,Sideways,-0.335,0.0,unavailable_no_point_in_time_source,True,411.5,411.5,2026-09-09,422.25,2.6124,1,2026-09-11,417.6499938964844,1.4945,1.0,2026-09-16,411.95001220703125,0.1094,1.0,2026-09-23,405.70001220703125,-1.4095,0.0,0,0,0,0,0,1,2.6124,1,0.0,0.0,0.0,0.0,1.0,1.4945,1.0,0.0,0.0,0.0,0.0,1.0,0.1094,1.0,1.0,1.0,1.0,1.0,1.0,-1.4095,1.0,60-65,60-65
ASHOKLEY.NS|2026-09-08|ensemble_lr0.20_rf0.30_xgb0.50,ASHOKLEY.NS,2026-09-08,ensemble_lr0.20_rf0.30_xgb0.50,2025-09-09,2026-09-08,2026-09-07,2025-10-07,2026-09-07,2026-09-08,231,2026-09-08,False,1,0.48936170212765956,0.39455771128844724,0.36,0.38919562101364136,0.38150935276451015,0,61.85,0.38150935276451015,0,61.85,HOLD,0.4935,-0.013,Sideways,0.335,0.0,unavailable_no_point_in_time_source,True,169.0,169.0,2026-09-09,167.0,-1.1834,0,2026-09-11,163.75,-3.1065,0.0,2026-09-16,156.5,-7.3964,0.0,2026-09-23,162.88999938964844,-3.6154,0.0,0,1,1,0,1,1,-1.1834,1,1.0,1.0,0.0,1.0,0.0,-3.1065,0.0,1.0,1.0,0.0,1.0,0.0,-7.3964,0.0,1.0,1.0,0.0,1.0,0.0,-3.6154,0.0,60-65,60-65
ASIANPAINT.NS|2026-09-08|ensemble_lr0.20_rf0.30_xgb0.50,ASIANPAINT.NS,2026-09-08,ensemble_lr0.20_rf0.30_xgb0.50,2025-09-09,2026-09-08,2026-09-07,2025-10-07,2026-09-07,2026-09-08,231,2026-09-08,False,0,0.5673758865248227,0.2644882545702848,0.3,0.35556599497795105,0.32068064840303245,0,67.93,0.32068064840303245,0,67.93,SELL,0.3375,-0.3251,Bearish,-0.5,0.0,unavailable_no_point_in_time_source,True,2481.6,2481.60009765625,2026-09-09,2489.0,0.2982,1,2026-09-11,2472.5,-0.3667,0.0,2026-09-16,2416.60009765625,-2.6193,0.0,2026-09-23,2455.0,-1.0719,0.0,0,0,0,0,0,0,0.2982,0,1.0,1.0,1.0,1.0,1.0,-0.3667,1.0,1.0,1.0,1.0,1.0,1.0,-2.6193,1.0,1.0,1.0,1.0,1.0,1.0,-1.0719,1.0,65-70,65-70
AUBANK.NS|2026-09-08|ensemble_lr0.20_rf0.30_xgb0.50,AUBANK.NS,2026-09-08,ensemble_lr0.20_rf0.30_xgb0.50,2025-09-09,2026-09-08,2026-09-07,2025-10-07,2026-09-07,2026-09-08,231,2026-09-08,False,0,0.5602836879432623,0.4019381108086984,0.42,0.309468150138855,0.36112169723116716,0,63.89,0.36112169723116716,0,63.89,HOLD,0.4539,-0.0922,Sideways,0.0,0.0,unavailable_no_point_in_time_source,True,1073.7,1073.699951171875,2026-09-09,1060.5,-1.2294,0,2026-09-11,1058.9000244140625,-1.3784,0.0,2026-09-16,1033.199951171875,-3.772,0.0,2026-09-23,1053.0,-1.9279,0.0,1,1,1,1,0,1,-1.2294,1,1.0,1.0,1.0,0.0,1.0,-1.3784,1.0,1.0,1.0,1.0,0.0,0.0,-3.772,0.0,1.0,1.0,1.0,0.0,1.0,-1.9279,1.0,60-65,60-65
AXISBANK.NS|2026-09-08|ensemble_lr0.20_rf0.30_xgb0.50,AXISBANK.NS,2026-09-08,ensemble_lr0.20_rf0.30_xgb0.50,2025-09-09,2026-09-08,2026-09-07,2025-10-07,2026-09-07,2026-09-08,231,2026-09-08,False,0,0.5106382978723404,0.4036331882912866,0.78,0.8119978308677673,0.720725553092141,1,72.07,0.720725553092141,1,72.07,HOLD,0.5113,0.0227,Bearish,0.165,0.0,unavailable_no_point_in_time_source,True,1244.9,1244.9000244140625,2026-09-09,1238.5,-0.5141,0,2026-09-11,1246.0,0.0884,1.0,2026-09-16,1241.0,-0.3133,0.0,2026-09-23,1243.199951171875,-0.1366,0.0,0,0,0,1,1,1,-0.5141,1,1.0,1.0,0.0,0.0,1.0,0.0884,1.0,0.0,0.0,1.0,1.0,1.0,-0.3133,1.0,0.0,0.0,1.0,1.0,1.0,-0.1366,1.0,70-75,70-75
BAJAJFINSV.NS|2026-09-08|ensemble_lr0.20_rf0.30_xgb0.50,BAJAJFINSV.NS,2026-09-08,ensemble_lr0.20_rf0.30_xgb0.50,2025-09-09,2026-09-08,2026-09-07,2025-10-07,2026-09-07,2026-09-08,231,2026-09-08,False,0,0.5460992907801417,0.27770886868463873,0.24,0.14956365525722504,0.20232360136554026,0,79.77,0.20232360136554026,0,79.77,SELL,0.4182,-0.1636,Bearish,0.165,0.0,unavailable_no_point_in_time_source,True,1938.1,1938.0999755859375,2026-09-09,1927.0,-0.5727,0,2026-09-11,1913.5,-1.2693,0.0,2026-09-16,1837.0,-5.2164,0.0,2026-09-23,1846.5,-4.7263,0.0,0,1,1,1,1,1,-0.5727,1,1.0,1.0,1.0,1.0,1.0,-1.2693,1.0,1.0,1.0,1.0,1.0,1.0,-5.2164,1.0,1.0,1.0,1.0,1.0,1.0,-4.7263,1.0,75-80,75-80
BAJFINANCE.NS|2026-09-08|ensemble_lr0.20_rf0.30_xgb0.50,BAJFINANCE.NS,2026-09-08,ensemble_lr0.20_rf0.30_xgb0.50,2025-09-09,2026-09-08,2026-09-07,2025-10-07,2026-09-07,2026-09-08,231,2026-09-08,False,0,0.5673758865248227,0.17542142664881885,0.18,0.46136125922203064,0.3197649149407791,0,68.02,0.3197649149407791,0,68.02,HOLD,0.4851,-0.0299,Sideways,0.335,0.0,unavailable_no_point_in_time_source,True,1054.1,1054.0999755859375,2026-09-09,1039.300048828125,-1.404,0,2026-09-11,1034.5,-1.8594,0.0,2026-09-16,1006.2000122070312,-4.5442,0.0,2026-09-23,1043.199951171875,-1.0341,0.0,0,1,1,1,1,1,-1.404,1,1.0,1.0,1.0,1.0,1.0,-1.8594,1.0,1.0,1.0,1.0,1.0,0.0,-4.5442,0.0,1.0,1.0,1.0,1.0,1.0,-1.0341,1.0,65-70,65-70
BPCL.NS|2026-09-08|ensemble_lr0.20_rf0.30_xgb0.50,BPCL.NS,2026-09-08,ensemble_lr0.20_rf0.30_xgb0.50,2025-09-09,2026-09-08,2026-09-07,2025-10-07,2026-09-07,2026-09-08,231,2026-09-08,False,0,0.5106382978723404,0.6519238338791654,0.66,0.20373030006885529,0.4302499168102607,0,56.98,0.4302499168102607,0,56.98,HOLD,0.4511,-0.0979,Sideways,-0.17,0.0,unavailable_no_point_in_time_source,True,303.85,303.8500061035156,2026-09-09,303.54998779296875,-0.0987,0,2026-09-11,304.5,0.2139,1.0,2026-09-16,303.3500061035156,-0.1646,0.0,2026-09-23,315.75,3.9164,1.0,0,1,1,1,1,1,-0.0987,1,0.0,0.0,0.0,0.0,1.0,0.2139,1.0,1.0,1.0,1.0,1.0,1.0,-0.1646,1.0,0.0,0.0,0.0,0.0,0.0,3.9164,0.0,55-60,55-60
AARTIIND.NS|2026-09-16|ensemble_lr0.20_rf0.30_xgb0.50,AARTIIND.NS,2026-09-16,ensemble_lr0.20_rf0.30_xgb0.50,2025-09-17,2026-09-16,2026-09-14,2025-10-15,2026-09-15,2026-09-16,231,2026-09-16,False,0,0.546099290780142,0.534501117468107,0.56,0.5854833722114563,0.5676419095993496,1,56.76,0.5676419095993496,1,56.76,HOLD,0.5135,0.027,High Volatility,-0.335,0.0,unavailable_no_point_in_time_source,True,472.85,472.8500061035156,2026-09-17,476.6000061035156,0.7931,1,2026-09-21,499.79998779296875,5.6995,1.0,2026-09-23,491.3500061035156,3.9124,1.0,2026-09-30,475.70001220703125,0.6027,1.0,1,1,1,0,1,1,0.7931,1,1.0,1.0,0.0,1.0,0.0,5.6995,0.0,1.0,1.0,0.0,1.0,0.0,3.9124,0.0,1.0,1.0,0.0,1.0,1.0,0.6027,1.0,55-60,55-60
ABCAPITAL.NS|2026-09-16|ensemble_lr0.20_rf0.30_xgb0.50,ABCAPITAL.NS,2026-09-16,ensemble_lr0.20_rf0.30_xgb0.50,2025-09-17,2026-09-16,2026-09-14,2025-10-15,2026-09-15,2026-09-16,231,2026-09-16,False,0,0.5886524822695035,0.558420567629624,0.54,0.6985165476799011,0.6229423873658754,1,62.29,0.6229423873658754,1,62.29,HOLD,0.5454,0.0909,Sideways,-0.335,0.0,unavailable_no_point_in_time_source,True,381.3,381.29998779296875,2026-09-17,390.0,2.2817,1,2026-09-21,403.3999938964844,5.796,1.0,2026-09-23,402.45001220703125,5.5468,1.0,2026-09-30,380.6000061035156,-0.1836,0.0,1,1,1,0,1,1,2.2817,1,1.0,1.0,0.0,1.0,0.0,5.796,0.0,1.0,1.0,0.0,1.0,0.0,5.5468,0.0,0.0,0.0,1.0,0.0,1.0,-0.1836,1.0,60-65,60-65
ADANIENT.NS|2026-09-16|ensemble_lr0.20_rf0.30_xgb0.50,ADANIENT.NS,2026-09-16,ensemble_lr0.20_rf0.30_xgb0.50,2025-09-17,2026-09-16,2026-09-14,2025-10-15,2026-09-15,2026-09-16,231,2026-09-16,False,0,0.6312056737588653,0.7178297526481355,0.56,0.8116901516914368,0.7174110263753455,1,71.74,0.7174110263753455,1,71.74,HOLD,0.524,0.048,Sideways,-0.165,0.0,unavailable_no_point_in_time_source,True,2920.0,2920.0,2026-09-17,2923.199951171875,0.1096,1,2026-09-21,2975.0,1.8836,1.0,2026-09-23,2993.199951171875,2.5068,1.0,2026-09-30,2903.39990234375,-0.5685,0.0,0,1,1,0,0,1,0.1096,1,1.0,1.0,0.0,0.0,1.0,1.8836,1.0,1.0,1.0,0.0,0.0,1.0,2.5068,1.0,0.0,0.0,1.0,1.0,1.0,-0.5685,1.0,70-75,70-75
ALEMBICLTD.NS|2026-09-16|ensemble_lr0.20_rf0.30_xgb0.50,ALEMBICLTD.NS,2026-09-16,ensemble_lr0.20_rf0.30_xgb0.50,2025-09-17,2026-09-16,2026-09-14,2025-10-15,2026-09-15,2026-09-16,231,2026-09-16,False,0,0.5319148936170213,0.12896321971869787,0.22,0.12386250495910645,0.15372389642329282,0,84.63,0.15372389642329282,0,84.63,HOLD,0.4863,-0.0275,High Volatility,0.165,0.0,unavailable_no_point_in_time_source,True,98.95,98.94999694824219,2026-09-17,102.72000122070312,3.81,1,2026-09-21,103.54000091552734,4.6387,1.0,2026-09-23,106.04000091552734,7.1652,1.0,2026-09-30,107.2300033569336,8.3679,1.0,0,0,0,0,0,0,3.81,0,0.0,0.0,0.0,0.0,0.0,4.6387,0.0,0.0,0.0,0.0,0.0,0.0,7.1652,0.0,0.0,0.0,0.0,0.0,0.0,8.3679,0.0,80-85,80-85
ANGELONE.NS|2026-09-16|ensemble_lr0.20_rf0.30_xgb0.50,ANGELONE.NS,2026-09-16,ensemble_lr0.20_rf0.30_xgb0.50,2025-09-17,2026-09-16,2026-09-14,2025-10-15,2026-09-15,2026-09-16,231,2026-09-16,False,0,0.5602836879432623,0.34374576795814593,0.16,0.36052045226097107,0.2970093797221147,0,70.3,0.2970093797221147,0,70.3,HOLD,0.4241,-0.1517,High Volatility,0.0,0.0,unavailable_no_point_in_time_source,True,293.5,293.5,2026-09-17,295.0,0.5111,1,2026-09-21,296.1499938964844,0.9029,1.0,2026-09-23,300.0,2.2147,1.0,2026-09-30,274.0,-6.644,0.0,0,0,0,0,0,1,0.5111,1,0.0,0.0,0.0,0.0,1.0,0.9029,1.0,0.0,0.0,0.0,0.0,1.0,2.2147,1.0,1.0,1.0,1.0,1.0,0.0,-6.644,0.0,70-75,70-75
ASHOKLEY.NS|2026-09-16|ensemble_lr0.20_rf0.30_xgb0.50,ASHOKLEY.NS,2026-09-16,ensemble_lr0.20_rf0.30_xgb0.50,2025-09-17,2026-09-16,2026-09-14,2025-10-15,2026-09-15,2026-09-16,231,2026-09-16,False,1,0.5390070921985816,0.49798736879602956,0.42,0.3521050214767456,0.4016499844975787,0,59.84,0.4016499844975787,0,59.84,HOLD,0.4778,-0.0444,Sideways,0.0,0.0,unavailable_no_point_in_time_source,True,156.5,156.5,2026-09-17,158.6199951171875,1.3546,1,2026-09-21,161.75,3.3546,1.0,2026-09-23,162.88999938964844,4.0831,1.0,2026-09-30,154.19000244140625,-1.476,0.0,0,0,0,1,0,1,1.3546,1,0.0,0.0,1.0,0.0,0.0,3.3546,0.0,0.0,0.0,1.0,0.0,0.0,4.0831,0.0,1.0,1.0,0.0,1.0,1.0,-1.476,1.0,55-60,55-60
ASTRAL.NS|2026-09-16|ensemble_lr0.20_rf0.30_xgb0.50,ASTRAL.NS,2026-09-16,ensemble_lr0.20_rf0.30_xgb0.50,2025-09-17,2026-09-16,2026-09-14,2025-10-15,2026-09-15,2026-09-16,231,2026-09-16,False,0,0.5886524822695035,0.536080058476745,0.88,0.8019450306892395,0.7721885270399688,1,77.22,0.7721885270399688,1,77.22,SELL,0.4155,-0.1689,Bearish,-0.67,0.0,unavailable_no_point_in_time_source,True,1382.5,1382.5,2026-09-17,1398.9000244140625,1.1863,1,2026-09-21,1400.9000244140625,1.3309,1.0,2026-09-23,1394.800048828125,0.8897,1.0,2026-09-30,1370.4000244140625,-0.8752,0.0,1,1,1,0,1,0,1.1863,0,1.0,1.0,0.0,1.0,0.0,1.3309,0.0,1.0,1.0,0.0,1.0,0.0,0.8897,0.0,0.0,0.0,1.0,0.0,1.0,-0.8752,1.0,75-80,75-80
AUBANK.NS|2026-09-16|ensemble_lr0.20_rf0.30_xgb0.50,AUBANK.NS,2026-09-16,ensemble_lr0.20_rf0.30_xgb0.50,2025-09-17,2026-09-16,2026-09-14,2025-10-15,2026-09-15,2026-09-16,231,2026-09-16,False,0,0.5460992907801417,0.7056923404650118,0.62,0.5441120266914368,0.5991944814387208,1,59.92,0.5991944814387208,1,59.92,HOLD,0.5496,0.0992,Sideways,-0.335,0.0,unavailable_no_point_in_time_source,True,1033.2,1033.199951171875,2026-09-17,1039.300048828125,0.5904,1,2026-09-21,1038.0,0.4646,1.0,2026-09-23,1053.0,1.9164,1.0,2026-09-30,1010.2999877929688,-2.2164,0.0,1,1,1,0,1,1,0.5904,1,1.0,1.0,0.0,1.0,1.0,0.4646,1.0,1.0,1.0,0.0,1.0,1.0,1.9164,1.0,0.0,0.0,1.0,0.0,1.0,-2.2164,1.0,55-60,55-60
AXISBANK.NS|2026-09-16|ensemble_lr0.20_rf0.30_xgb0.50,AXISBANK.NS,2026-09-16,ensemble_lr0.20_rf0.30_xgb0.50,2025-09-17,2026-09-16,2026-09-14,2025-10-15,2026-09-15,2026-09-16,231,2026-09-16,False,0,0.524822695035461,0.5616081975228117,0.52,0.6855832934379578,0.6111132862235412,1,61.11,0.6111132862235412,1,61.11,HOLD,0.5054,0.0108,Sideways,-0.33,0.0,unavailable_no_point_in_time_source,True,1241.0,1241.0,2026-09-17,1240.0,-0.0806,0,2026-09-21,1250.0,0.7252,1.0,2026-09-23,1243.199951171875,0.1773,1.0,2026-09-30,1226.0,-1.2087,0.0,1,0,0,1,0,1,-0.0806,1,1.0,1.0,0.0,1.0,1.0,0.7252,1.0,1.0,1.0,0.0,1.0,1.0,0.1773,1.0,0.0,0.0,1.0,0.0,1.0,-1.2087,1.0,60-65,60-65
BAJAJFINSV.NS|2026-09-16|ensemble_lr0.20_rf0.30_xgb0.50,BAJAJFINSV.NS,2026-09-16,ensemble_lr0.20_rf0.30_xgb0.50,2025-09-17,2026-09-16,2026-09-14,2025-10-15,2026-09-15,2026-09-16,231,2026-09-16,False,0,0.5602836879432624,0.20532530537362176,0.42,0.49030187726020813,0.4122159997048284,0,58.78,0.4122159997048284,0,58.78,HOLD,0.4222,-0.1556,Bearish,-0.17,0.0,unavailable_no_point_in_time_source,True,1837.0,1837.0,2026-09-17,1859.199951171875,1.2085,1,2026-09-21,1849.800048828125,0.6968,1.0,2026-09-23,1846.5,0.5171,1.0,2026-09-30,1731.0,-5.7703,0.0,0,0,0,0,0,1,1.2085,1,0.0,0.0,0.0,0.0,1.0,0.6968,1.0,0.0,0.0,0.0,0.0,1.0,0.5171,1.0,1.0,1.0,1.0,1.0,0.0,-5.7703,0.0,55-60,55-60
BAJFINANCE.NS|2026-09-16|ensemble_lr0.20_rf0.30_xgb0.50,BAJFINANCE.NS,2026-09-16,ensemble_lr0.20_rf0.30_xgb0.50,2025-09-17,2026-09-16,2026-09-14,2025-10-15,2026-09-15,2026-09-16,231,2026-09-16,False,0,0.5460992907801417,0.15814376180405623,0.4,0.4628174901008606,0.38303749741124155,0,61.7,0.38303749741124155,0,61.7,SELL,0.387,-0.2259,Bearish,-0.335,0.0,unavailable_no_point_in_time_source,True,1006.2,1006.2000122070312,2026-09-17,1015.0,0.8746,1,2026-09-21,1021.2999877929688,1.5007,1.0,2026-09-23,1043.199951171875,3.6772,1.0,2026-09-30,959.4000244140625,-4.6512,0.0,0,0,0,0,0,0,0.8746,0,0.0,0.0,0.0,0.0,0.0,1.5007,0.0,0.0,0.0,0.0,0.0,0.0,3.6772,0.0,1.0,1.0,1.0,1.0,1.0,-4.6512,1.0,60-65,60-65
BEL.NS|2026-09-16|ensemble_lr0.20_rf0.30_xgb0.50,BEL.NS,2026-09-16,ensemble_lr0.20_rf0.30_xgb0.50,2025-09-17,2026-09-16,2026-09-14,2025-10-15,2026-09-15,2026-09-16,231,2026-09-16,False,0,0.49645390070921985,0.4412348080425566,0.56,0.6641223430633545,0.5883081331401886,1,58.83,0.5883081331401886,1,58.83,HOLD,0.5042,0.0084,Sideways,-0.335,0.0,unavailable_no_point_in_time_source,True,385.75,385.75,2026-09-17,395.45001220703125,2.5146,1,2026-09-21,398.5,3.3052,1.0,2026-09-23,396.04998779296875,2.6701,1.0,2026-09-30,388.29998779296875,0.661,1.0,1,1,1,0,1,1,2.5146,1,1.0,1.0,0.0,1.0,0.0,3.3052,0.0,1.0,1.0,0.0,1.0,1.0,2.6701,1.0,1.0,1.0,0.0,1.0,1.0,0.661,1.0,55-60,55-60
ABCAPITAL.NS|2026-09-23|ensemble_lr0.20_rf0.30_xgb0.50,ABCAPITAL.NS,2026-09-23,ensemble_lr0.20_rf0.30_xgb0.50,2025-09-24,2026-09-23,2026-09-21,2025-10-23,2026-09-22,2026-09-23,231,2026-09-23,False,0,0.6382978723404255,0.3703400696590865,0.34,0.5252242088317871,0.43868011834771087,0,56.13,0.43868011834771087,0,56.13,HOLD,0.5065,0.013,Sideways,0.165,0.0,unavailable_no_point_in_time_source,True,402.45,402.45001220703125,2026-09-24,390.1000061035156,-3.0687,0,2026-09-28,382.70001220703125,-4.9074,0.0,2026-09-30,380.6000061035156,-5.4292,0.0,,,,,1,1,1,1,0,0,-3.0687,0,1.0,1.0,1.0,0.0,0.0,-4.9074,0.0,1.0,1.0,1.0,0.0,0.0,-5.4292,0.0,,,,,,,,55-60,55-60
ABFRL.NS|2026-09-23|ensemble_lr0.20_rf0.30_xgb0.50,ABFRL.NS,2026-09-23,ensemble_lr0.20_rf0.30_xgb0.50,2025-09-24,2026-09-23,2026-09-21,2025-10-23,2026-09-22,2026-09-23,231,2026-09-23,False,0,0.3829787234042554,0.3722221232792689,0.24,0.15773680806159973,0.22531282868665364,0,77.47,0.22531282868665364,0,77.47,SELL,0.3285,-0.343,Bearish,-0.665,0.0,unavailable_no_point_in_time_source,True,49.09,49.09000015258789,2026-09-24,48.060001373291016,-2.0982,0,2026-09-28,47.59000015258789,-3.0556,0.0,2026-09-30,46.31999969482422,-5.6427,0.0,,,,,0,1,1,1,1,1,-2.0982,1,1.0,1.0,1.0,1.0,1.0,-3.0556,1.0,1.0,1.0,1.0,1.0,1.0,-5.6427,1.0,,,,,,,,75-80,75-80
ADANIENT.NS|2026-09-23|ensemble_lr0.20_rf0.30_xgb0.50,ADANIENT.NS,2026-09-23,ensemble_lr0.20_rf0.30_xgb0.50,2025-09-24,2026-09-23,2026-09-21,2025-10-23,2026-09-22,2026-09-23,231,2026-09-23,False,0,0.5531914893617021,0.3568569673751621,0.4,0.30703288316726685,0.3448878350586658,0,65.51,0.3448878350586658,0,65.51,HOLD,0.4982,-0.0036,Sideways,0.165,0.0,unavailable_no_point_in_time_source,True,2993.2,2993.199951171875,2026-09-24,2900.0,-3.1137,0,2026-09-28,2831.10009765625,-5.4156,0.0,2026-09-30,2903.39990234375,-3.0001,0.0,,,,,0,1,1,1,1,0,-3.1137,0,1.0,1.0,1.0,1.0,0.0,-5.4156,0.0,1.0,1.0,1.0,1.0,0.0,-3.0001,0.0,,,,,,,,65-70,65-70
ANGELONE.NS|2026-09-23|ensemble_lr0.20_rf0.30_xgb0.50,ANGELONE.NS,2026-09-23,ensemble_lr0.20_rf0.30_xgb0.50,2025-09-24,2026-09-23,2026-09-21,2025-10-23,2026-09-22,2026-09-23,231,2026-09-23,False,0,0.4964539007092199,0.38286819464640715,0.4,0.46996909379959106,0.43155818582907696,0,56.84,0.43155818582907696,0,56.84,HOLD,0.4539,-0.0923,Sideways,0.0,0.0,unavailable_no_point_in_time_source,True,300.0,300.0,2026-09-24,290.70001220703125,-3.1,0,2026-09-28,279.20001220703125,-6.9333,0.0,2026-09-30,274.0,-8.6667,0.0,,,,,1,1,1,1,0,0,-3.1,0,1.0,1.0,1.0,0.0,0.0,-6.9333,0.0,1.0,1.0,1.0,0.0,0.0,-8.6667,0.0,,,,,,,,55-60,55-60
APOLLOTYRE.NS|2026-09-23|ensemble_lr0.20_rf0.30_xgb0.50,APOLLOTYRE.NS,2026-09-23,ensemble_lr0.20_rf0.30_xgb0.50,2025-09-24,2026-09-23,2026-09-21,2025-10-23,2026-09-22,2026-09-23,231,2026-09-23,False,0,0.45390070921985815,0.5040822583506991,0.44,0.26099440455436707,0.36331365394732335,0,63.67,0.36331365394732335,0,63.67,SELL,0.3351,-0.3298,Sideways,-0.835,0.0,unavailable_no_point_in_time_source,True,405.7,405.70001220703125,2026-09-24,397.95001220703125,-1.9103,0,2026-09-28,389.6000061035156,-3.9685,0.0,2026-09-30,404.70001220703125,-0.2465,0.0,,,,,1,1,1,1,0,1,-1.9103,1,1.0,1.0,1.0,0.0,1.0,-3.9684,1.0,1.0,1.0,1.0,0.0,1.0,-0.2465,1.0,,,,,,,,60-65,60-65
ASHOKLEY.NS|2026-09-23|ensemble_lr0.20_rf0.30_xgb0.50,ASHOKLEY.NS,2026-09-23,ensemble_lr0.20_rf0.30_xgb0.50,2025-09-24,2026-09-23,2026-09-21,2025-10-23,2026-09-22,2026-09-23,231,2026-09-23,False,1,0.546099290780142,0.38940802961277937,0.36,0.3110409379005432,0.3414020748728275,0,65.86,0.3414020748728275,0,65.86,SELL,0.3547,-0.2906,Bearish,0.17,0.0,unavailable_no_point_in_time_source,True,162.89,162.88999938964844,2026-09-24,157.3000030517578,-3.4318,0,2026-09-28,155.22000122070312,-4.7087,0.0,2026-09-30,154.19000244140625,-5.341,0.0,,,,,1,1,1,0,0,1,-3.4318,1,1.0,1.0,0.0,0.0,1.0,-4.7087,1.0,1.0,1.0,0.0,0.0,1.0,-5.341,1.0,,,,,,,,65-70,65-70
ASIANPAINT.NS|2026-09-23|ensemble_lr0.20_rf0.30_xgb0.50,ASIANPAINT.NS,2026-09-23,ensemble_lr0.20_rf0.30_xgb0.50,2025-09-24,2026-09-23,2026-09-21,2025-10-23,2026-09-22,2026-09-23,231,2026-09-23,False,0,0.524822695035461,0.3495891778657018,0.6,0.6759981513023376,0.5879169112243092,1,58.79,0.5879169112243092,1,58.79,HOLD,0.4763,-0.0473,Bearish,-0.33,0.0,unavailable_no_point_in_time_source,True,2455.0,2455.0,2026-09-24,2392.699951171875,-2.5377,0,2026-09-28,2420.0,-1.4257,0.0,2026-09-30,2402.60009765625,-2.1344,0.0,,,,,1,0,0,1,0,1,-2.5377,1,0.0,0.0,1.0,0.0,1.0,-1.4257,1.0,0.0,0.0,1.0,0.0,1.0,-2.1344,1.0,,,,,,,,55-60,55-60
ASTRAL.NS|2026-09-23|ensemble_lr0.20_rf0.30_xgb0.50,ASTRAL.NS,2026-09-23,ensemble_lr0.20_rf0.30_xgb0.50,2025-09-24,2026-09-23,2026-09-21,2025-10-23,2026-09-22,2026-09-23,231,2026-09-23,False,0,0.624113475177305,0.6076748278850335,0.68,0.7636610269546509,0.7073654790543322,1,70.74,0.7073654790543322,1,70.74,SELL,0.3971,-0.2057,Bearish,-0.835,0.0,unavailable_no_point_in_time_source,True,1394.8,1394.800048828125,2026-09-24,1392.0,-0.2007,0,2026-09-28,1370.5,-1.7422,0.0,2026-09-30,1370.4000244140625,-1.7494,0.0,,,,,1,0,0,1,0,1,-0.2007,1,0.0,0.0,1.0,0.0,1.0,-1.7422,1.0,0.0,0.0,1.0,0.0,1.0,-1.7494,1.0,,,,,,,,70-75,70-75
AUBANK.NS|2026-09-23|ensemble_lr0.20_rf0.30_xgb0.50,AUBANK.NS,2026-09-23,ensemble_lr0.20_rf0.30_xgb0.50,2025-09-24,2026-09-23,2026-09-21,2025-10-23,2026-09-22,2026-09-23,231,2026-09-23,False,0,0.5815602836879433,0.5500136055291095,0.3,0.2673666477203369,0.33368604496599036,0,66.63,0.33368604496599036,0,66.63,HOLD,0.4656,-0.0689,Sideways,-0.165,0.0,unavailable_no_point_in_time_source,True,1053.0,1053.0,2026-09-24,1000.0999755859375,-5.0237,0,2026-09-28,995.2999877929688,-5.4796,0.0,2026-09-30,1010.2999877929688,-4.0551,0.0,,,,,1,1,1,1,0,0,-5.0237,0,1.0,1.0,1.0,0.0,0.0,-5.4796,0.0,1.0,1.0,1.0,0.0,0.0,-4.0551,0.0,,,,,,,,65-70,65-70
AXISBANK.NS|2026-09-23|ensemble_lr0.20_rf0.30_xgb0.50,AXISBANK.NS,2026-09-23,ensemble_lr0.20_rf0.30_xgb0.50,2025-09-24,2026-09-23,2026-09-21,2025-10-23,2026-09-22,2026-09-23,231,2026-09-23,False,0,0.524822695035461,0.38752885095042006,0.5,0.219471275806427,0.3372414080932975,0,66.28,0.3372414080932975,0,66.28,SELL,0.3783,-0.2434,Sideways,-0.33,0.0,unavailable_no_point_in_time_source,True,1243.2,1243.199951171875,2026-09-24,1186.5,-4.5608,0,2026-09-28,1209.9000244140625,-2.6786,0.0,2026-09-30,1226.0,-1.3835,0.0,,,,,1,1,1,1,0,1,-4.5608,1,1.0,1.0,1.0,0.0,1.0,-2.6786,1.0,1.0,1.0,1.0,0.0,1.0,-1.3835,1.0,,,,,,,,65-70,65-70
BAJAJFINSV.NS|2026-09-23|ensemble_lr0.20_rf0.30_xgb0.50,BAJAJFINSV.NS,2026-09-23,ensemble_lr0.20_rf0.30_xgb0.50,2025-09-24,2026-09-23,2026-09-21,2025-10-23,2026-09-22,2026-09-23,231,2026-09-23,False,0,0.6382978723404255,0.17938893615602963,0.32,0.23939697444438934,0.2515762744534006,0,74.84,0.2515762744534006,0,74.84,SELL,0.3048,-0.3904,Bearish,-0.5,0.0,unavailable_no_point_in_time_source,True,1846.5,1846.5,2026-09-24,1762.300048828125,-4.56,0,2026-09-28,1752.0,-5.1178,0.0,2026-09-30,1731.0,-6.2551,0.0,,,,,1,1,1,1,0,1,-4.56,1,1.0,1.0,1.0,0.0,1.0,-5.1178,1.0,1.0,1.0,1.0,0.0,1.0,-6.2551,1.0,,,,,,,,70-75,70-75
BAJFINANCE.NS|2026-09-23|ensemble_lr0.20_rf0.30_xgb0.50,BAJFINANCE.NS,2026-09-23,ensemble_lr0.20_rf0.30_xgb0.50,2025-09-24,2026-09-23,2026-09-21,2025-10-23,2026-09-22,2026-09-23,231,2026-09-23,False,0,0.6382978723404255,0.24404579139077962,0.28,0.2736232876777649,0.26962080211703837,0,73.04,0.26962080211703837,0,73.04,SELL,0.3833,-0.2334,Bearish,-0.165,0.0,unavailable_no_point_in_time_source,True,1043.2,1043.199951171875,2026-09-24,982.0,-5.8666,0,2026-09-28,985.0,-5.579,0.0,2026-09-30,959.4000244140625,-8.033,0.0,,,,,1,1,1,1,0,1,-5.8666,1,1.0,1.0,1.0,0.0,1.0,-5.579,1.0,1.0,1.0,1.0,0.0,1.0,-8.033,1.0,,,,,,,,70-75,70-75
BEL.NS|2026-09-23|ensemble_lr0.20_rf0.30_xgb0.50,BEL.NS,2026-09-23,ensemble_lr0.20_rf0.30_xgb0.50,2025-09-24,2026-09-23,2026-09-21,2025-10-23,2026-09-22,2026-09-23,231,2026-09-23,False,0,0.5319148936170213,0.4688269317234395,0.32,0.48252788186073303,0.4310293272750544,0,56.9,0.4310293272750544,0,56.9,SELL,0.3703,-0.2593,Sideways,-0.33,0.0,unavailable_no_point_in_time_source,True,396.05,396.04998779296875,2026-09-24,392.0,-1.0226,0,2026-09-28,385.5,-2.6638,0.0,2026-09-30,388.29998779296875,-1.9568,0.0,,,,,0,1,1,1,1,1,-1.0226,1,1.0,1.0,1.0,1.0,1.0,-2.6638,1.0,1.0,1.0,1.0,1.0,1.0,-1.9568,1.0,,,,,,,,55-60,55-60
BPCL.NS|2026-09-23|ensemble_lr0.20_rf0.30_xgb0.50,BPCL.NS,2026-09-23,ensemble_lr0.20_rf0.30_xgb0.50,2025-09-24,2026-09-23,2026-09-21,2025-10-23,2026-09-22,2026-09-23,231,2026-09-23,False,0,0.4964539007092199,0.7480054988001732,0.7,0.6592612266540527,0.689231713087061,1,68.92,0.689231713087061,1,68.92,BUY,0.6326,0.2652,Bullish,0.33,0.0,unavailable_no_point_in_time_source,True,315.75,315.75,2026-09-24,307.1000061035156,-2.7395,0,2026-09-28,302.25,-4.2755,0.0,2026-09-30,303.20001220703125,-3.9747,0.0,,,,,1,0,0,1,0,0,-2.7395,0,0.0,0.0,1.0,0.0,0.0,-4.2755,0.0,0.0,0.0,1.0,0.0,0.0,-3.9747,0.0,,,,,,,,65-70,65-70
AARTIIND.NS|2026-09-30|ensemble_lr0.20_rf0.30_xgb0.50,AARTIIND.NS,2026-09-30,ensemble_lr0.20_rf0.30_xgb0.50,2025-10-01,2026-09-30,2026-09-28,2025-10-30,2026-09-29,2026-09-30,231,2026-09-30,False,0,0.5602836879432624,0.2754039645152686,0.52,0.7023674249649048,0.5622645053855061,1,56.23,0.5622645053855061,1,56.23,HOLD,0.5048,0.0096,High Volatility,-0.165,0.0,unavailable_no_point_in_time_source,True,475.7,475.70001220703125,2026-10-01,465.1000061035156,-2.2283,0,,,,,,,,,,,,,1,0,0,1,0,1,-2.2283,1,,,,,,,,,,,,,,,,,,,,,,55-60,55-60
ABFRL.NS|2026-09-30|ensemble_lr0.20_rf0.30_xgb0.50,ABFRL.NS,2026-09-30,ensemble_lr0.20_rf0.30_xgb0.50,2025-10-01,2026-09-30,2026-09-28,2025-10-30,2026-09-29,2026-09-30,231,2026-09-30,False,0,0.3191489361702128,0.30711927162572444,0.6,0.6533929705619812,0.5681203396061355,1,56.81,0.5681203396061355,1,56.81,HOLD,0.4664,-0.0672,High Volatility,-1.0,0.0,unavailable_no_point_in_time_source,True,46.32,46.31999969482422,2026-10-01,44.529998779296875,-3.8644,0,,,,,,,,,,,,,1,0,0,1,0,0,-3.8644,0,,,,,,,,,,,,,,,,,,,,,,55-60,55-60
ADANIENT.NS|2026-09-30|ensemble_lr0.20_rf0.30_xgb0.50,ADANIENT.NS,2026-09-30,ensemble_lr0.20_rf0.30_xgb0.50,2025-10-01,2026-09-30,2026-09-28,2025-10-30,2026-09-29,2026-09-30,231,2026-09-30,False,0,0.6028368794326241,0.3622272931698974,0.58,0.7837706804275513,0.6383307988477551,1,63.83,0.6383307988477551,1,63.83,HOLD,0.5112,0.0224,Sideways,-0.165,0.0,unavailable_no_point_in_time_source,True,2903.4,2903.39990234375,2026-10-01,2816.800048828125,-2.9827,0,,,,,,,,,,,,,0,0,0,1,1,1,-2.9827,1,,,,,,,,,,,,,,,,,,,,,,60-65,60-65
ANGELONE.NS|2026-09-30|ensemble_lr0.20_rf0.30_xgb0.50,ANGELONE.NS,2026-09-30,ensemble_lr0.20_rf0.30_xgb0.50,2025-10-01,2026-09-30,2026-09-28,2025-10-30,2026-09-29,2026-09-30,231,2026-09-30,False,0,0.5106382978723404,0.5083274591338698,0.44,0.2151196300983429,0.34122530687594543,0,65.88,0.34122530687594543,0,65.88,SELL,0.3232,-0.3536,Bearish,-0.5,0.0,unavailable_no_point_in_time_source,True,274.0,274.0,2026-10-01,276.79998779296875,1.0219,1,,,,,,,,,,,,,1,0,0,0,1,0,1.0219,0,,,,,,,,,,,,,,,,,,,,,,65-70,65-70
APOLLOTYRE.NS|2026-09-30|ensemble_lr0.20_rf0.30_xgb0.50,APOLLOTYRE.NS,2026-09-30,ensemble_lr0.20_rf0.30_xgb0.50,2025-10-01,2026-09-30,2026-09-28,2025-10-30,2026-09-29,2026-09-30,231,2026-09-30,False,0,0.49645390070921985,0.2964766114055967,0.28,0.2659726142883301,0.2762816294252844,0,72.37,0.2762816294252844,0,72.37,SELL,0.2944,-0.4112,Bearish,-0.67,0.0,unavailable_no_point_in_time_source,True,404.7,404.70001220703125,2026-10-01,404.75,0.0124,1,,,,,,,,,,,,,0,0,0,0,0,0,0.0124,0,,,,,,,,,,,,,,,,,,,,,,70-75,70-75
ASHOKLEY.NS|2026-09-30|ensemble_lr0.20_rf0.30_xgb0.50,ASHOKLEY.NS,2026-09-30,ensemble_lr0.20_rf0.30_xgb0.50,2025-10-01,2026-09-30,2026-09-28,2025-10-30,2026-09-29,2026-09-30,231,2026-09-30,False,1,0.5673758865248227,0.20891417271964074,0.54,0.3219307065010071,0.3647481877944317,0,63.53,0.3647481877944317,0,63.53,SELL,0.354,-0.292,Bearish,-0.5,0.0,unavailable_no_point_in_time_source,True,154.19,154.19000244140625,2026-10-01,150.47999572753906,-2.4061,0,,,,,,,,,,,,,1,1,1,0,0,1,-2.4061,1,,,,,,,,,,,,,,,,,,,,,,60-65,60-65
ASIANPAINT.NS|2026-09-30|ensemble_lr0.20_rf0.30_xgb0.50,ASIANPAINT.NS,2026-09-30,ensemble_lr0.20_rf0.30_xgb0.50,2025-10-01,2026-09-30,2026-09-28,2025-10-30,2026-09-29,2026-09-30,231,2026-09-30,False,0,0.5744680851063829,0.3646344750589971,0.4,0.43962228298187256,0.4127380365027357,0,58.73,0.4127380365027357,0,58.73,SELL,0.3524,-0.2951,Bearish,-0.5,0.0,unavailable_no_point_in_time_source,True,2402.6,2402.60009765625,2026-10-01,2407.0,0.1831,1,,,,,,,,,,,,,0,0,0,0,0,0,0.1831,0,,,,,,,,,,,,,,,,,,,,,,55-60,55-60
ASTRAL.NS|2026-09-30|ensemble_lr0.20_rf0.30_xgb0.50,ASTRAL.NS,2026-09-30,ensemble_lr0.20_rf0.30_xgb0.50,2025-10-01,2026-09-30,2026-09-28,2025-10-30,2026-09-29,2026-09-30,231,2026-09-30,False,0,0.574468085106383,0.6247767658909752,0.7,0.8842364549636841,0.7770735806600371,1,77.71,0.7770735806600371,1,77.71,SELL,0.3996,-0.2009,Bearish,-0.835,0.0,unavailable_no_point_in_time_source,True,1370.4,1370.4000244140625,2026-10-01,1344.0,-1.9264,0,,,,,,,,,,,,,0,0,0,1,1,1,-1.9264,1,,,,,,,,,,,,,,,,,,,,,,75-80,75-80
AUBANK.NS|2026-09-30|ensemble_lr0.20_rf0.30_xgb0.50,AUBANK.NS,2026-09-30,ensemble_lr0.20_rf0.30_xgb0.50,2025-10-01,2026-09-30,2026-09-28,2025-10-30,2026-09-29,2026-09-30,231,2026-09-30,False,0,0.5886524822695035,0.6954166647363959,0.68,0.5830406546592712,0.6346036602769148,1,63.46,0.6346036602769148,1,63.46,HOLD,0.4686,-0.0628,Bearish,-0.165,0.0,unavailable_no_point_in_time_source,True,1010.3,1010.2999877929688,2026-10-01,987.0,-2.3062,0,,,,,,,,,,,,,1,0,0,1,0,1,-2.3062,1,,,,,,,,,,,,,,,,,,,,,,60-65,60-65
AXISBANK.NS|2026-09-30|ensemble_lr0.20_rf0.30_xgb0.50,AXISBANK.NS,2026-09-30,ensemble_lr0.20_rf0.30_xgb0.50,2025-10-01,2026-09-30,2026-09-28,2025-10-30,2026-09-29,2026-09-30,231,2026-09-30,False,0,0.5390070921985816,0.5714716440699293,0.58,0.7221298217773438,0.6493592397026577,1,64.94,0.6493592397026577,1,64.94,HOLD,0.444,-0.112,Bearish,-0.5,0.0,unavailable_no_point_in_time_source,True,1226.0,1226.0,2026-10-01,1217.0999755859375,-0.7259,0,,,,,,,,,,,,,1,0,0,1,0,1,-0.7259,1,,,,,,,,,,,,,,,,,,,,,,60-65,60-65
BAJAJFINSV.NS|2026-09-30|ensemble_lr0.20_rf0.30_xgb0.50,BAJAJFINSV.NS,2026-09-30,ensemble_lr0.20_rf0.30_xgb0.50,2025-10-01,2026-09-30,2026-09-28,2025-10-30,2026-09-29,2026-09-30,231,2026-09-30,False,0,0.6028368794326241,0.19623863142016584,0.28,0.244710311293602,0.24560288193083418,0,75.44,0.24560288193083418,0,75.44,SELL,0.29,-0.4201,Bearish,-0.835,0.0,unavailable_no_point_in_time_source,True,1731.0,1731.0,2026-10-01,1732.5999755859375,0.0924,1,,,,,,,,,,,,,0,0,0,0,0,0,0.0924,0,,,,,,,,,,,,,,,,,,,,,,75-80,75-80
BAJFINANCE.NS|2026-09-30|ensemble_lr0.20_rf0.30_xgb0.50,BAJFINANCE.NS,2026-09-30,ensemble_lr0.20_rf0.30_xgb0.50,2025-10-01,2026-09-30,2026-09-28,2025-10-30,2026-09-29,2026-09-30,231,2026-09-30,False,0,0.6028368794326241,0.5647883943934214,0.5,0.5947570204734802,0.5603361891154244,1,56.03,0.5603361891154244,1,56.03,HOLD,0.4356,-0.1288,Bearish,-0.5,0.0,unavailable_no_point_in_time_source,True,959.4,959.4000244140625,2026-10-01,948.2999877929688,-1.157,0,,,,,,,,,,,,,0,0,0,1,1,1,-1.157,1,,,,,,,,,,,,,,,,,,,,,,55-60,55-60
