prediction_id,symbol,prediction_timestamp,model_version,daily_window_start,daily_window_end,weekly_window_end,training_start_timestamp,training_end_timestamp,training_label_end_timestamp,n_training_rows,feature_row_timestamp,prediction_row_in_training_set,majority_class_training,production_accuracy_fast,logistic_probability,rf_probability,xgb_probability,ensemble_probability,predicted_direction,confidence,forward_row_ensemble_probability,forward_row_predicted_direction,forward_row_confidence,signal,confluence,weighted_score,market_regime,timeframe_score,news_score,news_status,passes_quality_filters,production_cmp,prediction_price,outcome_date_1d,actual_price_1d,return_1d,outcome_1d,outcome_date_3d,actual_price_3d,return_3d,outcome_3d,outcome_date_5d,actual_price_5d,return_5d,outcome_5d,outcome_date_10d,actual_price_10d,return_10d,outcome_10d,realized_issue_move,correct_1d,forward_row_correct_1d,baseline_majority_correct_1d,baseline_prev_direction_correct_1d,signal_success_1d,legacy_cmp_return_1d,legacy_cmp_signal_success_1d,correct_3d,forward_row_correct_3d,baseline_majority_correct_3d,baseline_prev_direction_correct_3d,signal_success_3d,legacy_cmp_return_3d,legacy_cmp_signal_success_3d,correct_5d,forward_row_correct_5d,baseline_majority_correct_5d,baseline_prev_direction_correct_5d,signal_success_5d,legacy_cmp_return_5d,legacy_cmp_signal_success_5d,correct_10d,forward_row_correct_10d,baseline_majority_correct_10d,baseline_prev_direction_correct_10d,signal_success_10d,legacy_cmp_return_10d,legacy_cmp_signal_success_10d,confidence_bucket,forward_row_confidence_bucket
AARTIIND.NS|2025-10-01|ensemble_lr0.20_rf0.30_xgb0.50,AARTIIND.NS,2025-10-01,ensemble_lr0.20_rf0.30_xgb0.50,2024-10-03,2025-10-01,2025-09-29,2024-10-30,2025-09-30,2025-10-01,228,2025-10-01,False,0,0.4710144927536232,0.42453925570185796,0.7,0.35295334458351135,0.4713845234321273,0,52.86,0.4713845234321273,0,52.86,SELL,0.3462,-0.3075,Sideways,-0.67,0.0,unavailable_no_point_in_time_source,False,378.85,378.8468933105469,2025-10-03,379.84490966796875,0.2634,1,2025-10-07,376.60137939453125,-0.5927,0.0,2025-10-09,379.7451171875,0.2371,1.0,2025-10-16,375.8029479980469,-0.8035,0.0,1,0,0,0,1,0,0.2626,0,1.0,1.0,1.0,0.0,1.0,-0.5935,1.0,0.0,0.0,0.0,1.0,0.0,0.2363,0.0,1.0,1.0,1.0,0.0,1.0,-0.8043,1.0,50-55,50-55
AAVAS.NS|2025-10-01|ensemble_lr0.20_rf0.30_xgb0.50,AAVAS.NS,2025-10-01,ensemble_lr0.20_rf0.30_xgb0.50,2024-10-03,2025-10-01,2025-09-29,2024-10-30,2025-09-30,2025-10-01,228,2025-10-01,False,0,0.5869565217391305,0.5860517037768771,0.84,0.7344117164611816,0.7364161989859662,1,73.64,0.7364161989859662,1,73.64,HOLD,0.5344,0.0688,Sideways,-0.335,0.0,unavailable_no_point_in_time_source,False,1637.8,1637.800048828125,2025-10-03,1662.0,1.4776,1,2025-10-07,1673.5,2.1798,1.0,2025-10-09,1624.300048828125,-0.8243,0.0,2025-10-16,1607.5999755859375,-1.8439,0.0,1,1,1,0,1,1,1.4776,1,1.0,1.0,0.0,1.0,1.0,2.1798,1.0,0.0,0.0,1.0,0.0,1.0,-0.8243,1.0,0.0,0.0,1.0,0.0,1.0,-1.8439,1.0,70-75,70-75
ABCAPITAL.NS|2025-10-01|ensemble_lr0.20_rf0.30_xgb0.50,ABCAPITAL.NS,2025-10-01,ensemble_lr0.20_rf0.30_xgb0.50,2024-10-03,2025-10-01,2025-09-29,2024-10-30,2025-09-30,2025-10-01,228,2025-10-01,False,0,0.4275362318840579,0.4671290927898225,0.46,0.42271241545677185,0.44278202628635044,0,55.72,0.44278202628635044,0,55.72,BUY,0.5955,0.191,Sideways,1.0,0.0,unavailable_no_point_in_time_source,False,299.85,299.8500061035156,2025-10-03,303.95001220703125,1.3674,1,2025-10-07,303.5,1.2173,1.0,2025-10-09,297.95001220703125,-0.6336,0.0,2025-10-16,300.0,0.05,1.0,1,0,0,0,1,1,1.3674,1,0.0,0.0,0.0,1.0,1.0,1.2173,1.0,1.0,1.0,1.0,0.0,0.0,-0.6336,0.0,0.0,0.0,0.0,1.0,1.0,0.05,1.0,55-60,55-60
ABFRL.NS|2025-10-01|ensemble_lr0.20_rf0.30_xgb0.50,ABFRL.NS,2025-10-01,ensemble_lr0.20_rf0.30_xgb0.50,2024-10-03,2025-10-01,2025-09-29,2024-10-30,2025-09-30,2025-10-01,228,2025-10-01,False,0,0.49275362318840576,0.566790314330856,0.42,0.3354939818382263,0.4071050537852844,0,59.29,0.4071050537852844,0,59.29,SELL,0.368,-0.264,High Volatility,-0.5,0.0,unavailable_no_point_in_time_source,True,86.39,86.38999938964844,2025-10-03,87.98999786376953,1.8521,1,2025-10-07,85.69999694824219,-0.7987,0.0,2025-10-09,84.56999969482422,-2.1067,0.0,2025-10-16,83.69000244140625,-3.1254,0.0,1,0,0,0,1,0,1.8521,0,1.0,1.0,1.0,0.0,1.0,-0.7987,1.0,1.0,1.0,1.0,0.0,1.0,-2.1067,1.0,1.0,1.0,1.0,0.0,1.0,-3.1254,1.0,55-60,55-60
ACC.NS|2025-10-01|ensemble_lr0.20_rf0.30_xgb0.50,ACC.NS,2025-10-01,ensemble_lr0.20_rf0.30_xgb0.50,2024-10-03,2025-10-01,2025-09-29,2024-10-30,2025-09-30,2025-10-01,228,2025-10-01,False,0,0.5217391304347826,0.3756722179984273,0.86,0.9086446166038513,0.7874567519016111,1,78.75,0.7874567519016111,1,78.75,HOLD,0.5002,0.0004,Sideways,-0.165,0.0,unavailable_no_point_in_time_source,False,1817.48,1817.4837646484375,2025-10-03,1838.46240234375,1.1543,1,2025-10-07,1846.9134521484375,1.6193,1.0,2025-10-09,1864.0145263671875,2.5602,1.0,2025-10-16,1849.3990478515625,1.756,1.0,1,1,1,0,1,1,1.1545,1,1.0,1.0,0.0,1.0,1.0,1.6195,1.0,1.0,1.0,0.0,1.0,1.0,2.5604,1.0,1.0,1.0,0.0,1.0,1.0,1.7562,1.0,75-80,75-80
ADANIENT.NS|2025-10-01|ensemble_lr0.20_rf0.30_xgb0.50,ADANIENT.NS,2025-10-01,ensemble_lr0.20_rf0.30_xgb0.50,2024-10-03,2025-10-01,2025-09-29,2024-10-30,2025-09-30,2025-10-01,228,2025-10-01,False,0,0.536231884057971,0.4584386644584058,0.5,0.3991430103778839,0.4412592380806231,0,55.87,0.4412592380806231,0,55.87,BUY,0.6394,0.2789,Bullish,0.5,0.0,unavailable_no_point_in_time_source,True,2591.54,2591.541259765625,2025-10-03,2588.742431640625,-0.108,0,2025-10-07,2541.063720703125,-1.9478,0.0,2025-10-09,2541.263671875,-1.9401,0.0,2025-10-16,2556.45703125,-1.3538,0.0,1,1,1,1,0,0,-0.108,0,1.0,1.0,1.0,0.0,0.0,-1.9477,0.0,1.0,1.0,1.0,0.0,0.0,-1.94,0.0,1.0,1.0,1.0,0.0,0.0,-1.3537,0.0,55-60,55-60
ADANIPORTS.NS|2025-10-01|ensemble_lr0.20_rf0.30_xgb0.50,ADANIPORTS.NS,2025-10-01,ensemble_lr0.20_rf0.30_xgb0.50,2024-10-03,2025-10-01,2025-09-29,2024-10-30,2025-09-30,2025-10-01,228,2025-10-01,False,0,0.6014492753623188,0.5229255056811135,0.76,0.831024169921875,0.7480971860971601,1,74.81,0.7480971860971601,1,74.81,BUY,0.6201,0.2401,Bullish,-0.165,0.0,unavailable_no_point_in_time_source,True,1416.73,1416.729248046875,2025-10-03,1413.1444091796875,-0.253,0,2025-10-07,1393.6265869140625,-1.6307,0.0,2025-10-09,1389.742919921875,-1.9048,0.0,2025-10-16,1473.2908935546875,3.9924,1.0,1,0,0,1,0,0,-0.2531,0,0.0,0.0,1.0,0.0,0.0,-1.6308,0.0,0.0,0.0,1.0,0.0,0.0,-1.9049,0.0,1.0,1.0,0.0,1.0,1.0,3.9924,1.0,70-75,70-75
AETHER.NS|2025-10-01|ensemble_lr0.20_rf0.30_xgb0.50,AETHER.NS,2025-10-01,ensemble_lr0.20_rf0.30_xgb0.50,2024-10-03,2025-10-01,2025-09-29,2024-10-30,2025-09-30,2025-10-01,228,2025-10-01,False,0,0.5797101449275363,0.29823833164841973,0.8,0.6854761242866516,0.6423857284730097,1,64.24,0.6423857284730097,1,64.24,HOLD,0.5412,0.0825,Sideways,0.0,0.0,unavailable_no_point_in_time_source,False,752.4,752.4000244140625,2025-10-03,756.7000122070312,0.5715,1,2025-10-07,750.0,-0.319,0.0,2025-10-09,749.9500122070312,-0.3256,0.0,2025-10-16,748.1500244140625,-0.5649,0.0,1,1,1,0,1,1,0.5715,1,0.0,0.0,1.0,0.0,1.0,-0.319,1.0,0.0,0.0,1.0,0.0,1.0,-0.3256,1.0,0.0,0.0,1.0,0.0,1.0,-0.5649,1.0,60-65,60-65
AIAENG.NS|2025-10-01|ensemble_lr0.20_rf0.30_xgb0.50,AIAENG.NS,2025-10-01,ensemble_lr0.20_rf0.30_xgb0.50,2024-10-03,2025-10-01,2025-09-29,2024-10-30,2025-09-30,2025-10-01,228,2025-10-01,False,0,0.5217391304347826,0.7506030073002012,0.58,0.7963109016418457,0.722276052280963,1,72.23,0.722276052280963,1,72.23,BUY,0.6014,0.2028,Sideways,0.165,0.0,unavailable_no_point_in_time_source,False,3235.64,3235.63720703125,2025-10-03,3212.22509765625,-0.7236,0,2025-10-07,3161.31640625,-2.2969,0.0,2025-10-09,3259.646728515625,0.742,1.0,2025-10-16,3301.091064453125,2.0229,1.0,1,0,0,1,0,0,-0.7237,0,0.0,0.0,1.0,0.0,0.0,-2.297,0.0,1.0,1.0,0.0,1.0,1.0,0.7419,1.0,1.0,1.0,0.0,1.0,1.0,2.0228,1.0,70-75,70-75
AJANTPHARM.NS|2025-10-01|ensemble_lr0.20_rf0.30_xgb0.50,AJANTPHARM.NS,2025-10-01,ensemble_lr0.20_rf0.30_xgb0.50,2024-10-03,2025-10-01,2025-09-29,2024-10-30,2025-09-30,2025-10-01,228,2025-10-01,False,0,0.47826086956521735,0.6707107883792462,0.32,0.31565240025520325,0.38796835780345085,0,61.2,0.38796835780345085,0,61.2,SELL,0.3175,-0.3651,Bearish,-0.835,0.0,unavailable_no_point_in_time_source,False,2350.07,2350.06884765625,2025-10-03,2353.5966796875,0.1501,1,2025-10-07,2409.942626953125,2.5477,1.0,2025-10-09,2372.607421875,0.9591,1.0,2025-10-16,2408.86474609375,2.5019,1.0,0,0,0,0,0,0,0.1501,0,0.0,0.0,0.0,0.0,0.0,2.5477,0.0,0.0,0.0,0.0,0.0,0.0,0.959,0.0,0.0,0.0,0.0,0.0,0.0,2.5018,0.0,60-65,60-65
ALEMBICLTD.NS|2025-10-01|ensemble_lr0.20_rf0.30_xgb0.50,ALEMBICLTD.NS,2025-10-01,ensemble_lr0.20_rf0.30_xgb0.50,2024-10-03,2025-10-01,2025-09-29,2024-10-30,2025-09-30,2025-10-01,228,2025-10-01,False,0,0.49275362318840576,0.6484129330870482,0.46,0.5118931531906128,0.523629163212716,1,52.36,0.523629163212716,1,52.36,HOLD,0.4943,-0.0113,Sideways,-0.67,0.0,unavailable_no_point_in_time_source,False,100.74,100.74158477783203,2025-10-03,100.66368865966797,-0.0773,0,2025-10-07,98.94976043701172,-1.7786,0.0,2025-10-09,97.55720520019531,-3.1609,0.0,2025-10-16,95.3368911743164,-5.3649,0.0,1,0,0,1,0,1,-0.0758,1,0.0,0.0,1.0,0.0,1.0,-1.7771,1.0,0.0,0.0,1.0,0.0,0.0,-3.1594,0.0,0.0,0.0,1.0,0.0,0.0,-5.3634,0.0,50-55,50-55
ALKEM.NS|2025-10-01|ensemble_lr0.20_rf0.30_xgb0.50,ALKEM.NS,2025-10-01,ensemble_lr0.20_rf0.30_xgb0.50,2024-10-03,2025-10-01,2025-09-29,2024-10-30,2025-09-30,2025-10-01,228,2025-10-01,False,1,0.4710144927536232,0.6436685451345191,0.7,0.7089079022407532,0.6931876601472804,1,69.32,0.6931876601472804,1,69.32,BUY,0.6606,0.3213,Bullish,0.335,0.0,unavailable_no_point_in_time_source,False,5406.16,5406.16455078125,2025-10-03,5388.8359375,-0.3205,0,2025-10-07,5438.34716796875,0.5953,1.0,2025-10-09,5426.95947265625,0.3847,1.0,2025-10-16,5470.03466796875,1.1814,1.0,1,0,0,0,0,0,-0.3205,0,1.0,1.0,1.0,1.0,1.0,0.5954,1.0,1.0,1.0,1.0,1.0,1.0,0.3847,1.0,1.0,1.0,1.0,1.0,1.0,1.1815,1.0,65-70,65-70
AMBER.NS|2025-10-01|ensemble_lr0.20_rf0.30_xgb0.50,AMBER.NS,2025-10-01,ensemble_lr0.20_rf0.30_xgb0.50,2024-10-03,2025-10-01,2025-09-29,2024-10-30,2025-09-30,2025-10-01,228,2025-10-01,False,1,0.47826086956521746,0.5210514097518424,0.66,0.697161853313446,0.6507912086070915,1,65.08,0.6507912086070915,1,65.08,BUY,0.6165,0.2331,Sideways,0.5,0.0,unavailable_no_point_in_time_source,False,8241.5,8241.5,2025-10-03,8214.5,-0.3276,0,2025-10-07,8417.5,2.1355,1.0,2025-10-09,8246.0,0.0546,1.0,2025-10-16,8239.0,-0.0303,0.0,1,0,0,0,0,0,-0.3276,0,1.0,1.0,1.0,1.0,1.0,2.1355,1.0,1.0,1.0,1.0,1.0,1.0,0.0546,1.0,0.0,0.0,0.0,0.0,0.0,-0.0303,0.0,65-70,65-70
ANGELONE.NS|2025-10-01|ensemble_lr0.20_rf0.30_xgb0.50,ANGELONE.NS,2025-10-01,ensemble_lr0.20_rf0.30_xgb0.50,2024-10-03,2025-10-01,2025-09-29,2024-10-30,2025-09-30,2025-10-01,228,2025-10-01,False,0,0.5144927536231884,0.37516004214088045,0.54,0.5052735805511475,0.4896687987037498,0,51.03,0.4896687987037498,0,51.03,SELL,0.3385,-0.323,Bearish,-0.665,0.0,unavailable_no_point_in_time_source,False,213.23,213.23377990722656,2025-10-03,215.96115112304688,1.2791,1,2025-10-07,220.7879638671875,3.5427,1.0,2025-10-09,222.1712646484375,4.1914,1.0,2025-10-16,243.5583953857422,14.2213,1.0,1,0,0,0,1,0,1.2808,0,0.0,0.0,0.0,1.0,0.0,3.5445,0.0,0.0,0.0,0.0,1.0,0.0,4.1932,0.0,0.0,0.0,0.0,1.0,0.0,14.2233,0.0,50-55,50-55
APARINDS.NS|2025-10-01|ensemble_lr0.20_rf0.30_xgb0.50,APARINDS.NS,2025-10-01,ensemble_lr0.20_rf0.30_xgb0.50,2024-10-03,2025-10-01,2025-09-29,2024-10-30,2025-09-30,2025-10-01,228,2025-10-01,False,0,0.5144927536231884,0.4710385925016764,0.76,0.7900851368904114,0.7172502869455409,1,71.73,0.7172502869455409,1,71.73,HOLD,0.4927,-0.0145,Bearish,-0.165,0.0,unavailable_no_point_in_time_source,False,8187.57,8187.57421875,2025-10-03,8382.3974609375,2.3795,1,2025-10-07,8500.986328125,3.8279,1.0,2025-10-09,8439.69921875,3.0794,1.0,2025-10-16,8754.107421875,6.9194,1.0,1,1,1,0,1,1,2.3796,1,1.0,1.0,0.0,1.0,0.0,3.828,0.0,1.0,1.0,0.0,1.0,0.0,3.0794,0.0,1.0,1.0,0.0,1.0,0.0,6.9195,0.0,70-75,70-75
APOLLOHOSP.NS|2025-10-01|ensemble_lr0.20_rf0.30_xgb0.50,APOLLOHOSP.NS,2025-10-01,ensemble_lr0.20_rf0.30_xgb0.50,2024-10-03,2025-10-01,2025-09-29,2024-10-30,2025-09-30,2025-10-01,228,2025-10-01,False,0,0.5797101449275363,0.34794717032704264,0.56,0.2810702919960022,0.37812458006340965,0,62.19,0.37812458006340965,0,62.19,SELL,0.3869,-0.2263,Bearish,-0.335,0.0,unavailable_no_point_in_time_source,False,7422.49,7422.49365234375,2025-10-03,7430.97265625,0.1142,1,2025-10-07,7680.849609375,3.4807,1.0,2025-10-09,7675.8623046875,3.4135,1.0,2025-10-16,7814.017578125,5.2748,1.0,1,0,0,0,1,0,0.1143,0,0.0,0.0,0.0,1.0,0.0,3.4808,0.0,0.0,0.0,0.0,1.0,0.0,3.4136,0.0,0.0,0.0,0.0,1.0,0.0,5.2749,0.0,60-65,60-65
APOLLOTYRE.NS|2025-10-01|ensemble_lr0.20_rf0.30_xgb0.50,APOLLOTYRE.NS,2025-10-01,ensemble_lr0.20_rf0.30_xgb0.50,2024-10-03,2025-10-01,2025-09-29,2024-10-30,2025-09-30,2025-10-01,228,2025-10-01,False,0,0.5797101449275363,0.40040547525488407,0.3,0.3779851496219635,0.35907366986195854,0,64.09,0.35907366986195854,0,64.09,HOLD,0.4237,-0.1526,Bearish,0.165,0.0,unavailable_no_point_in_time_source,True,461.77,461.7741394042969,2025-10-03,467.20501708984375,1.1761,1,2025-10-07,472.48779296875,2.3201,1.0,2025-10-09,478.7580261230469,3.678,1.0,2025-10-16,483.7939758300781,4.7685,1.0,0,0,0,0,0,1,1.177,1,0.0,0.0,0.0,0.0,1.0,2.321,1.0,0.0,0.0,0.0,0.0,0.0,3.6789,0.0,0.0,0.0,0.0,0.0,0.0,4.7695,0.0,60-65,60-65
ASHOKLEY.NS|2025-10-01|ensemble_lr0.20_rf0.30_xgb0.50,ASHOKLEY.NS,2025-10-01,ensemble_lr0.20_rf0.30_xgb0.50,2024-10-03,2025-10-01,2025-09-29,2024-10-30,2025-09-30,2025-10-01,228,2025-10-01,False,1,0.47826086956521735,0.43657291018572614,0.52,0.7323419451713562,0.6094855546228233,1,60.95,0.6094855546228233,1,60.95,STRONG BUY,0.7828,0.5657,Bullish,1.0,0.0,unavailable_no_point_in_time_source,True,137.93,137.92575073242188,2025-10-03,136.51943969726562,-1.0196,0,2025-10-07,136.5585174560547,-0.9913,0.0,2025-10-09,135.39634704589844,-1.8339,0.0,2025-10-16,134.02911376953125,-2.8252,0.0,0,0,0,0,1,0,-1.0227,0,0.0,0.0,0.0,1.0,0.0,-0.9943,0.0,0.0,0.0,0.0,1.0,0.0,-1.8369,0.0,0.0,0.0,0.0,1.0,0.0,-2.8282,0.0,60-65,60-65
ASIANPAINT.NS|2025-10-01|ensemble_lr0.20_rf0.30_xgb0.50,ASIANPAINT.NS,2025-10-01,ensemble_lr0.20_rf0.30_xgb0.50,2024-10-03,2025-10-01,2025-09-29,2024-10-30,2025-09-30,2025-10-01,228,2025-10-01,False,0,0.4275362318840579,0.5865063731135695,0.38,0.654551088809967,0.5585768190276974,1,55.86,0.5585768190276974,1,55.86,HOLD,0.4381,-0.1239,Bearish,-0.67,0.0,unavailable_no_point_in_time_source,True,2312.1,2312.1005859375,2025-10-03,2333.877197265625,0.9419,1,2025-10-07,2328.927978515625,0.7278,1.0,2025-10-09,2312.6943359375,0.0257,1.0,2025-10-16,2385.250732421875,3.1638,1.0,0,1,1,0,0,1,0.9419,1,1.0,1.0,0.0,0.0,1.0,0.7278,1.0,1.0,1.0,0.0,0.0,1.0,0.0257,1.0,1.0,1.0,0.0,0.0,0.0,3.1638,0.0,55-60,55-60
ASTRAL.NS|2025-10-01|ensemble_lr0.20_rf0.30_xgb0.50,ASTRAL.NS,2025-10-01,ensemble_lr0.20_rf0.30_xgb0.50,2024-10-03,2025-10-01,2025-09-29,2024-10-30,2025-09-30,2025-10-01,228,2025-10-01,False,0,0.5652173913043479,0.22953297037270032,0.44,0.13725495338439941,0.24653407076673978,0,75.35,0.24653407076673978,0,75.35,SELL,0.3323,-0.3355,Bearish,-0.335,0.0,unavailable_no_point_in_time_source,True,1372.92,1372.92431640625,2025-10-03,1380.1060791015625,0.5231,1,2025-10-07,1415.815673828125,3.1241,1.0,2025-10-09,1402.54931640625,2.1578,1.0,2025-10-16,1441.151611328125,4.9695,1.0,1,0,0,0,1,0,0.5234,0,0.0,0.0,0.0,1.0,0.0,3.1244,0.0,0.0,0.0,0.0,1.0,0.0,2.1581,0.0,0.0,0.0,0.0,1.0,0.0,4.9698,0.0,75-80,75-80
AUBANK.NS|2025-10-01|ensemble_lr0.20_rf0.30_xgb0.50,AUBANK.NS,2025-10-01,ensemble_lr0.20_rf0.30_xgb0.50,2024-10-03,2025-10-01,2025-09-29,2024-10-30,2025-09-30,2025-10-01,228,2025-10-01,False,0,0.5144927536231885,0.31023056973253527,0.3,0.5274671912193298,0.41577970955617194,0,58.42,0.41577970955617194,0,58.42,HOLD,0.4532,-0.0936,Sideways,0.165,0.0,unavailable_no_point_in_time_source,True,723.85,723.8470458984375,2025-10-03,741.1802368164062,2.3946,1,2025-10-07,763.2587890625,5.4448,1.0,2025-10-09,759.2626342773438,4.8927,1.0,2025-10-16,797.7252807617188,10.2063,1.0,0,0,0,0,0,1,2.3942,1,0.0,0.0,0.0,0.0,0.0,5.4443,0.0,0.0,0.0,0.0,0.0,0.0,4.8923,0.0,0.0,0.0,0.0,0.0,0.0,10.2059,0.0,55-60,55-60
AXISBANK.NS|2025-10-01|ensemble_lr0.20_rf0.30_xgb0.50,AXISBANK.NS,2025-10-01,ensemble_lr0.20_rf0.30_xgb0.50,2024-10-03,2025-10-01,2025-09-29,2024-10-30,2025-09-30,2025-10-01,228,2025-10-01,False,0,0.5,0.3101980134640564,0.38,0.2850789725780487,0.3185790889818356,0,68.14,0.3185790889818356,0,68.14,BUY,0.655,0.3101,Bullish,0.665,0.0,unavailable_no_point_in_time_source,True,1158.61,1158.6064453125,2025-10-03,1180.08984375,1.8542,1,2025-10-07,1185.885498046875,2.3545,1.0,2025-10-09,1166.5003662109375,0.6813,1.0,2025-10-16,1195.378173828125,3.1738,1.0,1,0,0,0,1,1,1.8539,1,0.0,0.0,0.0,1.0,1.0,2.3542,1.0,0.0,0.0,0.0,1.0,1.0,0.681,1.0,0.0,0.0,0.0,1.0,1.0,3.1735,1.0,65-70,65-70
BAJAJ-AUTO.NS|2025-10-01|ensemble_lr0.20_rf0.30_xgb0.50,BAJAJ-AUTO.NS,2025-10-01,ensemble_lr0.20_rf0.30_xgb0.50,2024-10-03,2025-10-01,2025-09-29,2024-10-30,2025-09-30,2025-10-01,228,2025-10-01,False,0,0.5434782608695652,0.6467830382321338,0.42,0.6298650503158569,0.5702891328043552,1,57.03,0.5702891328043552,1,57.03,HOLD,0.5312,0.0624,Bearish,0.0,0.0,unavailable_no_point_in_time_source,False,8506.78,8506.78125,2025-10-03,8559.0458984375,0.6144,1,2025-10-07,8780.4306640625,3.2168,1.0,2025-10-09,8687.7353515625,2.1272,1.0,2025-10-16,9024.4951171875,6.0859,1.0,0,1,1,0,0,1,0.6144,1,1.0,1.0,0.0,0.0,0.0,3.2169,0.0,1.0,1.0,0.0,0.0,1.0,2.1272,1.0,1.0,1.0,0.0,0.0,0.0,6.0859,0.0,55-60,55-60
BAJAJFINSV.NS|2025-10-01|ensemble_lr0.20_rf0.30_xgb0.50,BAJAJFINSV.NS,2025-10-01,ensemble_lr0.20_rf0.30_xgb0.50,2024-10-03,2025-10-01,2025-09-29,2024-10-30,2025-09-30,2025-10-01,228,2025-10-01,False,0,0.48550724637681153,0.34710164269011706,0.68,0.38100141286849976,0.4639210349722733,0,53.61,0.4639210349722733,0,53.61,SELL,0.3901,-0.2198,Bearish,-0.165,0.0,unavailable_no_point_in_time_source,False,2005.29,2005.288818359375,2025-10-03,1999.194091796875,-0.3039,0,2025-10-07,2030.8670654296875,1.2755,1.0,2025-10-09,2012.88232421875,0.3787,1.0,2025-10-16,2088.41796875,4.1455,1.0,1,1,1,1,0,1,-0.304,1,0.0,0.0,0.0,1.0,0.0,1.2755,0.0,0.0,0.0,0.0,1.0,0.0,0.3786,0.0,0.0,0.0,0.0,1.0,0.0,4.1454,0.0,50-55,50-55
BAJFINANCE.NS|2025-10-01|ensemble_lr0.20_rf0.30_xgb0.50,BAJFINANCE.NS,2025-10-01,ensemble_lr0.20_rf0.30_xgb0.50,2024-10-03,2025-10-01,2025-09-29,2024-10-30,2025-09-30,2025-10-01,228,2025-10-01,False,1,0.463768115942029,0.4418957735133981,0.38,0.5469325184822083,0.47584541394378377,0,52.42,0.47584541394378377,0,52.42,BUY,0.5957,0.1913,Bullish,0.5,0.0,unavailable_no_point_in_time_source,False,981.67,981.66552734375,2025-10-03,983.7029418945312,0.2075,1,2025-10-07,1010.3392333984375,2.9209,1.0,2025-10-09,1017.8430786132812,3.6853,1.0,2025-10-16,1059.2386474609375,7.9022,1.0,0,0,0,1,0,1,0.2071,1,0.0,0.0,1.0,0.0,1.0,2.9205,1.0,0.0,0.0,1.0,0.0,1.0,3.6849,1.0,0.0,0.0,1.0,0.0,1.0,7.9017,1.0,50-55,50-55
BEL.NS|2025-10-01|ensemble_lr0.20_rf0.30_xgb0.50,BEL.NS,2025-10-01,ensemble_lr0.20_rf0.30_xgb0.50,2024-10-03,2025-10-01,2025-09-29,2024-10-30,2025-09-30,2025-10-01,228,2025-10-01,False,0,0.5507246376811593,0.598172595762256,0.66,0.612821102142334,0.6240450702236182,1,62.4,0.6240450702236182,1,62.4,BUY,0.6931,0.3862,Bullish,0.5,0.0,unavailable_no_point_in_time_source,True,404.23,404.22802734375,2025-10-03,410.3436584472656,1.5129,1,2025-10-07,408.00677490234375,0.9348,1.0,2025-10-09,407.0621032714844,0.7011,1.0,2025-10-16,409.4983825683594,1.3038,1.0,1,1,1,0,1,1,1.5124,1,1.0,1.0,0.0,1.0,1.0,0.9343,1.0,1.0,1.0,0.0,1.0,1.0,0.7006,1.0,1.0,1.0,0.0,1.0,1.0,1.3033,1.0,60-65,60-65
BPCL.NS|2025-10-01|ensemble_lr0.20_rf0.30_xgb0.50,BPCL.NS,2025-10-01,ensemble_lr0.20_rf0.30_xgb0.50,2024-10-03,2025-10-01,2025-09-29,2024-10-30,2025-09-30,2025-10-01,228,2025-10-01,False,0,0.5652173913043478,0.2660903205883248,0.58,0.5965638160705566,0.5254999721529433,1,52.55,0.5254999721529433,1,52.55,STRONG BUY,0.727,0.454,Bullish,0.665,0.0,unavailable_no_point_in_time_source,False,323.65,323.6462097167969,2025-10-03,325.40875244140625,0.5446,1,2025-10-07,325.7422180175781,0.6476,1.0,2025-10-09,327.74298095703125,1.2658,1.0,2025-10-16,320.0257568359375,-1.1186,0.0,1,1,1,0,1,1,0.5434,1,1.0,1.0,0.0,1.0,1.0,0.6464,1.0,1.0,1.0,0.0,1.0,1.0,1.2646,1.0,0.0,0.0,1.0,0.0,0.0,-1.1198,0.0,50-55,50-55
AARTIIND.NS|2025-10-09|ensemble_lr0.20_rf0.30_xgb0.50,AARTIIND.NS,2025-10-09,ensemble_lr0.20_rf0.30_xgb0.50,2024-10-10,2025-10-09,2025-10-06,2024-11-06,2025-10-08,2025-10-09,228,2025-10-09,False,0,0.44202898550724634,0.6215648504006249,0.34,0.3697105944156647,0.4111682672879573,0,58.88,0.4111682672879573,0,58.88,HOLD,0.4268,-0.1465,Sideways,-0.335,0.0,unavailable_no_point_in_time_source,False,379.75,379.7451171875,2025-10-10,377.25006103515625,-0.657,0,2025-10-14,374.2560119628906,-1.4455,0.0,2025-10-16,375.8029479980469,-1.0381,0.0,2025-10-24,380.9427490234375,0.3154,1.0,1,1,1,1,0,1,-0.6583,1,1.0,1.0,1.0,0.0,1.0,-1.4467,1.0,1.0,1.0,1.0,0.0,1.0,-1.0394,1.0,0.0,0.0,0.0,1.0,1.0,0.3141,1.0,55-60,55-60
AAVAS.NS|2025-10-09|ensemble_lr0.20_rf0.30_xgb0.50,AAVAS.NS,2025-10-09,ensemble_lr0.20_rf0.30_xgb0.50,2024-10-10,2025-10-09,2025-10-06,2024-11-06,2025-10-08,2025-10-09,228,2025-10-09,False,0,0.6086956521739131,0.6804484304026351,0.64,0.5127519965171814,0.5844656843391177,1,58.45,0.5844656843391177,1,58.45,HOLD,0.5141,0.0282,Sideways,-0.335,0.0,unavailable_no_point_in_time_source,False,1624.3,1624.300048828125,2025-10-10,1631.699951171875,0.4556,1,2025-10-14,1597.0,-1.6807,0.0,2025-10-16,1607.5999755859375,-1.0281,0.0,2025-10-24,1688.0,3.9217,1.0,0,1,1,0,0,1,0.4556,1,0.0,0.0,1.0,1.0,1.0,-1.6807,1.0,0.0,0.0,1.0,1.0,1.0,-1.0281,1.0,1.0,1.0,0.0,0.0,0.0,3.9217,0.0,55-60,55-60
ABCAPITAL.NS|2025-10-09|ensemble_lr0.20_rf0.30_xgb0.50,ABCAPITAL.NS,2025-10-09,ensemble_lr0.20_rf0.30_xgb0.50,2024-10-10,2025-10-09,2025-10-06,2024-11-06,2025-10-08,2025-10-09,228,2025-10-09,False,0,0.47826086956521746,0.4695414862327339,0.54,0.4621436595916748,0.4869801270423842,0,51.3,0.4869801270423842,0,51.3,HOLD,0.5534,0.1068,Sideways,0.835,0.0,unavailable_no_point_in_time_source,False,297.95,297.95001220703125,2025-10-10,293.3500061035156,-1.5439,0,2025-10-14,298.0,0.0168,1.0,2025-10-16,300.0,0.688,1.0,2025-10-24,306.1499938964844,2.7521,1.0,1,1,1,1,0,1,-1.5439,1,0.0,0.0,0.0,1.0,1.0,0.0168,1.0,0.0,0.0,0.0,1.0,1.0,0.688,1.0,0.0,0.0,0.0,1.0,1.0,2.7521,1.0,50-55,50-55
ABFRL.NS|2025-10-09|ensemble_lr0.20_rf0.30_xgb0.50,ABFRL.NS,2025-10-09,ensemble_lr0.20_rf0.30_xgb0.50,2024-10-10,2025-10-09,2025-10-06,2024-11-06,2025-10-08,2025-10-09,228,2025-10-09,False,0,0.463768115942029,0.5267222216302527,0.42,0.42198944091796875,0.44233916478503493,0,55.77,0.44233916478503493,0,55.77,SELL,0.3692,-0.2615,High Volatility,-0.5,0.0,unavailable_no_point_in_time_source,True,84.57,84.56999969482422,2025-10-10,83.19000244140625,-1.6318,0,2025-10-14,80.13999938964844,-5.2383,0.0,2025-10-16,83.69000244140625,-1.0406,0.0,2025-10-24,81.93000030517578,-3.1217,0.0,0,1,1,1,1,1,-1.6318,1,1.0,1.0,1.0,1.0,1.0,-5.2383,1.0,1.0,1.0,1.0,1.0,1.0,-1.0406,1.0,1.0,1.0,1.0,1.0,1.0,-3.1217,1.0,55-60,55-60
ACC.NS|2025-10-09|ensemble_lr0.20_rf0.30_xgb0.50,ACC.NS,2025-10-09,ensemble_lr0.20_rf0.30_xgb0.50,2024-10-10,2025-10-09,2025-10-06,2024-11-06,2025-10-08,2025-10-09,228,2025-10-09,False,0,0.5144927536231884,0.5546860215755995,0.74,0.7783691883087158,0.7221217984694779,1,72.21,0.7221217984694779,1,72.21,HOLD,0.5714,0.1428,Sideways,0.165,0.0,unavailable_no_point_in_time_source,False,1864.01,1864.0145263671875,2025-10-10,1874.7523193359375,0.5761,1,2025-10-14,1851.7852783203125,-0.6561,0.0,2025-10-16,1849.3990478515625,-0.7841,0.0,2025-10-24,1839.4566650390625,-1.3175,0.0,1,1,1,0,1,1,0.5763,1,0.0,0.0,1.0,0.0,1.0,-0.6558,1.0,0.0,0.0,1.0,0.0,1.0,-0.7838,1.0,0.0,0.0,1.0,0.0,1.0,-1.3172,1.0,70-75,70-75
ADANIENT.NS|2025-10-09|ensemble_lr0.20_rf0.30_xgb0.50,ADANIENT.NS,2025-10-09,ensemble_lr0.20_rf0.30_xgb0.50,2024-10-10,2025-10-09,2025-10-06,2024-11-06,2025-10-08,2025-10-09,228,2025-10-09,False,0,0.5942028985507247,0.36817808145898195,0.38,0.3913210332393646,0.3832961329114787,0,61.67,0.3832961329114787,0,61.67,HOLD,0.5447,0.0893,Bullish,0.0,0.0,unavailable_no_point_in_time_source,True,2541.26,2541.263671875,2025-10-10,2549.759765625,0.3343,1,2025-10-14,2515.875,-0.9991,0.0,2025-10-16,2556.45703125,0.5979,1.0,2025-10-24,2503.080810546875,-1.5025,0.0,1,0,0,0,1,1,0.3345,1,1.0,1.0,1.0,0.0,1.0,-0.9989,1.0,0.0,0.0,0.0,1.0,1.0,0.598,1.0,1.0,1.0,1.0,0.0,1.0,-1.5024,1.0,60-65,60-65
ADANIPORTS.NS|2025-10-09|ensemble_lr0.20_rf0.30_xgb0.50,ADANIPORTS.NS,2025-10-09,ensemble_lr0.20_rf0.30_xgb0.50,2024-10-10,2025-10-09,2025-10-06,2024-11-06,2025-10-08,2025-10-09,228,2025-10-09,False,0,0.6014492753623188,0.31342061596324605,0.6,0.6542704105377197,0.5698193284615091,1,56.98,0.5698193284615091,1,56.98,HOLD,0.5588,0.1176,Sideways,-0.165,0.0,unavailable_no_point_in_time_source,True,1389.74,1389.742919921875,2025-10-10,1403.485107421875,0.9888,1,2025-10-14,1423.0028076171875,2.3932,1.0,2025-10-16,1473.2908935546875,6.0118,1.0,2025-10-24,1423.0028076171875,2.3932,1.0,1,1,1,0,1,1,0.989,1,1.0,1.0,0.0,1.0,1.0,2.3935,1.0,1.0,1.0,0.0,1.0,0.0,6.012,0.0,1.0,1.0,0.0,1.0,1.0,2.3935,1.0,55-60,55-60
AETHER.NS|2025-10-09|ensemble_lr0.20_rf0.30_xgb0.50,AETHER.NS,2025-10-09,ensemble_lr0.20_rf0.30_xgb0.50,2024-10-10,2025-10-09,2025-10-06,2024-11-06,2025-10-08,2025-10-09,228,2025-10-09,False,0,0.5434782608695652,0.3056158347172411,0.4,0.46815839409828186,0.41520236399258914,0,58.48,0.41520236399258914,0,58.48,HOLD,0.4657,-0.0687,Sideways,0.165,0.0,unavailable_no_point_in_time_source,False,749.95,749.9500122070312,2025-10-10,750.2000122070312,0.0333,1,2025-10-14,745.0499877929688,-0.6534,0.0,2025-10-16,748.1500244140625,-0.24,0.0,2025-10-24,764.4500122070312,1.9335,1.0,0,0,0,0,0,1,0.0333,1,1.0,1.0,1.0,1.0,1.0,-0.6534,1.0,1.0,1.0,1.0,1.0,1.0,-0.24,1.0,0.0,0.0,0.0,0.0,1.0,1.9335,1.0,55-60,55-60
AIAENG.NS|2025-10-09|ensemble_lr0.20_rf0.30_xgb0.50,AIAENG.NS,2025-10-09,ensemble_lr0.20_rf0.30_xgb0.50,2024-10-10,2025-10-09,2025-10-06,2024-11-06,2025-10-08,2025-10-09,228,2025-10-09,False,0,0.5362318840579711,0.49328490966722643,0.58,0.5324659943580627,0.5388899791124766,1,53.89,0.5388899791124766,1,53.89,BUY,0.6277,0.2555,Bullish,0.335,0.0,unavailable_no_point_in_time_source,False,3259.65,3259.646728515625,2025-10-10,3259.646728515625,0.0,0,2025-10-14,3216.509033203125,-1.3234,0.0,2025-10-16,3301.091064453125,1.2714,1.0,2025-10-24,3347.6162109375,2.6987,1.0,1,0,0,1,0,0,-0.0001,0,0.0,0.0,1.0,0.0,0.0,-1.3235,0.0,1.0,1.0,0.0,1.0,1.0,1.2713,1.0,1.0,1.0,0.0,1.0,1.0,2.6986,1.0,50-55,50-55
AJANTPHARM.NS|2025-10-09|ensemble_lr0.20_rf0.30_xgb0.50,AJANTPHARM.NS,2025-10-09,ensemble_lr0.20_rf0.30_xgb0.50,2024-10-10,2025-10-09,2025-10-06,2024-11-06,2025-10-08,2025-10-09,228,2025-10-09,False,0,0.4855072463768116,0.5306595276686957,0.62,0.7910736203193665,0.6876687156934224,1,68.77,0.6876687156934224,1,68.77,SELL,0.4174,-0.1651,Bearish,-0.835,0.0,unavailable_no_point_in_time_source,False,2372.61,2372.607421875,2025-10-10,2385.346435546875,0.5369,1,2025-10-14,2343.993408203125,-1.206,0.0,2025-10-16,2408.86474609375,1.5282,1.0,2025-10-24,2365.94384765625,-0.2809,0.0,1,1,1,0,1,0,0.5368,0,0.0,0.0,1.0,0.0,1.0,-1.2061,1.0,1.0,1.0,0.0,1.0,0.0,1.5281,0.0,0.0,0.0,1.0,0.0,1.0,-0.281,1.0,65-70,65-70
ALEMBICLTD.NS|2025-10-09|ensemble_lr0.20_rf0.30_xgb0.50,ALEMBICLTD.NS,2025-10-09,ensemble_lr0.20_rf0.30_xgb0.50,2024-10-10,2025-10-09,2025-10-06,2024-11-06,2025-10-08,2025-10-09,228,2025-10-09,False,0,0.5579710144927535,0.3787617458188561,0.26,0.18419811129570007,0.24585140481162127,0,75.41,0.24585140481162127,0,75.41,SELL,0.3497,-0.3005,Sideways,-0.835,0.0,unavailable_no_point_in_time_source,False,97.56,97.55720520019531,2025-10-10,97.8785629272461,0.3294,1,2025-10-14,95.02527618408203,-2.5953,0.0,2025-10-16,95.3368911743164,-2.2759,0.0,2025-10-24,98.16097259521484,0.6189,1.0,0,0,0,0,0,0,0.3265,0,1.0,1.0,1.0,1.0,1.0,-2.5981,1.0,1.0,1.0,1.0,1.0,1.0,-2.2787,1.0,0.0,0.0,0.0,0.0,0.0,0.616,0.0,75-80,75-80
ALKEM.NS|2025-10-09|ensemble_lr0.20_rf0.30_xgb0.50,ALKEM.NS,2025-10-09,ensemble_lr0.20_rf0.30_xgb0.50,2024-10-10,2025-10-09,2025-10-06,2024-11-06,2025-10-08,2025-10-09,228,2025-10-09,False,1,0.5144927536231884,0.6414336871149591,0.54,0.7133021950721741,0.6469378349590789,1,64.69,0.6469378349590789,1,64.69,BUY,0.604,0.208,Sideways,0.335,0.0,unavailable_no_point_in_time_source,False,5426.96,5426.95947265625,2025-10-10,5401.21337890625,-0.4744,0,2025-10-14,5439.33740234375,0.2281,1.0,2025-10-16,5470.03466796875,0.7937,1.0,2025-10-24,5490.82958984375,1.1769,1.0,0,0,0,0,1,0,-0.4744,0,1.0,1.0,1.0,0.0,1.0,0.2281,1.0,1.0,1.0,1.0,0.0,1.0,0.7937,1.0,1.0,1.0,1.0,0.0,1.0,1.1769,1.0,60-65,60-65
AMBER.NS|2025-10-09|ensemble_lr0.20_rf0.30_xgb0.50,AMBER.NS,2025-10-09,ensemble_lr0.20_rf0.30_xgb0.50,2024-10-10,2025-10-09,2025-10-06,2024-11-06,2025-10-08,2025-10-09,228,2025-10-09,False,1,0.5942028985507246,0.46681453919805577,0.74,0.8935823440551758,0.7621540798671991,1,76.22,0.7621540798671991,1,76.22,BUY,0.6254,0.2509,Sideways,0.5,0.0,unavailable_no_point_in_time_source,False,8246.0,8246.0,2025-10-10,8284.5,0.4669,1,2025-10-14,8204.5,-0.5033,0.0,2025-10-16,8239.0,-0.0849,0.0,2025-10-24,8321.5,0.9156,1.0,1,1,1,1,1,1,0.4669,1,0.0,0.0,0.0,0.0,0.0,-0.5033,0.0,0.0,0.0,0.0,0.0,0.0,-0.0849,0.0,1.0,1.0,1.0,1.0,1.0,0.9156,1.0,75-80,75-80
ANGELONE.NS|2025-10-09|ensemble_lr0.20_rf0.30_xgb0.50,ANGELONE.NS,2025-10-09,ensemble_lr0.20_rf0.30_xgb0.50,2024-10-10,2025-10-09,2025-10-06,2024-11-06,2025-10-08,2025-10-09,228,2025-10-09,False,0,0.44202898550724634,0.5398148599393136,0.38,0.3575294017791748,0.4007276728774501,0,59.93,0.4007276728774501,0,59.93,SELL,0.4126,-0.1747,Sideways,-0.335,0.0,unavailable_no_point_in_time_source,True,222.17,222.1712646484375,2025-10-10,225.9679718017578,1.7089,1,2025-10-14,235.9061279296875,6.1821,1.0,2025-10-16,243.5583953857422,9.6264,1.0,2025-10-24,246.68797302246094,11.035,1.0,1,0,0,0,1,0,1.7095,0,0.0,0.0,0.0,1.0,0.0,6.1827,0.0,0.0,0.0,0.0,1.0,0.0,9.627,0.0,0.0,0.0,0.0,1.0,0.0,11.0357,0.0,55-60,55-60
APARINDS.NS|2025-10-09|ensemble_lr0.20_rf0.30_xgb0.50,APARINDS.NS,2025-10-09,ensemble_lr0.20_rf0.30_xgb0.50,2024-10-10,2025-10-09,2025-10-06,2024-11-06,2025-10-08,2025-10-09,228,2025-10-09,False,0,0.5579710144927537,0.5139106672870234,0.4,0.26444464921951294,0.35500445806716113,0,64.5,0.35500445806716113,0,64.5,HOLD,0.4563,-0.0874,Sideways,-0.165,0.0,unavailable_no_point_in_time_source,False,8439.7,8439.69921875,2025-10-10,8355.9892578125,-0.9919,0,2025-10-14,8475.57421875,0.4251,1.0,2025-10-16,8754.107421875,3.7253,1.0,2025-10-24,8703.2841796875,3.1232,1.0,0,1,1,1,1,1,-0.9919,1,0.0,0.0,0.0,0.0,1.0,0.4251,1.0,0.0,0.0,0.0,0.0,0.0,3.7253,0.0,0.0,0.0,0.0,0.0,0.0,3.1231,0.0,60-65,60-65
APOLLOHOSP.NS|2025-10-09|ensemble_lr0.20_rf0.30_xgb0.50,APOLLOHOSP.NS,2025-10-09,ensemble_lr0.20_rf0.30_xgb0.50,2024-10-10,2025-10-09,2025-10-06,2024-11-06,2025-10-08,2025-10-09,228,2025-10-09,False,0,0.5289855072463768,0.32033249102987293,0.42,0.1304219365119934,0.2552774664619713,0,74.47,0.2552774664619713,0,74.47,HOLD,0.5688,0.1376,Bullish,0.165,0.0,unavailable_no_point_in_time_source,False,7675.86,7675.8623046875,2025-10-10,7661.89697265625,-0.1819,0,2025-10-14,7739.70263671875,0.8317,1.0,2025-10-16,7814.017578125,1.7999,1.0,2025-10-24,7818.00732421875,1.8518,1.0,1,1,1,1,0,1,-0.1819,1,0.0,0.0,0.0,1.0,1.0,0.8317,1.0,0.0,0.0,0.0,1.0,1.0,1.7999,1.0,0.0,0.0,0.0,1.0,1.0,1.8519,1.0,70-75,70-75
APOLLOTYRE.NS|2025-10-09|ensemble_lr0.20_rf0.30_xgb0.50,APOLLOTYRE.NS,2025-10-09,ensemble_lr0.20_rf0.30_xgb0.50,2024-10-10,2025-10-09,2025-10-06,2024-11-06,2025-10-08,2025-10-09,228,2025-10-09,False,0,0.5217391304347826,0.4445530531005798,0.34,0.2609349191188812,0.32137807017955655,0,67.86,0.32137807017955655,0,67.86,HOLD,0.4749,-0.0503,Sideways,0.165,0.0,unavailable_no_point_in_time_source,True,478.76,478.7580261230469,2025-10-10,482.11529541015625,0.7012,1,2025-10-14,474.6601867675781,-0.8559,0.0,2025-10-16,483.7939758300781,1.0519,1.0,2025-10-24,493.5201721191406,3.0834,1.0,0,0,0,0,0,1,0.7008,1,1.0,1.0,1.0,1.0,1.0,-0.8563,1.0,0.0,0.0,0.0,0.0,1.0,1.0515,1.0,0.0,0.0,0.0,0.0,0.0,3.083,0.0,65-70,65-70
ASHOKLEY.NS|2025-10-09|ensemble_lr0.20_rf0.30_xgb0.50,ASHOKLEY.NS,2025-10-09,ensemble_lr0.20_rf0.30_xgb0.50,2024-10-10,2025-10-09,2025-10-06,2024-11-06,2025-10-08,2025-10-09,228,2025-10-09,False,0,0.5217391304347826,0.49855623530812093,0.42,0.3956342339515686,0.4235283640374085,0,57.65,0.4235283640374085,0,57.65,HOLD,0.5588,0.1176,Bullish,0.5,0.0,unavailable_no_point_in_time_source,True,135.4,135.39634704589844,2025-10-10,134.33184814453125,-0.7862,0,2025-10-14,132.24192810058594,-2.3298,0.0,2025-10-16,134.02911376953125,-1.0098,0.0,2025-10-24,133.15992736816406,-1.6518,0.0,0,1,1,1,1,1,-0.7889,1,1.0,1.0,1.0,1.0,1.0,-2.3324,1.0,1.0,1.0,1.0,1.0,1.0,-1.0125,1.0,1.0,1.0,1.0,1.0,1.0,-1.6544,1.0,55-60,55-60
ASIANPAINT.NS|2025-10-09|ensemble_lr0.20_rf0.30_xgb0.50,ASIANPAINT.NS,2025-10-09,ensemble_lr0.20_rf0.30_xgb0.50,2024-10-10,2025-10-09,2025-10-06,2024-11-06,2025-10-08,2025-10-09,228,2025-10-09,False,0,0.5,0.34590629207454454,0.4,0.24285325407981873,0.31060788545481827,0,68.94,0.31060788545481827,0,68.94,STRONG SELL,0.2692,-0.4615,Bearish,-0.835,0.0,unavailable_no_point_in_time_source,True,2312.69,2312.6943359375,2025-10-10,2316.455810546875,0.1626,1,2025-10-14,2294.580322265625,-0.7832,0.0,2025-10-16,2385.250732421875,3.1373,1.0,2025-10-24,2476.21826171875,7.0707,1.0,1,0,0,0,1,0,0.1628,0,1.0,1.0,1.0,0.0,1.0,-0.7831,1.0,0.0,0.0,0.0,1.0,0.0,3.1375,0.0,0.0,0.0,0.0,1.0,0.0,7.0709,0.0,65-70,65-70
ASTRAL.NS|2025-10-09|ensemble_lr0.20_rf0.30_xgb0.50,ASTRAL.NS,2025-10-09,ensemble_lr0.20_rf0.30_xgb0.50,2024-10-10,2025-10-09,2025-10-06,2024-11-06,2025-10-08,2025-10-09,228,2025-10-09,False,0,0.5289855072463768,0.3411145713959344,0.52,0.21887049078941345,0.3336581596738936,0,66.63,0.3336581596738936,0,66.63,SELL,0.3956,-0.2089,Sideways,-0.165,0.0,unavailable_no_point_in_time_source,True,1402.55,1402.54931640625,2025-10-10,1423.49609375,1.4935,1,2025-10-14,1415.0177001953125,0.889,1.0,2025-10-16,1441.151611328125,2.7523,1.0,2025-10-24,1427.1868896484375,1.7566,1.0,1,0,0,0,1,0,1.4934,0,0.0,0.0,0.0,1.0,0.0,0.8889,0.0,0.0,0.0,0.0,1.0,0.0,2.7522,0.0,0.0,0.0,0.0,1.0,0.0,1.7566,0.0,65-70,65-70
AUBANK.NS|2025-10-09|ensemble_lr0.20_rf0.30_xgb0.50,AUBANK.NS,2025-10-09,ensemble_lr0.20_rf0.30_xgb0.50,2024-10-10,2025-10-09,2025-10-06,2024-11-06,2025-10-08,2025-10-09,228,2025-10-09,False,1,0.5362318840579711,0.41809983826043995,0.4,0.5072780847549438,0.45725901002955993,0,54.27,0.45725901002955993,0,54.27,HOLD,0.5149,0.0298,Sideways,0.335,0.0,unavailable_no_point_in_time_source,False,759.26,759.2626342773438,2025-10-10,762.509521484375,0.4276,1,2025-10-14,771.900390625,1.6645,1.0,2025-10-16,797.7252807617188,5.0658,1.0,2025-10-24,859.5152587890625,13.2039,1.0,0,0,0,1,0,1,0.428,1,0.0,0.0,1.0,0.0,1.0,1.6648,1.0,0.0,0.0,1.0,0.0,0.0,5.0662,0.0,0.0,0.0,1.0,0.0,0.0,13.2043,0.0,50-55,50-55
AXISBANK.NS|2025-10-09|ensemble_lr0.20_rf0.30_xgb0.50,AXISBANK.NS,2025-10-09,ensemble_lr0.20_rf0.30_xgb0.50,2024-10-10,2025-10-09,2025-10-06,2024-11-06,2025-10-08,2025-10-09,228,2025-10-09,False,0,0.4492753623188406,0.549613977413653,0.18,0.155372753739357,0.2416091723524091,0,75.84,0.2416091723524091,0,75.84,BUY,0.6145,0.2289,Bullish,0.5,0.0,unavailable_no_point_in_time_source,True,1166.5,1166.5003662109375,2025-10-10,1179.4903564453125,1.1136,1,2025-10-14,1175.8931884765625,0.8052,1.0,2025-10-16,1195.378173828125,2.4756,1.0,2025-10-24,1240.9429931640625,6.3817,1.0,0,0,0,0,0,1,1.1136,1,0.0,0.0,0.0,0.0,1.0,0.8052,1.0,0.0,0.0,0.0,0.0,1.0,2.4756,1.0,0.0,0.0,0.0,0.0,1.0,6.3817,1.0,75-80,75-80
BAJAJ-AUTO.NS|2025-10-09|ensemble_lr0.20_rf0.30_xgb0.50,BAJAJ-AUTO.NS,2025-10-09,ensemble_lr0.20_rf0.30_xgb0.50,2024-10-10,2025-10-09,2025-10-06,2024-11-06,2025-10-08,2025-10-09,228,2025-10-09,False,1,0.5869565217391305,0.4983483199297294,0.48,0.3305221498012543,0.408930738886573,0,59.11,0.408930738886573,0,59.11,HOLD,0.4629,-0.0741,Sideways,0.165,0.0,unavailable_no_point_in_time_source,False,8687.74,8687.7353515625,2025-10-10,8822.3408203125,1.5494,1,2025-10-14,8976.17578125,3.3201,1.0,2025-10-16,9024.4951171875,3.8763,1.0,2025-10-24,8950.5361328125,3.025,1.0,1,0,0,1,1,1,1.5493,1,0.0,0.0,1.0,1.0,0.0,3.32,0.0,0.0,0.0,1.0,1.0,0.0,3.8762,0.0,0.0,0.0,1.0,1.0,0.0,3.0249,0.0,55-60,55-60
BAJAJFINSV.NS|2025-10-09|ensemble_lr0.20_rf0.30_xgb0.50,BAJAJFINSV.NS,2025-10-09,ensemble_lr0.20_rf0.30_xgb0.50,2024-10-10,2025-10-09,2025-10-06,2024-11-06,2025-10-08,2025-10-09,228,2025-10-09,False,0,0.47826086956521735,0.4490223295784827,0.64,0.6871351599693298,0.6253720459003614,1,62.54,0.6253720459003614,1,62.54,HOLD,0.5508,0.1015,Sideways,-0.165,0.0,unavailable_no_point_in_time_source,True,2012.88,2012.88232421875,2025-10-10,2002.5911865234375,-0.5113,0,2025-10-14,2017.6783447265625,0.2383,1.0,2025-10-16,2088.41796875,3.7526,1.0,2025-10-24,2157.658935546875,7.1925,1.0,1,0,0,1,0,1,-0.5111,1,1.0,1.0,0.0,1.0,1.0,0.2384,1.0,1.0,1.0,0.0,1.0,0.0,3.7527,0.0,1.0,1.0,0.0,1.0,0.0,7.1926,0.0,60-65,60-65
BAJFINANCE.NS|2025-10-09|ensemble_lr0.20_rf0.30_xgb0.50,BAJFINANCE.NS,2025-10-09,ensemble_lr0.20_rf0.30_xgb0.50,2024-10-10,2025-10-09,2025-10-06,2024-11-06,2025-10-08,2025-10-09,228,2025-10-09,False,1,0.39855072463768115,0.4813707061640225,0.78,0.43889129161834717,0.5497197870419781,1,54.97,0.5497197870419781,1,54.97,BUY,0.6806,0.3612,Bullish,0.665,0.0,unavailable_no_point_in_time_source,False,1017.84,1017.8430786132812,2025-10-10,1017.5946044921875,-0.0244,0,2025-10-14,1012.92333984375,-0.4833,0.0,2025-10-16,1059.2386474609375,4.067,1.0,2025-10-24,1083.092041015625,6.4105,1.0,1,0,0,0,0,0,-0.0241,0,0.0,0.0,0.0,0.0,0.0,-0.483,0.0,1.0,1.0,1.0,1.0,1.0,4.0673,1.0,1.0,1.0,1.0,1.0,1.0,6.4108,1.0,50-55,50-55
BEL.NS|2025-10-09|ensemble_lr0.20_rf0.30_xgb0.50,BEL.NS,2025-10-09,ensemble_lr0.20_rf0.30_xgb0.50,2024-10-10,2025-10-09,2025-10-06,2024-11-06,2025-10-08,2025-10-09,228,2025-10-09,False,0,0.5,0.47895533081648173,0.5,0.3147056996822357,0.40314391600441424,0,59.69,0.40314391600441424,0,59.69,HOLD,0.5754,0.1507,Bullish,0.5,0.0,unavailable_no_point_in_time_source,True,407.06,407.0621032714844,2025-10-10,411.18890380859375,1.0138,1,2025-10-14,400.15093994140625,-1.6978,0.0,2025-10-16,409.4983825683594,0.5985,1.0,2025-10-24,419.69110107421875,3.1025,1.0,1,0,0,0,1,1,1.0143,1,1.0,1.0,1.0,0.0,1.0,-1.6973,1.0,0.0,0.0,0.0,1.0,1.0,0.599,1.0,0.0,0.0,0.0,1.0,0.0,3.103,0.0,55-60,55-60
BPCL.NS|2025-10-09|ensemble_lr0.20_rf0.30_xgb0.50,BPCL.NS,2025-10-09,ensemble_lr0.20_rf0.30_xgb0.50,2024-10-10,2025-10-09,2025-10-06,2024-11-06,2025-10-08,2025-10-09,228,2025-10-09,False,0,0.5,0.29284683922739596,0.38,0.3428340554237366,0.34398639555734745,0,65.6,0.34398639555734745,0,65.6,BUY,0.6555,0.3111,Bullish,1.0,0.0,unavailable_no_point_in_time_source,True,327.74,327.74298095703125,2025-10-10,322.6934509277344,-1.5407,0,2025-10-14,316.73883056640625,-3.3576,0.0,2025-10-16,320.0257568359375,-2.3547,0.0,2025-10-24,314.8333435058594,-3.939,0.0,0,1,1,1,1,0,-1.5398,0,1.0,1.0,1.0,1.0,0.0,-3.3567,0.0,1.0,1.0,1.0,1.0,0.0,-2.3538,0.0,1.0,1.0,1.0,1.0,0.0,-3.9381,0.0,65-70,65-70
AARTIIND.NS|2025-10-16|ensemble_lr0.20_rf0.30_xgb0.50,AARTIIND.NS,2025-10-16,ensemble_lr0.20_rf0.30_xgb0.50,2024-10-17,2025-10-16,2025-10-13,2024-11-13,2025-10-15,2025-10-16,228,2025-10-16,False,0,0.47826086956521735,0.43876054149961824,0.52,0.2814100980758667,0.384457157337857,0,61.55,0.384457157337857,0,61.55,SELL,0.4022,-0.1956,Sideways,-0.5,0.0,unavailable_no_point_in_time_source,False,375.8,375.8029479980469,2025-10-17,374.056396484375,-0.4648,0,2025-10-21,374.3558349609375,-0.3851,0.0,2025-10-24,380.9427490234375,1.3677,1.0,2025-10-31,379.19622802734375,0.9029,1.0,1,1,1,1,0,1,-0.464,1,1.0,1.0,1.0,0.0,1.0,-0.3843,1.0,0.0,0.0,0.0,1.0,0.0,1.3685,0.0,0.0,0.0,0.0,1.0,0.0,0.9037,0.0,60-65,60-65
AAVAS.NS|2025-10-16|ensemble_lr0.20_rf0.30_xgb0.50,AAVAS.NS,2025-10-16,ensemble_lr0.20_rf0.30_xgb0.50,2024-10-17,2025-10-16,2025-10-13,2024-11-13,2025-10-15,2025-10-16,228,2025-10-16,False,0,0.5652173913043478,0.5712764121503305,0.78,0.718166708946228,0.7073386369031801,1,70.73,0.7073386369031801,1,70.73,HOLD,0.4595,-0.081,Sideways,-0.67,0.0,unavailable_no_point_in_time_source,False,1607.6,1607.5999755859375,2025-10-17,1605.800048828125,-0.112,0,2025-10-21,1620.5999755859375,0.8087,1.0,2025-10-24,1688.0,5.0012,1.0,2025-10-31,1650.0,2.6375,1.0,1,0,0,1,0,1,-0.112,1,1.0,1.0,0.0,1.0,1.0,0.8087,1.0,1.0,1.0,0.0,1.0,0.0,5.0012,0.0,1.0,1.0,0.0,1.0,1.0,2.6375,1.0,70-75,70-75
ABCAPITAL.NS|2025-10-16|ensemble_lr0.20_rf0.30_xgb0.50,ABCAPITAL.NS,2025-10-16,ensemble_lr0.20_rf0.30_xgb0.50,2024-10-17,2025-10-16,2025-10-13,2024-11-13,2025-10-15,2025-10-16,228,2025-10-16,False,1,0.49275362318840576,0.6301137112710806,0.46,0.5444194674491882,0.5362324759788103,1,53.62,0.5362324759788103,1,53.62,BUY,0.5938,0.1875,Sideways,0.5,0.0,unavailable_no_point_in_time_source,False,300.0,300.0,2025-10-17,299.29998779296875,-0.2333,0,2025-10-21,304.8500061035156,1.6167,1.0,2025-10-24,306.1499938964844,2.05,1.0,2025-10-31,324.20001220703125,8.0667,1.0,0,0,0,0,1,0,-0.2333,0,1.0,1.0,1.0,0.0,1.0,1.6167,1.0,1.0,1.0,1.0,0.0,1.0,2.05,1.0,1.0,1.0,1.0,0.0,1.0,8.0667,1.0,50-55,50-55
ABFRL.NS|2025-10-16|ensemble_lr0.20_rf0.30_xgb0.50,ABFRL.NS,2025-10-16,ensemble_lr0.20_rf0.30_xgb0.50,2024-10-17,2025-10-16,2025-10-13,2024-11-13,2025-10-15,2025-10-16,228,2025-10-16,False,0,0.5217391304347826,0.5026343559155094,0.46,0.21761420369148254,0.34733397302884317,0,65.27,0.34733397302884317,0,65.27,SELL,0.3659,-0.2682,High Volatility,-0.5,0.0,unavailable_no_point_in_time_source,True,83.69,83.69000244140625,2025-10-17,82.27999877929688,-1.6848,0,2025-10-21,83.6500015258789,-0.0478,0.0,2025-10-24,81.93000030517578,-2.103,0.0,2025-10-31,81.63999938964844,-2.4495,0.0,1,1,1,1,0,1,-1.6848,1,1.0,1.0,1.0,0.0,1.0,-0.0478,1.0,1.0,1.0,1.0,0.0,1.0,-2.103,1.0,1.0,1.0,1.0,0.0,1.0,-2.4495,1.0,65-70,65-70
ACC.NS|2025-10-16|ensemble_lr0.20_rf0.30_xgb0.50,ACC.NS,2025-10-16,ensemble_lr0.20_rf0.30_xgb0.50,2024-10-17,2025-10-16,2025-10-13,2024-11-13,2025-10-15,2025-10-16,228,2025-10-16,False,0,0.5072463768115941,0.45286996232255144,0.56,0.5767398476600647,0.5469439162945426,1,54.69,0.5469439162945426,1,54.69,BUY,0.6103,0.2205,Sideways,0.165,0.0,unavailable_no_point_in_time_source,False,1849.4,1849.3990478515625,2025-10-17,1822.15673828125,-1.473,0,2025-10-21,1838.2635498046875,-0.6021,0.0,2025-10-24,1839.4566650390625,-0.5376,0.0,2025-10-31,1870.676025390625,1.1505,1.0,1,0,0,1,0,0,-1.4731,0,0.0,0.0,1.0,0.0,0.0,-0.6022,0.0,0.0,0.0,1.0,0.0,0.0,-0.5377,0.0,1.0,1.0,0.0,1.0,1.0,1.1504,1.0,50-55,50-55
ADANIENT.NS|2025-10-16|ensemble_lr0.20_rf0.30_xgb0.50,ADANIENT.NS,2025-10-16,ensemble_lr0.20_rf0.30_xgb0.50,2024-10-17,2025-10-16,2025-10-13,2024-11-13,2025-10-15,2025-10-16,228,2025-10-16,False,0,0.5869565217391305,0.5545749533212265,0.62,0.5195338726043701,0.5566819269664304,1,55.67,0.5566819269664304,1,55.67,BUY,0.6257,0.2515,Bullish,0.0,0.0,unavailable_no_point_in_time_source,True,2556.46,2556.45703125,2025-10-17,2548.260498046875,-0.3206,0,2025-10-21,2548.76025390625,-0.3011,0.0,2025-10-24,2503.080810546875,-2.0879,0.0,2025-10-31,2479.89111328125,-2.995,0.0,1,0,0,1,0,0,-0.3207,0,0.0,0.0,1.0,0.0,0.0,-0.3012,0.0,0.0,0.0,1.0,0.0,0.0,-2.088,0.0,0.0,0.0,1.0,0.0,0.0,-2.9951,0.0,55-60,55-60
ADANIPORTS.NS|2025-10-16|ensemble_lr0.20_rf0.30_xgb0.50,ADANIPORTS.NS,2025-10-16,ensemble_lr0.20_rf0.30_xgb0.50,2024-10-17,2025-10-16,2025-10-13,2024-11-13,2025-10-15,2025-10-16,228,2025-10-16,False,0,0.5579710144927535,0.46219903448085314,0.42,0.3472076654434204,0.39204363961788086,0,60.8,0.39204363961788086,0,60.8,BUY,0.6425,0.2849,Bullish,1.0,0.0,unavailable_no_point_in_time_source,True,1473.29,1473.2908935546875,2025-10-17,1473.1912841796875,-0.0068,0,2025-10-21,1467.3160400390625,-0.4055,0.0,2025-10-24,1423.0028076171875,-3.4133,0.0,2025-10-31,1445.408447265625,-1.8925,0.0,1,1,1,1,0,0,-0.0067,0,1.0,1.0,1.0,0.0,0.0,-0.4055,0.0,1.0,1.0,1.0,0.0,0.0,-3.4133,0.0,1.0,1.0,1.0,0.0,0.0,-1.8925,0.0,60-65,60-65
AETHER.NS|2025-10-16|ensemble_lr0.20_rf0.30_xgb0.50,AETHER.NS,2025-10-16,ensemble_lr0.20_rf0.30_xgb0.50,2024-10-17,2025-10-16,2025-10-13,2024-11-13,2025-10-15,2025-10-16,228,2025-10-16,False,0,0.5362318840579711,0.46318020793675097,0.88,0.7420472502708435,0.7276596667227719,1,72.77,0.7276596667227719,1,72.77,HOLD,0.5716,0.1432,Sideways,0.165,0.0,unavailable_no_point_in_time_source,False,748.15,748.1500244140625,2025-10-17,745.5,-0.3542,0,2025-10-21,758.0,1.3166,1.0,2025-10-24,764.4500122070312,2.1787,1.0,2025-10-31,753.7000122070312,0.7418,1.0,1,0,0,1,0,1,-0.3542,1,1.0,1.0,0.0,1.0,1.0,1.3166,1.0,1.0,1.0,0.0,1.0,1.0,2.1787,1.0,1.0,1.0,0.0,1.0,1.0,0.7418,1.0,70-75,70-75
AIAENG.NS|2025-10-16|ensemble_lr0.20_rf0.30_xgb0.50,AIAENG.NS,2025-10-16,ensemble_lr0.20_rf0.30_xgb0.50,2024-10-17,2025-10-16,2025-10-13,2024-11-13,2025-10-15,2025-10-16,228,2025-10-16,False,0,0.5289855072463768,0.5572447271963198,0.54,0.5002166628837585,0.5235572768811432,1,52.36,0.5235572768811432,1,52.36,BUY,0.6772,0.3544,Bullish,0.335,0.0,unavailable_no_point_in_time_source,False,3301.09,3301.091064453125,2025-10-17,3290.43115234375,-0.3229,0,2025-10-21,3343.53173828125,1.2857,1.0,2025-10-24,3347.6162109375,1.4094,1.0,2025-10-31,3237.729248046875,-1.9194,0.0,1,0,0,1,0,0,-0.3229,0,1.0,1.0,0.0,1.0,1.0,1.2857,1.0,1.0,1.0,0.0,1.0,1.0,1.4094,1.0,0.0,0.0,1.0,0.0,0.0,-1.9194,0.0,50-55,50-55
AJANTPHARM.NS|2025-10-16|ensemble_lr0.20_rf0.30_xgb0.50,AJANTPHARM.NS,2025-10-16,ensemble_lr0.20_rf0.30_xgb0.50,2024-10-17,2025-10-16,2025-10-13,2024-11-13,2025-10-15,2025-10-16,228,2025-10-16,False,0,0.5072463768115942,0.5854309276492508,0.44,0.2592731714248657,0.37872277124228304,0,62.13,0.37872277124228304,0,62.13,SELL,0.4126,-0.1747,Sideways,-0.335,0.0,unavailable_no_point_in_time_source,False,2408.86,2408.86474609375,2025-10-17,2389.560302734375,-0.8014,0,2025-10-21,2398.4775390625,-0.4312,0.0,2025-10-24,2365.94384765625,-1.7818,0.0,2025-10-31,2415.822265625,0.2888,1.0,1,1,1,1,0,1,-0.8012,1,1.0,1.0,1.0,0.0,1.0,-0.431,1.0,1.0,1.0,1.0,0.0,1.0,-1.7816,1.0,0.0,0.0,0.0,1.0,0.0,0.289,0.0,60-65,60-65
ALEMBICLTD.NS|2025-10-16|ensemble_lr0.20_rf0.30_xgb0.50,ALEMBICLTD.NS,2025-10-16,ensemble_lr0.20_rf0.30_xgb0.50,2024-10-17,2025-10-16,2025-10-13,2024-11-13,2025-10-15,2025-10-16,228,2025-10-16,False,0,0.5362318840579711,0.5011934308060614,0.44,0.5147325396537781,0.48960495598810133,0,51.04,0.48960495598810133,0,51.04,SELL,0.3158,-0.3685,Bearish,-0.835,0.0,unavailable_no_point_in_time_source,False,95.34,95.3368911743164,2025-10-17,97.33322143554688,2.094,1,2025-10-21,99.87488555908203,4.76,1.0,2025-10-24,98.16097259521484,2.9622,1.0,2025-10-31,96.79762268066406,1.5322,1.0,0,0,0,0,0,0,2.0906,0,0.0,0.0,0.0,0.0,0.0,4.7565,0.0,0.0,0.0,0.0,0.0,0.0,2.9589,0.0,0.0,0.0,0.0,0.0,0.0,1.5289,0.0,50-55,50-55
ALKEM.NS|2025-10-16|ensemble_lr0.20_rf0.30_xgb0.50,ALKEM.NS,2025-10-16,ensemble_lr0.20_rf0.30_xgb0.50,2024-10-17,2025-10-16,2025-10-13,2024-11-13,2025-10-15,2025-10-16,228,2025-10-16,False,1,0.4855072463768116,0.4338519379708305,0.36,0.3289974629878998,0.359269119088116,0,64.07,0.359269119088116,0,64.07,HOLD,0.5063,0.0127,Sideways,0.5,0.0,unavailable_no_point_in_time_source,False,5470.03,5470.03466796875,2025-10-17,5526.97265625,1.0409,1,2025-10-21,5493.30517578125,0.4254,1.0,2025-10-24,5490.82958984375,0.3802,1.0,2025-10-31,5452.70556640625,-0.3168,0.0,0,0,0,1,0,1,1.041,1,0.0,0.0,1.0,0.0,1.0,0.4255,1.0,0.0,0.0,1.0,0.0,1.0,0.3802,1.0,1.0,1.0,0.0,1.0,1.0,-0.3167,1.0,60-65,60-65
AMBER.NS|2025-10-16|ensemble_lr0.20_rf0.30_xgb0.50,AMBER.NS,2025-10-16,ensemble_lr0.20_rf0.30_xgb0.50,2024-10-17,2025-10-16,2025-10-13,2024-11-13,2025-10-15,2025-10-16,228,2025-10-16,False,1,0.5579710144927535,0.6297028091249233,0.72,0.7105292677879333,0.6972051957189513,1,69.72,0.6972051957189513,1,69.72,BUY,0.6232,0.2463,Sideways,0.5,0.0,unavailable_no_point_in_time_source,False,8239.0,8239.0,2025-10-17,8249.5,0.1274,1,2025-10-21,8245.5,0.0789,1.0,2025-10-24,8321.5,1.0013,1.0,2025-10-31,8036.5,-2.4578,0.0,1,1,1,1,1,1,0.1274,1,1.0,1.0,1.0,1.0,1.0,0.0789,1.0,1.0,1.0,1.0,1.0,1.0,1.0013,1.0,0.0,0.0,0.0,0.0,0.0,-2.4578,0.0,65-70,65-70
ANGELONE.NS|2025-10-16|ensemble_lr0.20_rf0.30_xgb0.50,ANGELONE.NS,2025-10-16,ensemble_lr0.20_rf0.30_xgb0.50,2024-10-17,2025-10-16,2025-10-13,2024-11-13,2025-10-15,2025-10-16,228,2025-10-16,False,1,0.5,0.7352377313079904,0.78,0.6569803953170776,0.7095377439201369,1,70.95,0.7095377439201369,1,70.95,BUY,0.6558,0.3117,Bullish,-0.17,0.0,unavailable_no_point_in_time_source,True,243.56,243.5583953857422,2025-10-17,244.9220733642578,0.5599,1,2025-10-21,245.04962158203125,0.6123,1.0,2025-10-24,246.68797302246094,1.2849,1.0,2025-10-31,244.5198516845703,0.3948,1.0,1,1,1,1,1,1,0.5592,1,1.0,1.0,1.0,1.0,1.0,0.6116,1.0,1.0,1.0,1.0,1.0,1.0,1.2843,1.0,1.0,1.0,1.0,1.0,1.0,0.3941,1.0,70-75,70-75
APARINDS.NS|2025-10-16|ensemble_lr0.20_rf0.30_xgb0.50,APARINDS.NS,2025-10-16,ensemble_lr0.20_rf0.30_xgb0.50,2024-10-17,2025-10-16,2025-10-13,2024-11-13,2025-10-15,2025-10-16,228,2025-10-16,False,0,0.5579710144927537,0.23460406483833351,0.3,0.24614858627319336,0.25999510610426335,0,74.0,0.25999510610426335,0,74.0,HOLD,0.5691,0.1382,Sideways,0.5,0.0,unavailable_no_point_in_time_source,False,8754.11,8754.107421875,2025-10-17,8659.9345703125,-1.0758,0,2025-10-21,8554.30078125,-2.2824,0.0,2025-10-24,8703.2841796875,-0.5806,0.0,2025-10-31,8641.0,-1.292,0.0,1,1,1,1,0,1,-1.0758,1,1.0,1.0,1.0,0.0,1.0,-2.2825,1.0,1.0,1.0,1.0,0.0,1.0,-0.5806,1.0,1.0,1.0,1.0,0.0,1.0,-1.2921,1.0,70-75,70-75
APOLLOHOSP.NS|2025-10-16|ensemble_lr0.20_rf0.30_xgb0.50,APOLLOHOSP.NS,2025-10-16,ensemble_lr0.20_rf0.30_xgb0.50,2024-10-17,2025-10-16,2025-10-13,2024-11-13,2025-10-15,2025-10-16,228,2025-10-16,False,0,0.4855072463768116,0.5108825391217657,0.66,0.2669120728969574,0.4336325442728319,0,56.64,0.4336325442728319,0,56.64,HOLD,0.5141,0.0281,Sideways,0.335,0.0,unavailable_no_point_in_time_source,False,7814.02,7814.017578125,2025-10-17,7881.8486328125,0.8681,1,2025-10-21,7992.07373046875,2.2787,1.0,2025-10-24,7818.00732421875,0.0511,1.0,2025-10-31,7661.89697265625,-1.9468,0.0,1,0,0,0,1,1,0.868,1,0.0,0.0,0.0,1.0,1.0,2.2786,1.0,0.0,0.0,0.0,1.0,1.0,0.051,1.0,1.0,1.0,1.0,0.0,1.0,-1.9468,1.0,55-60,55-60
APOLLOTYRE.NS|2025-10-16|ensemble_lr0.20_rf0.30_xgb0.50,APOLLOTYRE.NS,2025-10-16,ensemble_lr0.20_rf0.30_xgb0.50,2024-10-17,2025-10-16,2025-10-13,2024-11-13,2025-10-15,2025-10-16,228,2025-10-16,False,0,0.5072463768115942,0.4451566521272484,0.48,0.5827251672744751,0.5243939140626872,1,52.44,0.5243939140626872,1,52.44,BUY,0.6396,0.2792,Sideways,0.5,0.0,unavailable_no_point_in_time_source,False,483.79,483.7939758300781,2025-10-17,482.31280517578125,-0.3062,0,2025-10-21,508.6773376464844,5.1434,1.0,2025-10-24,493.5201721191406,2.0104,1.0,2025-10-31,495.1988220214844,2.3574,1.0,1,0,0,1,0,0,-0.3053,0,1.0,1.0,0.0,1.0,1.0,5.1442,1.0,1.0,1.0,0.0,1.0,1.0,2.0112,1.0,1.0,1.0,0.0,1.0,1.0,2.3582,1.0,50-55,50-55
ASHOKLEY.NS|2025-10-16|ensemble_lr0.20_rf0.30_xgb0.50,ASHOKLEY.NS,2025-10-16,ensemble_lr0.20_rf0.30_xgb0.50,2024-10-17,2025-10-16,2025-10-13,2024-11-13,2025-10-15,2025-10-16,228,2025-10-16,False,0,0.5652173913043478,0.29011004040345817,0.46,0.5370833873748779,0.4645637017681306,0,53.54,0.4645637017681306,0,53.54,HOLD,0.5,0.0,Sideways,0.5,0.0,unavailable_no_point_in_time_source,False,134.03,134.02911376953125,2025-10-17,131.36297607421875,-1.9892,0,2025-10-21,133.05250549316406,-0.7287,0.0,2025-10-24,133.15992736816406,-0.6485,0.0,2025-10-31,138.21873474121094,3.1259,1.0,1,1,1,1,0,1,-1.9899,1,1.0,1.0,1.0,0.0,1.0,-0.7293,1.0,1.0,1.0,1.0,0.0,1.0,-0.6492,1.0,0.0,0.0,0.0,1.0,0.0,3.1252,0.0,50-55,50-55
ASIANPAINT.NS|2025-10-16|ensemble_lr0.20_rf0.30_xgb0.50,ASIANPAINT.NS,2025-10-16,ensemble_lr0.20_rf0.30_xgb0.50,2024-10-17,2025-10-16,2025-10-13,2024-11-13,2025-10-15,2025-10-16,228,2025-10-16,False,0,0.5217391304347826,0.45122507212475965,0.7,0.5777620673179626,0.5891260480839333,1,58.91,0.5891260480839333,1,58.91,HOLD,0.545,0.09,Sideways,-0.335,0.0,unavailable_no_point_in_time_source,True,2385.25,2385.250732421875,2025-10-17,2482.35546875,4.071,1,2025-10-21,2479.187744140625,3.9382,1.0,2025-10-24,2476.21826171875,3.8138,1.0,2025-10-31,2485.324951171875,4.1955,1.0,1,1,1,0,1,0,4.0711,0,1.0,1.0,0.0,1.0,0.0,3.9383,0.0,1.0,1.0,0.0,1.0,0.0,3.8138,0.0,1.0,1.0,0.0,1.0,0.0,4.1956,0.0,55-60,55-60
ASTRAL.NS|2025-10-16|ensemble_lr0.20_rf0.30_xgb0.50,ASTRAL.NS,2025-10-16,ensemble_lr0.20_rf0.30_xgb0.50,2024-10-17,2025-10-16,2025-10-13,2024-11-13,2025-10-15,2025-10-16,228,2025-10-16,False,0,0.5434782608695653,0.4656270857363767,0.56,0.37495505809783936,0.448602946196195,0,55.14,0.448602946196195,0,55.14,HOLD,0.4618,-0.0763,Sideways,0.165,0.0,unavailable_no_point_in_time_source,True,1441.15,1441.151611328125,2025-10-17,1438.7576904296875,-0.1661,0,2025-10-21,1443.046630859375,0.1315,1.0,2025-10-24,1427.1868896484375,-0.969,0.0,2025-10-31,1446.4381103515625,0.3668,1.0,1,1,1,1,0,1,-0.166,1,0.0,0.0,0.0,1.0,1.0,0.1316,1.0,1.0,1.0,1.0,0.0,1.0,-0.9689,1.0,0.0,0.0,0.0,1.0,1.0,0.3669,1.0,55-60,55-60
AUBANK.NS|2025-10-16|ensemble_lr0.20_rf0.30_xgb0.50,AUBANK.NS,2025-10-16,ensemble_lr0.20_rf0.30_xgb0.50,2024-10-17,2025-10-16,2025-10-13,2024-11-13,2025-10-15,2025-10-16,228,2025-10-16,False,1,0.5072463768115942,0.5487958938576931,0.52,0.4107164442539215,0.4711174008984994,0,52.89,0.4711174008984994,0,52.89,BUY,0.6051,0.2102,Bullish,0.665,0.0,unavailable_no_point_in_time_source,False,797.73,797.7252807617188,2025-10-17,791.6812133789062,-0.7577,0,2025-10-21,860.5142822265625,7.871,1.0,2025-10-24,859.5152587890625,7.7458,1.0,2025-10-31,876.998291015625,9.9374,1.0,0,1,1,0,1,0,-0.7582,0,0.0,0.0,1.0,0.0,1.0,7.8704,1.0,0.0,0.0,1.0,0.0,1.0,7.7451,1.0,0.0,0.0,1.0,0.0,1.0,9.9367,1.0,50-55,50-55
AXISBANK.NS|2025-10-16|ensemble_lr0.20_rf0.30_xgb0.50,AXISBANK.NS,2025-10-16,ensemble_lr0.20_rf0.30_xgb0.50,2024-10-17,2025-10-16,2025-10-13,2024-11-13,2025-10-15,2025-10-16,228,2025-10-16,False,0,0.5217391304347826,0.2827997219873839,0.44,0.5849887132644653,0.4810543010297095,0,51.89,0.4810543010297095,0,51.89,BUY,0.5908,0.1817,Bullish,0.5,0.0,unavailable_no_point_in_time_source,False,1195.38,1195.378173828125,2025-10-17,1199.2750244140625,0.326,1,2025-10-21,1236.3465576171875,3.4272,1.0,2025-10-24,1240.9429931640625,3.8117,1.0,2025-10-31,1231.8499755859375,3.0511,1.0,1,0,0,0,1,1,0.3258,1,0.0,0.0,0.0,1.0,1.0,3.4271,1.0,0.0,0.0,0.0,1.0,1.0,3.8116,1.0,0.0,0.0,0.0,1.0,1.0,3.0509,1.0,50-55,50-55
BAJAJ-AUTO.NS|2025-10-16|ensemble_lr0.20_rf0.30_xgb0.50,BAJAJ-AUTO.NS,2025-10-16,ensemble_lr0.20_rf0.30_xgb0.50,2024-10-17,2025-10-16,2025-10-13,2024-11-13,2025-10-15,2025-10-16,228,2025-10-16,False,1,0.5217391304347826,0.39961368938988706,0.52,0.2869705557823181,0.37940801576913646,0,62.06,0.37940801576913646,0,62.06,HOLD,0.567,0.1341,Sideways,1.0,0.0,unavailable_no_point_in_time_source,False,9024.5,9024.4951171875,2025-10-17,9023.509765625,-0.0109,0,2025-10-21,8991.4609375,-0.3661,0.0,2025-10-24,8950.5361328125,-0.8195,0.0,2025-10-31,8769.08984375,-2.8301,0.0,1,1,1,0,0,1,-0.011,1,1.0,1.0,0.0,0.0,1.0,-0.3661,1.0,1.0,1.0,0.0,0.0,1.0,-0.8196,1.0,1.0,1.0,0.0,0.0,1.0,-2.8302,1.0,60-65,60-65
BAJAJFINSV.NS|2025-10-16|ensemble_lr0.20_rf0.30_xgb0.50,BAJAJFINSV.NS,2025-10-16,ensemble_lr0.20_rf0.30_xgb0.50,2024-10-17,2025-10-16,2025-10-13,2024-11-13,2025-10-15,2025-10-16,228,2025-10-16,False,0,0.5797101449275363,0.21119271514269297,0.4,0.2233142852783203,0.27389568566769873,0,72.61,0.27389568566769873,0,72.61,HOLD,0.5585,0.1169,Sideways,0.835,0.0,unavailable_no_point_in_time_source,True,2088.42,2088.41796875,2025-10-17,2081.92333984375,-0.311,0,2025-10-21,2167.250732421875,3.7748,1.0,2025-10-24,2157.658935546875,3.3155,1.0,2025-10-31,2086.51953125,-0.0909,0.0,1,1,1,1,0,1,-0.3111,1,0.0,0.0,0.0,1.0,0.0,3.7747,0.0,0.0,0.0,0.0,1.0,0.0,3.3154,0.0,1.0,1.0,1.0,0.0,1.0,-0.091,1.0,70-75,70-75
BAJFINANCE.NS|2025-10-16|ensemble_lr0.20_rf0.30_xgb0.50,BAJFINANCE.NS,2025-10-16,ensemble_lr0.20_rf0.30_xgb0.50,2024-10-17,2025-10-16,2025-10-13,2024-11-13,2025-10-15,2025-10-16,228,2025-10-16,False,1,0.4492753623188406,0.42981620568073947,0.6,0.546310305595398,0.5391183939338469,1,53.91,0.5391183939338469,1,53.91,STRONG BUY,0.7269,0.4537,Bullish,1.0,0.0,unavailable_no_point_in_time_source,False,1059.24,1059.2386474609375,2025-10-17,1063.56201171875,0.4082,1,2025-10-21,1079.86181640625,1.947,1.0,2025-10-24,1083.092041015625,2.2519,1.0,2025-10-31,1036.428955078125,-2.1534,0.0,1,1,1,1,1,1,0.408,1,1.0,1.0,1.0,1.0,1.0,1.9469,1.0,1.0,1.0,1.0,1.0,1.0,2.2518,1.0,0.0,0.0,0.0,0.0,0.0,-2.1535,0.0,50-55,50-55
BEL.NS|2025-10-16|ensemble_lr0.20_rf0.30_xgb0.50,BEL.NS,2025-10-16,ensemble_lr0.20_rf0.30_xgb0.50,2024-10-17,2025-10-16,2025-10-13,2024-11-13,2025-10-15,2025-10-16,228,2025-10-16,False,0,0.5,0.5146498925799761,0.52,0.3596600294113159,0.43875999322165316,0,56.12,0.43875999322165316,0,56.12,HOLD,0.484,-0.032,Sideways,0.165,0.0,unavailable_no_point_in_time_source,True,409.5,409.4983825683594,2025-10-17,410.4927978515625,0.2428,1,2025-10-21,415.3654479980469,1.4327,1.0,2025-10-24,419.69110107421875,2.4891,1.0,2025-10-31,423.7184753417969,3.4726,1.0,1,0,0,0,1,1,0.2424,1,0.0,0.0,0.0,1.0,1.0,1.4323,1.0,0.0,0.0,0.0,1.0,1.0,2.4887,1.0,0.0,0.0,0.0,1.0,0.0,3.4722,0.0,55-60,55-60
BPCL.NS|2025-10-16|ensemble_lr0.20_rf0.30_xgb0.50,BPCL.NS,2025-10-16,ensemble_lr0.20_rf0.30_xgb0.50,2024-10-17,2025-10-16,2025-10-13,2024-11-13,2025-10-15,2025-10-16,228,2025-10-16,False,0,0.5797101449275363,0.42704341443885363,0.32,0.34483855962753296,0.3538279627015372,0,64.62,0.3538279627015372,0,64.62,HOLD,0.5614,0.1228,Bullish,0.5,0.0,unavailable_no_point_in_time_source,True,320.03,320.0257568359375,2025-10-17,319.9781188964844,-0.0149,0,2025-10-21,323.0268859863281,0.9378,1.0,2025-10-24,314.8333435058594,-1.6225,0.0,2025-10-31,339.93804931640625,6.2221,1.0,0,1,1,1,1,1,-0.0162,1,0.0,0.0,0.0,0.0,1.0,0.9364,1.0,1.0,1.0,1.0,1.0,1.0,-1.6238,1.0,0.0,0.0,0.0,0.0,0.0,6.2207,0.0,60-65,60-65
AARTIIND.NS|2025-10-24|ensemble_lr0.20_rf0.30_xgb0.50,AARTIIND.NS,2025-10-24,ensemble_lr0.20_rf0.30_xgb0.50,2024-10-25,2025-10-24,2025-10-20,2024-11-25,2025-10-23,2025-10-24,227,2025-10-24,False,0,0.572463768115942,0.3967641564585572,0.66,0.3035632073879242,0.42913443498567355,0,57.09,0.42913443498567355,0,57.09,SELL,0.4086,-0.1827,Sideways,-0.335,0.0,unavailable_no_point_in_time_source,False,380.94,380.9427490234375,2025-10-27,379.6952209472656,-0.3275,0,2025-10-29,385.0845031738281,1.0872,1.0,2025-10-31,379.19622802734375,-0.4585,0.0,2025-11-10,391.8710021972656,2.8687,1.0,1,1,1,1,0,1,-0.3268,1,0.0,0.0,0.0,1.0,0.0,1.088,0.0,1.0,1.0,1.0,0.0,1.0,-0.4578,1.0,0.0,0.0,0.0,1.0,0.0,2.8695,0.0,55-60,55-60
AAVAS.NS|2025-10-24|ensemble_lr0.20_rf0.30_xgb0.50,AAVAS.NS,2025-10-24,ensemble_lr0.20_rf0.30_xgb0.50,2024-10-25,2025-10-24,2025-10-20,2024-11-25,2025-10-23,2025-10-24,227,2025-10-24,False,0,0.5797101449275363,0.734770025854031,0.46,0.35382363200187683,0.46186582117174463,0,53.81,0.46186582117174463,0,53.81,HOLD,0.4622,-0.0757,Sideways,-0.17,0.0,unavailable_no_point_in_time_source,False,1688.0,1688.0,2025-10-27,1653.800048828125,-2.0261,0,2025-10-29,1665.300048828125,-1.3448,0.0,2025-10-31,1650.0,-2.2512,0.0,2025-11-10,1654.0,-2.0142,0.0,1,1,1,1,0,1,-2.0261,1,1.0,1.0,1.0,0.0,1.0,-1.3448,1.0,1.0,1.0,1.0,0.0,1.0,-2.2512,1.0,1.0,1.0,1.0,0.0,1.0,-2.0142,1.0,50-55,50-55
ABCAPITAL.NS|2025-10-24|ensemble_lr0.20_rf0.30_xgb0.50,ABCAPITAL.NS,2025-10-24,ensemble_lr0.20_rf0.30_xgb0.50,2024-10-25,2025-10-24,2025-10-20,2024-11-25,2025-10-23,2025-10-24,227,2025-10-24,False,1,0.49275362318840576,0.2829898856374236,0.32,0.28016963601112366,0.29268279513304657,0,70.73,0.29268279513304657,0,70.73,HOLD,0.574,0.148,Sideways,1.0,0.0,unavailable_no_point_in_time_source,True,306.15,306.1499938964844,2025-10-27,310.75,1.5025,1,2025-10-29,310.79998779296875,1.5189,1.0,2025-10-31,324.20001220703125,5.8958,1.0,2025-11-10,333.54998779296875,8.9499,1.0,0,0,0,1,0,1,1.5025,1,0.0,0.0,1.0,0.0,1.0,1.5189,1.0,0.0,0.0,1.0,0.0,0.0,5.8958,0.0,0.0,0.0,1.0,0.0,0.0,8.9499,0.0,70-75,70-75
ABFRL.NS|2025-10-24|ensemble_lr0.20_rf0.30_xgb0.50,ABFRL.NS,2025-10-24,ensemble_lr0.20_rf0.30_xgb0.50,2024-10-25,2025-10-24,2025-10-20,2024-11-25,2025-10-23,2025-10-24,227,2025-10-24,False,0,0.48550724637681153,0.5623700533619445,0.5,0.49569177627563477,0.5103198988102062,1,51.03,0.5103198988102062,1,51.03,HOLD,0.4404,-0.1193,Sideways,-0.5,0.0,unavailable_no_point_in_time_source,False,81.93,81.93000030517578,2025-10-27,81.76000213623047,-0.2075,0,2025-10-29,84.5,3.1368,1.0,2025-10-31,81.63999938964844,-0.354,0.0,2025-11-10,80.05999755859375,-2.2824,0.0,0,0,0,1,1,1,-0.2075,1,1.0,1.0,0.0,0.0,0.0,3.1368,0.0,0.0,0.0,1.0,1.0,1.0,-0.354,1.0,0.0,0.0,1.0,1.0,1.0,-2.2824,1.0,50-55,50-55
ACC.NS|2025-10-24|ensemble_lr0.20_rf0.30_xgb0.50,ACC.NS,2025-10-24,ensemble_lr0.20_rf0.30_xgb0.50,2024-10-25,2025-10-24,2025-10-20,2024-11-25,2025-10-23,2025-10-24,227,2025-10-24,False,0,0.49275362318840576,0.5643568748922163,0.6,0.6663363575935364,0.6260395537752115,1,62.6,0.6260395537752115,1,62.6,HOLD,0.5183,0.0366,Sideways,-0.165,0.0,unavailable_no_point_in_time_source,False,1839.46,1839.4566650390625,2025-10-27,1851.984130859375,0.681,1,2025-10-29,1868.4886474609375,1.5783,1.0,2025-10-31,1870.676025390625,1.6972,1.0,2025-11-10,1834.385986328125,-0.2757,0.0,0,1,1,0,0,1,0.6809,1,1.0,1.0,0.0,0.0,1.0,1.5781,1.0,1.0,1.0,0.0,0.0,1.0,1.697,1.0,0.0,0.0,1.0,1.0,1.0,-0.2758,1.0,60-65,60-65
ADANIENT.NS|2025-10-24|ensemble_lr0.20_rf0.30_xgb0.50,ADANIENT.NS,2025-10-24,ensemble_lr0.20_rf0.30_xgb0.50,2024-10-25,2025-10-24,2025-10-20,2024-11-25,2025-10-23,2025-10-24,227,2025-10-24,False,0,0.5869565217391305,0.49653776392190624,0.34,0.5219162106513977,0.46226565811008014,0,53.77,0.46226565811008014,0,53.77,HOLD,0.4712,-0.0576,Sideways,0.0,0.0,unavailable_no_point_in_time_source,False,2503.08,2503.080810546875,2025-10-27,2491.68603515625,-0.4552,0,2025-10-29,2536.265869140625,1.3258,1.0,2025-10-31,2479.89111328125,-0.9264,0.0,2025-11-10,2297.3310546875,-8.2199,0.0,0,1,1,1,1,1,-0.4552,1,0.0,0.0,0.0,0.0,1.0,1.3258,1.0,1.0,1.0,1.0,1.0,1.0,-0.9264,1.0,1.0,1.0,1.0,1.0,0.0,-8.2198,0.0,50-55,50-55
ADANIPORTS.NS|2025-10-24|ensemble_lr0.20_rf0.30_xgb0.50,ADANIPORTS.NS,2025-10-24,ensemble_lr0.20_rf0.30_xgb0.50,2024-10-25,2025-10-24,2025-10-20,2024-11-25,2025-10-23,2025-10-24,227,2025-10-24,False,0,0.5652173913043478,0.4511045543539994,0.34,0.3944903016090393,0.38946606167531955,0,61.05,0.38946606167531955,0,61.05,HOLD,0.5776,0.1553,Bullish,0.67,0.0,unavailable_no_point_in_time_source,True,1423.0,1423.0028076171875,2025-10-27,1414.6380615234375,-0.5878,0,2025-10-29,1448.694580078125,1.8055,1.0,2025-10-31,1445.408447265625,1.5745,1.0,2025-11-10,1438.836181640625,1.1127,1.0,0,1,1,1,1,1,-0.5876,1,0.0,0.0,0.0,0.0,1.0,1.8057,1.0,0.0,0.0,0.0,0.0,1.0,1.5747,1.0,0.0,0.0,0.0,0.0,1.0,1.1129,1.0,60-65,60-65
AETHER.NS|2025-10-24|ensemble_lr0.20_rf0.30_xgb0.50,AETHER.NS,2025-10-24,ensemble_lr0.20_rf0.30_xgb0.50,2024-10-25,2025-10-24,2025-10-20,2024-11-25,2025-10-23,2025-10-24,227,2025-10-24,False,0,0.5434782608695653,0.5396473474426203,0.68,0.3729217052459717,0.4983903221115099,0,50.16,0.4983903221115099,0,50.16,HOLD,0.5213,0.0426,Bullish,0.335,0.0,unavailable_no_point_in_time_source,False,764.45,764.4500122070312,2025-10-27,762.9000244140625,-0.2028,0,2025-10-29,749.9000244140625,-1.9033,0.0,2025-10-31,753.7000122070312,-1.4062,0.0,2025-11-10,738.4500122070312,-3.4011,0.0,1,1,1,1,0,1,-0.2028,1,1.0,1.0,1.0,0.0,1.0,-1.9033,1.0,1.0,1.0,1.0,0.0,1.0,-1.4062,1.0,1.0,1.0,1.0,0.0,0.0,-3.4011,0.0,50-55,50-55
AIAENG.NS|2025-10-24|ensemble_lr0.20_rf0.30_xgb0.50,AIAENG.NS,2025-10-24,ensemble_lr0.20_rf0.30_xgb0.50,2024-10-25,2025-10-24,2025-10-20,2024-11-25,2025-10-23,2025-10-24,227,2025-10-24,False,0,0.5507246376811593,0.40370501539179354,0.54,0.6019532680511475,0.5437176371039325,1,54.37,0.5437176371039325,1,54.37,STRONG BUY,0.725,0.4501,Bullish,0.5,0.0,unavailable_no_point_in_time_source,False,3347.62,3347.6162109375,2025-10-27,3374.61474609375,0.8065,1,2025-10-29,3317.728515625,-0.8928,0.0,2025-10-31,3237.729248046875,-3.2825,0.0,2025-11-10,3432.7958984375,2.5445,1.0,1,1,1,0,1,1,0.8064,1,0.0,0.0,1.0,0.0,0.0,-0.8929,0.0,0.0,0.0,1.0,0.0,0.0,-3.2827,0.0,1.0,1.0,0.0,1.0,1.0,2.5444,1.0,50-55,50-55
AJANTPHARM.NS|2025-10-24|ensemble_lr0.20_rf0.30_xgb0.50,AJANTPHARM.NS,2025-10-24,ensemble_lr0.20_rf0.30_xgb0.50,2024-10-25,2025-10-24,2025-10-20,2024-11-25,2025-10-23,2025-10-24,227,2025-10-24,False,0,0.4492753623188406,0.41299029937692333,0.28,0.20927388966083527,0.2712350047058023,0,72.88,0.2712350047058023,0,72.88,SELL,0.3494,-0.3013,Bearish,-0.335,0.0,unavailable_no_point_in_time_source,False,2365.94,2365.94384765625,2025-10-27,2345.071533203125,-0.8822,0,2025-10-29,2412.490478515625,1.9674,1.0,2025-10-31,2415.822265625,2.1082,1.0,2025-11-10,2505.84423828125,5.9131,1.0,0,1,1,1,1,1,-0.882,1,0.0,0.0,0.0,0.0,0.0,1.9675,0.0,0.0,0.0,0.0,0.0,0.0,2.1083,0.0,0.0,0.0,0.0,0.0,0.0,5.9133,0.0,70-75,70-75
ALEMBICLTD.NS|2025-10-24|ensemble_lr0.20_rf0.30_xgb0.50,ALEMBICLTD.NS,2025-10-24,ensemble_lr0.20_rf0.30_xgb0.50,2024-10-25,2025-10-24,2025-10-20,2024-11-25,2025-10-23,2025-10-24,227,2025-10-24,False,0,0.572463768115942,0.41436835782124615,0.24,0.1050594374537468,0.20740339029112265,0,79.26,0.20740339029112265,0,79.26,SELL,0.3959,-0.2082,Sideways,-0.335,0.0,unavailable_no_point_in_time_source,False,98.16,98.16097259521484,2025-10-27,97.65457916259766,-0.5159,0,2025-10-29,98.19992065429688,0.0397,1.0,2025-10-31,96.79762268066406,-1.3889,0.0,2025-11-10,95.48297119140625,-2.7282,0.0,0,1,1,1,1,1,-0.5149,1,0.0,0.0,0.0,0.0,0.0,0.0407,0.0,1.0,1.0,1.0,1.0,1.0,-1.3879,1.0,1.0,1.0,1.0,1.0,1.0,-2.7272,1.0,75-80,75-80
ALKEM.NS|2025-10-24|ensemble_lr0.20_rf0.30_xgb0.50,ALKEM.NS,2025-10-24,ensemble_lr0.20_rf0.30_xgb0.50,2024-10-25,2025-10-24,2025-10-20,2024-11-25,2025-10-23,2025-10-24,227,2025-10-24,False,1,0.463768115942029,0.5134852050585696,0.5,0.21785038709640503,0.36162223455991643,0,63.84,0.36162223455991643,0,63.84,HOLD,0.5064,0.0128,Sideways,0.5,0.0,unavailable_no_point_in_time_source,False,5490.83,5490.82958984375,2025-10-27,5422.00830078125,-1.2534,0,2025-10-29,5480.9267578125,-0.1804,0.0,2025-10-31,5452.70556640625,-0.6943,0.0,2025-11-10,5624.015625,2.4256,1.0,1,1,1,0,0,1,-1.2534,1,1.0,1.0,0.0,0.0,1.0,-0.1804,1.0,1.0,1.0,0.0,0.0,1.0,-0.6943,1.0,0.0,0.0,1.0,1.0,1.0,2.4256,1.0,60-65,60-65
AMBER.NS|2025-10-24|ensemble_lr0.20_rf0.30_xgb0.50,AMBER.NS,2025-10-24,ensemble_lr0.20_rf0.30_xgb0.50,2024-10-25,2025-10-24,2025-10-20,2024-11-25,2025-10-23,2025-10-24,227,2025-10-24,False,1,0.5072463768115941,0.8187658454027041,0.5,0.43279707431793213,0.5301517062395069,1,53.02,0.5301517062395069,1,53.02,BUY,0.6248,0.2496,Sideways,0.5,0.0,unavailable_no_point_in_time_source,False,8321.5,8321.5,2025-10-27,8476.0,1.8566,1,2025-10-29,8312.5,-0.1082,0.0,2025-10-31,8036.5,-3.4249,0.0,2025-11-10,7016.5,-15.6823,0.0,1,1,1,1,1,1,1.8566,1,0.0,0.0,0.0,0.0,0.0,-0.1082,0.0,0.0,0.0,0.0,0.0,0.0,-3.4249,0.0,0.0,0.0,0.0,0.0,0.0,-15.6823,0.0,50-55,50-55
ANGELONE.NS|2025-10-24|ensemble_lr0.20_rf0.30_xgb0.50,ANGELONE.NS,2025-10-24,ensemble_lr0.20_rf0.30_xgb0.50,2024-10-25,2025-10-24,2025-10-20,2024-11-25,2025-10-23,2025-10-24,227,2025-10-24,False,1,0.5217391304347826,0.7403229129695004,0.86,0.8428298830986023,0.8274795241432013,1,82.75,0.8274795241432013,1,82.75,BUY,0.6255,0.2509,Bullish,0.0,0.0,unavailable_no_point_in_time_source,False,246.69,246.68797302246094,2025-10-27,252.8196258544922,2.4856,1,2025-10-29,246.41329956054688,-0.1113,0.0,2025-10-31,244.5198516845703,-0.8789,0.0,2025-11-10,255.70394897460938,3.6548,1.0,1,1,1,1,1,1,2.4847,1,0.0,0.0,0.0,0.0,0.0,-0.1122,0.0,0.0,0.0,0.0,0.0,0.0,-0.8797,0.0,1.0,1.0,1.0,1.0,1.0,3.654,1.0,80-85,80-85
APARINDS.NS|2025-10-24|ensemble_lr0.20_rf0.30_xgb0.50,APARINDS.NS,2025-10-24,ensemble_lr0.20_rf0.30_xgb0.50,2024-10-25,2025-10-24,2025-10-20,2024-11-25,2025-10-23,2025-10-24,227,2025-10-24,False,0,0.6014492753623188,0.4779363671214642,0.62,0.753709614276886,0.6584420805627358,1,65.84,0.6584420805627358,1,65.84,BUY,0.6293,0.2586,Sideways,0.5,0.0,unavailable_no_point_in_time_source,False,8703.28,8703.2841796875,2025-10-27,8959.892578125,2.9484,1,2025-10-29,9429.263671875,8.3414,1.0,2025-10-31,8641.0,-0.7156,0.0,2025-11-10,8251.3525390625,-5.1927,0.0,1,1,1,0,1,1,2.9485,1,1.0,1.0,0.0,1.0,1.0,8.3415,1.0,0.0,0.0,1.0,0.0,0.0,-0.7156,0.0,0.0,0.0,1.0,0.0,0.0,-5.1926,0.0,65-70,65-70
APOLLOHOSP.NS|2025-10-24|ensemble_lr0.20_rf0.30_xgb0.50,APOLLOHOSP.NS,2025-10-24,ensemble_lr0.20_rf0.30_xgb0.50,2024-10-25,2025-10-24,2025-10-20,2024-11-25,2025-10-23,2025-10-24,227,2025-10-24,False,0,0.5434782608695652,0.6242627015692359,0.32,0.1936514675617218,0.31767827409470806,0,68.23,0.31767827409470806,0,68.23,BUY,0.5901,0.1802,Bullish,0.67,0.0,unavailable_no_point_in_time_source,False,7818.01,7818.00732421875,2025-10-27,7825.98779296875,0.1021,1,2025-10-29,7838.955078125,0.2679,1.0,2025-10-31,7661.89697265625,-1.9968,0.0,2025-11-10,7510.77392578125,-3.9298,0.0,0,0,0,0,0,1,0.102,1,0.0,0.0,0.0,0.0,1.0,0.2679,1.0,1.0,1.0,1.0,1.0,0.0,-1.9968,0.0,1.0,1.0,1.0,1.0,0.0,-3.9299,0.0,65-70,65-70
APOLLOTYRE.NS|2025-10-24|ensemble_lr0.20_rf0.30_xgb0.50,APOLLOTYRE.NS,2025-10-24,ensemble_lr0.20_rf0.30_xgb0.50,2024-10-25,2025-10-24,2025-10-20,2024-11-25,2025-10-23,2025-10-24,227,2025-10-24,False,0,0.5289855072463768,0.4631244635108169,0.36,0.295428067445755,0.3483389264250409,0,65.17,0.3483389264250409,0,65.17,BUY,0.6036,0.2071,Bullish,0.835,0.0,unavailable_no_point_in_time_source,True,493.52,493.5201721191406,2025-10-27,499.19793701171875,1.1505,1,2025-10-29,499.19793701171875,1.1505,1.0,2025-10-31,495.1988220214844,0.3401,1.0,2025-11-10,515.4412841796875,4.4418,1.0,0,0,0,0,0,1,1.1505,1,0.0,0.0,0.0,0.0,1.0,1.1505,1.0,0.0,0.0,0.0,0.0,1.0,0.3402,1.0,0.0,0.0,0.0,0.0,1.0,4.4418,1.0,65-70,65-70
ASHOKLEY.NS|2025-10-24|ensemble_lr0.20_rf0.30_xgb0.50,ASHOKLEY.NS,2025-10-24,ensemble_lr0.20_rf0.30_xgb0.50,2024-10-25,2025-10-24,2025-10-20,2024-11-25,2025-10-23,2025-10-24,227,2025-10-24,False,0,0.5289855072463768,0.532176907669482,0.5,0.6191808581352234,0.5660258106015081,1,56.6,0.5660258106015081,1,56.6,BUY,0.5986,0.1971,Sideways,0.5,0.0,unavailable_no_point_in_time_source,True,133.16,133.15992736816406,2025-10-27,137.5155792236328,3.271,1,2025-10-29,136.21670532226562,2.2956,1.0,2025-10-31,138.21873474121094,3.799,1.0,2025-11-10,138.95118713378906,4.3491,1.0,0,1,1,0,0,1,3.2709,1,1.0,1.0,0.0,0.0,1.0,2.2955,1.0,1.0,1.0,0.0,0.0,1.0,3.799,1.0,1.0,1.0,0.0,0.0,1.0,4.349,1.0,55-60,55-60
ASIANPAINT.NS|2025-10-24|ensemble_lr0.20_rf0.30_xgb0.50,ASIANPAINT.NS,2025-10-24,ensemble_lr0.20_rf0.30_xgb0.50,2024-10-25,2025-10-24,2025-10-20,2024-11-25,2025-10-23,2025-10-24,227,2025-10-24,False,0,0.5072463768115942,0.16429022710649854,0.18,0.3089459240436554,0.2413310074431274,0,75.87,0.2413310074431274,0,75.87,HOLD,0.5123,0.0246,Bullish,0.335,0.0,unavailable_no_point_in_time_source,True,2476.22,2476.21826171875,2025-10-27,2493.243896484375,0.6876,1,2025-10-29,2512.94189453125,1.4831,1.0,2025-10-31,2485.324951171875,0.3678,1.0,2025-11-10,2623.508544921875,5.9482,1.0,0,0,0,0,0,1,0.6875,1,0.0,0.0,0.0,0.0,1.0,1.483,1.0,0.0,0.0,0.0,0.0,1.0,0.3677,1.0,0.0,0.0,0.0,0.0,0.0,5.9481,0.0,75-80,75-80
ASTRAL.NS|2025-10-24|ensemble_lr0.20_rf0.30_xgb0.50,ASTRAL.NS,2025-10-24,ensemble_lr0.20_rf0.30_xgb0.50,2024-10-25,2025-10-24,2025-10-20,2024-11-25,2025-10-23,2025-10-24,227,2025-10-24,False,0,0.5,0.5355343791302271,0.42,0.5867458581924438,0.5264798049222673,1,52.65,0.5264798049222673,1,52.65,BUY,0.6146,0.2291,Sideways,0.165,0.0,unavailable_no_point_in_time_source,False,1427.19,1427.1868896484375,2025-10-27,1431.57568359375,0.3075,1,2025-10-29,1461.1009521484375,2.3763,1.0,2025-10-31,1446.4381103515625,1.3489,1.0,2025-11-10,1564.439453125,9.617,1.0,0,1,1,0,0,1,0.3073,1,1.0,1.0,0.0,0.0,1.0,2.3761,1.0,1.0,1.0,0.0,0.0,1.0,1.3487,1.0,1.0,1.0,0.0,0.0,1.0,9.6168,1.0,50-55,50-55
AUBANK.NS|2025-10-24|ensemble_lr0.20_rf0.30_xgb0.50,AUBANK.NS,2025-10-24,ensemble_lr0.20_rf0.30_xgb0.50,2024-10-25,2025-10-24,2025-10-20,2024-11-25,2025-10-23,2025-10-24,227,2025-10-24,False,1,0.4710144927536232,0.4647777668911287,0.48,0.7358354926109314,0.6048732996836914,1,60.49,0.6048732996836914,1,60.49,STRONG BUY,0.7667,0.5333,Bullish,1.0,0.0,unavailable_no_point_in_time_source,False,859.52,859.5152587890625,2025-10-27,863.361572265625,0.4475,1,2025-10-29,881.5938720703125,2.5687,1.0,2025-10-31,876.998291015625,2.0341,1.0,2025-11-10,913.712646484375,6.3056,1.0,0,1,1,1,0,1,0.4469,1,1.0,1.0,1.0,0.0,1.0,2.5682,1.0,1.0,1.0,1.0,0.0,1.0,2.0335,1.0,1.0,1.0,1.0,0.0,1.0,6.305,1.0,60-65,60-65
AXISBANK.NS|2025-10-24|ensemble_lr0.20_rf0.30_xgb0.50,AXISBANK.NS,2025-10-24,ensemble_lr0.20_rf0.30_xgb0.50,2024-10-25,2025-10-24,2025-10-20,2024-11-25,2025-10-23,2025-10-24,227,2025-10-24,False,0,0.45652173913043476,0.6799001004492939,0.34,0.27986037731170654,0.3779102087457121,0,62.21,0.3779102087457121,0,62.21,BUY,0.6217,0.2435,Bullish,1.0,0.0,unavailable_no_point_in_time_source,True,1240.94,1240.9429931640625,2025-10-27,1253.133544921875,0.9824,1,2025-10-29,1247.837646484375,0.5556,1.0,2025-10-31,1231.8499755859375,-0.7328,0.0,2025-11-10,1216.0621337890625,-2.005,0.0,0,0,0,0,0,1,0.9826,1,0.0,0.0,0.0,0.0,1.0,0.5558,1.0,1.0,1.0,1.0,1.0,0.0,-0.7325,0.0,1.0,1.0,1.0,1.0,0.0,-2.0048,0.0,60-65,60-65
BAJAJ-AUTO.NS|2025-10-24|ensemble_lr0.20_rf0.30_xgb0.50,BAJAJ-AUTO.NS,2025-10-24,ensemble_lr0.20_rf0.30_xgb0.50,2024-10-25,2025-10-24,2025-10-20,2024-11-25,2025-10-23,2025-10-24,227,2025-10-24,False,1,0.5289855072463768,0.2722419688874556,0.38,0.32376378774642944,0.3303302876507058,0,66.97,0.3303302876507058,0,66.97,HOLD,0.5406,0.0811,Sideways,0.67,0.0,unavailable_no_point_in_time_source,False,8950.54,8950.5361328125,2025-10-27,8969.2724609375,0.2093,1,2025-10-29,8908.6259765625,-0.4682,0.0,2025-10-31,8769.08984375,-2.0272,0.0,2025-11-10,8650.2626953125,-3.3548,0.0,1,0,0,1,1,1,0.2093,1,1.0,1.0,0.0,0.0,1.0,-0.4683,1.0,1.0,1.0,0.0,0.0,1.0,-2.0273,1.0,1.0,1.0,0.0,0.0,0.0,-3.3549,0.0,65-70,65-70
BAJAJFINSV.NS|2025-10-24|ensemble_lr0.20_rf0.30_xgb0.50,BAJAJFINSV.NS,2025-10-24,ensemble_lr0.20_rf0.30_xgb0.50,2024-10-25,2025-10-24,2025-10-20,2024-11-25,2025-10-23,2025-10-24,227,2025-10-24,False,1,0.5072463768115942,0.3865279730076804,0.68,0.6721912026405334,0.6174011959218029,1,61.74,0.6174011959218029,1,61.74,STRONG BUY,0.7254,0.4507,Bullish,1.0,0.0,unavailable_no_point_in_time_source,True,2157.66,2157.658935546875,2025-10-27,2168.349609375,0.4955,1,2025-10-29,2135.177978515625,-1.0419,0.0,2025-10-31,2086.51953125,-3.2971,0.0,2025-11-10,2116.493896484375,-1.9079,0.0,0,1,1,1,0,1,0.4954,1,0.0,0.0,0.0,1.0,0.0,-1.042,0.0,0.0,0.0,0.0,1.0,0.0,-3.2971,0.0,0.0,0.0,0.0,1.0,0.0,-1.9079,0.0,60-65,60-65
BAJFINANCE.NS|2025-10-24|ensemble_lr0.20_rf0.30_xgb0.50,BAJFINANCE.NS,2025-10-24,ensemble_lr0.20_rf0.30_xgb0.50,2024-10-25,2025-10-24,2025-10-20,2024-11-25,2025-10-23,2025-10-24,227,2025-10-24,False,1,0.4275362318840579,0.4536334300724961,0.56,0.5242563486099243,0.5208548603194614,1,52.09,0.5208548603194614,1,52.09,BUY,0.7187,0.4375,Bullish,1.0,0.0,unavailable_no_point_in_time_source,False,1083.09,1083.092041015625,2025-10-27,1077.774658203125,-0.4909,0,2025-10-29,1056.4556884765625,-2.4593,0.0,2025-10-31,1036.428955078125,-4.3083,0.0,2025-11-10,1078.3709716796875,-0.4359,0.0,0,0,0,0,1,0,-0.4908,0,0.0,0.0,0.0,1.0,0.0,-2.4591,0.0,0.0,0.0,0.0,1.0,0.0,-4.3081,0.0,0.0,0.0,0.0,1.0,0.0,-0.4357,0.0,50-55,50-55
BEL.NS|2025-10-24|ensemble_lr0.20_rf0.30_xgb0.50,BEL.NS,2025-10-24,ensemble_lr0.20_rf0.30_xgb0.50,2024-10-25,2025-10-24,2025-10-20,2024-11-25,2025-10-23,2025-10-24,227,2025-10-24,False,0,0.4202898550724638,0.502019428290262,0.76,0.44734928011894226,0.5520785257175236,1,55.21,0.5520785257175236,1,55.21,BUY,0.7104,0.4209,Bullish,0.665,0.0,unavailable_no_point_in_time_source,False,419.69,419.69110107421875,2025-10-27,412.82965087890625,-1.6349,0,2025-10-29,404.92413330078125,-3.5185,0.0,2025-10-31,423.7184753417969,0.9596,1.0,2025-11-10,414.52020263671875,-1.2321,0.0,1,0,0,1,0,0,-1.6346,0,0.0,0.0,1.0,0.0,0.0,-3.5183,0.0,1.0,1.0,0.0,1.0,1.0,0.9599,1.0,0.0,0.0,1.0,0.0,0.0,-1.2318,0.0,55-60,55-60
BPCL.NS|2025-10-24|ensemble_lr0.20_rf0.30_xgb0.50,BPCL.NS,2025-10-24,ensemble_lr0.20_rf0.30_xgb0.50,2024-10-25,2025-10-24,2025-10-20,2024-11-25,2025-10-23,2025-10-24,227,2025-10-24,False,0,0.536231884057971,0.5388152507278479,0.52,0.44418925046920776,0.48585767538017344,0,51.41,0.48585767538017344,0,51.41,HOLD,0.4921,-0.0157,Sideways,0.335,0.0,unavailable_no_point_in_time_source,False,314.83,314.8333435058594,2025-10-27,326.7902526855469,3.7979,1,2025-10-29,331.6492004394531,5.3412,1.0,2025-10-31,339.93804931640625,7.974,1.0,2025-11-10,355.1321716308594,12.8001,1.0,0,0,0,0,0,0,3.799,0,0.0,0.0,0.0,0.0,0.0,5.3423,0.0,0.0,0.0,0.0,0.0,0.0,7.9751,0.0,0.0,0.0,0.0,0.0,0.0,12.8012,0.0,50-55,50-55
AARTIIND.NS|2025-10-31|ensemble_lr0.20_rf0.30_xgb0.50,AARTIIND.NS,2025-10-31,ensemble_lr0.20_rf0.30_xgb0.50,2024-11-01,2025-10-31,2025-10-27,2024-12-02,2025-10-30,2025-10-31,227,2025-10-31,False,0,0.5507246376811595,0.35162997276956115,0.46,0.41016197204589844,0.4134069805768615,0,58.66,0.4134069805768615,0,58.66,HOLD,0.4231,-0.1538,Sideways,-0.335,0.0,unavailable_no_point_in_time_source,False,379.2,379.19622802734375,2025-11-03,387.8789367675781,2.2898,1,2025-11-06,389.72528076171875,2.7767,1.0,2025-11-10,391.8710021972656,3.3425,1.0,2025-11-17,394.5157470703125,4.04,1.0,0,0,0,0,0,1,2.2887,1,0.0,0.0,0.0,0.0,1.0,2.7757,1.0,0.0,0.0,0.0,0.0,0.0,3.3415,0.0,0.0,0.0,0.0,0.0,0.0,4.039,0.0,55-60,55-60
AAVAS.NS|2025-10-31|ensemble_lr0.20_rf0.30_xgb0.50,AAVAS.NS,2025-10-31,ensemble_lr0.20_rf0.30_xgb0.50,2024-11-01,2025-10-31,2025-10-27,2024-12-02,2025-10-30,2025-10-31,227,2025-10-31,False,0,0.644927536231884,0.6551669761951144,0.7,0.8866361379623413,0.7843514642201935,1,78.44,0.7843514642201935,1,78.44,HOLD,0.5635,0.1269,Sideways,-0.17,0.0,unavailable_no_point_in_time_source,False,1650.0,1650.0,2025-11-03,1649.5,-0.0303,0,2025-11-06,1603.9000244140625,-2.7939,0.0,2025-11-10,1654.0,0.2424,1.0,2025-11-17,1690.0,2.4242,1.0,0,0,0,1,1,1,-0.0303,1,0.0,0.0,1.0,1.0,1.0,-2.7939,1.0,1.0,1.0,0.0,0.0,1.0,0.2424,1.0,1.0,1.0,0.0,0.0,1.0,2.4242,1.0,75-80,75-80
ABCAPITAL.NS|2025-10-31|ensemble_lr0.20_rf0.30_xgb0.50,ABCAPITAL.NS,2025-10-31,ensemble_lr0.20_rf0.30_xgb0.50,2024-11-01,2025-10-31,2025-10-27,2024-12-02,2025-10-30,2025-10-31,227,2025-10-31,False,0,0.5144927536231884,0.6983676952951474,0.34,0.34223273396492004,0.4127899060414895,0,58.72,0.4127899060414895,0,58.72,BUY,0.6557,0.3114,Bullish,1.0,0.0,unavailable_no_point_in_time_source,True,324.2,324.20001220703125,2025-11-03,334.25,3.0999,1,2025-11-06,327.04998779296875,0.8791,1.0,2025-11-10,333.54998779296875,2.884,1.0,2025-11-17,334.79998779296875,3.2696,1.0,0,0,0,0,0,1,3.0999,1,0.0,0.0,0.0,0.0,1.0,0.8791,1.0,0.0,0.0,0.0,0.0,1.0,2.884,1.0,0.0,0.0,0.0,0.0,1.0,3.2696,1.0,55-60,55-60
ABFRL.NS|2025-10-31|ensemble_lr0.20_rf0.30_xgb0.50,ABFRL.NS,2025-10-31,ensemble_lr0.20_rf0.30_xgb0.50,2024-11-01,2025-10-31,2025-10-27,2024-12-02,2025-10-30,2025-10-31,227,2025-10-31,False,0,0.5217391304347826,0.6294571263367147,0.32,0.2224554419517517,0.3331191462432188,0,66.69,0.3331191462432188,0,66.69,SELL,0.3404,-0.3192,Sideways,-0.5,0.0,unavailable_no_point_in_time_source,True,81.64,81.63999938964844,2025-11-03,85.37999725341797,4.5811,1,2025-11-06,78.08000183105469,-4.3606,0.0,2025-11-10,80.05999755859375,-1.9353,0.0,2025-11-17,78.22000122070312,-4.1891,0.0,0,0,0,0,0,0,4.5811,0,1.0,1.0,1.0,1.0,1.0,-4.3606,1.0,1.0,1.0,1.0,1.0,1.0,-1.9353,1.0,1.0,1.0,1.0,1.0,1.0,-4.1891,1.0,65-70,65-70
ACC.NS|2025-10-31|ensemble_lr0.20_rf0.30_xgb0.50,ACC.NS,2025-10-31,ensemble_lr0.20_rf0.30_xgb0.50,2024-11-01,2025-10-31,2025-10-27,2024-12-02,2025-10-30,2025-10-31,227,2025-10-31,False,0,0.5579710144927535,0.09398234621739614,0.24,0.45720374584198,0.3193983421644692,0,68.06,0.3193983421644692,0,68.06,HOLD,0.5123,0.0246,Sideways,0.165,0.0,unavailable_no_point_in_time_source,False,1870.68,1870.676025390625,2025-11-03,1859.7392578125,-0.5846,0,2025-11-06,1821.8585205078125,-2.6096,0.0,2025-11-10,1834.385986328125,-1.9399,0.0,2025-11-17,1836.076171875,-1.8496,0.0,1,1,1,1,0,1,-0.5849,1,1.0,1.0,1.0,0.0,1.0,-2.6098,1.0,1.0,1.0,1.0,0.0,1.0,-1.9402,1.0,1.0,1.0,1.0,0.0,1.0,-1.8498,1.0,65-70,65-70
ADANIENT.NS|2025-10-31|ensemble_lr0.20_rf0.30_xgb0.50,ADANIENT.NS,2025-10-31,ensemble_lr0.20_rf0.30_xgb0.50,2024-11-01,2025-10-31,2025-10-27,2024-12-02,2025-10-30,2025-10-31,227,2025-10-31,False,0,0.5652173913043478,0.5658580834165238,0.58,0.5823703408241272,0.5783567870953683,1,57.84,0.5783567870953683,1,57.84,HOLD,0.574,0.148,Sideways,0.0,0.0,unavailable_no_point_in_time_source,True,2479.89,2479.89111328125,2025-11-03,2465.8974609375,-0.5643,0,2025-11-06,2313.265869140625,-6.7191,0.0,2025-11-10,2297.3310546875,-7.3616,0.0,2025-11-17,2460.899658203125,-0.7658,0.0,0,0,0,1,1,1,-0.5642,1,0.0,0.0,1.0,1.0,0.0,-6.719,0.0,0.0,0.0,1.0,1.0,0.0,-7.3616,0.0,0.0,0.0,1.0,1.0,1.0,-0.7658,1.0,55-60,55-60
ADANIPORTS.NS|2025-10-31|ensemble_lr0.20_rf0.30_xgb0.50,ADANIPORTS.NS,2025-10-31,ensemble_lr0.20_rf0.30_xgb0.50,2024-11-01,2025-10-31,2025-10-27,2024-12-02,2025-10-30,2025-10-31,227,2025-10-31,False,0,0.572463768115942,0.453699489077119,0.44,0.382332980632782,0.4139063881318148,0,58.61,0.4139063881318148,0,58.61,HOLD,0.5409,0.0817,Bullish,0.335,0.0,unavailable_no_point_in_time_source,True,1445.41,1445.408447265625,2025-11-03,1438.6368408203125,-0.4685,0,2025-11-06,1430.7701416015625,-1.0127,0.0,2025-11-10,1438.836181640625,-0.4547,0.0,2025-11-17,1501.27294921875,3.865,1.0,0,1,1,1,1,1,-0.4686,1,1.0,1.0,1.0,1.0,1.0,-1.0129,1.0,1.0,1.0,1.0,1.0,1.0,-0.4548,1.0,0.0,0.0,0.0,0.0,0.0,3.8649,0.0,55-60,55-60
AETHER.NS|2025-10-31|ensemble_lr0.20_rf0.30_xgb0.50,AETHER.NS,2025-10-31,ensemble_lr0.20_rf0.30_xgb0.50,2024-11-01,2025-10-31,2025-10-27,2024-12-02,2025-10-30,2025-10-31,227,2025-10-31,False,0,0.5289855072463768,0.45595249242027214,0.38,0.43555888533592224,0.4229699411520155,0,57.7,0.4229699411520155,0,57.7,HOLD,0.4237,-0.1526,Sideways,-0.165,0.0,unavailable_no_point_in_time_source,False,753.7,753.7000122070312,2025-11-03,761.5499877929688,1.0415,1,2025-11-06,750.75,-0.3914,0.0,2025-11-10,738.4500122070312,-2.0234,0.0,2025-11-17,847.4000244140625,12.432,1.0,1,0,0,0,1,1,1.0415,1,1.0,1.0,1.0,0.0,1.0,-0.3914,1.0,1.0,1.0,1.0,0.0,1.0,-2.0233,1.0,0.0,0.0,0.0,1.0,0.0,12.432,0.0,55-60,55-60
AIAENG.NS|2025-10-31|ensemble_lr0.20_rf0.30_xgb0.50,AIAENG.NS,2025-10-31,ensemble_lr0.20_rf0.30_xgb0.50,2024-11-01,2025-10-31,2025-10-27,2024-12-02,2025-10-30,2025-10-31,227,2025-10-31,False,0,0.48550724637681153,0.23372951259473032,0.3,0.3149002492427826,0.2941960271403373,0,70.58,0.2941960271403373,0,70.58,HOLD,0.4438,-0.1124,Sideways,0.0,0.0,unavailable_no_point_in_time_source,False,3237.73,3237.729248046875,2025-11-03,3252.872314453125,0.4677,1,2025-11-06,3306.172119140625,2.1139,1.0,2025-11-10,3432.7958984375,6.0248,1.0,2025-11-17,3746.3173828125,15.7082,1.0,0,0,0,0,0,1,0.4677,1,0.0,0.0,0.0,0.0,1.0,2.1139,1.0,0.0,0.0,0.0,0.0,0.0,6.0248,0.0,0.0,0.0,0.0,0.0,0.0,15.7081,0.0,70-75,70-75
AJANTPHARM.NS|2025-10-31|ensemble_lr0.20_rf0.30_xgb0.50,AJANTPHARM.NS,2025-10-31,ensemble_lr0.20_rf0.30_xgb0.50,2024-11-01,2025-10-31,2025-10-27,2024-12-02,2025-10-30,2025-10-31,227,2025-10-31,False,0,0.4275362318840579,0.38054885881816325,0.38,0.19236472249031067,0.286292133008788,0,71.37,0.286292133008788,0,71.37,SELL,0.4136,-0.1727,Sideways,-0.335,0.0,unavailable_no_point_in_time_source,False,2415.82,2415.822265625,2025-11-03,2488.43505859375,3.0057,1,2025-11-06,2517.2451171875,4.1983,1.0,2025-11-10,2505.84423828125,3.7263,1.0,2025-11-17,2481.269287109375,2.7091,1.0,0,0,0,0,0,0,3.0058,0,0.0,0.0,0.0,0.0,0.0,4.1984,0.0,0.0,0.0,0.0,0.0,0.0,3.7264,0.0,0.0,0.0,0.0,0.0,0.0,2.7092,0.0,70-75,70-75
ALEMBICLTD.NS|2025-10-31|ensemble_lr0.20_rf0.30_xgb0.50,ALEMBICLTD.NS,2025-10-31,ensemble_lr0.20_rf0.30_xgb0.50,2024-11-01,2025-10-31,2025-10-27,2024-12-02,2025-10-30,2025-10-31,227,2025-10-31,False,0,0.572463768115942,0.3658707605165137,0.38,0.40777403116226196,0.3910611676844337,0,60.89,0.3910611676844337,0,60.89,SELL,0.3911,-0.2179,Sideways,-0.335,0.0,unavailable_no_point_in_time_source,False,96.8,96.79762268066406,2025-11-03,99.2808609008789,2.5654,1,2025-11-06,97.17741394042969,0.3924,1.0,2025-11-10,95.48297119140625,-1.3581,0.0,2025-11-17,99.3587646484375,2.6459,1.0,0,0,0,0,0,0,2.5629,0,0.0,0.0,0.0,0.0,0.0,0.3899,0.0,1.0,1.0,1.0,1.0,1.0,-1.3606,1.0,0.0,0.0,0.0,0.0,0.0,2.6434,0.0,60-65,60-65
ALKEM.NS|2025-10-31|ensemble_lr0.20_rf0.30_xgb0.50,ALKEM.NS,2025-10-31,ensemble_lr0.20_rf0.30_xgb0.50,2024-11-01,2025-10-31,2025-10-27,2024-12-02,2025-10-30,2025-10-31,227,2025-10-31,False,1,0.5507246376811593,0.382230826786156,0.46,0.5103725790977478,0.4696324549061051,0,53.04,0.4696324549061051,0,53.04,HOLD,0.5053,0.0106,Sideways,0.335,0.0,unavailable_no_point_in_time_source,False,5452.71,5452.70556640625,2025-11-03,5573.513671875,2.2156,1,2025-11-06,5588.36669921875,2.488,1.0,2025-11-10,5624.015625,3.1417,1.0,2025-11-17,5667.0908203125,3.9317,1.0,0,0,0,1,0,1,2.2155,1,0.0,0.0,1.0,0.0,1.0,2.4879,1.0,0.0,0.0,1.0,0.0,0.0,3.1417,0.0,0.0,0.0,1.0,0.0,0.0,3.9316,0.0,50-55,50-55
AMBER.NS|2025-10-31|ensemble_lr0.20_rf0.30_xgb0.50,AMBER.NS,2025-10-31,ensemble_lr0.20_rf0.30_xgb0.50,2024-11-01,2025-10-31,2025-10-27,2024-12-02,2025-10-30,2025-10-31,227,2025-10-31,False,1,0.47826086956521735,0.4510737289553612,0.56,0.568359911441803,0.5423947015119738,1,54.24,0.5423947015119738,1,54.24,BUY,0.5979,0.1957,Sideways,0.335,0.0,unavailable_no_point_in_time_source,False,8036.5,8036.5,2025-11-03,7957.5,-0.983,0,2025-11-06,7832.5,-2.5384,0.0,2025-11-10,7016.5,-12.6921,0.0,2025-11-17,7443.5,-7.3788,0.0,0,0,0,0,1,0,-0.983,0,0.0,0.0,0.0,1.0,0.0,-2.5384,0.0,0.0,0.0,0.0,1.0,0.0,-12.6921,0.0,0.0,0.0,0.0,1.0,0.0,-7.3788,0.0,50-55,50-55
ANGELONE.NS|2025-10-31|ensemble_lr0.20_rf0.30_xgb0.50,ANGELONE.NS,2025-10-31,ensemble_lr0.20_rf0.30_xgb0.50,2024-11-01,2025-10-31,2025-10-27,2024-12-02,2025-10-30,2025-10-31,227,2025-10-31,False,0,0.5579710144927535,0.5435184647750395,0.5,0.3883695602416992,0.4528884730758575,0,54.71,0.4528884730758575,0,54.71,BUY,0.6275,0.255,Bullish,0.335,0.0,unavailable_no_point_in_time_source,False,244.52,244.5198516845703,2025-11-03,251.52462768554688,2.8647,1,2025-11-06,243.94100952148438,-0.2367,0.0,2025-11-10,255.70394897460938,4.5739,1.0,2025-11-17,279.3475036621094,14.2433,1.0,0,0,0,0,0,1,2.8646,1,1.0,1.0,1.0,1.0,0.0,-0.2368,0.0,0.0,0.0,0.0,0.0,1.0,4.5738,1.0,0.0,0.0,0.0,0.0,1.0,14.2432,1.0,50-55,50-55
APARINDS.NS|2025-10-31|ensemble_lr0.20_rf0.30_xgb0.50,APARINDS.NS,2025-10-31,ensemble_lr0.20_rf0.30_xgb0.50,2024-11-01,2025-10-31,2025-10-27,2024-12-02,2025-10-30,2025-10-31,227,2025-10-31,False,0,0.5942028985507246,0.3216486100409991,0.26,0.2593420147895813,0.27200072940299047,0,72.8,0.27200072940299047,0,72.8,HOLD,0.531,0.062,High Volatility,0.67,0.0,unavailable_no_point_in_time_source,False,8641.0,8641.0,2025-11-03,8509.955078125,-1.5165,0,2025-11-06,8374.923828125,-3.0792,0.0,2025-11-10,8251.3525390625,-4.5093,0.0,2025-11-17,9198.564453125,6.4525,1.0,0,1,1,1,1,1,-1.5165,1,1.0,1.0,1.0,1.0,0.0,-3.0792,0.0,1.0,1.0,1.0,1.0,0.0,-4.5093,0.0,0.0,0.0,0.0,0.0,0.0,6.4525,0.0,70-75,70-75
APOLLOHOSP.NS|2025-10-31|ensemble_lr0.20_rf0.30_xgb0.50,APOLLOHOSP.NS,2025-10-31,ensemble_lr0.20_rf0.30_xgb0.50,2024-11-01,2025-10-31,2025-10-27,2024-12-02,2025-10-30,2025-10-31,227,2025-10-31,False,0,0.5,0.6320161404741277,0.26,0.49559450149536133,0.4522004788425062,0,54.78,0.4522004788425062,0,54.78,HOLD,0.4458,-0.1083,Sideways,0.0,0.0,unavailable_no_point_in_time_source,False,7661.9,7661.89697265625,2025-11-03,7805.0400390625,1.8682,1,2025-11-06,7762.6455078125,1.3149,1.0,2025-11-10,7510.77392578125,-1.9724,0.0,2025-11-17,7468.87841796875,-2.5192,0.0,0,0,0,0,0,1,1.8682,1,0.0,0.0,0.0,0.0,1.0,1.3149,1.0,1.0,1.0,1.0,1.0,1.0,-1.9724,1.0,1.0,1.0,1.0,1.0,1.0,-2.5192,1.0,50-55,50-55
APOLLOTYRE.NS|2025-10-31|ensemble_lr0.20_rf0.30_xgb0.50,APOLLOTYRE.NS,2025-10-31,ensemble_lr0.20_rf0.30_xgb0.50,2024-11-01,2025-10-31,2025-10-27,2024-12-02,2025-10-30,2025-10-31,227,2025-10-31,False,0,0.463768115942029,0.5164891438618556,0.36,0.38777434825897217,0.4051850029018572,0,59.48,0.4051850029018572,0,59.48,BUY,0.6006,0.2011,Bullish,0.835,0.0,unavailable_no_point_in_time_source,True,495.2,495.1988220214844,2025-11-03,503.0489501953125,1.5852,1,2025-11-06,499.44476318359375,0.8574,1.0,2025-11-10,515.4412841796875,4.0877,1.0,2025-11-17,507.541748046875,2.4925,1.0,0,0,0,0,0,1,1.585,1,0.0,0.0,0.0,0.0,1.0,0.8572,1.0,0.0,0.0,0.0,0.0,1.0,4.0875,1.0,0.0,0.0,0.0,0.0,1.0,2.4923,1.0,55-60,55-60
ASHOKLEY.NS|2025-10-31|ensemble_lr0.20_rf0.30_xgb0.50,ASHOKLEY.NS,2025-10-31,ensemble_lr0.20_rf0.30_xgb0.50,2024-11-01,2025-10-31,2025-10-27,2024-12-02,2025-10-30,2025-10-31,227,2025-10-31,False,0,0.47826086956521746,0.652027412609032,0.46,0.6203029751777649,0.5785569701106889,1,57.86,0.5785569701106889,1,57.86,STRONG BUY,0.7266,0.4533,Bullish,0.835,0.0,unavailable_no_point_in_time_source,True,138.22,138.21873474121094,2025-11-03,136.5585174560547,-1.2012,0,2025-11-06,137.92575073242188,-0.212,0.0,2025-11-10,138.95118713378906,0.5299,1.0,2025-11-17,144.97683715820312,4.8894,1.0,1,0,0,1,0,0,-1.2021,0,0.0,0.0,1.0,0.0,0.0,-0.2129,0.0,1.0,1.0,0.0,1.0,1.0,0.529,1.0,1.0,1.0,0.0,1.0,1.0,4.8885,1.0,55-60,55-60
ASIANPAINT.NS|2025-10-31|ensemble_lr0.20_rf0.30_xgb0.50,ASIANPAINT.NS,2025-10-31,ensemble_lr0.20_rf0.30_xgb0.50,2024-11-01,2025-10-31,2025-10-27,2024-12-02,2025-10-30,2025-10-31,227,2025-10-31,False,0,0.4927536231884058,0.2305517085956718,0.36,0.29144230484962463,0.29983149414394666,0,70.02,0.29983149414394666,0,70.02,HOLD,0.5516,0.1032,Bullish,0.165,0.0,unavailable_no_point_in_time_source,True,2485.32,2485.324951171875,2025-11-03,2486.710693359375,0.0558,1,2025-11-06,2576.490478515625,3.6682,1.0,2025-11-10,2623.508544921875,5.56,1.0,2025-11-17,2858.5986328125,15.0191,1.0,0,0,0,0,0,1,0.056,1,0.0,0.0,0.0,0.0,0.0,3.6684,0.0,0.0,0.0,0.0,0.0,0.0,5.5602,0.0,0.0,0.0,0.0,0.0,0.0,15.0193,0.0,70-75,70-75
ASTRAL.NS|2025-10-31|ensemble_lr0.20_rf0.30_xgb0.50,ASTRAL.NS,2025-10-31,ensemble_lr0.20_rf0.30_xgb0.50,2024-11-01,2025-10-31,2025-10-27,2024-12-02,2025-10-30,2025-10-31,227,2025-10-31,False,0,0.4202898550724638,0.4731261013413261,0.38,0.4560132324695587,0.4366318365030446,0,56.34,0.4366318365030446,0,56.34,HOLD,0.5064,0.0128,Sideways,0.165,0.0,unavailable_no_point_in_time_source,True,1446.44,1446.4381103515625,2025-11-03,1476.9608154296875,2.1102,1,2025-11-06,1562.1451416015625,7.9994,1.0,2025-11-10,1564.439453125,8.1581,1.0,2025-11-17,1463.3983154296875,1.1725,1.0,0,0,0,0,0,1,2.1101,1,0.0,0.0,0.0,0.0,0.0,7.9993,0.0,0.0,0.0,0.0,0.0,0.0,8.1579,0.0,0.0,0.0,0.0,0.0,1.0,1.1724,1.0,55-60,55-60
AUBANK.NS|2025-10-31|ensemble_lr0.20_rf0.30_xgb0.50,AUBANK.NS,2025-10-31,ensemble_lr0.20_rf0.30_xgb0.50,2024-11-01,2025-10-31,2025-10-27,2024-12-02,2025-10-30,2025-10-31,227,2025-10-31,False,1,0.5144927536231884,0.5617127196050541,0.42,0.6059380173683167,0.5413115526051692,1,54.13,0.5413115526051692,1,54.13,STRONG BUY,0.7624,0.5249,Bullish,1.0,0.0,unavailable_no_point_in_time_source,False,877.0,876.998291015625,2025-11-03,866.10888671875,-1.2417,0,2025-11-06,880.145263671875,0.3588,1.0,2025-11-10,913.712646484375,4.1864,1.0,2025-11-17,911.8145141601562,3.9699,1.0,0,0,0,0,1,0,-1.2419,0,1.0,1.0,1.0,0.0,1.0,0.3586,1.0,1.0,1.0,1.0,0.0,1.0,4.1862,1.0,1.0,1.0,1.0,0.0,1.0,3.9697,1.0,50-55,50-55
AXISBANK.NS|2025-10-31|ensemble_lr0.20_rf0.30_xgb0.50,AXISBANK.NS,2025-10-31,ensemble_lr0.20_rf0.30_xgb0.50,2024-11-01,2025-10-31,2025-10-27,2024-12-02,2025-10-30,2025-10-31,227,2025-10-31,False,0,0.47826086956521735,0.37226460112734006,0.26,0.5336388945579529,0.41927236750444447,0,58.07,0.41927236750444447,0,58.07,HOLD,0.5666,0.1331,Bullish,0.665,0.0,unavailable_no_point_in_time_source,True,1231.85,1231.8499755859375,2025-11-03,1232.749267578125,0.073,1,2025-11-06,1227.55322265625,-0.3488,0.0,2025-11-10,1216.0621337890625,-1.2816,0.0,2025-11-17,1248.636962890625,1.3627,1.0,0,0,0,0,0,1,0.073,1,1.0,1.0,1.0,1.0,1.0,-0.3488,1.0,1.0,1.0,1.0,1.0,1.0,-1.2816,1.0,0.0,0.0,0.0,0.0,1.0,1.3627,1.0,55-60,55-60
BAJAJ-AUTO.NS|2025-10-31|ensemble_lr0.20_rf0.30_xgb0.50,BAJAJ-AUTO.NS,2025-10-31,ensemble_lr0.20_rf0.30_xgb0.50,2024-11-01,2025-10-31,2025-10-27,2024-12-02,2025-10-30,2025-10-31,227,2025-10-31,False,0,0.572463768115942,0.39664190457157894,0.24,0.17285487055778503,0.2377558161932083,0,76.22,0.2377558161932083,0,76.22,HOLD,0.4747,-0.0506,Sideways,0.335,0.0,unavailable_no_point_in_time_source,False,8769.09,8769.08984375,2025-11-03,8798.673828125,0.3374,1,2025-11-06,8599.4765625,-1.9342,0.0,2025-11-10,8650.2626953125,-1.3551,0.0,2025-11-17,8821.3544921875,0.596,1.0,0,0,0,0,0,1,0.3374,1,1.0,1.0,1.0,1.0,1.0,-1.9342,1.0,1.0,1.0,1.0,1.0,1.0,-1.3551,1.0,0.0,0.0,0.0,0.0,1.0,0.596,1.0,75-80,75-80
BAJAJFINSV.NS|2025-10-31|ensemble_lr0.20_rf0.30_xgb0.50,BAJAJFINSV.NS,2025-10-31,ensemble_lr0.20_rf0.30_xgb0.50,2024-11-01,2025-10-31,2025-10-27,2024-12-02,2025-10-30,2025-10-31,227,2025-10-31,False,0,0.5217391304347826,0.43481129288652276,0.34,0.3375511169433594,0.3577378170489842,0,64.23,0.3577378170489842,0,64.23,HOLD,0.4701,-0.0597,Sideways,0.335,0.0,unavailable_no_point_in_time_source,True,2086.52,2086.51953125,2025-11-03,2079.825439453125,-0.3208,0,2025-11-06,2061.44091796875,-1.2019,0.0,2025-11-10,2116.493896484375,1.4366,1.0,2025-11-17,2077.8271484375,-0.4166,0.0,0,1,1,1,1,1,-0.3208,1,1.0,1.0,1.0,1.0,1.0,-1.202,1.0,0.0,0.0,0.0,0.0,1.0,1.4365,1.0,1.0,1.0,1.0,1.0,1.0,-0.4166,1.0,60-65,60-65
BAJFINANCE.NS|2025-10-31|ensemble_lr0.20_rf0.30_xgb0.50,BAJFINANCE.NS,2025-10-31,ensemble_lr0.20_rf0.30_xgb0.50,2024-11-01,2025-10-31,2025-10-27,2024-12-02,2025-10-30,2025-10-31,227,2025-10-31,False,1,0.4492753623188406,0.4675115509721819,0.44,0.4956163465976715,0.47331048349327215,0,52.67,0.47331048349327215,0,52.67,HOLD,0.5076,0.0151,Sideways,0.5,0.0,unavailable_no_point_in_time_source,False,1036.43,1036.428955078125,2025-11-03,1036.72705078125,0.0288,1,2025-11-06,1035.534423828125,-0.0863,0.0,2025-11-10,1078.3709716796875,4.0468,1.0,2025-11-17,1020.5266723632812,-1.5343,0.0,0,0,0,1,0,1,0.0287,1,1.0,1.0,0.0,1.0,1.0,-0.0864,1.0,0.0,0.0,1.0,0.0,0.0,4.0467,0.0,1.0,1.0,0.0,1.0,1.0,-1.5344,1.0,50-55,50-55
BEL.NS|2025-10-31|ensemble_lr0.20_rf0.30_xgb0.50,BEL.NS,2025-10-31,ensemble_lr0.20_rf0.30_xgb0.50,2024-11-01,2025-10-31,2025-10-27,2024-12-02,2025-10-30,2025-10-31,227,2025-10-31,False,0,0.4057971014492754,0.4618637430321677,0.64,0.6696115136146545,0.6191785054137608,1,61.92,0.6191785054137608,1,61.92,BUY,0.6578,0.3156,Sideways,0.665,0.0,unavailable_no_point_in_time_source,False,423.72,423.7184753417969,2025-11-03,419.9397277832031,-0.8918,0,2025-11-06,406.5151672363281,-4.0601,0.0,2025-11-10,414.52020263671875,-2.1708,0.0,2025-11-17,422.1771240234375,-0.3638,0.0,1,0,0,1,0,0,-0.8922,0,0.0,0.0,1.0,0.0,0.0,-4.0604,0.0,0.0,0.0,1.0,0.0,0.0,-2.1712,0.0,0.0,0.0,1.0,0.0,0.0,-0.3641,0.0,60-65,60-65
BPCL.NS|2025-10-31|ensemble_lr0.20_rf0.30_xgb0.50,BPCL.NS,2025-10-31,ensemble_lr0.20_rf0.30_xgb0.50,2024-11-01,2025-10-31,2025-10-27,2024-12-02,2025-10-30,2025-10-31,227,2025-10-31,False,0,0.5217391304347826,0.3660035278174961,0.28,0.11160439997911453,0.2130029055530565,0,78.7,0.2130029055530565,0,78.7,BUY,0.6112,0.2224,Bullish,1.0,0.0,unavailable_no_point_in_time_source,True,339.94,339.93804931640625,2025-11-03,349.94183349609375,2.9428,1,2025-11-06,350.5611267089844,3.125,1.0,2025-11-10,355.1321716308594,4.4697,1.0,2025-11-17,363.9825134277344,7.0732,1.0,0,0,0,0,0,1,2.9422,1,0.0,0.0,0.0,0.0,1.0,3.1244,1.0,0.0,0.0,0.0,0.0,1.0,4.4691,1.0,0.0,0.0,0.0,0.0,1.0,7.0726,1.0,75-80,75-80
AARTIIND.NS|2025-11-10|ensemble_lr0.20_rf0.30_xgb0.50,AARTIIND.NS,2025-11-10,ensemble_lr0.20_rf0.30_xgb0.50,2024-11-11,2025-11-10,2025-11-10,2024-12-10,2025-11-07,2025-11-10,226,2025-11-10,False,0,0.5434782608695653,0.5033459921919639,0.68,0.7278953194618225,0.668616858169304,1,66.86,0.668616858169304,1,66.86,BUY,0.5873,0.1746,Sideways,0.335,0.0,unavailable_no_point_in_time_source,True,391.87,391.8710021972656,2025-11-11,385.7830810546875,-1.5536,0,2025-11-13,392.51971435546875,0.1655,1.0,2025-11-17,394.5157470703125,0.6749,1.0,2025-11-24,380.04449462890625,-3.018,0.0,1,0,0,1,0,0,-1.5533,0,1.0,1.0,0.0,1.0,1.0,0.1658,1.0,1.0,1.0,0.0,1.0,1.0,0.6752,1.0,0.0,0.0,1.0,0.0,0.0,-3.0177,0.0,65-70,65-70
AAVAS.NS|2025-11-10|ensemble_lr0.20_rf0.30_xgb0.50,AAVAS.NS,2025-11-10,ensemble_lr0.20_rf0.30_xgb0.50,2024-11-11,2025-11-10,2025-11-10,2024-12-10,2025-11-07,2025-11-10,226,2025-11-10,False,0,0.6086956521739131,0.4623375779599072,0.6,0.4686093032360077,0.5067721672099853,1,50.68,0.5067721672099853,1,50.68,HOLD,0.5215,0.043,Sideways,-0.5,0.0,unavailable_no_point_in_time_source,False,1654.0,1654.0,2025-11-11,1619.199951171875,-2.104,0,2025-11-13,1736.4000244140625,4.9819,1.0,2025-11-17,1690.0,2.1765,1.0,2025-11-24,1669.5999755859375,0.9432,1.0,1,0,0,1,0,1,-2.104,1,1.0,1.0,0.0,1.0,0.0,4.9819,0.0,1.0,1.0,0.0,1.0,1.0,2.1765,1.0,1.0,1.0,0.0,1.0,1.0,0.9432,1.0,50-55,50-55
ABCAPITAL.NS|2025-11-10|ensemble_lr0.20_rf0.30_xgb0.50,ABCAPITAL.NS,2025-11-10,ensemble_lr0.20_rf0.30_xgb0.50,2024-11-11,2025-11-10,2025-11-10,2024-12-10,2025-11-07,2025-11-10,226,2025-11-10,False,0,0.5144927536231885,0.36580287572298187,0.4,0.4518612027168274,0.4190911765030101,0,58.09,0.4190911765030101,0,58.09,BUY,0.6532,0.3063,Bullish,1.0,0.0,unavailable_no_point_in_time_source,True,333.55,333.54998779296875,2025-11-11,329.3500061035156,-1.2592,0,2025-11-13,331.79998779296875,-0.5247,0.0,2025-11-17,334.79998779296875,0.3748,1.0,2025-11-24,331.8500061035156,-0.5097,0.0,0,1,1,1,1,0,-1.2592,0,1.0,1.0,1.0,1.0,0.0,-0.5247,0.0,0.0,0.0,0.0,0.0,1.0,0.3748,1.0,1.0,1.0,1.0,1.0,0.0,-0.5097,0.0,55-60,55-60
ABFRL.NS|2025-11-10|ensemble_lr0.20_rf0.30_xgb0.50,ABFRL.NS,2025-11-10,ensemble_lr0.20_rf0.30_xgb0.50,2024-11-11,2025-11-10,2025-11-10,2024-12-10,2025-11-07,2025-11-10,226,2025-11-10,False,0,0.4927536231884058,0.6503054732301528,0.66,0.6932699680328369,0.674696078662449,1,67.47,0.674696078662449,1,67.47,HOLD,0.4949,-0.0103,High Volatility,-0.5,0.0,unavailable_no_point_in_time_source,True,80.06,80.05999755859375,2025-11-11,78.70999908447266,-1.6862,0,2025-11-13,79.58000183105469,-0.5995,0.0,2025-11-17,78.22000122070312,-2.2983,0.0,2025-11-24,75.66000366210938,-5.4959,0.0,1,0,0,1,0,1,-1.6862,1,0.0,0.0,1.0,0.0,1.0,-0.5995,1.0,0.0,0.0,1.0,0.0,1.0,-2.2983,1.0,0.0,0.0,1.0,0.0,0.0,-5.4959,0.0,65-70,65-70
ACC.NS|2025-11-10|ensemble_lr0.20_rf0.30_xgb0.50,ACC.NS,2025-11-10,ensemble_lr0.20_rf0.30_xgb0.50,2024-11-11,2025-11-10,2025-11-10,2024-12-10,2025-11-07,2025-11-10,226,2025-11-10,False,0,0.5,0.5165275326626684,0.72,0.8185343146324158,0.7285726638487415,1,72.86,0.7285726638487415,1,72.86,HOLD,0.5094,0.0188,Sideways,-0.165,0.0,unavailable_no_point_in_time_source,False,1834.39,1834.385986328125,2025-11-11,1834.684326171875,0.0163,1,2025-11-13,1834.1871337890625,-0.0108,0.0,2025-11-17,1836.076171875,0.0921,1.0,2025-11-24,1902.690673828125,3.7236,1.0,1,1,1,0,1,1,0.016,1,0.0,0.0,1.0,0.0,1.0,-0.0111,1.0,1.0,1.0,0.0,1.0,1.0,0.0919,1.0,1.0,1.0,0.0,1.0,0.0,3.7233,0.0,70-75,70-75
ADANIENT.NS|2025-11-10|ensemble_lr0.20_rf0.30_xgb0.50,ADANIENT.NS,2025-11-10,ensemble_lr0.20_rf0.30_xgb0.50,2024-11-11,2025-11-10,2025-11-10,2024-12-10,2025-11-07,2025-11-10,226,2025-11-10,False,0,0.4710144927536232,0.38772353828367584,0.52,0.529691755771637,0.49839058554255367,0,50.16,0.49839058554255367,0,50.16,SELL,0.3659,-0.2681,Sideways,-0.67,0.0,unavailable_no_point_in_time_source,False,2297.33,2297.3310546875,2025-11-11,2293.5517578125,-0.1645,0,2025-11-13,2411.194580078125,4.9563,1.0,2025-11-17,2460.899658203125,7.1199,1.0,2025-11-24,2398.127685546875,4.3876,1.0,0,1,1,1,1,1,-0.1645,1,0.0,0.0,0.0,0.0,0.0,4.9564,0.0,0.0,0.0,0.0,0.0,0.0,7.12,0.0,0.0,0.0,0.0,0.0,0.0,4.3876,0.0,50-55,50-55
ADANIPORTS.NS|2025-11-10|ensemble_lr0.20_rf0.30_xgb0.50,ADANIPORTS.NS,2025-11-10,ensemble_lr0.20_rf0.30_xgb0.50,2024-11-11,2025-11-10,2025-11-10,2024-12-10,2025-11-07,2025-11-10,226,2025-11-10,False,0,0.5797101449275363,0.34930297511446284,0.34,0.16940276324748993,0.25656197664663755,0,74.34,0.25656197664663755,0,74.34,HOLD,0.4854,-0.0293,Sideways,0.335,0.0,unavailable_no_point_in_time_source,True,1438.84,1438.836181640625,2025-11-11,1468.2122802734375,2.0417,1,2025-11-13,1492.7091064453125,3.7442,1.0,2025-11-17,1501.27294921875,4.3394,1.0,2025-11-24,1479.6640625,2.8376,1.0,0,0,0,0,0,1,2.0414,1,0.0,0.0,0.0,0.0,0.0,3.7439,0.0,0.0,0.0,0.0,0.0,0.0,4.3391,0.0,0.0,0.0,0.0,0.0,1.0,2.8373,1.0,70-75,70-75
AETHER.NS|2025-11-10|ensemble_lr0.20_rf0.30_xgb0.50,AETHER.NS,2025-11-10,ensemble_lr0.20_rf0.30_xgb0.50,2024-11-11,2025-11-10,2025-11-10,2024-12-10,2025-11-07,2025-11-10,226,2025-11-10,False,0,0.5072463768115942,0.5892302322914892,0.8,0.8112039566040039,0.7634480247602997,1,76.34,0.7634480247602997,1,76.34,HOLD,0.4731,-0.0538,Bearish,-0.165,0.0,unavailable_no_point_in_time_source,False,738.45,738.4500122070312,2025-11-11,732.5999755859375,-0.7922,0,2025-11-13,773.2999877929688,4.7193,1.0,2025-11-17,847.4000244140625,14.7539,1.0,2025-11-24,919.25,24.4837,1.0,1,0,0,1,0,1,-0.7922,1,1.0,1.0,0.0,1.0,0.0,4.7193,0.0,1.0,1.0,0.0,1.0,0.0,14.7539,0.0,1.0,1.0,0.0,1.0,0.0,24.4837,0.0,75-80,75-80
AIAENG.NS|2025-11-10|ensemble_lr0.20_rf0.30_xgb0.50,AIAENG.NS,2025-11-10,ensemble_lr0.20_rf0.30_xgb0.50,2024-11-11,2025-11-10,2025-11-10,2024-12-10,2025-11-07,2025-11-10,226,2025-11-10,False,0,0.5072463768115942,0.7033352295461854,0.48,0.3756193518638611,0.4724767218411676,0,52.75,0.4724767218411676,0,52.75,HOLD,0.5778,0.1556,Bullish,0.33,0.0,unavailable_no_point_in_time_source,False,3432.8,3432.7958984375,2025-11-11,3553.3427734375,3.5116,1,2025-11-13,3695.10986328125,7.6414,1.0,2025-11-17,3746.3173828125,9.1331,1.0,2025-11-24,3720.6142578125,8.3844,1.0,1,0,0,0,1,0,3.5115,0,0.0,0.0,0.0,1.0,0.0,7.6413,0.0,0.0,0.0,0.0,1.0,0.0,9.133,0.0,0.0,0.0,0.0,1.0,0.0,8.3842,0.0,50-55,50-55
AJANTPHARM.NS|2025-11-10|ensemble_lr0.20_rf0.30_xgb0.50,AJANTPHARM.NS,2025-11-10,ensemble_lr0.20_rf0.30_xgb0.50,2024-11-11,2025-11-10,2025-11-10,2024-12-10,2025-11-07,2025-11-10,226,2025-11-10,False,0,0.44202898550724634,0.31378216978681356,0.46,0.5449824333190918,0.47324765061690865,0,52.68,0.47324765061690865,0,52.68,HOLD,0.4927,-0.0146,Bullish,0.165,0.0,unavailable_no_point_in_time_source,False,2505.84,2505.84423828125,2025-11-11,2554.201416015625,1.9298,1,2025-11-13,2525.86083984375,0.7988,1.0,2025-11-17,2481.269287109375,-0.9807,0.0,2025-11-24,2492.36767578125,-0.5378,0.0,1,0,0,0,1,1,1.9299,1,0.0,0.0,0.0,1.0,1.0,0.799,1.0,1.0,1.0,1.0,0.0,1.0,-0.9805,1.0,1.0,1.0,1.0,0.0,1.0,-0.5376,1.0,50-55,50-55
ALEMBICLTD.NS|2025-11-10|ensemble_lr0.20_rf0.30_xgb0.50,ALEMBICLTD.NS,2025-11-10,ensemble_lr0.20_rf0.30_xgb0.50,2024-11-11,2025-11-10,2025-11-10,2024-12-10,2025-11-07,2025-11-10,226,2025-11-10,False,0,0.5362318840579711,0.4167283735464152,0.44,0.4627930521965027,0.4467422008075344,0,55.33,0.4467422008075344,0,55.33,SELL,0.4168,-0.1665,Sideways,-0.335,0.0,unavailable_no_point_in_time_source,False,95.48,95.48297119140625,2025-11-11,97.92725372314453,2.5599,1,2025-11-13,98.30703735351562,2.9577,1.0,2025-11-17,99.3587646484375,4.0591,1.0,2025-11-24,95.30767822265625,-0.1836,0.0,0,0,0,0,0,0,2.5631,0,0.0,0.0,0.0,0.0,0.0,2.9609,0.0,0.0,0.0,0.0,0.0,0.0,4.0624,0.0,1.0,1.0,1.0,1.0,1.0,-0.1805,1.0,55-60,55-60
ALKEM.NS|2025-11-10|ensemble_lr0.20_rf0.30_xgb0.50,ALKEM.NS,2025-11-10,ensemble_lr0.20_rf0.30_xgb0.50,2024-11-11,2025-11-10,2025-11-10,2024-12-10,2025-11-07,2025-11-10,226,2025-11-10,False,1,0.5072463768115942,0.40914584948237154,0.72,0.5841061472892761,0.5898822435411124,1,58.99,0.5898822435411124,1,58.99,BUY,0.6869,0.3738,Sideways,1.0,0.0,unavailable_no_point_in_time_source,False,5624.02,5624.015625,2025-11-11,5640.849609375,0.2993,1,2025-11-13,5669.56591796875,0.8099,1.0,2025-11-17,5667.0908203125,0.7659,1.0,2025-11-24,5570.0478515625,-0.9596,0.0,1,1,1,1,1,1,0.2992,1,1.0,1.0,1.0,1.0,1.0,0.8098,1.0,1.0,1.0,1.0,1.0,1.0,0.7658,1.0,0.0,0.0,0.0,0.0,0.0,-0.9597,0.0,55-60,55-60
AMBER.NS|2025-11-10|ensemble_lr0.20_rf0.30_xgb0.50,AMBER.NS,2025-11-10,ensemble_lr0.20_rf0.30_xgb0.50,2024-11-11,2025-11-10,2025-11-10,2024-12-10,2025-11-07,2025-11-10,226,2025-11-10,False,1,0.45652173913043476,0.5706040940324137,0.5,0.566585898399353,0.5474137680061593,1,54.74,0.5474137680061593,1,54.74,HOLD,0.5403,0.0806,High Volatility,-0.335,0.0,unavailable_no_point_in_time_source,False,7016.5,7016.5,2025-11-11,7144.5,1.8243,1,2025-11-13,7122.0,1.5036,1.0,2025-11-17,7443.5,6.0857,1.0,2025-11-24,7043.5,0.3848,1.0,0,1,1,1,0,1,1.8243,1,1.0,1.0,1.0,0.0,1.0,1.5036,1.0,1.0,1.0,1.0,0.0,0.0,6.0857,0.0,1.0,1.0,1.0,0.0,1.0,0.3848,1.0,50-55,50-55
ANGELONE.NS|2025-11-10|ensemble_lr0.20_rf0.30_xgb0.50,ANGELONE.NS,2025-11-10,ensemble_lr0.20_rf0.30_xgb0.50,2024-11-11,2025-11-10,2025-11-10,2024-12-10,2025-11-07,2025-11-10,226,2025-11-10,False,0,0.5072463768115941,0.5182095801911645,0.44,0.377768337726593,0.42452608490152943,0,57.55,0.42452608490152943,0,57.55,BUY,0.5909,0.1817,High Volatility,0.5,0.0,unavailable_no_point_in_time_source,True,255.7,255.70394897460938,2025-11-11,259.1376953125,1.3429,1,2025-11-13,266.21112060546875,4.1091,1.0,2025-11-17,279.3475036621094,9.2465,1.0,2025-11-24,262.7774353027344,2.7663,1.0,0,0,0,0,0,1,1.3444,1,0.0,0.0,0.0,0.0,1.0,4.1107,1.0,0.0,0.0,0.0,0.0,1.0,9.2481,1.0,0.0,0.0,0.0,0.0,1.0,2.7679,1.0,55-60,55-60
APARINDS.NS|2025-11-10|ensemble_lr0.20_rf0.30_xgb0.50,APARINDS.NS,2025-11-10,ensemble_lr0.20_rf0.30_xgb0.50,2024-11-11,2025-11-10,2025-11-10,2024-12-10,2025-11-07,2025-11-10,226,2025-11-10,False,0,0.5652173913043478,0.3074741771794227,0.42,0.2719533145427704,0.3234714927072697,0,67.65,0.3234714927072697,0,67.65,HOLD,0.4239,-0.1521,High Volatility,-0.165,0.0,unavailable_no_point_in_time_source,False,8251.35,8251.3525390625,2025-11-11,8501.484375,3.0314,1,2025-11-13,8843.7958984375,7.18,1.0,2025-11-17,9198.564453125,11.4795,1.0,2025-11-24,8861.7333984375,7.3973,1.0,0,0,0,0,0,0,3.0314,0,0.0,0.0,0.0,0.0,0.0,7.18,0.0,0.0,0.0,0.0,0.0,0.0,11.4795,0.0,0.0,0.0,0.0,0.0,0.0,7.3974,0.0,65-70,65-70
APOLLOHOSP.NS|2025-11-10|ensemble_lr0.20_rf0.30_xgb0.50,APOLLOHOSP.NS,2025-11-10,ensemble_lr0.20_rf0.30_xgb0.50,2024-11-11,2025-11-10,2025-11-10,2024-12-10,2025-11-07,2025-11-10,226,2025-11-10,False,0,0.5652173913043478,0.42502755895499567,0.4,0.3166038990020752,0.3633074612920367,0,63.67,0.3633074612920367,0,63.67,HOLD,0.4363,-0.1273,Sideways,-0.335,0.0,unavailable_no_point_in_time_source,False,7510.77,7510.77392578125,2025-11-11,7482.3447265625,-0.3785,0,2025-11-13,7421.9951171875,-1.182,0.0,2025-11-17,7468.87841796875,-0.5578,0.0,2025-11-24,7336.20849609375,-2.3242,0.0,0,1,1,1,1,1,-0.3785,1,1.0,1.0,1.0,1.0,1.0,-1.182,1.0,1.0,1.0,1.0,1.0,1.0,-0.5578,1.0,1.0,1.0,1.0,1.0,1.0,-2.3241,1.0,60-65,60-65
APOLLOTYRE.NS|2025-11-10|ensemble_lr0.20_rf0.30_xgb0.50,APOLLOTYRE.NS,2025-11-10,ensemble_lr0.20_rf0.30_xgb0.50,2024-11-11,2025-11-10,2025-11-10,2024-12-10,2025-11-07,2025-11-10,226,2025-11-10,False,0,0.5072463768115942,0.612041953934035,0.46,0.4406563639640808,0.4807365727688474,0,51.93,0.4807365727688474,0,51.93,BUY,0.6253,0.2506,Bullish,1.0,0.0,unavailable_no_point_in_time_source,False,515.44,515.4412841796875,2025-11-11,513.8613891601562,-0.3065,0,2025-11-13,530.154052734375,2.8544,1.0,2025-11-17,507.541748046875,-1.5326,0.0,2025-11-24,521.5139770507812,1.1782,1.0,1,1,1,1,0,0,-0.3063,0,0.0,0.0,0.0,1.0,1.0,2.8547,1.0,1.0,1.0,1.0,0.0,0.0,-1.5323,0.0,0.0,0.0,0.0,1.0,1.0,1.1784,1.0,50-55,50-55
ASHOKLEY.NS|2025-11-10|ensemble_lr0.20_rf0.30_xgb0.50,ASHOKLEY.NS,2025-11-10,ensemble_lr0.20_rf0.30_xgb0.50,2024-11-11,2025-11-10,2025-11-10,2024-12-10,2025-11-07,2025-11-10,226,2025-11-10,False,1,0.4420289855072464,0.45329503311925573,0.7,0.41288435459136963,0.507101183919536,1,50.71,0.507101183919536,1,50.71,STRONG BUY,0.7265,0.453,Bullish,1.0,0.0,unavailable_no_point_in_time_source,False,138.95,138.95118713378906,2025-11-11,142.6232147216797,2.6427,1,2025-11-13,146.89097595214844,5.7141,1.0,2025-11-17,144.97683715820312,4.3365,1.0,2025-11-24,142.16481018066406,2.3128,1.0,1,1,1,1,1,1,2.6436,1,1.0,1.0,1.0,1.0,1.0,5.715,1.0,1.0,1.0,1.0,1.0,1.0,4.3374,1.0,1.0,1.0,1.0,1.0,1.0,2.3136,1.0,50-55,50-55
ASIANPAINT.NS|2025-11-10|ensemble_lr0.20_rf0.30_xgb0.50,ASIANPAINT.NS,2025-11-10,ensemble_lr0.20_rf0.30_xgb0.50,2024-11-11,2025-11-10,2025-11-10,2024-12-10,2025-11-07,2025-11-10,226,2025-11-10,False,0,0.4855072463768116,0.3173543270134759,0.46,0.38458767533302307,0.39376470306920675,0,60.62,0.39376470306920675,0,60.62,BUY,0.6519,0.3038,Bullish,0.835,0.0,unavailable_no_point_in_time_source,False,2623.51,2623.508544921875,2025-11-11,2630.239501953125,0.2566,1,2025-11-13,2850.184814453125,8.6402,1.0,2025-11-17,2858.5986328125,8.9609,1.0,2025-11-24,2854.434814453125,8.8022,1.0,1,0,0,0,1,1,0.2565,1,0.0,0.0,0.0,1.0,1.0,8.6401,1.0,0.0,0.0,0.0,1.0,1.0,8.9608,1.0,0.0,0.0,0.0,1.0,1.0,8.8021,1.0,60-65,60-65
ASTRAL.NS|2025-11-10|ensemble_lr0.20_rf0.30_xgb0.50,ASTRAL.NS,2025-11-10,ensemble_lr0.20_rf0.30_xgb0.50,2024-11-11,2025-11-10,2025-11-10,2024-12-10,2025-11-07,2025-11-10,226,2025-11-10,False,0,0.39855072463768115,0.23619441252959997,0.38,0.1458377242088318,0.2341577446103359,0,76.58,0.2341577446103359,0,76.58,BUY,0.5844,0.1689,Bullish,0.5,0.0,unavailable_no_point_in_time_source,False,1564.44,1564.439453125,2025-11-11,1553.35693359375,-0.7084,0,2025-11-13,1548.1650390625,-1.0403,0.0,2025-11-17,1463.3983154296875,-6.4586,0.0,2025-11-24,1470.886474609375,-5.98,0.0,1,1,1,1,0,0,-0.7084,0,1.0,1.0,1.0,0.0,0.0,-1.0403,0.0,1.0,1.0,1.0,0.0,0.0,-6.4586,0.0,1.0,1.0,1.0,0.0,0.0,-5.98,0.0,75-80,75-80
AUBANK.NS|2025-11-10|ensemble_lr0.20_rf0.30_xgb0.50,AUBANK.NS,2025-11-10,ensemble_lr0.20_rf0.30_xgb0.50,2024-11-11,2025-11-10,2025-11-10,2024-12-10,2025-11-07,2025-11-10,226,2025-11-10,False,1,0.4710144927536232,0.6550845757505254,0.46,0.6261340379714966,0.5820839341358534,1,58.21,0.5820839341358534,1,58.21,STRONG BUY,0.7709,0.5417,Bullish,1.0,0.0,unavailable_no_point_in_time_source,False,913.71,913.712646484375,2025-11-11,888.5371704101562,-2.7553,0,2025-11-13,885.8397216796875,-3.0505,0.0,2025-11-17,911.8145141601562,-0.2077,0.0,2025-11-24,924.2024536132812,1.148,1.0,1,0,0,0,0,0,-2.755,0,0.0,0.0,0.0,0.0,0.0,-3.0502,0.0,0.0,0.0,0.0,0.0,0.0,-0.2074,0.0,1.0,1.0,1.0,1.0,1.0,1.1483,1.0,55-60,55-60
AXISBANK.NS|2025-11-10|ensemble_lr0.20_rf0.30_xgb0.50,AXISBANK.NS,2025-11-10,ensemble_lr0.20_rf0.30_xgb0.50,2024-11-11,2025-11-10,2025-11-10,2024-12-10,2025-11-07,2025-11-10,226,2025-11-10,False,0,0.4565217391304348,0.5600011413110657,0.34,0.36563724279403687,0.3968188496592316,0,60.32,0.3968188496592316,0,60.32,HOLD,0.5579,0.1158,Bullish,0.5,0.0,unavailable_no_point_in_time_source,True,1216.06,1216.0621337890625,2025-11-11,1221.557861328125,0.4519,1,2025-11-13,1224.2557373046875,0.6738,1.0,2025-11-17,1248.636962890625,2.6787,1.0,2025-11-24,1268.0220947265625,4.2728,1.0,0,0,0,0,0,1,0.4521,1,0.0,0.0,0.0,0.0,1.0,0.674,1.0,0.0,0.0,0.0,0.0,1.0,2.6789,1.0,0.0,0.0,0.0,0.0,0.0,4.273,0.0,60-65,60-65
BAJAJ-AUTO.NS|2025-11-10|ensemble_lr0.20_rf0.30_xgb0.50,BAJAJ-AUTO.NS,2025-11-10,ensemble_lr0.20_rf0.30_xgb0.50,2024-11-11,2025-11-10,2025-11-10,2024-12-10,2025-11-07,2025-11-10,226,2025-11-10,False,1,0.5434782608695653,0.8397276625357496,0.66,0.6255683302879333,0.6787296976511166,1,67.87,0.6787296976511166,1,67.87,HOLD,0.5653,0.1305,Bearish,0.17,0.0,unavailable_no_point_in_time_source,False,8650.26,8650.2626953125,2025-11-11,8771.5556640625,1.4022,1,2025-11-13,8744.4365234375,1.0887,1.0,2025-11-17,8821.3544921875,1.9779,1.0,2025-11-24,8882.494140625,2.6847,1.0,1,1,1,1,1,1,1.4022,1,1.0,1.0,1.0,1.0,1.0,1.0887,1.0,1.0,1.0,1.0,1.0,1.0,1.9779,1.0,1.0,1.0,1.0,1.0,1.0,2.6847,1.0,65-70,65-70
BAJAJFINSV.NS|2025-11-10|ensemble_lr0.20_rf0.30_xgb0.50,BAJAJFINSV.NS,2025-11-10,ensemble_lr0.20_rf0.30_xgb0.50,2024-11-11,2025-11-10,2025-11-10,2024-12-10,2025-11-07,2025-11-10,226,2025-11-10,False,0,0.5072463768115942,0.42375165929391917,0.44,0.197947159409523,0.31572391156354535,0,68.43,0.31572391156354535,0,68.43,HOLD,0.4924,-0.0152,Sideways,0.335,0.0,unavailable_no_point_in_time_source,True,2116.49,2116.493896484375,2025-11-11,1987.703857421875,-6.0851,0,2025-11-13,2054.44677734375,-2.9316,0.0,2025-11-17,2077.8271484375,-1.8269,0.0,2025-11-24,2029.068603515625,-4.1307,0.0,1,1,1,1,0,0,-6.0849,0,1.0,1.0,1.0,0.0,1.0,-2.9314,1.0,1.0,1.0,1.0,0.0,1.0,-1.8267,1.0,1.0,1.0,1.0,0.0,0.0,-4.1305,0.0,65-70,65-70
BAJFINANCE.NS|2025-11-10|ensemble_lr0.20_rf0.30_xgb0.50,BAJFINANCE.NS,2025-11-10,ensemble_lr0.20_rf0.30_xgb0.50,2024-11-11,2025-11-10,2025-11-10,2024-12-10,2025-11-07,2025-11-10,226,2025-11-10,False,1,0.3913043478260869,0.5792948107389161,0.62,0.5568285584449768,0.5802732413702716,1,58.03,0.5802732413702716,1,58.03,BUY,0.6964,0.3929,Bullish,0.665,0.0,unavailable_no_point_in_time_source,False,1078.37,1078.3709716796875,2025-11-11,999.05859375,-7.3548,0,2025-11-13,999.2573852539062,-7.3364,0.0,2025-11-17,1020.5266723632812,-5.364,0.0,2025-11-24,987.927001953125,-8.3871,0.0,1,0,0,0,0,0,-7.3547,0,0.0,0.0,0.0,0.0,0.0,-7.3363,0.0,0.0,0.0,0.0,0.0,0.0,-5.364,0.0,0.0,0.0,0.0,0.0,0.0,-8.387,0.0,55-60,55-60
BEL.NS|2025-11-10|ensemble_lr0.20_rf0.30_xgb0.50,BEL.NS,2025-11-10,ensemble_lr0.20_rf0.30_xgb0.50,2024-11-11,2025-11-10,2025-11-10,2024-12-10,2025-11-07,2025-11-10,226,2025-11-10,False,0,0.43478260869565216,0.2828955967675457,0.74,0.5686302781105042,0.5628942584087613,1,56.29,0.5628942584087613,1,56.29,BUY,0.5883,0.1767,Sideways,0.165,0.0,unavailable_no_point_in_time_source,False,414.52,414.52020263671875,2025-11-11,424.9117736816406,2.5069,1,2025-11-13,417.45367431640625,0.7077,1.0,2025-11-17,422.1771240234375,1.8472,1.0,2025-11-24,401.5431213378906,-3.1306,0.0,1,1,1,0,1,1,2.5069,1,1.0,1.0,0.0,1.0,1.0,0.7077,1.0,1.0,1.0,0.0,1.0,1.0,1.8472,1.0,0.0,0.0,1.0,0.0,0.0,-3.1306,0.0,55-60,55-60
BPCL.NS|2025-11-10|ensemble_lr0.20_rf0.30_xgb0.50,BPCL.NS,2025-11-10,ensemble_lr0.20_rf0.30_xgb0.50,2024-11-11,2025-11-10,2025-11-10,2024-12-10,2025-11-07,2025-11-10,226,2025-11-10,False,0,0.5072463768115942,0.32943781623067464,0.44,0.5528650879859924,0.47432010723913115,0,52.57,0.47432010723913115,0,52.57,BUY,0.6421,0.2842,Bullish,1.0,0.0,unavailable_no_point_in_time_source,False,355.13,355.1321716308594,2025-11-11,363.88525390625,2.4647,1,2025-11-13,364.663330078125,2.6838,1.0,2025-11-17,363.9825134277344,2.4921,1.0,2025-11-24,349.7830505371094,-1.5062,0.0,0,0,0,0,0,1,2.4654,1,0.0,0.0,0.0,0.0,1.0,2.6845,1.0,0.0,0.0,0.0,0.0,1.0,2.4928,1.0,1.0,1.0,1.0,1.0,0.0,-1.5056,0.0,50-55,50-55
AARTIIND.NS|2025-11-17|ensemble_lr0.20_rf0.30_xgb0.50,AARTIIND.NS,2025-11-17,ensemble_lr0.20_rf0.30_xgb0.50,2024-11-18,2025-11-17,2025-11-17,2024-12-16,2025-11-14,2025-11-17,227,2025-11-17,False,0,0.5289855072463768,0.4723611663164268,0.38,0.36164286732673645,0.38929366692665357,0,61.07,0.38929366692665357,0,61.07,HOLD,0.4898,-0.0205,Bullish,0.165,0.0,unavailable_no_point_in_time_source,True,394.52,394.5157470703125,2025-11-18,389.0266418457031,-1.3914,0,2025-11-20,386.08251953125,-2.1376,0.0,2025-11-24,380.04449462890625,-3.6681,0.0,2025-12-01,379.6952209472656,-3.7566,0.0,1,1,1,1,0,1,-1.3924,1,1.0,1.0,1.0,0.0,1.0,-2.1387,1.0,1.0,1.0,1.0,0.0,0.0,-3.6691,0.0,1.0,1.0,1.0,0.0,0.0,-3.7577,0.0,60-65,60-65
AAVAS.NS|2025-11-17|ensemble_lr0.20_rf0.30_xgb0.50,AAVAS.NS,2025-11-17,ensemble_lr0.20_rf0.30_xgb0.50,2024-11-18,2025-11-17,2025-11-17,2024-12-16,2025-11-14,2025-11-17,227,2025-11-17,False,0,0.5942028985507247,0.28643201965192655,0.38,0.557937741279602,0.4502552745701863,0,54.97,0.4502552745701863,0,54.97,HOLD,0.4694,-0.0612,High Volatility,0.165,0.0,unavailable_no_point_in_time_source,False,1690.0,1690.0,2025-11-18,1671.4000244140625,-1.1006,0,2025-11-20,1635.5999755859375,-3.2189,0.0,2025-11-24,1669.5999755859375,-1.2071,0.0,2025-12-01,1516.300048828125,-10.2781,0.0,0,1,1,1,1,1,-1.1006,1,1.0,1.0,1.0,1.0,0.0,-3.2189,0.0,1.0,1.0,1.0,1.0,1.0,-1.2071,1.0,1.0,1.0,1.0,1.0,0.0,-10.2781,0.0,50-55,50-55
ABCAPITAL.NS|2025-11-17|ensemble_lr0.20_rf0.30_xgb0.50,ABCAPITAL.NS,2025-11-17,ensemble_lr0.20_rf0.30_xgb0.50,2024-11-18,2025-11-17,2025-11-17,2024-12-16,2025-11-14,2025-11-17,227,2025-11-17,False,1,0.5797101449275363,0.6070405453025284,0.44,0.39077046513557434,0.4487933416282929,0,55.12,0.4487933416282929,0,55.12,BUY,0.6722,0.3444,Bullish,1.0,0.0,unavailable_no_point_in_time_source,True,334.8,334.79998779296875,2025-11-18,333.1000061035156,-0.5078,0,2025-11-20,327.8500061035156,-2.0759,0.0,2025-11-24,331.8500061035156,-0.8811,0.0,2025-12-01,356.1000061035156,6.362,1.0,1,1,1,0,0,0,-0.5078,0,1.0,1.0,0.0,0.0,0.0,-2.0759,0.0,1.0,1.0,0.0,0.0,0.0,-0.8811,0.0,0.0,0.0,1.0,1.0,1.0,6.362,1.0,55-60,55-60
ABFRL.NS|2025-11-17|ensemble_lr0.20_rf0.30_xgb0.50,ABFRL.NS,2025-11-17,ensemble_lr0.20_rf0.30_xgb0.50,2024-11-18,2025-11-17,2025-11-17,2024-12-16,2025-11-14,2025-11-17,227,2025-11-17,False,0,0.4202898550724638,0.4797957364504779,0.22,0.4052447974681854,0.3645815460241883,0,63.54,0.3645815460241883,0,63.54,SELL,0.374,-0.252,High Volatility,-0.5,0.0,unavailable_no_point_in_time_source,True,78.22,78.22000122070312,2025-11-18,77.83000183105469,-0.4986,0,2025-11-20,78.37999725341797,0.2045,1.0,2025-11-24,75.66000366210938,-3.2728,0.0,2025-12-01,76.61000061035156,-2.0583,0.0,0,1,1,1,1,1,-0.4986,1,0.0,0.0,0.0,0.0,0.0,0.2045,0.0,1.0,1.0,1.0,1.0,1.0,-3.2728,1.0,1.0,1.0,1.0,1.0,1.0,-2.0583,1.0,60-65,60-65
ACC.NS|2025-11-17|ensemble_lr0.20_rf0.30_xgb0.50,ACC.NS,2025-11-17,ensemble_lr0.20_rf0.30_xgb0.50,2024-11-18,2025-11-17,2025-11-17,2024-12-16,2025-11-14,2025-11-17,227,2025-11-17,False,0,0.5217391304347826,0.44922307630598046,0.56,0.6847532987594604,0.6002212646409264,1,60.02,0.6002212646409264,1,60.02,HOLD,0.5049,0.0098,Sideways,-0.165,0.0,unavailable_no_point_in_time_source,False,1836.08,1836.076171875,2025-11-18,1828.1221923828125,-0.4332,0,2025-11-20,1840.7491455078125,0.2545,1.0,2025-11-24,1902.690673828125,3.6281,1.0,2025-12-01,1839.8543701171875,0.2058,1.0,1,0,0,1,0,1,-0.4334,1,1.0,1.0,0.0,1.0,1.0,0.2543,1.0,1.0,1.0,0.0,1.0,0.0,3.6279,0.0,1.0,1.0,0.0,1.0,1.0,0.2056,1.0,60-65,60-65
ADANIENT.NS|2025-11-17|ensemble_lr0.20_rf0.30_xgb0.50,ADANIENT.NS,2025-11-17,ensemble_lr0.20_rf0.30_xgb0.50,2024-11-18,2025-11-17,2025-11-17,2024-12-16,2025-11-14,2025-11-17,227,2025-11-17,False,0,0.5434782608695653,0.574139743402038,0.6,0.668164074420929,0.6289099858908721,1,62.89,0.6289099858908721,1,62.89,HOLD,0.5509,0.1018,Sideways,-0.165,0.0,unavailable_no_point_in_time_source,True,2460.9,2460.899658203125,2025-11-18,2435.7109375,-1.0236,0,2025-11-20,2445.0068359375,-0.6458,0.0,2025-11-24,2398.127685546875,-2.5508,0.0,2025-12-01,2260.989013671875,-8.1235,0.0,1,0,0,1,0,1,-1.0236,1,0.0,0.0,1.0,0.0,1.0,-0.6458,1.0,0.0,0.0,1.0,0.0,1.0,-2.5508,1.0,0.0,0.0,1.0,0.0,0.0,-8.1235,0.0,60-65,60-65
ADANIPORTS.NS|2025-11-17|ensemble_lr0.20_rf0.30_xgb0.50,ADANIPORTS.NS,2025-11-17,ensemble_lr0.20_rf0.30_xgb0.50,2024-11-18,2025-11-17,2025-11-17,2024-12-16,2025-11-14,2025-11-17,227,2025-11-17,False,0,0.5072463768115941,0.15631547609146634,0.42,0.2845665514469147,0.29954637094175063,0,70.05,0.29954637094175063,0,70.05,BUY,0.6142,0.2285,Bullish,1.0,0.0,unavailable_no_point_in_time_source,True,1501.27,1501.27294921875,2025-11-18,1488.725830078125,-0.8358,0,2025-11-20,1484.8421630859375,-1.0945,0.0,2025-11-24,1479.6640625,-1.4394,0.0,2025-12-01,1524.076904296875,1.519,1.0,0,1,1,1,1,0,-0.8356,0,1.0,1.0,1.0,1.0,0.0,-1.0943,0.0,1.0,1.0,1.0,1.0,0.0,-1.4392,0.0,0.0,0.0,0.0,0.0,1.0,1.5192,1.0,70-75,70-75
AETHER.NS|2025-11-17|ensemble_lr0.20_rf0.30_xgb0.50,AETHER.NS,2025-11-17,ensemble_lr0.20_rf0.30_xgb0.50,2024-11-18,2025-11-17,2025-11-17,2024-12-16,2025-11-14,2025-11-17,227,2025-11-17,False,0,0.5144927536231884,0.12175998167160938,0.52,0.5108115077018738,0.43575775018525875,0,56.42,0.43575775018525875,0,56.42,BUY,0.6406,0.2813,Bullish,0.665,0.0,unavailable_no_point_in_time_source,False,847.4,847.4000244140625,2025-11-18,876.5499877929688,3.4399,1,2025-11-20,895.5499877929688,5.6821,1.0,2025-11-24,919.25,8.4789,1.0,2025-12-01,902.3499755859375,6.4845,1.0,1,0,0,0,1,1,3.4399,1,0.0,0.0,0.0,1.0,1.0,5.6821,1.0,0.0,0.0,0.0,1.0,1.0,8.4789,1.0,0.0,0.0,0.0,1.0,1.0,6.4845,1.0,55-60,55-60
AIAENG.NS|2025-11-17|ensemble_lr0.20_rf0.30_xgb0.50,AIAENG.NS,2025-11-17,ensemble_lr0.20_rf0.30_xgb0.50,2024-11-18,2025-11-17,2025-11-17,2024-12-16,2025-11-14,2025-11-17,227,2025-11-17,False,0,0.5,0.5600940218070104,0.5,0.2363722175359726,0.38020491312938837,0,61.98,0.38020491312938837,0,61.98,BUY,0.6087,0.2174,Bullish,0.665,0.0,unavailable_no_point_in_time_source,False,3746.32,3746.3173828125,2025-11-18,3697.7001953125,-1.2977,0,2025-11-20,3825.220947265625,2.1062,1.0,2025-11-24,3720.6142578125,-0.6861,0.0,2025-12-01,3839.666748046875,2.4918,1.0,1,1,1,1,0,0,-1.2978,0,0.0,0.0,0.0,1.0,1.0,2.1061,1.0,1.0,1.0,1.0,0.0,0.0,-0.6862,0.0,0.0,0.0,0.0,1.0,1.0,2.4917,1.0,60-65,60-65
AJANTPHARM.NS|2025-11-17|ensemble_lr0.20_rf0.30_xgb0.50,AJANTPHARM.NS,2025-11-17,ensemble_lr0.20_rf0.30_xgb0.50,2024-11-18,2025-11-17,2025-11-17,2024-12-16,2025-11-14,2025-11-17,227,2025-11-17,False,0,0.5144927536231884,0.19003775960260744,0.2,0.18731306493282318,0.19166408438693308,0,80.83,0.19166408438693308,0,80.83,HOLD,0.5478,0.0957,Bullish,0.165,0.0,unavailable_no_point_in_time_source,False,2481.27,2481.269287109375,2025-11-18,2435.7861328125,-1.8331,0,2025-11-20,2487.908447265625,0.2676,1.0,2025-11-24,2492.36767578125,0.4473,1.0,2025-12-01,2539.33740234375,2.3403,1.0,0,1,1,1,1,1,-1.8331,1,0.0,0.0,0.0,0.0,1.0,0.2675,1.0,0.0,0.0,0.0,0.0,1.0,0.4473,1.0,0.0,0.0,0.0,0.0,1.0,2.3402,1.0,80-85,80-85
ALEMBICLTD.NS|2025-11-17|ensemble_lr0.20_rf0.30_xgb0.50,ALEMBICLTD.NS,2025-11-17,ensemble_lr0.20_rf0.30_xgb0.50,2024-11-18,2025-11-17,2025-11-17,2024-12-16,2025-11-14,2025-11-17,227,2025-11-17,False,0,0.5652173913043478,0.47955053989726865,0.4,0.4022194445133209,0.4170198302361142,0,58.3,0.4170198302361142,0,58.3,SELL,0.4157,-0.1686,Sideways,-0.335,0.0,unavailable_no_point_in_time_source,False,99.36,99.3587646484375,2025-11-18,97.34295654296875,-2.0288,0,2025-11-20,96.3593978881836,-3.0187,0.0,2025-11-24,95.30767822265625,-4.0772,0.0,2025-12-01,97.59615325927734,-1.774,0.0,1,1,1,1,0,1,-2.03,1,1.0,1.0,1.0,0.0,1.0,-3.0199,1.0,1.0,1.0,1.0,0.0,1.0,-4.0784,1.0,1.0,1.0,1.0,0.0,1.0,-1.7752,1.0,55-60,55-60
ALKEM.NS|2025-11-17|ensemble_lr0.20_rf0.30_xgb0.50,ALKEM.NS,2025-11-17,ensemble_lr0.20_rf0.30_xgb0.50,2024-11-18,2025-11-17,2025-11-17,2024-12-16,2025-11-14,2025-11-17,227,2025-11-17,False,1,0.5144927536231884,0.25426580320775005,0.64,0.1448269635438919,0.315266642413496,0,68.47,0.315266642413496,0,68.47,HOLD,0.5648,0.1296,Sideways,1.0,0.0,unavailable_no_point_in_time_source,False,5667.09,5667.0908203125,2025-11-18,5657.18798828125,-0.1747,0,2025-11-20,5644.3154296875,-0.4019,0.0,2025-11-24,5570.0478515625,-1.7124,0.0,2025-12-01,5554.69921875,-1.9832,0.0,1,1,1,0,0,1,-0.1747,1,1.0,1.0,0.0,0.0,1.0,-0.4019,1.0,1.0,1.0,0.0,0.0,1.0,-1.7124,1.0,1.0,1.0,0.0,0.0,1.0,-1.9832,1.0,65-70,65-70
AMBER.NS|2025-11-17|ensemble_lr0.20_rf0.30_xgb0.50,AMBER.NS,2025-11-17,ensemble_lr0.20_rf0.30_xgb0.50,2024-11-18,2025-11-17,2025-11-17,2024-12-16,2025-11-14,2025-11-17,227,2025-11-17,False,1,0.43478260869565216,0.5360621868565406,0.42,0.1794399917125702,0.32293243322759324,0,67.71,0.32293243322759324,0,67.71,SELL,0.3662,-0.2676,High Volatility,-0.335,0.0,unavailable_no_point_in_time_source,False,7443.5,7443.5,2025-11-18,7356.0,-1.1755,0,2025-11-20,7256.5,-2.5123,0.0,2025-11-24,7043.5,-5.3738,0.0,2025-12-01,7072.5,-4.9842,0.0,1,1,1,0,0,1,-1.1755,1,1.0,1.0,0.0,0.0,1.0,-2.5123,1.0,1.0,1.0,0.0,0.0,1.0,-5.3738,1.0,1.0,1.0,0.0,0.0,1.0,-4.9842,1.0,65-70,65-70
ANGELONE.NS|2025-11-17|ensemble_lr0.20_rf0.30_xgb0.50,ANGELONE.NS,2025-11-17,ensemble_lr0.20_rf0.30_xgb0.50,2024-11-18,2025-11-17,2025-11-17,2024-12-16,2025-11-14,2025-11-17,227,2025-11-17,False,1,0.4275362318840579,0.7241811229896954,0.64,0.7430851459503174,0.7083787975730977,1,70.84,0.7083787975730977,1,70.84,STRONG BUY,0.7679,0.5358,Bullish,0.835,0.0,unavailable_no_point_in_time_source,False,279.35,279.3475036621094,2025-11-18,274.0498046875,-1.8965,0,2025-11-20,276.1002197265625,-1.1625,0.0,2025-11-24,262.7774353027344,-5.9317,0.0,2025-12-01,271.1065979003906,-2.9501,0.0,1,0,0,0,0,0,-1.8973,0,0.0,0.0,0.0,0.0,0.0,-1.1633,0.0,0.0,0.0,0.0,0.0,0.0,-5.9325,0.0,0.0,0.0,0.0,0.0,0.0,-2.9509,0.0,70-75,70-75
APARINDS.NS|2025-11-17|ensemble_lr0.20_rf0.30_xgb0.50,APARINDS.NS,2025-11-17,ensemble_lr0.20_rf0.30_xgb0.50,2024-11-18,2025-11-17,2025-11-17,2024-12-16,2025-11-14,2025-11-17,227,2025-11-17,False,0,0.5144927536231884,0.3278359192773127,0.64,0.4196464419364929,0.467390404823709,0,53.26,0.467390404823709,0,53.26,HOLD,0.5651,0.1302,High Volatility,1.0,0.0,unavailable_no_point_in_time_source,False,9198.56,9198.564453125,2025-11-18,9284.7646484375,0.9371,1,2025-11-20,9199.560546875,0.0108,1.0,2025-11-24,8861.7333984375,-3.6618,0.0,2025-12-01,8943.9482421875,-2.768,0.0,1,0,0,0,1,1,0.9372,1,0.0,0.0,0.0,1.0,1.0,0.0109,1.0,1.0,1.0,1.0,0.0,0.0,-3.6617,0.0,1.0,1.0,1.0,0.0,1.0,-2.768,1.0,50-55,50-55
APOLLOHOSP.NS|2025-11-17|ensemble_lr0.20_rf0.30_xgb0.50,APOLLOHOSP.NS,2025-11-17,ensemble_lr0.20_rf0.30_xgb0.50,2024-11-18,2025-11-17,2025-11-17,2024-12-16,2025-11-14,2025-11-17,227,2025-11-17,False,0,0.5072463768115941,0.4786745528690013,0.54,0.6405197381973267,0.5779947796724636,1,57.8,0.5779947796724636,1,57.8,HOLD,0.4539,-0.0923,Bearish,-0.335,0.0,unavailable_no_point_in_time_source,False,7468.88,7468.87841796875,2025-11-18,7367.1318359375,-1.3623,0,2025-11-20,7404.53857421875,-0.8614,0.0,2025-11-24,7336.20849609375,-1.7763,0.0,2025-12-01,7269.37548828125,-2.6711,0.0,1,0,0,1,0,1,-1.3623,1,0.0,0.0,1.0,0.0,1.0,-0.8615,1.0,0.0,0.0,1.0,0.0,1.0,-1.7763,1.0,0.0,0.0,1.0,0.0,1.0,-2.6711,1.0,55-60,55-60
APOLLOTYRE.NS|2025-11-17|ensemble_lr0.20_rf0.30_xgb0.50,APOLLOTYRE.NS,2025-11-17,ensemble_lr0.20_rf0.30_xgb0.50,2024-11-18,2025-11-17,2025-11-17,2024-12-16,2025-11-14,2025-11-17,227,2025-11-17,False,0,0.4420289855072464,0.6071128066405621,0.48,0.5607280731201172,0.5457865978881711,1,54.58,0.5457865978881711,1,54.58,STRONG BUY,0.7252,0.4505,Bullish,0.835,0.0,unavailable_no_point_in_time_source,False,507.54,507.541748046875,2025-11-18,516.2311401367188,1.7121,1,2025-11-20,512.7257690429688,1.0214,1.0,2025-11-24,521.5139770507812,2.7529,1.0,2025-12-01,509.8622131347656,0.4572,1.0,0,1,1,0,0,1,1.7124,1,1.0,1.0,0.0,0.0,1.0,1.0217,1.0,1.0,1.0,0.0,0.0,1.0,2.7533,1.0,1.0,1.0,0.0,0.0,1.0,0.4575,1.0,50-55,50-55
ASHOKLEY.NS|2025-11-17|ensemble_lr0.20_rf0.30_xgb0.50,ASHOKLEY.NS,2025-11-17,ensemble_lr0.20_rf0.30_xgb0.50,2024-11-18,2025-11-17,2025-11-17,2024-12-16,2025-11-14,2025-11-17,227,2025-11-17,False,1,0.45652173913043476,0.5100418325128273,0.64,0.49620920419692993,0.5421129686010304,1,54.21,0.5421129686010304,1,54.21,STRONG BUY,0.7675,0.5349,Bullish,1.0,0.0,unavailable_no_point_in_time_source,False,144.98,144.97683715820312,2025-11-18,144.76052856445312,-0.1492,0,2025-11-20,143.78713989257812,-0.8206,0.0,2025-11-24,142.16481018066406,-1.9396,0.0,2025-12-01,157.61131286621094,8.7148,1.0,1,0,0,0,0,0,-0.1514,0,0.0,0.0,0.0,0.0,0.0,-0.8228,0.0,0.0,0.0,0.0,0.0,0.0,-1.9418,0.0,1.0,1.0,1.0,1.0,1.0,8.7125,1.0,50-55,50-55
ASIANPAINT.NS|2025-11-17|ensemble_lr0.20_rf0.30_xgb0.50,ASIANPAINT.NS,2025-11-17,ensemble_lr0.20_rf0.30_xgb0.50,2024-11-18,2025-11-17,2025-11-17,2024-12-16,2025-11-14,2025-11-17,227,2025-11-17,False,1,0.39855072463768115,0.18649527642403563,0.38,0.32497867941856384,0.31378839499408906,0,68.62,0.31378839499408906,0,68.62,BUY,0.6385,0.277,Bullish,1.0,0.0,unavailable_no_point_in_time_source,False,2858.6,2858.5986328125,2025-11-18,2881.00439453125,0.7838,1,2025-11-20,2835.201904296875,-0.8185,0.0,2025-11-24,2854.434814453125,-0.1457,0.0,2025-12-01,2842.934814453125,-0.548,0.0,0,0,0,1,0,1,0.7838,1,1.0,1.0,0.0,1.0,0.0,-0.8185,0.0,1.0,1.0,0.0,1.0,0.0,-0.1457,0.0,1.0,1.0,0.0,1.0,0.0,-0.548,0.0,65-70,65-70
ASTRAL.NS|2025-11-17|ensemble_lr0.20_rf0.30_xgb0.50,ASTRAL.NS,2025-11-17,ensemble_lr0.20_rf0.30_xgb0.50,2024-11-18,2025-11-17,2025-11-17,2024-12-16,2025-11-14,2025-11-17,227,2025-11-17,False,0,0.391304347826087,0.5652205816114837,0.66,0.9235748648643494,0.7728315487544715,1,77.28,0.7728315487544715,1,77.28,HOLD,0.552,0.1041,Sideways,0.0,0.0,unavailable_no_point_in_time_source,True,1463.4,1463.3983154296875,2025-11-18,1447.5233154296875,-1.0848,0,2025-11-20,1460.103515625,-0.2251,0.0,2025-11-24,1470.886474609375,0.5117,1.0,2025-12-01,1438.2379150390625,-1.7193,0.0,0,0,0,1,1,1,-1.0849,1,0.0,0.0,1.0,1.0,1.0,-0.2253,1.0,1.0,1.0,0.0,0.0,1.0,0.5116,1.0,0.0,0.0,1.0,1.0,1.0,-1.7194,1.0,75-80,75-80
AUBANK.NS|2025-11-17|ensemble_lr0.20_rf0.30_xgb0.50,AUBANK.NS,2025-11-17,ensemble_lr0.20_rf0.30_xgb0.50,2024-11-18,2025-11-17,2025-11-17,2024-12-16,2025-11-14,2025-11-17,227,2025-11-17,False,1,0.4275362318840579,0.6360885104575249,0.76,0.5571416616439819,0.6337885329134959,1,63.38,0.6337885329134959,1,63.38,BUY,0.7006,0.4011,Bullish,0.665,0.0,unavailable_no_point_in_time_source,False,911.81,911.8145141601562,2025-11-18,919.25732421875,0.8163,1,2025-11-20,918.4080810546875,0.7231,1.0,2025-11-24,924.2024536132812,1.3586,1.0,2025-12-01,949.5778198242188,4.1416,1.0,1,1,1,1,1,1,0.8168,1,1.0,1.0,1.0,1.0,1.0,0.7236,1.0,1.0,1.0,1.0,1.0,1.0,1.3591,1.0,1.0,1.0,1.0,1.0,1.0,4.1421,1.0,60-65,60-65
AXISBANK.NS|2025-11-17|ensemble_lr0.20_rf0.30_xgb0.50,AXISBANK.NS,2025-11-17,ensemble_lr0.20_rf0.30_xgb0.50,2024-11-18,2025-11-17,2025-11-17,2024-12-16,2025-11-14,2025-11-17,227,2025-11-17,False,0,0.3768115942028986,0.5185245343543032,0.64,0.30656591057777405,0.4489878621597477,0,55.1,0.4489878621597477,0,55.1,BUY,0.5951,0.1902,Bullish,0.665,0.0,unavailable_no_point_in_time_source,False,1248.64,1248.636962890625,2025-11-18,1264.4249267578125,1.2644,1,2025-11-20,1284.2095947265625,2.8489,1.0,2025-11-24,1268.0220947265625,1.5525,1.0,2025-12-01,1274.7169189453125,2.0887,1.0,1,0,0,0,1,1,1.2642,1,0.0,0.0,0.0,1.0,1.0,2.8487,1.0,0.0,0.0,0.0,1.0,1.0,1.5523,1.0,0.0,0.0,0.0,1.0,1.0,2.0884,1.0,55-60,55-60
BAJAJ-AUTO.NS|2025-11-17|ensemble_lr0.20_rf0.30_xgb0.50,BAJAJ-AUTO.NS,2025-11-17,ensemble_lr0.20_rf0.30_xgb0.50,2024-11-18,2025-11-17,2025-11-17,2024-12-16,2025-11-14,2025-11-17,227,2025-11-17,False,1,0.5652173913043478,0.36629705166823123,0.44,0.503028154373169,0.4567734875202307,0,54.32,0.4567734875202307,0,54.32,HOLD,0.4925,-0.015,Sideways,0.17,0.0,unavailable_no_point_in_time_source,False,8821.35,8821.3544921875,2025-11-18,8797.1943359375,-0.2739,0,2025-11-20,8854.8828125,0.3801,1.0,2025-11-24,8882.494140625,0.6931,1.0,2025-12-01,8969.765625,1.6824,1.0,1,1,1,0,0,1,-0.2738,1,0.0,0.0,1.0,1.0,1.0,0.3801,1.0,0.0,0.0,1.0,1.0,1.0,0.6931,1.0,0.0,0.0,1.0,1.0,1.0,1.6825,1.0,50-55,50-55
BAJAJFINSV.NS|2025-11-17|ensemble_lr0.20_rf0.30_xgb0.50,BAJAJFINSV.NS,2025-11-17,ensemble_lr0.20_rf0.30_xgb0.50,2024-11-18,2025-11-17,2025-11-17,2024-12-16,2025-11-14,2025-11-17,227,2025-11-17,False,0,0.5362318840579711,0.46124234693050803,0.62,0.22281669080257416,0.3896568147873887,0,61.03,0.3896568147873887,0,61.03,HOLD,0.5326,0.0653,Bullish,0.17,0.0,unavailable_no_point_in_time_source,True,2077.83,2077.8271484375,2025-11-18,2048.451904296875,-1.4137,0,2025-11-20,2093.8134765625,0.7694,1.0,2025-11-24,2029.068603515625,-2.3466,0.0,2025-12-01,2080.025146484375,0.1058,1.0,1,1,1,1,0,1,-1.4139,1,0.0,0.0,0.0,1.0,1.0,0.7692,1.0,1.0,1.0,1.0,0.0,1.0,-2.3467,1.0,0.0,0.0,0.0,1.0,1.0,0.1056,1.0,60-65,60-65
BAJFINANCE.NS|2025-11-17|ensemble_lr0.20_rf0.30_xgb0.50,BAJFINANCE.NS,2025-11-17,ensemble_lr0.20_rf0.30_xgb0.50,2024-11-18,2025-11-17,2025-11-17,2024-12-16,2025-11-14,2025-11-17,227,2025-11-17,False,1,0.39855072463768115,0.5284204995580394,0.72,0.48968741297721863,0.5665278064002172,1,56.65,0.5665278064002172,1,56.65,BUY,0.5812,0.1624,Sideways,0.335,0.0,unavailable_no_point_in_time_source,False,1020.53,1020.5266723632812,2025-11-18,1007.4072265625,-1.2856,0,2025-11-20,1022.3156127929688,0.1753,1.0,2025-11-24,987.927001953125,-3.1944,0.0,2025-12-01,1014.8613891601562,-0.5551,0.0,1,0,0,0,0,0,-1.2859,0,1.0,1.0,1.0,1.0,1.0,0.175,1.0,0.0,0.0,0.0,0.0,0.0,-3.1947,0.0,0.0,0.0,0.0,0.0,0.0,-0.5555,0.0,55-60,55-60
BEL.NS|2025-11-17|ensemble_lr0.20_rf0.30_xgb0.50,BEL.NS,2025-11-17,ensemble_lr0.20_rf0.30_xgb0.50,2024-11-18,2025-11-17,2025-11-17,2024-12-16,2025-11-14,2025-11-17,227,2025-11-17,False,0,0.463768115942029,0.39229584401695594,0.3,0.31547272205352783,0.3261955298301551,0,67.38,0.3261955298301551,0,67.38,HOLD,0.5277,0.0553,Sideways,0.5,0.0,unavailable_no_point_in_time_source,True,422.18,422.1771240234375,2025-11-18,418.54754638671875,-0.8597,0,2025-11-20,420.63580322265625,-0.3651,0.0,2025-11-24,401.5431213378906,-4.8875,0.0,2025-12-01,414.9179382324219,-1.7195,0.0,0,1,1,1,1,1,-0.8604,1,1.0,1.0,1.0,1.0,1.0,-0.3658,1.0,1.0,1.0,1.0,1.0,0.0,-4.8882,0.0,1.0,1.0,1.0,1.0,1.0,-1.7201,1.0,65-70,65-70
BPCL.NS|2025-11-17|ensemble_lr0.20_rf0.30_xgb0.50,BPCL.NS,2025-11-17,ensemble_lr0.20_rf0.30_xgb0.50,2024-11-18,2025-11-17,2025-11-17,2024-12-16,2025-11-14,2025-11-17,227,2025-11-17,False,0,0.48550724637681153,0.22725287064262656,0.38,0.34284594655036926,0.33087354740370994,0,66.91,0.33087354740370994,0,66.91,BUY,0.6551,0.3102,Bullish,1.0,0.0,unavailable_no_point_in_time_source,False,363.98,363.9825134277344,2025-11-18,361.64837646484375,-0.6413,0,2025-11-20,355.034912109375,-2.4583,0.0,2025-11-24,349.7830505371094,-3.9011,0.0,2025-12-01,344.2880859375,-5.4108,0.0,1,1,1,1,0,0,-0.6406,0,1.0,1.0,1.0,0.0,0.0,-2.4576,0.0,1.0,1.0,1.0,0.0,0.0,-3.9005,0.0,1.0,1.0,1.0,0.0,0.0,-5.4102,0.0,65-70,65-70
AARTIIND.NS|2025-11-24|ensemble_lr0.20_rf0.30_xgb0.50,AARTIIND.NS,2025-11-24,ensemble_lr0.20_rf0.30_xgb0.50,2024-11-25,2025-11-24,2025-11-24,2024-12-20,2025-11-21,2025-11-24,228,2025-11-24,False,0,0.4855072463768116,0.5485472232400015,0.2,0.23864644765853882,0.2890326684772697,0,71.1,0.2890326684772697,0,71.1,SELL,0.3465,-0.307,Bearish,-0.165,0.0,unavailable_no_point_in_time_source,True,380.04,380.04449462890625,2025-11-25,378.9966125488281,-0.2757,0,2025-11-27,380.04449462890625,0.0,0.0,2025-12-01,379.6952209472656,-0.0919,0.0,2025-12-08,350.4533386230469,-7.7862,0.0,0,1,1,1,1,1,-0.2745,1,1.0,1.0,1.0,1.0,0.0,0.0012,0.0,1.0,1.0,1.0,1.0,1.0,-0.0907,1.0,1.0,1.0,1.0,1.0,1.0,-7.7851,1.0,70-75,70-75
AAVAS.NS|2025-11-24|ensemble_lr0.20_rf0.30_xgb0.50,AAVAS.NS,2025-11-24,ensemble_lr0.20_rf0.30_xgb0.50,2024-11-25,2025-11-24,2025-11-24,2024-12-20,2025-11-21,2025-11-24,228,2025-11-24,False,0,0.5217391304347826,0.5894472361422641,0.44,0.6047060489654541,0.5522424717111799,1,55.22,0.5522424717111799,1,55.22,HOLD,0.5482,0.0964,High Volatility,-0.165,0.0,unavailable_no_point_in_time_source,False,1669.6,1669.5999755859375,2025-11-25,1618.699951171875,-3.0486,0,2025-11-27,1576.5999755859375,-5.5702,0.0,2025-12-01,1516.300048828125,-9.1818,0.0,2025-12-08,1496.5,-10.3678,0.0,1,0,0,1,0,0,-3.0486,0,0.0,0.0,1.0,0.0,0.0,-5.5702,0.0,0.0,0.0,1.0,0.0,0.0,-9.1818,0.0,0.0,0.0,1.0,0.0,0.0,-10.3678,0.0,55-60,55-60
ABCAPITAL.NS|2025-11-24|ensemble_lr0.20_rf0.30_xgb0.50,ABCAPITAL.NS,2025-11-24,ensemble_lr0.20_rf0.30_xgb0.50,2024-11-25,2025-11-24,2025-11-24,2024-12-20,2025-11-21,2025-11-24,228,2025-11-24,False,1,0.5869565217391304,0.48694992398042514,0.3,0.09436289221048355,0.23457143090132682,0,76.54,0.23457143090132682,0,76.54,BUY,0.6126,0.2252,Bullish,0.665,0.0,unavailable_no_point_in_time_source,True,331.85,331.8500061035156,2025-11-25,345.45001220703125,4.0982,1,2025-11-27,351.75,5.9967,1.0,2025-12-01,356.1000061035156,7.3075,1.0,2025-12-08,357.1000061035156,7.6089,1.0,1,0,0,1,1,1,4.0982,1,0.0,0.0,1.0,1.0,1.0,5.9967,1.0,0.0,0.0,1.0,1.0,1.0,7.3075,1.0,0.0,0.0,1.0,1.0,1.0,7.6089,1.0,75-80,75-80
ABFRL.NS|2025-11-24|ensemble_lr0.20_rf0.30_xgb0.50,ABFRL.NS,2025-11-24,ensemble_lr0.20_rf0.30_xgb0.50,2024-11-25,2025-11-24,2025-11-24,2024-12-20,2025-11-21,2025-11-24,228,2025-11-24,False,0,0.43478260869565216,0.44240489244481324,0.54,0.4230360984802246,0.461999027729075,0,53.8,0.461999027729075,0,53.8,SELL,0.37,-0.2599,High Volatility,-0.665,0.0,unavailable_no_point_in_time_source,False,75.66,75.66000366210938,2025-11-25,75.43000030517578,-0.304,0,2025-11-27,77.05000305175781,1.8372,1.0,2025-12-01,76.61000061035156,1.2556,1.0,2025-12-08,74.58000183105469,-1.4274,0.0,0,1,1,1,1,1,-0.304,1,0.0,0.0,0.0,0.0,0.0,1.8372,0.0,0.0,0.0,0.0,0.0,0.0,1.2556,0.0,1.0,1.0,1.0,1.0,1.0,-1.4274,1.0,50-55,50-55
ACC.NS|2025-11-24|ensemble_lr0.20_rf0.30_xgb0.50,ACC.NS,2025-11-24,ensemble_lr0.20_rf0.30_xgb0.50,2024-11-25,2025-11-24,2025-11-24,2024-12-20,2025-11-21,2025-11-24,228,2025-11-24,False,0,0.4420289855072464,0.014958672497673398,0.22,0.2643628418445587,0.20117315542181402,0,79.88,0.20117315542181402,0,79.88,HOLD,0.5547,0.1093,Sideways,0.335,0.0,unavailable_no_point_in_time_source,False,1902.69,1902.690673828125,2025-11-25,1858.3472900390625,-2.3306,0,2025-11-27,1859.44091796875,-2.2731,0.0,2025-12-01,1839.8543701171875,-3.3025,0.0,2025-12-08,1785.6678466796875,-6.1504,0.0,1,1,1,1,0,1,-2.3305,1,1.0,1.0,1.0,0.0,1.0,-2.273,1.0,1.0,1.0,1.0,0.0,0.0,-3.3025,0.0,1.0,1.0,1.0,0.0,0.0,-6.1504,0.0,75-80,75-80
ADANIENT.NS|2025-11-24|ensemble_lr0.20_rf0.30_xgb0.50,ADANIENT.NS,2025-11-24,ensemble_lr0.20_rf0.30_xgb0.50,2024-11-25,2025-11-24,2025-11-24,2024-12-20,2025-11-21,2025-11-24,228,2025-11-24,False,0,0.49275362318840576,0.459751988360103,0.42,0.564012885093689,0.4999568402188651,0,50.0,0.4999568402188651,0,50.0,SELL,0.4073,-0.1855,Sideways,-0.17,0.0,unavailable_no_point_in_time_source,False,2398.13,2398.127685546875,2025-11-25,2331.857177734375,-2.7634,0,2025-11-27,2253.9921875,-6.0103,0.0,2025-12-01,2260.989013671875,-5.7186,0.0,2025-12-08,2215.20947265625,-7.6275,0.0,0,1,1,1,1,1,-2.7635,1,1.0,1.0,1.0,1.0,1.0,-6.0104,1.0,1.0,1.0,1.0,1.0,1.0,-5.7187,1.0,1.0,1.0,1.0,1.0,1.0,-7.6276,1.0,50-55,50-55
ADANIPORTS.NS|2025-11-24|ensemble_lr0.20_rf0.30_xgb0.50,ADANIPORTS.NS,2025-11-24,ensemble_lr0.20_rf0.30_xgb0.50,2024-11-25,2025-11-24,2025-11-24,2024-12-20,2025-11-21,2025-11-24,228,2025-11-24,False,0,0.5362318840579711,0.5793888304131799,0.56,0.6805225610733032,0.6241390466192875,1,62.41,0.6241390466192875,1,62.41,BUY,0.6082,0.2164,Sideways,0.335,0.0,unavailable_no_point_in_time_source,True,1479.66,1479.6640625,2025-11-25,1477.6724853515625,-0.1346,0,2025-11-27,1502.7666015625,1.5613,1.0,2025-12-01,1524.076904296875,3.0015,1.0,2025-12-08,1474.2867431640625,-0.3634,0.0,1,0,0,1,0,0,-0.1343,0,1.0,1.0,0.0,1.0,1.0,1.5616,1.0,1.0,1.0,0.0,1.0,1.0,3.0018,1.0,0.0,0.0,1.0,0.0,0.0,-0.3631,0.0,60-65,60-65
AETHER.NS|2025-11-24|ensemble_lr0.20_rf0.30_xgb0.50,AETHER.NS,2025-11-24,ensemble_lr0.20_rf0.30_xgb0.50,2024-11-25,2025-11-24,2025-11-24,2024-12-20,2025-11-21,2025-11-24,228,2025-11-24,False,0,0.4855072463768116,0.4258739983624981,0.4,0.5871424078941345,0.4987460036195669,0,50.13,0.4987460036195669,0,50.13,BUY,0.5826,0.1652,High Volatility,0.835,0.0,unavailable_no_point_in_time_source,False,919.25,919.25,2025-11-25,892.25,-2.9372,0,2025-11-27,886.2000122070312,-3.5953,0.0,2025-12-01,902.3499755859375,-1.8385,0.0,2025-12-08,815.9000244140625,-11.2429,0.0,0,1,1,1,1,0,-2.9372,0,1.0,1.0,1.0,1.0,0.0,-3.5953,0.0,1.0,1.0,1.0,1.0,0.0,-1.8385,0.0,1.0,1.0,1.0,1.0,0.0,-11.2429,0.0,50-55,50-55
AIAENG.NS|2025-11-24|ensemble_lr0.20_rf0.30_xgb0.50,AIAENG.NS,2025-11-24,ensemble_lr0.20_rf0.30_xgb0.50,2024-11-25,2025-11-24,2025-11-24,2024-12-20,2025-11-21,2025-11-24,228,2025-11-24,False,0,0.5072463768115941,0.5486908898390235,0.54,0.1552000790834427,0.34933821750952604,0,65.07,0.34933821750952604,0,65.07,BUY,0.6614,0.3227,Bullish,0.835,0.0,unavailable_no_point_in_time_source,False,3720.61,3720.6142578125,2025-11-25,3811.173583984375,2.434,1,2025-11-27,3821.036376953125,2.6991,1.0,2025-12-01,3839.666748046875,3.1998,1.0,2025-12-08,3645.79541015625,-2.0109,0.0,1,0,0,0,1,1,2.4341,1,0.0,0.0,0.0,1.0,1.0,2.6992,1.0,0.0,0.0,0.0,1.0,1.0,3.1999,1.0,1.0,1.0,1.0,0.0,0.0,-2.0108,0.0,65-70,65-70
AJANTPHARM.NS|2025-11-24|ensemble_lr0.20_rf0.30_xgb0.50,AJANTPHARM.NS,2025-11-24,ensemble_lr0.20_rf0.30_xgb0.50,2024-11-25,2025-11-24,2025-11-24,2024-12-20,2025-11-21,2025-11-24,228,2025-11-24,False,0,0.47826086956521735,0.33743264638805825,0.56,0.3187955915927887,0.394884325074006,0,60.51,0.394884325074006,0,60.51,HOLD,0.4527,-0.0946,Sideways,-0.165,0.0,unavailable_no_point_in_time_source,False,2492.37,2492.36767578125,2025-11-25,2486.422119140625,-0.2386,0,2025-11-27,2507.72705078125,0.6163,1.0,2025-12-01,2539.33740234375,1.8845,1.0,2025-12-08,2634.168701171875,5.6894,1.0,1,1,1,1,0,1,-0.2386,1,0.0,0.0,0.0,1.0,1.0,0.6162,1.0,0.0,0.0,0.0,1.0,1.0,1.8844,1.0,0.0,0.0,0.0,1.0,0.0,5.6893,0.0,60-65,60-65
ALEMBICLTD.NS|2025-11-24|ensemble_lr0.20_rf0.30_xgb0.50,ALEMBICLTD.NS,2025-11-24,ensemble_lr0.20_rf0.30_xgb0.50,2024-11-25,2025-11-24,2025-11-24,2024-12-20,2025-11-21,2025-11-24,228,2025-11-24,False,0,0.5,0.4011482342207294,0.46,0.32430529594421387,0.38038229481625285,0,61.96,0.38038229481625285,0,61.96,SELL,0.3618,-0.2764,Sideways,-0.67,0.0,unavailable_no_point_in_time_source,False,95.31,95.30767822265625,2025-11-25,95.21029663085938,-0.1022,0,2025-11-27,97.37217712402344,2.1661,1.0,2025-12-01,97.59615325927734,2.4011,1.0,2025-12-08,95.39532470703125,0.092,1.0,0,1,1,1,1,1,-0.1046,1,0.0,0.0,0.0,0.0,0.0,2.1637,0.0,0.0,0.0,0.0,0.0,0.0,2.3986,0.0,0.0,0.0,0.0,0.0,0.0,0.0895,0.0,60-65,60-65
ALKEM.NS|2025-11-24|ensemble_lr0.20_rf0.30_xgb0.50,ALKEM.NS,2025-11-24,ensemble_lr0.20_rf0.30_xgb0.50,2024-11-25,2025-11-24,2025-11-24,2024-12-20,2025-11-21,2025-11-24,228,2025-11-24,False,1,0.5434782608695653,0.1424497615621311,0.36,0.12363378703594208,0.19830684583039726,0,80.17,0.19830684583039726,0,80.17,HOLD,0.4932,-0.0136,Sideways,0.5,0.0,unavailable_no_point_in_time_source,False,5570.05,5570.0478515625,2025-11-25,5645.30517578125,1.3511,1,2025-11-27,5630.94677734375,1.0933,1.0,2025-12-01,5554.69921875,-0.2756,0.0,2025-12-08,5544.3017578125,-0.4622,0.0,0,0,0,1,0,1,1.3511,1,0.0,0.0,1.0,0.0,1.0,1.0933,1.0,1.0,1.0,0.0,1.0,1.0,-0.2756,1.0,1.0,1.0,0.0,1.0,1.0,-0.4623,1.0,80-85,80-85
AMBER.NS|2025-11-24|ensemble_lr0.20_rf0.30_xgb0.50,AMBER.NS,2025-11-24,ensemble_lr0.20_rf0.30_xgb0.50,2024-11-25,2025-11-24,2025-11-24,2024-12-20,2025-11-21,2025-11-24,228,2025-11-24,False,1,0.5072463768115941,0.6988436850050959,0.34,0.5253055095672607,0.5044214917846496,1,50.44,0.5044214917846496,1,50.44,HOLD,0.4262,-0.1477,High Volatility,-0.5,0.0,unavailable_no_point_in_time_source,False,7043.5,7043.5,2025-11-25,7138.0,1.3417,1,2025-11-27,7103.0,0.8448,1.0,2025-12-01,7072.5,0.4117,1.0,2025-12-08,6451.0,-8.412,0.0,0,1,1,1,0,1,1.3417,1,1.0,1.0,1.0,0.0,1.0,0.8448,1.0,1.0,1.0,1.0,0.0,1.0,0.4117,1.0,0.0,0.0,0.0,1.0,0.0,-8.412,0.0,50-55,50-55
ANGELONE.NS|2025-11-24|ensemble_lr0.20_rf0.30_xgb0.50,ANGELONE.NS,2025-11-24,ensemble_lr0.20_rf0.30_xgb0.50,2024-11-25,2025-11-24,2025-11-24,2024-12-20,2025-11-21,2025-11-24,228,2025-11-24,False,1,0.45652173913043476,0.5760881083889959,0.24,0.242050901055336,0.3082430722054672,0,69.18,0.3082430722054672,0,69.18,HOLD,0.5072,0.0143,Bullish,0.165,0.0,unavailable_no_point_in_time_source,True,262.78,262.7774353027344,2025-11-25,263.6799621582031,0.3435,1,2025-11-27,271.1850891113281,3.1995,1.0,2025-12-01,271.1065979003906,3.1697,1.0,2025-12-08,249.4447784423828,-5.0737,0.0,0,0,0,1,0,1,0.3425,1,0.0,0.0,1.0,0.0,0.0,3.1985,0.0,0.0,0.0,1.0,0.0,0.0,3.1687,0.0,1.0,1.0,0.0,1.0,0.0,-5.0747,0.0,65-70,65-70
APARINDS.NS|2025-11-24|ensemble_lr0.20_rf0.30_xgb0.50,APARINDS.NS,2025-11-24,ensemble_lr0.20_rf0.30_xgb0.50,2024-11-25,2025-11-24,2025-11-24,2024-12-20,2025-11-21,2025-11-24,228,2025-11-24,False,0,0.49275362318840576,0.2704098792243377,0.34,0.2952074110507965,0.3036856813702658,0,69.63,0.3036856813702658,0,69.63,HOLD,0.5196,0.0393,High Volatility,0.67,0.0,unavailable_no_point_in_time_source,False,8861.73,8861.7333984375,2025-11-25,8901.0966796875,0.4442,1,2025-11-27,9113.8583984375,2.8451,1.0,2025-12-01,8943.9482421875,0.9278,1.0,2025-12-08,8613.0966796875,-2.8057,0.0,0,0,0,0,0,1,0.4442,1,0.0,0.0,0.0,0.0,1.0,2.8451,1.0,0.0,0.0,0.0,0.0,1.0,0.9278,1.0,1.0,1.0,1.0,1.0,1.0,-2.8057,1.0,65-70,65-70
APOLLOHOSP.NS|2025-11-24|ensemble_lr0.20_rf0.30_xgb0.50,APOLLOHOSP.NS,2025-11-24,ensemble_lr0.20_rf0.30_xgb0.50,2024-11-25,2025-11-24,2025-11-24,2024-12-20,2025-11-21,2025-11-24,228,2025-11-24,False,0,0.3695652173913044,0.38776578678295126,0.44,0.4794872999191284,0.44929680731615446,0,55.07,0.44929680731615446,0,55.07,SELL,0.3466,-0.3068,Bearish,-0.335,0.0,unavailable_no_point_in_time_source,False,7336.21,7336.20849609375,2025-11-25,7312.2685546875,-0.3263,0,2025-11-27,7304.28857421875,-0.4351,0.0,2025-12-01,7269.37548828125,-0.911,0.0,2025-12-08,7078.3515625,-3.5149,0.0,0,1,1,1,1,1,-0.3263,1,1.0,1.0,1.0,1.0,1.0,-0.4351,1.0,1.0,1.0,1.0,1.0,1.0,-0.911,1.0,1.0,1.0,1.0,1.0,1.0,-3.5149,1.0,55-60,55-60
APOLLOTYRE.NS|2025-11-24|ensemble_lr0.20_rf0.30_xgb0.50,APOLLOTYRE.NS,2025-11-24,ensemble_lr0.20_rf0.30_xgb0.50,2024-11-25,2025-11-24,2025-11-24,2024-12-20,2025-11-21,2025-11-24,228,2025-11-24,False,0,0.4275362318840579,0.6150405008035855,0.4,0.3652726411819458,0.42564442075169,0,57.44,0.42564442075169,0,57.44,HOLD,0.5661,0.1323,Bullish,0.5,0.0,unavailable_no_point_in_time_source,True,521.51,521.5139770507812,2025-11-25,515.4906005859375,-1.155,0,2025-11-27,512.4295654296875,-1.7419,0.0,2025-12-01,509.8622131347656,-2.2342,0.0,2025-12-08,513.8119506835938,-1.4769,0.0,1,1,1,1,0,1,-1.1542,1,1.0,1.0,1.0,0.0,1.0,-1.7412,1.0,1.0,1.0,1.0,0.0,1.0,-2.2335,1.0,1.0,1.0,1.0,0.0,1.0,-1.4761,1.0,55-60,55-60
ASHOKLEY.NS|2025-11-24|ensemble_lr0.20_rf0.30_xgb0.50,ASHOKLEY.NS,2025-11-24,ensemble_lr0.20_rf0.30_xgb0.50,2024-11-25,2025-11-24,2025-11-24,2024-12-20,2025-11-21,2025-11-24,228,2025-11-24,False,1,0.4855072463768116,0.14168942988408964,0.24,0.3964217007160187,0.29854873633482726,0,70.15,0.29854873633482726,0,70.15,HOLD,0.5369,0.0739,Bullish,0.5,0.0,unavailable_no_point_in_time_source,True,142.16,142.16481018066406,2025-11-25,143.38401794433594,0.8576,1,2025-11-27,157.07054138183594,10.4848,1.0,2025-12-01,157.61131286621094,10.8652,1.0,2025-12-08,156.60841369628906,10.1598,1.0,0,0,0,1,0,1,0.861,1,0.0,0.0,1.0,0.0,0.0,10.4886,0.0,0.0,0.0,1.0,0.0,0.0,10.869,0.0,0.0,0.0,1.0,0.0,0.0,10.1635,0.0,70-75,70-75
ASIANPAINT.NS|2025-11-24|ensemble_lr0.20_rf0.30_xgb0.50,ASIANPAINT.NS,2025-11-24,ensemble_lr0.20_rf0.30_xgb0.50,2024-11-25,2025-11-24,2025-11-24,2024-12-20,2025-11-21,2025-11-24,228,2025-11-24,False,1,0.4565217391304348,0.5632598499173671,0.78,0.6789438128471375,0.6861238764070421,1,68.61,0.6861238764070421,1,68.61,STRONG BUY,0.7975,0.595,Bullish,1.0,0.0,unavailable_no_point_in_time_source,False,2854.43,2854.434814453125,2025-11-25,2851.064208984375,-0.1181,0,2025-11-27,2854.3359375,-0.0035,0.0,2025-12-01,2842.934814453125,-0.4029,0.0,2025-12-08,2903.112548828125,1.7053,1.0,1,0,0,0,0,0,-0.1179,0,0.0,0.0,0.0,0.0,0.0,-0.0033,0.0,0.0,0.0,0.0,0.0,0.0,-0.4027,0.0,1.0,1.0,1.0,1.0,1.0,1.7055,1.0,65-70,65-70
ASTRAL.NS|2025-11-24|ensemble_lr0.20_rf0.30_xgb0.50,ASTRAL.NS,2025-11-24,ensemble_lr0.20_rf0.30_xgb0.50,2024-11-25,2025-11-24,2025-11-24,2024-12-20,2025-11-21,2025-11-24,228,2025-11-24,False,0,0.36231884057971014,0.6588569907102422,0.54,0.5833668112754822,0.5854548037797895,1,58.55,0.5854548037797895,1,58.55,BUY,0.5817,0.1635,Sideways,0.0,0.0,unavailable_no_point_in_time_source,False,1470.89,1470.886474609375,2025-11-25,1463.1986083984375,-0.5227,0,2025-11-27,1468.6900634765625,-0.1493,0.0,2025-12-01,1438.2379150390625,-2.2197,0.0,2025-12-08,1431.04931640625,-2.7084,0.0,1,0,0,1,0,0,-0.5229,0,0.0,0.0,1.0,0.0,0.0,-0.1496,0.0,0.0,0.0,1.0,0.0,0.0,-2.2199,0.0,0.0,0.0,1.0,0.0,0.0,-2.7086,0.0,55-60,55-60
AUBANK.NS|2025-11-24|ensemble_lr0.20_rf0.30_xgb0.50,AUBANK.NS,2025-11-24,ensemble_lr0.20_rf0.30_xgb0.50,2024-11-25,2025-11-24,2025-11-24,2024-12-20,2025-11-21,2025-11-24,228,2025-11-24,False,1,0.41304347826086957,0.7061561044494126,0.52,0.46976032853126526,0.5321113851555151,1,53.21,0.5321113851555151,1,53.21,BUY,0.6925,0.385,Bullish,0.665,0.0,unavailable_no_point_in_time_source,False,924.2,924.2024536132812,2025-11-25,943.1340942382812,2.0484,1,2025-11-27,946.2311401367188,2.3835,1.0,2025-12-01,949.5778198242188,2.7457,1.0,2025-12-08,951.6258544921875,2.9673,1.0,1,1,1,1,1,1,2.0487,1,1.0,1.0,1.0,1.0,1.0,2.3838,1.0,1.0,1.0,1.0,1.0,1.0,2.7459,1.0,1.0,1.0,1.0,1.0,1.0,2.9675,1.0,50-55,50-55
AXISBANK.NS|2025-11-24|ensemble_lr0.20_rf0.30_xgb0.50,AXISBANK.NS,2025-11-24,ensemble_lr0.20_rf0.30_xgb0.50,2024-11-25,2025-11-24,2025-11-24,2024-12-20,2025-11-21,2025-11-24,228,2025-11-24,False,0,0.43478260869565216,0.5331683559537842,0.44,0.2373867630958557,0.3573270527386847,0,64.27,0.3573270527386847,0,64.27,BUY,0.6335,0.267,Bullish,1.0,0.0,unavailable_no_point_in_time_source,False,1268.02,1268.0220947265625,2025-11-25,1265.32421875,-0.2128,0,2025-11-27,1286.3079833984375,1.4421,1.0,2025-12-01,1274.7169189453125,0.528,1.0,2025-12-08,1272.8184814453125,0.3783,1.0,0,1,1,1,1,0,-0.2126,0,0.0,0.0,0.0,0.0,1.0,1.4422,1.0,0.0,0.0,0.0,0.0,1.0,0.5281,1.0,0.0,0.0,0.0,0.0,1.0,0.3784,1.0,60-65,60-65
BAJAJ-AUTO.NS|2025-11-24|ensemble_lr0.20_rf0.30_xgb0.50,BAJAJ-AUTO.NS,2025-11-24,ensemble_lr0.20_rf0.30_xgb0.50,2024-11-25,2025-11-24,2025-11-24,2024-12-20,2025-11-21,2025-11-24,228,2025-11-24,False,0,0.5507246376811594,0.27794222354880255,0.48,0.33979618549346924,0.3694865374564951,0,63.05,0.3694865374564951,0,63.05,HOLD,0.5367,0.0734,Sideways,0.5,0.0,unavailable_no_point_in_time_source,False,8882.49,8882.494140625,2025-11-25,8922.431640625,0.4496,1,2025-11-27,8897.2861328125,0.1665,1.0,2025-12-01,8969.765625,0.9825,1.0,2025-12-08,8900.7373046875,0.2054,1.0,1,0,0,0,1,1,0.4497,1,0.0,0.0,0.0,1.0,1.0,0.1666,1.0,0.0,0.0,0.0,1.0,1.0,0.9826,1.0,0.0,0.0,0.0,1.0,1.0,0.2054,1.0,60-65,60-65
BAJAJFINSV.NS|2025-11-24|ensemble_lr0.20_rf0.30_xgb0.50,BAJAJFINSV.NS,2025-11-24,ensemble_lr0.20_rf0.30_xgb0.50,2024-11-25,2025-11-24,2025-11-24,2024-12-20,2025-11-21,2025-11-24,228,2025-11-24,False,0,0.5362318840579711,0.5469928951333679,0.48,0.14358052611351013,0.32518884208342863,0,67.48,0.32518884208342863,0,67.48,HOLD,0.429,-0.142,Sideways,-0.165,0.0,unavailable_no_point_in_time_source,True,2029.07,2029.068603515625,2025-11-25,2028.468994140625,-0.0296,0,2025-11-27,2101.40673828125,3.5651,1.0,2025-12-01,2080.025146484375,2.5113,1.0,2025-12-08,2057.4443359375,1.3985,1.0,0,1,1,1,1,1,-0.0296,1,0.0,0.0,0.0,0.0,0.0,3.565,0.0,0.0,0.0,0.0,0.0,1.0,2.5113,1.0,0.0,0.0,0.0,0.0,1.0,1.3984,1.0,65-70,65-70
BAJFINANCE.NS|2025-11-24|ensemble_lr0.20_rf0.30_xgb0.50,BAJFINANCE.NS,2025-11-24,ensemble_lr0.20_rf0.30_xgb0.50,2024-11-25,2025-11-24,2025-11-24,2024-12-20,2025-11-21,2025-11-24,228,2025-11-24,False,1,0.47826086956521746,0.3682430941817622,0.56,0.4259137511253357,0.4546054943990203,0,54.54,0.4546054943990203,0,54.54,HOLD,0.4722,-0.0557,Sideways,0.0,0.0,unavailable_no_point_in_time_source,False,987.93,987.927001953125,2025-11-25,980.1746826171875,-0.7847,0,2025-11-27,1027.48388671875,4.004,1.0,2025-12-01,1014.8613891601562,2.7264,1.0,2025-12-08,1020.1290893554688,3.2596,1.0,0,1,1,0,1,1,-0.785,1,0.0,0.0,1.0,0.0,0.0,4.0037,0.0,0.0,0.0,1.0,0.0,1.0,2.726,1.0,0.0,0.0,1.0,0.0,0.0,3.2592,0.0,50-55,50-55
BEL.NS|2025-11-24|ensemble_lr0.20_rf0.30_xgb0.50,BEL.NS,2025-11-24,ensemble_lr0.20_rf0.30_xgb0.50,2024-11-25,2025-11-24,2025-11-24,2024-12-20,2025-11-21,2025-11-24,228,2025-11-24,False,0,0.47826086956521735,0.6784214882752849,0.42,0.6958104968070984,0.6095895460586062,1,60.96,0.6095895460586062,1,60.96,BUY,0.5826,0.1652,Sideways,0.0,0.0,unavailable_no_point_in_time_source,True,401.54,401.5431213378906,2025-11-25,407.9570617675781,1.5973,1,2025-11-27,410.7414245605469,2.2907,1.0,2025-12-01,414.9179382324219,3.3309,1.0,2025-12-08,384.2403869628906,-4.3091,0.0,0,1,1,0,0,1,1.5981,1,1.0,1.0,0.0,0.0,1.0,2.2915,1.0,1.0,1.0,0.0,0.0,1.0,3.3317,1.0,0.0,0.0,1.0,1.0,0.0,-4.3083,0.0,60-65,60-65
BPCL.NS|2025-11-24|ensemble_lr0.20_rf0.30_xgb0.50,BPCL.NS,2025-11-24,ensemble_lr0.20_rf0.30_xgb0.50,2024-11-25,2025-11-24,2025-11-24,2024-12-20,2025-11-21,2025-11-24,228,2025-11-24,False,0,0.5434782608695651,0.6290972748065087,0.52,0.3964005708694458,0.48001974039602463,0,52.0,0.48001974039602463,0,52.0,HOLD,0.5453,0.0906,Sideways,0.5,0.0,unavailable_no_point_in_time_source,False,349.78,349.7830505371094,2025-11-25,346.0873107910156,-1.0566,0,2025-11-27,354.69451904296875,1.4041,1.0,2025-12-01,344.2880859375,-1.571,0.0,2025-12-08,347.74066162109375,-0.5839,0.0,0,1,1,1,1,1,-1.0557,1,0.0,0.0,0.0,0.0,1.0,1.405,1.0,1.0,1.0,1.0,1.0,1.0,-1.5701,1.0,1.0,1.0,1.0,1.0,1.0,-0.583,1.0,50-55,50-55
AARTIIND.NS|2025-12-01|ensemble_lr0.20_rf0.30_xgb0.50,AARTIIND.NS,2025-12-01,ensemble_lr0.20_rf0.30_xgb0.50,2024-12-02,2025-12-01,2025-12-01,2024-12-30,2025-11-28,2025-12-01,228,2025-12-01,False,0,0.5072463768115942,0.5012566674901319,0.28,0.18454815447330475,0.27652541073467873,0,72.35,0.27652541073467873,0,72.35,SELL,0.3461,-0.3079,Bearish,-0.165,0.0,unavailable_no_point_in_time_source,True,379.7,379.6952209472656,2025-12-02,376.35186767578125,-0.8805,0,2025-12-04,368.9166259765625,-2.8387,0.0,2025-12-08,350.4533386230469,-7.7014,0.0,2025-12-15,375.5534362792969,-1.0908,0.0,0,1,1,1,1,1,-0.8818,1,1.0,1.0,1.0,1.0,1.0,-2.84,1.0,1.0,1.0,1.0,1.0,1.0,-7.7026,1.0,1.0,1.0,1.0,1.0,1.0,-1.0921,1.0,70-75,70-75
AAVAS.NS|2025-12-01|ensemble_lr0.20_rf0.30_xgb0.50,AAVAS.NS,2025-12-01,ensemble_lr0.20_rf0.30_xgb0.50,2024-12-02,2025-12-01,2025-12-01,2024-12-30,2025-11-28,2025-12-01,228,2025-12-01,False,0,0.47826086956521735,0.5053663406014386,0.38,0.34523430466651917,0.3876904204535473,0,61.23,0.3876904204535473,0,61.23,SELL,0.3547,-0.2906,High Volatility,-0.835,0.0,unavailable_no_point_in_time_source,False,1516.3,1516.300048828125,2025-12-02,1514.800048828125,-0.0989,0,2025-12-04,1482.0999755859375,-2.2555,0.0,2025-12-08,1496.5,-1.3058,0.0,2025-12-15,1549.0999755859375,2.1632,1.0,0,1,1,1,1,1,-0.0989,1,1.0,1.0,1.0,1.0,1.0,-2.2555,1.0,1.0,1.0,1.0,1.0,1.0,-1.3058,1.0,0.0,0.0,0.0,0.0,0.0,2.1632,0.0,60-65,60-65
ABCAPITAL.NS|2025-12-01|ensemble_lr0.20_rf0.30_xgb0.50,ABCAPITAL.NS,2025-12-01,ensemble_lr0.20_rf0.30_xgb0.50,2024-12-02,2025-12-01,2025-12-01,2024-12-30,2025-11-28,2025-12-01,228,2025-12-01,False,1,0.5072463768115942,0.3125943610521334,0.34,0.219513401389122,0.2742755729049877,0,72.57,0.2742755729049877,0,72.57,BUY,0.6351,0.2702,Bullish,1.0,0.0,unavailable_no_point_in_time_source,False,356.1,356.1000061035156,2025-12-02,355.75,-0.0983,0,2025-12-04,349.3999938964844,-1.8815,0.0,2025-12-08,357.1000061035156,0.2808,1.0,2025-12-15,351.79998779296875,-1.2075,0.0,0,1,1,0,1,0,-0.0983,0,1.0,1.0,0.0,1.0,0.0,-1.8815,0.0,0.0,0.0,1.0,0.0,1.0,0.2808,1.0,1.0,1.0,0.0,1.0,0.0,-1.2075,0.0,70-75,70-75
ABFRL.NS|2025-12-01|ensemble_lr0.20_rf0.30_xgb0.50,ABFRL.NS,2025-12-01,ensemble_lr0.20_rf0.30_xgb0.50,2024-12-02,2025-12-01,2025-12-01,2024-12-30,2025-11-28,2025-12-01,228,2025-12-01,False,0,0.4492753623188406,0.4351977888452729,0.5,0.7125377655029297,0.5933084405205195,1,59.33,0.5933084405205195,1,59.33,HOLD,0.4659,-0.0682,Bearish,-0.165,0.0,unavailable_no_point_in_time_source,True,76.61,76.61000061035156,2025-12-02,77.08000183105469,0.6135,1,2025-12-04,76.37999725341797,-0.3002,0.0,2025-12-08,74.58000183105469,-2.6498,0.0,2025-12-15,75.43000030517578,-1.5403,0.0,0,1,1,0,0,1,0.6135,1,0.0,0.0,1.0,1.0,1.0,-0.3002,1.0,0.0,0.0,1.0,1.0,1.0,-2.6498,1.0,0.0,0.0,1.0,1.0,1.0,-1.5403,1.0,55-60,55-60
ACC.NS|2025-12-01|ensemble_lr0.20_rf0.30_xgb0.50,ACC.NS,2025-12-01,ensemble_lr0.20_rf0.30_xgb0.50,2024-12-02,2025-12-01,2025-12-01,2024-12-30,2025-11-28,2025-12-01,228,2025-12-01,False,0,0.5289855072463768,0.2392644379017643,0.34,0.2715706527233124,0.28563821394200906,0,71.44,0.28563821394200906,0,71.44,HOLD,0.4711,-0.0578,Sideways,0.165,0.0,unavailable_no_point_in_time_source,False,1839.85,1839.8543701171875,2025-12-02,1841.246337890625,0.0757,1,2025-12-04,1804.75732421875,-1.9076,0.0,2025-12-08,1785.6678466796875,-2.9452,0.0,2025-12-15,1767.3736572265625,-3.9395,0.0,0,0,0,0,0,1,0.0759,1,1.0,1.0,1.0,1.0,1.0,-1.9074,1.0,1.0,1.0,1.0,1.0,1.0,-2.9449,1.0,1.0,1.0,1.0,1.0,0.0,-3.9393,0.0,70-75,70-75
ADANIENT.NS|2025-12-01|ensemble_lr0.20_rf0.30_xgb0.50,ADANIENT.NS,2025-12-01,ensemble_lr0.20_rf0.30_xgb0.50,2024-12-02,2025-12-01,2025-12-01,2024-12-30,2025-11-28,2025-12-01,228,2025-12-01,False,0,0.45652173913043476,0.4406097638729579,0.58,0.8004660606384277,0.6623549830938055,1,66.24,0.6623549830938055,1,66.24,HOLD,0.4643,-0.0714,Sideways,-0.835,0.0,unavailable_no_point_in_time_source,True,2260.99,2260.989013671875,2025-12-02,2238.59912109375,-0.9903,0,2025-12-04,2216.90869140625,-1.9496,0.0,2025-12-08,2215.20947265625,-2.0248,0.0,2025-12-15,2277.88134765625,0.7471,1.0,0,0,0,1,1,1,-0.9903,1,0.0,0.0,1.0,1.0,1.0,-1.9496,1.0,0.0,0.0,1.0,1.0,1.0,-2.0248,1.0,1.0,1.0,0.0,0.0,1.0,0.7471,1.0,65-70,65-70
ADANIPORTS.NS|2025-12-01|ensemble_lr0.20_rf0.30_xgb0.50,ADANIPORTS.NS,2025-12-01,ensemble_lr0.20_rf0.30_xgb0.50,2024-12-02,2025-12-01,2025-12-01,2024-12-30,2025-11-28,2025-12-01,228,2025-12-01,False,0,0.5507246376811595,0.5866791433118886,0.44,0.5748200416564941,0.5367458494906248,1,53.67,0.5367458494906248,1,53.67,STRONG BUY,0.7525,0.5051,Bullish,1.0,0.0,unavailable_no_point_in_time_source,False,1524.08,1524.076904296875,2025-12-02,1511.7288818359375,-0.8102,0,2025-12-04,1499.2813720703125,-1.6269,0.0,2025-12-08,1474.2867431640625,-3.2669,0.0,2025-12-15,1506.251953125,-1.1696,0.0,1,0,0,1,0,0,-0.8104,0,0.0,0.0,1.0,0.0,0.0,-1.6271,0.0,0.0,0.0,1.0,0.0,0.0,-3.2671,0.0,0.0,0.0,1.0,0.0,0.0,-1.1698,0.0,50-55,50-55
AETHER.NS|2025-12-01|ensemble_lr0.20_rf0.30_xgb0.50,AETHER.NS,2025-12-01,ensemble_lr0.20_rf0.30_xgb0.50,2024-12-02,2025-12-01,2025-12-01,2024-12-30,2025-11-28,2025-12-01,228,2025-12-01,False,0,0.4565217391304348,0.18664016922444662,0.38,0.2806535065174103,0.2916547871035945,0,70.83,0.2916547871035945,0,70.83,BUY,0.6043,0.2087,High Volatility,0.835,0.0,unavailable_no_point_in_time_source,True,902.35,902.3499755859375,2025-12-02,868.0999755859375,-3.7956,0,2025-12-04,864.4000244140625,-4.2057,0.0,2025-12-08,815.9000244140625,-9.5805,0.0,2025-12-15,879.6500244140625,-2.5156,0.0,1,1,1,1,0,0,-3.7956,0,1.0,1.0,1.0,0.0,0.0,-4.2057,0.0,1.0,1.0,1.0,0.0,0.0,-9.5805,0.0,1.0,1.0,1.0,0.0,0.0,-2.5157,0.0,70-75,70-75
AIAENG.NS|2025-12-01|ensemble_lr0.20_rf0.30_xgb0.50,AIAENG.NS,2025-12-01,ensemble_lr0.20_rf0.30_xgb0.50,2024-12-02,2025-12-01,2025-12-01,2024-12-30,2025-11-28,2025-12-01,228,2025-12-01,False,0,0.463768115942029,0.4136630592931628,0.32,0.2853540778160095,0.3214096507666373,0,67.86,0.3214096507666373,0,67.86,BUY,0.6754,0.3507,Bullish,0.835,0.0,unavailable_no_point_in_time_source,False,3839.67,3839.666748046875,2025-12-02,3843.850830078125,0.109,1,2025-12-04,3829.4052734375,-0.2672,0.0,2025-12-08,3645.79541015625,-5.0492,0.0,2025-12-15,3879.218017578125,1.0301,1.0,0,0,0,0,0,1,0.1089,1,1.0,1.0,1.0,1.0,0.0,-0.2673,0.0,1.0,1.0,1.0,1.0,0.0,-5.0493,0.0,0.0,0.0,0.0,0.0,1.0,1.03,1.0,65-70,65-70
AJANTPHARM.NS|2025-12-01|ensemble_lr0.20_rf0.30_xgb0.50,AJANTPHARM.NS,2025-12-01,ensemble_lr0.20_rf0.30_xgb0.50,2024-12-02,2025-12-01,2025-12-01,2024-12-30,2025-11-28,2025-12-01,228,2025-12-01,False,0,0.4855072463768116,0.3392072061268897,0.64,0.7967528700828552,0.6582178762668056,1,65.82,0.6582178762668056,1,65.82,BUY,0.6192,0.2383,Sideways,0.165,0.0,unavailable_no_point_in_time_source,False,2539.34,2539.33740234375,2025-12-02,2565.1015625,1.0146,1,2025-12-04,2604.63916015625,2.5716,1.0,2025-12-08,2634.168701171875,3.7345,1.0,2025-12-15,2618.11572265625,3.1023,1.0,1,1,1,0,1,1,1.0145,1,1.0,1.0,0.0,1.0,1.0,2.5715,1.0,1.0,1.0,0.0,1.0,1.0,3.7344,1.0,1.0,1.0,0.0,1.0,1.0,3.1022,1.0,65-70,65-70
ALEMBICLTD.NS|2025-12-01|ensemble_lr0.20_rf0.30_xgb0.50,ALEMBICLTD.NS,2025-12-01,ensemble_lr0.20_rf0.30_xgb0.50,2024-12-02,2025-12-01,2025-12-01,2024-12-30,2025-11-28,2025-12-01,228,2025-12-01,False,0,0.572463768115942,0.32797205342710145,0.72,0.7872471213340759,0.6752179713524582,1,67.52,0.6752179713524582,1,67.52,HOLD,0.5373,0.0745,Sideways,-0.335,0.0,unavailable_no_point_in_time_source,False,97.6,97.59615325927734,2025-12-02,99.63143157958984,2.0854,1,2025-12-04,100.05017852783203,2.5145,1.0,2025-12-08,95.39532470703125,-2.255,0.0,2025-12-15,99.6703872680664,2.1253,1.0,1,1,1,0,1,1,2.0814,1,1.0,1.0,0.0,1.0,1.0,2.5104,1.0,0.0,0.0,1.0,0.0,1.0,-2.2589,1.0,1.0,1.0,0.0,1.0,1.0,2.1213,1.0,65-70,65-70
ALKEM.NS|2025-12-01|ensemble_lr0.20_rf0.30_xgb0.50,ALKEM.NS,2025-12-01,ensemble_lr0.20_rf0.30_xgb0.50,2024-12-02,2025-12-01,2025-12-01,2024-12-30,2025-11-28,2025-12-01,228,2025-12-01,False,1,0.5652173913043478,0.4974882293160108,0.52,0.4304710328578949,0.4707331622921496,0,52.93,0.4707331622921496,0,52.93,HOLD,0.4966,-0.0068,Sideways,0.335,0.0,unavailable_no_point_in_time_source,False,5554.7,5554.69921875,2025-12-02,5583.416015625,0.517,1,2025-12-04,5603.7158203125,0.8824,1.0,2025-12-08,5544.3017578125,-0.1872,0.0,2025-12-15,5569.552734375,0.2674,1.0,0,0,0,1,0,1,0.517,1,0.0,0.0,1.0,0.0,1.0,0.8824,1.0,1.0,1.0,0.0,1.0,1.0,-0.1872,1.0,0.0,0.0,1.0,0.0,1.0,0.2674,1.0,50-55,50-55
AMBER.NS|2025-12-01|ensemble_lr0.20_rf0.30_xgb0.50,AMBER.NS,2025-12-01,ensemble_lr0.20_rf0.30_xgb0.50,2024-12-02,2025-12-01,2025-12-01,2024-12-30,2025-11-28,2025-12-01,228,2025-12-01,False,1,0.572463768115942,0.6304050938364151,0.58,0.6064712405204773,0.6033166390275216,1,60.33,0.6033166390275216,1,60.33,HOLD,0.4817,-0.0365,High Volatility,-0.165,0.0,unavailable_no_point_in_time_source,False,7072.5,7072.5,2025-12-02,7041.5,-0.4383,0,2025-12-04,6750.0,-4.5599,0.0,2025-12-08,6451.0,-8.7876,0.0,2025-12-15,6801.5,-3.8317,0.0,0,0,0,0,1,1,-0.4383,1,0.0,0.0,0.0,1.0,0.0,-4.5599,0.0,0.0,0.0,0.0,1.0,0.0,-8.7876,0.0,0.0,0.0,0.0,1.0,0.0,-3.8317,0.0,60-65,60-65
ANGELONE.NS|2025-12-01|ensemble_lr0.20_rf0.30_xgb0.50,ANGELONE.NS,2025-12-01,ensemble_lr0.20_rf0.30_xgb0.50,2024-12-02,2025-12-01,2025-12-01,2024-12-30,2025-11-28,2025-12-01,228,2025-12-01,False,1,0.4492753623188406,0.674961776218236,0.62,0.39499199390411377,0.5184883521957041,1,51.85,0.5184883521957041,1,51.85,BUY,0.7074,0.4148,Bullish,0.33,0.0,unavailable_no_point_in_time_source,False,271.11,271.1065979003906,2025-12-02,276.0904541015625,1.8383,1,2025-12-04,257.5287170410156,-5.0083,0.0,2025-12-08,249.4447784423828,-7.9901,0.0,2025-12-15,253.35922241210938,-6.5463,0.0,1,1,1,1,1,1,1.8371,1,0.0,0.0,0.0,0.0,0.0,-5.0095,0.0,0.0,0.0,0.0,0.0,0.0,-7.9913,0.0,0.0,0.0,0.0,0.0,0.0,-6.5474,0.0,50-55,50-55
APARINDS.NS|2025-12-01|ensemble_lr0.20_rf0.30_xgb0.50,APARINDS.NS,2025-12-01,ensemble_lr0.20_rf0.30_xgb0.50,2024-12-02,2025-12-01,2025-12-01,2024-12-30,2025-11-28,2025-12-01,228,2025-12-01,False,0,0.5217391304347826,0.6305771221580326,0.72,0.5315519571304321,0.6078914029968225,1,60.79,0.6078914029968225,1,60.79,HOLD,0.5689,0.1378,High Volatility,0.335,0.0,unavailable_no_point_in_time_source,False,8943.95,8943.9482421875,2025-12-02,8870.2041015625,-0.8245,0,2025-12-04,8816.8896484375,-1.4206,0.0,2025-12-08,8613.0966796875,-3.6992,0.0,2025-12-15,9059.048828125,1.2869,1.0,0,0,0,1,1,1,-0.8245,1,0.0,0.0,1.0,1.0,1.0,-1.4206,1.0,0.0,0.0,1.0,1.0,0.0,-3.6992,0.0,1.0,1.0,0.0,0.0,1.0,1.2869,1.0,60-65,60-65
APOLLOHOSP.NS|2025-12-01|ensemble_lr0.20_rf0.30_xgb0.50,APOLLOHOSP.NS,2025-12-01,ensemble_lr0.20_rf0.30_xgb0.50,2024-12-02,2025-12-01,2025-12-01,2024-12-30,2025-11-28,2025-12-01,228,2025-12-01,False,0,0.5579710144927537,0.4244274117536857,0.5,0.3238260746002197,0.396798519650847,0,60.32,0.396798519650847,0,60.32,SELL,0.2974,-0.4052,Bearish,-0.5,0.0,unavailable_no_point_in_time_source,False,7269.38,7269.37548828125,2025-12-02,7223.98828125,-0.6244,0,2025-12-04,7183.0908203125,-1.187,0.0,2025-12-08,7078.3515625,-2.6278,0.0,2025-12-15,7068.87548828125,-2.7581,0.0,0,1,1,1,1,1,-0.6244,1,1.0,1.0,1.0,1.0,1.0,-1.187,1.0,1.0,1.0,1.0,1.0,1.0,-2.6279,1.0,1.0,1.0,1.0,1.0,1.0,-2.7582,1.0,60-65,60-65
APOLLOTYRE.NS|2025-12-01|ensemble_lr0.20_rf0.30_xgb0.50,APOLLOTYRE.NS,2025-12-01,ensemble_lr0.20_rf0.30_xgb0.50,2024-12-02,2025-12-01,2025-12-01,2024-12-30,2025-11-28,2025-12-01,228,2025-12-01,False,0,0.4855072463768116,0.3959811064137617,0.42,0.1751704216003418,0.29278143208292323,0,70.72,0.29278143208292323,0,70.72,HOLD,0.484,-0.032,Sideways,0.5,0.0,unavailable_no_point_in_time_source,True,509.86,509.8622131347656,2025-12-02,512.7257690429688,0.5616,1,2025-12-04,523.9331665039062,2.7598,1.0,2025-12-08,513.8119506835938,0.7747,1.0,2025-12-15,500.1360168457031,-1.9076,0.0,1,0,0,0,1,1,0.5621,1,0.0,0.0,0.0,1.0,1.0,2.7602,1.0,0.0,0.0,0.0,1.0,1.0,0.7751,1.0,1.0,1.0,1.0,0.0,1.0,-1.9072,1.0,70-75,70-75
ASHOKLEY.NS|2025-12-01|ensemble_lr0.20_rf0.30_xgb0.50,ASHOKLEY.NS,2025-12-01,ensemble_lr0.20_rf0.30_xgb0.50,2024-12-02,2025-12-01,2025-12-01,2024-12-30,2025-11-28,2025-12-01,228,2025-12-01,False,0,0.5797101449275363,0.24283941163204065,0.72,0.4078647494316101,0.4685002570422132,0,53.15,0.4685002570422132,0,53.15,BUY,0.6494,0.2988,Bullish,1.0,0.0,unavailable_no_point_in_time_source,False,157.61,157.61131286621094,2025-12-02,157.31634521484375,-0.1871,0,2025-12-04,157.5228271484375,-0.0561,0.0,2025-12-08,156.60841369628906,-0.6363,0.0,2025-12-15,164.02195739746094,4.0674,1.0,1,1,1,1,0,0,-0.1863,0,1.0,1.0,1.0,0.0,0.0,-0.0553,0.0,1.0,1.0,1.0,0.0,0.0,-0.6355,0.0,0.0,0.0,0.0,1.0,1.0,4.0682,1.0,50-55,50-55
ASIANPAINT.NS|2025-12-01|ensemble_lr0.20_rf0.30_xgb0.50,ASIANPAINT.NS,2025-12-01,ensemble_lr0.20_rf0.30_xgb0.50,2024-12-02,2025-12-01,2025-12-01,2024-12-30,2025-11-28,2025-12-01,228,2025-12-01,False,1,0.4565217391304348,0.32605543753815647,0.34,0.28393906354904175,0.3091806192821522,0,69.08,0.3091806192821522,0,69.08,BUY,0.5972,0.1944,Bullish,0.665,0.0,unavailable_no_point_in_time_source,False,2842.93,2842.934814453125,2025-12-02,2928.988037109375,3.0269,1,2025-12-04,2931.763916015625,3.1246,1.0,2025-12-08,2903.112548828125,2.1167,1.0,2025-12-15,2756.286376953125,-3.0479,0.0,0,0,0,1,0,1,3.0271,1,0.0,0.0,1.0,0.0,1.0,3.1247,1.0,0.0,0.0,1.0,0.0,1.0,2.1169,1.0,1.0,1.0,0.0,1.0,0.0,-3.0477,0.0,65-70,65-70
ASTRAL.NS|2025-12-01|ensemble_lr0.20_rf0.30_xgb0.50,ASTRAL.NS,2025-12-01,ensemble_lr0.20_rf0.30_xgb0.50,2024-12-02,2025-12-01,2025-12-01,2024-12-30,2025-11-28,2025-12-01,228,2025-12-01,False,0,0.4275362318840579,0.5280352937592288,0.3,0.2906568944454193,0.3409355059745554,0,65.91,0.3409355059745554,0,65.91,HOLD,0.4246,-0.1509,Sideways,-0.165,0.0,unavailable_no_point_in_time_source,True,1438.24,1438.2379150390625,2025-12-02,1417.4705810546875,-1.4439,0,2025-12-04,1438.4375,0.0139,1.0,2025-12-08,1431.04931640625,-0.4998,0.0,2025-12-15,1428.3533935546875,-0.6873,0.0,0,1,1,1,1,1,-1.4441,1,0.0,0.0,0.0,0.0,1.0,0.0137,1.0,1.0,1.0,1.0,1.0,1.0,-0.5,1.0,1.0,1.0,1.0,1.0,1.0,-0.6874,1.0,65-70,65-70
AUBANK.NS|2025-12-01|ensemble_lr0.20_rf0.30_xgb0.50,AUBANK.NS,2025-12-01,ensemble_lr0.20_rf0.30_xgb0.50,2024-12-02,2025-12-01,2025-12-01,2024-12-30,2025-11-28,2025-12-01,228,2025-12-01,False,1,0.44202898550724634,0.7123799592613638,0.42,0.40049704909324646,0.468724516398896,0,53.13,0.468724516398896,0,53.13,HOLD,0.5623,0.1246,Bullish,0.665,0.0,unavailable_no_point_in_time_source,False,949.58,949.5778198242188,2025-12-02,952.1253662109375,0.2683,1,2025-12-04,947.8295288085938,-0.1841,0.0,2025-12-08,951.6258544921875,0.2157,1.0,2025-12-15,978.1001586914062,3.0037,1.0,0,0,0,1,0,1,0.2681,1,1.0,1.0,0.0,1.0,1.0,-0.1843,1.0,0.0,0.0,1.0,0.0,1.0,0.2154,1.0,0.0,0.0,1.0,0.0,0.0,3.0034,0.0,50-55,50-55
AXISBANK.NS|2025-12-01|ensemble_lr0.20_rf0.30_xgb0.50,AXISBANK.NS,2025-12-01,ensemble_lr0.20_rf0.30_xgb0.50,2024-12-02,2025-12-01,2025-12-01,2024-12-30,2025-11-28,2025-12-01,228,2025-12-01,False,0,0.4565217391304348,0.21268136471926655,0.26,0.3137674331665039,0.2774199895271053,0,72.26,0.2774199895271053,0,72.26,HOLD,0.5666,0.1332,Bullish,0.665,0.0,unavailable_no_point_in_time_source,True,1274.72,1274.7169189453125,2025-12-02,1257.030517578125,-1.3875,0,2025-12-04,1279.0135498046875,0.3371,1.0,2025-12-08,1272.8184814453125,-0.1489,0.0,2025-12-15,1283.8099365234375,0.7133,1.0,0,1,1,1,1,1,-1.3877,1,0.0,0.0,0.0,0.0,1.0,0.3368,1.0,1.0,1.0,1.0,1.0,1.0,-0.1492,1.0,0.0,0.0,0.0,0.0,1.0,0.7131,1.0,70-75,70-75
BAJAJ-AUTO.NS|2025-12-01|ensemble_lr0.20_rf0.30_xgb0.50,BAJAJ-AUTO.NS,2025-12-01,ensemble_lr0.20_rf0.30_xgb0.50,2024-12-02,2025-12-01,2025-12-01,2024-12-30,2025-11-28,2025-12-01,228,2025-12-01,False,1,0.5652173913043478,0.40348813530803945,0.36,0.08243323862552643,0.2299142463743711,0,77.01,0.2299142463743711,0,77.01,HOLD,0.5093,0.0186,Sideways,0.5,0.0,unavailable_no_point_in_time_source,False,8969.77,8969.765625,2025-12-02,8959.4111328125,-0.1154,0,2025-12-04,8958.9189453125,-0.1209,0.0,2025-12-08,8900.7373046875,-0.7696,0.0,2025-12-15,8815.9306640625,-1.715,0.0,1,1,1,0,0,1,-0.1155,1,1.0,1.0,0.0,0.0,1.0,-0.121,1.0,1.0,1.0,0.0,0.0,1.0,-0.7696,1.0,1.0,1.0,0.0,0.0,1.0,-1.7151,1.0,75-80,75-80
BAJAJFINSV.NS|2025-12-01|ensemble_lr0.20_rf0.30_xgb0.50,BAJAJFINSV.NS,2025-12-01,ensemble_lr0.20_rf0.30_xgb0.50,2024-12-02,2025-12-01,2025-12-01,2024-12-30,2025-11-28,2025-12-01,228,2025-12-01,False,0,0.5289855072463768,0.48025386880314624,0.12,0.15799516439437866,0.2110483559578186,0,78.9,0.2110483559578186,0,78.9,HOLD,0.4935,-0.013,Sideways,0.165,0.0,unavailable_no_point_in_time_source,True,2080.03,2080.025146484375,2025-12-02,2064.138427734375,-0.7638,0,2025-12-04,2047.452880859375,-1.566,0.0,2025-12-08,2057.4443359375,-1.0856,0.0,2025-12-15,2068.734619140625,-0.5428,0.0,0,1,1,1,1,1,-0.764,1,1.0,1.0,1.0,1.0,1.0,-1.5662,1.0,1.0,1.0,1.0,1.0,1.0,-1.0858,1.0,1.0,1.0,1.0,1.0,1.0,-0.543,1.0,75-80,75-80
BAJFINANCE.NS|2025-12-01|ensemble_lr0.20_rf0.30_xgb0.50,BAJFINANCE.NS,2025-12-01,ensemble_lr0.20_rf0.30_xgb0.50,2024-12-02,2025-12-01,2025-12-01,2024-12-30,2025-11-28,2025-12-01,228,2025-12-01,False,1,0.4275362318840579,0.6939208512176304,0.46,0.32105791568756104,0.4373131280873066,0,56.27,0.4373131280873066,0,56.27,HOLD,0.5102,0.0204,Sideways,0.165,0.0,unavailable_no_point_in_time_source,True,1014.86,1014.8613891601562,2025-12-02,1019.2345581054688,0.4309,1,2025-12-04,1022.8125,0.7835,1.0,2025-12-08,1020.1290893554688,0.5191,1.0,2025-12-15,1006.5127563476562,-0.8226,0.0,0,0,0,1,0,1,0.4311,1,0.0,0.0,1.0,0.0,1.0,0.7836,1.0,0.0,0.0,1.0,0.0,1.0,0.5192,1.0,1.0,1.0,0.0,1.0,1.0,-0.8225,1.0,55-60,55-60
BEL.NS|2025-12-01|ensemble_lr0.20_rf0.30_xgb0.50,BEL.NS,2025-12-01,ensemble_lr0.20_rf0.30_xgb0.50,2024-12-02,2025-12-01,2025-12-01,2024-12-30,2025-11-28,2025-12-01,228,2025-12-01,False,0,0.45652173913043476,0.6253057097173955,0.56,0.4712531566619873,0.5286877202744727,1,52.87,0.5286877202744727,1,52.87,HOLD,0.5798,0.1595,Sideways,0.0,0.0,unavailable_no_point_in_time_source,False,414.92,414.9179382324219,2025-12-02,410.7414245605469,-1.0066,0,2025-12-04,404.8743896484375,-2.4206,0.0,2025-12-08,384.2403869628906,-7.3936,0.0,2025-12-15,388.5660400390625,-6.3511,0.0,1,0,0,1,0,1,-1.0071,1,0.0,0.0,1.0,0.0,1.0,-2.4211,1.0,0.0,0.0,1.0,0.0,0.0,-7.3941,0.0,0.0,0.0,1.0,0.0,0.0,-6.3516,0.0,50-55,50-55
BPCL.NS|2025-12-01|ensemble_lr0.20_rf0.30_xgb0.50,BPCL.NS,2025-12-01,ensemble_lr0.20_rf0.30_xgb0.50,2024-12-02,2025-12-01,2025-12-01,2024-12-30,2025-11-28,2025-12-01,228,2025-12-01,False,0,0.5797101449275363,0.4588180210386996,0.38,0.4083126187324524,0.4099199135739661,0,59.01,0.4099199135739661,0,59.01,HOLD,0.4968,-0.0063,Sideways,0.5,0.0,unavailable_no_point_in_time_source,True,344.29,344.2880859375,2025-12-02,348.9077453613281,1.3418,1,2025-12-04,346.23321533203125,0.565,1.0,2025-12-08,347.74066162109375,1.0028,1.0,2025-12-15,356.9314270019531,3.6723,1.0,0,0,0,0,0,1,1.3412,1,0.0,0.0,0.0,0.0,1.0,0.5644,1.0,0.0,0.0,0.0,0.0,1.0,1.0023,1.0,0.0,0.0,0.0,0.0,0.0,3.6717,0.0,55-60,55-60
AARTIIND.NS|2025-12-08|ensemble_lr0.20_rf0.30_xgb0.50,AARTIIND.NS,2025-12-08,ensemble_lr0.20_rf0.30_xgb0.50,2024-12-09,2025-12-08,2025-12-08,2025-01-06,2025-12-05,2025-12-08,228,2025-12-08,False,0,0.5652173913043478,0.4510853998548925,0.4,0.6236428022384644,0.5220384810902107,1,52.2,0.5220384810902107,1,52.2,SELL,0.3945,-0.211,Bearish,-1.0,0.0,unavailable_no_point_in_time_source,False,350.45,350.4533386230469,2025-12-09,349.0062255859375,-0.4129,0,2025-12-11,356.291748046875,1.666,1.0,2025-12-15,375.5534362792969,7.1622,1.0,2025-12-22,374.2061462402344,6.7777,1.0,0,0,0,1,1,1,-0.412,1,1.0,1.0,0.0,0.0,0.0,1.6669,0.0,1.0,1.0,0.0,0.0,0.0,7.1632,0.0,1.0,1.0,0.0,0.0,0.0,6.7788,0.0,50-55,50-55
AAVAS.NS|2025-12-08|ensemble_lr0.20_rf0.30_xgb0.50,AAVAS.NS,2025-12-08,ensemble_lr0.20_rf0.30_xgb0.50,2024-12-09,2025-12-08,2025-12-08,2025-01-06,2025-12-05,2025-12-08,228,2025-12-08,False,0,0.4565217391304348,0.5765708616070262,0.3,0.30546894669532776,0.35804864566906913,0,64.2,0.35804864566906913,0,64.2,SELL,0.3537,-0.2927,High Volatility,-0.835,0.0,unavailable_no_point_in_time_source,False,1496.5,1496.5,2025-12-09,1549.800048828125,3.5616,1,2025-12-11,1558.199951171875,4.123,1.0,2025-12-15,1549.0999755859375,3.5149,1.0,2025-12-22,1457.800048828125,-2.586,0.0,0,0,0,0,0,0,3.5616,0,0.0,0.0,0.0,0.0,0.0,4.123,0.0,0.0,0.0,0.0,0.0,0.0,3.5149,0.0,1.0,1.0,1.0,1.0,1.0,-2.586,1.0,60-65,60-65
ABCAPITAL.NS|2025-12-08|ensemble_lr0.20_rf0.30_xgb0.50,ABCAPITAL.NS,2025-12-08,ensemble_lr0.20_rf0.30_xgb0.50,2024-12-09,2025-12-08,2025-12-08,2025-01-06,2025-12-05,2025-12-08,228,2025-12-08,False,1,0.5797101449275361,0.5215429203136337,0.38,0.4054548144340515,0.4210359912797525,0,57.9,0.4210359912797525,0,57.9,BUY,0.6282,0.2565,Bullish,1.0,0.0,unavailable_no_point_in_time_source,True,357.1,357.1000061035156,2025-12-09,364.04998779296875,1.9462,1,2025-12-11,354.45001220703125,-0.7421,0.0,2025-12-15,351.79998779296875,-1.4842,0.0,2025-12-22,346.1000061035156,-3.0804,0.0,0,0,0,1,0,1,1.9462,1,1.0,1.0,0.0,1.0,0.0,-0.7421,0.0,1.0,1.0,0.0,1.0,0.0,-1.4842,0.0,1.0,1.0,0.0,1.0,0.0,-3.0804,0.0,55-60,55-60
ABFRL.NS|2025-12-08|ensemble_lr0.20_rf0.30_xgb0.50,ABFRL.NS,2025-12-08,ensemble_lr0.20_rf0.30_xgb0.50,2024-12-09,2025-12-08,2025-12-08,2025-01-06,2025-12-05,2025-12-08,228,2025-12-08,False,0,0.4565217391304348,0.42337542869632444,0.68,0.8474916815757751,0.7124209265271525,1,71.24,0.7124209265271525,1,71.24,HOLD,0.4814,-0.0371,Bearish,-0.33,0.0,unavailable_no_point_in_time_source,True,74.58,74.58000183105469,2025-12-09,75.88999938964844,1.7565,1,2025-12-11,75.44999694824219,1.1665,1.0,2025-12-15,75.43000030517578,1.1397,1.0,2025-12-22,77.44999694824219,3.8482,1.0,0,1,1,0,0,1,1.7565,1,1.0,1.0,0.0,0.0,1.0,1.1665,1.0,1.0,1.0,0.0,0.0,1.0,1.1397,1.0,1.0,1.0,0.0,0.0,0.0,3.8482,0.0,70-75,70-75
ACC.NS|2025-12-08|ensemble_lr0.20_rf0.30_xgb0.50,ACC.NS,2025-12-08,ensemble_lr0.20_rf0.30_xgb0.50,2024-12-09,2025-12-08,2025-12-08,2025-01-06,2025-12-05,2025-12-08,228,2025-12-08,False,0,0.5579710144927535,0.4517835300312014,0.6,0.6609593629837036,0.6008363874980921,1,60.08,0.6008363874980921,1,60.08,HOLD,0.4997,-0.0007,Sideways,-0.335,0.0,unavailable_no_point_in_time_source,False,1785.67,1785.6678466796875,2025-12-09,1774.731201171875,-0.6125,0,2025-12-11,1768.666259765625,-0.9521,0.0,2025-12-15,1767.3736572265625,-1.0245,0.0,2025-12-22,1772.2454833984375,-0.7517,0.0,0,0,0,1,1,1,-0.6126,1,0.0,0.0,1.0,1.0,1.0,-0.9522,1.0,0.0,0.0,1.0,1.0,1.0,-1.0246,1.0,0.0,0.0,1.0,1.0,1.0,-0.7518,1.0,60-65,60-65
ADANIENT.NS|2025-12-08|ensemble_lr0.20_rf0.30_xgb0.50,ADANIENT.NS,2025-12-08,ensemble_lr0.20_rf0.30_xgb0.50,2024-12-09,2025-12-08,2025-12-08,2025-01-06,2025-12-05,2025-12-08,228,2025-12-08,False,0,0.45652173913043476,0.5511177444236991,0.46,0.42887288331985474,0.4626599905446672,0,53.73,0.4626599905446672,0,53.73,SELL,0.2899,-0.4201,Bearish,-1.0,0.0,unavailable_no_point_in_time_source,False,2215.21,2215.20947265625,2025-12-09,2244.196533203125,1.3085,1,2025-12-11,2276.68212890625,2.775,1.0,2025-12-15,2277.88134765625,2.8292,1.0,2025-12-22,2262.488525390625,2.1343,1.0,0,0,0,0,0,0,1.3085,0,0.0,0.0,0.0,0.0,0.0,2.775,0.0,0.0,0.0,0.0,0.0,0.0,2.8291,0.0,0.0,0.0,0.0,0.0,0.0,2.1343,0.0,50-55,50-55
ADANIPORTS.NS|2025-12-08|ensemble_lr0.20_rf0.30_xgb0.50,ADANIPORTS.NS,2025-12-08,ensemble_lr0.20_rf0.30_xgb0.50,2024-12-09,2025-12-08,2025-12-08,2025-01-06,2025-12-05,2025-12-08,228,2025-12-08,False,0,0.5362318840579711,0.4589237592098841,0.48,0.68178790807724,0.5766787058805968,1,57.67,0.5766787058805968,1,57.67,BUY,0.6053,0.2106,Sideways,0.335,0.0,unavailable_no_point_in_time_source,True,1474.29,1474.2867431640625,2025-12-09,1490.91650390625,1.128,1,2025-12-11,1497.6881103515625,1.5873,1.0,2025-12-15,1506.251953125,2.1682,1.0,2025-12-22,1502.3682861328125,1.9048,1.0,0,1,1,0,0,1,1.1278,1,1.0,1.0,0.0,0.0,1.0,1.5871,1.0,1.0,1.0,0.0,0.0,1.0,2.168,1.0,1.0,1.0,0.0,0.0,1.0,1.9045,1.0,55-60,55-60
AETHER.NS|2025-12-08|ensemble_lr0.20_rf0.30_xgb0.50,AETHER.NS,2025-12-08,ensemble_lr0.20_rf0.30_xgb0.50,2024-12-09,2025-12-08,2025-12-08,2025-01-06,2025-12-05,2025-12-08,228,2025-12-08,False,0,0.5362318840579711,0.14446381035620368,0.6,0.36430278420448303,0.39104415417348226,0,60.9,0.39104415417348226,0,60.9,HOLD,0.4811,-0.0379,High Volatility,0.165,0.0,unavailable_no_point_in_time_source,True,815.9,815.9000244140625,2025-12-09,849.25,4.0875,1,2025-12-11,872.5,6.9371,1.0,2025-12-15,879.6500244140625,7.8135,1.0,2025-12-22,862.4000244140625,5.6992,1.0,0,0,0,0,0,0,4.0875,0,0.0,0.0,0.0,0.0,0.0,6.9371,0.0,0.0,0.0,0.0,0.0,0.0,7.8135,0.0,0.0,0.0,0.0,0.0,0.0,5.6992,0.0,60-65,60-65
AIAENG.NS|2025-12-08|ensemble_lr0.20_rf0.30_xgb0.50,AIAENG.NS,2025-12-08,ensemble_lr0.20_rf0.30_xgb0.50,2024-12-09,2025-12-08,2025-12-08,2025-01-06,2025-12-05,2025-12-08,228,2025-12-08,False,0,0.4565217391304348,0.4641064175690378,0.2,0.3458366096019745,0.3257395883147948,0,67.43,0.3257395883147948,0,67.43,HOLD,0.465,-0.07,Sideways,0.335,0.0,unavailable_no_point_in_time_source,False,3645.8,3645.79541015625,2025-12-09,3784.57373046875,3.8065,1,2025-12-11,3624.574951171875,-0.5821,0.0,2025-12-15,3879.218017578125,6.4025,1.0,2025-12-22,3905.219970703125,7.1157,1.0,0,0,0,0,0,0,3.8064,0,1.0,1.0,1.0,1.0,1.0,-0.5822,1.0,0.0,0.0,0.0,0.0,0.0,6.4024,0.0,0.0,0.0,0.0,0.0,0.0,7.1156,0.0,65-70,65-70
AJANTPHARM.NS|2025-12-08|ensemble_lr0.20_rf0.30_xgb0.50,AJANTPHARM.NS,2025-12-08,ensemble_lr0.20_rf0.30_xgb0.50,2024-12-09,2025-12-08,2025-12-08,2025-01-06,2025-12-05,2025-12-08,228,2025-12-08,False,0,0.5362318840579711,0.49107013199420674,0.5,0.23824337124824524,0.367335712022964,0,63.27,0.367335712022964,0,63.27,BUY,0.6165,0.233,Bullish,0.665,0.0,unavailable_no_point_in_time_source,False,2634.17,2634.168701171875,2025-12-09,2597.306396484375,-1.3994,0,2025-12-11,2627.331298828125,-0.2596,0.0,2025-12-15,2618.11572265625,-0.6094,0.0,2025-12-22,2676.282958984375,1.5988,1.0,1,1,1,1,0,0,-1.3994,0,1.0,1.0,1.0,0.0,0.0,-0.2596,0.0,1.0,1.0,1.0,0.0,0.0,-0.6095,0.0,0.0,0.0,0.0,1.0,1.0,1.5987,1.0,60-65,60-65
ALEMBICLTD.NS|2025-12-08|ensemble_lr0.20_rf0.30_xgb0.50,ALEMBICLTD.NS,2025-12-08,ensemble_lr0.20_rf0.30_xgb0.50,2024-12-09,2025-12-08,2025-12-08,2025-01-06,2025-12-05,2025-12-08,228,2025-12-08,False,0,0.5869565217391304,0.5398653715552748,0.54,0.6489840149879456,0.5944650818050278,1,59.45,0.5944650818050278,1,59.45,HOLD,0.5393,0.0786,Sideways,-0.17,0.0,unavailable_no_point_in_time_source,False,95.4,95.39532470703125,2025-12-09,95.4926986694336,0.1021,1,2025-12-11,96.42756652832031,1.0821,1.0,2025-12-15,99.6703872680664,4.4814,1.0,2025-12-22,98.62840270996094,3.3891,1.0,0,1,1,0,0,1,0.0972,1,1.0,1.0,0.0,0.0,1.0,1.0771,1.0,1.0,1.0,0.0,0.0,0.0,4.4763,0.0,1.0,1.0,0.0,0.0,0.0,3.3841,0.0,55-60,55-60
ALKEM.NS|2025-12-08|ensemble_lr0.20_rf0.30_xgb0.50,ALKEM.NS,2025-12-08,ensemble_lr0.20_rf0.30_xgb0.50,2024-12-09,2025-12-08,2025-12-08,2025-01-06,2025-12-05,2025-12-08,228,2025-12-08,False,1,0.5507246376811593,0.6593477535772174,0.68,0.84140944480896,0.7565742731199234,1,75.66,0.7565742731199234,1,75.66,BUY,0.6166,0.2332,Sideways,0.335,0.0,unavailable_no_point_in_time_source,False,5544.3,5544.3017578125,2025-12-09,5612.1328125,1.2234,1,2025-12-11,5571.0380859375,0.4822,1.0,2025-12-15,5569.552734375,0.4554,1.0,2025-12-22,5569.0576171875,0.4465,1.0,0,1,1,1,0,1,1.2235,1,1.0,1.0,1.0,0.0,1.0,0.4823,1.0,1.0,1.0,1.0,0.0,1.0,0.4555,1.0,1.0,1.0,1.0,0.0,1.0,0.4465,1.0,75-80,75-80
AMBER.NS|2025-12-08|ensemble_lr0.20_rf0.30_xgb0.50,AMBER.NS,2025-12-08,ensemble_lr0.20_rf0.30_xgb0.50,2024-12-09,2025-12-08,2025-12-08,2025-01-06,2025-12-05,2025-12-08,228,2025-12-08,False,1,0.5,0.33997419216607244,0.3,0.7202855348587036,0.5181376058625663,1,51.81,0.5181376058625663,1,51.81,HOLD,0.4898,-0.0205,High Volatility,-0.665,0.0,unavailable_no_point_in_time_source,False,6451.0,6451.0,2025-12-09,6682.5,3.5886,1,2025-12-11,6521.5,1.0929,1.0,2025-12-15,6801.5,5.4333,1.0,2025-12-22,6709.0,3.9994,1.0,0,1,1,1,0,0,3.5886,0,1.0,1.0,1.0,0.0,1.0,1.0929,1.0,1.0,1.0,1.0,0.0,0.0,5.4333,0.0,1.0,1.0,1.0,0.0,0.0,3.9994,0.0,50-55,50-55
ANGELONE.NS|2025-12-08|ensemble_lr0.20_rf0.30_xgb0.50,ANGELONE.NS,2025-12-08,ensemble_lr0.20_rf0.30_xgb0.50,2024-12-09,2025-12-08,2025-12-08,2025-01-06,2025-12-05,2025-12-08,228,2025-12-08,False,1,0.34057971014492755,0.3587889869286908,0.52,0.6139283776283264,0.5347219861999013,1,53.47,0.5347219861999013,1,53.47,BUY,0.5848,0.1697,High Volatility,0.165,0.0,unavailable_no_point_in_time_source,False,249.44,249.4447784423828,2025-12-09,248.552001953125,-0.3579,0,2025-12-11,252.8588409423828,1.3687,1.0,2025-12-15,253.35922241210938,1.5693,1.0,2025-12-22,253.27093505859375,1.5339,1.0,0,0,0,0,1,0,-0.356,0,1.0,1.0,1.0,0.0,1.0,1.3706,1.0,1.0,1.0,1.0,0.0,1.0,1.5712,1.0,1.0,1.0,1.0,0.0,1.0,1.5358,1.0,50-55,50-55
APARINDS.NS|2025-12-08|ensemble_lr0.20_rf0.30_xgb0.50,APARINDS.NS,2025-12-08,ensemble_lr0.20_rf0.30_xgb0.50,2024-12-09,2025-12-08,2025-12-08,2025-01-06,2025-12-05,2025-12-08,228,2025-12-08,False,0,0.49275362318840576,0.40871948232780936,0.42,0.272750586271286,0.3441191896012049,0,65.59,0.3441191896012049,0,65.59,HOLD,0.4608,-0.0784,High Volatility,0.0,0.0,unavailable_no_point_in_time_source,False,8613.1,8613.0966796875,2025-12-09,8753.1103515625,1.6256,1,2025-12-11,8955.90625,3.9801,1.0,2025-12-15,9059.048828125,5.1776,1.0,2025-12-22,8839.8095703125,2.6322,1.0,0,0,0,0,0,1,1.6256,1,0.0,0.0,0.0,0.0,0.0,3.9801,0.0,0.0,0.0,0.0,0.0,0.0,5.1776,0.0,0.0,0.0,0.0,0.0,1.0,2.6321,1.0,65-70,65-70
APOLLOHOSP.NS|2025-12-08|ensemble_lr0.20_rf0.30_xgb0.50,APOLLOHOSP.NS,2025-12-08,ensemble_lr0.20_rf0.30_xgb0.50,2024-12-09,2025-12-08,2025-12-08,2025-01-06,2025-12-05,2025-12-08,228,2025-12-08,False,0,0.5434782608695653,0.2846563963535006,0.38,0.20873969793319702,0.27530112823729863,0,72.47,0.27530112823729863,0,72.47,SELL,0.3386,-0.3227,Bearish,-0.5,0.0,unavailable_no_point_in_time_source,False,7078.35,7078.3515625,2025-12-09,7073.3642578125,-0.0705,0,2025-12-11,6992.06689453125,-1.219,0.0,2025-12-15,7068.87548828125,-0.1339,0.0,2025-12-22,7036.4560546875,-0.5919,0.0,0,1,1,1,1,1,-0.0704,1,1.0,1.0,1.0,1.0,1.0,-1.219,1.0,1.0,1.0,1.0,1.0,1.0,-0.1339,1.0,1.0,1.0,1.0,1.0,1.0,-0.5919,1.0,70-75,70-75
APOLLOTYRE.NS|2025-12-08|ensemble_lr0.20_rf0.30_xgb0.50,APOLLOTYRE.NS,2025-12-08,ensemble_lr0.20_rf0.30_xgb0.50,2024-12-09,2025-12-08,2025-12-08,2025-01-06,2025-12-05,2025-12-08,228,2025-12-08,False,0,0.5,0.3234114036189947,0.22,0.2797054052352905,0.2705349833414442,0,72.95,0.2705349833414442,0,72.95,HOLD,0.4982,-0.0036,Sideways,0.5,0.0,unavailable_no_point_in_time_source,True,513.81,513.8119506835938,2025-12-09,518.0086059570312,0.8168,1,2025-12-11,507.6405029296875,-1.2011,0.0,2025-12-15,500.1360168457031,-2.6617,0.0,2025-12-22,503.34515380859375,-2.0371,0.0,0,0,0,0,0,1,0.8172,1,1.0,1.0,1.0,1.0,1.0,-1.2007,1.0,1.0,1.0,1.0,1.0,1.0,-2.6613,1.0,1.0,1.0,1.0,1.0,1.0,-2.0367,1.0,70-75,70-75
ASHOKLEY.NS|2025-12-08|ensemble_lr0.20_rf0.30_xgb0.50,ASHOKLEY.NS,2025-12-08,ensemble_lr0.20_rf0.30_xgb0.50,2024-12-09,2025-12-08,2025-12-08,2025-01-06,2025-12-05,2025-12-08,228,2025-12-08,False,0,0.5797101449275361,0.2898720309671064,0.36,0.29410484433174133,0.31302682835929196,0,68.7,0.31302682835929196,0,68.7,BUY,0.6675,0.3349,Bullish,1.0,0.0,unavailable_no_point_in_time_source,True,156.61,156.60841369628906,2025-12-09,156.90338134765625,0.1883,1,2025-12-11,157.64080810546875,0.6592,1.0,2025-12-15,164.02195739746094,4.7338,1.0,2025-12-22,174.0803680419922,11.1565,1.0,0,0,0,0,0,1,0.1873,1,0.0,0.0,0.0,0.0,1.0,0.6582,1.0,0.0,0.0,0.0,0.0,1.0,4.7327,1.0,0.0,0.0,0.0,0.0,1.0,11.1553,1.0,65-70,65-70
ASIANPAINT.NS|2025-12-08|ensemble_lr0.20_rf0.30_xgb0.50,ASIANPAINT.NS,2025-12-08,ensemble_lr0.20_rf0.30_xgb0.50,2024-12-09,2025-12-08,2025-12-08,2025-01-06,2025-12-05,2025-12-08,228,2025-12-08,False,1,0.43478260869565216,0.4219227440752952,0.4,0.4878208339214325,0.44829496577577527,0,55.17,0.44829496577577527,0,55.17,BUY,0.6201,0.2401,Bullish,0.665,0.0,unavailable_no_point_in_time_source,False,2903.11,2903.112548828125,2025-12-09,2771.95068359375,-4.518,0,2025-12-11,2755.4931640625,-5.0849,0.0,2025-12-15,2756.286376953125,-5.0575,0.0,2025-12-22,2783.450927734375,-4.1218,0.0,0,1,1,0,1,0,-4.5179,0,1.0,1.0,0.0,1.0,0.0,-5.0848,0.0,1.0,1.0,0.0,1.0,0.0,-5.0575,0.0,1.0,1.0,0.0,1.0,0.0,-4.1218,0.0,55-60,55-60
ASTRAL.NS|2025-12-08|ensemble_lr0.20_rf0.30_xgb0.50,ASTRAL.NS,2025-12-08,ensemble_lr0.20_rf0.30_xgb0.50,2024-12-09,2025-12-08,2025-12-08,2025-01-06,2025-12-05,2025-12-08,228,2025-12-08,False,0,0.4202898550724638,0.642803426083248,0.32,0.3140820860862732,0.3816017282597862,0,61.84,0.3816017282597862,0,61.84,HOLD,0.431,-0.138,Sideways,-0.165,0.0,unavailable_no_point_in_time_source,True,1431.05,1431.04931640625,2025-12-09,1426.156982421875,-0.3419,0,2025-12-11,1404.490966796875,-1.8559,0.0,2025-12-15,1428.3533935546875,-0.1884,0.0,2025-12-22,1405.8887939453125,-1.7582,0.0,0,1,1,1,1,1,-0.3419,1,1.0,1.0,1.0,1.0,1.0,-1.8559,1.0,1.0,1.0,1.0,1.0,1.0,-0.1884,1.0,1.0,1.0,1.0,1.0,1.0,-1.7582,1.0,60-65,60-65
AUBANK.NS|2025-12-08|ensemble_lr0.20_rf0.30_xgb0.50,AUBANK.NS,2025-12-08,ensemble_lr0.20_rf0.30_xgb0.50,2024-12-09,2025-12-08,2025-12-08,2025-01-06,2025-12-05,2025-12-08,228,2025-12-08,False,1,0.43478260869565216,0.5928332371176143,0.46,0.6336919069290161,0.5734126008880309,1,57.34,0.5734126008880309,1,57.34,BUY,0.6994,0.3989,Bullish,0.665,0.0,unavailable_no_point_in_time_source,False,951.63,951.6258544921875,2025-12-09,971.10693359375,2.0471,1,2025-12-11,972.0560302734375,2.1469,1.0,2025-12-15,978.1001586914062,2.782,1.0,2025-12-22,983.4949340820312,3.3489,1.0,0,1,1,1,0,1,2.0467,1,1.0,1.0,1.0,0.0,1.0,2.1464,1.0,1.0,1.0,1.0,0.0,1.0,2.7816,1.0,1.0,1.0,1.0,0.0,1.0,3.3485,1.0,55-60,55-60
AXISBANK.NS|2025-12-08|ensemble_lr0.20_rf0.30_xgb0.50,AXISBANK.NS,2025-12-08,ensemble_lr0.20_rf0.30_xgb0.50,2024-12-09,2025-12-08,2025-12-08,2025-01-06,2025-12-05,2025-12-08,228,2025-12-08,False,0,0.45652173913043476,0.3470697449666952,0.42,0.5665454864501953,0.4786866922184367,0,52.13,0.4786866922184367,0,52.13,HOLD,0.5608,0.1215,Bullish,0.5,0.0,unavailable_no_point_in_time_source,False,1272.82,1272.8184814453125,2025-12-09,1274.916748046875,0.1649,1,2025-12-11,1271.7191162109375,-0.0864,0.0,2025-12-15,1283.8099365234375,0.8636,1.0,2025-12-22,1232.2496337890625,-3.1873,0.0,0,0,0,0,0,1,0.1647,1,1.0,1.0,1.0,1.0,1.0,-0.0865,1.0,0.0,0.0,0.0,0.0,1.0,0.8634,1.0,1.0,1.0,1.0,1.0,0.0,-3.1874,0.0,50-55,50-55
BAJAJ-AUTO.NS|2025-12-08|ensemble_lr0.20_rf0.30_xgb0.50,BAJAJ-AUTO.NS,2025-12-08,ensemble_lr0.20_rf0.30_xgb0.50,2024-12-09,2025-12-08,2025-12-08,2025-01-06,2025-12-05,2025-12-08,228,2025-12-08,False,1,0.5217391304347826,0.4413008700780347,0.46,0.5351817607879639,0.4938510544095889,0,50.61,0.4938510544095889,0,50.61,HOLD,0.5335,0.0671,Sideways,0.5,0.0,unavailable_no_point_in_time_source,False,8900.74,8900.7373046875,2025-12-09,8836.6396484375,-0.7201,0,2025-12-11,8927.85546875,0.3047,1.0,2025-12-15,8815.9306640625,-0.9528,0.0,2025-12-22,9036.822265625,1.5289,1.0,0,1,1,0,1,1,-0.7202,1,0.0,0.0,1.0,0.0,1.0,0.3046,1.0,1.0,1.0,0.0,1.0,1.0,-0.9528,1.0,0.0,0.0,1.0,0.0,1.0,1.5289,1.0,50-55,50-55
BAJAJFINSV.NS|2025-12-08|ensemble_lr0.20_rf0.30_xgb0.50,BAJAJFINSV.NS,2025-12-08,ensemble_lr0.20_rf0.30_xgb0.50,2024-12-09,2025-12-08,2025-12-08,2025-01-06,2025-12-05,2025-12-08,228,2025-12-08,False,0,0.5579710144927537,0.507936423414582,0.42,0.384673535823822,0.4199240525948274,0,58.01,0.4199240525948274,0,58.01,HOLD,0.4908,-0.0184,Sideways,0.165,0.0,unavailable_no_point_in_time_source,True,2057.44,2057.4443359375,2025-12-09,2067.735595703125,0.5002,1,2025-12-11,2064.038818359375,0.3205,1.0,2025-12-15,2068.734619140625,0.5488,1.0,2025-12-22,2048.052490234375,-0.4565,0.0,0,0,0,0,0,1,0.5004,1,0.0,0.0,0.0,0.0,1.0,0.3207,1.0,0.0,0.0,0.0,0.0,1.0,0.549,1.0,1.0,1.0,1.0,1.0,1.0,-0.4563,1.0,55-60,55-60
BAJFINANCE.NS|2025-12-08|ensemble_lr0.20_rf0.30_xgb0.50,BAJFINANCE.NS,2025-12-08,ensemble_lr0.20_rf0.30_xgb0.50,2024-12-09,2025-12-08,2025-12-08,2025-01-06,2025-12-05,2025-12-08,228,2025-12-08,False,1,0.4855072463768116,0.7414463794234265,0.52,0.4005126655101776,0.5045456086397742,1,50.45,0.5045456086397742,1,50.45,BUY,0.5938,0.1876,Sideways,0.165,0.0,unavailable_no_point_in_time_source,False,1020.13,1020.1290893554688,2025-12-09,1010.4883422851562,-0.9451,0,2025-12-11,1000.2512817382812,-1.9486,0.0,2025-12-15,1006.5127563476562,-1.3348,0.0,2025-12-22,1001.6427001953125,-1.8122,0.0,0,0,0,0,1,0,-0.9451,0,0.0,0.0,0.0,1.0,0.0,-1.9486,0.0,0.0,0.0,0.0,1.0,0.0,-1.3349,0.0,0.0,0.0,0.0,1.0,0.0,-1.8122,0.0,50-55,50-55
BEL.NS|2025-12-08|ensemble_lr0.20_rf0.30_xgb0.50,BEL.NS,2025-12-08,ensemble_lr0.20_rf0.30_xgb0.50,2024-12-09,2025-12-08,2025-12-08,2025-01-06,2025-12-05,2025-12-08,228,2025-12-08,False,0,0.5289855072463768,0.5731511309952502,0.66,0.7408456802368164,0.6830530663174583,1,68.31,0.6830530663174583,1,68.31,HOLD,0.51,0.0201,Bearish,-0.335,0.0,unavailable_no_point_in_time_source,True,384.24,384.2403869628906,2025-12-09,387.2733459472656,0.7893,1,2025-12-11,385.334228515625,0.2847,1.0,2025-12-15,388.5660400390625,1.1258,1.0,2025-12-22,396.7202453613281,3.2479,1.0,0,1,1,0,0,1,0.7894,1,1.0,1.0,0.0,0.0,1.0,0.2848,1.0,1.0,1.0,0.0,0.0,1.0,1.1259,1.0,1.0,1.0,0.0,0.0,0.0,3.248,0.0,65-70,65-70
BPCL.NS|2025-12-08|ensemble_lr0.20_rf0.30_xgb0.50,BPCL.NS,2025-12-08,ensemble_lr0.20_rf0.30_xgb0.50,2024-12-09,2025-12-08,2025-12-08,2025-01-06,2025-12-05,2025-12-08,228,2025-12-08,False,0,0.5797101449275363,0.17719633537291443,0.26,0.3463103771209717,0.2865944556350687,0,71.34,0.2865944556350687,0,71.34,HOLD,0.4988,-0.0024,Sideways,0.5,0.0,unavailable_no_point_in_time_source,True,347.74,347.74066162109375,2025-12-09,345.30926513671875,-0.6992,0,2025-12-11,341.6621398925781,-1.748,0.0,2025-12-15,356.9314270019531,2.643,1.0,2025-12-22,359.7518615722656,3.4541,1.0,0,1,1,1,1,1,-0.699,1,1.0,1.0,1.0,1.0,1.0,-1.7478,1.0,0.0,0.0,0.0,0.0,1.0,2.6432,1.0,0.0,0.0,0.0,0.0,0.0,3.4543,0.0,70-75,70-75
AARTIIND.NS|2025-12-15|ensemble_lr0.20_rf0.30_xgb0.50,AARTIIND.NS,2025-12-15,ensemble_lr0.20_rf0.30_xgb0.50,2024-12-16,2025-12-15,2025-12-15,2025-01-13,2025-12-12,2025-12-15,228,2025-12-15,False,0,0.5362318840579711,0.9845901079521869,0.76,0.7313288450241089,0.7905824441024918,1,79.06,0.7905824441024918,1,79.06,HOLD,0.5338,0.0676,Sideways,-0.335,0.0,unavailable_no_point_in_time_source,True,375.55,375.5534362792969,2025-12-16,371.760986328125,-1.0098,0,2025-12-18,363.4774475097656,-3.2155,0.0,2025-12-22,374.2061462402344,-0.3587,0.0,2025-12-30,367.3697204589844,-2.1791,0.0,1,0,0,1,0,1,-1.0089,1,0.0,0.0,1.0,0.0,0.0,-3.2146,0.0,0.0,0.0,1.0,0.0,1.0,-0.3578,1.0,0.0,0.0,1.0,0.0,1.0,-2.1782,1.0,75-80,75-80
AAVAS.NS|2025-12-15|ensemble_lr0.20_rf0.30_xgb0.50,AAVAS.NS,2025-12-15,ensemble_lr0.20_rf0.30_xgb0.50,2024-12-16,2025-12-15,2025-12-15,2025-01-13,2025-12-12,2025-12-15,228,2025-12-15,False,0,0.39855072463768115,0.48169170658798177,0.76,0.8341324329376221,0.7414045577864073,1,74.14,0.7414045577864073,1,74.14,HOLD,0.5196,0.0391,High Volatility,-0.335,0.0,unavailable_no_point_in_time_source,False,1549.1,1549.0999755859375,2025-12-16,1487.0,-4.0088,0,2025-12-18,1455.699951171875,-6.0293,0.0,2025-12-22,1457.800048828125,-5.8937,0.0,2025-12-30,1466.0,-5.3644,0.0,0,0,0,1,1,0,-4.0088,0,0.0,0.0,1.0,1.0,0.0,-6.0293,0.0,0.0,0.0,1.0,1.0,0.0,-5.8937,0.0,0.0,0.0,1.0,1.0,0.0,-5.3644,0.0,70-75,70-75
ABCAPITAL.NS|2025-12-15|ensemble_lr0.20_rf0.30_xgb0.50,ABCAPITAL.NS,2025-12-15,ensemble_lr0.20_rf0.30_xgb0.50,2024-12-16,2025-12-15,2025-12-15,2025-01-13,2025-12-12,2025-12-15,228,2025-12-15,False,1,0.5579710144927535,0.3836981087898607,0.74,0.4685056209564209,0.5329924322361825,1,53.3,0.5329924322361825,1,53.3,BUY,0.6727,0.3453,Bullish,0.5,0.0,unavailable_no_point_in_time_source,False,351.8,351.79998779296875,2025-12-16,348.04998779296875,-1.0659,0,2025-12-18,344.25,-2.1461,0.0,2025-12-22,346.1000061035156,-1.6202,0.0,2025-12-30,349.29998779296875,-0.7106,0.0,0,0,0,0,1,0,-1.066,0,0.0,0.0,0.0,1.0,0.0,-2.1461,0.0,0.0,0.0,0.0,1.0,0.0,-1.6202,0.0,0.0,0.0,0.0,1.0,0.0,-0.7106,0.0,50-55,50-55
ABFRL.NS|2025-12-15|ensemble_lr0.20_rf0.30_xgb0.50,ABFRL.NS,2025-12-15,ensemble_lr0.20_rf0.30_xgb0.50,2024-12-16,2025-12-15,2025-12-15,2025-01-13,2025-12-12,2025-12-15,228,2025-12-15,False,0,0.5652173913043478,0.466534530905059,0.8,0.7152659296989441,0.6909398710304838,1,69.09,0.6909398710304838,1,69.09,HOLD,0.4743,-0.0514,Bearish,-0.165,0.0,unavailable_no_point_in_time_source,True,75.43,75.43000030517578,2025-12-16,74.16000366210938,-1.6837,0,2025-12-18,75.41999816894531,-0.0133,0.0,2025-12-22,77.44999694824219,2.678,1.0,2025-12-30,76.0199966430664,0.7822,1.0,0,0,0,1,1,1,-1.6837,1,0.0,0.0,1.0,1.0,1.0,-0.0133,1.0,1.0,1.0,0.0,0.0,1.0,2.678,1.0,1.0,1.0,0.0,0.0,1.0,0.7822,1.0,65-70,65-70
ACC.NS|2025-12-15|ensemble_lr0.20_rf0.30_xgb0.50,ACC.NS,2025-12-15,ensemble_lr0.20_rf0.30_xgb0.50,2024-12-16,2025-12-15,2025-12-15,2025-01-13,2025-12-12,2025-12-15,228,2025-12-15,False,0,0.5289855072463768,0.5900950338054535,0.72,0.7031863331794739,0.6856121733508276,1,68.56,0.6856121733508276,1,68.56,HOLD,0.4651,-0.0698,Sideways,-0.835,0.0,unavailable_no_point_in_time_source,False,1767.37,1767.3736572265625,2025-12-16,1761.2093505859375,-0.3488,0,2025-12-18,1744.8043212890625,-1.277,0.0,2025-12-22,1772.2454833984375,0.2757,1.0,2025-12-30,1722.135498046875,-2.5596,0.0,1,0,0,1,0,1,-0.3486,1,0.0,0.0,1.0,0.0,1.0,-1.2768,1.0,1.0,1.0,0.0,1.0,1.0,0.2759,1.0,0.0,0.0,1.0,0.0,1.0,-2.5594,1.0,65-70,65-70
ADANIENT.NS|2025-12-15|ensemble_lr0.20_rf0.30_xgb0.50,ADANIENT.NS,2025-12-15,ensemble_lr0.20_rf0.30_xgb0.50,2024-12-16,2025-12-15,2025-12-15,2025-01-13,2025-12-12,2025-12-15,228,2025-12-15,False,0,0.391304347826087,0.3995666804767574,0.44,0.5572507381439209,0.49053870516731196,0,50.95,0.49053870516731196,0,50.95,SELL,0.3558,-0.2884,Bearish,-0.335,0.0,unavailable_no_point_in_time_source,False,2277.88,2277.88134765625,2025-12-16,2246.895263671875,-1.3603,0,2025-12-18,2228.3037109375,-2.1765,0.0,2025-12-22,2262.488525390625,-0.6758,0.0,2025-12-30,2213.710205078125,-2.8171,0.0,0,1,1,1,1,1,-1.3602,1,1.0,1.0,1.0,1.0,1.0,-2.1764,1.0,1.0,1.0,1.0,1.0,1.0,-0.6757,1.0,1.0,1.0,1.0,1.0,1.0,-2.8171,1.0,50-55,50-55
ADANIPORTS.NS|2025-12-15|ensemble_lr0.20_rf0.30_xgb0.50,ADANIPORTS.NS,2025-12-15,ensemble_lr0.20_rf0.30_xgb0.50,2024-12-16,2025-12-15,2025-12-15,2025-01-13,2025-12-12,2025-12-15,228,2025-12-15,False,0,0.4855072463768116,0.4571836942418307,0.5,0.45454126596450806,0.46870737183062017,0,53.13,0.46870737183062017,0,53.13,HOLD,0.5052,0.0103,Sideways,0.5,0.0,unavailable_no_point_in_time_source,False,1506.25,1506.251953125,2025-12-16,1492.7091064453125,-0.8991,0,2025-12-18,1489.4228515625,-1.1173,0.0,2025-12-22,1502.3682861328125,-0.2578,0.0,2025-12-30,1455.067626953125,-3.3981,0.0,0,1,1,1,1,1,-0.899,1,1.0,1.0,1.0,1.0,1.0,-1.1172,1.0,1.0,1.0,1.0,1.0,1.0,-0.2577,1.0,1.0,1.0,1.0,1.0,0.0,-3.398,0.0,50-55,50-55
AETHER.NS|2025-12-15|ensemble_lr0.20_rf0.30_xgb0.50,AETHER.NS,2025-12-15,ensemble_lr0.20_rf0.30_xgb0.50,2024-12-16,2025-12-15,2025-12-15,2025-01-13,2025-12-12,2025-12-15,228,2025-12-15,False,0,0.5507246376811594,0.1803714283407972,0.16,0.1651662290096283,0.1666574001729736,0,83.33,0.1666574001729736,0,83.33,HOLD,0.4875,-0.0251,High Volatility,0.335,0.0,unavailable_no_point_in_time_source,False,879.65,879.6500244140625,2025-12-16,864.2999877929688,-1.745,0,2025-12-18,843.5499877929688,-4.1039,0.0,2025-12-22,862.4000244140625,-1.961,0.0,2025-12-30,832.6500244140625,-5.343,0.0,1,1,1,1,0,1,-1.745,1,1.0,1.0,1.0,0.0,0.0,-4.1039,0.0,1.0,1.0,1.0,0.0,1.0,-1.961,1.0,1.0,1.0,1.0,0.0,0.0,-5.343,0.0,80-85,80-85
AIAENG.NS|2025-12-15|ensemble_lr0.20_rf0.30_xgb0.50,AIAENG.NS,2025-12-15,ensemble_lr0.20_rf0.30_xgb0.50,2024-12-16,2025-12-15,2025-12-15,2025-01-13,2025-12-12,2025-12-15,228,2025-12-15,False,0,0.5217391304347826,0.30258756017134336,0.48,0.5008103251457214,0.4549226746071294,0,54.51,0.4549226746071294,0,54.51,HOLD,0.5348,0.0696,High Volatility,0.665,0.0,unavailable_no_point_in_time_source,False,3879.22,3879.218017578125,2025-12-16,3749.80419921875,-3.3361,0,2025-12-18,3786.068115234375,-2.4013,0.0,2025-12-22,3905.219970703125,0.6703,1.0,2025-12-30,3934.908447265625,1.4356,1.0,1,1,1,1,0,0,-3.3361,0,1.0,1.0,1.0,0.0,1.0,-2.4013,1.0,0.0,0.0,0.0,1.0,1.0,0.6702,1.0,0.0,0.0,0.0,1.0,1.0,1.4356,1.0,50-55,50-55
AJANTPHARM.NS|2025-12-15|ensemble_lr0.20_rf0.30_xgb0.50,AJANTPHARM.NS,2025-12-15,ensemble_lr0.20_rf0.30_xgb0.50,2024-12-16,2025-12-15,2025-12-15,2025-01-13,2025-12-12,2025-12-15,228,2025-12-15,False,0,0.4710144927536232,0.3916224836000219,0.52,0.6020569205284119,0.5353529569842104,1,53.54,0.5353529569842104,1,53.54,BUY,0.7124,0.4247,Bullish,0.665,0.0,unavailable_no_point_in_time_source,False,2618.12,2618.11572265625,2025-12-16,2572.63232421875,-1.7373,0,2025-12-18,2576.6953125,-1.5821,0.0,2025-12-22,2676.282958984375,2.2217,1.0,2025-12-30,2702.145751953125,3.2096,1.0,0,0,0,1,1,0,-1.7374,0,0.0,0.0,1.0,1.0,0.0,-1.5822,0.0,1.0,1.0,0.0,0.0,1.0,2.2216,1.0,1.0,1.0,0.0,0.0,1.0,3.2094,1.0,50-55,50-55
ALEMBICLTD.NS|2025-12-15|ensemble_lr0.20_rf0.30_xgb0.50,ALEMBICLTD.NS,2025-12-15,ensemble_lr0.20_rf0.30_xgb0.50,2024-12-16,2025-12-15,2025-12-15,2025-01-13,2025-12-12,2025-12-15,228,2025-12-15,False,0,0.5507246376811594,0.5913099685133335,0.68,0.7604672312736511,0.7024956093394923,1,70.25,0.7024956093394923,1,70.25,HOLD,0.5607,0.1214,Sideways,0.165,0.0,unavailable_no_point_in_time_source,False,99.67,99.6703872680664,2025-12-16,99.6703872680664,0.0,0,2025-12-18,97.33322143554688,-2.3449,0.0,2025-12-22,98.62840270996094,-1.0454,0.0,2025-12-30,97.33322143554688,-2.3449,0.0,1,0,0,1,0,1,0.0004,1,0.0,0.0,1.0,0.0,1.0,-2.3445,1.0,0.0,0.0,1.0,0.0,1.0,-1.045,1.0,0.0,0.0,1.0,0.0,1.0,-2.3445,1.0,70-75,70-75
ALKEM.NS|2025-12-15|ensemble_lr0.20_rf0.30_xgb0.50,ALKEM.NS,2025-12-15,ensemble_lr0.20_rf0.30_xgb0.50,2024-12-16,2025-12-15,2025-12-15,2025-01-13,2025-12-12,2025-12-15,228,2025-12-15,False,1,0.5144927536231884,0.5820024641758804,0.3,0.19556069374084473,0.30418083970559845,0,69.58,0.30418083970559845,0,69.58,HOLD,0.472,-0.056,Sideways,0.33499999999999996,0.0,unavailable_no_point_in_time_source,False,5569.55,5569.552734375,2025-12-16,5608.17138671875,0.6934,1,2025-12-18,5467.06396484375,-1.8402,0.0,2025-12-22,5569.0576171875,-0.0089,0.0,2025-12-30,5415.57177734375,-2.7647,0.0,0,0,0,1,0,1,0.6934,1,1.0,1.0,0.0,1.0,1.0,-1.8401,1.0,1.0,1.0,0.0,1.0,1.0,-0.0088,1.0,1.0,1.0,0.0,1.0,1.0,-2.7646,1.0,65-70,65-70
AMBER.NS|2025-12-15|ensemble_lr0.20_rf0.30_xgb0.50,AMBER.NS,2025-12-15,ensemble_lr0.20_rf0.30_xgb0.50,2024-12-16,2025-12-15,2025-12-15,2025-01-13,2025-12-12,2025-12-15,228,2025-12-15,False,1,0.4492753623188406,0.25042736087376644,0.42,0.48294907808303833,0.41756001121627245,0,58.24,0.41756001121627245,0,58.24,HOLD,0.4651,-0.0698,High Volatility,0.0,0.0,unavailable_no_point_in_time_source,False,6801.5,6801.5,2025-12-16,6779.5,-0.3235,0,2025-12-18,6585.5,-3.1758,0.0,2025-12-22,6709.0,-1.36,0.0,2025-12-30,6264.5,-7.8953,0.0,1,1,1,0,0,1,-0.3235,1,1.0,1.0,0.0,0.0,0.0,-3.1758,0.0,1.0,1.0,0.0,0.0,1.0,-1.36,1.0,1.0,1.0,0.0,0.0,0.0,-7.8953,0.0,55-60,55-60
ANGELONE.NS|2025-12-15|ensemble_lr0.20_rf0.30_xgb0.50,ANGELONE.NS,2025-12-15,ensemble_lr0.20_rf0.30_xgb0.50,2024-12-16,2025-12-15,2025-12-15,2025-01-13,2025-12-12,2025-12-15,228,2025-12-15,False,1,0.3695652173913044,0.6369093375682652,0.54,0.6194018125534058,0.5990827737903559,1,59.91,0.5990827737903559,1,59.91,HOLD,0.5746,0.1492,High Volatility,0.165,0.0,unavailable_no_point_in_time_source,True,253.36,253.35922241210938,2025-12-16,248.444091796875,-1.94,0,2025-12-18,243.2150421142578,-4.0039,0.0,2025-12-22,253.27093505859375,-0.0348,0.0,2025-12-30,230.26502990722656,-9.1152,0.0,0,0,0,0,1,1,-1.9403,1,0.0,0.0,0.0,1.0,0.0,-4.0042,0.0,0.0,0.0,0.0,1.0,1.0,-0.0352,1.0,0.0,0.0,0.0,1.0,0.0,-9.1155,0.0,55-60,55-60
APARINDS.NS|2025-12-15|ensemble_lr0.20_rf0.30_xgb0.50,APARINDS.NS,2025-12-15,ensemble_lr0.20_rf0.30_xgb0.50,2024-12-16,2025-12-15,2025-12-15,2025-01-13,2025-12-12,2025-12-15,228,2025-12-15,False,0,0.43478260869565216,0.6737360132022101,0.82,0.8560888767242432,0.8087916410025635,1,80.88,0.8087916410025635,1,80.88,BUY,0.6097,0.2194,Sideways,0.335,0.0,unavailable_no_point_in_time_source,False,9059.05,9059.048828125,2025-12-16,8906.578125,-1.6831,0,2025-12-18,8578.7158203125,-5.3022,0.0,2025-12-22,8839.8095703125,-2.4201,0.0,2025-12-30,8354.9931640625,-7.7718,0.0,1,0,0,1,0,0,-1.6831,0,0.0,0.0,1.0,0.0,0.0,-5.3023,0.0,0.0,0.0,1.0,0.0,0.0,-2.4201,0.0,0.0,0.0,1.0,0.0,0.0,-7.7719,0.0,80-85,80-85
APOLLOHOSP.NS|2025-12-15|ensemble_lr0.20_rf0.30_xgb0.50,APOLLOHOSP.NS,2025-12-15,ensemble_lr0.20_rf0.30_xgb0.50,2024-12-16,2025-12-15,2025-12-15,2025-01-13,2025-12-12,2025-12-15,228,2025-12-15,False,0,0.4710144927536232,0.25262488869304706,0.16,0.23301061987876892,0.21503028767799387,0,78.5,0.21503028767799387,0,78.5,SELL,0.291,-0.4179,Bearish,-0.5,0.0,unavailable_no_point_in_time_source,False,7068.88,7068.87548828125,2025-12-16,7033.96240234375,-0.4939,0,2025-12-18,6901.29345703125,-2.3707,0.0,2025-12-22,7036.4560546875,-0.4586,0.0,2025-12-30,6972.615234375,-1.3617,0.0,0,1,1,1,1,1,-0.494,1,1.0,1.0,1.0,1.0,1.0,-2.3708,1.0,1.0,1.0,1.0,1.0,1.0,-0.4587,1.0,1.0,1.0,1.0,1.0,1.0,-1.3618,1.0,75-80,75-80
APOLLOTYRE.NS|2025-12-15|ensemble_lr0.20_rf0.30_xgb0.50,APOLLOTYRE.NS,2025-12-15,ensemble_lr0.20_rf0.30_xgb0.50,2024-12-16,2025-12-15,2025-12-15,2025-01-13,2025-12-12,2025-12-15,228,2025-12-15,False,0,0.463768115942029,0.396386244257048,0.32,0.24662716686725616,0.2985908322850377,0,70.14,0.2985908322850377,0,70.14,HOLD,0.4793,-0.0413,Sideways,0.335,0.0,unavailable_no_point_in_time_source,True,500.14,500.1360168457031,2025-12-16,504.5794372558594,0.8884,1,2025-12-18,489.71856689453125,-2.0829,0.0,2025-12-22,503.34515380859375,0.6417,1.0,2025-12-30,487.89178466796875,-2.4482,0.0,0,0,0,0,0,1,0.8876,1,1.0,1.0,1.0,1.0,1.0,-2.0837,1.0,0.0,0.0,0.0,0.0,1.0,0.6409,1.0,1.0,1.0,1.0,1.0,1.0,-2.449,1.0,70-75,70-75
ASHOKLEY.NS|2025-12-15|ensemble_lr0.20_rf0.30_xgb0.50,ASHOKLEY.NS,2025-12-15,ensemble_lr0.20_rf0.30_xgb0.50,2024-12-16,2025-12-15,2025-12-15,2025-01-13,2025-12-12,2025-12-15,228,2025-12-15,False,1,0.572463768115942,0.5081713875855758,0.7,0.28502005338668823,0.45414430421045926,0,54.59,0.45414430421045926,0,54.59,BUY,0.6414,0.2828,Bullish,1.0,0.0,unavailable_no_point_in_time_source,False,164.02,164.02195739746094,2025-12-16,164.9363555908203,0.5575,1,2025-12-18,168.69229125976562,2.8474,1.0,2025-12-22,174.0803680419922,6.1324,1.0,2025-12-30,175.6338653564453,7.0795,1.0,1,0,0,1,1,1,0.5587,1,0.0,0.0,1.0,1.0,1.0,2.8486,1.0,0.0,0.0,1.0,1.0,1.0,6.1336,1.0,0.0,0.0,1.0,1.0,1.0,7.0808,1.0,50-55,50-55
ASIANPAINT.NS|2025-12-15|ensemble_lr0.20_rf0.30_xgb0.50,ASIANPAINT.NS,2025-12-15,ensemble_lr0.20_rf0.30_xgb0.50,2024-12-16,2025-12-15,2025-12-15,2025-01-13,2025-12-12,2025-12-15,228,2025-12-15,False,1,0.4420289855072464,0.5773029618636286,0.6,0.5711686611175537,0.5810449229315026,1,58.1,0.5810449229315026,1,58.1,BUY,0.6188,0.2377,Sideways,0.5,0.0,unavailable_no_point_in_time_source,True,2756.29,2756.286376953125,2025-12-16,2766.894287109375,0.3849,1,2025-12-18,2735.962646484375,-0.7374,0.0,2025-12-22,2783.450927734375,0.9855,1.0,2025-12-30,2734.574951171875,-0.7877,0.0,1,1,1,1,1,1,0.3847,1,0.0,0.0,0.0,0.0,0.0,-0.7375,0.0,1.0,1.0,1.0,1.0,1.0,0.9854,1.0,0.0,0.0,0.0,0.0,0.0,-0.7878,0.0,55-60,55-60
ASTRAL.NS|2025-12-15|ensemble_lr0.20_rf0.30_xgb0.50,ASTRAL.NS,2025-12-15,ensemble_lr0.20_rf0.30_xgb0.50,2024-12-16,2025-12-15,2025-12-15,2025-01-13,2025-12-12,2025-12-15,228,2025-12-15,False,0,0.42753623188405804,0.43434989102272614,0.6,0.599575936794281,0.5666579466016857,1,56.67,0.5666579466016857,1,56.67,HOLD,0.5037,0.0074,Sideways,-0.165,0.0,unavailable_no_point_in_time_source,True,1428.35,1428.3533935546875,2025-12-16,1460.602783203125,2.2578,1,2025-12-18,1405.6890869140625,-1.5867,0.0,2025-12-22,1405.8887939453125,-1.5728,0.0,2025-12-30,1358.1639404296875,-4.914,0.0,1,1,1,0,1,1,2.258,1,0.0,0.0,1.0,0.0,1.0,-1.5865,1.0,0.0,0.0,1.0,0.0,1.0,-1.5725,1.0,0.0,0.0,1.0,0.0,0.0,-4.9138,0.0,55-60,55-60
AUBANK.NS|2025-12-15|ensemble_lr0.20_rf0.30_xgb0.50,AUBANK.NS,2025-12-15,ensemble_lr0.20_rf0.30_xgb0.50,2024-12-16,2025-12-15,2025-12-15,2025-01-13,2025-12-12,2025-12-15,228,2025-12-15,False,1,0.4710144927536232,0.7681978606107372,0.66,0.6604862213134766,0.6818826827788858,1,68.19,0.6818826827788858,1,68.19,BUY,0.6902,0.3805,Bullish,0.665,0.0,unavailable_no_point_in_time_source,True,978.1,978.1001586914062,2025-12-16,979.6486206054688,0.1583,1,2025-12-18,986.6918334960938,0.8784,1.0,2025-12-22,983.4949340820312,0.5516,1.0,2025-12-30,995.4832763671875,1.7772,1.0,1,1,1,1,1,1,0.1583,1,1.0,1.0,1.0,1.0,1.0,0.8784,1.0,1.0,1.0,1.0,1.0,1.0,0.5516,1.0,1.0,1.0,1.0,1.0,1.0,1.7772,1.0,65-70,65-70
AXISBANK.NS|2025-12-15|ensemble_lr0.20_rf0.30_xgb0.50,AXISBANK.NS,2025-12-15,ensemble_lr0.20_rf0.30_xgb0.50,2024-12-16,2025-12-15,2025-12-15,2025-01-13,2025-12-12,2025-12-15,228,2025-12-15,False,0,0.463768115942029,0.40129651418584183,0.26,0.34231066703796387,0.3294146363561503,0,67.06,0.3294146363561503,0,67.06,BUY,0.5859,0.1718,Bullish,0.665,0.0,unavailable_no_point_in_time_source,True,1283.81,1283.8099365234375,2025-12-16,1218.66015625,-5.0747,0,2025-12-18,1228.852294921875,-4.2808,0.0,2025-12-22,1232.2496337890625,-4.0162,0.0,2025-12-30,1245.039794921875,-3.0199,0.0,0,1,1,1,1,0,-5.0747,0,1.0,1.0,1.0,1.0,0.0,-4.2808,0.0,1.0,1.0,1.0,1.0,0.0,-4.0162,0.0,1.0,1.0,1.0,1.0,0.0,-3.0199,0.0,65-70,65-70
BAJAJ-AUTO.NS|2025-12-15|ensemble_lr0.20_rf0.30_xgb0.50,BAJAJ-AUTO.NS,2025-12-15,ensemble_lr0.20_rf0.30_xgb0.50,2024-12-16,2025-12-15,2025-12-15,2025-01-13,2025-12-12,2025-12-15,228,2025-12-15,False,1,0.5289855072463768,0.5207644662951525,0.56,0.26663801074028015,0.4054718986291706,0,59.45,0.4054718986291706,0,59.45,HOLD,0.4757,-0.0486,Sideways,0.17,0.0,unavailable_no_point_in_time_source,False,8815.93,8815.9306640625,2025-12-16,8882.9873046875,0.7606,1,2025-12-18,8708.443359375,-1.2192,0.0,2025-12-22,9036.822265625,2.5056,1.0,2025-12-30,9153.1845703125,3.8255,1.0,0,0,0,1,0,1,0.7606,1,1.0,1.0,0.0,1.0,1.0,-1.2192,1.0,0.0,0.0,1.0,0.0,1.0,2.5056,1.0,0.0,0.0,1.0,0.0,0.0,3.8255,0.0,55-60,55-60
BAJAJFINSV.NS|2025-12-15|ensemble_lr0.20_rf0.30_xgb0.50,BAJAJFINSV.NS,2025-12-15,ensemble_lr0.20_rf0.30_xgb0.50,2024-12-16,2025-12-15,2025-12-15,2025-01-13,2025-12-12,2025-12-15,228,2025-12-15,False,0,0.6014492753623188,0.3351191786846532,0.16,0.168867826461792,0.19945774896782664,0,80.05,0.19945774896782664,0,80.05,HOLD,0.4931,-0.0138,Sideways,0.165,0.0,unavailable_no_point_in_time_source,True,2068.73,2068.734619140625,2025-12-16,2033.4647216796875,-1.7049,0,2025-12-18,2024.572509765625,-2.1347,0.0,2025-12-22,2048.052490234375,-0.9997,0.0,2025-12-30,2024.67236328125,-2.1299,0.0,0,1,1,1,1,1,-1.7047,1,1.0,1.0,1.0,1.0,1.0,-2.1345,1.0,1.0,1.0,1.0,1.0,1.0,-0.9995,1.0,1.0,1.0,1.0,1.0,1.0,-2.1297,1.0,80-85,80-85
BAJFINANCE.NS|2025-12-15|ensemble_lr0.20_rf0.30_xgb0.50,BAJFINANCE.NS,2025-12-15,ensemble_lr0.20_rf0.30_xgb0.50,2024-12-16,2025-12-15,2025-12-15,2025-01-13,2025-12-12,2025-12-15,228,2025-12-15,False,1,0.5362318840579711,0.5860939580532508,0.56,0.7253285050392151,0.6478830441302577,1,64.79,0.6478830441302577,1,64.79,HOLD,0.5516,0.1031,Sideways,-0.165,0.0,unavailable_no_point_in_time_source,True,1006.51,1006.5127563476562,2025-12-16,992.3001708984375,-1.4121,0,2025-12-18,994.1884765625,-1.2245,0.0,2025-12-22,1001.6427001953125,-0.4839,0.0,2025-12-30,983.2556762695312,-2.3107,0.0,0,0,0,0,1,1,-1.4118,1,0.0,0.0,0.0,1.0,1.0,-1.2242,1.0,0.0,0.0,0.0,1.0,1.0,-0.4836,1.0,0.0,0.0,0.0,1.0,1.0,-2.3104,1.0,60-65,60-65
BEL.NS|2025-12-15|ensemble_lr0.20_rf0.30_xgb0.50,BEL.NS,2025-12-15,ensemble_lr0.20_rf0.30_xgb0.50,2024-12-16,2025-12-15,2025-12-15,2025-01-13,2025-12-12,2025-12-15,228,2025-12-15,False,0,0.5289855072463768,0.6824790269931167,0.5,0.593517541885376,0.5832545763413113,1,58.33,0.5832545763413113,1,58.33,HOLD,0.4353,-0.1294,Bearish,-0.335,0.0,unavailable_no_point_in_time_source,True,388.57,388.5660400390625,2025-12-16,385.8314514160156,-0.7038,0,2025-12-18,381.306884765625,-1.8682,0.0,2025-12-22,396.7202453613281,2.0985,1.0,2025-12-30,391.1017761230469,0.6526,1.0,1,0,0,1,0,1,-0.7048,1,0.0,0.0,1.0,0.0,1.0,-1.8692,1.0,1.0,1.0,0.0,1.0,1.0,2.0975,1.0,1.0,1.0,0.0,1.0,1.0,0.6516,1.0,55-60,55-60
BPCL.NS|2025-12-15|ensemble_lr0.20_rf0.30_xgb0.50,BPCL.NS,2025-12-15,ensemble_lr0.20_rf0.30_xgb0.50,2024-12-16,2025-12-15,2025-12-15,2025-01-13,2025-12-12,2025-12-15,228,2025-12-15,False,0,0.5362318840579711,0.3621672014898838,0.46,0.5681967735290527,0.49453182706250315,0,50.55,0.49453182706250315,0,50.55,HOLD,0.5111,0.0221,Sideways,0.5,0.0,unavailable_no_point_in_time_source,False,356.93,356.9314270019531,2025-12-16,358.04986572265625,0.3133,1,2025-12-18,353.3815612792969,-0.9946,0.0,2025-12-22,359.7518615722656,0.7902,1.0,2025-12-30,359.3628234863281,0.6812,1.0,1,0,0,0,1,1,0.3137,1,1.0,1.0,1.0,0.0,1.0,-0.9942,1.0,0.0,0.0,0.0,1.0,1.0,0.7906,1.0,0.0,0.0,0.0,1.0,1.0,0.6816,1.0,50-55,50-55
AARTIIND.NS|2025-12-22|ensemble_lr0.20_rf0.30_xgb0.50,AARTIIND.NS,2025-12-22,ensemble_lr0.20_rf0.30_xgb0.50,2024-12-23,2025-12-22,2025-12-22,2025-01-20,2025-12-19,2025-12-22,228,2025-12-22,False,0,0.45652173913043476,0.28387453938109386,0.54,0.5583465695381165,0.497948192645277,0,50.21,0.497948192645277,0,50.21,HOLD,0.4462,-0.1076,Sideways,0.0,0.0,unavailable_no_point_in_time_source,False,374.21,374.2061462402344,2025-12-23,382.63934326171875,2.2536,1,2025-12-26,375.6532287597656,0.3867,1.0,2025-12-30,367.3697204589844,-1.8269,0.0,2026-01-06,374.305908203125,0.0267,1.0,1,0,0,0,1,1,2.2526,1,0.0,0.0,0.0,1.0,1.0,0.3857,1.0,1.0,1.0,1.0,0.0,1.0,-1.8279,1.0,0.0,0.0,0.0,1.0,1.0,0.0256,1.0,50-55,50-55
AAVAS.NS|2025-12-22|ensemble_lr0.20_rf0.30_xgb0.50,AAVAS.NS,2025-12-22,ensemble_lr0.20_rf0.30_xgb0.50,2024-12-23,2025-12-22,2025-12-22,2025-01-20,2025-12-19,2025-12-22,228,2025-12-22,False,0,0.4565217391304348,0.5537710030924167,0.3,0.32536593079566956,0.36343716601631815,0,63.66,0.36343716601631815,0,63.66,SELL,0.3115,-0.3771,High Volatility,-1.0,0.0,unavailable_no_point_in_time_source,False,1457.8,1457.800048828125,2025-12-23,1483.0,1.7286,1,2025-12-26,1480.300048828125,1.5434,1.0,2025-12-30,1466.0,0.5625,1.0,2026-01-06,1462.300048828125,0.3087,1.0,0,0,0,0,0,0,1.7286,0,0.0,0.0,0.0,0.0,0.0,1.5434,0.0,0.0,0.0,0.0,0.0,0.0,0.5625,0.0,0.0,0.0,0.0,0.0,0.0,0.3087,0.0,60-65,60-65
ABCAPITAL.NS|2025-12-22|ensemble_lr0.20_rf0.30_xgb0.50,ABCAPITAL.NS,2025-12-22,ensemble_lr0.20_rf0.30_xgb0.50,2024-12-23,2025-12-22,2025-12-22,2025-01-20,2025-12-19,2025-12-22,228,2025-12-22,False,0,0.5579710144927535,0.5022101305202117,0.5,0.5335103869438171,0.5171972195759509,1,51.72,0.5171972195759509,1,51.72,BUY,0.6141,0.2282,Sideways,0.5,0.0,unavailable_no_point_in_time_source,False,346.1,346.1000061035156,2025-12-23,346.79998779296875,0.2022,1,2025-12-26,348.1499938964844,0.5923,1.0,2025-12-30,349.29998779296875,0.9246,1.0,2026-01-06,360.6499938964844,4.204,1.0,0,1,1,0,0,1,0.2023,1,1.0,1.0,0.0,0.0,1.0,0.5923,1.0,1.0,1.0,0.0,0.0,1.0,0.9246,1.0,1.0,1.0,0.0,0.0,1.0,4.204,1.0,50-55,50-55
ABFRL.NS|2025-12-22|ensemble_lr0.20_rf0.30_xgb0.50,ABFRL.NS,2025-12-22,ensemble_lr0.20_rf0.30_xgb0.50,2024-12-23,2025-12-22,2025-12-22,2025-01-20,2025-12-19,2025-12-22,228,2025-12-22,False,0,0.5507246376811594,0.4851946059183637,0.46,0.46567556262016296,0.46787670249375424,0,53.21,0.46787670249375424,0,53.21,HOLD,0.4378,-0.1245,High Volatility,-0.165,0.0,unavailable_no_point_in_time_source,False,77.45,77.44999694824219,2025-12-23,78.62999725341797,1.5236,1,2025-12-26,76.77999877929688,-0.8651,0.0,2025-12-30,76.0199966430664,-1.8464,0.0,2026-01-06,77.44999694824219,0.0,0.0,1,0,0,0,1,1,1.5236,1,1.0,1.0,1.0,0.0,1.0,-0.8651,1.0,1.0,1.0,1.0,0.0,1.0,-1.8464,1.0,1.0,1.0,1.0,0.0,1.0,-0.0,1.0,50-55,50-55
ACC.NS|2025-12-22|ensemble_lr0.20_rf0.30_xgb0.50,ACC.NS,2025-12-22,ensemble_lr0.20_rf0.30_xgb0.50,2024-12-23,2025-12-22,2025-12-22,2025-01-20,2025-12-19,2025-12-22,228,2025-12-22,False,0,0.5217391304347826,0.7808129715494039,0.6,0.7107471823692322,0.6915361854944968,1,69.15,0.6915361854944968,1,69.15,HOLD,0.464,-0.0721,Sideways,-0.67,0.0,unavailable_no_point_in_time_source,False,1772.25,1772.2454833984375,2025-12-23,1744.1082763671875,-1.5877,0,2025-12-26,1725.317138671875,-2.648,0.0,2025-12-30,1722.135498046875,-2.8275,0.0,2026-01-06,1741.9210205078125,-1.7111,0.0,1,0,0,1,0,1,-1.5879,1,0.0,0.0,1.0,0.0,1.0,-2.6482,1.0,0.0,0.0,1.0,0.0,1.0,-2.8277,1.0,0.0,0.0,1.0,0.0,1.0,-1.7113,1.0,65-70,65-70
ADANIENT.NS|2025-12-22|ensemble_lr0.20_rf0.30_xgb0.50,ADANIENT.NS,2025-12-22,ensemble_lr0.20_rf0.30_xgb0.50,2024-12-23,2025-12-22,2025-12-22,2025-01-20,2025-12-19,2025-12-22,228,2025-12-22,False,0,0.38405797101449274,0.6284992066896448,0.8,0.5299311280250549,0.6306654053504565,1,63.07,0.6306654053504565,1,63.07,HOLD,0.4657,-0.0686,Bearish,-0.335,0.0,unavailable_no_point_in_time_source,True,2262.49,2262.488525390625,2025-12-23,2247.794921875,-0.6494,0,2025-12-26,2228.9033203125,-1.4844,0.0,2025-12-30,2213.710205078125,-2.156,0.0,2026-01-06,2258.090576171875,-0.1944,0.0,1,0,0,1,0,1,-0.6495,1,0.0,0.0,1.0,0.0,1.0,-1.4845,1.0,0.0,0.0,1.0,0.0,1.0,-2.156,1.0,0.0,0.0,1.0,0.0,1.0,-0.1945,1.0,60-65,60-65
ADANIPORTS.NS|2025-12-22|ensemble_lr0.20_rf0.30_xgb0.50,ADANIPORTS.NS,2025-12-22,ensemble_lr0.20_rf0.30_xgb0.50,2024-12-23,2025-12-22,2025-12-22,2025-01-20,2025-12-19,2025-12-22,228,2025-12-22,False,0,0.5507246376811594,0.7591994343430172,0.68,0.8216359615325928,0.7666578676348998,1,76.67,0.7666578676348998,1,76.67,BUY,0.6082,0.2164,Sideways,0.335,0.0,unavailable_no_point_in_time_source,True,1502.37,1502.3682861328125,2025-12-23,1487.3316650390625,-1.0009,0,2025-12-26,1480.8590087890625,-1.4317,0.0,2025-12-30,1455.067626953125,-3.1484,0.0,2026-01-06,1467.017333984375,-2.353,0.0,1,0,0,1,0,0,-1.001,0,0.0,0.0,1.0,0.0,0.0,-1.4318,0.0,0.0,0.0,1.0,0.0,0.0,-3.1485,0.0,0.0,0.0,1.0,0.0,0.0,-2.3531,0.0,75-80,75-80
AETHER.NS|2025-12-22|ensemble_lr0.20_rf0.30_xgb0.50,AETHER.NS,2025-12-22,ensemble_lr0.20_rf0.30_xgb0.50,2024-12-23,2025-12-22,2025-12-22,2025-01-20,2025-12-19,2025-12-22,228,2025-12-22,False,0,0.6014492753623188,0.27191095640888396,0.34,0.07864131033420563,0.1957028464488796,0,80.43,0.1957028464488796,0,80.43,HOLD,0.483,-0.0341,High Volatility,0.165,0.0,unavailable_no_point_in_time_source,False,862.4,862.4000244140625,2025-12-23,846.4500122070312,-1.8495,0,2025-12-26,846.6500244140625,-1.8263,0.0,2025-12-30,832.6500244140625,-3.4497,0.0,2026-01-06,997.75,15.6946,1.0,1,1,1,1,0,1,-1.8495,1,1.0,1.0,1.0,0.0,1.0,-1.8263,1.0,1.0,1.0,1.0,0.0,0.0,-3.4497,0.0,0.0,0.0,0.0,1.0,0.0,15.6946,0.0,80-85,80-85
AIAENG.NS|2025-12-22|ensemble_lr0.20_rf0.30_xgb0.50,AIAENG.NS,2025-12-22,ensemble_lr0.20_rf0.30_xgb0.50,2024-12-23,2025-12-22,2025-12-22,2025-01-20,2025-12-19,2025-12-22,228,2025-12-22,False,0,0.47826086956521746,0.30324549565444137,0.42,0.3519517481327057,0.36262497319724113,0,63.74,0.36262497319724113,0,63.74,HOLD,0.5491,0.0981,High Volatility,0.665,0.0,unavailable_no_point_in_time_source,False,3905.22,3905.219970703125,2025-12-23,3885.992431640625,-0.4924,0,2025-12-26,3869.75341796875,-0.9082,0.0,2025-12-30,3934.908447265625,0.7602,1.0,2026-01-06,4056.25244140625,3.8675,1.0,1,1,1,1,0,1,-0.4924,1,1.0,1.0,1.0,0.0,1.0,-0.9082,1.0,0.0,0.0,0.0,1.0,1.0,0.7602,1.0,0.0,0.0,0.0,1.0,0.0,3.8675,0.0,60-65,60-65
AJANTPHARM.NS|2025-12-22|ensemble_lr0.20_rf0.30_xgb0.50,AJANTPHARM.NS,2025-12-22,ensemble_lr0.20_rf0.30_xgb0.50,2024-12-23,2025-12-22,2025-12-22,2025-01-20,2025-12-19,2025-12-22,228,2025-12-22,False,0,0.5144927536231884,0.49865240798463706,0.56,0.4878101050853729,0.5116355341396139,1,51.16,0.5116355341396139,1,51.16,BUY,0.6289,0.2578,Sideways,0.33,0.0,unavailable_no_point_in_time_source,False,2676.28,2676.282958984375,2025-12-23,2643.8798828125,-1.2107,0,2025-12-26,2657.25732421875,-0.7109,0.0,2025-12-30,2702.145751953125,0.9664,1.0,2026-01-06,2818.5791015625,5.3169,1.0,1,0,0,1,0,0,-1.2106,0,0.0,0.0,1.0,0.0,0.0,-0.7108,0.0,1.0,1.0,0.0,1.0,1.0,0.9665,1.0,1.0,1.0,0.0,1.0,1.0,5.317,1.0,50-55,50-55
ALEMBICLTD.NS|2025-12-22|ensemble_lr0.20_rf0.30_xgb0.50,ALEMBICLTD.NS,2025-12-22,ensemble_lr0.20_rf0.30_xgb0.50,2024-12-23,2025-12-22,2025-12-22,2025-01-20,2025-12-19,2025-12-22,228,2025-12-22,False,0,0.5289855072463768,0.39177678686524575,0.48,0.41187942028045654,0.4282950675132774,0,57.17,0.4282950675132774,0,57.17,HOLD,0.4561,-0.0878,Sideways,0.165,0.0,unavailable_no_point_in_time_source,False,98.63,98.62840270996094,2025-12-23,99.17373657226562,0.5529,1,2025-12-26,98.20965576171875,-0.4246,0.0,2025-12-30,97.33322143554688,-1.3132,0.0,2026-01-06,97.96620178222656,-0.6714,0.0,1,0,0,0,1,1,0.5513,1,1.0,1.0,1.0,0.0,1.0,-0.4262,1.0,1.0,1.0,1.0,0.0,1.0,-1.3148,1.0,1.0,1.0,1.0,0.0,1.0,-0.673,1.0,55-60,55-60
ALKEM.NS|2025-12-22|ensemble_lr0.20_rf0.30_xgb0.50,ALKEM.NS,2025-12-22,ensemble_lr0.20_rf0.30_xgb0.50,2024-12-23,2025-12-22,2025-12-22,2025-01-20,2025-12-19,2025-12-22,228,2025-12-22,False,1,0.5579710144927535,0.6026899502102037,0.5,0.6098929643630981,0.5754844722235898,1,57.55,0.5754844722235898,1,57.55,HOLD,0.554,0.108,Sideways,-0.165,0.0,unavailable_no_point_in_time_source,False,5569.06,5569.0576171875,2025-12-23,5542.3212890625,-0.4801,0,2025-12-26,5480.9267578125,-1.5825,0.0,2025-12-30,5415.57177734375,-2.756,0.0,2026-01-06,5600.25,0.5601,1.0,1,0,0,0,0,1,-0.4801,1,0.0,0.0,0.0,0.0,1.0,-1.5826,1.0,0.0,0.0,0.0,0.0,1.0,-2.7561,1.0,1.0,1.0,1.0,1.0,1.0,0.5601,1.0,55-60,55-60
AMBER.NS|2025-12-22|ensemble_lr0.20_rf0.30_xgb0.50,AMBER.NS,2025-12-22,ensemble_lr0.20_rf0.30_xgb0.50,2024-12-23,2025-12-22,2025-12-22,2025-01-20,2025-12-19,2025-12-22,228,2025-12-22,False,1,0.4710144927536232,0.5723691394583759,0.6,0.32342061400413513,0.45618413489374277,0,54.38,0.45618413489374277,0,54.38,SELL,0.414,-0.1721,High Volatility,0.0,0.0,unavailable_no_point_in_time_source,False,6709.0,6709.0,2025-12-23,6654.5,-0.8123,0,2025-12-26,6652.0,-0.8496,0.0,2025-12-30,6264.5,-6.6254,0.0,2026-01-06,6707.5,-0.0224,0.0,1,1,1,0,0,1,-0.8123,1,1.0,1.0,0.0,0.0,1.0,-0.8496,1.0,1.0,1.0,0.0,0.0,1.0,-6.6254,1.0,1.0,1.0,0.0,0.0,1.0,-0.0224,1.0,50-55,50-55
ANGELONE.NS|2025-12-22|ensemble_lr0.20_rf0.30_xgb0.50,ANGELONE.NS,2025-12-22,ensemble_lr0.20_rf0.30_xgb0.50,2024-12-23,2025-12-22,2025-12-22,2025-01-20,2025-12-19,2025-12-22,228,2025-12-22,False,1,0.4275362318840579,0.50057627170165,0.56,0.5101816654205322,0.5232060870505961,1,52.32,0.5232060870505961,1,52.32,HOLD,0.5646,0.1291,High Volatility,0.0,0.0,unavailable_no_point_in_time_source,False,253.27,253.27093505859375,2025-12-23,250.86732482910156,-0.949,0,2025-12-26,244.85340881347656,-3.3235,0.0,2025-12-30,230.26502990722656,-9.0835,0.0,2026-01-06,236.56344604492188,-6.5967,0.0,1,0,0,0,0,1,-0.9487,1,0.0,0.0,0.0,0.0,0.0,-3.3232,0.0,0.0,0.0,0.0,0.0,0.0,-9.0832,0.0,0.0,0.0,0.0,0.0,0.0,-6.5963,0.0,50-55,50-55
APARINDS.NS|2025-12-22|ensemble_lr0.20_rf0.30_xgb0.50,APARINDS.NS,2025-12-22,ensemble_lr0.20_rf0.30_xgb0.50,2024-12-23,2025-12-22,2025-12-22,2025-01-20,2025-12-19,2025-12-22,228,2025-12-22,False,0,0.44202898550724634,0.6282755189795174,0.62,0.742323100566864,0.6828166540793354,1,68.28,0.6828166540793354,1,68.28,HOLD,0.5578,0.1155,Sideways,-0.165,0.0,unavailable_no_point_in_time_source,False,8839.81,8839.8095703125,2025-12-23,8860.7373046875,0.2367,1,2025-12-26,8595.1591796875,-2.7676,0.0,2025-12-30,8354.9931640625,-5.4845,0.0,2026-01-06,8153.69189453125,-7.7617,0.0,1,1,1,0,1,1,0.2367,1,0.0,0.0,1.0,0.0,1.0,-2.7676,1.0,0.0,0.0,1.0,0.0,0.0,-5.4845,0.0,0.0,0.0,1.0,0.0,0.0,-7.7617,0.0,65-70,65-70
APOLLOHOSP.NS|2025-12-22|ensemble_lr0.20_rf0.30_xgb0.50,APOLLOHOSP.NS,2025-12-22,ensemble_lr0.20_rf0.30_xgb0.50,2024-12-23,2025-12-22,2025-12-22,2025-01-20,2025-12-19,2025-12-22,228,2025-12-22,False,0,0.3913043478260869,0.35721398829731454,0.44,0.517773449420929,0.4623295223699274,0,53.77,0.4623295223699274,0,53.77,SELL,0.3793,-0.2414,Bearish,-0.165,0.0,unavailable_no_point_in_time_source,False,7036.46,7036.4560546875,2025-12-23,7055.90771484375,0.2764,1,2025-12-26,7138.20263671875,1.446,1.0,2025-12-30,6972.615234375,-0.9073,0.0,2026-01-06,7329.72509765625,4.1679,1.0,1,0,0,0,1,0,0.2764,0,0.0,0.0,0.0,1.0,0.0,1.4459,0.0,1.0,1.0,1.0,0.0,1.0,-0.9073,1.0,0.0,0.0,0.0,1.0,0.0,4.1678,0.0,50-55,50-55
APOLLOTYRE.NS|2025-12-22|ensemble_lr0.20_rf0.30_xgb0.50,APOLLOTYRE.NS,2025-12-22,ensemble_lr0.20_rf0.30_xgb0.50,2024-12-23,2025-12-22,2025-12-22,2025-01-20,2025-12-19,2025-12-22,228,2025-12-22,False,0,0.49275362318840576,0.3684869330320888,0.62,0.5910167098045349,0.5552057415086853,1,55.52,0.5552057415086853,1,55.52,HOLD,0.5734,0.1469,Sideways,0.17,0.0,unavailable_no_point_in_time_source,True,503.35,503.34515380859375,2025-12-23,505.66558837890625,0.461,1,2025-12-26,499.44476318359375,-0.7749,0.0,2025-12-30,487.89178466796875,-3.0701,0.0,2026-01-06,512.97265625,1.9127,1.0,1,1,1,0,1,1,0.46,1,0.0,0.0,1.0,0.0,1.0,-0.7758,1.0,0.0,0.0,1.0,0.0,0.0,-3.0711,0.0,1.0,1.0,0.0,1.0,1.0,1.9117,1.0,55-60,55-60
ASHOKLEY.NS|2025-12-22|ensemble_lr0.20_rf0.30_xgb0.50,ASHOKLEY.NS,2025-12-22,ensemble_lr0.20_rf0.30_xgb0.50,2024-12-23,2025-12-22,2025-12-22,2025-01-20,2025-12-19,2025-12-22,228,2025-12-22,False,1,0.463768115942029,0.6464782653387472,0.74,0.5973464846611023,0.6499688953983006,1,65.0,0.6499688953983006,1,65.0,STRONG BUY,0.7732,0.5465,Bullish,1.0,0.0,unavailable_no_point_in_time_source,False,174.08,174.0803680419922,2025-12-23,174.97511291503906,0.514,1,2025-12-26,171.75010681152344,-1.3386,0.0,2025-12-30,175.6338653564453,0.8924,1.0,2026-01-06,183.02772521972656,5.1398,1.0,1,1,1,1,1,1,0.5142,1,0.0,0.0,0.0,0.0,0.0,-1.3384,0.0,1.0,1.0,1.0,1.0,1.0,0.8926,1.0,1.0,1.0,1.0,1.0,1.0,5.14,1.0,65-70,65-70
ASIANPAINT.NS|2025-12-22|ensemble_lr0.20_rf0.30_xgb0.50,ASIANPAINT.NS,2025-12-22,ensemble_lr0.20_rf0.30_xgb0.50,2024-12-23,2025-12-22,2025-12-22,2025-01-20,2025-12-19,2025-12-22,228,2025-12-22,False,1,0.4927536231884058,0.44314649767529923,0.5,0.4308377206325531,0.4540481598513364,0,54.6,0.4540481598513364,0,54.6,HOLD,0.4996,-0.0007,Sideways,0.5,0.0,unavailable_no_point_in_time_source,False,2783.45,2783.450927734375,2025-12-23,2783.649169921875,0.0071,1,2025-12-26,2722.87646484375,-2.1762,0.0,2025-12-30,2734.574951171875,-1.7559,0.0,2026-01-06,2821.322265625,1.3606,1.0,1,0,0,1,1,1,0.0072,1,1.0,1.0,0.0,0.0,1.0,-2.1762,1.0,1.0,1.0,0.0,0.0,1.0,-1.7559,1.0,0.0,0.0,1.0,1.0,1.0,1.3606,1.0,50-55,50-55
ASTRAL.NS|2025-12-22|ensemble_lr0.20_rf0.30_xgb0.50,ASTRAL.NS,2025-12-22,ensemble_lr0.20_rf0.30_xgb0.50,2024-12-23,2025-12-22,2025-12-22,2025-01-20,2025-12-19,2025-12-22,228,2025-12-22,False,0,0.4202898550724638,0.4380864108373836,0.6,0.31538715958595276,0.4253108619604531,0,57.47,0.4253108619604531,0,57.47,SELL,0.3574,-0.2852,Sideways,-0.5,0.0,unavailable_no_point_in_time_source,True,1405.89,1405.8887939453125,2025-12-23,1414.7747802734375,0.6321,1,2025-12-26,1387.8172607421875,-1.2854,0.0,2025-12-30,1358.1639404296875,-3.3946,0.0,2026-01-06,1484.864501953125,5.6175,1.0,0,0,0,0,0,0,0.632,0,1.0,1.0,1.0,1.0,1.0,-1.2855,1.0,1.0,1.0,1.0,1.0,1.0,-3.3947,1.0,0.0,0.0,0.0,0.0,0.0,5.6174,0.0,55-60,55-60
AUBANK.NS|2025-12-22|ensemble_lr0.20_rf0.30_xgb0.50,AUBANK.NS,2025-12-22,ensemble_lr0.20_rf0.30_xgb0.50,2024-12-23,2025-12-22,2025-12-22,2025-01-20,2025-12-19,2025-12-22,228,2025-12-22,False,1,0.47826086956521735,0.6213842420207455,0.18,0.3287821114063263,0.34266790410731224,0,65.73,0.34266790410731224,0,65.73,BUY,0.5914,0.1827,Bullish,0.665,0.0,unavailable_no_point_in_time_source,True,983.49,983.4949340820312,2025-12-23,979.3988647460938,-0.4165,0,2025-12-26,974.004150390625,-0.965,0.0,2025-12-30,995.4832763671875,1.219,1.0,2026-01-06,1007.7713012695312,2.4684,1.0,0,1,1,0,1,0,-0.416,0,1.0,1.0,0.0,1.0,0.0,-0.9645,0.0,0.0,0.0,1.0,0.0,1.0,1.2195,1.0,0.0,0.0,1.0,0.0,1.0,2.4689,1.0,65-70,65-70
AXISBANK.NS|2025-12-22|ensemble_lr0.20_rf0.30_xgb0.50,AXISBANK.NS,2025-12-22,ensemble_lr0.20_rf0.30_xgb0.50,2024-12-23,2025-12-22,2025-12-22,2025-01-20,2025-12-19,2025-12-22,228,2025-12-22,False,0,0.4492753623188406,0.4311016054193391,0.64,0.29634714126586914,0.4263938917168024,0,57.36,0.4263938917168024,0,57.36,HOLD,0.4375,-0.1249,Bearish,0.335,0.0,unavailable_no_point_in_time_source,True,1232.25,1232.2496337890625,2025-12-23,1224.0560302734375,-0.6649,0,2025-12-26,1227.25341796875,-0.4055,0.0,2025-12-30,1245.039794921875,1.038,1.0,2026-01-06,1292.802978515625,4.914,1.0,1,1,1,1,0,1,-0.665,1,1.0,1.0,1.0,0.0,1.0,-0.4055,1.0,0.0,0.0,0.0,1.0,1.0,1.0379,1.0,0.0,0.0,0.0,1.0,0.0,4.914,0.0,55-60,55-60
BAJAJ-AUTO.NS|2025-12-22|ensemble_lr0.20_rf0.30_xgb0.50,BAJAJ-AUTO.NS,2025-12-22,ensemble_lr0.20_rf0.30_xgb0.50,2024-12-23,2025-12-22,2025-12-22,2025-01-20,2025-12-19,2025-12-22,228,2025-12-22,False,1,0.5507246376811593,0.5307159518053751,0.38,0.07895759493112564,0.2596219878266378,0,74.04,0.2596219878266378,0,74.04,HOLD,0.4631,-0.0738,Sideways,0.17,0.0,unavailable_no_point_in_time_source,False,9036.82,9036.822265625,2025-12-23,8972.724609375,-0.7093,0,2025-12-26,8938.703125,-1.0858,0.0,2025-12-30,9153.1845703125,1.2876,1.0,2026-01-06,9526.9248046875,5.4234,1.0,1,1,1,0,0,1,-0.7093,1,1.0,1.0,0.0,0.0,1.0,-1.0857,1.0,0.0,0.0,1.0,1.0,1.0,1.2877,1.0,0.0,0.0,1.0,1.0,0.0,5.4234,0.0,70-75,70-75
BAJAJFINSV.NS|2025-12-22|ensemble_lr0.20_rf0.30_xgb0.50,BAJAJFINSV.NS,2025-12-22,ensemble_lr0.20_rf0.30_xgb0.50,2024-12-23,2025-12-22,2025-12-22,2025-01-20,2025-12-19,2025-12-22,228,2025-12-22,False,0,0.5507246376811595,0.5252510439101513,0.78,0.7022785544395447,0.6901894860018025,1,69.02,0.6901894860018025,1,69.02,HOLD,0.5205,0.0411,Sideways,-0.165,0.0,unavailable_no_point_in_time_source,True,2048.05,2048.052490234375,2025-12-23,2045.854248046875,-0.1073,0,2025-12-26,2015.8797607421875,-1.5709,0.0,2025-12-30,2024.67236328125,-1.1416,0.0,2026-01-06,2042.8568115234375,-0.2537,0.0,1,0,0,1,0,1,-0.1072,1,0.0,0.0,1.0,0.0,1.0,-1.5708,1.0,0.0,0.0,1.0,0.0,1.0,-1.1415,1.0,0.0,0.0,1.0,0.0,1.0,-0.2536,1.0,65-70,65-70
BAJFINANCE.NS|2025-12-22|ensemble_lr0.20_rf0.30_xgb0.50,BAJFINANCE.NS,2025-12-22,ensemble_lr0.20_rf0.30_xgb0.50,2024-12-23,2025-12-22,2025-12-22,2025-01-20,2025-12-19,2025-12-22,228,2025-12-22,False,1,0.45652173913043476,0.6261951037673666,0.46,0.6412389278411865,0.5838584846740666,1,58.39,0.5838584846740666,1,58.39,HOLD,0.5043,0.0086,Sideways,-0.165,0.0,unavailable_no_point_in_time_source,True,1001.64,1001.6427001953125,2025-12-23,1005.220703125,0.3572,1,2025-12-26,993.8903198242188,-0.774,0.0,2025-12-30,983.2556762695312,-1.8357,0.0,2026-01-06,971.3787231445312,-3.0214,0.0,0,1,1,1,0,1,0.3575,1,0.0,0.0,0.0,1.0,1.0,-0.7737,1.0,0.0,0.0,0.0,1.0,1.0,-1.8354,1.0,0.0,0.0,0.0,1.0,0.0,-3.0212,0.0,55-60,55-60
BEL.NS|2025-12-22|ensemble_lr0.20_rf0.30_xgb0.50,BEL.NS,2025-12-22,ensemble_lr0.20_rf0.30_xgb0.50,2024-12-23,2025-12-22,2025-12-22,2025-01-20,2025-12-19,2025-12-22,228,2025-12-22,False,0,0.5797101449275363,0.46849237479474626,0.62,0.49395298957824707,0.5266749697480728,1,52.67,0.5266749697480728,1,52.67,HOLD,0.5704,0.1409,Sideways,0.0,0.0,unavailable_no_point_in_time_source,False,396.72,396.7202453613281,2025-12-23,397.1676940917969,0.1128,1,2025-12-26,396.2230224609375,-0.1253,0.0,2025-12-30,391.1017761230469,-1.4162,0.0,2026-01-06,410.7911682128906,3.5468,1.0,1,1,1,0,1,1,0.1128,1,0.0,0.0,1.0,0.0,1.0,-0.1253,1.0,0.0,0.0,1.0,0.0,1.0,-1.4162,1.0,1.0,1.0,0.0,1.0,0.0,3.5469,0.0,50-55,50-55
BPCL.NS|2025-12-22|ensemble_lr0.20_rf0.30_xgb0.50,BPCL.NS,2025-12-22,ensemble_lr0.20_rf0.30_xgb0.50,2024-12-23,2025-12-22,2025-12-22,2025-01-20,2025-12-19,2025-12-22,228,2025-12-22,False,0,0.5362318840579711,0.6529078414196873,0.48,0.07278396934270859,0.3109735529552917,0,68.9,0.3109735529552917,0,68.9,HOLD,0.5323,0.0645,Sideways,0.835,0.0,unavailable_no_point_in_time_source,True,359.75,359.7518615722656,2025-12-23,359.84912109375,0.027,1,2025-12-26,355.9588623046875,-1.0543,0.0,2025-12-30,359.3628234863281,-0.1081,0.0,2026-01-06,360.6271667480469,0.2433,1.0,1,0,0,0,1,1,0.0276,1,1.0,1.0,1.0,0.0,1.0,-1.0538,1.0,1.0,1.0,1.0,0.0,1.0,-0.1076,1.0,0.0,0.0,0.0,1.0,1.0,0.2438,1.0,65-70,65-70
AARTIIND.NS|2025-12-30|ensemble_lr0.20_rf0.30_xgb0.50,AARTIIND.NS,2025-12-30,ensemble_lr0.20_rf0.30_xgb0.50,2024-12-31,2025-12-30,2025-12-29,2025-01-27,2025-12-29,2025-12-30,228,2025-12-30,False,0,0.48550724637681153,0.36920916472854076,0.4,0.4827393591403961,0.43521151251590623,0,56.48,0.43521151251590623,0,56.48,SELL,0.379,-0.242,Bearish,0.0,0.0,unavailable_no_point_in_time_source,True,367.37,367.3697204589844,2025-12-31,373.158203125,1.5757,1,2026-01-02,376.2021789550781,2.4042,1.0,2026-01-06,374.305908203125,1.8881,1.0,2026-01-13,362.2798156738281,-1.3855,0.0,0,0,0,0,0,0,1.5756,0,0.0,0.0,0.0,0.0,0.0,2.4042,0.0,0.0,0.0,0.0,0.0,0.0,1.888,0.0,1.0,1.0,1.0,1.0,1.0,-1.3856,1.0,55-60,55-60
AAVAS.NS|2025-12-30|ensemble_lr0.20_rf0.30_xgb0.50,AAVAS.NS,2025-12-30,ensemble_lr0.20_rf0.30_xgb0.50,2024-12-31,2025-12-30,2025-12-29,2025-01-27,2025-12-29,2025-12-30,228,2025-12-30,False,0,0.43478260869565216,0.42181675395659307,0.2,0.23690995573997498,0.2628183286613061,0,73.72,0.2628183286613061,0,73.72,SELL,0.3742,-0.2516,Sideways,-0.5,0.0,unavailable_no_point_in_time_source,False,1466.0,1466.0,2025-12-31,1464.0,-0.1364,0,2026-01-02,1443.4000244140625,-1.5416,0.0,2026-01-06,1462.300048828125,-0.2524,0.0,2026-01-13,1447.0,-1.296,0.0,0,1,1,1,1,1,-0.1364,1,1.0,1.0,1.0,1.0,1.0,-1.5416,1.0,1.0,1.0,1.0,1.0,1.0,-0.2524,1.0,1.0,1.0,1.0,1.0,1.0,-1.296,1.0,70-75,70-75
ABCAPITAL.NS|2025-12-30|ensemble_lr0.20_rf0.30_xgb0.50,ABCAPITAL.NS,2025-12-30,ensemble_lr0.20_rf0.30_xgb0.50,2024-12-31,2025-12-30,2025-12-29,2025-01-27,2025-12-29,2025-12-30,228,2025-12-30,False,1,0.5217391304347826,0.22665353895992169,0.44,0.6205335259437561,0.4875974707638624,0,51.24,0.4875974707638624,0,51.24,BUY,0.5911,0.1821,Bullish,0.5,0.0,unavailable_no_point_in_time_source,False,349.3,349.29998779296875,2025-12-31,357.70001220703125,2.4048,1,2026-01-02,361.25,3.4211,1.0,2026-01-06,360.6499938964844,3.2494,1.0,2026-01-13,350.8500061035156,0.4437,1.0,1,0,0,1,1,1,2.4048,1,0.0,0.0,1.0,1.0,1.0,3.4211,1.0,0.0,0.0,1.0,1.0,1.0,3.2494,1.0,0.0,0.0,1.0,1.0,1.0,0.4437,1.0,50-55,50-55
ABFRL.NS|2025-12-30|ensemble_lr0.20_rf0.30_xgb0.50,ABFRL.NS,2025-12-30,ensemble_lr0.20_rf0.30_xgb0.50,2024-12-31,2025-12-30,2025-12-29,2025-01-27,2025-12-29,2025-12-30,228,2025-12-30,False,0,0.5,0.5235092218571181,0.6,0.5928093791007996,0.5811065339218234,1,58.11,0.5811065339218234,1,58.11,HOLD,0.5267,0.0534,Sideways,-0.165,0.0,unavailable_no_point_in_time_source,True,76.02,76.0199966430664,2025-12-31,76.77999877929688,0.9997,1,2026-01-02,78.16000366210938,2.8151,1.0,2026-01-06,77.44999694824219,1.8811,1.0,2026-01-13,73.31999969482422,-3.5517,0.0,0,1,1,0,0,1,0.9997,1,1.0,1.0,0.0,0.0,1.0,2.8151,1.0,1.0,1.0,0.0,0.0,1.0,1.8811,1.0,0.0,0.0,1.0,1.0,0.0,-3.5517,0.0,55-60,55-60
ACC.NS|2025-12-30|ensemble_lr0.20_rf0.30_xgb0.50,ACC.NS,2025-12-30,ensemble_lr0.20_rf0.30_xgb0.50,2024-12-31,2025-12-30,2025-12-29,2025-01-27,2025-12-29,2025-12-30,228,2025-12-30,False,0,0.49275362318840576,0.5732562232249409,0.52,0.6590101718902588,0.6001563305901176,1,60.02,0.6001563305901176,1,60.02,HOLD,0.4548,-0.0905,Sideways,-1.0,0.0,unavailable_no_point_in_time_source,False,1722.14,1722.135498046875,2025-12-31,1727.7032470703125,0.3233,1,2026-01-02,1738.739501953125,0.9642,1.0,2026-01-06,1741.9210205078125,1.1489,1.0,2026-01-13,1697.4781494140625,-1.4318,0.0,1,1,1,0,1,1,0.323,1,1.0,1.0,0.0,1.0,1.0,0.9639,1.0,1.0,1.0,0.0,1.0,1.0,1.1486,1.0,0.0,0.0,1.0,0.0,1.0,-1.432,1.0,60-65,60-65
ADANIENT.NS|2025-12-30|ensemble_lr0.20_rf0.30_xgb0.50,ADANIENT.NS,2025-12-30,ensemble_lr0.20_rf0.30_xgb0.50,2024-12-31,2025-12-30,2025-12-29,2025-01-27,2025-12-29,2025-12-30,228,2025-12-30,False,0,0.4057971014492754,0.6745397852812627,0.7,0.8930931687355042,0.7914545414240046,1,79.15,0.7914545414240046,1,79.15,HOLD,0.4527,-0.0946,Bearish,-0.5,0.0,unavailable_no_point_in_time_source,True,2213.71,2213.710205078125,2025-12-31,2238.698974609375,1.1288,1,2026-01-02,2278.78125,2.9395,1.0,2026-01-06,2258.090576171875,2.0048,1.0,2026-01-13,2157.535400390625,-2.5376,0.0,1,1,1,0,1,1,1.1288,1,1.0,1.0,0.0,1.0,1.0,2.9395,1.0,1.0,1.0,0.0,1.0,1.0,2.0048,1.0,0.0,0.0,1.0,0.0,1.0,-2.5376,1.0,75-80,75-80
ADANIPORTS.NS|2025-12-30|ensemble_lr0.20_rf0.30_xgb0.50,ADANIPORTS.NS,2025-12-30,ensemble_lr0.20_rf0.30_xgb0.50,2024-12-31,2025-12-30,2025-12-29,2025-01-27,2025-12-29,2025-12-30,228,2025-12-30,False,0,0.572463768115942,0.6361432884824754,0.66,0.4393029808998108,0.5448801481464005,1,54.49,0.5448801481464005,1,54.49,BUY,0.5854,0.1709,Sideways,-0.165,0.0,unavailable_no_point_in_time_source,False,1455.07,1455.067626953125,2025-12-31,1463.631591796875,0.5886,1,2026-01-02,1483.2489013671875,1.9368,1.0,2026-01-06,1467.017333984375,0.8212,1.0,2026-01-13,1422.6044921875,-2.231,0.0,1,1,1,0,1,1,0.5884,1,1.0,1.0,0.0,1.0,1.0,1.9366,1.0,1.0,1.0,0.0,1.0,1.0,0.8211,1.0,0.0,0.0,1.0,0.0,0.0,-2.2312,0.0,50-55,50-55
AETHER.NS|2025-12-30|ensemble_lr0.20_rf0.30_xgb0.50,AETHER.NS,2025-12-30,ensemble_lr0.20_rf0.30_xgb0.50,2024-12-31,2025-12-30,2025-12-29,2025-01-27,2025-12-29,2025-12-30,228,2025-12-30,False,0,0.5797101449275363,0.2919189332280716,0.1,0.38974329829216003,0.2832554357916943,0,71.67,0.2832554357916943,0,71.67,HOLD,0.4585,-0.0829,High Volatility,0.165,0.0,unavailable_no_point_in_time_source,False,832.65,832.6500244140625,2025-12-31,860.0999755859375,3.2967,1,2026-01-02,944.0999755859375,13.385,1.0,2026-01-06,997.75,19.8283,1.0,2026-01-13,989.4500122070312,18.8314,1.0,0,0,0,0,0,0,3.2967,0,0.0,0.0,0.0,0.0,0.0,13.385,0.0,0.0,0.0,0.0,0.0,0.0,19.8283,0.0,0.0,0.0,0.0,0.0,0.0,18.8314,0.0,70-75,70-75
AIAENG.NS|2025-12-30|ensemble_lr0.20_rf0.30_xgb0.50,AIAENG.NS,2025-12-30,ensemble_lr0.20_rf0.30_xgb0.50,2024-12-31,2025-12-30,2025-12-29,2025-01-27,2025-12-29,2025-12-30,228,2025-12-30,False,0,0.463768115942029,0.6079688471454829,0.4,0.5707314610481262,0.5269594999531597,1,52.7,0.5269594999531597,1,52.7,BUY,0.6294,0.2589,High Volatility,0.5,0.0,unavailable_no_point_in_time_source,False,3934.91,3934.908447265625,2025-12-31,4002.45458984375,1.7166,1,2026-01-02,4074.38427734375,3.5446,1.0,2026-01-06,4056.25244140625,3.0838,1.0,2026-01-13,3890.4755859375,-1.1292,0.0,1,1,1,0,1,1,1.7165,1,1.0,1.0,0.0,1.0,1.0,3.5445,1.0,1.0,1.0,0.0,1.0,1.0,3.0837,1.0,0.0,0.0,1.0,0.0,0.0,-1.1292,0.0,50-55,50-55
AJANTPHARM.NS|2025-12-30|ensemble_lr0.20_rf0.30_xgb0.50,AJANTPHARM.NS,2025-12-30,ensemble_lr0.20_rf0.30_xgb0.50,2024-12-31,2025-12-30,2025-12-29,2025-01-27,2025-12-29,2025-12-30,228,2025-12-30,False,0,0.5,0.7279367014523509,0.48,0.4557739496231079,0.5174743151020241,1,51.75,0.5174743151020241,1,51.75,STRONG BUY,0.7395,0.479,Bullish,0.835,0.0,unavailable_no_point_in_time_source,False,2702.15,2702.145751953125,2025-12-31,2743.7646484375,1.5402,1,2026-01-02,2922.427978515625,8.1521,1.0,2026-01-06,2818.5791015625,4.3089,1.0,2026-01-13,2705.8125,0.1357,1.0,1,1,1,0,1,1,1.5401,1,1.0,1.0,0.0,1.0,1.0,8.152,1.0,1.0,1.0,0.0,1.0,1.0,4.3088,1.0,1.0,1.0,0.0,1.0,1.0,0.1355,1.0,50-55,50-55
ALEMBICLTD.NS|2025-12-30|ensemble_lr0.20_rf0.30_xgb0.50,ALEMBICLTD.NS,2025-12-30,ensemble_lr0.20_rf0.30_xgb0.50,2024-12-31,2025-12-30,2025-12-29,2025-01-27,2025-12-29,2025-12-30,228,2025-12-30,False,0,0.6159420289855072,0.41514843784450334,0.3,0.21987071633338928,0.28296504573559533,0,71.7,0.28296504573559533,0,71.7,SELL,0.3888,-0.2224,Sideways,-0.165,0.0,unavailable_no_point_in_time_source,False,97.33,97.33322143554688,2025-12-31,98.54076385498047,1.2406,1,2026-01-02,100.66368865966797,3.4217,1.0,2026-01-06,97.96620178222656,0.6503,1.0,2026-01-13,95.87248992919922,-1.5008,0.0,0,0,0,0,0,0,1.244,0,0.0,0.0,0.0,0.0,0.0,3.4251,0.0,0.0,0.0,0.0,0.0,0.0,0.6537,0.0,1.0,1.0,1.0,1.0,1.0,-1.4975,1.0,70-75,70-75
ALKEM.NS|2025-12-30|ensemble_lr0.20_rf0.30_xgb0.50,ALKEM.NS,2025-12-30,ensemble_lr0.20_rf0.30_xgb0.50,2024-12-31,2025-12-30,2025-12-29,2025-01-27,2025-12-29,2025-12-30,228,2025-12-30,False,1,0.536231884057971,0.6795028508091543,0.4,0.5361846685409546,0.5239929044323082,1,52.4,0.5239929044323082,1,52.4,HOLD,0.5545,0.1089,Sideways,-0.335,0.0,unavailable_no_point_in_time_source,False,5415.57,5415.57177734375,2025-12-31,5452.70556640625,0.6857,1,2026-01-02,5537.865234375,2.2582,1.0,2026-01-06,5600.25,3.4101,1.0,2026-01-13,5806.21826171875,7.2134,1.0,0,1,1,1,0,1,0.6857,1,1.0,1.0,1.0,0.0,1.0,2.2582,1.0,1.0,1.0,1.0,0.0,0.0,3.4102,0.0,1.0,1.0,1.0,0.0,0.0,7.2134,0.0,50-55,50-55
AMBER.NS|2025-12-30|ensemble_lr0.20_rf0.30_xgb0.50,AMBER.NS,2025-12-30,ensemble_lr0.20_rf0.30_xgb0.50,2024-12-31,2025-12-30,2025-12-29,2025-01-27,2025-12-29,2025-12-30,228,2025-12-30,False,1,0.4202898550724638,0.25883705625147835,0.36,0.32982394099235535,0.32467938174647337,0,67.53,0.32467938174647337,0,67.53,SELL,0.3896,-0.2208,High Volatility,-0.33,0.0,unavailable_no_point_in_time_source,False,6264.5,6264.5,2025-12-31,6387.0,1.9555,1,2026-01-02,6482.5,3.4799,1.0,2026-01-06,6707.5,7.0716,1.0,2026-01-13,6145.5,-1.8996,0.0,0,0,0,1,0,0,1.9555,0,0.0,0.0,1.0,0.0,0.0,3.4799,0.0,0.0,0.0,1.0,0.0,0.0,7.0716,0.0,1.0,1.0,0.0,1.0,1.0,-1.8996,1.0,65-70,65-70
ANGELONE.NS|2025-12-30|ensemble_lr0.20_rf0.30_xgb0.50,ANGELONE.NS,2025-12-30,ensemble_lr0.20_rf0.30_xgb0.50,2024-12-31,2025-12-30,2025-12-29,2025-01-27,2025-12-29,2025-12-30,228,2025-12-30,False,1,0.463768115942029,0.5911297840271951,0.5,0.4656916558742523,0.5010717847425652,1,50.11,0.5010717847425652,1,50.11,HOLD,0.4535,-0.0929,High Volatility,-0.67,0.0,unavailable_no_point_in_time_source,False,230.27,230.26502990722656,2025-12-31,229.96087646484375,-0.1321,0,2026-01-02,234.2677459716797,1.7383,1.0,2026-01-06,236.56344604492188,2.7353,1.0,2026-01-13,239.31040954589844,3.9282,1.0,0,0,0,0,1,1,-0.1342,1,1.0,1.0,1.0,0.0,1.0,1.7361,1.0,1.0,1.0,1.0,0.0,1.0,2.7331,1.0,1.0,1.0,1.0,0.0,0.0,3.926,0.0,50-55,50-55
APARINDS.NS|2025-12-30|ensemble_lr0.20_rf0.30_xgb0.50,APARINDS.NS,2025-12-30,ensemble_lr0.20_rf0.30_xgb0.50,2024-12-31,2025-12-30,2025-12-29,2025-01-27,2025-12-29,2025-12-30,228,2025-12-30,False,0,0.5072463768115941,0.6326771626072699,0.52,0.3604595959186554,0.46276523048078166,0,53.72,0.46276523048078166,0,53.72,SELL,0.3948,-0.2104,Sideways,-0.335,0.0,unavailable_no_point_in_time_source,False,8354.99,8354.9931640625,2025-12-31,8338.5498046875,-0.1968,0,2026-01-02,8235.90625,-1.4253,0.0,2026-01-06,8153.69189453125,-2.4094,0.0,2026-01-13,7625.02734375,-8.7369,0.0,0,1,1,1,1,1,-0.1968,1,1.0,1.0,1.0,1.0,1.0,-1.4253,1.0,1.0,1.0,1.0,1.0,1.0,-2.4093,1.0,1.0,1.0,1.0,1.0,1.0,-8.7368,1.0,50-55,50-55
APOLLOHOSP.NS|2025-12-30|ensemble_lr0.20_rf0.30_xgb0.50,APOLLOHOSP.NS,2025-12-30,ensemble_lr0.20_rf0.30_xgb0.50,2024-12-31,2025-12-30,2025-12-29,2025-01-27,2025-12-29,2025-12-30,228,2025-12-30,False,0,0.4202898550724637,0.3356421876808983,0.34,0.2123417854309082,0.2752993302516338,0,72.47,0.2752993302516338,0,72.47,SELL,0.3578,-0.2845,Bearish,-0.165,0.0,unavailable_no_point_in_time_source,False,6972.62,6972.615234375,2025-12-31,7024.98486328125,0.7511,1,2026-01-02,7111.7685546875,1.9957,1.0,2026-01-06,7329.72509765625,5.1216,1.0,2026-01-13,7293.31591796875,4.5994,1.0,0,0,0,0,0,0,0.751,0,0.0,0.0,0.0,0.0,0.0,1.9956,0.0,0.0,0.0,0.0,0.0,0.0,5.1215,0.0,0.0,0.0,0.0,0.0,0.0,4.5994,0.0,70-75,70-75
APOLLOTYRE.NS|2025-12-30|ensemble_lr0.20_rf0.30_xgb0.50,APOLLOTYRE.NS,2025-12-30,ensemble_lr0.20_rf0.30_xgb0.50,2024-12-31,2025-12-30,2025-12-29,2025-01-27,2025-12-29,2025-12-30,228,2025-12-30,False,0,0.463768115942029,0.2915159815462431,0.2,0.3887198865413666,0.3126631395799319,0,68.73,0.3126631395799319,0,68.73,HOLD,0.4346,-0.1309,Sideways,-0.335,0.0,unavailable_no_point_in_time_source,True,487.89,487.89178466796875,2025-12-31,493.7176818847656,1.1941,1,2026-01-02,491.002197265625,0.6375,1.0,2026-01-06,512.97265625,5.1407,1.0,2026-01-13,513.9601440429688,5.3431,1.0,0,0,0,0,0,1,1.1945,1,0.0,0.0,0.0,0.0,1.0,0.6379,1.0,0.0,0.0,0.0,0.0,0.0,5.141,0.0,0.0,0.0,0.0,0.0,0.0,5.3434,0.0,65-70,65-70
ASHOKLEY.NS|2025-12-30|ensemble_lr0.20_rf0.30_xgb0.50,ASHOKLEY.NS,2025-12-30,ensemble_lr0.20_rf0.30_xgb0.50,2024-12-31,2025-12-30,2025-12-29,2025-01-27,2025-12-29,2025-12-30,228,2025-12-30,False,1,0.4710144927536232,0.2853710906304292,0.64,0.616335391998291,0.5572419141252314,1,55.72,0.5572419141252314,1,55.72,STRONG BUY,0.775,0.55,Bullish,1.0,0.0,unavailable_no_point_in_time_source,False,175.63,175.6338653564453,2025-12-31,176.18447875976562,0.3135,1,2026-01-02,185.61361694335938,5.6821,1.0,2026-01-06,183.02772521972656,4.2098,1.0,2026-01-13,182.5852813720703,3.9579,1.0,1,1,1,1,1,1,0.3157,1,1.0,1.0,1.0,1.0,1.0,5.6845,1.0,1.0,1.0,1.0,1.0,1.0,4.2121,1.0,1.0,1.0,1.0,1.0,1.0,3.9602,1.0,55-60,55-60
ASIANPAINT.NS|2025-12-30|ensemble_lr0.20_rf0.30_xgb0.50,ASIANPAINT.NS,2025-12-30,ensemble_lr0.20_rf0.30_xgb0.50,2024-12-31,2025-12-30,2025-12-29,2025-01-27,2025-12-29,2025-12-30,228,2025-12-30,False,1,0.45652173913043476,0.7225575721661764,0.62,0.6283522248268127,0.6446876268466417,1,64.47,0.6446876268466417,1,64.47,BUY,0.5802,0.1604,Sideways,0.335,0.0,unavailable_no_point_in_time_source,True,2734.57,2734.574951171875,2025-12-31,2745.678466796875,0.406,1,2026-01-02,2748.751953125,0.5184,1.0,2026-01-06,2821.322265625,3.1722,1.0,2026-01-13,2861.473876953125,4.6405,1.0,0,1,1,1,0,1,0.4062,1,1.0,1.0,1.0,0.0,1.0,0.5186,1.0,1.0,1.0,1.0,0.0,1.0,3.1724,1.0,1.0,1.0,1.0,0.0,1.0,4.6407,1.0,60-65,60-65
ASTRAL.NS|2025-12-30|ensemble_lr0.20_rf0.30_xgb0.50,ASTRAL.NS,2025-12-30,ensemble_lr0.20_rf0.30_xgb0.50,2024-12-31,2025-12-30,2025-12-29,2025-01-27,2025-12-29,2025-12-30,228,2025-12-30,False,0,0.48550724637681153,0.3047505321103521,0.38,0.40044689178466797,0.3751735523144044,0,62.48,0.3751735523144044,0,62.48,SELL,0.3618,-0.2765,Sideways,-0.835,0.0,unavailable_no_point_in_time_source,True,1358.16,1358.1639404296875,2025-12-31,1386.319580078125,2.0731,1,2026-01-02,1451.11767578125,6.8441,1.0,2026-01-06,1484.864501953125,9.3288,1.0,2026-01-13,1436.2410888671875,5.7487,1.0,0,0,0,0,0,0,2.0734,0,0.0,0.0,0.0,0.0,0.0,6.8444,0.0,0.0,0.0,0.0,0.0,0.0,9.3291,0.0,0.0,0.0,0.0,0.0,0.0,5.749,0.0,60-65,60-65
AUBANK.NS|2025-12-30|ensemble_lr0.20_rf0.30_xgb0.50,AUBANK.NS,2025-12-30,ensemble_lr0.20_rf0.30_xgb0.50,2024-12-31,2025-12-30,2025-12-29,2025-01-27,2025-12-29,2025-12-30,228,2025-12-30,False,1,0.5144927536231885,0.14953248873880612,0.42,0.5493342280387878,0.43057361176715514,0,56.94,0.43057361176715514,0,56.94,BUY,0.6014,0.2029,Bullish,0.665,0.0,unavailable_no_point_in_time_source,True,995.48,995.4832763671875,2025-12-31,993.53515625,-0.1957,0,2026-01-02,998.430419921875,0.2961,1.0,2026-01-06,1007.7713012695312,1.2344,1.0,2026-01-13,971.0070190429688,-2.4587,0.0,1,1,1,0,0,0,-0.1954,0,0.0,0.0,1.0,1.0,1.0,0.2964,1.0,0.0,0.0,1.0,1.0,1.0,1.2347,1.0,1.0,1.0,0.0,0.0,0.0,-2.4584,0.0,55-60,55-60
AXISBANK.NS|2025-12-30|ensemble_lr0.20_rf0.30_xgb0.50,AXISBANK.NS,2025-12-30,ensemble_lr0.20_rf0.30_xgb0.50,2024-12-31,2025-12-30,2025-12-29,2025-01-27,2025-12-29,2025-12-30,228,2025-12-30,False,0,0.4927536231884058,0.5788301623069126,0.8,0.682029128074646,0.6967805964987055,1,69.68,0.6967805964987055,1,69.68,BUY,0.6159,0.2318,Sideways,0.17,0.0,unavailable_no_point_in_time_source,True,1245.04,1245.039794921875,2025-12-31,1268.4217529296875,1.878,1,2026-01-02,1265.9237060546875,1.6774,1.0,2026-01-06,1292.802978515625,3.8363,1.0,2026-01-13,1261.0274658203125,1.2841,1.0,1,1,1,0,1,1,1.878,1,1.0,1.0,0.0,1.0,1.0,1.6774,1.0,1.0,1.0,0.0,1.0,1.0,3.8363,1.0,1.0,1.0,0.0,1.0,1.0,1.2841,1.0,65-70,65-70
BAJAJ-AUTO.NS|2025-12-30|ensemble_lr0.20_rf0.30_xgb0.50,BAJAJ-AUTO.NS,2025-12-30,ensemble_lr0.20_rf0.30_xgb0.50,2024-12-31,2025-12-30,2025-12-29,2025-01-27,2025-12-29,2025-12-30,228,2025-12-30,False,1,0.5434782608695653,0.7346907740020072,0.2,0.09707875549793243,0.25547753254936767,0,74.45,0.25547753254936767,0,74.45,HOLD,0.5753,0.1506,Sideways,0.835,0.0,unavailable_no_point_in_time_source,False,9153.18,9153.1845703125,2025-12-31,9213.337890625,0.6572,1,2026-01-02,9370.6240234375,2.3756,1.0,2026-01-06,9526.9248046875,4.0832,1.0,2026-01-13,9421.41015625,2.9304,1.0,1,0,0,1,1,1,0.6572,1,0.0,0.0,1.0,1.0,1.0,2.3756,1.0,0.0,0.0,1.0,1.0,0.0,4.0832,0.0,0.0,0.0,1.0,1.0,1.0,2.9305,1.0,70-75,70-75
BAJAJFINSV.NS|2025-12-30|ensemble_lr0.20_rf0.30_xgb0.50,BAJAJFINSV.NS,2025-12-30,ensemble_lr0.20_rf0.30_xgb0.50,2024-12-31,2025-12-30,2025-12-29,2025-01-27,2025-12-29,2025-12-30,228,2025-12-30,False,0,0.47826086956521746,0.475854552631952,0.52,0.7082715034484863,0.6053066622506336,1,60.53,0.6053066622506336,1,60.53,HOLD,0.5238,0.0476,Sideways,-0.165,0.0,unavailable_no_point_in_time_source,True,2024.67,2024.67236328125,2025-12-31,2038.160888671875,0.6662,1,2026-01-02,2036.662109375,0.5922,1.0,2026-01-06,2042.8568115234375,0.8981,1.0,2026-01-13,2009.4852294921875,-0.7501,0.0,1,1,1,0,1,1,0.6663,1,1.0,1.0,0.0,1.0,1.0,0.5923,1.0,1.0,1.0,0.0,1.0,1.0,0.8983,1.0,0.0,0.0,1.0,0.0,1.0,-0.75,1.0,60-65,60-65
BAJFINANCE.NS|2025-12-30|ensemble_lr0.20_rf0.30_xgb0.50,BAJFINANCE.NS,2025-12-30,ensemble_lr0.20_rf0.30_xgb0.50,2024-12-31,2025-12-30,2025-12-29,2025-01-27,2025-12-29,2025-12-30,228,2025-12-30,False,1,0.4710144927536232,0.40214042155385327,0.52,0.3324795365333557,0.4026678525774485,0,59.73,0.4026678525774485,0,59.73,SELL,0.4002,-0.1996,Sideways,-0.335,0.0,unavailable_no_point_in_time_source,True,983.26,983.2556762695312,2025-12-31,980.77099609375,-0.2527,0,2026-01-02,984.398681640625,0.1162,1.0,2026-01-06,971.3787231445312,-1.2079,0.0,2026-01-13,943.2019653320312,-4.0736,0.0,0,1,1,0,1,1,-0.2531,1,0.0,0.0,1.0,0.0,0.0,0.1158,0.0,1.0,1.0,0.0,1.0,1.0,-1.2084,1.0,1.0,1.0,0.0,1.0,1.0,-4.074,1.0,55-60,55-60
BEL.NS|2025-12-30|ensemble_lr0.20_rf0.30_xgb0.50,BEL.NS,2025-12-30,ensemble_lr0.20_rf0.30_xgb0.50,2024-12-31,2025-12-30,2025-12-29,2025-01-27,2025-12-29,2025-12-30,228,2025-12-30,False,0,0.5144927536231884,0.4225106360880998,0.48,0.39755359292030334,0.42727892367777165,0,57.27,0.42727892367777165,0,57.27,SELL,0.3975,-0.2051,Bearish,0.0,0.0,unavailable_no_point_in_time_source,True,391.1,391.1017761230469,2025-12-31,397.3666076660156,1.6018,1,2026-01-02,400.8967590332031,2.5045,1.0,2026-01-06,410.7911682128906,5.0343,1.0,2026-01-13,411.3878173828125,5.1869,1.0,1,0,0,0,1,0,1.6023,0,0.0,0.0,0.0,1.0,0.0,2.5049,0.0,0.0,0.0,0.0,1.0,0.0,5.0348,0.0,0.0,0.0,0.0,1.0,0.0,5.1874,0.0,55-60,55-60
BPCL.NS|2025-12-30|ensemble_lr0.20_rf0.30_xgb0.50,BPCL.NS,2025-12-30,ensemble_lr0.20_rf0.30_xgb0.50,2024-12-31,2025-12-30,2025-12-29,2025-01-27,2025-12-29,2025-12-30,228,2025-12-30,False,0,0.5217391304347826,0.6283702999748899,0.44,0.20235654711723328,0.35885233355359464,0,64.11,0.35885233355359464,0,64.11,HOLD,0.5614,0.1229,Sideways,0.835,0.0,unavailable_no_point_in_time_source,True,359.36,359.3628234863281,2025-12-31,373.46502685546875,3.9242,1,2026-01-02,370.9849853515625,3.2341,1.0,2026-01-06,360.6271667480469,0.3518,1.0,2026-01-13,345.35791015625,-3.8972,0.0,0,0,0,0,0,0,3.925,0,0.0,0.0,0.0,0.0,0.0,3.2349,0.0,0.0,0.0,0.0,0.0,1.0,0.3526,1.0,1.0,1.0,1.0,1.0,0.0,-3.8964,0.0,60-65,60-65
AARTIIND.NS|2026-01-06|ensemble_lr0.20_rf0.30_xgb0.50,AARTIIND.NS,2026-01-06,ensemble_lr0.20_rf0.30_xgb0.50,2025-01-07,2026-01-06,2026-01-05,2025-02-01,2026-01-05,2026-01-06,228,2026-01-06,False,0,0.5,0.40870739277051776,0.56,0.3257453441619873,0.4126141506350972,0,58.74,0.4126141506350972,0,58.74,HOLD,0.4556,-0.0889,Sideways,0.165,0.0,unavailable_no_point_in_time_source,True,374.31,374.305908203125,2026-01-07,375.15423583984375,0.2266,1,2026-01-09,360.9324951171875,-3.5729,0.0,2026-01-13,362.2798156738281,-3.2129,0.0,2026-01-21,339.3254699707031,-9.3454,0.0,1,0,0,0,1,1,0.2255,1,1.0,1.0,1.0,0.0,0.0,-3.5739,0.0,1.0,1.0,1.0,0.0,0.0,-3.214,0.0,1.0,1.0,1.0,0.0,0.0,-9.3464,0.0,55-60,55-60
AAVAS.NS|2026-01-06|ensemble_lr0.20_rf0.30_xgb0.50,AAVAS.NS,2026-01-06,ensemble_lr0.20_rf0.30_xgb0.50,2025-01-07,2026-01-06,2026-01-05,2025-02-01,2026-01-05,2026-01-06,228,2026-01-06,False,0,0.3333333333333333,0.503935786443032,0.44,0.27373820543289185,0.36965626000505236,0,63.03,0.36965626000505236,0,63.03,SELL,0.4091,-0.1819,Sideways,-0.335,0.0,unavailable_no_point_in_time_source,False,1462.3,1462.300048828125,2026-01-07,1467.199951171875,0.3351,1,2026-01-09,1449.4000244140625,-0.8822,0.0,2026-01-13,1447.0,-1.0463,0.0,2026-01-21,1388.0999755859375,-5.0742,0.0,1,0,0,0,1,0,0.3351,0,1.0,1.0,1.0,0.0,1.0,-0.8822,1.0,1.0,1.0,1.0,0.0,1.0,-1.0463,1.0,1.0,1.0,1.0,0.0,1.0,-5.0742,1.0,60-65,60-65
ABCAPITAL.NS|2026-01-06|ensemble_lr0.20_rf0.30_xgb0.50,ABCAPITAL.NS,2026-01-06,ensemble_lr0.20_rf0.30_xgb0.50,2025-01-07,2026-01-06,2026-01-05,2025-02-01,2026-01-05,2026-01-06,228,2026-01-06,False,1,0.5507246376811594,0.3608808099029852,0.28,0.21706385910511017,0.2647080915331521,0,73.53,0.2647080915331521,0,73.53,BUY,0.6408,0.2815,Bullish,1.0,0.0,unavailable_no_point_in_time_source,True,360.65,360.6499938964844,2026-01-07,361.1000061035156,0.1248,1,2026-01-09,353.8500061035156,-1.8855,0.0,2026-01-13,350.8500061035156,-2.7173,0.0,2026-01-21,346.25,-3.9928,0.0,0,0,0,1,0,1,0.1248,1,1.0,1.0,0.0,1.0,0.0,-1.8855,0.0,1.0,1.0,0.0,1.0,0.0,-2.7173,0.0,1.0,1.0,0.0,1.0,0.0,-3.9928,0.0,70-75,70-75
ABFRL.NS|2026-01-06|ensemble_lr0.20_rf0.30_xgb0.50,ABFRL.NS,2026-01-06,ensemble_lr0.20_rf0.30_xgb0.50,2025-01-07,2026-01-06,2026-01-05,2025-02-01,2026-01-05,2026-01-06,228,2026-01-06,False,0,0.463768115942029,0.46568838169540355,0.48,0.36186280846595764,0.4180690805720595,0,58.19,0.4180690805720595,0,58.19,HOLD,0.441,-0.118,Sideways,-0.165,0.0,unavailable_no_point_in_time_source,True,77.45,77.44999694824219,2026-01-07,77.29000091552734,-0.2066,0,2026-01-09,74.54000091552734,-3.7573,0.0,2026-01-13,73.31999969482422,-5.3325,0.0,2026-01-21,64.72000122070312,-16.4364,0.0,1,1,1,1,0,1,-0.2066,1,1.0,1.0,1.0,0.0,0.0,-3.7573,0.0,1.0,1.0,1.0,0.0,0.0,-5.3325,0.0,1.0,1.0,1.0,0.0,0.0,-16.4364,0.0,55-60,55-60
ACC.NS|2026-01-06|ensemble_lr0.20_rf0.30_xgb0.50,ACC.NS,2026-01-06,ensemble_lr0.20_rf0.30_xgb0.50,2025-01-07,2026-01-06,2026-01-05,2025-02-01,2026-01-05,2026-01-06,228,2026-01-06,False,0,0.5,0.6441062353628253,0.62,0.6228008270263672,0.6262216605857487,1,62.62,0.6262216605857487,1,62.62,HOLD,0.4969,-0.0062,Sideways,-0.5,0.0,unavailable_no_point_in_time_source,False,1741.92,1741.9210205078125,2026-01-07,1745.3013916015625,0.1941,1,2026-01-09,1693.4017333984375,-2.7854,0.0,2026-01-13,1697.4781494140625,-2.5514,0.0,2026-01-21,1706.823974609375,-2.0148,0.0,0,1,1,0,0,1,0.1941,1,0.0,0.0,1.0,1.0,1.0,-2.7853,1.0,0.0,0.0,1.0,1.0,1.0,-2.5513,1.0,0.0,0.0,1.0,1.0,1.0,-2.0148,1.0,60-65,60-65
ADANIENT.NS|2026-01-06|ensemble_lr0.20_rf0.30_xgb0.50,ADANIENT.NS,2026-01-06,ensemble_lr0.20_rf0.30_xgb0.50,2025-01-07,2026-01-06,2026-01-05,2025-02-01,2026-01-05,2026-01-06,228,2026-01-06,False,0,0.4420289855072464,0.7614623863347164,0.4,0.5738242864608765,0.5592046204973815,1,55.92,0.5592046204973815,1,55.92,HOLD,0.5232,0.0464,Sideways,-0.335,0.0,unavailable_no_point_in_time_source,True,2258.09,2258.090576171875,2026-01-07,2273.083740234375,0.664,1,2026-01-09,2152.737548828125,-4.6656,0.0,2026-01-13,2157.535400390625,-4.4531,0.0,2026-01-21,2031.291748046875,-10.0438,0.0,0,1,1,0,0,1,0.664,1,0.0,0.0,1.0,1.0,0.0,-4.6656,0.0,0.0,0.0,1.0,1.0,0.0,-4.4531,0.0,0.0,0.0,1.0,1.0,0.0,-10.0438,0.0,55-60,55-60
ADANIPORTS.NS|2026-01-06|ensemble_lr0.20_rf0.30_xgb0.50,ADANIPORTS.NS,2026-01-06,ensemble_lr0.20_rf0.30_xgb0.50,2025-01-07,2026-01-06,2026-01-05,2025-02-01,2026-01-05,2026-01-06,228,2026-01-06,False,1,0.4927536231884058,0.42528039520071226,0.52,0.4160141050815582,0.4490631315809216,0,55.09,0.4490631315809216,0,55.09,HOLD,0.4521,-0.0958,Sideways,-0.165,0.0,unavailable_no_point_in_time_source,True,1467.02,1467.017333984375,2026-01-07,1459.1505126953125,-0.5362,0,2026-01-09,1429.8739013671875,-2.5319,0.0,2026-01-13,1422.6044921875,-3.0274,0.0,2026-01-21,1372.8143310546875,-6.4214,0.0,0,1,1,0,1,1,-0.5364,1,1.0,1.0,0.0,1.0,1.0,-2.5321,1.0,1.0,1.0,0.0,1.0,0.0,-3.0276,0.0,1.0,1.0,0.0,1.0,0.0,-6.4216,0.0,55-60,55-60
AETHER.NS|2026-01-06|ensemble_lr0.20_rf0.30_xgb0.50,AETHER.NS,2026-01-06,ensemble_lr0.20_rf0.30_xgb0.50,2025-01-07,2026-01-06,2026-01-05,2025-02-01,2026-01-05,2026-01-06,228,2026-01-06,False,0,0.5579710144927535,0.7565501323205793,0.82,0.6494194865226746,0.7220197697254531,1,72.2,0.7220197697254531,1,72.2,STRONG BUY,0.744,0.488,High Volatility,1.0,0.0,unavailable_no_point_in_time_source,False,997.75,997.75,2026-01-07,997.7999877929688,0.005,1,2026-01-09,979.8499755859375,-1.794,0.0,2026-01-13,989.4500122070312,-0.8319,0.0,2026-01-21,962.8499755859375,-3.4979,0.0,1,1,1,0,1,1,0.005,1,0.0,0.0,1.0,0.0,0.0,-1.794,0.0,0.0,0.0,1.0,0.0,0.0,-0.8319,0.0,0.0,0.0,1.0,0.0,0.0,-3.4979,0.0,70-75,70-75
AIAENG.NS|2026-01-06|ensemble_lr0.20_rf0.30_xgb0.50,AIAENG.NS,2026-01-06,ensemble_lr0.20_rf0.30_xgb0.50,2025-01-07,2026-01-06,2026-01-05,2025-02-01,2026-01-05,2026-01-06,228,2026-01-06,False,0,0.43478260869565216,0.44162517258480105,0.32,0.4436752200126648,0.40616264452329265,0,59.38,0.40616264452329265,0,59.38,BUY,0.6027,0.2054,High Volatility,1.0,0.0,unavailable_no_point_in_time_source,False,4056.25,4056.25244140625,2026-01-07,3974.260498046875,-2.0214,0,2026-01-09,3938.8935546875,-2.8933,0.0,2026-01-13,3890.4755859375,-4.0869,0.0,2026-01-21,3707.364013671875,-8.6013,0.0,0,1,1,1,1,0,-2.0213,0,1.0,1.0,1.0,1.0,0.0,-2.8932,0.0,1.0,1.0,1.0,1.0,0.0,-4.0869,0.0,1.0,1.0,1.0,1.0,0.0,-8.6012,0.0,55-60,55-60
AJANTPHARM.NS|2026-01-06|ensemble_lr0.20_rf0.30_xgb0.50,AJANTPHARM.NS,2026-01-06,ensemble_lr0.20_rf0.30_xgb0.50,2025-01-07,2026-01-06,2026-01-05,2025-02-01,2026-01-05,2026-01-06,228,2026-01-06,False,0,0.5362318840579711,0.17430896188763742,0.06,0.08262050896883011,0.09417204686194254,0,90.58,0.09417204686194254,0,90.58,BUY,0.6299,0.2598,Bullish,0.835,0.0,unavailable_no_point_in_time_source,False,2818.58,2818.5791015625,2026-01-07,2828.09228515625,0.3375,1,2026-01-09,2739.50390625,-2.8055,0.0,2026-01-13,2705.8125,-4.0008,0.0,2026-01-21,2688.471435546875,-4.6161,0.0,0,0,0,0,0,1,0.3375,1,1.0,1.0,1.0,1.0,0.0,-2.8055,0.0,1.0,1.0,1.0,1.0,0.0,-4.0009,0.0,1.0,1.0,1.0,1.0,0.0,-4.6161,0.0,90-95,90-95
ALEMBICLTD.NS|2026-01-06|ensemble_lr0.20_rf0.30_xgb0.50,ALEMBICLTD.NS,2026-01-06,ensemble_lr0.20_rf0.30_xgb0.50,2025-01-07,2026-01-06,2026-01-05,2025-02-01,2026-01-05,2026-01-06,228,2026-01-06,False,0,0.5869565217391304,0.4960049148839861,0.28,0.06356910616159439,0.21498553605759443,0,78.5,0.21498553605759443,0,78.5,HOLD,0.4336,-0.1327,Sideways,0.165,0.0,unavailable_no_point_in_time_source,False,97.97,97.96620178222656,2026-01-07,98.0246353149414,0.0596,1,2026-01-09,95.44401550292969,-2.5745,0.0,2026-01-13,95.87248992919922,-2.1372,0.0,2026-01-21,88.77335357666016,-9.3837,0.0,0,0,0,0,0,1,0.0558,1,1.0,1.0,1.0,1.0,1.0,-2.5783,1.0,1.0,1.0,1.0,1.0,1.0,-2.141,1.0,1.0,1.0,1.0,1.0,0.0,-9.3872,0.0,75-80,75-80
ALKEM.NS|2026-01-06|ensemble_lr0.20_rf0.30_xgb0.50,ALKEM.NS,2026-01-06,ensemble_lr0.20_rf0.30_xgb0.50,2025-01-07,2026-01-06,2026-01-05,2025-02-01,2026-01-05,2026-01-06,228,2026-01-06,False,1,0.5144927536231884,0.13843180724036602,0.42,0.6233475208282471,0.4653601218621968,0,53.46,0.4653601218621968,0,53.46,HOLD,0.5485,0.0971,Sideways,0.33,0.0,unavailable_no_point_in_time_source,False,5600.25,5600.25,2026-01-07,5749.7744140625,2.67,1,2026-01-09,5742.34814453125,2.5374,1.0,2026-01-13,5806.21826171875,3.6778,1.0,2026-01-21,5601.240234375,0.0177,1.0,1,0,0,1,1,1,2.67,1,0.0,0.0,1.0,1.0,1.0,2.5374,1.0,0.0,0.0,1.0,1.0,0.0,3.6778,0.0,0.0,0.0,1.0,1.0,1.0,0.0177,1.0,50-55,50-55
AMBER.NS|2026-01-06|ensemble_lr0.20_rf0.30_xgb0.50,AMBER.NS,2026-01-06,ensemble_lr0.20_rf0.30_xgb0.50,2025-01-07,2026-01-06,2026-01-05,2025-02-01,2026-01-05,2026-01-06,228,2026-01-06,False,1,0.4420289855072464,0.40997552849584495,0.4,0.5425108075141907,0.47325050945626435,0,52.67,0.47325050945626435,0,52.67,HOLD,0.4411,-0.1179,Sideways,0.0,0.0,unavailable_no_point_in_time_source,False,6707.5,6707.5,2026-01-07,6653.0,-0.8125,0,2026-01-09,6329.5,-5.6355,0.0,2026-01-13,6145.5,-8.3787,0.0,2026-01-21,5784.0,-13.7682,0.0,0,1,1,0,1,1,-0.8125,1,1.0,1.0,0.0,1.0,0.0,-5.6355,0.0,1.0,1.0,0.0,1.0,0.0,-8.3787,0.0,1.0,1.0,0.0,1.0,0.0,-13.7682,0.0,50-55,50-55
ANGELONE.NS|2026-01-06|ensemble_lr0.20_rf0.30_xgb0.50,ANGELONE.NS,2026-01-06,ensemble_lr0.20_rf0.30_xgb0.50,2025-01-07,2026-01-06,2026-01-05,2025-02-01,2026-01-05,2026-01-06,228,2026-01-06,False,1,0.48550724637681153,0.6110890058224876,0.66,0.5276437997817993,0.5840397010553973,1,58.4,0.5840397010553973,1,58.4,SELL,0.4052,-0.1896,Bearish,-0.67,0.0,unavailable_no_point_in_time_source,True,236.56,236.56344604492188,2026-01-07,242.38111877441406,2.4592,1,2026-01-09,228.9307861328125,-3.2265,0.0,2026-01-13,239.31040954589844,1.1612,1.0,2026-01-21,250.5816192626953,5.9258,1.0,1,1,1,1,1,0,2.4607,0,0.0,0.0,0.0,0.0,1.0,-3.2251,1.0,1.0,1.0,1.0,1.0,0.0,1.1627,0.0,1.0,1.0,1.0,1.0,0.0,5.9273,0.0,55-60,55-60
APARINDS.NS|2026-01-06|ensemble_lr0.20_rf0.30_xgb0.50,APARINDS.NS,2026-01-06,ensemble_lr0.20_rf0.30_xgb0.50,2025-01-07,2026-01-06,2026-01-05,2025-02-01,2026-01-05,2026-01-06,228,2026-01-06,False,0,0.5072463768115942,0.5394098221864347,0.6,0.3355115056037903,0.4556377172391821,0,54.44,0.4556377172391821,0,54.44,SELL,0.3822,-0.2356,Sideways,-0.5,0.0,unavailable_no_point_in_time_source,False,8153.69,8153.69189453125,2026-01-07,8155.68505859375,0.0244,1,2026-01-09,8159.6708984375,0.0733,1.0,2026-01-13,7625.02734375,-6.4837,0.0,2026-01-21,6941.89892578125,-14.8619,0.0,1,0,0,0,1,0,0.0245,0,0.0,0.0,0.0,1.0,0.0,0.0734,0.0,1.0,1.0,1.0,0.0,1.0,-6.4837,1.0,1.0,1.0,1.0,0.0,1.0,-14.8619,1.0,50-55,50-55
APOLLOHOSP.NS|2026-01-06|ensemble_lr0.20_rf0.30_xgb0.50,APOLLOHOSP.NS,2026-01-06,ensemble_lr0.20_rf0.30_xgb0.50,2025-01-07,2026-01-06,2026-01-05,2025-02-01,2026-01-05,2026-01-06,228,2026-01-06,False,0,0.5217391304347826,0.5240320374282122,0.34,0.1976935863494873,0.30565320066038615,0,69.43,0.30565320066038615,0,69.43,HOLD,0.5318,0.0636,Bullish,0.165,0.0,unavailable_no_point_in_time_source,False,7329.73,7329.72509765625,2026-01-07,7428.9775390625,1.3541,1,2026-01-09,7238.45263671875,-1.2452,0.0,2026-01-13,7293.31591796875,-0.4967,0.0,2026-01-21,6809.52197265625,-7.0972,0.0,1,0,0,0,1,1,1.354,1,1.0,1.0,1.0,0.0,1.0,-1.2453,1.0,1.0,1.0,1.0,0.0,1.0,-0.4968,1.0,1.0,1.0,1.0,0.0,0.0,-7.0972,0.0,65-70,65-70
APOLLOTYRE.NS|2026-01-06|ensemble_lr0.20_rf0.30_xgb0.50,APOLLOTYRE.NS,2026-01-06,ensemble_lr0.20_rf0.30_xgb0.50,2025-01-07,2026-01-06,2026-01-05,2025-02-01,2026-01-05,2026-01-06,228,2026-01-06,False,0,0.49275362318840576,0.7298270753393933,0.44,0.535955548286438,0.5459431892110976,1,54.59,0.5459431892110976,1,54.59,BUY,0.6564,0.3127,Sideways,0.33,0.0,unavailable_no_point_in_time_source,False,512.97,512.97265625,2026-01-07,511.047119140625,-0.3754,0,2026-01-09,498.0623779296875,-2.9066,0.0,2026-01-13,513.9601440429688,0.1925,1.0,2026-01-21,495.6925354003906,-3.3686,0.0,1,0,0,1,0,0,-0.3749,0,0.0,0.0,1.0,0.0,0.0,-2.9061,0.0,1.0,1.0,0.0,1.0,1.0,0.193,1.0,0.0,0.0,1.0,0.0,0.0,-3.3681,0.0,50-55,50-55
ASHOKLEY.NS|2026-01-06|ensemble_lr0.20_rf0.30_xgb0.50,ASHOKLEY.NS,2026-01-06,ensemble_lr0.20_rf0.30_xgb0.50,2025-01-07,2026-01-06,2026-01-05,2025-02-01,2026-01-05,2026-01-06,228,2026-01-06,False,1,0.463768115942029,0.8895333226879502,0.4,0.3198785185813904,0.45784592382828526,0,54.22,0.45784592382828526,0,54.22,BUY,0.6565,0.313,Bullish,1.0,0.0,unavailable_no_point_in_time_source,False,183.03,183.02772521972656,2026-01-07,182.99822998046875,-0.0161,0,2026-01-09,184.6107177734375,0.8649,1.0,2026-01-13,182.5852813720703,-0.2417,0.0,2026-01-21,178.20008850097656,-2.6377,0.0,0,1,1,0,1,0,-0.0174,0,0.0,0.0,1.0,0.0,1.0,0.8636,1.0,1.0,1.0,0.0,1.0,0.0,-0.243,0.0,1.0,1.0,0.0,1.0,0.0,-2.6389,0.0,50-55,50-55
ASIANPAINT.NS|2026-01-06|ensemble_lr0.20_rf0.30_xgb0.50,ASIANPAINT.NS,2026-01-06,ensemble_lr0.20_rf0.30_xgb0.50,2025-01-07,2026-01-06,2026-01-05,2025-02-01,2026-01-05,2026-01-06,228,2026-01-06,False,1,0.49275362318840576,0.9147890653084694,0.56,0.6865744590759277,0.6942450425996578,1,69.42,0.6942450425996578,1,69.42,BUY,0.6744,0.3488,Sideways,0.835,0.0,unavailable_no_point_in_time_source,True,2821.32,2821.322265625,2026-01-07,2785.235107421875,-1.2791,0,2026-01-09,2801.19677734375,-0.7133,0.0,2026-01-13,2861.473876953125,1.4231,1.0,2026-01-21,2638.2109375,-6.4903,0.0,1,0,0,0,0,0,-1.279,0,0.0,0.0,0.0,0.0,0.0,-0.7133,0.0,1.0,1.0,1.0,1.0,1.0,1.4232,1.0,0.0,0.0,0.0,0.0,0.0,-6.4902,0.0,65-70,65-70
ASTRAL.NS|2026-01-06|ensemble_lr0.20_rf0.30_xgb0.50,ASTRAL.NS,2026-01-06,ensemble_lr0.20_rf0.30_xgb0.50,2025-01-07,2026-01-06,2026-01-05,2025-02-01,2026-01-05,2026-01-06,228,2026-01-06,False,0,0.5072463768115942,0.23278386020958072,0.42,0.45045921206474304,0.3977863780742877,0,60.22,0.3977863780742877,0,60.22,HOLD,0.4678,-0.0644,Sideways,0.335,0.0,unavailable_no_point_in_time_source,False,1484.86,1484.864501953125,2026-01-07,1500.2403564453125,1.0355,1,2026-01-09,1446.724609375,-2.5686,0.0,2026-01-13,1436.2410888671875,-3.2746,0.0,2026-01-21,1345.68359375,-9.3733,0.0,0,0,0,0,0,1,1.0358,1,1.0,1.0,1.0,1.0,1.0,-2.5683,1.0,1.0,1.0,1.0,1.0,0.0,-3.2743,0.0,1.0,1.0,1.0,1.0,0.0,-9.373,0.0,60-65,60-65
AUBANK.NS|2026-01-06|ensemble_lr0.20_rf0.30_xgb0.50,AUBANK.NS,2026-01-06,ensemble_lr0.20_rf0.30_xgb0.50,2025-01-07,2026-01-06,2026-01-05,2025-02-01,2026-01-05,2026-01-06,228,2026-01-06,False,1,0.5144927536231884,0.5444960196114144,0.24,0.629508376121521,0.49565339198304337,0,50.43,0.49565339198304337,0,50.43,HOLD,0.5737,0.1474,Bullish,0.665,0.0,unavailable_no_point_in_time_source,False,1007.77,1007.7713012695312,2026-01-07,1003.5753784179688,-0.4164,0,2026-01-09,998.2305908203125,-0.9467,0.0,2026-01-13,971.0070190429688,-3.6481,0.0,2026-01-21,993.934814453125,-1.373,0.0,0,1,1,0,1,1,-0.4162,1,1.0,1.0,0.0,1.0,1.0,-0.9466,1.0,1.0,1.0,0.0,1.0,0.0,-3.648,0.0,1.0,1.0,0.0,1.0,1.0,-1.3729,1.0,50-55,50-55
AXISBANK.NS|2026-01-06|ensemble_lr0.20_rf0.30_xgb0.50,AXISBANK.NS,2026-01-06,ensemble_lr0.20_rf0.30_xgb0.50,2025-01-07,2026-01-06,2026-01-05,2025-02-01,2026-01-05,2026-01-06,228,2026-01-06,False,0,0.4710144927536232,0.4896123289025284,0.66,0.768044650554657,0.6799447910578342,1,67.99,0.6799447910578342,1,67.99,STRONG BUY,0.7575,0.5151,Bullish,1.0,0.0,unavailable_no_point_in_time_source,True,1292.8,1292.802978515625,2026-01-07,1294.501708984375,0.1314,1,2026-01-09,1271.019775390625,-1.685,0.0,2026-01-13,1261.0274658203125,-2.4579,0.0,2026-01-21,1283.9097900390625,-0.6879,0.0,1,1,1,0,1,1,0.1316,1,0.0,0.0,1.0,0.0,0.0,-1.6847,0.0,0.0,0.0,1.0,0.0,0.0,-2.4577,0.0,0.0,0.0,1.0,0.0,0.0,-0.6877,0.0,65-70,65-70
BAJAJ-AUTO.NS|2026-01-06|ensemble_lr0.20_rf0.30_xgb0.50,BAJAJ-AUTO.NS,2026-01-06,ensemble_lr0.20_rf0.30_xgb0.50,2025-01-07,2026-01-06,2026-01-05,2025-02-01,2026-01-05,2026-01-06,228,2026-01-06,False,1,0.5289855072463768,0.6656514551768888,0.7,0.47517701983451843,0.580718800952637,1,58.07,0.580718800952637,1,58.07,STRONG BUY,0.7391,0.4781,Bullish,1.0,0.0,unavailable_no_point_in_time_source,False,9526.92,9526.9248046875,2026-01-07,9653.6416015625,1.3301,1,2026-01-09,9429.7919921875,-1.0196,0.0,2026-01-13,9421.41015625,-1.1075,0.0,2026-01-21,9051.6142578125,-4.9891,0.0,1,1,1,1,1,1,1.3301,1,0.0,0.0,0.0,0.0,0.0,-1.0195,0.0,0.0,0.0,0.0,0.0,0.0,-1.1075,0.0,0.0,0.0,0.0,0.0,0.0,-4.9891,0.0,55-60,55-60
BAJAJFINSV.NS|2026-01-06|ensemble_lr0.20_rf0.30_xgb0.50,BAJAJFINSV.NS,2026-01-06,ensemble_lr0.20_rf0.30_xgb0.50,2025-01-07,2026-01-06,2026-01-05,2025-02-01,2026-01-05,2026-01-06,228,2026-01-06,False,0,0.5797101449275363,0.5943941743585772,0.48,0.4325476586818695,0.4791526642126502,0,52.08,0.4791526642126502,0,52.08,HOLD,0.4629,-0.0742,Sideways,0.165,0.0,unavailable_no_point_in_time_source,False,2042.86,2042.8568115234375,2026-01-07,2030.1676025390625,-0.6212,0,2026-01-09,1990.7012939453125,-2.5531,0.0,2026-01-13,2009.4852294921875,-1.6336,0.0,2026-01-21,1958.22900390625,-4.1426,0.0,1,1,1,1,0,1,-0.6213,1,1.0,1.0,1.0,0.0,1.0,-2.5532,1.0,1.0,1.0,1.0,0.0,1.0,-1.6337,1.0,1.0,1.0,1.0,0.0,0.0,-4.1428,0.0,50-55,50-55
BAJFINANCE.NS|2026-01-06|ensemble_lr0.20_rf0.30_xgb0.50,BAJFINANCE.NS,2026-01-06,ensemble_lr0.20_rf0.30_xgb0.50,2025-01-07,2026-01-06,2026-01-05,2025-02-01,2026-01-05,2026-01-06,228,2026-01-06,False,1,0.4565217391304348,0.4127812500248052,0.48,0.7174888253211975,0.5853006626655598,1,58.53,0.5853006626655598,1,58.53,HOLD,0.5116,0.0232,Sideways,-0.335,0.0,unavailable_no_point_in_time_source,True,971.38,971.3787231445312,2026-01-07,962.8809814453125,-0.8748,0,2026-01-09,953.7371215820312,-1.8161,0.0,2026-01-13,943.2019653320312,-2.9007,0.0,2026-01-21,930.5298461914062,-4.2052,0.0,0,0,0,0,1,1,-0.8749,1,0.0,0.0,0.0,1.0,1.0,-1.8163,1.0,0.0,0.0,0.0,1.0,1.0,-2.9008,1.0,0.0,0.0,0.0,1.0,0.0,-4.2054,0.0,55-60,55-60
BEL.NS|2026-01-06|ensemble_lr0.20_rf0.30_xgb0.50,BEL.NS,2026-01-06,ensemble_lr0.20_rf0.30_xgb0.50,2025-01-07,2026-01-06,2026-01-05,2025-02-01,2026-01-05,2026-01-06,228,2026-01-06,False,0,0.5362318840579711,0.4616205489680126,0.34,0.41511136293411255,0.4018797912606588,0,59.81,0.4018797912606588,0,59.81,HOLD,0.5229,0.0459,Bullish,0.335,0.0,unavailable_no_point_in_time_source,True,410.79,410.7911682128906,2026-01-07,413.3268737792969,0.6173,1,2026-01-09,416.31011962890625,1.3435,1.0,2026-01-13,411.3878173828125,0.1452,1.0,2026-01-21,400.3995361328125,-2.5297,0.0,0,0,0,0,0,1,0.6176,1,0.0,0.0,0.0,0.0,1.0,1.3438,1.0,0.0,0.0,0.0,0.0,1.0,0.1455,1.0,1.0,1.0,1.0,1.0,1.0,-2.5294,1.0,55-60,55-60
BPCL.NS|2026-01-06|ensemble_lr0.20_rf0.30_xgb0.50,BPCL.NS,2026-01-06,ensemble_lr0.20_rf0.30_xgb0.50,2025-01-07,2026-01-06,2026-01-05,2025-02-01,2026-01-05,2026-01-06,228,2026-01-06,False,0,0.572463768115942,0.6705668713727998,0.38,0.4959942698478699,0.49611050919849486,0,50.39,0.49611050919849486,0,50.39,BUY,0.6162,0.2325,Bullish,0.835,0.0,unavailable_no_point_in_time_source,False,360.63,360.6271667480469,2026-01-07,358.0985107421875,-0.7012,0,2026-01-09,344.4339599609375,-4.4903,0.0,2026-01-13,345.35791015625,-4.2341,0.0,2026-01-21,342.2943115234375,-5.0836,0.0,0,1,1,1,1,0,-0.702,0,1.0,1.0,1.0,1.0,0.0,-4.491,0.0,1.0,1.0,1.0,1.0,0.0,-4.2348,0.0,1.0,1.0,1.0,1.0,0.0,-5.0843,0.0,50-55,50-55
AARTIIND.NS|2026-01-13|ensemble_lr0.20_rf0.30_xgb0.50,AARTIIND.NS,2026-01-13,ensemble_lr0.20_rf0.30_xgb0.50,2025-01-14,2026-01-13,2026-01-12,2025-02-07,2026-01-12,2026-01-13,228,2026-01-13,False,0,0.5144927536231885,0.36170557030457146,0.58,0.5716133117675781,0.5321477699447034,1,53.21,0.5321477699447034,1,53.21,HOLD,0.4974,-0.0053,Sideways,-0.5,0.0,unavailable_no_point_in_time_source,False,362.28,362.2798156738281,2026-01-14,361.28179931640625,-0.2755,0,2026-01-19,352.748779296875,-2.6308,0.0,2026-01-21,339.3254699707031,-6.3361,0.0,2026-01-29,354.2458190917969,-2.2176,0.0,1,0,0,1,0,1,-0.2755,1,0.0,0.0,1.0,0.0,1.0,-2.6309,1.0,0.0,0.0,1.0,0.0,0.0,-6.3361,0.0,0.0,0.0,1.0,0.0,1.0,-2.2177,1.0,50-55,50-55
AAVAS.NS|2026-01-13|ensemble_lr0.20_rf0.30_xgb0.50,AAVAS.NS,2026-01-13,ensemble_lr0.20_rf0.30_xgb0.50,2025-01-14,2026-01-13,2026-01-12,2025-02-07,2026-01-12,2026-01-13,228,2026-01-13,False,0,0.4710144927536232,0.31273461641986855,0.46,0.5170618891716003,0.4590778678697739,0,54.09,0.4590778678697739,0,54.09,SELL,0.3687,-0.2626,Sideways,-0.665,0.0,unavailable_no_point_in_time_source,False,1447.0,1447.0,2026-01-14,1443.5999755859375,-0.235,0,2026-01-19,1413.699951171875,-2.3013,0.0,2026-01-21,1388.0999755859375,-4.0705,0.0,2026-01-29,1463.199951171875,1.1196,1.0,0,1,1,1,1,1,-0.235,1,1.0,1.0,1.0,1.0,1.0,-2.3013,1.0,1.0,1.0,1.0,1.0,1.0,-4.0705,1.0,0.0,0.0,0.0,0.0,0.0,1.1196,0.0,50-55,50-55
ABCAPITAL.NS|2026-01-13|ensemble_lr0.20_rf0.30_xgb0.50,ABCAPITAL.NS,2026-01-13,ensemble_lr0.20_rf0.30_xgb0.50,2025-01-14,2026-01-13,2026-01-12,2025-02-07,2026-01-12,2026-01-13,228,2026-01-13,False,1,0.5652173913043478,0.4418253438491032,0.34,0.6304170489311218,0.5055735932353815,1,50.56,0.5055735932353815,1,50.56,HOLD,0.5686,0.1371,Sideways,0.165,0.0,unavailable_no_point_in_time_source,False,350.85,350.8500061035156,2026-01-14,358.6000061035156,2.2089,1,2026-01-19,361.1000061035156,2.9215,1.0,2026-01-21,346.25,-1.3111,0.0,2026-01-29,344.29998779296875,-1.8669,0.0,0,1,1,1,0,1,2.2089,1,1.0,1.0,1.0,0.0,1.0,2.9215,1.0,0.0,0.0,0.0,1.0,1.0,-1.3111,1.0,0.0,0.0,0.0,1.0,1.0,-1.8669,1.0,50-55,50-55
ABFRL.NS|2026-01-13|ensemble_lr0.20_rf0.30_xgb0.50,ABFRL.NS,2026-01-13,ensemble_lr0.20_rf0.30_xgb0.50,2025-01-14,2026-01-13,2026-01-12,2025-02-07,2026-01-12,2026-01-13,228,2026-01-13,False,0,0.5,0.5130956114403307,0.5,0.8346246480941772,0.6699314463351548,1,66.99,0.6699314463351548,1,66.99,HOLD,0.4773,-0.0454,High Volatility,-0.665,0.0,unavailable_no_point_in_time_source,True,73.32,73.31999969482422,2026-01-14,72.80000305175781,-0.7092,0,2026-01-19,71.88999938964844,-1.9504,0.0,2026-01-21,64.72000122070312,-11.7294,0.0,2026-01-29,64.31999969482422,-12.275,0.0,0,0,0,1,1,1,-0.7092,1,0.0,0.0,1.0,1.0,1.0,-1.9504,1.0,0.0,0.0,1.0,1.0,0.0,-11.7294,0.0,0.0,0.0,1.0,1.0,0.0,-12.275,0.0,65-70,65-70
ACC.NS|2026-01-13|ensemble_lr0.20_rf0.30_xgb0.50,ACC.NS,2026-01-13,ensemble_lr0.20_rf0.30_xgb0.50,2025-01-14,2026-01-13,2026-01-12,2025-02-07,2026-01-12,2026-01-13,228,2026-01-13,False,0,0.5072463768115942,0.775149567359185,0.8,0.872104823589325,0.8310823252664995,1,83.11,0.8310823252664995,1,83.11,HOLD,0.4578,-0.0843,Sideways,-1.0,0.0,unavailable_no_point_in_time_source,False,1697.48,1697.4781494140625,2026-01-14,1718.158447265625,1.2183,1,2026-01-19,1723.7261962890625,1.5463,1.0,2026-01-21,1706.823974609375,0.5506,1.0,2026-01-29,1668.8438720703125,-1.6869,0.0,1,1,1,0,1,1,1.2182,1,1.0,1.0,0.0,1.0,1.0,1.5462,1.0,1.0,1.0,0.0,1.0,1.0,0.5505,1.0,0.0,0.0,1.0,0.0,1.0,-1.687,1.0,80-85,80-85
ADANIENT.NS|2026-01-13|ensemble_lr0.20_rf0.30_xgb0.50,ADANIENT.NS,2026-01-13,ensemble_lr0.20_rf0.30_xgb0.50,2025-01-14,2026-01-13,2026-01-12,2025-02-07,2026-01-12,2026-01-13,228,2026-01-13,False,0,0.45652173913043476,0.6625934521530737,0.38,0.5489829778671265,0.5210101793641779,1,52.1,0.5210101793641779,1,52.1,SELL,0.402,-0.196,Bearish,-1.0,0.0,unavailable_no_point_in_time_source,False,2157.54,2157.535400390625,2026-01-14,2152.337646484375,-0.2409,0,2026-01-19,2133.64599609375,-1.1073,0.0,2026-01-21,2031.291748046875,-5.8513,0.0,2026-01-29,2018.2974853515625,-6.4536,0.0,0,0,0,1,1,1,-0.2411,1,0.0,0.0,1.0,1.0,1.0,-1.1075,1.0,0.0,0.0,1.0,1.0,1.0,-5.8515,1.0,0.0,0.0,1.0,1.0,1.0,-6.4538,1.0,50-55,50-55
ADANIPORTS.NS|2026-01-13|ensemble_lr0.20_rf0.30_xgb0.50,ADANIPORTS.NS,2026-01-13,ensemble_lr0.20_rf0.30_xgb0.50,2025-01-14,2026-01-13,2026-01-12,2025-02-07,2026-01-12,2026-01-13,228,2026-01-13,False,0,0.49275362318840576,0.6570327563183518,0.54,0.36008501052856445,0.4734490565279526,0,52.66,0.4734490565279526,0,52.66,SELL,0.3902,-0.2196,Sideways,-0.335,0.0,unavailable_no_point_in_time_source,False,1422.6,1422.6044921875,2026-01-14,1423.9986572265625,0.098,1,2026-01-19,1397.1119384765625,-1.792,0.0,2026-01-21,1372.8143310546875,-3.4999,0.0,2026-01-29,1411.849853515625,-0.756,0.0,0,0,0,0,0,0,0.0983,0,1.0,1.0,1.0,1.0,1.0,-1.7917,1.0,1.0,1.0,1.0,1.0,1.0,-3.4996,1.0,1.0,1.0,1.0,1.0,1.0,-0.7557,1.0,50-55,50-55
AETHER.NS|2026-01-13|ensemble_lr0.20_rf0.30_xgb0.50,AETHER.NS,2026-01-13,ensemble_lr0.20_rf0.30_xgb0.50,2025-01-14,2026-01-13,2026-01-12,2025-02-07,2026-01-12,2026-01-13,228,2026-01-13,False,0,0.5362318840579711,0.4038209899087202,0.66,0.5918238162994385,0.5746761061314634,1,57.47,0.5746761061314634,1,57.47,BUY,0.6956,0.3912,High Volatility,1.0,0.0,unavailable_no_point_in_time_source,False,989.45,989.4500122070312,2026-01-14,996.0999755859375,0.6721,1,2026-01-19,979.9500122070312,-0.9601,0.0,2026-01-21,962.8499755859375,-2.6884,0.0,2026-01-29,977.0,-1.2583,0.0,1,1,1,0,1,1,0.6721,1,0.0,0.0,1.0,0.0,0.0,-0.9601,0.0,0.0,0.0,1.0,0.0,0.0,-2.6884,0.0,0.0,0.0,1.0,0.0,0.0,-1.2583,0.0,55-60,55-60
AIAENG.NS|2026-01-13|ensemble_lr0.20_rf0.30_xgb0.50,AIAENG.NS,2026-01-13,ensemble_lr0.20_rf0.30_xgb0.50,2025-01-14,2026-01-13,2026-01-12,2025-02-07,2026-01-12,2026-01-13,228,2026-01-13,False,0,0.45652173913043476,0.5341445718602308,0.68,0.8589881062507629,0.7403229674974277,1,74.03,0.7403229674974277,1,74.03,BUY,0.6119,0.2238,High Volatility,0.5,0.0,unavailable_no_point_in_time_source,False,3890.48,3890.4755859375,2026-01-14,3920.662109375,0.7759,1,2026-01-19,3851.42236328125,-1.0038,0.0,2026-01-21,3707.364013671875,-4.7067,0.0,2026-01-29,3984.92041015625,2.4276,1.0,0,1,1,0,0,1,0.7758,1,0.0,0.0,1.0,1.0,0.0,-1.0039,0.0,0.0,0.0,1.0,1.0,0.0,-4.7068,0.0,1.0,1.0,0.0,0.0,1.0,2.4275,1.0,70-75,70-75
AJANTPHARM.NS|2026-01-13|ensemble_lr0.20_rf0.30_xgb0.50,AJANTPHARM.NS,2026-01-13,ensemble_lr0.20_rf0.30_xgb0.50,2025-01-14,2026-01-13,2026-01-12,2025-02-07,2026-01-12,2026-01-13,228,2026-01-13,False,0,0.5217391304347826,0.30714592956657905,0.62,0.25038763880729675,0.3726230053169642,0,62.74,0.3726230053169642,0,62.74,HOLD,0.4717,-0.0567,Sideways,0.165,0.0,unavailable_no_point_in_time_source,False,2705.81,2705.8125,2026-01-14,2681.83203125,-0.8863,0,2026-01-19,2661.220947265625,-1.648,0.0,2026-01-21,2688.471435546875,-0.6409,0.0,2026-01-29,2670.436279296875,-1.3074,0.0,1,1,1,1,0,1,-0.8862,1,1.0,1.0,1.0,0.0,1.0,-1.6479,1.0,1.0,1.0,1.0,0.0,1.0,-0.6408,1.0,1.0,1.0,1.0,0.0,1.0,-1.3073,1.0,60-65,60-65
ALEMBICLTD.NS|2026-01-13|ensemble_lr0.20_rf0.30_xgb0.50,ALEMBICLTD.NS,2026-01-13,ensemble_lr0.20_rf0.30_xgb0.50,2025-01-14,2026-01-13,2026-01-12,2025-02-07,2026-01-12,2026-01-13,228,2026-01-13,False,0,0.572463768115942,0.7189341136807196,0.88,0.8027409911155701,0.809157318293929,1,80.92,0.809157318293929,1,80.92,HOLD,0.5247,0.0494,Sideways,-0.165,0.0,unavailable_no_point_in_time_source,False,95.87,95.87248992919922,2026-01-14,94.98632049560547,-0.9243,0,2026-01-19,92.66863250732422,-3.3418,0.0,2026-01-21,88.77335357666016,-7.4048,0.0,2026-01-29,90.62360382080078,-5.4749,0.0,1,0,0,1,0,1,-0.9217,1,0.0,0.0,1.0,0.0,0.0,-3.3393,0.0,0.0,0.0,1.0,0.0,0.0,-7.4024,0.0,0.0,0.0,1.0,0.0,0.0,-5.4724,0.0,80-85,80-85
ALKEM.NS|2026-01-13|ensemble_lr0.20_rf0.30_xgb0.50,ALKEM.NS,2026-01-13,ensemble_lr0.20_rf0.30_xgb0.50,2025-01-14,2026-01-13,2026-01-12,2025-02-07,2026-01-12,2026-01-13,228,2026-01-13,False,1,0.5507246376811594,0.3834129871069711,0.24,0.31166017055511475,0.3045126826989516,0,69.55,0.3045126826989516,0,69.55,HOLD,0.5595,0.1191,Sideways,0.835,0.0,unavailable_no_point_in_time_source,False,5806.22,5806.21826171875,2026-01-14,5773.5400390625,-0.5628,0,2026-01-19,5691.84619140625,-1.9698,0.0,2026-01-21,5601.240234375,-3.5303,0.0,2026-01-29,5657.18798828125,-2.5667,0.0,0,1,1,0,1,1,-0.5628,1,1.0,1.0,0.0,1.0,1.0,-1.9698,1.0,1.0,1.0,0.0,1.0,0.0,-3.5303,0.0,1.0,1.0,0.0,1.0,1.0,-2.5668,1.0,65-70,65-70
AMBER.NS|2026-01-13|ensemble_lr0.20_rf0.30_xgb0.50,AMBER.NS,2026-01-13,ensemble_lr0.20_rf0.30_xgb0.50,2025-01-14,2026-01-13,2026-01-12,2025-02-07,2026-01-12,2026-01-13,228,2026-01-13,False,1,0.4057971014492754,0.4837483523590864,0.68,0.4899498522281647,0.5457245965858997,1,54.57,0.5457245965858997,1,54.57,HOLD,0.4802,-0.0396,High Volatility,-0.665,0.0,unavailable_no_point_in_time_source,False,6145.5,6145.5,2026-01-14,6113.5,-0.5207,0,2026-01-19,6080.5,-1.0577,0.0,2026-01-21,5784.0,-5.8824,0.0,2026-01-29,5547.0,-9.7388,0.0,1,0,0,0,0,1,-0.5207,1,0.0,0.0,0.0,0.0,1.0,-1.0577,1.0,0.0,0.0,0.0,0.0,0.0,-5.8824,0.0,0.0,0.0,0.0,0.0,0.0,-9.7388,0.0,50-55,50-55
ANGELONE.NS|2026-01-13|ensemble_lr0.20_rf0.30_xgb0.50,ANGELONE.NS,2026-01-13,ensemble_lr0.20_rf0.30_xgb0.50,2025-01-14,2026-01-13,2026-01-12,2025-02-07,2026-01-12,2026-01-13,228,2026-01-13,False,1,0.45652173913043476,0.4603371706744438,0.52,0.5840303897857666,0.540082629027772,1,54.01,0.540082629027772,1,54.01,HOLD,0.5613,0.1226,High Volatility,-0.335,0.0,unavailable_no_point_in_time_source,False,239.31,239.31040954589844,2026-01-14,247.75733947753906,3.5297,1,2026-01-19,264.4059753417969,10.4866,1.0,2026-01-21,250.5816192626953,4.7099,1.0,2026-01-29,256.17340087890625,7.0465,1.0,1,1,1,1,1,0,3.5299,0,1.0,1.0,1.0,1.0,0.0,10.4868,0.0,1.0,1.0,1.0,1.0,0.0,4.71,0.0,1.0,1.0,1.0,1.0,0.0,7.0467,0.0,50-55,50-55
APARINDS.NS|2026-01-13|ensemble_lr0.20_rf0.30_xgb0.50,APARINDS.NS,2026-01-13,ensemble_lr0.20_rf0.30_xgb0.50,2025-01-14,2026-01-13,2026-01-12,2025-02-07,2026-01-12,2026-01-13,228,2026-01-13,False,0,0.49999999999999994,0.4052808690244878,0.36,0.5343671441078186,0.4562397458588069,0,54.38,0.4562397458588069,0,54.38,SELL,0.3623,-0.2753,High Volatility,-0.665,0.0,unavailable_no_point_in_time_source,False,7625.03,7625.02734375,2026-01-14,7452.12744140625,-2.2675,0,2026-01-19,7232.390625,-5.1493,0.0,2026-01-21,6941.89892578125,-8.959,0.0,2026-01-29,7668.376953125,0.5685,1.0,0,1,1,1,1,1,-2.2676,1,1.0,1.0,1.0,1.0,1.0,-5.1493,1.0,1.0,1.0,1.0,1.0,1.0,-8.9591,1.0,0.0,0.0,0.0,0.0,0.0,0.5685,0.0,50-55,50-55
APOLLOHOSP.NS|2026-01-13|ensemble_lr0.20_rf0.30_xgb0.50,APOLLOHOSP.NS,2026-01-13,ensemble_lr0.20_rf0.30_xgb0.50,2025-01-14,2026-01-13,2026-01-12,2025-02-07,2026-01-12,2026-01-13,228,2026-01-13,False,0,0.5217391304347826,0.5373997158127082,0.66,0.36392050981521606,0.4874401980701497,0,51.26,0.4874401980701497,0,51.26,HOLD,0.5132,0.0264,Bullish,0.165,0.0,unavailable_no_point_in_time_source,False,7293.32,7293.31591796875,2026-01-14,7254.4130859375,-0.5334,0,2026-01-19,7115.259765625,-2.4414,0.0,2026-01-21,6809.52197265625,-6.6334,0.0,2026-01-29,6784.08544921875,-6.9822,0.0,1,1,1,1,0,1,-0.5335,1,1.0,1.0,1.0,0.0,1.0,-2.4414,1.0,1.0,1.0,1.0,0.0,0.0,-6.6334,0.0,1.0,1.0,1.0,0.0,0.0,-6.9822,0.0,50-55,50-55
APOLLOTYRE.NS|2026-01-13|ensemble_lr0.20_rf0.30_xgb0.50,APOLLOTYRE.NS,2026-01-13,ensemble_lr0.20_rf0.30_xgb0.50,2025-01-14,2026-01-13,2026-01-12,2025-02-07,2026-01-12,2026-01-13,228,2026-01-13,False,0,0.48550724637681153,0.6182632438495899,0.42,0.597251832485199,0.5482785650125175,1,54.83,0.5482785650125175,1,54.83,BUY,0.6377,0.2754,Sideways,0.33,0.0,unavailable_no_point_in_time_source,False,513.96,513.9601440429688,2026-01-14,521.3165283203125,1.4313,1,2026-01-19,503.641357421875,-2.0077,0.0,2026-01-21,495.6925354003906,-3.5543,0.0,2026-01-29,485.5713195800781,-5.5235,0.0,1,1,1,0,1,1,1.4313,1,0.0,0.0,1.0,0.0,0.0,-2.0077,0.0,0.0,0.0,1.0,0.0,0.0,-3.5543,0.0,0.0,0.0,1.0,0.0,0.0,-5.5235,0.0,50-55,50-55
ASHOKLEY.NS|2026-01-13|ensemble_lr0.20_rf0.30_xgb0.50,ASHOKLEY.NS,2026-01-13,ensemble_lr0.20_rf0.30_xgb0.50,2025-01-14,2026-01-13,2026-01-12,2025-02-07,2026-01-12,2026-01-13,228,2026-01-13,False,1,0.5144927536231885,0.7654480189502182,0.22,0.18027754127979279,0.30922837442994006,0,69.08,0.30922837442994006,0,69.08,BUY,0.6152,0.2304,Bullish,0.665,0.0,unavailable_no_point_in_time_source,True,182.59,182.5852813720703,2026-01-14,183.7553253173828,0.6408,1,2026-01-19,184.8270263671875,1.2278,1.0,2026-01-21,178.20008850097656,-2.4017,0.0,2026-01-29,190.8050537109375,4.5019,1.0,0,0,0,1,0,1,0.6382,1,0.0,0.0,1.0,0.0,1.0,1.2252,1.0,1.0,1.0,0.0,1.0,0.0,-2.4042,0.0,0.0,0.0,1.0,0.0,1.0,4.4992,1.0,65-70,65-70
ASIANPAINT.NS|2026-01-13|ensemble_lr0.20_rf0.30_xgb0.50,ASIANPAINT.NS,2026-01-13,ensemble_lr0.20_rf0.30_xgb0.50,2025-01-14,2026-01-13,2026-01-12,2025-02-07,2026-01-12,2026-01-13,228,2026-01-13,False,1,0.5289855072463768,0.6158768103776915,0.38,0.5607578158378601,0.5175542699944684,1,51.76,0.5175542699944684,1,51.76,BUY,0.6769,0.3537,Sideways,1.0,0.0,unavailable_no_point_in_time_source,False,2861.47,2861.473876953125,2026-01-14,2789.696533203125,-2.5084,0,2026-01-19,2730.311767578125,-4.5837,0.0,2026-01-21,2638.2109375,-7.8024,0.0,2026-01-29,2395.218994140625,-16.2942,0.0,0,0,0,0,1,0,-2.5083,0,0.0,0.0,0.0,1.0,0.0,-4.5836,0.0,0.0,0.0,0.0,1.0,0.0,-7.8023,0.0,0.0,0.0,0.0,1.0,0.0,-16.2941,0.0,50-55,50-55
ASTRAL.NS|2026-01-13|ensemble_lr0.20_rf0.30_xgb0.50,ASTRAL.NS,2026-01-13,ensemble_lr0.20_rf0.30_xgb0.50,2025-01-14,2026-01-13,2026-01-12,2025-02-07,2026-01-12,2026-01-13,228,2026-01-13,False,0,0.5579710144927535,0.17092570611506158,0.32,0.10422305017709732,0.182296666311561,0,81.77,0.182296666311561,0,81.77,HOLD,0.4775,-0.045,Sideways,0.165,0.0,unavailable_no_point_in_time_source,False,1436.24,1436.2410888671875,2026-01-14,1460.30322265625,1.6754,1,2026-01-19,1436.740234375,0.0348,1.0,2026-01-21,1345.68359375,-6.3052,0.0,2026-01-29,1458.506103515625,1.5502,1.0,0,0,0,0,0,1,1.6754,1,0.0,0.0,0.0,0.0,1.0,0.0348,1.0,1.0,1.0,1.0,1.0,0.0,-6.3051,0.0,0.0,0.0,0.0,0.0,1.0,1.5503,1.0,80-85,80-85
AUBANK.NS|2026-01-13|ensemble_lr0.20_rf0.30_xgb0.50,AUBANK.NS,2026-01-13,ensemble_lr0.20_rf0.30_xgb0.50,2025-01-14,2026-01-13,2026-01-12,2025-02-07,2026-01-12,2026-01-13,228,2026-01-13,False,1,0.5579710144927537,0.16042257457439724,0.26,0.13409480452537537,0.17713191717756713,0,82.29,0.17713191717756713,0,82.29,HOLD,0.5072,0.0144,Sideways,0.5,0.0,unavailable_no_point_in_time_source,True,971.01,971.0070190429688,2026-01-14,975.4027099609375,0.4527,1,2026-01-19,1019.95947265625,5.0414,1.0,2026-01-21,993.934814453125,2.3612,1.0,2026-01-29,986.9415893554688,1.641,1.0,0,0,0,1,0,1,0.4524,1,0.0,0.0,1.0,0.0,0.0,5.0411,0.0,0.0,0.0,1.0,0.0,1.0,2.3609,1.0,0.0,0.0,1.0,0.0,1.0,1.6407,1.0,80-85,80-85
AXISBANK.NS|2026-01-13|ensemble_lr0.20_rf0.30_xgb0.50,AXISBANK.NS,2026-01-13,ensemble_lr0.20_rf0.30_xgb0.50,2025-01-14,2026-01-13,2026-01-12,2025-02-07,2026-01-12,2026-01-13,228,2026-01-13,False,0,0.4057971014492754,0.24018213751231504,0.72,0.8967414498329163,0.7124071524189212,1,71.24,0.7124071524189212,1,71.24,BUY,0.6663,0.3326,Sideways,0.835,0.0,unavailable_no_point_in_time_source,False,1261.03,1261.0274658203125,2026-01-14,1297.7991943359375,2.916,1,2026-01-19,1306.492431640625,3.6054,1.0,2026-01-21,1283.9097900390625,1.8146,1.0,2026-01-29,1362.6490478515625,8.0586,1.0,0,1,1,0,0,1,2.9158,1,1.0,1.0,0.0,0.0,1.0,3.6052,1.0,1.0,1.0,0.0,0.0,1.0,1.8144,1.0,1.0,1.0,0.0,0.0,1.0,8.0584,1.0,70-75,70-75
BAJAJ-AUTO.NS|2026-01-13|ensemble_lr0.20_rf0.30_xgb0.50,BAJAJ-AUTO.NS,2026-01-13,ensemble_lr0.20_rf0.30_xgb0.50,2025-01-14,2026-01-13,2026-01-12,2025-02-07,2026-01-12,2026-01-13,228,2026-01-13,False,1,0.5144927536231884,0.2943995844130039,0.48,0.3029455840587616,0.35435270891198156,0,64.56,0.35435270891198156,0,64.56,BUY,0.6038,0.2076,Bullish,0.835,0.0,unavailable_no_point_in_time_source,False,9421.41,9421.41015625,2026-01-14,9446.5556640625,0.2669,1,2026-01-19,9298.6376953125,-1.3031,0.0,2026-01-21,9051.6142578125,-3.9251,0.0,2026-01-29,9379.9921875,-0.4396,0.0,1,0,0,1,1,1,0.2669,1,1.0,1.0,0.0,0.0,0.0,-1.3031,0.0,1.0,1.0,0.0,0.0,0.0,-3.9251,0.0,1.0,1.0,0.0,0.0,0.0,-0.4396,0.0,60-65,60-65
BAJAJFINSV.NS|2026-01-13|ensemble_lr0.20_rf0.30_xgb0.50,BAJAJFINSV.NS,2026-01-13,ensemble_lr0.20_rf0.30_xgb0.50,2025-01-14,2026-01-13,2026-01-12,2025-02-07,2026-01-12,2026-01-13,228,2026-01-13,False,0,0.572463768115942,0.6170004752280662,0.74,0.7684141397476196,0.7296071649194231,1,72.96,0.7296071649194231,1,72.96,HOLD,0.5032,0.0063,Sideways,-0.165,0.0,unavailable_no_point_in_time_source,True,2009.49,2009.4852294921875,2026-01-14,1999.194091796875,-0.5121,0,2026-01-19,2016.0797119140625,0.3282,1.0,2026-01-21,1958.22900390625,-2.5507,0.0,2026-01-29,1946.4390869140625,-3.1374,0.0,1,0,0,1,0,1,-0.5124,1,1.0,1.0,0.0,1.0,1.0,0.3279,1.0,0.0,0.0,1.0,0.0,1.0,-2.5509,1.0,0.0,0.0,1.0,0.0,0.0,-3.1377,0.0,70-75,70-75
BAJFINANCE.NS|2026-01-13|ensemble_lr0.20_rf0.30_xgb0.50,BAJFINANCE.NS,2026-01-13,ensemble_lr0.20_rf0.30_xgb0.50,2025-01-14,2026-01-13,2026-01-12,2025-02-07,2026-01-12,2026-01-13,228,2026-01-13,False,1,0.4275362318840579,0.4244140124313813,0.36,0.6321209073066711,0.5089432561396119,1,50.89,0.5089432561396119,1,50.89,HOLD,0.4891,-0.0219,Sideways,-0.5,0.0,unavailable_no_point_in_time_source,False,943.2,943.2019653320312,2026-01-14,940.1705932617188,-0.3214,0,2026-01-19,963.5269775390625,2.1549,1.0,2026-01-21,930.5298461914062,-1.3435,0.0,2026-01-29,929.4365844726562,-1.4594,0.0,0,0,0,0,1,1,-0.3212,1,1.0,1.0,1.0,0.0,1.0,2.1551,1.0,0.0,0.0,0.0,1.0,1.0,-1.3433,1.0,0.0,0.0,0.0,1.0,1.0,-1.4592,1.0,50-55,50-55
BEL.NS|2026-01-13|ensemble_lr0.20_rf0.30_xgb0.50,BEL.NS,2026-01-13,ensemble_lr0.20_rf0.30_xgb0.50,2025-01-14,2026-01-13,2026-01-12,2025-02-07,2026-01-12,2026-01-13,228,2026-01-13,False,0,0.572463768115942,0.37234397600461316,0.32,0.20623339712619781,0.2735854937640215,0,72.64,0.2735854937640215,0,72.64,HOLD,0.5507,0.1014,Bullish,0.165,0.0,unavailable_no_point_in_time_source,True,411.39,411.3878173828125,2026-01-14,415.2660217285156,0.9427,1,2026-01-19,410.4927978515625,-0.2176,0.0,2026-01-21,400.3995361328125,-2.671,0.0,2026-01-29,442.0156555175781,7.445,1.0,0,0,0,0,0,1,0.9422,1,1.0,1.0,1.0,1.0,1.0,-0.2181,1.0,1.0,1.0,1.0,1.0,1.0,-2.6715,1.0,0.0,0.0,0.0,0.0,0.0,7.4444,0.0,70-75,70-75
BPCL.NS|2026-01-13|ensemble_lr0.20_rf0.30_xgb0.50,BPCL.NS,2026-01-13,ensemble_lr0.20_rf0.30_xgb0.50,2025-01-14,2026-01-13,2026-01-12,2025-02-07,2026-01-12,2026-01-13,228,2026-01-13,False,0,0.45652173913043476,0.5270116033337058,0.3,0.6832399964332581,0.5370223188833702,1,53.7,0.5370223188833702,1,53.7,HOLD,0.5175,0.0351,Bearish,0.0,0.0,unavailable_no_point_in_time_source,False,345.36,345.35791015625,2026-01-14,347.1084899902344,0.5069,1,2026-01-19,351.33917236328125,1.7319,1.0,2026-01-21,342.2943115234375,-0.8871,0.0,2026-01-29,356.8828125,3.3371,1.0,0,1,1,0,0,1,0.5063,1,1.0,1.0,0.0,0.0,1.0,1.7313,1.0,0.0,0.0,1.0,1.0,1.0,-0.8877,1.0,1.0,1.0,0.0,0.0,0.0,3.3365,0.0,50-55,50-55
AARTIIND.NS|2026-01-21|ensemble_lr0.20_rf0.30_xgb0.50,AARTIIND.NS,2026-01-21,ensemble_lr0.20_rf0.30_xgb0.50,2025-01-22,2026-01-21,2026-01-19,2025-02-17,2026-01-20,2026-01-21,227,2026-01-21,False,0,0.4202898550724638,0.28185108979423695,0.28,0.3364886939525604,0.3086145649351276,0,69.14,0.3086145649351276,0,69.14,SELL,0.3121,-0.3759,Bearish,-1.0,0.0,unavailable_no_point_in_time_source,False,339.33,339.3254699707031,2026-01-22,345.7626647949219,1.8971,1,2026-01-27,349.455322265625,2.9853,1.0,2026-01-29,354.2458190917969,4.3971,1.0,2026-02-05,452.7001037597656,33.4118,1.0,0,0,0,0,0,0,1.8957,0,0.0,0.0,0.0,0.0,0.0,2.9839,0.0,0.0,0.0,0.0,0.0,0.0,4.3957,0.0,0.0,0.0,0.0,0.0,0.0,33.41,0.0,65-70,65-70
AAVAS.NS|2026-01-21|ensemble_lr0.20_rf0.30_xgb0.50,AAVAS.NS,2026-01-21,ensemble_lr0.20_rf0.30_xgb0.50,2025-01-22,2026-01-21,2026-01-19,2025-02-17,2026-01-20,2026-01-21,227,2026-01-21,False,0,0.4275362318840579,0.28463435919921654,0.64,0.4934622645378113,0.49565800410874894,0,50.43,0.49565800410874894,0,50.43,SELL,0.3686,-0.2628,Sideways,-1.0,0.0,unavailable_no_point_in_time_source,False,1388.1,1388.0999755859375,2026-01-22,1462.800048828125,5.3815,1,2026-01-27,1485.5999755859375,7.024,1.0,2026-01-29,1463.199951171875,5.4103,1.0,2026-02-05,1379.5,-0.6196,0.0,1,0,0,0,1,0,5.3815,0,0.0,0.0,0.0,1.0,0.0,7.024,0.0,0.0,0.0,0.0,1.0,0.0,5.4103,0.0,1.0,1.0,1.0,0.0,1.0,-0.6196,1.0,50-55,50-55
ABCAPITAL.NS|2026-01-21|ensemble_lr0.20_rf0.30_xgb0.50,ABCAPITAL.NS,2026-01-21,ensemble_lr0.20_rf0.30_xgb0.50,2025-01-22,2026-01-21,2026-01-19,2025-02-17,2026-01-20,2026-01-21,227,2026-01-21,False,1,0.5362318840579711,0.5893019151358788,0.66,0.803913950920105,0.7178173584872283,1,71.78,0.7178173584872283,1,71.78,HOLD,0.5487,0.0975,Bearish,0.165,0.0,unavailable_no_point_in_time_source,True,346.25,346.25,2026-01-22,354.5,2.3827,1,2026-01-27,348.8999938964844,0.7653,1.0,2026-01-29,344.29998779296875,-0.5632,0.0,2026-02-05,344.6499938964844,-0.4621,0.0,0,1,1,1,0,1,2.3827,1,1.0,1.0,1.0,0.0,1.0,0.7653,1.0,0.0,0.0,0.0,1.0,1.0,-0.5632,1.0,0.0,0.0,0.0,1.0,1.0,-0.4621,1.0,70-75,70-75
ABFRL.NS|2026-01-21|ensemble_lr0.20_rf0.30_xgb0.50,ABFRL.NS,2026-01-21,ensemble_lr0.20_rf0.30_xgb0.50,2025-01-22,2026-01-21,2026-01-19,2025-02-17,2026-01-20,2026-01-21,227,2026-01-21,False,0,0.47826086956521735,0.42888541497151095,0.42,0.2983645498752594,0.3609593579319319,0,63.9,0.3609593579319319,0,63.9,SELL,0.359,-0.282,High Volatility,-0.665,0.0,unavailable_no_point_in_time_source,True,64.72,64.72000122070312,2026-01-22,63.689998626708984,-1.5915,0,2026-01-27,61.869998931884766,-4.4036,0.0,2026-01-29,64.31999969482422,-0.618,0.0,2026-02-05,70.88999938964844,9.5334,1.0,0,1,1,1,1,1,-1.5915,1,1.0,1.0,1.0,1.0,1.0,-4.4036,1.0,1.0,1.0,1.0,1.0,1.0,-0.618,1.0,0.0,0.0,0.0,0.0,0.0,9.5334,0.0,60-65,60-65
ACC.NS|2026-01-21|ensemble_lr0.20_rf0.30_xgb0.50,ACC.NS,2026-01-21,ensemble_lr0.20_rf0.30_xgb0.50,2025-01-22,2026-01-21,2026-01-19,2025-02-17,2026-01-20,2026-01-21,227,2026-01-21,False,0,0.5217391304347826,0.7721671482960807,0.7,0.6619479656219482,0.6954074124701902,1,69.54,0.6954074124701902,1,69.54,HOLD,0.4993,-0.0013,Sideways,-0.5,0.0,unavailable_no_point_in_time_source,False,1706.82,1706.823974609375,2026-01-22,1718.2578125,0.6699,1,2026-01-27,1678.1898193359375,-1.6776,0.0,2026-01-29,1668.8438720703125,-2.2252,0.0,2026-02-05,1666.5570068359375,-2.3592,0.0,1,1,1,0,1,1,0.6701,1,0.0,0.0,1.0,0.0,1.0,-1.6774,1.0,0.0,0.0,1.0,0.0,1.0,-2.225,1.0,0.0,0.0,1.0,0.0,1.0,-2.3589,1.0,65-70,65-70
ADANIENT.NS|2026-01-21|ensemble_lr0.20_rf0.30_xgb0.50,ADANIENT.NS,2026-01-21,ensemble_lr0.20_rf0.30_xgb0.50,2025-01-22,2026-01-21,2026-01-19,2025-02-17,2026-01-20,2026-01-21,227,2026-01-21,False,0,0.4202898550724638,0.7871956807684132,0.46,0.5485255122184753,0.5697018922629203,1,56.97,0.5697018922629203,1,56.97,SELL,0.3962,-0.2076,Bearish,-1.0,0.0,unavailable_no_point_in_time_source,True,2031.29,2031.291748046875,2026-01-22,2085.467529296875,2.6671,1,2026-01-27,1958.624267578125,-3.5774,0.0,2026-01-29,2018.2974853515625,-0.6397,0.0,2026-02-05,2235.6005859375,10.0581,1.0,0,1,1,0,0,0,2.6671,0,0.0,0.0,1.0,1.0,1.0,-3.5773,1.0,0.0,0.0,1.0,1.0,1.0,-0.6396,1.0,1.0,1.0,0.0,0.0,0.0,10.0582,0.0,55-60,55-60
ADANIPORTS.NS|2026-01-21|ensemble_lr0.20_rf0.30_xgb0.50,ADANIPORTS.NS,2026-01-21,ensemble_lr0.20_rf0.30_xgb0.50,2025-01-22,2026-01-21,2026-01-19,2025-02-17,2026-01-20,2026-01-21,227,2026-01-21,False,0,0.5579710144927535,0.5823857827415228,0.58,0.5083224773406982,0.5446383952186536,1,54.46,0.5446383952186536,1,54.46,HOLD,0.4628,-0.0744,Bearish,-0.5,0.0,unavailable_no_point_in_time_source,False,1372.81,1372.8143310546875,2026-01-22,1408.264892578125,2.5823,1,2026-01-27,1358.176025390625,-1.0663,0.0,2026-01-29,1411.849853515625,2.8435,1.0,2026-02-05,1563.6102294921875,13.8982,1.0,1,1,1,0,1,1,2.5827,1,0.0,0.0,1.0,0.0,1.0,-1.066,1.0,1.0,1.0,0.0,1.0,1.0,2.8438,1.0,1.0,1.0,0.0,1.0,0.0,13.8985,0.0,50-55,50-55
AETHER.NS|2026-01-21|ensemble_lr0.20_rf0.30_xgb0.50,AETHER.NS,2026-01-21,ensemble_lr0.20_rf0.30_xgb0.50,2025-01-22,2026-01-21,2026-01-19,2025-02-17,2026-01-20,2026-01-21,227,2026-01-21,False,0,0.5144927536231884,0.18224773531711974,0.14,0.1515415459871292,0.15422032005698855,0,84.58,0.15422032005698855,0,84.58,HOLD,0.5291,0.0583,High Volatility,0.5,0.0,unavailable_no_point_in_time_source,False,962.85,962.8499755859375,2026-01-22,979.3499755859375,1.7137,1,2026-01-27,992.5,3.0794,1.0,2026-01-29,977.0,1.4696,1.0,2026-02-05,1022.0,6.1432,1.0,0,0,0,0,0,1,1.7137,1,0.0,0.0,0.0,0.0,0.0,3.0794,0.0,0.0,0.0,0.0,0.0,1.0,1.4696,1.0,0.0,0.0,0.0,0.0,0.0,6.1432,0.0,80-85,80-85
AIAENG.NS|2026-01-21|ensemble_lr0.20_rf0.30_xgb0.50,AIAENG.NS,2026-01-21,ensemble_lr0.20_rf0.30_xgb0.50,2025-01-22,2026-01-21,2026-01-19,2025-02-17,2026-01-20,2026-01-21,227,2026-01-21,False,0,0.45652173913043476,0.283054775145482,0.64,0.6590786576271057,0.5781502838426493,1,57.82,0.5781502838426493,1,57.82,BUY,0.5867,0.1735,High Volatility,0.17,0.0,unavailable_no_point_in_time_source,False,3707.36,3707.364013671875,2026-01-22,3744.125732421875,0.9916,1,2026-01-27,3827.711669921875,3.2462,1.0,2026-01-29,3984.92041015625,7.4866,1.0,2026-02-05,3952.143798828125,6.6025,1.0,0,1,1,0,0,1,0.9917,1,1.0,1.0,0.0,0.0,1.0,3.2463,1.0,1.0,1.0,0.0,0.0,1.0,7.4867,1.0,1.0,1.0,0.0,0.0,1.0,6.6026,1.0,55-60,55-60
AJANTPHARM.NS|2026-01-21|ensemble_lr0.20_rf0.30_xgb0.50,AJANTPHARM.NS,2026-01-21,ensemble_lr0.20_rf0.30_xgb0.50,2025-01-22,2026-01-21,2026-01-19,2025-02-17,2026-01-20,2026-01-21,227,2026-01-21,False,0,0.49275362318840576,0.5987235015385614,0.34,0.22909173369407654,0.3362905671547506,0,66.37,0.3362905671547506,0,66.37,HOLD,0.4554,-0.0892,Sideways,0.165,0.0,unavailable_no_point_in_time_source,False,2688.47,2688.471435546875,2026-01-22,2692.930419921875,0.1659,1,2026-01-27,2673.8056640625,-0.5455,0.0,2026-01-29,2670.436279296875,-0.6708,0.0,2026-02-05,2791.725341796875,3.8406,1.0,1,0,0,0,1,1,0.1659,1,1.0,1.0,1.0,0.0,1.0,-0.5455,1.0,1.0,1.0,1.0,0.0,1.0,-0.6708,1.0,0.0,0.0,0.0,1.0,0.0,3.8407,0.0,65-70,65-70
ALEMBICLTD.NS|2026-01-21|ensemble_lr0.20_rf0.30_xgb0.50,ALEMBICLTD.NS,2026-01-21,ensemble_lr0.20_rf0.30_xgb0.50,2025-01-22,2026-01-21,2026-01-19,2025-02-17,2026-01-20,2026-01-21,227,2026-01-21,False,0,0.5144927536231884,0.8359392208869051,0.42,0.2963496744632721,0.4413626814090171,0,55.86,0.4413626814090171,0,55.86,SELL,0.3667,-0.2666,Sideways,-1.0,0.0,unavailable_no_point_in_time_source,False,88.77,88.77335357666016,2026-01-22,91.0910415649414,2.6108,1,2026-01-27,88.94863891601562,0.1975,1.0,2026-01-29,90.62360382080078,2.0842,1.0,2026-02-05,94.44098663330078,6.3844,1.0,0,0,0,0,0,0,2.6147,0,0.0,0.0,0.0,0.0,0.0,0.2012,0.0,0.0,0.0,0.0,0.0,0.0,2.0881,0.0,0.0,0.0,0.0,0.0,0.0,6.3884,0.0,55-60,55-60
ALKEM.NS|2026-01-21|ensemble_lr0.20_rf0.30_xgb0.50,ALKEM.NS,2026-01-21,ensemble_lr0.20_rf0.30_xgb0.50,2025-01-22,2026-01-21,2026-01-19,2025-02-17,2026-01-20,2026-01-21,227,2026-01-21,False,1,0.5652173913043478,0.32595775012766787,0.44,0.48555582761764526,0.4399694638343562,0,56.0,0.4399694638343562,0,56.0,HOLD,0.5043,0.0086,Sideways,0.335,0.0,unavailable_no_point_in_time_source,False,5601.24,5601.240234375,2026-01-22,5702.24365234375,1.8032,1,2026-01-27,5697.78759765625,1.7237,1.0,2026-01-29,5657.18798828125,0.9988,1.0,2026-02-05,5607.181640625,0.1061,1.0,0,0,0,1,0,1,1.8032,1,0.0,0.0,1.0,0.0,1.0,1.7237,1.0,0.0,0.0,1.0,0.0,1.0,0.9989,1.0,0.0,0.0,1.0,0.0,1.0,0.1061,1.0,55-60,55-60
AMBER.NS|2026-01-21|ensemble_lr0.20_rf0.30_xgb0.50,AMBER.NS,2026-01-21,ensemble_lr0.20_rf0.30_xgb0.50,2025-01-22,2026-01-21,2026-01-19,2025-02-17,2026-01-20,2026-01-21,227,2026-01-21,False,1,0.391304347826087,0.3958831581844135,0.56,0.2662160098552704,0.38028463656451794,0,61.97,0.38028463656451794,0,61.97,SELL,0.3574,-0.2851,High Volatility,-0.665,0.0,unavailable_no_point_in_time_source,False,5784.0,5784.0,2026-01-22,5732.0,-0.899,0,2026-01-27,5510.0,-4.7372,0.0,2026-01-29,5547.0,-4.0975,0.0,2026-02-05,6399.5,10.6414,1.0,0,1,1,0,1,1,-0.899,1,1.0,1.0,0.0,1.0,1.0,-4.7372,1.0,1.0,1.0,0.0,1.0,1.0,-4.0975,1.0,0.0,0.0,1.0,0.0,0.0,10.6414,0.0,60-65,60-65
ANGELONE.NS|2026-01-21|ensemble_lr0.20_rf0.30_xgb0.50,ANGELONE.NS,2026-01-21,ensemble_lr0.20_rf0.30_xgb0.50,2025-01-22,2026-01-21,2026-01-19,2025-02-17,2026-01-20,2026-01-21,227,2026-01-21,False,1,0.47826086956521735,0.46841777561305503,0.56,0.24864479899406433,0.38600595461964315,0,61.4,0.38600595461964315,0,61.4,HOLD,0.472,-0.056,High Volatility,0.33,0.0,unavailable_no_point_in_time_source,True,250.58,250.5816192626953,2026-01-22,254.015869140625,1.3705,1,2026-01-27,251.6900634765625,0.4423,1.0,2026-01-29,256.17340087890625,2.2315,1.0,2026-02-05,261.77508544921875,4.467,1.0,0,0,0,1,0,1,1.3712,1,0.0,0.0,1.0,0.0,1.0,0.443,1.0,0.0,0.0,1.0,0.0,1.0,2.2322,1.0,0.0,0.0,1.0,0.0,0.0,4.4677,0.0,60-65,60-65
APARINDS.NS|2026-01-21|ensemble_lr0.20_rf0.30_xgb0.50,APARINDS.NS,2026-01-21,ensemble_lr0.20_rf0.30_xgb0.50,2025-01-22,2026-01-21,2026-01-19,2025-02-17,2026-01-20,2026-01-21,227,2026-01-21,False,0,0.391304347826087,0.4663397803330055,0.28,0.42900148034095764,0.39176869623707994,0,60.82,0.39176869623707994,0,60.82,SELL,0.3578,-0.2843,High Volatility,-0.665,0.0,unavailable_no_point_in_time_source,False,6941.9,6941.89892578125,2026-01-22,7189.5390625,3.5673,1,2026-01-27,7183.56005859375,3.4812,1.0,2026-01-29,7668.376953125,10.4651,1.0,2026-02-05,9502.0107421875,36.8791,1.0,0,0,0,0,0,0,3.5673,0,0.0,0.0,0.0,0.0,0.0,3.4812,0.0,0.0,0.0,0.0,0.0,0.0,10.4651,0.0,0.0,0.0,0.0,0.0,0.0,36.8791,0.0,60-65,60-65
APOLLOHOSP.NS|2026-01-21|ensemble_lr0.20_rf0.30_xgb0.50,APOLLOHOSP.NS,2026-01-21,ensemble_lr0.20_rf0.30_xgb0.50,2025-01-22,2026-01-21,2026-01-19,2025-02-17,2026-01-20,2026-01-21,227,2026-01-21,False,0,0.5652173913043478,0.5437548691636709,0.36,0.32374730706214905,0.3786246273638087,0,62.14,0.3786246273638087,0,62.14,SELL,0.3246,-0.3507,Bearish,-0.665,0.0,unavailable_no_point_in_time_source,False,6809.52,6809.52197265625,2026-01-22,6780.09521484375,-0.4321,0,2026-01-27,6776.60400390625,-0.4834,0.0,2026-01-29,6784.08544921875,-0.3735,0.0,2026-02-05,7104.287109375,4.3287,1.0,0,1,1,1,1,1,-0.4321,1,1.0,1.0,1.0,1.0,1.0,-0.4834,1.0,1.0,1.0,1.0,1.0,1.0,-0.3735,1.0,0.0,0.0,0.0,0.0,0.0,4.3288,0.0,60-65,60-65
APOLLOTYRE.NS|2026-01-21|ensemble_lr0.20_rf0.30_xgb0.50,APOLLOTYRE.NS,2026-01-21,ensemble_lr0.20_rf0.30_xgb0.50,2025-01-22,2026-01-21,2026-01-19,2025-02-17,2026-01-20,2026-01-21,227,2026-01-21,False,0,0.391304347826087,0.4486554195682637,0.44,0.19667458534240723,0.3200683765848564,0,67.99,0.3200683765848564,0,67.99,SELL,0.4101,-0.1798,Sideways,-0.165,0.0,unavailable_no_point_in_time_source,True,495.69,495.6925354003906,2026-01-22,497.5193176269531,0.3685,1,2026-01-27,500.5803527832031,0.9861,1.0,2026-01-29,485.5713195800781,-2.0418,0.0,2026-02-05,501.4690246582031,1.1653,1.0,0,0,0,0,0,0,0.369,0,0.0,0.0,0.0,0.0,0.0,0.9866,0.0,1.0,1.0,1.0,1.0,1.0,-2.0413,1.0,0.0,0.0,0.0,0.0,0.0,1.1659,0.0,65-70,65-70
ASHOKLEY.NS|2026-01-21|ensemble_lr0.20_rf0.30_xgb0.50,ASHOKLEY.NS,2026-01-21,ensemble_lr0.20_rf0.30_xgb0.50,2025-01-22,2026-01-21,2026-01-19,2025-02-17,2026-01-20,2026-01-21,227,2026-01-21,False,1,0.48550724637681153,0.7758065178758246,0.84,0.8665348887443542,0.840428747947342,1,84.04,0.840428747947342,1,84.04,BUY,0.6329,0.2658,Sideways,0.5,0.0,unavailable_no_point_in_time_source,True,178.2,178.20008850097656,2026-01-22,187.0884552001953,4.9879,1,2026-01-27,189.76283264160156,6.4886,1.0,2026-01-29,190.8050537109375,7.0735,1.0,2026-02-05,198.12026977539062,11.1785,1.0,1,1,1,1,1,1,4.9879,1,1.0,1.0,1.0,1.0,1.0,6.4887,1.0,1.0,1.0,1.0,1.0,1.0,7.0735,1.0,1.0,1.0,1.0,1.0,1.0,11.1786,1.0,80-85,80-85
ASIANPAINT.NS|2026-01-21|ensemble_lr0.20_rf0.30_xgb0.50,ASIANPAINT.NS,2026-01-21,ensemble_lr0.20_rf0.30_xgb0.50,2025-01-22,2026-01-21,2026-01-19,2025-02-17,2026-01-20,2026-01-21,227,2026-01-21,False,1,0.45652173913043476,0.3492045902909426,0.22,0.47047922015190125,0.37108052813413916,0,62.89,0.37108052813413916,0,62.89,HOLD,0.4366,-0.1268,Sideways,-0.335,0.0,unavailable_no_point_in_time_source,True,2638.21,2638.2109375,2026-01-22,2680.543701171875,1.6046,1,2026-01-27,2600.240478515625,-1.4393,0.0,2026-01-29,2395.218994140625,-9.2105,0.0,2026-02-05,2411.1806640625,-8.6055,0.0,0,0,0,1,0,1,1.6046,1,1.0,1.0,0.0,1.0,1.0,-1.4392,1.0,1.0,1.0,0.0,1.0,0.0,-9.2104,0.0,1.0,1.0,0.0,1.0,0.0,-8.6054,0.0,60-65,60-65
ASTRAL.NS|2026-01-21|ensemble_lr0.20_rf0.30_xgb0.50,ASTRAL.NS,2026-01-21,ensemble_lr0.20_rf0.30_xgb0.50,2025-01-22,2026-01-21,2026-01-19,2025-02-17,2026-01-20,2026-01-21,227,2026-01-21,False,0,0.5362318840579711,0.1807001250132075,0.48,0.562798798084259,0.461539424044771,0,53.85,0.461539424044771,0,53.85,SELL,0.3772,-0.2457,Sideways,-0.67,0.0,unavailable_no_point_in_time_source,False,1345.68,1345.68359375,2026-01-22,1410.980712890625,4.8523,1,2026-01-27,1398.30078125,3.9101,1.0,2026-01-29,1458.506103515625,8.384,1.0,2026-02-05,1501.23876953125,11.5596,1.0,0,0,0,0,0,0,4.8526,0,0.0,0.0,0.0,0.0,0.0,3.9103,0.0,0.0,0.0,0.0,0.0,0.0,8.3843,0.0,0.0,0.0,0.0,0.0,0.0,11.5599,0.0,50-55,50-55
AUBANK.NS|2026-01-21|ensemble_lr0.20_rf0.30_xgb0.50,AUBANK.NS,2026-01-21,ensemble_lr0.20_rf0.30_xgb0.50,2025-01-22,2026-01-21,2026-01-19,2025-02-17,2026-01-20,2026-01-21,227,2026-01-21,False,1,0.5217391304347826,0.48155620405338756,0.28,0.19764330983161926,0.27913289572648714,0,72.09,0.27913289572648714,0,72.09,HOLD,0.5663,0.1325,Bullish,0.5,0.0,unavailable_no_point_in_time_source,True,993.93,993.934814453125,2026-01-22,999.5792846679688,0.5679,1,2026-01-27,962.6151733398438,-3.1511,0.0,2026-01-29,986.9415893554688,-0.7036,0.0,2026-02-05,985.0433959960938,-0.8946,0.0,0,0,0,1,0,1,0.5684,1,1.0,1.0,0.0,1.0,0.0,-3.1506,0.0,1.0,1.0,0.0,1.0,1.0,-0.7031,1.0,1.0,1.0,0.0,1.0,1.0,-0.8941,1.0,70-75,70-75
AXISBANK.NS|2026-01-21|ensemble_lr0.20_rf0.30_xgb0.50,AXISBANK.NS,2026-01-21,ensemble_lr0.20_rf0.30_xgb0.50,2025-01-22,2026-01-21,2026-01-19,2025-02-17,2026-01-20,2026-01-21,227,2026-01-21,False,0,0.4202898550724638,0.25841860778633896,0.44,0.3014415204524994,0.3344044817835175,0,66.56,0.3344044817835175,0,66.56,BUY,0.6031,0.2062,Bullish,0.835,0.0,unavailable_no_point_in_time_source,False,1283.91,1283.9097900390625,2026-01-22,1293.80224609375,0.7705,1,2026-01-27,1314.7860107421875,2.4049,1.0,2026-01-29,1362.6490478515625,6.1328,1.0,2026-02-05,1329.5745849609375,3.5567,1.0,0,0,0,0,0,1,0.7705,1,0.0,0.0,0.0,0.0,1.0,2.4048,1.0,0.0,0.0,0.0,0.0,1.0,6.1328,1.0,0.0,0.0,0.0,0.0,1.0,3.5567,1.0,65-70,65-70
BAJAJ-AUTO.NS|2026-01-21|ensemble_lr0.20_rf0.30_xgb0.50,BAJAJ-AUTO.NS,2026-01-21,ensemble_lr0.20_rf0.30_xgb0.50,2025-01-22,2026-01-21,2026-01-19,2025-02-17,2026-01-20,2026-01-21,227,2026-01-21,False,1,0.5362318840579711,0.5199558497878715,0.38,0.27540940046310425,0.3556958701891264,0,64.43,0.3556958701891264,0,64.43,HOLD,0.4363,-0.1274,Bearish,0.335,0.0,unavailable_no_point_in_time_source,False,9051.61,9051.6142578125,2026-01-22,9239.962890625,2.0808,1,2026-01-27,9360.2705078125,3.41,1.0,2026-01-29,9379.9921875,3.6278,1.0,2026-02-05,9513.119140625,5.0986,1.0,0,0,0,1,0,1,2.0809,1,0.0,0.0,1.0,0.0,0.0,3.41,0.0,0.0,0.0,1.0,0.0,0.0,3.6279,0.0,0.0,0.0,1.0,0.0,0.0,5.0986,0.0,60-65,60-65
BAJAJFINSV.NS|2026-01-21|ensemble_lr0.20_rf0.30_xgb0.50,BAJAJFINSV.NS,2026-01-21,ensemble_lr0.20_rf0.30_xgb0.50,2025-01-22,2026-01-21,2026-01-19,2025-02-17,2026-01-20,2026-01-21,227,2026-01-21,False,0,0.5434782608695653,0.6838095064050599,0.8,0.7640002369880676,0.7587620197750458,1,75.88,0.7587620197750458,1,75.88,HOLD,0.4978,-0.0044,Sideways,-0.5,0.0,unavailable_no_point_in_time_source,True,1958.23,1958.22900390625,2026-01-22,1991.400634765625,1.694,1,2026-01-27,1916.06494140625,-2.1532,0.0,2026-01-29,1946.4390869140625,-0.6021,0.0,2026-02-05,1998.394775390625,2.0511,1.0,1,1,1,0,1,1,1.6939,1,0.0,0.0,1.0,0.0,1.0,-2.1532,1.0,0.0,0.0,1.0,0.0,1.0,-0.6021,1.0,1.0,1.0,0.0,1.0,1.0,2.0511,1.0,75-80,75-80
BAJFINANCE.NS|2026-01-21|ensemble_lr0.20_rf0.30_xgb0.50,BAJFINANCE.NS,2026-01-21,ensemble_lr0.20_rf0.30_xgb0.50,2025-01-22,2026-01-21,2026-01-19,2025-02-17,2026-01-20,2026-01-21,227,2026-01-21,False,1,0.4275362318840579,0.3625662217307976,0.42,0.5359950065612793,0.46651074762679917,0,53.35,0.46651074762679917,0,53.35,SELL,0.3326,-0.3348,Bearish,-0.5,0.0,unavailable_no_point_in_time_source,False,930.53,930.5298461914062,2026-01-22,937.0894775390625,0.7049,1,2026-01-27,909.1115112304688,-2.3017,0.0,2026-01-29,929.4365844726562,-0.1175,0.0,2026-02-05,958.855712890625,3.0441,1.0,1,0,0,1,1,0,0.7049,0,1.0,1.0,0.0,0.0,1.0,-2.3018,1.0,1.0,1.0,0.0,0.0,1.0,-0.1175,1.0,0.0,0.0,1.0,1.0,0.0,3.044,0.0,50-55,50-55
BEL.NS|2026-01-21|ensemble_lr0.20_rf0.30_xgb0.50,BEL.NS,2026-01-21,ensemble_lr0.20_rf0.30_xgb0.50,2025-01-22,2026-01-21,2026-01-19,2025-02-17,2026-01-20,2026-01-21,227,2026-01-21,False,0,0.49275362318840576,0.3534320307510927,0.58,0.7165191769599915,0.6029459946302143,1,60.29,0.6029459946302143,1,60.29,HOLD,0.5325,0.065,Sideways,-0.165,0.0,unavailable_no_point_in_time_source,True,400.4,400.3995361328125,2026-01-22,414.9676513671875,3.6384,1,2026-01-27,413.6252136230469,3.3031,1.0,2026-01-29,442.0156555175781,10.3936,1.0,2026-02-05,430.48046875,7.5127,1.0,0,1,1,0,0,0,3.6383,0,1.0,1.0,0.0,0.0,0.0,3.303,0.0,1.0,1.0,0.0,0.0,0.0,10.3935,0.0,1.0,1.0,0.0,0.0,0.0,7.5126,0.0,60-65,60-65
BPCL.NS|2026-01-21|ensemble_lr0.20_rf0.30_xgb0.50,BPCL.NS,2026-01-21,ensemble_lr0.20_rf0.30_xgb0.50,2025-01-22,2026-01-21,2026-01-19,2025-02-17,2026-01-20,2026-01-21,227,2026-01-21,False,0,0.5144927536231884,0.3183870678084806,0.4,0.457977831363678,0.4126663292435351,0,58.73,0.4126663292435351,0,58.73,HOLD,0.4381,-0.1239,Sideways,-0.335,0.0,unavailable_no_point_in_time_source,True,342.29,342.2943115234375,2026-01-22,344.4339599609375,0.6251,1,2026-01-27,347.59478759765625,1.5485,1.0,2026-01-29,356.8828125,4.262,1.0,2026-02-05,382.04998779296875,11.6145,1.0,0,0,0,0,0,1,0.6264,1,0.0,0.0,0.0,0.0,1.0,1.5498,1.0,0.0,0.0,0.0,0.0,0.0,4.2633,0.0,0.0,0.0,0.0,0.0,0.0,11.6159,0.0,55-60,55-60
AARTIIND.NS|2026-01-29|ensemble_lr0.20_rf0.30_xgb0.50,AARTIIND.NS,2026-01-29,ensemble_lr0.20_rf0.30_xgb0.50,2025-01-30,2026-01-29,2026-01-26,2025-02-25,2026-01-28,2026-01-29,226,2026-01-29,False,0,0.5072463768115942,0.3948065770529896,0.18,0.09491922706365585,0.18042092894242584,0,81.96,0.18042092894242584,0,81.96,STRONG SELL,0.2787,-0.4426,Bearish,-0.835,0.0,unavailable_no_point_in_time_source,False,354.25,354.2458190917969,2026-01-30,371.21209716796875,4.7894,1,2026-02-03,428.8475036621094,21.0593,1.0,2026-02-05,452.7001037597656,27.7926,1.0,2026-02-12,464.67626953125,31.1734,1.0,0,0,0,0,0,0,4.7882,0,0.0,0.0,0.0,0.0,0.0,21.0579,0.0,0.0,0.0,0.0,0.0,0.0,27.7911,0.0,0.0,0.0,0.0,0.0,0.0,31.1718,0.0,80-85,80-85
AAVAS.NS|2026-01-29|ensemble_lr0.20_rf0.30_xgb0.50,AAVAS.NS,2026-01-29,ensemble_lr0.20_rf0.30_xgb0.50,2025-01-30,2026-01-29,2026-01-26,2025-02-25,2026-01-28,2026-01-29,226,2026-01-29,False,0,0.4202898550724638,0.3660817847989635,0.38,0.35161158442497253,0.363022149172279,0,63.7,0.363022149172279,0,63.7,SELL,0.4163,-0.1673,Sideways,-0.335,0.0,unavailable_no_point_in_time_source,False,1463.2,1463.199951171875,2026-01-30,1461.300048828125,-0.1298,0,2026-02-03,1429.4000244140625,-2.31,0.0,2026-02-05,1379.5,-5.7203,0.0,2026-02-12,1308.5,-10.5727,0.0,0,1,1,1,1,1,-0.1298,1,1.0,1.0,1.0,1.0,1.0,-2.31,1.0,1.0,1.0,1.0,1.0,1.0,-5.7203,1.0,1.0,1.0,1.0,1.0,1.0,-10.5727,1.0,60-65,60-65
ABCAPITAL.NS|2026-01-29|ensemble_lr0.20_rf0.30_xgb0.50,ABCAPITAL.NS,2026-01-29,ensemble_lr0.20_rf0.30_xgb0.50,2025-01-30,2026-01-29,2026-01-26,2025-02-25,2026-01-28,2026-01-29,226,2026-01-29,False,1,0.536231884057971,0.467259411661155,0.54,0.4743264317512512,0.49261509820785665,0,50.74,0.49261509820785665,0,50.74,HOLD,0.4359,-0.1283,Bearish,0.165,0.0,unavailable_no_point_in_time_source,False,344.3,344.29998779296875,2026-01-30,339.79998779296875,-1.307,0,2026-02-03,345.45001220703125,0.334,1.0,2026-02-05,344.6499938964844,0.1017,1.0,2026-02-12,344.6499938964844,0.1017,1.0,0,1,1,0,1,1,-1.307,1,0.0,0.0,1.0,0.0,1.0,0.334,1.0,0.0,0.0,1.0,0.0,1.0,0.1017,1.0,0.0,0.0,1.0,0.0,1.0,0.1017,1.0,50-55,50-55
ABFRL.NS|2026-01-29|ensemble_lr0.20_rf0.30_xgb0.50,ABFRL.NS,2026-01-29,ensemble_lr0.20_rf0.30_xgb0.50,2025-01-30,2026-01-29,2026-01-26,2025-02-25,2026-01-28,2026-01-29,226,2026-01-29,False,0,0.43478260869565216,0.24202461671249495,0.34,0.2703954875469208,0.2856026671159594,0,71.44,0.2856026671159594,0,71.44,SELL,0.3289,-0.3423,High Volatility,-0.665,0.0,unavailable_no_point_in_time_source,True,64.32,64.31999969482422,2026-01-30,66.41000366210938,3.2494,1,2026-02-03,65.73999786376953,2.2077,1.0,2026-02-05,70.88999938964844,10.2146,1.0,2026-02-12,70.04000091552734,8.893,1.0,0,0,0,0,0,0,3.2494,0,0.0,0.0,0.0,0.0,0.0,2.2077,0.0,0.0,0.0,0.0,0.0,0.0,10.2146,0.0,0.0,0.0,0.0,0.0,0.0,8.893,0.0,70-75,70-75
ACC.NS|2026-01-29|ensemble_lr0.20_rf0.30_xgb0.50,ACC.NS,2026-01-29,ensemble_lr0.20_rf0.30_xgb0.50,2025-01-30,2026-01-29,2026-01-26,2025-02-25,2026-01-28,2026-01-29,226,2026-01-29,False,0,0.4710144927536232,0.671234967006436,0.36,0.38048291206359863,0.4324884494330865,0,56.75,0.4324884494330865,0,56.75,SELL,0.3514,-0.2972,Sideways,-1.0,0.0,unavailable_no_point_in_time_source,False,1668.84,1668.8438720703125,2026-01-30,1627.483154296875,-2.4784,0,2026-02-03,1659.299072265625,-0.5719,0.0,2026-02-05,1666.5570068359375,-0.137,0.0,2026-02-12,1661.685302734375,-0.429,0.0,0,1,1,1,1,1,-2.4782,1,1.0,1.0,1.0,1.0,1.0,-0.5717,1.0,1.0,1.0,1.0,1.0,1.0,-0.1368,1.0,1.0,1.0,1.0,1.0,1.0,-0.4287,1.0,55-60,55-60
ADANIENT.NS|2026-01-29|ensemble_lr0.20_rf0.30_xgb0.50,ADANIENT.NS,2026-01-29,ensemble_lr0.20_rf0.30_xgb0.50,2025-01-30,2026-01-29,2026-01-26,2025-02-25,2026-01-28,2026-01-29,226,2026-01-29,False,0,0.4710144927536232,0.7214158320011681,0.8,0.9284078478813171,0.8484870903408922,1,84.85,0.8484870903408922,1,84.85,HOLD,0.4357,-0.1286,High Volatility,-1.0,0.0,unavailable_no_point_in_time_source,True,2018.3,2018.2974853515625,2026-01-30,2019.4970703125,0.0594,1,2026-02-03,2201.61572265625,9.0828,1.0,2026-02-05,2235.6005859375,10.7667,1.0,2026-02-12,2210.8115234375,9.5384,1.0,1,1,1,0,1,1,0.0593,1,1.0,1.0,0.0,1.0,0.0,9.0827,0.0,1.0,1.0,0.0,1.0,0.0,10.7665,0.0,1.0,1.0,0.0,1.0,0.0,9.5383,0.0,80-85,80-85
ADANIPORTS.NS|2026-01-29|ensemble_lr0.20_rf0.30_xgb0.50,ADANIPORTS.NS,2026-01-29,ensemble_lr0.20_rf0.30_xgb0.50,2025-01-30,2026-01-29,2026-01-26,2025-02-25,2026-01-28,2026-01-29,226,2026-01-29,False,1,0.5144927536231884,0.6296622627440873,0.84,0.9301111102104187,0.8429880076540268,1,84.3,0.8429880076540268,1,84.3,HOLD,0.4956,-0.0087,Bearish,-0.335,0.0,unavailable_no_point_in_time_source,True,1411.85,1411.849853515625,2026-01-30,1413.8414306640625,0.1411,1,2026-02-03,1524.3756103515625,7.9701,1.0,2026-02-05,1563.6102294921875,10.749,1.0,2026-02-12,1537.221435546875,8.88,1.0,1,1,1,1,1,1,0.1411,1,1.0,1.0,1.0,1.0,0.0,7.9701,0.0,1.0,1.0,1.0,1.0,0.0,10.749,0.0,1.0,1.0,1.0,1.0,0.0,8.8799,0.0,80-85,80-85
AETHER.NS|2026-01-29|ensemble_lr0.20_rf0.30_xgb0.50,AETHER.NS,2026-01-29,ensemble_lr0.20_rf0.30_xgb0.50,2025-01-30,2026-01-29,2026-01-26,2025-02-25,2026-01-28,2026-01-29,226,2026-01-29,False,0,0.5507246376811593,0.31173244772397546,0.72,0.517822265625,0.5372576223572951,1,53.73,0.5372576223572951,1,53.73,BUY,0.6426,0.2851,High Volatility,0.5,0.0,unavailable_no_point_in_time_source,False,977.0,977.0,2026-01-30,1002.0,2.5589,1,2026-02-03,1006.5999755859375,3.0297,1.0,2026-02-05,1022.0,4.6059,1.0,2026-02-12,966.4000244140625,-1.085,0.0,0,1,1,0,0,1,2.5589,1,1.0,1.0,0.0,0.0,1.0,3.0297,1.0,1.0,1.0,0.0,0.0,1.0,4.6059,1.0,0.0,0.0,1.0,1.0,0.0,-1.085,0.0,50-55,50-55
AIAENG.NS|2026-01-29|ensemble_lr0.20_rf0.30_xgb0.50,AIAENG.NS,2026-01-29,ensemble_lr0.20_rf0.30_xgb0.50,2025-01-30,2026-01-29,2026-01-26,2025-02-25,2026-01-28,2026-01-29,226,2026-01-29,False,1,0.5217391304347826,0.45183853648181,0.64,0.3624475598335266,0.4635914872131253,0,53.64,0.4635914872131253,0,53.64,HOLD,0.51,0.02,High Volatility,0.5,0.0,unavailable_no_point_in_time_source,False,3984.92,3984.92041015625,2026-01-30,3974.061279296875,-0.2725,0,2026-02-03,4024.571533203125,0.995,1.0,2026-02-05,3952.143798828125,-0.8225,0.0,2026-02-12,3936.303466796875,-1.22,0.0,1,1,1,0,0,1,-0.2725,1,0.0,0.0,1.0,1.0,1.0,0.995,1.0,1.0,1.0,0.0,0.0,1.0,-0.8225,1.0,1.0,1.0,0.0,0.0,1.0,-1.22,1.0,50-55,50-55
AJANTPHARM.NS|2026-01-29|ensemble_lr0.20_rf0.30_xgb0.50,AJANTPHARM.NS,2026-01-29,ensemble_lr0.20_rf0.30_xgb0.50,2025-01-30,2026-01-29,2026-01-26,2025-02-25,2026-01-28,2026-01-29,226,2026-01-29,False,0,0.4275362318840579,0.37553484905897344,0.36,0.44163668155670166,0.4039253105901455,0,59.61,0.4039253105901455,0,59.61,HOLD,0.4755,-0.049,Sideways,0.335,0.0,unavailable_no_point_in_time_source,False,2670.44,2670.436279296875,2026-01-30,2756.646484375,3.2283,1,2026-02-03,2853.955322265625,6.8722,1.0,2026-02-05,2791.725341796875,4.5419,1.0,2026-02-12,2863.765380859375,7.2396,1.0,0,0,0,0,0,0,3.2282,0,0.0,0.0,0.0,0.0,0.0,6.8721,0.0,0.0,0.0,0.0,0.0,0.0,4.5418,0.0,0.0,0.0,0.0,0.0,0.0,7.2395,0.0,55-60,55-60
ALEMBICLTD.NS|2026-01-29|ensemble_lr0.20_rf0.30_xgb0.50,ALEMBICLTD.NS,2026-01-29,ensemble_lr0.20_rf0.30_xgb0.50,2025-01-30,2026-01-29,2026-01-26,2025-02-25,2026-01-28,2026-01-29,226,2026-01-29,False,0,0.5144927536231884,0.42625811034945127,0.32,0.22160768508911133,0.2920554646144459,0,70.79,0.2920554646144459,0,70.79,SELL,0.3152,-0.3696,Sideways,-1.0,0.0,unavailable_no_point_in_time_source,False,90.62,90.62360382080078,2026-01-30,90.49700927734375,-0.1397,0,2026-02-03,92.19145965576172,1.7301,1.0,2026-02-05,94.44098663330078,4.2123,1.0,2026-02-12,95.99909210205078,5.9317,1.0,0,1,1,1,1,1,-0.1357,1,0.0,0.0,0.0,0.0,0.0,1.7341,0.0,0.0,0.0,0.0,0.0,0.0,4.2165,0.0,0.0,0.0,0.0,0.0,0.0,5.9359,0.0,70-75,70-75
ALKEM.NS|2026-01-29|ensemble_lr0.20_rf0.30_xgb0.50,ALKEM.NS,2026-01-29,ensemble_lr0.20_rf0.30_xgb0.50,2025-01-30,2026-01-29,2026-01-26,2025-02-25,2026-01-28,2026-01-29,226,2026-01-29,False,1,0.5507246376811593,0.405136997623386,0.38,0.3691636025905609,0.37960920081995764,0,62.04,0.37960920081995764,0,62.04,HOLD,0.4372,-0.1257,Sideways,-0.165,0.0,unavailable_no_point_in_time_source,False,5657.19,5657.18798828125,2026-01-30,5622.03466796875,-0.6214,0,2026-02-03,5646.791015625,-0.1838,0.0,2026-02-05,5607.181640625,-0.8839,0.0,2026-02-12,5813.1494140625,2.7569,1.0,0,1,1,0,1,1,-0.6214,1,1.0,1.0,0.0,1.0,1.0,-0.1838,1.0,1.0,1.0,0.0,1.0,1.0,-0.884,1.0,0.0,0.0,1.0,0.0,1.0,2.7568,1.0,60-65,60-65
AMBER.NS|2026-01-29|ensemble_lr0.20_rf0.30_xgb0.50,AMBER.NS,2026-01-29,ensemble_lr0.20_rf0.30_xgb0.50,2025-01-30,2026-01-29,2026-01-26,2025-02-25,2026-01-28,2026-01-29,226,2026-01-29,False,1,0.36231884057971014,0.5706822238857038,0.5,0.7846583127975464,0.656465601175914,1,65.65,0.656465601175914,1,65.65,HOLD,0.4519,-0.0963,High Volatility,-0.835,0.0,unavailable_no_point_in_time_source,False,5547.0,5547.0,2026-01-30,5716.0,3.0467,1,2026-02-03,6193.5,11.6549,1.0,2026-02-05,6399.5,15.3687,1.0,2026-02-12,7784.5,40.3371,1.0,0,1,1,1,0,0,3.0467,0,1.0,1.0,1.0,0.0,0.0,11.6549,0.0,1.0,1.0,1.0,0.0,0.0,15.3687,0.0,1.0,1.0,1.0,0.0,0.0,40.3371,0.0,65-70,65-70
ANGELONE.NS|2026-01-29|ensemble_lr0.20_rf0.30_xgb0.50,ANGELONE.NS,2026-01-29,ensemble_lr0.20_rf0.30_xgb0.50,2025-01-30,2026-01-29,2026-01-26,2025-02-25,2026-01-28,2026-01-29,226,2026-01-29,False,1,0.4420289855072464,0.5986534560131715,0.48,0.47455042600631714,0.5010059042057928,1,50.1,0.5010059042057928,1,50.1,BUY,0.651,0.3021,High Volatility,0.33,0.0,unavailable_no_point_in_time_source,False,256.17,256.17340087890625,2026-01-30,251.4723358154297,-1.8351,0,2026-02-03,256.114013671875,-0.0232,0.0,2026-02-05,261.77508544921875,2.1867,1.0,2026-02-12,272.3648681640625,6.3205,1.0,0,0,0,0,1,0,-1.8338,0,0.0,0.0,0.0,1.0,0.0,-0.0219,0.0,1.0,1.0,1.0,0.0,1.0,2.188,1.0,1.0,1.0,1.0,0.0,1.0,6.3219,1.0,50-55,50-55
APARINDS.NS|2026-01-29|ensemble_lr0.20_rf0.30_xgb0.50,APARINDS.NS,2026-01-29,ensemble_lr0.20_rf0.30_xgb0.50,2025-01-30,2026-01-29,2026-01-26,2025-02-25,2026-01-28,2026-01-29,226,2026-01-29,False,0,0.463768115942029,0.28957035678289306,0.58,0.2889084219932556,0.3763682823532064,0,62.36,0.3763682823532064,0,62.36,HOLD,0.4828,-0.0344,High Volatility,-0.165,0.0,unavailable_no_point_in_time_source,False,7668.38,7668.376953125,2026-01-30,7966.34228515625,3.8856,1,2026-02-03,9725.2353515625,26.8226,1.0,2026-02-05,9502.0107421875,23.9116,1.0,2026-02-12,9492.5439453125,23.7882,1.0,1,0,0,0,1,0,3.8856,0,0.0,0.0,0.0,1.0,0.0,26.8226,0.0,0.0,0.0,0.0,1.0,0.0,23.9116,0.0,0.0,0.0,0.0,1.0,0.0,23.7881,0.0,60-65,60-65
APOLLOHOSP.NS|2026-01-29|ensemble_lr0.20_rf0.30_xgb0.50,APOLLOHOSP.NS,2026-01-29,ensemble_lr0.20_rf0.30_xgb0.50,2025-01-30,2026-01-29,2026-01-26,2025-02-25,2026-01-28,2026-01-29,226,2026-01-29,False,0,0.5434782608695651,0.5823053302089178,0.5,0.7709458470344543,0.6519339895590107,1,65.19,0.6519339895590107,1,65.19,SELL,0.4137,-0.1726,Bearish,-0.835,0.0,unavailable_no_point_in_time_source,False,6784.09,6784.08544921875,2026-01-30,6943.18896484375,2.3452,1,2026-02-03,7070.87060546875,4.2273,1.0,2026-02-05,7104.287109375,4.7199,1.0,2026-02-12,7520.25,10.8513,1.0,0,1,1,0,0,0,2.3452,0,1.0,1.0,0.0,0.0,0.0,4.2273,0.0,1.0,1.0,0.0,0.0,0.0,4.7198,0.0,1.0,1.0,0.0,0.0,0.0,10.8513,0.0,65-70,65-70
APOLLOTYRE.NS|2026-01-29|ensemble_lr0.20_rf0.30_xgb0.50,APOLLOTYRE.NS,2026-01-29,ensemble_lr0.20_rf0.30_xgb0.50,2025-01-30,2026-01-29,2026-01-26,2025-02-25,2026-01-28,2026-01-29,226,2026-01-29,False,0,0.47826086956521746,0.43854932952024894,0.46,0.7285951972007751,0.5900074645044373,1,59.0,0.5900074645044373,1,59.0,HOLD,0.517,0.034,Sideways,-0.165,0.0,unavailable_no_point_in_time_source,True,485.57,485.5713195800781,2026-01-30,485.96630859375,0.0813,1,2026-02-03,498.55609130859375,2.6741,1.0,2026-02-05,501.4690246582031,3.274,1.0,2026-02-12,495.9139404296875,2.13,1.0,0,1,1,0,0,1,0.0816,1,1.0,1.0,0.0,0.0,1.0,2.6744,1.0,1.0,1.0,0.0,0.0,0.0,3.2743,0.0,1.0,1.0,0.0,0.0,1.0,2.1303,1.0,55-60,55-60
ASHOKLEY.NS|2026-01-29|ensemble_lr0.20_rf0.30_xgb0.50,ASHOKLEY.NS,2026-01-29,ensemble_lr0.20_rf0.30_xgb0.50,2025-01-30,2026-01-29,2026-01-26,2025-02-25,2026-01-28,2026-01-29,226,2026-01-29,False,1,0.4855072463768116,0.8074768114178389,0.62,0.4581812620162964,0.576585993291716,1,57.66,0.576585993291716,1,57.66,BUY,0.7116,0.4231,Bullish,0.665,0.0,unavailable_no_point_in_time_source,True,190.81,190.8050537109375,2026-01-30,193.3909454345703,1.3553,1,2026-02-03,196.51760864257812,2.9939,1.0,2026-02-05,198.12026977539062,3.8339,1.0,2026-02-12,207.4805908203125,8.7396,1.0,0,1,1,1,0,1,1.3526,1,1.0,1.0,1.0,0.0,1.0,2.9913,1.0,1.0,1.0,1.0,0.0,1.0,3.8312,1.0,1.0,1.0,1.0,0.0,1.0,8.7367,1.0,55-60,55-60
ASIANPAINT.NS|2026-01-29|ensemble_lr0.20_rf0.30_xgb0.50,ASIANPAINT.NS,2026-01-29,ensemble_lr0.20_rf0.30_xgb0.50,2025-01-30,2026-01-29,2026-01-26,2025-02-25,2026-01-28,2026-01-29,226,2026-01-29,False,0,0.4565217391304348,0.06032201057543968,0.3,0.44871294498443604,0.32642087460730596,0,67.36,0.32642087460730596,0,67.36,SELL,0.3702,-0.2597,High Volatility,-0.5,0.0,unavailable_no_point_in_time_source,False,2395.22,2395.218994140625,2026-01-30,2407.413330078125,0.5091,1,2026-02-03,2405.133056640625,0.4139,1.0,2026-02-05,2411.1806640625,0.6664,1.0,2026-02-12,2389.766357421875,-0.2276,0.0,0,0,0,0,0,0,0.5091,0,0.0,0.0,0.0,0.0,0.0,0.4139,0.0,0.0,0.0,0.0,0.0,0.0,0.6664,0.0,1.0,1.0,1.0,1.0,1.0,-0.2277,1.0,65-70,65-70
ASTRAL.NS|2026-01-29|ensemble_lr0.20_rf0.30_xgb0.50,ASTRAL.NS,2026-01-29,ensemble_lr0.20_rf0.30_xgb0.50,2025-01-30,2026-01-29,2026-01-26,2025-02-25,2026-01-28,2026-01-29,226,2026-01-29,False,0,0.5652173913043478,0.35965364066864436,0.54,0.1955263763666153,0.33169391631703654,0,66.83,0.33169391631703654,0,66.83,HOLD,0.4715,-0.057,Sideways,0.165,0.0,unavailable_no_point_in_time_source,False,1458.51,1458.506103515625,2026-01-30,1474.28125,1.0816,1,2026-02-03,1501.1390380859375,2.9231,1.0,2026-02-05,1501.23876953125,2.9299,1.0,2026-02-12,1589.1005859375,8.954,1.0,1,0,0,0,1,1,1.0813,1,0.0,0.0,0.0,1.0,1.0,2.9228,1.0,0.0,0.0,0.0,1.0,1.0,2.9296,1.0,0.0,0.0,0.0,1.0,0.0,8.9537,0.0,65-70,65-70
AUBANK.NS|2026-01-29|ensemble_lr0.20_rf0.30_xgb0.50,AUBANK.NS,2026-01-29,ensemble_lr0.20_rf0.30_xgb0.50,2025-01-30,2026-01-29,2026-01-26,2025-02-25,2026-01-28,2026-01-29,226,2026-01-29,False,1,0.5434782608695653,0.3034034204311124,0.46,0.607011616230011,0.502186492201228,1,50.22,0.502186492201228,1,50.22,BUY,0.6913,0.3827,Bullish,0.5,0.0,unavailable_no_point_in_time_source,False,986.94,986.9415893554688,2026-01-30,981.3969116210938,-0.5618,0,2026-02-03,981.3469848632812,-0.5669,0.0,2026-02-05,985.0433959960938,-0.1923,0.0,2026-02-12,999.6292114257812,1.2855,1.0,1,0,0,0,0,0,-0.5616,0,0.0,0.0,0.0,0.0,0.0,-0.5667,0.0,0.0,0.0,0.0,0.0,0.0,-0.1922,0.0,1.0,1.0,1.0,1.0,1.0,1.2857,1.0,50-55,50-55
AXISBANK.NS|2026-01-29|ensemble_lr0.20_rf0.30_xgb0.50,AXISBANK.NS,2026-01-29,ensemble_lr0.20_rf0.30_xgb0.50,2025-01-30,2026-01-29,2026-01-26,2025-02-25,2026-01-28,2026-01-29,226,2026-01-29,False,0,0.463768115942029,0.12756152855691158,0.58,0.7031748294830322,0.5510997204528985,1,55.11,0.5510997204528985,1,55.11,STRONG BUY,0.783,0.5661,Bullish,1.0,0.0,unavailable_no_point_in_time_source,True,1362.65,1362.6490478515625,2026-01-30,1369.343994140625,0.4913,1,2026-02-03,1355.15478515625,-0.55,0.0,2026-02-05,1329.5745849609375,-2.4272,0.0,2026-02-12,1338.9674072265625,-1.7379,0.0,1,1,1,0,1,1,0.4912,1,0.0,0.0,1.0,0.0,0.0,-0.55,0.0,0.0,0.0,1.0,0.0,0.0,-2.4273,0.0,0.0,0.0,1.0,0.0,0.0,-1.738,0.0,55-60,55-60
BAJAJ-AUTO.NS|2026-01-29|ensemble_lr0.20_rf0.30_xgb0.50,BAJAJ-AUTO.NS,2026-01-29,ensemble_lr0.20_rf0.30_xgb0.50,2025-01-30,2026-01-29,2026-01-26,2025-02-25,2026-01-28,2026-01-29,226,2026-01-29,False,1,0.5,0.5186579800146226,0.42,0.5651561617851257,0.5123096768954873,1,51.23,0.5123096768954873,1,51.23,BUY,0.6167,0.2334,Sideways,0.5,0.0,unavailable_no_point_in_time_source,False,9379.99,9379.9921875,2026-01-30,9464.3056640625,0.8989,1,2026-02-03,9462.333984375,0.8778,1.0,2026-02-05,9513.119140625,1.4193,1.0,2026-02-12,9703.4404296875,3.4483,1.0,1,1,1,1,1,1,0.8989,1,1.0,1.0,1.0,1.0,1.0,0.8779,1.0,1.0,1.0,1.0,1.0,1.0,1.4193,1.0,1.0,1.0,1.0,1.0,1.0,3.4483,1.0,50-55,50-55
BAJAJFINSV.NS|2026-01-29|ensemble_lr0.20_rf0.30_xgb0.50,BAJAJFINSV.NS,2026-01-29,ensemble_lr0.20_rf0.30_xgb0.50,2025-01-30,2026-01-29,2026-01-26,2025-02-25,2026-01-28,2026-01-29,226,2026-01-29,False,0,0.5072463768115942,0.6296604076420199,0.68,0.7661578059196472,0.7130109844882276,1,71.3,0.7130109844882276,1,71.3,HOLD,0.4912,-0.0176,Sideways,-0.5,0.0,unavailable_no_point_in_time_source,True,1946.44,1946.4390869140625,2026-01-30,1950.9351806640625,0.231,1,2026-02-03,2010.9840087890625,3.3161,1.0,2026-02-05,1998.394775390625,2.6693,1.0,2026-02-12,2035.3631591796875,4.5686,1.0,1,1,1,0,1,1,0.2309,1,1.0,1.0,0.0,1.0,0.0,3.316,0.0,1.0,1.0,0.0,1.0,1.0,2.6692,1.0,1.0,1.0,0.0,1.0,0.0,4.5685,0.0,70-75,70-75
BAJFINANCE.NS|2026-01-29|ensemble_lr0.20_rf0.30_xgb0.50,BAJFINANCE.NS,2026-01-29,ensemble_lr0.20_rf0.30_xgb0.50,2025-01-30,2026-01-29,2026-01-26,2025-02-25,2026-01-28,2026-01-29,226,2026-01-29,False,1,0.3913043478260869,0.5481401205885669,0.32,0.2628130316734314,0.3370345399544291,0,66.3,0.3370345399544291,0,66.3,SELL,0.3217,-0.3567,Bearish,-0.335,0.0,unavailable_no_point_in_time_source,True,929.44,929.4365844726562,2026-01-30,924.1688842773438,-0.5668,0,2026-02-03,958.5078735351562,3.1278,1.0,2026-02-05,958.855712890625,3.1653,1.0,2026-02-12,992.995849609375,6.8385,1.0,0,1,1,0,1,1,-0.5671,1,0.0,0.0,1.0,0.0,0.0,3.1275,0.0,0.0,0.0,1.0,0.0,0.0,3.1649,0.0,0.0,0.0,1.0,0.0,0.0,6.8381,0.0,65-70,65-70
BEL.NS|2026-01-29|ensemble_lr0.20_rf0.30_xgb0.50,BEL.NS,2026-01-29,ensemble_lr0.20_rf0.30_xgb0.50,2025-01-30,2026-01-29,2026-01-26,2025-02-25,2026-01-28,2026-01-29,226,2026-01-29,False,0,0.5217391304347826,0.7293372091174815,0.46,0.6591863632202148,0.6134606234336037,1,61.35,0.6134606234336037,1,61.35,BUY,0.6926,0.3852,Sideways,0.665,0.0,unavailable_no_point_in_time_source,True,442.02,442.0156555175781,2026-01-30,446.4905090332031,1.0124,1,2026-02-03,436.4966735839844,-1.2486,0.0,2026-02-05,430.48046875,-2.6097,0.0,2026-02-12,441.4189758300781,-0.135,0.0,0,1,1,0,0,1,1.0114,1,0.0,0.0,1.0,1.0,0.0,-1.2496,0.0,0.0,0.0,1.0,1.0,0.0,-2.6106,0.0,0.0,0.0,1.0,1.0,0.0,-0.136,0.0,60-65,60-65
BPCL.NS|2026-01-29|ensemble_lr0.20_rf0.30_xgb0.50,BPCL.NS,2026-01-29,ensemble_lr0.20_rf0.30_xgb0.50,2025-01-30,2026-01-29,2026-01-26,2025-02-25,2026-01-28,2026-01-29,226,2026-01-29,False,0,0.4275362318840579,0.6326782778800847,0.72,0.6981405019760132,0.6916059065640235,1,69.16,0.6916059065640235,1,69.16,BUY,0.6641,0.3282,Sideways,0.165,0.0,unavailable_no_point_in_time_source,False,356.88,356.8828125,2026-01-30,354.5,-0.6677,0,2026-02-03,373.45001220703125,4.6422,1.0,2026-02-05,382.04998779296875,7.0519,1.0,2026-02-12,377.70001220703125,5.8331,1.0,1,0,0,1,0,0,-0.6669,0,1.0,1.0,0.0,1.0,1.0,4.643,1.0,1.0,1.0,0.0,1.0,1.0,7.0528,1.0,1.0,1.0,0.0,1.0,1.0,5.8339,1.0,65-70,65-70
AARTIIND.NS|2026-02-05|ensemble_lr0.20_rf0.30_xgb0.50,AARTIIND.NS,2026-02-05,ensemble_lr0.20_rf0.30_xgb0.50,2025-02-06,2026-02-05,2026-02-02,2025-03-06,2026-02-04,2026-02-05,225,2026-02-05,False,0,0.45925925925925926,0.5942152773488255,0.64,0.7190182209014893,0.6703521659205097,1,67.04,0.6703521659205097,1,67.04,BUY,0.7021,0.4042,High Volatility,0.665,0.0,unavailable_no_point_in_time_source,False,452.7,452.7001037597656,2026-02-06,440.0751953125,-2.7888,0,2026-02-10,466.87188720703125,3.1305,1.0,2026-02-12,464.67626953125,2.6455,1.0,2026-02-19,453.54840087890625,0.1874,1.0,1,0,0,1,0,0,-2.7888,0,1.0,1.0,0.0,1.0,1.0,3.1305,1.0,1.0,1.0,0.0,1.0,1.0,2.6455,1.0,1.0,1.0,0.0,1.0,1.0,0.1874,1.0,65-70,65-70
AAVAS.NS|2026-02-05|ensemble_lr0.20_rf0.30_xgb0.50,AAVAS.NS,2026-02-05,ensemble_lr0.20_rf0.30_xgb0.50,2025-02-06,2026-02-05,2026-02-02,2025-03-06,2026-02-04,2026-02-05,225,2026-02-05,False,0,0.4444444444444445,0.14686381895790993,0.42,0.2553500831127167,0.28304780534794033,0,71.7,0.28304780534794033,0,71.7,SELL,0.3149,-0.3702,High Volatility,-1.0,0.0,unavailable_no_point_in_time_source,False,1379.5,1379.5,2026-02-06,1301.4000244140625,-5.6615,0,2026-02-10,1343.0999755859375,-2.6386,0.0,2026-02-12,1308.5,-5.1468,0.0,2026-02-19,1289.0,-6.5603,0.0,0,1,1,1,1,1,-5.6615,1,1.0,1.0,1.0,1.0,1.0,-2.6386,1.0,1.0,1.0,1.0,1.0,1.0,-5.1468,1.0,1.0,1.0,1.0,1.0,1.0,-6.5603,1.0,70-75,70-75
ABCAPITAL.NS|2026-02-05|ensemble_lr0.20_rf0.30_xgb0.50,ABCAPITAL.NS,2026-02-05,ensemble_lr0.20_rf0.30_xgb0.50,2025-02-06,2026-02-05,2026-02-02,2025-03-06,2026-02-04,2026-02-05,225,2026-02-05,False,1,0.5407407407407407,0.7241441084960197,0.48,0.691977858543396,0.6348177509709019,1,63.48,0.6348177509709019,1,63.48,HOLD,0.576,0.1519,High Volatility,0.0,0.0,unavailable_no_point_in_time_source,True,344.65,344.6499938964844,2026-02-06,347.75,0.8995,1,2026-02-10,353.75,2.6404,1.0,2026-02-12,344.6499938964844,0.0,0.0,2026-02-19,344.29998779296875,-0.1016,0.0,0,1,1,1,0,1,0.8995,1,1.0,1.0,1.0,0.0,1.0,2.6404,1.0,0.0,0.0,0.0,1.0,1.0,-0.0,1.0,0.0,0.0,0.0,1.0,1.0,-0.1016,1.0,60-65,60-65
ABFRL.NS|2026-02-05|ensemble_lr0.20_rf0.30_xgb0.50,ABFRL.NS,2026-02-05,ensemble_lr0.20_rf0.30_xgb0.50,2025-02-06,2026-02-05,2026-02-02,2025-03-06,2026-02-04,2026-02-05,225,2026-02-05,False,0,0.48148148148148145,0.3468505769964622,0.7,0.6641331315040588,0.6114366811513219,1,61.14,0.6114366811513219,1,61.14,HOLD,0.5428,0.0855,High Volatility,-0.165,0.0,unavailable_no_point_in_time_source,True,70.89,70.88999938964844,2026-02-06,68.81999969482422,-2.92,0,2026-02-10,72.98999786376953,2.9623,1.0,2026-02-12,70.04000091552734,-1.199,0.0,2026-02-19,70.08000183105469,-1.1426,0.0,1,0,0,1,0,1,-2.92,1,1.0,1.0,0.0,1.0,1.0,2.9623,1.0,0.0,0.0,1.0,0.0,1.0,-1.199,1.0,0.0,0.0,1.0,0.0,1.0,-1.1426,1.0,60-65,60-65
ACC.NS|2026-02-05|ensemble_lr0.20_rf0.30_xgb0.50,ACC.NS,2026-02-05,ensemble_lr0.20_rf0.30_xgb0.50,2025-02-06,2026-02-05,2026-02-02,2025-03-06,2026-02-04,2026-02-05,225,2026-02-05,False,0,0.43703703703703706,0.8557373099708134,0.38,0.13875402510166168,0.35452447454499353,0,64.55,0.35452447454499353,0,64.55,SELL,0.3462,-0.3077,Bearish,-0.5,0.0,unavailable_no_point_in_time_source,False,1666.56,1666.5570068359375,2026-02-06,1657.8077392578125,-0.525,0,2026-02-10,1685.6466064453125,1.1455,1.0,2026-02-12,1661.685302734375,-0.2923,0.0,2026-02-19,1608.294189453125,-3.496,0.0,0,1,1,1,1,1,-0.5252,1,0.0,0.0,0.0,0.0,0.0,1.1453,0.0,1.0,1.0,1.0,1.0,1.0,-0.2925,1.0,1.0,1.0,1.0,1.0,1.0,-3.4962,1.0,60-65,60-65
ADANIENT.NS|2026-02-05|ensemble_lr0.20_rf0.30_xgb0.50,ADANIENT.NS,2026-02-05,ensemble_lr0.20_rf0.30_xgb0.50,2025-02-06,2026-02-05,2026-02-02,2025-03-06,2026-02-04,2026-02-05,225,2026-02-05,False,0,0.5037037037037037,0.26814322552191283,0.68,0.5497360229492188,0.5324966565789919,1,53.25,0.5324966565789919,1,53.25,HOLD,0.5123,0.0245,High Volatility,-0.335,0.0,unavailable_no_point_in_time_source,False,2235.6,2235.6005859375,2026-02-06,2225.40478515625,-0.4561,0,2026-02-10,2227.404052734375,-0.3666,0.0,2026-02-12,2210.8115234375,-1.1088,0.0,2026-02-19,2155.736083984375,-3.5724,0.0,1,0,0,1,0,1,-0.456,1,0.0,0.0,1.0,0.0,1.0,-0.3666,1.0,0.0,0.0,1.0,0.0,1.0,-1.1088,1.0,0.0,0.0,1.0,0.0,0.0,-3.5724,0.0,50-55,50-55
ADANIPORTS.NS|2026-02-05|ensemble_lr0.20_rf0.30_xgb0.50,ADANIPORTS.NS,2026-02-05,ensemble_lr0.20_rf0.30_xgb0.50,2025-02-06,2026-02-05,2026-02-02,2025-03-06,2026-02-04,2026-02-05,225,2026-02-05,False,1,0.5555555555555556,0.18052236372606378,0.76,0.8081417083740234,0.6681753269322245,1,66.82,0.6681753269322245,1,66.82,BUY,0.6496,0.2993,Bullish,0.5,0.0,unavailable_no_point_in_time_source,False,1563.61,1563.6102294921875,2026-02-06,1544.1920166015625,-1.2419,0,2026-02-10,1548.17529296875,-0.9871,0.0,2026-02-12,1537.221435546875,-1.6877,0.0,2026-02-19,1506.9490966796875,-3.6237,0.0,1,0,0,0,0,0,-1.2419,0,0.0,0.0,0.0,0.0,0.0,-0.9871,0.0,0.0,0.0,0.0,0.0,0.0,-1.6877,0.0,0.0,0.0,0.0,0.0,0.0,-3.6237,0.0,65-70,65-70
AETHER.NS|2026-02-05|ensemble_lr0.20_rf0.30_xgb0.50,AETHER.NS,2026-02-05,ensemble_lr0.20_rf0.30_xgb0.50,2025-02-06,2026-02-05,2026-02-02,2025-03-06,2026-02-04,2026-02-05,225,2026-02-05,False,0,0.5407407407407407,0.31358486972585076,0.38,0.30872029066085815,0.33107711927559924,0,66.89,0.33107711927559924,0,66.89,HOLD,0.5603,0.1207,High Volatility,1.0,0.0,unavailable_no_point_in_time_source,False,1022.0,1022.0,2026-02-06,1011.2999877929688,-1.047,0,2026-02-10,981.2000122070312,-3.9922,0.0,2026-02-12,966.4000244140625,-5.4403,0.0,2026-02-19,960.0999755859375,-6.0568,0.0,0,1,1,1,1,1,-1.047,1,1.0,1.0,1.0,1.0,0.0,-3.9922,0.0,1.0,1.0,1.0,1.0,0.0,-5.4403,0.0,1.0,1.0,1.0,1.0,0.0,-6.0568,0.0,65-70,65-70
AIAENG.NS|2026-02-05|ensemble_lr0.20_rf0.30_xgb0.50,AIAENG.NS,2026-02-05,ensemble_lr0.20_rf0.30_xgb0.50,2025-02-06,2026-02-05,2026-02-02,2025-03-06,2026-02-04,2026-02-05,225,2026-02-05,False,1,0.4962962962962963,0.8384753918238078,0.58,0.7375019192695618,0.7104460379995424,1,71.04,0.7104460379995424,1,71.04,BUY,0.6662,0.3325,High Volatility,0.835,0.0,unavailable_no_point_in_time_source,False,3952.14,3952.143798828125,2026-02-06,3868.159423828125,-2.125,0,2026-02-10,4093.01416015625,3.5644,1.0,2026-02-12,3936.303466796875,-0.4008,0.0,2026-02-19,3945.369140625,-0.1714,0.0,0,0,0,0,1,0,-2.1249,0,1.0,1.0,1.0,0.0,1.0,3.5645,1.0,0.0,0.0,0.0,1.0,0.0,-0.4007,0.0,0.0,0.0,0.0,1.0,0.0,-0.1713,0.0,70-75,70-75
AJANTPHARM.NS|2026-02-05|ensemble_lr0.20_rf0.30_xgb0.50,AJANTPHARM.NS,2026-02-05,ensemble_lr0.20_rf0.30_xgb0.50,2025-02-06,2026-02-05,2026-02-02,2025-03-06,2026-02-04,2026-02-05,225,2026-02-05,False,0,0.43703703703703706,0.23334735140226479,0.22,0.31092604994773865,0.26813249525432226,0,73.19,0.26813249525432226,0,73.19,BUY,0.5884,0.1768,Bullish,0.67,0.0,unavailable_no_point_in_time_source,False,2791.73,2791.725341796875,2026-02-06,2826.803955078125,1.2565,1,2026-02-10,2865.0537109375,2.6266,1.0,2026-02-12,2863.765380859375,2.5805,1.0,2026-02-19,2932.83251953125,5.0545,1.0,0,0,0,0,0,1,1.2564,1,0.0,0.0,0.0,0.0,1.0,2.6265,1.0,0.0,0.0,0.0,0.0,1.0,2.5803,1.0,0.0,0.0,0.0,0.0,1.0,5.0543,1.0,70-75,70-75
ALEMBICLTD.NS|2026-02-05|ensemble_lr0.20_rf0.30_xgb0.50,ALEMBICLTD.NS,2026-02-05,ensemble_lr0.20_rf0.30_xgb0.50,2025-02-06,2026-02-05,2026-02-02,2025-03-06,2026-02-04,2026-02-05,225,2026-02-05,False,0,0.48888888888888893,0.35062418136395973,0.82,0.7345396876335144,0.6833946800895492,1,68.34,0.6833946800895492,1,68.34,HOLD,0.5375,0.0751,Sideways,-0.335,0.0,unavailable_no_point_in_time_source,False,94.44,94.44098663330078,2026-02-06,94.57731628417969,0.1444,1,2026-02-10,97.4890365600586,3.2275,1.0,2026-02-12,95.99909210205078,1.6498,1.0,2026-02-19,91.07156372070312,-3.5678,0.0,1,1,1,0,1,1,0.1454,1,1.0,1.0,0.0,1.0,0.0,3.2285,0.0,1.0,1.0,0.0,1.0,1.0,1.6509,1.0,0.0,0.0,1.0,0.0,0.0,-3.5667,0.0,65-70,65-70
ALKEM.NS|2026-02-05|ensemble_lr0.20_rf0.30_xgb0.50,ALKEM.NS,2026-02-05,ensemble_lr0.20_rf0.30_xgb0.50,2025-02-06,2026-02-05,2026-02-02,2025-03-06,2026-02-04,2026-02-05,225,2026-02-05,False,1,0.5703703703703704,0.6328779272563057,0.66,0.8423859477043152,0.7457685593034187,1,74.58,0.7457685593034187,1,74.58,HOLD,0.56,0.12,Sideways,-0.165,0.0,unavailable_no_point_in_time_source,False,5607.18,5607.181640625,2026-02-06,5628.47119140625,0.3797,1,2026-02-10,5754.72607421875,2.6313,1.0,2026-02-12,5813.1494140625,3.6733,1.0,2026-02-19,5324.470703125,-5.0419,0.0,1,1,1,1,1,1,0.3797,1,1.0,1.0,1.0,1.0,1.0,2.6314,1.0,1.0,1.0,1.0,1.0,0.0,3.6733,0.0,0.0,0.0,0.0,0.0,0.0,-5.0419,0.0,70-75,70-75
AMBER.NS|2026-02-05|ensemble_lr0.20_rf0.30_xgb0.50,AMBER.NS,2026-02-05,ensemble_lr0.20_rf0.30_xgb0.50,2025-02-06,2026-02-05,2026-02-02,2025-03-06,2026-02-04,2026-02-05,225,2026-02-05,False,1,0.4518518518518519,0.5224743209995587,0.74,0.7760235071182251,0.7145066177590242,1,71.45,0.7145066177590242,1,71.45,HOLD,0.5341,0.0683,High Volatility,-0.165,0.0,unavailable_no_point_in_time_source,False,6399.5,6399.5,2026-02-06,6640.0,3.7581,1,2026-02-10,7510.5,17.3607,1.0,2026-02-12,7784.5,21.6423,1.0,2026-02-19,7705.5,20.4078,1.0,1,1,1,1,1,0,3.7581,0,1.0,1.0,1.0,1.0,0.0,17.3607,0.0,1.0,1.0,1.0,1.0,0.0,21.6423,0.0,1.0,1.0,1.0,1.0,0.0,20.4078,0.0,70-75,70-75
ANGELONE.NS|2026-02-05|ensemble_lr0.20_rf0.30_xgb0.50,ANGELONE.NS,2026-02-05,ensemble_lr0.20_rf0.30_xgb0.50,2025-02-06,2026-02-05,2026-02-02,2025-03-06,2026-02-04,2026-02-05,225,2026-02-05,False,1,0.3925925925925926,0.40885261956420826,0.26,0.42543068528175354,0.3724858665537184,0,62.75,0.3724858665537184,0,62.75,HOLD,0.5415,0.0831,High Volatility,0.33,0.0,unavailable_no_point_in_time_source,True,261.78,261.77508544921875,2026-02-06,261.47821044921875,-0.1134,0,2026-02-10,275.43292236328125,5.2174,1.0,2026-02-12,272.3648681640625,4.0454,1.0,2026-02-19,248.3745880126953,-5.1191,0.0,0,1,1,0,1,1,-0.1153,1,0.0,0.0,1.0,0.0,0.0,5.2154,0.0,0.0,0.0,1.0,0.0,0.0,4.0434,0.0,1.0,1.0,0.0,1.0,0.0,-5.1209,0.0,60-65,60-65
APARINDS.NS|2026-02-05|ensemble_lr0.20_rf0.30_xgb0.50,APARINDS.NS,2026-02-05,ensemble_lr0.20_rf0.30_xgb0.50,2025-02-06,2026-02-05,2026-02-02,2025-03-06,2026-02-04,2026-02-05,225,2026-02-05,False,0,0.4222222222222222,0.6291914558409192,0.46,0.6186478137969971,0.5731621980666823,1,57.32,0.5731621980666823,1,57.32,BUY,0.6241,0.2481,High Volatility,0.5,0.0,unavailable_no_point_in_time_source,False,9502.01,9502.0107421875,2026-02-06,9457.166015625,-0.4719,0,2026-02-10,9435.7412109375,-0.6974,0.0,2026-02-12,9492.5439453125,-0.0996,0.0,2026-02-19,10028.6826171875,5.5427,1.0,1,0,0,1,0,0,-0.4719,0,0.0,0.0,1.0,0.0,0.0,-0.6974,0.0,0.0,0.0,1.0,0.0,0.0,-0.0996,0.0,1.0,1.0,0.0,1.0,1.0,5.5427,1.0,55-60,55-60
APOLLOHOSP.NS|2026-02-05|ensemble_lr0.20_rf0.30_xgb0.50,APOLLOHOSP.NS,2026-02-05,ensemble_lr0.20_rf0.30_xgb0.50,2025-02-06,2026-02-05,2026-02-02,2025-03-06,2026-02-04,2026-02-05,225,2026-02-05,False,0,0.5111111111111111,0.5944446330727965,0.68,0.8000025749206543,0.7228902140748865,1,72.29,0.7228902140748865,1,72.29,HOLD,0.5567,0.1134,Sideways,-0.165,0.0,unavailable_no_point_in_time_source,False,7104.29,7104.287109375,2026-02-06,7134.7109375,0.4282,1,2026-02-10,7201.0458984375,1.362,1.0,2026-02-12,7520.25,5.8551,1.0,2026-02-19,7583.671875,6.7478,1.0,1,1,1,0,1,1,0.4282,1,1.0,1.0,0.0,1.0,1.0,1.3619,1.0,1.0,1.0,0.0,1.0,0.0,5.8551,0.0,1.0,1.0,0.0,1.0,0.0,6.7478,0.0,70-75,70-75
APOLLOTYRE.NS|2026-02-05|ensemble_lr0.20_rf0.30_xgb0.50,APOLLOTYRE.NS,2026-02-05,ensemble_lr0.20_rf0.30_xgb0.50,2025-02-06,2026-02-05,2026-02-02,2025-03-06,2026-02-04,2026-02-05,225,2026-02-05,False,0,0.5185185185185186,0.35798355528556597,0.46,0.5177107453346252,0.4684520837244258,0,53.15,0.4684520837244258,0,53.15,HOLD,0.4888,-0.0225,High Volatility,0.165,0.0,unavailable_no_point_in_time_source,False,501.47,501.4690246582031,2026-02-06,497.8648986816406,-0.7187,0,2026-02-10,504.3158874511719,0.5677,1.0,2026-02-12,495.9139404296875,-1.1078,0.0,2026-02-19,459.7209167480469,-8.3252,0.0,0,1,1,1,1,1,-0.7189,1,0.0,0.0,0.0,0.0,1.0,0.5675,1.0,1.0,1.0,1.0,1.0,1.0,-1.108,1.0,1.0,1.0,1.0,1.0,0.0,-8.3253,0.0,50-55,50-55
ASHOKLEY.NS|2026-02-05|ensemble_lr0.20_rf0.30_xgb0.50,ASHOKLEY.NS,2026-02-05,ensemble_lr0.20_rf0.30_xgb0.50,2025-02-06,2026-02-05,2026-02-02,2025-03-06,2026-02-04,2026-02-05,225,2026-02-05,False,1,0.525925925925926,0.806101661174461,0.74,0.7447025179862976,0.755571591228041,1,75.56,0.755571591228041,1,75.56,STRONG BUY,0.7569,0.5139,Bullish,1.0,0.0,unavailable_no_point_in_time_source,False,198.12,198.12026977539062,2026-02-06,198.45455932617188,0.1687,1,2026-02-10,206.21221923828125,4.0844,1.0,2026-02-12,207.4805908203125,4.7246,1.0,2026-02-19,200.07688903808594,0.9876,1.0,1,1,1,1,1,1,0.1689,1,1.0,1.0,1.0,1.0,1.0,4.0845,1.0,1.0,1.0,1.0,1.0,1.0,4.7247,1.0,1.0,1.0,1.0,1.0,1.0,0.9877,1.0,75-80,75-80
ASIANPAINT.NS|2026-02-05|ensemble_lr0.20_rf0.30_xgb0.50,ASIANPAINT.NS,2026-02-05,ensemble_lr0.20_rf0.30_xgb0.50,2025-02-06,2026-02-05,2026-02-02,2025-03-06,2026-02-04,2026-02-05,225,2026-02-05,False,1,0.5111111111111111,0.4595016505135065,0.58,0.6640477776527405,0.5979242189290715,1,59.79,0.5979242189290715,1,59.79,HOLD,0.4722,-0.0556,High Volatility,-0.5,0.0,unavailable_no_point_in_time_source,False,2411.18,2411.1806640625,2026-02-06,2380.447265625,-1.2746,0,2026-02-10,2373.011962890625,-1.583,0.0,2026-02-12,2389.766357421875,-0.8881,0.0,2026-02-19,2380.14990234375,-1.287,0.0,0,0,0,0,1,1,-1.2746,1,0.0,0.0,0.0,1.0,1.0,-1.583,1.0,0.0,0.0,0.0,1.0,1.0,-0.8881,1.0,0.0,0.0,0.0,1.0,1.0,-1.2869,1.0,55-60,55-60
ASTRAL.NS|2026-02-05|ensemble_lr0.20_rf0.30_xgb0.50,ASTRAL.NS,2026-02-05,ensemble_lr0.20_rf0.30_xgb0.50,2025-02-06,2026-02-05,2026-02-02,2025-03-06,2026-02-04,2026-02-05,225,2026-02-05,False,0,0.5629629629629629,0.30948694761004786,0.58,0.4938264489173889,0.482810613980704,0,51.72,0.482810613980704,0,51.72,HOLD,0.493,-0.014,Sideways,0.165,0.0,unavailable_no_point_in_time_source,False,1501.24,1501.23876953125,2026-02-06,1469.8880615234375,-2.0883,0,2026-02-10,1529.7938232421875,1.9021,1.0,2026-02-12,1589.1005859375,5.8526,1.0,2026-02-19,1618.4544677734375,7.8079,1.0,1,1,1,1,0,1,-2.0884,1,0.0,0.0,0.0,1.0,1.0,1.902,1.0,0.0,0.0,0.0,1.0,0.0,5.8525,0.0,0.0,0.0,0.0,1.0,0.0,7.8078,0.0,50-55,50-55
AUBANK.NS|2026-02-05|ensemble_lr0.20_rf0.30_xgb0.50,AUBANK.NS,2026-02-05,ensemble_lr0.20_rf0.30_xgb0.50,2025-02-06,2026-02-05,2026-02-02,2025-03-06,2026-02-04,2026-02-05,225,2026-02-05,False,1,0.5037037037037037,0.5169037583661401,0.54,0.7311182022094727,0.6309398527779644,1,63.09,0.6309398527779644,1,63.09,BUY,0.6407,0.2814,Bullish,0.165,0.0,unavailable_no_point_in_time_source,True,985.04,985.0433959960938,2026-02-06,990.0885009765625,0.5122,1,2026-02-10,1000.1787109375,1.5365,1.0,2026-02-12,999.6292114257812,1.4807,1.0,2026-02-19,1016.063232421875,3.1491,1.0,1,1,1,1,1,1,0.5125,1,1.0,1.0,1.0,1.0,1.0,1.5369,1.0,1.0,1.0,1.0,1.0,1.0,1.4811,1.0,1.0,1.0,1.0,1.0,1.0,3.1494,1.0,60-65,60-65
AXISBANK.NS|2026-02-05|ensemble_lr0.20_rf0.30_xgb0.50,AXISBANK.NS,2026-02-05,ensemble_lr0.20_rf0.30_xgb0.50,2025-02-06,2026-02-05,2026-02-02,2025-03-06,2026-02-04,2026-02-05,225,2026-02-05,False,0,0.42962962962962964,0.16703150333663053,0.32,0.8697456121444702,0.5642791067395612,1,56.43,0.5642791067395612,1,56.43,BUY,0.6611,0.3223,Sideways,0.835,0.0,unavailable_no_point_in_time_source,False,1329.57,1329.5745849609375,2026-02-06,1340.5660400390625,0.8267,1,2026-02-10,1355.6544189453125,1.9615,1.0,2026-02-12,1338.9674072265625,0.7065,1.0,2026-02-19,1355.5545654296875,1.954,1.0,0,1,1,0,0,1,0.827,1,1.0,1.0,0.0,0.0,1.0,1.9619,1.0,1.0,1.0,0.0,0.0,1.0,0.7068,1.0,1.0,1.0,0.0,0.0,1.0,1.9544,1.0,55-60,55-60
BAJAJ-AUTO.NS|2026-02-05|ensemble_lr0.20_rf0.30_xgb0.50,BAJAJ-AUTO.NS,2026-02-05,ensemble_lr0.20_rf0.30_xgb0.50,2025-02-06,2026-02-05,2026-02-02,2025-03-06,2026-02-04,2026-02-05,225,2026-02-05,False,1,0.5481481481481482,0.6742575779637007,0.58,0.6267762184143066,0.6222396247998935,1,62.22,0.6222396247998935,1,62.22,BUY,0.6632,0.3263,Sideways,0.835,0.0,unavailable_no_point_in_time_source,False,9513.12,9513.119140625,2026-02-06,9386.40234375,-1.332,0,2026-02-10,9638.3564453125,1.3165,1.0,2026-02-12,9703.4404296875,2.0006,1.0,2026-02-19,9593.9814453125,0.85,1.0,1,0,0,0,0,0,-1.332,0,1.0,1.0,1.0,1.0,1.0,1.3165,1.0,1.0,1.0,1.0,1.0,1.0,2.0006,1.0,1.0,1.0,1.0,1.0,1.0,0.85,1.0,60-65,60-65
BAJAJFINSV.NS|2026-02-05|ensemble_lr0.20_rf0.30_xgb0.50,BAJAJFINSV.NS,2026-02-05,ensemble_lr0.20_rf0.30_xgb0.50,2025-02-06,2026-02-05,2026-02-02,2025-03-06,2026-02-04,2026-02-05,225,2026-02-05,False,0,0.48148148148148145,0.3694614937828461,0.42,0.2787140905857086,0.33924934404942353,0,66.08,0.33924934404942353,0,66.08,HOLD,0.4406,-0.1188,Sideways,0.0,0.0,unavailable_no_point_in_time_source,True,1998.39,1998.394775390625,2026-02-06,2022.47412109375,1.2049,1,2026-02-10,2026.1710205078125,1.3899,1.0,2026-02-12,2035.3631591796875,1.8499,1.0,2026-02-19,2031.4664306640625,1.6549,1.0,0,0,0,0,0,1,1.2052,1,0.0,0.0,0.0,0.0,1.0,1.3902,1.0,0.0,0.0,0.0,0.0,1.0,1.8501,1.0,0.0,0.0,0.0,0.0,1.0,1.6552,1.0,65-70,65-70
BAJFINANCE.NS|2026-02-05|ensemble_lr0.20_rf0.30_xgb0.50,BAJFINANCE.NS,2026-02-05,ensemble_lr0.20_rf0.30_xgb0.50,2025-02-06,2026-02-05,2026-02-02,2025-03-06,2026-02-04,2026-02-05,225,2026-02-05,False,1,0.4296296296296296,0.6455023591267063,0.5,0.6212611794471741,0.5897310615489283,1,58.97,0.5897310615489283,1,58.97,HOLD,0.5694,0.1388,Sideways,0.0,0.0,unavailable_no_point_in_time_source,True,958.86,958.855712890625,2026-02-06,975.7021484375,1.7569,1,2026-02-10,959.7005004882812,0.0881,1.0,2026-02-12,992.995849609375,3.5605,1.0,2026-02-19,1010.836181640625,5.4211,1.0,1,1,1,1,1,1,1.7565,1,1.0,1.0,1.0,1.0,1.0,0.0877,1.0,1.0,1.0,1.0,1.0,0.0,3.56,0.0,1.0,1.0,1.0,1.0,0.0,5.4206,0.0,55-60,55-60
BEL.NS|2026-02-05|ensemble_lr0.20_rf0.30_xgb0.50,BEL.NS,2026-02-05,ensemble_lr0.20_rf0.30_xgb0.50,2025-02-06,2026-02-05,2026-02-02,2025-03-06,2026-02-04,2026-02-05,225,2026-02-05,False,0,0.5259259259259259,0.644560663171753,0.38,0.15332558751106262,0.31957492638988194,0,68.04,0.31957492638988194,0,68.04,HOLD,0.5476,0.0951,High Volatility,0.835,0.0,unavailable_no_point_in_time_source,True,430.48,430.48046875,2026-02-06,427.2486267089844,-0.7508,0,2026-02-10,434.8558654785156,1.0164,1.0,2026-02-12,441.4189758300781,2.541,1.0,2026-02-19,432.9167785644531,0.566,1.0,0,1,1,1,1,1,-0.7506,1,0.0,0.0,0.0,0.0,1.0,1.0165,1.0,0.0,0.0,0.0,0.0,1.0,2.5411,1.0,0.0,0.0,0.0,0.0,1.0,0.5661,1.0,65-70,65-70
BPCL.NS|2026-02-05|ensemble_lr0.20_rf0.30_xgb0.50,BPCL.NS,2026-02-05,ensemble_lr0.20_rf0.30_xgb0.50,2025-02-06,2026-02-05,2026-02-02,2025-03-06,2026-02-04,2026-02-05,225,2026-02-05,False,0,0.43703703703703706,0.4273794348481746,0.28,0.27483299374580383,0.30689238384253686,0,69.31,0.30689238384253686,0,69.31,HOLD,0.5645,0.129,Sideways,1.0,0.0,unavailable_no_point_in_time_source,False,382.05,382.04998779296875,2026-02-06,386.3500061035156,1.1255,1,2026-02-10,386.3500061035156,1.1255,1.0,2026-02-12,377.70001220703125,-1.1386,0.0,2026-02-19,367.6499938964844,-3.7691,0.0,0,0,0,0,0,1,1.1255,1,0.0,0.0,0.0,0.0,1.0,1.1255,1.0,1.0,1.0,1.0,1.0,1.0,-1.1386,1.0,1.0,1.0,1.0,1.0,0.0,-3.7691,0.0,65-70,65-70
AARTIIND.NS|2026-02-12|ensemble_lr0.20_rf0.30_xgb0.50,AARTIIND.NS,2026-02-12,ensemble_lr0.20_rf0.30_xgb0.50,2025-02-13,2026-02-12,2026-02-09,2025-03-13,2026-02-11,2026-02-12,225,2026-02-12,False,0,0.5481481481481482,0.10262839410427949,0.18,0.14849050343036652,0.14877093053603915,0,85.12,0.14877093053603915,0,85.12,HOLD,0.5506,0.1012,High Volatility,0.665,0.0,unavailable_no_point_in_time_source,False,464.68,464.67626953125,2026-02-13,445.5143737792969,-4.1237,0,2026-02-17,454.04742431640625,-2.2874,0.0,2026-02-19,453.54840087890625,-2.3948,0.0,2026-02-26,454.7959289550781,-2.1263,0.0,0,1,1,1,1,0,-4.1245,0,1.0,1.0,1.0,1.0,1.0,-2.2882,1.0,1.0,1.0,1.0,1.0,1.0,-2.3955,1.0,1.0,1.0,1.0,1.0,1.0,-2.1271,1.0,85-90,85-90
AAVAS.NS|2026-02-12|ensemble_lr0.20_rf0.30_xgb0.50,AAVAS.NS,2026-02-12,ensemble_lr0.20_rf0.30_xgb0.50,2025-02-13,2026-02-12,2026-02-09,2025-03-13,2026-02-11,2026-02-12,225,2026-02-12,False,0,0.4296296296296296,0.25565852235973036,0.42,0.6509593725204468,0.5026113907321694,1,50.26,0.5026113907321694,1,50.26,HOLD,0.4463,-0.1073,High Volatility,-1.0,0.0,unavailable_no_point_in_time_source,False,1308.5,1308.5,2026-02-13,1286.5999755859375,-1.6737,0,2026-02-17,1302.5999755859375,-0.4509,0.0,2026-02-19,1289.0,-1.4903,0.0,2026-02-26,1291.300048828125,-1.3145,0.0,0,0,0,1,1,1,-1.6737,1,0.0,0.0,1.0,1.0,1.0,-0.4509,1.0,0.0,0.0,1.0,1.0,1.0,-1.4903,1.0,0.0,0.0,1.0,1.0,1.0,-1.3145,1.0,50-55,50-55
ABCAPITAL.NS|2026-02-12|ensemble_lr0.20_rf0.30_xgb0.50,ABCAPITAL.NS,2026-02-12,ensemble_lr0.20_rf0.30_xgb0.50,2025-02-13,2026-02-12,2026-02-09,2025-03-13,2026-02-11,2026-02-12,225,2026-02-12,False,1,0.5407407407407407,0.822017276180812,0.74,0.6623212099075317,0.7175640601899282,1,71.76,0.7175640601899282,1,71.76,HOLD,0.5402,0.0805,High Volatility,-0.165,0.0,unavailable_no_point_in_time_source,True,344.65,344.6499938964844,2026-02-13,336.20001220703125,-2.4518,0,2026-02-17,348.95001220703125,1.2476,1.0,2026-02-19,344.29998779296875,-0.1016,0.0,2026-02-26,356.1499938964844,3.3367,1.0,1,0,0,0,0,1,-2.4518,1,1.0,1.0,1.0,1.0,1.0,1.2476,1.0,0.0,0.0,0.0,0.0,1.0,-0.1016,1.0,1.0,1.0,1.0,1.0,0.0,3.3367,0.0,70-75,70-75
ABFRL.NS|2026-02-12|ensemble_lr0.20_rf0.30_xgb0.50,ABFRL.NS,2026-02-12,ensemble_lr0.20_rf0.30_xgb0.50,2025-02-13,2026-02-12,2026-02-09,2025-03-13,2026-02-11,2026-02-12,225,2026-02-12,False,0,0.5111111111111111,0.3547811645869332,0.3,0.20116357505321503,0.26153802044399416,0,73.85,0.26153802044399416,0,73.85,HOLD,0.4255,-0.1489,High Volatility,-0.165,0.0,unavailable_no_point_in_time_source,True,70.04,70.04000091552734,2026-02-13,73.80000305175781,5.3684,1,2026-02-17,72.06999969482422,2.8983,1.0,2026-02-19,70.08000183105469,0.0571,1.0,2026-02-26,68.55000305175781,-2.1274,0.0,0,0,0,0,0,0,5.3684,0,0.0,0.0,0.0,0.0,1.0,2.8983,1.0,0.0,0.0,0.0,0.0,1.0,0.0571,1.0,1.0,1.0,1.0,1.0,1.0,-2.1274,1.0,70-75,70-75
ACC.NS|2026-02-12|ensemble_lr0.20_rf0.30_xgb0.50,ACC.NS,2026-02-12,ensemble_lr0.20_rf0.30_xgb0.50,2025-02-13,2026-02-12,2026-02-09,2025-03-13,2026-02-11,2026-02-12,225,2026-02-12,False,0,0.4518518518518519,0.4880109308949719,0.56,0.29380202293395996,0.4125031976459744,0,58.75,0.4125031976459744,0,58.75,SELL,0.3344,-0.3311,Bearish,-0.5,0.0,unavailable_no_point_in_time_source,False,1661.69,1661.685302734375,2026-02-13,1627.6820068359375,-2.0463,0,2026-02-17,1629.96875,-1.9087,0.0,2026-02-19,1608.294189453125,-3.2131,0.0,2026-02-26,1603.820068359375,-3.4823,0.0,0,1,1,1,1,1,-2.0466,1,1.0,1.0,1.0,1.0,1.0,-1.909,1.0,1.0,1.0,1.0,1.0,1.0,-3.2133,1.0,1.0,1.0,1.0,1.0,1.0,-3.4826,1.0,55-60,55-60
ADANIENT.NS|2026-02-12|ensemble_lr0.20_rf0.30_xgb0.50,ADANIENT.NS,2026-02-12,ensemble_lr0.20_rf0.30_xgb0.50,2025-02-13,2026-02-12,2026-02-09,2025-03-13,2026-02-11,2026-02-12,225,2026-02-12,False,0,0.5481481481481482,0.20319299909956956,0.62,0.7051610946655273,0.5792191471526775,1,57.92,0.5792191471526775,1,57.92,HOLD,0.5789,0.1578,Bullish,-0.335,0.0,unavailable_no_point_in_time_source,True,2210.81,2210.8115234375,2026-02-13,2135.645263671875,-3.3999,0,2026-02-17,2241.8974609375,1.4061,1.0,2026-02-19,2155.736083984375,-2.4912,0.0,2026-02-26,2215.409423828125,0.208,1.0,0,0,0,1,1,0,-3.3999,0,1.0,1.0,0.0,0.0,1.0,1.4062,1.0,0.0,0.0,1.0,1.0,1.0,-2.4911,1.0,1.0,1.0,0.0,0.0,1.0,0.208,1.0,55-60,55-60
ADANIPORTS.NS|2026-02-12|ensemble_lr0.20_rf0.30_xgb0.50,ADANIPORTS.NS,2026-02-12,ensemble_lr0.20_rf0.30_xgb0.50,2025-02-13,2026-02-12,2026-02-09,2025-03-13,2026-02-11,2026-02-12,225,2026-02-12,False,1,0.5703703703703704,0.5205328789831555,0.24,0.16485118865966797,0.25853217012646507,0,74.15,0.25853217012646507,0,74.15,HOLD,0.5653,0.1306,Sideways,0.5,0.0,unavailable_no_point_in_time_source,True,1537.22,1537.221435546875,2026-02-13,1512.6251220703125,-1.6001,0,2026-02-17,1559.7266845703125,1.464,1.0,2026-02-19,1506.9490966796875,-1.9693,0.0,2026-02-26,1544.092529296875,0.447,1.0,0,1,1,0,1,1,-1.6,1,0.0,0.0,1.0,0.0,1.0,1.4641,1.0,1.0,1.0,0.0,1.0,1.0,-1.9692,1.0,0.0,0.0,1.0,0.0,1.0,0.4471,1.0,70-75,70-75
AETHER.NS|2026-02-12|ensemble_lr0.20_rf0.30_xgb0.50,AETHER.NS,2026-02-12,ensemble_lr0.20_rf0.30_xgb0.50,2025-02-13,2026-02-12,2026-02-09,2025-03-13,2026-02-11,2026-02-12,225,2026-02-12,False,0,0.5555555555555556,0.5042175932115393,0.48,0.3660728335380554,0.42787993541133557,0,57.21,0.42787993541133557,0,57.21,HOLD,0.4887,-0.0225,High Volatility,0.5,0.0,unavailable_no_point_in_time_source,False,966.4,966.4000244140625,2026-02-13,966.9000244140625,0.0517,1,2026-02-17,977.7000122070312,1.1693,1.0,2026-02-19,960.0999755859375,-0.6519,0.0,2026-02-26,961.4000244140625,-0.5174,0.0,0,0,0,0,0,1,0.0517,1,0.0,0.0,0.0,0.0,1.0,1.1693,1.0,1.0,1.0,1.0,1.0,1.0,-0.6519,1.0,1.0,1.0,1.0,1.0,1.0,-0.5174,1.0,55-60,55-60
AIAENG.NS|2026-02-12|ensemble_lr0.20_rf0.30_xgb0.50,AIAENG.NS,2026-02-12,ensemble_lr0.20_rf0.30_xgb0.50,2025-02-13,2026-02-12,2026-02-09,2025-03-13,2026-02-11,2026-02-12,225,2026-02-12,False,1,0.5407407407407407,0.4516311182949492,0.46,0.7630084753036499,0.6098304613108148,1,60.98,0.6098304613108148,1,60.98,BUY,0.6527,0.3054,High Volatility,0.835,0.0,unavailable_no_point_in_time_source,False,3936.3,3936.303466796875,2026-02-13,3847.337646484375,-2.2601,0,2026-02-17,3930.22607421875,-0.1544,0.0,2026-02-19,3945.369140625,0.2303,1.0,2026-02-26,3906.614990234375,-0.7542,0.0,0,0,0,0,1,0,-2.2601,0,0.0,0.0,0.0,1.0,0.0,-0.1543,0.0,1.0,1.0,1.0,0.0,1.0,0.2304,1.0,0.0,0.0,0.0,1.0,0.0,-0.7541,0.0,60-65,60-65
AJANTPHARM.NS|2026-02-12|ensemble_lr0.20_rf0.30_xgb0.50,AJANTPHARM.NS,2026-02-12,ensemble_lr0.20_rf0.30_xgb0.50,2025-02-13,2026-02-12,2026-02-09,2025-03-13,2026-02-11,2026-02-12,225,2026-02-12,False,0,0.45925925925925926,0.1539442674378479,0.38,0.35515230894088745,0.32236500795801326,0,67.76,0.32236500795801326,0,67.76,BUY,0.61,0.2201,Bullish,1.0,0.0,unavailable_no_point_in_time_source,False,2863.77,2863.765380859375,2026-02-13,2893.59228515625,1.0415,1,2026-02-17,2930.949951171875,2.346,1.0,2026-02-19,2932.83251953125,2.4118,1.0,2026-02-26,2951.858154296875,3.0761,1.0,0,0,0,0,0,1,1.0414,1,0.0,0.0,0.0,0.0,1.0,2.3459,1.0,0.0,0.0,0.0,0.0,1.0,2.4116,1.0,0.0,0.0,0.0,0.0,1.0,3.076,1.0,65-70,65-70
ALEMBICLTD.NS|2026-02-12|ensemble_lr0.20_rf0.30_xgb0.50,ALEMBICLTD.NS,2026-02-12,ensemble_lr0.20_rf0.30_xgb0.50,2025-02-13,2026-02-12,2026-02-09,2025-03-13,2026-02-11,2026-02-12,225,2026-02-12,False,0,0.5037037037037037,0.3963073734324678,0.32,0.3492145538330078,0.34986875160299746,0,65.01,0.34986875160299746,0,65.01,SELL,0.4059,-0.1883,Sideways,-0.335,0.0,unavailable_no_point_in_time_source,False,96.0,95.99909210205078,2026-02-13,92.97051239013672,-3.1548,0,2026-02-17,93.20423126220703,-2.9113,0.0,2026-02-19,91.07156372070312,-5.1329,0.0,2026-02-26,88.75387573242188,-7.5472,0.0,0,1,1,1,1,1,-3.1557,1,1.0,1.0,1.0,1.0,1.0,-2.9123,1.0,1.0,1.0,1.0,1.0,1.0,-5.1338,1.0,1.0,1.0,1.0,1.0,1.0,-7.548,1.0,65-70,65-70
ALKEM.NS|2026-02-12|ensemble_lr0.20_rf0.30_xgb0.50,ALKEM.NS,2026-02-12,ensemble_lr0.20_rf0.30_xgb0.50,2025-02-13,2026-02-12,2026-02-09,2025-03-13,2026-02-11,2026-02-12,225,2026-02-12,False,1,0.5851851851851851,0.4710542896380614,0.36,0.34606027603149414,0.37524099594335936,0,62.48,0.37524099594335936,0,62.48,HOLD,0.5244,0.0488,Sideways,0.5,0.0,unavailable_no_point_in_time_source,False,5813.15,5813.1494140625,2026-02-13,5349.72119140625,-7.9721,0,2026-02-17,5403.19384765625,-7.0522,0.0,2026-02-19,5324.470703125,-8.4064,0.0,2026-02-26,5741.72412109375,-1.2287,0.0,0,1,1,0,1,0,-7.9721,0,1.0,1.0,0.0,1.0,0.0,-7.0522,0.0,1.0,1.0,0.0,1.0,0.0,-8.4064,0.0,1.0,1.0,0.0,1.0,1.0,-1.2287,1.0,60-65,60-65
AMBER.NS|2026-02-12|ensemble_lr0.20_rf0.30_xgb0.50,AMBER.NS,2026-02-12,ensemble_lr0.20_rf0.30_xgb0.50,2025-02-13,2026-02-12,2026-02-09,2025-03-13,2026-02-11,2026-02-12,225,2026-02-12,False,1,0.4518518518518519,0.9616712948668258,0.74,0.6450865864753723,0.7368775522110513,1,73.69,0.7368775522110513,1,73.69,BUY,0.6175,0.2351,High Volatility,0.17,0.0,unavailable_no_point_in_time_source,False,7784.5,7784.5,2026-02-13,7734.5,-0.6423,0,2026-02-17,7818.0,0.4303,1.0,2026-02-19,7705.5,-1.0148,0.0,2026-02-26,7942.5,2.0297,1.0,1,0,0,0,0,0,-0.6423,0,1.0,1.0,1.0,1.0,1.0,0.4303,1.0,0.0,0.0,0.0,0.0,0.0,-1.0148,0.0,1.0,1.0,1.0,1.0,1.0,2.0297,1.0,70-75,70-75
ANGELONE.NS|2026-02-12|ensemble_lr0.20_rf0.30_xgb0.50,ANGELONE.NS,2026-02-12,ensemble_lr0.20_rf0.30_xgb0.50,2025-02-13,2026-02-12,2026-02-09,2025-03-13,2026-02-11,2026-02-12,225,2026-02-12,False,1,0.43703703703703706,0.36054683299268114,0.44,0.5025649070739746,0.45539182013552354,0,54.46,0.45539182013552354,0,54.46,HOLD,0.5696,0.1391,High Volatility,0.665,0.0,unavailable_no_point_in_time_source,False,272.36,272.3648681640625,2026-02-13,267.0501708984375,-1.9513,0,2026-02-17,254.3721466064453,-6.6061,0.0,2026-02-19,248.3745880126953,-8.8081,0.0,2026-02-26,243.96054077148438,-10.4288,0.0,0,1,1,0,1,1,-1.9496,1,1.0,1.0,0.0,1.0,0.0,-6.6044,0.0,1.0,1.0,0.0,1.0,0.0,-8.8065,0.0,1.0,1.0,0.0,1.0,0.0,-10.4272,0.0,50-55,50-55
APARINDS.NS|2026-02-12|ensemble_lr0.20_rf0.30_xgb0.50,APARINDS.NS,2026-02-12,ensemble_lr0.20_rf0.30_xgb0.50,2025-02-13,2026-02-12,2026-02-09,2025-03-13,2026-02-11,2026-02-12,225,2026-02-12,False,0,0.45925925925925926,0.415149041307559,0.44,0.5800960659980774,0.5050778412605506,1,50.51,0.5050778412605506,1,50.51,STRONG BUY,0.7292,0.4584,High Volatility,1.0,0.0,unavailable_no_point_in_time_source,False,9492.54,9492.5439453125,2026-02-13,9478.09375,-0.1522,0,2026-02-17,9522.9384765625,0.3202,1.0,2026-02-19,10028.6826171875,5.648,1.0,2026-02-26,10769.609375,13.4534,1.0,0,0,0,1,1,0,-0.1522,0,1.0,1.0,0.0,0.0,1.0,0.3202,1.0,1.0,1.0,0.0,0.0,1.0,5.648,1.0,1.0,1.0,0.0,0.0,1.0,13.4534,1.0,50-55,50-55
APOLLOHOSP.NS|2026-02-12|ensemble_lr0.20_rf0.30_xgb0.50,APOLLOHOSP.NS,2026-02-12,ensemble_lr0.20_rf0.30_xgb0.50,2025-02-13,2026-02-12,2026-02-09,2025-03-13,2026-02-11,2026-02-12,225,2026-02-12,False,0,0.4962962962962963,0.6155470020199313,0.66,0.5627983808517456,0.6025085908298591,1,60.25,0.6025085908298591,1,60.25,BUY,0.6076,0.2152,Bullish,0.17,0.0,unavailable_no_point_in_time_source,False,7520.25,7520.25,2026-02-13,7523.7412109375,0.0464,1,2026-02-17,7592.6611328125,0.9629,1.0,2026-02-19,7583.671875,0.8433,1.0,2026-02-26,7765.95947265625,3.2673,1.0,1,1,1,0,1,1,0.0464,1,1.0,1.0,0.0,1.0,1.0,0.9629,1.0,1.0,1.0,0.0,1.0,1.0,0.8433,1.0,1.0,1.0,0.0,1.0,1.0,3.2673,1.0,60-65,60-65
APOLLOTYRE.NS|2026-02-12|ensemble_lr0.20_rf0.30_xgb0.50,APOLLOTYRE.NS,2026-02-12,ensemble_lr0.20_rf0.30_xgb0.50,2025-02-13,2026-02-12,2026-02-09,2025-03-13,2026-02-11,2026-02-12,225,2026-02-12,False,0,0.5037037037037037,0.5699519740672144,0.56,0.5631345510482788,0.5635576703375823,1,56.36,0.5635576703375823,1,56.36,HOLD,0.5509,0.1017,High Volatility,0.165,0.0,unavailable_no_point_in_time_source,True,495.91,495.9139404296875,2026-02-13,486.86566162109375,-1.8246,0,2026-02-17,475.6796569824219,-4.0802,0.0,2026-02-19,459.7209167480469,-7.2982,0.0,2026-02-26,458.2294616699219,-7.599,0.0,0,0,0,1,1,1,-1.8238,1,0.0,0.0,1.0,1.0,0.0,-4.0794,0.0,0.0,0.0,1.0,1.0,0.0,-7.2975,0.0,0.0,0.0,1.0,1.0,0.0,-7.5983,0.0,55-60,55-60
ASHOKLEY.NS|2026-02-12|ensemble_lr0.20_rf0.30_xgb0.50,ASHOKLEY.NS,2026-02-12,ensemble_lr0.20_rf0.30_xgb0.50,2025-02-13,2026-02-12,2026-02-09,2025-03-13,2026-02-11,2026-02-12,225,2026-02-12,False,1,0.48148148148148145,0.3713269040453525,0.6,0.4961647093296051,0.502347735473873,1,50.23,0.502347735473873,1,50.23,STRONG BUY,0.7231,0.4462,High Volatility,1.0,0.0,unavailable_no_point_in_time_source,False,207.48,207.4805908203125,2026-02-13,201.19776916503906,-3.0281,0,2026-02-17,204.1966094970703,-1.5828,0.0,2026-02-19,200.07688903808594,-3.5684,0.0,2026-02-26,208.36549377441406,0.4265,1.0,1,0,0,0,0,0,-3.0279,0,0.0,0.0,0.0,0.0,0.0,-1.5825,0.0,0.0,0.0,0.0,0.0,0.0,-3.5681,0.0,1.0,1.0,1.0,1.0,1.0,0.4268,1.0,50-55,50-55
ASIANPAINT.NS|2026-02-12|ensemble_lr0.20_rf0.30_xgb0.50,ASIANPAINT.NS,2026-02-12,ensemble_lr0.20_rf0.30_xgb0.50,2025-02-13,2026-02-12,2026-02-09,2025-03-13,2026-02-11,2026-02-12,225,2026-02-12,False,1,0.4962962962962963,0.567293233800402,0.34,0.30610886216163635,0.3685130778408986,0,63.15,0.3685130778408986,0,63.15,STRONG SELL,0.2754,-0.4492,Bearish,-0.5,0.0,unavailable_no_point_in_time_source,True,2389.77,2389.766357421875,2026-02-13,2346.045654296875,-1.8295,0,2026-02-17,2416.434814453125,1.1159,1.0,2026-02-19,2380.14990234375,-0.4024,0.0,2026-02-26,2374.300537109375,-0.6472,0.0,1,1,1,0,0,1,-1.8296,1,0.0,0.0,1.0,1.0,0.0,1.1158,0.0,1.0,1.0,0.0,0.0,1.0,-0.4026,1.0,1.0,1.0,0.0,0.0,1.0,-0.6473,1.0,60-65,60-65
ASTRAL.NS|2026-02-12|ensemble_lr0.20_rf0.30_xgb0.50,ASTRAL.NS,2026-02-12,ensemble_lr0.20_rf0.30_xgb0.50,2025-02-13,2026-02-12,2026-02-09,2025-03-13,2026-02-11,2026-02-12,225,2026-02-12,False,0,0.5185185185185185,0.7671645423811759,0.34,0.5561888217926025,0.5335273193725365,1,53.35,0.5335273193725365,1,53.35,BUY,0.6898,0.3796,Sideways,0.665,0.0,unavailable_no_point_in_time_source,False,1589.1,1589.1005859375,2026-02-13,1593.992919921875,0.3079,1,2026-02-17,1643.1156005859375,3.3991,1.0,2026-02-19,1618.4544677734375,1.8472,1.0,2026-02-26,1681.55517578125,5.818,1.0,0,1,1,0,0,1,0.3079,1,1.0,1.0,0.0,0.0,1.0,3.3991,1.0,1.0,1.0,0.0,0.0,1.0,1.8472,1.0,1.0,1.0,0.0,0.0,1.0,5.8181,1.0,50-55,50-55
AUBANK.NS|2026-02-12|ensemble_lr0.20_rf0.30_xgb0.50,AUBANK.NS,2026-02-12,ensemble_lr0.20_rf0.30_xgb0.50,2025-02-13,2026-02-12,2026-02-09,2025-03-13,2026-02-11,2026-02-12,225,2026-02-12,False,1,0.5481481481481482,0.6098062227176518,0.14,0.11717163771390915,0.22254706340048494,0,77.75,0.22254706340048494,0,77.75,HOLD,0.524,0.0481,Sideways,0.5,0.0,unavailable_no_point_in_time_source,True,999.63,999.6292114257812,2026-02-13,993.934814453125,-0.5697,0,2026-02-17,998.780029296875,-0.0849,0.0,2026-02-19,1016.063232421875,1.644,1.0,2026-02-26,971.7562866210938,-2.7883,0.0,1,1,1,0,0,1,-0.5697,1,1.0,1.0,0.0,0.0,1.0,-0.085,1.0,0.0,0.0,1.0,1.0,1.0,1.6439,1.0,1.0,1.0,0.0,0.0,1.0,-2.7884,1.0,75-80,75-80
AXISBANK.NS|2026-02-12|ensemble_lr0.20_rf0.30_xgb0.50,AXISBANK.NS,2026-02-12,ensemble_lr0.20_rf0.30_xgb0.50,2025-02-13,2026-02-12,2026-02-09,2025-03-13,2026-02-11,2026-02-12,225,2026-02-12,False,1,0.48148148148148157,0.2005985914846809,0.34,0.8660945296287537,0.5751669831113131,1,57.52,0.5751669831113131,1,57.52,BUY,0.5951,0.1903,Sideways,0.5,0.0,unavailable_no_point_in_time_source,True,1338.97,1338.9674072265625,2026-02-13,1331.2733154296875,-0.5746,0,2026-02-17,1356.154052734375,1.2836,1.0,2026-02-19,1355.5545654296875,1.2388,1.0,2026-02-26,1394.424560546875,4.1418,1.0,0,0,0,0,1,0,-0.5748,0,1.0,1.0,1.0,0.0,1.0,1.2834,1.0,1.0,1.0,1.0,0.0,1.0,1.2386,1.0,1.0,1.0,1.0,0.0,1.0,4.1416,1.0,55-60,55-60
BAJAJ-AUTO.NS|2026-02-12|ensemble_lr0.20_rf0.30_xgb0.50,BAJAJ-AUTO.NS,2026-02-12,ensemble_lr0.20_rf0.30_xgb0.50,2025-02-13,2026-02-12,2026-02-09,2025-03-13,2026-02-11,2026-02-12,225,2026-02-12,False,1,0.5333333333333333,0.526588446018948,0.36,0.3269766569137573,0.3768060176606683,0,62.32,0.3768060176606683,0,62.32,HOLD,0.5744,0.1489,Sideways,1.0,0.0,unavailable_no_point_in_time_source,False,9703.44,9703.4404296875,2026-02-13,9624.55078125,-0.813,0,2026-02-17,9690.1279296875,-0.1372,0.0,2026-02-19,9593.9814453125,-1.128,0.0,2026-02-26,9969.693359375,2.7439,1.0,0,1,1,0,1,1,-0.813,1,1.0,1.0,0.0,1.0,1.0,-0.1372,1.0,1.0,1.0,0.0,1.0,1.0,-1.128,1.0,0.0,0.0,1.0,0.0,1.0,2.7439,1.0,60-65,60-65
BAJAJFINSV.NS|2026-02-12|ensemble_lr0.20_rf0.30_xgb0.50,BAJAJFINSV.NS,2026-02-12,ensemble_lr0.20_rf0.30_xgb0.50,2025-02-13,2026-02-12,2026-02-09,2025-03-13,2026-02-11,2026-02-12,225,2026-02-12,False,1,0.45925925925925926,0.45050487723206645,0.32,0.275137335062027,0.3236696429774268,0,67.63,0.3236696429774268,0,67.63,HOLD,0.4375,-0.1251,Sideways,0.165,0.0,unavailable_no_point_in_time_source,True,2035.36,2035.3631591796875,2026-02-13,2021.4749755859375,-0.6823,0,2026-02-17,2042.656982421875,0.3584,1.0,2026-02-19,2031.4664306640625,-0.1915,0.0,2026-02-26,2039.5596923828125,0.2062,1.0,1,1,1,0,0,1,-0.6822,1,0.0,0.0,1.0,1.0,1.0,0.3585,1.0,1.0,1.0,0.0,0.0,1.0,-0.1913,1.0,0.0,0.0,1.0,1.0,1.0,0.2063,1.0,65-70,65-70
BAJFINANCE.NS|2026-02-12|ensemble_lr0.20_rf0.30_xgb0.50,BAJFINANCE.NS,2026-02-12,ensemble_lr0.20_rf0.30_xgb0.50,2025-02-13,2026-02-12,2026-02-09,2025-03-13,2026-02-11,2026-02-12,225,2026-02-12,False,1,0.40740740740740744,0.2693459573004383,0.54,0.6049001812934875,0.5183192821068314,1,51.83,0.5183192821068314,1,51.83,HOLD,0.5768,0.1535,Sideways,0.165,0.0,unavailable_no_point_in_time_source,False,993.0,992.995849609375,2026-02-13,1018.4891357421875,2.5673,1,2026-02-17,1007.9539184570312,1.5064,1.0,2026-02-19,1010.836181640625,1.7966,1.0,2026-02-26,1006.76123046875,1.3862,1.0,1,1,1,1,1,1,2.5669,1,1.0,1.0,1.0,1.0,1.0,1.5059,1.0,1.0,1.0,1.0,1.0,1.0,1.7962,1.0,1.0,1.0,1.0,1.0,1.0,1.3858,1.0,50-55,50-55
BEL.NS|2026-02-12|ensemble_lr0.20_rf0.30_xgb0.50,BEL.NS,2026-02-12,ensemble_lr0.20_rf0.30_xgb0.50,2025-02-13,2026-02-12,2026-02-09,2025-03-13,2026-02-11,2026-02-12,225,2026-02-12,False,0,0.5777777777777777,0.6920609686525016,0.54,0.274693101644516,0.4377587445527583,0,56.22,0.4377587445527583,0,56.22,BUY,0.6528,0.3056,Bullish,1.0,0.0,unavailable_no_point_in_time_source,True,441.42,441.4189758300781,2026-02-13,433.11566162109375,-1.8811,0,2026-02-17,444.3525085449219,0.6646,1.0,2026-02-19,432.9167785644531,-1.9261,0.0,2026-02-26,446.5401916503906,1.1602,1.0,1,1,1,1,0,0,-1.8813,0,0.0,0.0,0.0,1.0,1.0,0.6643,1.0,1.0,1.0,1.0,0.0,0.0,-1.9263,0.0,0.0,0.0,0.0,1.0,1.0,1.1599,1.0,55-60,55-60
BPCL.NS|2026-02-12|ensemble_lr0.20_rf0.30_xgb0.50,BPCL.NS,2026-02-12,ensemble_lr0.20_rf0.30_xgb0.50,2025-02-13,2026-02-12,2026-02-09,2025-03-13,2026-02-11,2026-02-12,225,2026-02-12,False,0,0.4666666666666666,0.566792161245427,0.64,0.3576726019382477,0.4841947332182093,0,51.58,0.4841947332182093,0,51.58,BUY,0.6383,0.2766,Bullish,0.835,0.0,unavailable_no_point_in_time_source,False,377.7,377.70001220703125,2026-02-13,374.1000061035156,-0.9531,0,2026-02-17,374.95001220703125,-0.7281,0.0,2026-02-19,367.6499938964844,-2.6608,0.0,2026-02-26,386.0,2.1975,1.0,0,1,1,1,1,0,-0.9531,0,1.0,1.0,1.0,1.0,0.0,-0.7281,0.0,1.0,1.0,1.0,1.0,0.0,-2.6608,0.0,0.0,0.0,0.0,0.0,1.0,2.1975,1.0,50-55,50-55
AARTIIND.NS|2026-02-19|ensemble_lr0.20_rf0.30_xgb0.50,AARTIIND.NS,2026-02-19,ensemble_lr0.20_rf0.30_xgb0.50,2025-02-20,2026-02-19,2026-02-16,2025-03-21,2026-02-18,2026-02-19,226,2026-02-19,False,0,0.4710144927536232,0.5194572152148694,0.54,0.5863863229751587,0.5590846045305533,1,55.91,0.5590846045305533,1,55.91,BUY,0.7059,0.4119,High Volatility,0.665,0.0,unavailable_no_point_in_time_source,True,453.55,453.54840087890625,2026-02-20,449.75592041015625,-0.8362,0,2026-02-24,448.9076232910156,-1.0232,0.0,2026-02-26,454.7959289550781,0.2751,1.0,2026-03-06,418.5180358886719,-7.7236,0.0,0,0,0,1,1,0,-0.8365,0,0.0,0.0,1.0,1.0,0.0,-1.0236,0.0,1.0,1.0,0.0,0.0,1.0,0.2747,1.0,0.0,0.0,1.0,1.0,0.0,-7.7239,0.0,55-60,55-60
AAVAS.NS|2026-02-19|ensemble_lr0.20_rf0.30_xgb0.50,AAVAS.NS,2026-02-19,ensemble_lr0.20_rf0.30_xgb0.50,2025-02-20,2026-02-19,2026-02-16,2025-03-21,2026-02-18,2026-02-19,226,2026-02-19,False,0,0.3768115942028985,0.5590908488887492,0.62,0.6017912030220032,0.5987137712887514,1,59.87,0.5987137712887514,1,59.87,HOLD,0.431,-0.1381,High Volatility,-1.0,0.0,unavailable_no_point_in_time_source,False,1289.0,1289.0,2026-02-20,1280.0,-0.6982,0,2026-02-24,1269.199951171875,-1.5361,0.0,2026-02-26,1291.300048828125,0.1784,1.0,2026-03-06,1227.9000244140625,-4.7401,0.0,0,0,0,1,1,1,-0.6982,1,0.0,0.0,1.0,1.0,1.0,-1.5361,1.0,1.0,1.0,0.0,0.0,1.0,0.1784,1.0,0.0,0.0,1.0,1.0,0.0,-4.7401,0.0,55-60,55-60
ABCAPITAL.NS|2026-02-19|ensemble_lr0.20_rf0.30_xgb0.50,ABCAPITAL.NS,2026-02-19,ensemble_lr0.20_rf0.30_xgb0.50,2025-02-20,2026-02-19,2026-02-16,2025-03-21,2026-02-18,2026-02-19,226,2026-02-19,False,1,0.48550724637681153,0.7259786442334181,0.64,0.7729969620704651,0.7236942098819161,1,72.37,0.7236942098819161,1,72.37,BUY,0.6065,0.2129,High Volatility,0.165,0.0,unavailable_no_point_in_time_source,True,344.3,344.29998779296875,2026-02-20,344.8500061035156,0.1597,1,2026-02-24,349.29998779296875,1.4522,1.0,2026-02-26,356.1499938964844,3.4418,1.0,2026-03-06,326.54998779296875,-5.1554,0.0,0,1,1,1,0,1,0.1597,1,1.0,1.0,1.0,0.0,1.0,1.4522,1.0,1.0,1.0,1.0,0.0,1.0,3.4418,1.0,0.0,0.0,0.0,1.0,0.0,-5.1554,0.0,70-75,70-75
ABFRL.NS|2026-02-19|ensemble_lr0.20_rf0.30_xgb0.50,ABFRL.NS,2026-02-19,ensemble_lr0.20_rf0.30_xgb0.50,2025-02-20,2026-02-19,2026-02-16,2025-03-21,2026-02-18,2026-02-19,226,2026-02-19,False,0,0.4565217391304348,0.3544284059592537,0.62,0.7008658051490784,0.6073185837663899,1,60.73,0.6073185837663899,1,60.73,HOLD,0.5576,0.1153,High Volatility,-0.165,0.0,unavailable_no_point_in_time_source,True,70.08,70.08000183105469,2026-02-20,69.8499984741211,-0.3282,0,2026-02-24,68.80000305175781,-1.8265,0.0,2026-02-26,68.55000305175781,-2.1832,0.0,2026-03-06,62.41999816894531,-10.9304,0.0,0,0,0,1,1,1,-0.3282,1,0.0,0.0,1.0,1.0,1.0,-1.8265,1.0,0.0,0.0,1.0,1.0,1.0,-2.1832,1.0,0.0,0.0,1.0,1.0,0.0,-10.9304,0.0,60-65,60-65
ACC.NS|2026-02-19|ensemble_lr0.20_rf0.30_xgb0.50,ACC.NS,2026-02-19,ensemble_lr0.20_rf0.30_xgb0.50,2025-02-20,2026-02-19,2026-02-16,2025-03-21,2026-02-18,2026-02-19,226,2026-02-19,False,0,0.4710144927536232,0.46486763446292,0.46,0.11753955483436584,0.2897433043097669,0,71.03,0.2897433043097669,0,71.03,SELL,0.2839,-0.4322,Bearish,-1.0,0.0,unavailable_no_point_in_time_source,False,1608.29,1608.294189453125,2026-02-20,1603.3228759765625,-0.3091,0,2026-02-24,1609.7855224609375,0.0927,1.0,2026-02-26,1603.820068359375,-0.2782,0.0,2026-03-06,1492.563720703125,-7.1959,0.0,0,1,1,1,1,1,-0.3088,1,0.0,0.0,0.0,0.0,0.0,0.093,0.0,1.0,1.0,1.0,1.0,1.0,-0.2779,1.0,1.0,1.0,1.0,1.0,1.0,-7.1956,1.0,70-75,70-75
ADANIENT.NS|2026-02-19|ensemble_lr0.20_rf0.30_xgb0.50,ADANIENT.NS,2026-02-19,ensemble_lr0.20_rf0.30_xgb0.50,2025-02-20,2026-02-19,2026-02-16,2025-03-21,2026-02-18,2026-02-19,226,2026-02-19,False,0,0.5289855072463768,0.4280528334219761,0.4,0.17010082304477692,0.29066097820678366,0,70.93,0.29066097820678366,0,70.93,SELL,0.3988,-0.2024,High Volatility,-0.335,0.0,unavailable_no_point_in_time_source,True,2155.74,2155.736083984375,2026-02-20,2159.83447265625,0.1901,1,2026-02-24,2182.0244140625,1.2195,1.0,2026-02-26,2215.409423828125,2.7681,1.0,2026-03-06,2038.9884033203125,-5.4157,0.0,0,0,0,0,0,0,0.1899,0,0.0,0.0,0.0,0.0,0.0,1.2193,0.0,0.0,0.0,0.0,0.0,0.0,2.7679,0.0,1.0,1.0,1.0,1.0,1.0,-5.4158,1.0,70-75,70-75
ADANIPORTS.NS|2026-02-19|ensemble_lr0.20_rf0.30_xgb0.50,ADANIPORTS.NS,2026-02-19,ensemble_lr0.20_rf0.30_xgb0.50,2025-02-20,2026-02-19,2026-02-16,2025-03-21,2026-02-18,2026-02-19,226,2026-02-19,False,1,0.5434782608695653,0.7516653810830083,0.48,0.4902186691761017,0.5394424108046525,1,53.94,0.5394424108046525,1,53.94,BUY,0.6528,0.3055,Sideways,0.335,0.0,unavailable_no_point_in_time_source,False,1506.95,1506.9490966796875,2026-02-20,1505.1566162109375,-0.1189,0,2026-02-24,1548.8724365234375,2.782,1.0,2026-02-26,1544.092529296875,2.4648,1.0,2026-03-06,1471.29931640625,-2.3657,0.0,0,0,0,0,1,0,-0.119,0,1.0,1.0,1.0,0.0,1.0,2.7819,1.0,1.0,1.0,1.0,0.0,1.0,2.4647,1.0,0.0,0.0,0.0,1.0,0.0,-2.3658,0.0,50-55,50-55
AETHER.NS|2026-02-19|ensemble_lr0.20_rf0.30_xgb0.50,AETHER.NS,2026-02-19,ensemble_lr0.20_rf0.30_xgb0.50,2025-02-20,2026-02-19,2026-02-16,2025-03-21,2026-02-18,2026-02-19,226,2026-02-19,False,0,0.536231884057971,0.4897627618675438,0.46,0.3151276409626007,0.3935163728548091,0,60.65,0.3935163728548091,0,60.65,HOLD,0.5063,0.0125,High Volatility,0.5,0.0,unavailable_no_point_in_time_source,False,960.1,960.0999755859375,2026-02-20,966.2000122070312,0.6354,1,2026-02-24,965.0,0.5104,1.0,2026-02-26,961.4000244140625,0.1354,1.0,2026-03-06,1011.9500122070312,5.4005,1.0,0,0,0,0,0,1,0.6354,1,0.0,0.0,0.0,0.0,1.0,0.5104,1.0,0.0,0.0,0.0,0.0,1.0,0.1354,1.0,0.0,0.0,0.0,0.0,0.0,5.4005,0.0,60-65,60-65
AIAENG.NS|2026-02-19|ensemble_lr0.20_rf0.30_xgb0.50,AIAENG.NS,2026-02-19,ensemble_lr0.20_rf0.30_xgb0.50,2025-02-20,2026-02-19,2026-02-16,2025-03-21,2026-02-18,2026-02-19,226,2026-02-19,False,1,0.5,0.2915732942582384,0.5,0.48578324913978577,0.45120628342154057,0,54.88,0.45120628342154057,0,54.88,HOLD,0.5045,0.0091,High Volatility,0.5,0.0,unavailable_no_point_in_time_source,False,3945.37,3945.369140625,2026-02-20,3934.211181640625,-0.2828,0,2026-02-24,3845.14599609375,-2.5403,0.0,2026-02-26,3906.614990234375,-0.9823,0.0,2026-03-06,3660.7392578125,-7.2143,0.0,0,1,1,0,1,1,-0.2828,1,1.0,1.0,0.0,1.0,1.0,-2.5403,1.0,1.0,1.0,0.0,1.0,1.0,-0.9823,1.0,1.0,1.0,0.0,1.0,0.0,-7.2143,0.0,50-55,50-55
AJANTPHARM.NS|2026-02-19|ensemble_lr0.20_rf0.30_xgb0.50,AJANTPHARM.NS,2026-02-19,ensemble_lr0.20_rf0.30_xgb0.50,2025-02-20,2026-02-19,2026-02-16,2025-03-21,2026-02-18,2026-02-19,226,2026-02-19,False,0,0.43478260869565216,0.31727964949334125,0.52,0.7258785963058472,0.5823952280515918,1,58.24,0.5823952280515918,1,58.24,STRONG BUY,0.7591,0.5183,Bullish,1.0,0.0,unavailable_no_point_in_time_source,False,2932.83,2932.83251953125,2026-02-20,2912.716796875,-0.6859,0,2026-02-24,2922.03173828125,-0.3683,0.0,2026-02-26,2951.858154296875,0.6487,1.0,2026-03-06,2964.83935546875,1.0913,1.0,0,0,0,1,1,0,-0.6858,0,0.0,0.0,1.0,1.0,0.0,-0.3682,0.0,1.0,1.0,0.0,0.0,1.0,0.6488,1.0,1.0,1.0,0.0,0.0,1.0,1.0914,1.0,55-60,55-60
ALEMBICLTD.NS|2026-02-19|ensemble_lr0.20_rf0.30_xgb0.50,ALEMBICLTD.NS,2026-02-19,ensemble_lr0.20_rf0.30_xgb0.50,2025-02-20,2026-02-19,2026-02-16,2025-03-21,2026-02-18,2026-02-19,226,2026-02-19,False,0,0.4710144927536232,0.26308908215664767,0.56,0.38020336627960205,0.4107194995711306,0,58.93,0.4107194995711306,0,58.93,SELL,0.3304,-0.3393,Sideways,-0.67,0.0,unavailable_no_point_in_time_source,False,91.07,91.07156372070312,2026-02-20,91.50004577636719,0.4705,1,2026-02-24,90.04905700683594,-1.1228,0.0,2026-02-26,88.75387573242188,-2.5449,0.0,2026-03-06,84.86833953857422,-6.8114,0.0,0,0,0,0,0,0,0.4722,0,1.0,1.0,1.0,1.0,1.0,-1.1211,1.0,1.0,1.0,1.0,1.0,1.0,-2.5432,1.0,1.0,1.0,1.0,1.0,1.0,-6.8098,1.0,55-60,55-60
ALKEM.NS|2026-02-19|ensemble_lr0.20_rf0.30_xgb0.50,ALKEM.NS,2026-02-19,ensemble_lr0.20_rf0.30_xgb0.50,2025-02-20,2026-02-19,2026-02-16,2025-03-21,2026-02-18,2026-02-19,226,2026-02-19,False,1,0.5362318840579711,0.6492903339824586,0.42,0.22914265096187592,0.37042939227742966,0,62.96,0.37042939227742966,0,62.96,SELL,0.3491,-0.3018,Bearish,-0.335,0.0,unavailable_no_point_in_time_source,False,5324.47,5324.470703125,2026-02-20,5382.3671875,1.0874,1,2026-02-24,5485.68212890625,3.0277,1.0,2026-02-26,5741.72412109375,7.8365,1.0,2026-03-06,5520.12060546875,3.6745,1.0,0,0,0,1,0,0,1.0874,0,0.0,0.0,1.0,0.0,0.0,3.0278,0.0,0.0,0.0,1.0,0.0,0.0,7.8365,0.0,0.0,0.0,1.0,0.0,0.0,3.6746,0.0,60-65,60-65
AMBER.NS|2026-02-19|ensemble_lr0.20_rf0.30_xgb0.50,AMBER.NS,2026-02-19,ensemble_lr0.20_rf0.30_xgb0.50,2025-02-20,2026-02-19,2026-02-16,2025-03-21,2026-02-18,2026-02-19,226,2026-02-19,False,1,0.5144927536231884,0.7351851168310797,0.62,0.7988913059234619,0.7324826763279468,1,73.25,0.7324826763279468,1,73.25,BUY,0.7068,0.4135,High Volatility,0.835,0.0,unavailable_no_point_in_time_source,False,7705.5,7705.5,2026-02-20,7650.5,-0.7138,0,2026-02-24,7929.5,2.907,1.0,2026-02-26,7942.5,3.0757,1.0,2026-03-06,7872.5,2.1673,1.0,0,0,0,0,1,0,-0.7138,0,1.0,1.0,1.0,0.0,1.0,2.907,1.0,1.0,1.0,1.0,0.0,1.0,3.0757,1.0,1.0,1.0,1.0,0.0,1.0,2.1673,1.0,70-75,70-75
ANGELONE.NS|2026-02-19|ensemble_lr0.20_rf0.30_xgb0.50,ANGELONE.NS,2026-02-19,ensemble_lr0.20_rf0.30_xgb0.50,2025-02-20,2026-02-19,2026-02-16,2025-03-21,2026-02-18,2026-02-19,226,2026-02-19,False,1,0.4202898550724637,0.3350985500339683,0.42,0.4240913391113281,0.40506537956245775,0,59.49,0.40506537956245775,0,59.49,HOLD,0.4566,-0.0869,High Volatility,0.165,0.0,unavailable_no_point_in_time_source,True,248.37,248.3745880126953,2026-02-20,247.05828857421875,-0.53,0,2026-02-24,243.48548889160156,-1.9684,0.0,2026-02-26,243.96054077148438,-1.7772,0.0,2026-03-06,217.29806518554688,-12.512,0.0,0,1,1,0,1,1,-0.5281,1,1.0,1.0,0.0,1.0,1.0,-1.9666,1.0,1.0,1.0,0.0,1.0,1.0,-1.7754,1.0,1.0,1.0,0.0,1.0,0.0,-12.5103,0.0,55-60,55-60
APARINDS.NS|2026-02-19|ensemble_lr0.20_rf0.30_xgb0.50,APARINDS.NS,2026-02-19,ensemble_lr0.20_rf0.30_xgb0.50,2025-02-20,2026-02-19,2026-02-16,2025-03-21,2026-02-18,2026-02-19,226,2026-02-19,False,0,0.4202898550724637,0.5867152556057746,0.42,0.11823324114084244,0.30245967169157617,0,69.75,0.30245967169157617,0,69.75,BUY,0.6191,0.2382,High Volatility,1.0,0.0,unavailable_no_point_in_time_source,False,10028.68,10028.6826171875,2026-02-20,10482.6064453125,4.5263,1,2026-02-24,10787.5478515625,7.5669,1.0,2026-02-26,10769.609375,7.3881,1.0,2026-03-06,10358.0390625,3.2841,1.0,0,0,0,0,0,1,4.5263,1,0.0,0.0,0.0,0.0,1.0,7.567,1.0,0.0,0.0,0.0,0.0,1.0,7.3881,1.0,0.0,0.0,0.0,0.0,1.0,3.2842,1.0,65-70,65-70
APOLLOHOSP.NS|2026-02-19|ensemble_lr0.20_rf0.30_xgb0.50,APOLLOHOSP.NS,2026-02-19,ensemble_lr0.20_rf0.30_xgb0.50,2025-02-20,2026-02-19,2026-02-16,2025-03-21,2026-02-18,2026-02-19,226,2026-02-19,False,0,0.5217391304347826,0.595728917733999,0.36,0.1530737578868866,0.3036826624902431,0,69.63,0.3036826624902431,0,69.63,BUY,0.6143,0.2285,Bullish,0.665,0.0,unavailable_no_point_in_time_source,False,7583.67,7583.671875,2026-02-20,7606.64501953125,0.3029,1,2026-02-24,7711.52294921875,1.6859,1.0,2026-02-26,7765.95947265625,2.4037,1.0,2026-03-06,7715.51806640625,1.7386,1.0,0,0,0,0,0,1,0.303,1,0.0,0.0,0.0,0.0,1.0,1.6859,1.0,0.0,0.0,0.0,0.0,1.0,2.4037,1.0,0.0,0.0,0.0,0.0,1.0,1.7386,1.0,65-70,65-70
APOLLOTYRE.NS|2026-02-19|ensemble_lr0.20_rf0.30_xgb0.50,APOLLOTYRE.NS,2026-02-19,ensemble_lr0.20_rf0.30_xgb0.50,2025-02-20,2026-02-19,2026-02-16,2025-03-21,2026-02-18,2026-02-19,226,2026-02-19,False,0,0.4275362318840579,0.5819270259567717,0.52,0.34603944420814514,0.4454051272954269,0,55.46,0.4454051272954269,0,55.46,SELL,0.3645,-0.2711,High Volatility,-0.665,0.0,unavailable_no_point_in_time_source,True,459.72,459.7209167480469,2026-02-20,452.7607421875,-1.514,0,2026-02-24,452.16412353515625,-1.6438,0.0,2026-02-26,458.2294616699219,-0.3244,0.0,2026-03-06,437.2494201660156,-4.8881,0.0,0,1,1,1,1,1,-1.5138,1,1.0,1.0,1.0,1.0,1.0,-1.6436,1.0,1.0,1.0,1.0,1.0,1.0,-0.3242,1.0,1.0,1.0,1.0,1.0,1.0,-4.8879,1.0,55-60,55-60
ASHOKLEY.NS|2026-02-19|ensemble_lr0.20_rf0.30_xgb0.50,ASHOKLEY.NS,2026-02-19,ensemble_lr0.20_rf0.30_xgb0.50,2025-02-20,2026-02-19,2026-02-16,2025-03-21,2026-02-18,2026-02-19,226,2026-02-19,False,1,0.5144927536231884,0.9273469642834599,0.54,0.7688073515892029,0.7318730686512934,1,73.19,0.7318730686512934,1,73.19,BUY,0.7046,0.4092,Bullish,0.5,0.0,unavailable_no_point_in_time_source,True,200.08,200.07688903808594,2026-02-20,205.3470001220703,2.634,1,2026-02-24,206.65467834472656,3.2876,1.0,2026-02-26,208.36549377441406,4.1427,1.0,2026-03-06,191.4048309326172,-4.3344,0.0,0,1,1,1,0,1,2.6324,1,1.0,1.0,1.0,0.0,1.0,3.286,1.0,1.0,1.0,1.0,0.0,1.0,4.1411,1.0,0.0,0.0,0.0,1.0,0.0,-4.3359,0.0,70-75,70-75
ASIANPAINT.NS|2026-02-19|ensemble_lr0.20_rf0.30_xgb0.50,ASIANPAINT.NS,2026-02-19,ensemble_lr0.20_rf0.30_xgb0.50,2025-02-20,2026-02-19,2026-02-16,2025-03-21,2026-02-18,2026-02-19,226,2026-02-19,False,0,0.5362318840579711,0.45558616735702023,0.44,0.5663458108901978,0.5062901389165029,1,50.63,0.5062901389165029,1,50.63,HOLD,0.4628,-0.0743,Bearish,-0.165,0.0,unavailable_no_point_in_time_source,False,2380.15,2380.14990234375,2026-02-20,2407.215087890625,1.1371,1,2026-02-24,2392.34423828125,0.5123,1.0,2026-02-26,2374.300537109375,-0.2458,0.0,2026-03-06,2259.89306640625,-5.0525,0.0,0,1,1,0,0,1,1.1371,1,1.0,1.0,0.0,0.0,1.0,0.5123,1.0,0.0,0.0,1.0,1.0,1.0,-0.2458,1.0,0.0,0.0,1.0,1.0,0.0,-5.0525,0.0,50-55,50-55
ASTRAL.NS|2026-02-19|ensemble_lr0.20_rf0.30_xgb0.50,ASTRAL.NS,2026-02-19,ensemble_lr0.20_rf0.30_xgb0.50,2025-02-20,2026-02-19,2026-02-16,2025-03-21,2026-02-18,2026-02-19,226,2026-02-19,False,0,0.5434782608695653,0.19224580316622863,0.18,0.13686007261276245,0.16087919693962696,0,83.91,0.16087919693962696,0,83.91,BUY,0.6143,0.2285,Bullish,0.665,0.0,unavailable_no_point_in_time_source,True,1618.45,1618.4544677734375,2026-02-20,1634.0299072265625,0.9624,1,2026-02-24,1661.386962890625,2.6527,1.0,2026-02-26,1681.55517578125,3.8988,1.0,2026-03-06,1686.54736328125,4.2073,1.0,0,0,0,0,0,1,0.9626,1,0.0,0.0,0.0,0.0,1.0,2.653,1.0,0.0,0.0,0.0,0.0,1.0,3.8991,1.0,0.0,0.0,0.0,0.0,1.0,4.2076,1.0,80-85,80-85
AUBANK.NS|2026-02-19|ensemble_lr0.20_rf0.30_xgb0.50,AUBANK.NS,2026-02-19,ensemble_lr0.20_rf0.30_xgb0.50,2025-02-20,2026-02-19,2026-02-16,2025-03-21,2026-02-18,2026-02-19,226,2026-02-19,False,1,0.47826086956521746,0.5186004623126765,0.16,0.10818693041801453,0.20581355767154258,0,79.42,0.20581355767154258,0,79.42,HOLD,0.5585,0.1169,Bullish,0.5,0.0,unavailable_no_point_in_time_source,True,1016.06,1016.063232421875,2026-02-20,1028.651123046875,1.2389,1,2026-02-24,1001.2277221679688,-1.4601,0.0,2026-02-26,971.7562866210938,-4.3606,0.0,2026-03-06,963.3145141601562,-5.1915,0.0,0,0,0,1,0,1,1.2392,1,1.0,1.0,0.0,1.0,1.0,-1.4598,1.0,1.0,1.0,0.0,1.0,0.0,-4.3603,0.0,1.0,1.0,0.0,1.0,0.0,-5.1912,0.0,75-80,75-80
AXISBANK.NS|2026-02-19|ensemble_lr0.20_rf0.30_xgb0.50,AXISBANK.NS,2026-02-19,ensemble_lr0.20_rf0.30_xgb0.50,2025-02-20,2026-02-19,2026-02-16,2025-03-21,2026-02-18,2026-02-19,226,2026-02-19,False,0,0.5289855072463768,0.2850212758513586,0.38,0.25106364488601685,0.29653607761328016,0,70.35,0.29653607761328016,0,70.35,HOLD,0.5468,0.0935,Sideways,0.835,0.0,unavailable_no_point_in_time_source,True,1355.55,1355.5545654296875,2026-02-20,1367.24560546875,0.8625,1,2026-02-24,1386.5306396484375,2.2851,1.0,2026-02-26,1394.424560546875,2.8675,1.0,2026-03-06,1314.7860107421875,-3.0075,0.0,0,0,0,0,0,1,0.8628,1,0.0,0.0,0.0,0.0,1.0,2.2855,1.0,0.0,0.0,0.0,0.0,1.0,2.8678,1.0,1.0,1.0,1.0,1.0,0.0,-3.0072,0.0,70-75,70-75
BAJAJ-AUTO.NS|2026-02-19|ensemble_lr0.20_rf0.30_xgb0.50,BAJAJ-AUTO.NS,2026-02-19,ensemble_lr0.20_rf0.30_xgb0.50,2025-02-20,2026-02-19,2026-02-16,2025-03-21,2026-02-18,2026-02-19,226,2026-02-19,False,1,0.5144927536231884,0.6034504580230006,0.54,0.6919714212417603,0.6286758022254803,1,62.87,0.6286758022254803,1,62.87,BUY,0.6684,0.3368,Sideways,0.835,0.0,unavailable_no_point_in_time_source,False,9593.98,9593.9814453125,2026-02-20,9670.8984375,0.8017,1,2026-02-24,9692.5927734375,1.0278,1.0,2026-02-26,9969.693359375,3.9161,1.0,2026-03-06,9679.7734375,0.8942,1.0,0,1,1,1,0,1,0.8017,1,1.0,1.0,1.0,0.0,1.0,1.0279,1.0,1.0,1.0,1.0,0.0,1.0,3.9161,1.0,1.0,1.0,1.0,0.0,1.0,0.8942,1.0,60-65,60-65
BAJAJFINSV.NS|2026-02-19|ensemble_lr0.20_rf0.30_xgb0.50,BAJAJFINSV.NS,2026-02-19,ensemble_lr0.20_rf0.30_xgb0.50,2025-02-20,2026-02-19,2026-02-16,2025-03-21,2026-02-18,2026-02-19,226,2026-02-19,False,1,0.5,0.4082196473297821,0.28,0.2575324475765228,0.2944101532542178,0,70.56,0.2944101532542178,0,70.56,HOLD,0.4514,-0.0971,Sideways,0.165,0.0,unavailable_no_point_in_time_source,True,2031.47,2031.4664306640625,2026-02-20,2056.744873046875,1.2443,1,2026-02-24,2041.5579833984375,0.4968,1.0,2026-02-26,2039.5596923828125,0.3984,1.0,2026-03-06,1867.306640625,-8.0809,0.0,0,0,0,1,0,1,1.2442,1,0.0,0.0,1.0,0.0,1.0,0.4966,1.0,0.0,0.0,1.0,0.0,1.0,0.3982,1.0,1.0,1.0,0.0,1.0,0.0,-8.081,0.0,70-75,70-75
BAJFINANCE.NS|2026-02-19|ensemble_lr0.20_rf0.30_xgb0.50,BAJFINANCE.NS,2026-02-19,ensemble_lr0.20_rf0.30_xgb0.50,2025-02-20,2026-02-19,2026-02-16,2025-03-21,2026-02-18,2026-02-19,226,2026-02-19,False,1,0.44202898550724634,0.27994707382855294,0.4,0.2902272939682007,0.32110306174981096,0,67.89,0.32110306174981096,0,67.89,BUY,0.5951,0.1902,Bullish,0.335,0.0,unavailable_no_point_in_time_source,True,1010.84,1010.836181640625,2026-02-20,1023.90576171875,1.2929,1,2026-02-24,1017.2964477539062,0.6391,1.0,2026-02-26,1006.76123046875,-0.4031,0.0,2026-03-06,944.3945922851562,-6.5729,0.0,0,0,0,1,0,1,1.2926,1,0.0,0.0,1.0,0.0,1.0,0.6387,1.0,1.0,1.0,0.0,1.0,0.0,-0.4035,0.0,1.0,1.0,0.0,1.0,0.0,-6.5733,0.0,65-70,65-70
BEL.NS|2026-02-19|ensemble_lr0.20_rf0.30_xgb0.50,BEL.NS,2026-02-19,ensemble_lr0.20_rf0.30_xgb0.50,2025-02-20,2026-02-19,2026-02-16,2025-03-21,2026-02-18,2026-02-19,226,2026-02-19,False,0,0.5507246376811593,0.5984620459581874,0.72,0.9465631246566772,0.8089739715199761,1,80.9,0.8089739715199761,1,80.9,BUY,0.6833,0.3666,Bullish,0.5,0.0,unavailable_no_point_in_time_source,True,432.92,432.9167785644531,2026-02-20,438.6843566894531,1.3323,1,2026-02-24,432.6184387207031,-0.0689,0.0,2026-02-26,446.5401916503906,3.1469,1.0,2026-03-06,467.81494140625,8.0612,1.0,0,1,1,0,0,1,1.3315,1,0.0,0.0,1.0,1.0,0.0,-0.0697,0.0,1.0,1.0,0.0,0.0,1.0,3.1461,1.0,1.0,1.0,0.0,0.0,1.0,8.0604,1.0,80-85,80-85
BPCL.NS|2026-02-19|ensemble_lr0.20_rf0.30_xgb0.50,BPCL.NS,2026-02-19,ensemble_lr0.20_rf0.30_xgb0.50,2025-02-20,2026-02-19,2026-02-16,2025-03-21,2026-02-18,2026-02-19,226,2026-02-19,False,0,0.3913043478260869,0.38228366263149605,0.48,0.3028034269809723,0.37185844601678536,0,62.81,0.37185844601678536,0,62.81,HOLD,0.4506,-0.0987,Sideways,0.335,0.0,unavailable_no_point_in_time_source,True,367.65,367.6499938964844,2026-02-20,366.29998779296875,-0.3672,0,2026-02-24,374.45001220703125,1.8496,1.0,2026-02-26,386.0,4.9912,1.0,2026-03-06,352.75,-4.0528,0.0,0,1,1,1,1,1,-0.3672,1,0.0,0.0,0.0,0.0,1.0,1.8496,1.0,0.0,0.0,0.0,0.0,0.0,4.9912,0.0,1.0,1.0,1.0,1.0,0.0,-4.0528,0.0,60-65,60-65
AARTIIND.NS|2026-02-26|ensemble_lr0.20_rf0.30_xgb0.50,AARTIIND.NS,2026-02-26,ensemble_lr0.20_rf0.30_xgb0.50,2025-02-27,2026-02-26,2026-02-23,2025-03-27,2026-02-25,2026-02-26,227,2026-02-26,False,0,0.5217391304347826,0.3928655101661069,0.36,0.32719796895980835,0.35017208651312554,0,64.98,0.35017208651312554,0,64.98,HOLD,0.5415,0.083,High Volatility,0.33,0.0,unavailable_no_point_in_time_source,True,454.8,454.7959289550781,2026-02-27,446.26287841796875,-1.8762,0,2026-03-04,411.6816101074219,-9.4799,0.0,2026-03-06,418.5180358886719,-7.9767,0.0,2026-03-13,419.9152526855469,-7.6695,0.0,0,1,1,1,1,1,-1.8771,1,1.0,1.0,1.0,1.0,0.0,-9.4807,0.0,1.0,1.0,1.0,1.0,0.0,-7.9776,0.0,1.0,1.0,1.0,1.0,0.0,-7.6703,0.0,60-65,60-65
AAVAS.NS|2026-02-26|ensemble_lr0.20_rf0.30_xgb0.50,AAVAS.NS,2026-02-26,ensemble_lr0.20_rf0.30_xgb0.50,2025-02-27,2026-02-26,2026-02-23,2025-03-27,2026-02-25,2026-02-26,227,2026-02-26,False,0,0.5289855072463768,0.7032440477224241,0.64,0.5110999941825867,0.5881988066357782,1,58.82,0.5881988066357782,1,58.82,HOLD,0.497,-0.0061,High Volatility,-0.665,0.0,unavailable_no_point_in_time_source,False,1291.3,1291.300048828125,2026-02-27,1285.5999755859375,-0.4414,0,2026-03-04,1233.199951171875,-4.4993,0.0,2026-03-06,1227.9000244140625,-4.9098,0.0,2026-03-13,1169.800048828125,-9.4091,0.0,1,0,0,1,0,1,-0.4414,1,0.0,0.0,1.0,0.0,0.0,-4.4993,0.0,0.0,0.0,1.0,0.0,0.0,-4.9098,0.0,0.0,0.0,1.0,0.0,0.0,-9.4091,0.0,55-60,55-60
ABCAPITAL.NS|2026-02-26|ensemble_lr0.20_rf0.30_xgb0.50,ABCAPITAL.NS,2026-02-26,ensemble_lr0.20_rf0.30_xgb0.50,2025-02-27,2026-02-26,2026-02-23,2025-03-27,2026-02-25,2026-02-26,227,2026-02-26,False,1,0.5652173913043478,0.8028177789166991,0.56,0.5285193920135498,0.5928232517901147,1,59.28,0.5928232517901147,1,59.28,BUY,0.6142,0.2285,Sideways,0.33,0.0,unavailable_no_point_in_time_source,True,356.15,356.1499938964844,2026-02-27,344.45001220703125,-3.2851,0,2026-03-04,321.54998779296875,-9.715,0.0,2026-03-06,326.54998779296875,-8.3111,0.0,2026-03-13,310.75,-12.7474,0.0,1,0,0,0,0,0,-3.2851,0,0.0,0.0,0.0,0.0,0.0,-9.715,0.0,0.0,0.0,0.0,0.0,0.0,-8.3111,0.0,0.0,0.0,0.0,0.0,0.0,-12.7474,0.0,55-60,55-60
ABFRL.NS|2026-02-26|ensemble_lr0.20_rf0.30_xgb0.50,ABFRL.NS,2026-02-26,ensemble_lr0.20_rf0.30_xgb0.50,2025-02-27,2026-02-26,2026-02-23,2025-03-27,2026-02-25,2026-02-26,227,2026-02-26,False,0,0.4202898550724637,0.4026502031429009,0.34,0.3283213675022125,0.34669072437968645,0,65.33,0.34669072437968645,0,65.33,SELL,0.3546,-0.2907,High Volatility,-0.5,0.0,unavailable_no_point_in_time_source,True,68.55,68.55000305175781,2026-02-27,66.93000030517578,-2.3632,0,2026-03-04,64.08999633789062,-6.5062,0.0,2026-03-06,62.41999816894531,-8.9424,0.0,2026-03-13,59.279998779296875,-13.523,0.0,0,1,1,1,1,1,-2.3632,1,1.0,1.0,1.0,1.0,1.0,-6.5062,1.0,1.0,1.0,1.0,1.0,1.0,-8.9424,1.0,1.0,1.0,1.0,1.0,1.0,-13.523,1.0,65-70,65-70
ACC.NS|2026-02-26|ensemble_lr0.20_rf0.30_xgb0.50,ACC.NS,2026-02-26,ensemble_lr0.20_rf0.30_xgb0.50,2025-02-27,2026-02-26,2026-02-23,2025-03-27,2026-02-25,2026-02-26,227,2026-02-26,False,0,0.5072463768115942,0.5132357526962976,0.36,0.3895529508590698,0.40542362596879444,0,59.46,0.40542362596879444,0,59.46,STRONG SELL,0.2652,-0.4696,Bearish,-1.0,0.0,unavailable_no_point_in_time_source,False,1603.82,1603.820068359375,2026-02-27,1583.2391357421875,-1.2832,0,2026-03-04,1520.8997802734375,-5.1702,0.0,2026-03-06,1492.563720703125,-6.937,0.0,2026-03-13,1368.4818115234375,-14.6736,0.0,0,1,1,1,1,1,-1.2832,1,1.0,1.0,1.0,1.0,1.0,-5.1702,1.0,1.0,1.0,1.0,1.0,1.0,-6.937,1.0,1.0,1.0,1.0,1.0,1.0,-14.6736,1.0,55-60,55-60
ADANIENT.NS|2026-02-26|ensemble_lr0.20_rf0.30_xgb0.50,ADANIENT.NS,2026-02-26,ensemble_lr0.20_rf0.30_xgb0.50,2025-02-27,2026-02-26,2026-02-23,2025-03-27,2026-02-25,2026-02-26,227,2026-02-26,False,0,0.5797101449275363,0.4805051791750889,0.38,0.4661504626274109,0.4431762671487232,0,55.68,0.4431762671487232,0,55.68,HOLD,0.4615,-0.077,Sideways,-0.17,0.0,unavailable_no_point_in_time_source,True,2215.41,2215.409423828125,2026-02-27,2160.833984375,-2.4634,0,2026-03-04,2075.572021484375,-6.312,0.0,2026-03-06,2038.9884033203125,-7.9634,0.0,2026-03-13,1960.2235107421875,-11.5187,0.0,0,1,1,1,1,1,-2.4635,1,1.0,1.0,1.0,1.0,0.0,-6.3121,0.0,1.0,1.0,1.0,1.0,0.0,-7.9634,0.0,1.0,1.0,1.0,1.0,0.0,-11.5187,0.0,55-60,55-60
ADANIPORTS.NS|2026-02-26|ensemble_lr0.20_rf0.30_xgb0.50,ADANIPORTS.NS,2026-02-26,ensemble_lr0.20_rf0.30_xgb0.50,2025-02-27,2026-02-26,2026-02-23,2025-03-27,2026-02-25,2026-02-26,227,2026-02-26,False,1,0.572463768115942,0.6460818448753256,0.36,0.25246408581733704,0.36344841188373367,0,63.66,0.36344841188373367,0,63.66,HOLD,0.5191,0.0382,Sideways,0.335,0.0,unavailable_no_point_in_time_source,True,1544.09,1544.092529296875,2026-02-27,1514.61669921875,-1.9089,0,2026-03-04,1428.380126953125,-7.4939,0.0,2026-03-06,1471.29931640625,-4.7143,0.0,2026-03-13,1357.4788818359375,-12.0857,0.0,1,1,1,0,0,1,-1.9088,1,1.0,1.0,0.0,0.0,0.0,-7.4937,0.0,1.0,1.0,0.0,0.0,0.0,-4.7141,0.0,1.0,1.0,0.0,0.0,0.0,-12.0855,0.0,60-65,60-65
AETHER.NS|2026-02-26|ensemble_lr0.20_rf0.30_xgb0.50,AETHER.NS,2026-02-26,ensemble_lr0.20_rf0.30_xgb0.50,2025-02-27,2026-02-26,2026-02-23,2025-03-27,2026-02-25,2026-02-26,227,2026-02-26,False,0,0.463768115942029,0.610399882797382,0.56,0.7280323505401611,0.6540961518295569,1,65.41,0.6540961518295569,1,65.41,BUY,0.6016,0.2033,High Volatility,0.5,0.0,unavailable_no_point_in_time_source,False,961.4,961.4000244140625,2026-02-27,958.5999755859375,-0.2912,0,2026-03-04,917.0499877929688,-4.6131,0.0,2026-03-06,1011.9500122070312,5.258,1.0,2026-03-13,1000.4500122070312,4.0618,1.0,0,0,0,1,1,0,-0.2912,0,0.0,0.0,1.0,1.0,0.0,-4.6131,0.0,1.0,1.0,0.0,0.0,1.0,5.258,1.0,1.0,1.0,0.0,0.0,1.0,4.0618,1.0,65-70,65-70
AIAENG.NS|2026-02-26|ensemble_lr0.20_rf0.30_xgb0.50,AIAENG.NS,2026-02-26,ensemble_lr0.20_rf0.30_xgb0.50,2025-02-27,2026-02-26,2026-02-23,2025-03-27,2026-02-25,2026-02-26,227,2026-02-26,False,1,0.5434782608695653,0.31726904590982435,0.64,0.6442782878875732,0.5775929531257515,1,57.76,0.5775929531257515,1,57.76,BUY,0.5866,0.1732,High Volatility,0.335,0.0,unavailable_no_point_in_time_source,False,3906.61,3906.614990234375,2026-02-27,3837.176025390625,-1.7775,0,2026-03-04,3609.43212890625,-7.6072,0.0,2026-03-06,3660.7392578125,-6.2938,0.0,2026-03-13,3651.57373046875,-6.5284,0.0,1,0,0,0,0,0,-1.7773,0,0.0,0.0,0.0,0.0,0.0,-7.6071,0.0,0.0,0.0,0.0,0.0,0.0,-6.2937,0.0,0.0,0.0,0.0,0.0,0.0,-6.5283,0.0,55-60,55-60
AJANTPHARM.NS|2026-02-26|ensemble_lr0.20_rf0.30_xgb0.50,AJANTPHARM.NS,2026-02-26,ensemble_lr0.20_rf0.30_xgb0.50,2025-02-27,2026-02-26,2026-02-23,2025-03-27,2026-02-25,2026-02-26,227,2026-02-26,False,0,0.44202898550724634,0.48647320038579084,0.42,0.42116814851760864,0.4338787143359625,0,56.61,0.4338787143359625,0,56.61,BUY,0.6714,0.3429,Bullish,1.0,0.0,unavailable_no_point_in_time_source,False,2951.86,2951.858154296875,2026-02-27,2966.72216796875,0.5035,1,2026-03-04,2889.82666015625,-2.1014,0.0,2026-03-06,2964.83935546875,0.4398,1.0,2026-03-13,3003.089111328125,1.7355,1.0,0,0,0,0,0,1,0.5035,1,1.0,1.0,1.0,1.0,0.0,-2.1015,0.0,0.0,0.0,0.0,0.0,1.0,0.4397,1.0,0.0,0.0,0.0,0.0,1.0,1.7355,1.0,55-60,55-60
ALEMBICLTD.NS|2026-02-26|ensemble_lr0.20_rf0.30_xgb0.50,ALEMBICLTD.NS,2026-02-26,ensemble_lr0.20_rf0.30_xgb0.50,2025-02-27,2026-02-26,2026-02-23,2025-03-27,2026-02-25,2026-02-26,227,2026-02-26,False,0,0.44202898550724634,0.853130706122176,0.48,0.799604058265686,0.7144281703572782,1,71.44,0.7144281703572782,1,71.44,HOLD,0.4663,-0.0675,Sideways,-1.0,0.0,unavailable_no_point_in_time_source,False,88.75,88.75387573242188,2026-02-27,89.31869506835938,0.6364,1,2026-03-04,84.04059600830078,-5.3105,0.0,2026-03-06,84.86833953857422,-4.3779,0.0,2026-03-13,78.63589477539062,-11.4,0.0,0,1,1,0,0,1,0.6408,1,0.0,0.0,1.0,1.0,0.0,-5.3064,0.0,0.0,0.0,1.0,1.0,0.0,-4.3737,0.0,0.0,0.0,1.0,1.0,0.0,-11.3962,0.0,70-75,70-75
ALKEM.NS|2026-02-26|ensemble_lr0.20_rf0.30_xgb0.50,ALKEM.NS,2026-02-26,ensemble_lr0.20_rf0.30_xgb0.50,2025-02-27,2026-02-26,2026-02-23,2025-03-27,2026-02-25,2026-02-26,227,2026-02-26,False,1,0.5869565217391305,0.5978027432566712,0.64,0.8026342391967773,0.7128776682497229,1,71.29,0.7128776682497229,1,71.29,BUY,0.6398,0.2797,Bullish,0.165,0.0,unavailable_no_point_in_time_source,False,5741.72,5741.72412109375,2026-02-27,5629.4248046875,-1.9558,0,2026-03-04,5456.73388671875,-4.9635,0.0,2026-03-06,5520.12060546875,-3.8595,0.0,2026-03-13,5345.93212890625,-6.8933,0.0,1,0,0,0,0,0,-1.9558,0,0.0,0.0,0.0,0.0,0.0,-4.9634,0.0,0.0,0.0,0.0,0.0,0.0,-3.8595,0.0,0.0,0.0,0.0,0.0,0.0,-6.8932,0.0,70-75,70-75
AMBER.NS|2026-02-26|ensemble_lr0.20_rf0.30_xgb0.50,AMBER.NS,2026-02-26,ensemble_lr0.20_rf0.30_xgb0.50,2025-02-27,2026-02-26,2026-02-23,2025-03-27,2026-02-25,2026-02-26,227,2026-02-26,False,1,0.38405797101449274,0.41705561688582565,0.4,0.2877804636955261,0.3473013552249282,0,65.27,0.3473013552249282,0,65.27,BUY,0.6707,0.3413,Bullish,1.0,0.0,unavailable_no_point_in_time_source,False,7942.5,7942.5,2026-02-27,7974.0,0.3966,1,2026-03-04,7657.0,-3.5946,0.0,2026-03-06,7872.5,-0.8813,0.0,2026-03-13,6446.0,-18.8417,0.0,0,0,0,1,0,1,0.3966,1,1.0,1.0,0.0,1.0,0.0,-3.5946,0.0,1.0,1.0,0.0,1.0,0.0,-0.8813,0.0,1.0,1.0,0.0,1.0,0.0,-18.8417,0.0,65-70,65-70
ANGELONE.NS|2026-02-26|ensemble_lr0.20_rf0.30_xgb0.50,ANGELONE.NS,2026-02-26,ensemble_lr0.20_rf0.30_xgb0.50,2025-02-27,2026-02-26,2026-02-23,2025-03-27,2026-02-25,2026-02-26,227,2026-02-26,False,1,0.463768115942029,0.4573301137570075,0.42,0.519936203956604,0.4774341247297035,0,52.26,0.4774341247297035,0,52.26,HOLD,0.422,-0.1561,High Volatility,-0.33,0.0,unavailable_no_point_in_time_source,False,243.96,243.96054077148438,2026-02-27,230.79754638671875,-5.3955,0,2026-03-04,219.4654998779297,-10.0406,0.0,2026-03-06,217.29806518554688,-10.929,0.0,2026-03-13,213.35906982421875,-12.5436,0.0,0,1,1,0,1,0,-5.3953,0,1.0,1.0,0.0,1.0,0.0,-10.0404,0.0,1.0,1.0,0.0,1.0,0.0,-10.9288,0.0,1.0,1.0,0.0,1.0,0.0,-12.5434,0.0,50-55,50-55
APARINDS.NS|2026-02-26|ensemble_lr0.20_rf0.30_xgb0.50,APARINDS.NS,2026-02-26,ensemble_lr0.20_rf0.30_xgb0.50,2025-02-27,2026-02-26,2026-02-23,2025-03-27,2026-02-25,2026-02-26,227,2026-02-26,False,1,0.3840579710144927,0.2720855613569926,0.56,0.6538854837417603,0.5493598541422786,1,54.94,0.5493598541422786,1,54.94,BUY,0.7147,0.4295,High Volatility,1.0,0.0,unavailable_no_point_in_time_source,False,10769.61,10769.609375,2026-02-27,11141.8173828125,3.4561,1,2026-03-04,9987.326171875,-7.2638,0.0,2026-03-06,10358.0390625,-3.8216,0.0,2026-03-13,8957.8994140625,-16.8224,0.0,1,1,1,1,1,1,3.4561,1,0.0,0.0,0.0,0.0,0.0,-7.2638,0.0,0.0,0.0,0.0,0.0,0.0,-3.8216,0.0,0.0,0.0,0.0,0.0,0.0,-16.8224,0.0,50-55,50-55
APOLLOHOSP.NS|2026-02-26|ensemble_lr0.20_rf0.30_xgb0.50,APOLLOHOSP.NS,2026-02-26,ensemble_lr0.20_rf0.30_xgb0.50,2025-02-27,2026-02-26,2026-02-23,2025-03-27,2026-02-25,2026-02-26,227,2026-02-26,False,0,0.49275362318840576,0.30343278703734233,0.3,0.4174729585647583,0.35942303668984765,0,64.06,0.35942303668984765,0,64.06,BUY,0.6381,0.2762,Bullish,1.0,0.0,unavailable_no_point_in_time_source,False,7765.96,7765.95947265625,2026-02-27,7812.4052734375,0.5981,1,2026-03-04,7657.08642578125,-1.4019,0.0,2026-03-06,7715.51806640625,-0.6495,0.0,2026-03-13,7541.22119140625,-2.8939,0.0,0,0,0,0,0,1,0.5981,1,1.0,1.0,1.0,1.0,0.0,-1.4019,0.0,1.0,1.0,1.0,1.0,0.0,-0.6495,0.0,1.0,1.0,1.0,1.0,0.0,-2.8939,0.0,60-65,60-65
APOLLOTYRE.NS|2026-02-26|ensemble_lr0.20_rf0.30_xgb0.50,APOLLOTYRE.NS,2026-02-26,ensemble_lr0.20_rf0.30_xgb0.50,2025-02-27,2026-02-26,2026-02-23,2025-03-27,2026-02-25,2026-02-26,227,2026-02-26,False,0,0.41304347826086957,0.46224665098410167,0.6,0.5208580493927002,0.5328783548931704,1,53.29,0.5328783548931704,1,53.29,HOLD,0.4662,-0.0677,Sideways,-0.5,0.0,unavailable_no_point_in_time_source,False,458.23,458.2294616699219,2026-02-27,451.4681091308594,-1.4755,0,2026-03-04,428.84747314453125,-6.4121,0.0,2026-03-06,437.2494201660156,-4.5785,0.0,2026-03-13,398.02374267578125,-13.1388,0.0,0,0,0,1,1,1,-1.4757,1,0.0,0.0,1.0,1.0,0.0,-6.4122,0.0,0.0,0.0,1.0,1.0,0.0,-4.5786,0.0,0.0,0.0,1.0,1.0,0.0,-13.1389,0.0,50-55,50-55
ASHOKLEY.NS|2026-02-26|ensemble_lr0.20_rf0.30_xgb0.50,ASHOKLEY.NS,2026-02-26,ensemble_lr0.20_rf0.30_xgb0.50,2025-02-27,2026-02-26,2026-02-23,2025-03-27,2026-02-25,2026-02-26,227,2026-02-26,False,1,0.6521739130434783,0.6855659010445547,0.74,0.4872625172138214,0.6027444388158216,1,60.27,0.6027444388158216,1,60.27,BUY,0.7125,0.4249,Bullish,0.665,0.0,unavailable_no_point_in_time_source,True,208.37,208.36549377441406,2026-02-27,207.5592498779297,-0.3869,0,2026-03-04,197.09771728515625,-5.4077,0.0,2026-03-06,191.4048309326172,-8.1399,0.0,2026-03-13,167.78770446777344,-19.4743,0.0,1,0,0,0,0,0,-0.3891,0,0.0,0.0,0.0,0.0,0.0,-5.4097,0.0,0.0,0.0,0.0,0.0,0.0,-8.1418,0.0,0.0,0.0,0.0,0.0,0.0,-19.4761,0.0,60-65,60-65
ASIANPAINT.NS|2026-02-26|ensemble_lr0.20_rf0.30_xgb0.50,ASIANPAINT.NS,2026-02-26,ensemble_lr0.20_rf0.30_xgb0.50,2025-02-27,2026-02-26,2026-02-23,2025-03-27,2026-02-25,2026-02-26,227,2026-02-26,False,0,0.5434782608695652,0.3605145204431817,0.58,0.48050883412361145,0.48635732115044206,0,51.36,0.48635732115044206,0,51.36,SELL,0.3448,-0.3105,Bearish,-0.33,0.0,unavailable_no_point_in_time_source,False,2374.3,2374.300537109375,2026-02-27,2355.761474609375,-0.7808,0,2026-03-04,2265.544189453125,-4.5806,0.0,2026-03-06,2259.89306640625,-4.8186,0.0,2026-03-13,2177.904541015625,-8.2717,0.0,0,1,1,1,1,1,-0.7808,1,1.0,1.0,1.0,1.0,1.0,-4.5805,1.0,1.0,1.0,1.0,1.0,1.0,-4.8186,1.0,1.0,1.0,1.0,1.0,1.0,-8.2717,1.0,50-55,50-55
ASTRAL.NS|2026-02-26|ensemble_lr0.20_rf0.30_xgb0.50,ASTRAL.NS,2026-02-26,ensemble_lr0.20_rf0.30_xgb0.50,2025-02-27,2026-02-26,2026-02-23,2025-03-27,2026-02-25,2026-02-26,227,2026-02-26,False,1,0.44202898550724634,0.6568484632121673,0.7,0.4666571319103241,0.5746982585975955,1,57.47,0.5746982585975955,1,57.47,STRONG BUY,0.7515,0.503,Bullish,0.835,0.0,unavailable_no_point_in_time_source,False,1681.56,1681.55517578125,2026-02-27,1665.2808837890625,-0.9678,0,2026-03-04,1644.3138427734375,-2.2147,0.0,2026-03-06,1686.54736328125,0.2969,1.0,2026-03-13,1609.2689208984375,-4.2988,0.0,1,0,0,0,0,0,-0.9681,0,0.0,0.0,0.0,0.0,0.0,-2.215,0.0,1.0,1.0,1.0,1.0,1.0,0.2966,1.0,0.0,0.0,0.0,0.0,0.0,-4.299,0.0,55-60,55-60
AUBANK.NS|2026-02-26|ensemble_lr0.20_rf0.30_xgb0.50,AUBANK.NS,2026-02-26,ensemble_lr0.20_rf0.30_xgb0.50,2025-02-27,2026-02-26,2026-02-23,2025-03-27,2026-02-25,2026-02-26,227,2026-02-26,False,1,0.4710144927536232,0.4547844097818293,0.32,0.4729028344154358,0.42340829916408373,0,57.66,0.42340829916408373,0,57.66,HOLD,0.4711,-0.0579,Sideways,0.0,0.0,unavailable_no_point_in_time_source,True,971.76,971.7562866210938,2026-02-27,957.4202270507812,-1.4753,0,2026-03-04,945.1820678710938,-2.7347,0.0,2026-03-06,963.3145141601562,-0.8687,0.0,2026-03-13,883.4920043945312,-9.083,0.0,0,1,1,0,1,1,-1.4756,1,1.0,1.0,0.0,1.0,1.0,-2.735,1.0,1.0,1.0,0.0,1.0,1.0,-0.8691,1.0,1.0,1.0,0.0,1.0,0.0,-9.0833,0.0,55-60,55-60
AXISBANK.NS|2026-02-26|ensemble_lr0.20_rf0.30_xgb0.50,AXISBANK.NS,2026-02-26,ensemble_lr0.20_rf0.30_xgb0.50,2025-02-27,2026-02-26,2026-02-23,2025-03-27,2026-02-25,2026-02-26,227,2026-02-26,False,0,0.5579710144927537,0.5160830945092156,0.5,0.3937390148639679,0.45008612633382705,0,54.99,0.45008612633382705,0,54.99,HOLD,0.577,0.154,Sideways,1.0,0.0,unavailable_no_point_in_time_source,False,1394.42,1394.424560546875,2026-02-27,1382.83349609375,-0.8312,0,2026-03-04,1350.2586669921875,-3.1673,0.0,2026-03-06,1314.7860107421875,-5.7112,0.0,2026-03-13,1196.3773193359375,-14.2028,0.0,0,1,1,1,1,1,-0.8309,1,1.0,1.0,1.0,1.0,0.0,-3.167,0.0,1.0,1.0,1.0,1.0,0.0,-5.7109,0.0,1.0,1.0,1.0,1.0,0.0,-14.2025,0.0,50-55,50-55
BAJAJ-AUTO.NS|2026-02-26|ensemble_lr0.20_rf0.30_xgb0.50,BAJAJ-AUTO.NS,2026-02-26,ensemble_lr0.20_rf0.30_xgb0.50,2025-02-27,2026-02-26,2026-02-23,2025-03-27,2026-02-25,2026-02-26,227,2026-02-26,False,1,0.463768115942029,0.5944396408460926,0.44,0.5922290086746216,0.5470024325065292,1,54.7,0.5470024325065292,1,54.7,BUY,0.6729,0.3458,Sideways,1.0,0.0,unavailable_no_point_in_time_source,False,9969.69,9969.693359375,2026-02-27,9834.1015625,-1.36,0,2026-03-04,9518.54296875,-4.5252,0.0,2026-03-06,9679.7734375,-2.908,0.0,2026-03-13,8751.8330078125,-12.2156,0.0,1,0,0,0,0,0,-1.36,0,0.0,0.0,0.0,0.0,0.0,-4.5252,0.0,0.0,0.0,0.0,0.0,0.0,-2.908,0.0,0.0,0.0,0.0,0.0,0.0,-12.2156,0.0,50-55,50-55
BAJAJFINSV.NS|2026-02-26|ensemble_lr0.20_rf0.30_xgb0.50,BAJAJFINSV.NS,2026-02-26,ensemble_lr0.20_rf0.30_xgb0.50,2025-02-27,2026-02-26,2026-02-23,2025-03-27,2026-02-25,2026-02-26,227,2026-02-26,False,0,0.47826086956521746,0.36724736391684204,0.4,0.7061551213264465,0.5465270334465917,1,54.65,0.5465270334465917,1,54.65,BUY,0.6103,0.2205,Sideways,0.165,0.0,unavailable_no_point_in_time_source,False,2039.56,2039.5596923828125,2026-02-27,1991.700439453125,-2.3465,0,2026-03-04,1887.689208984375,-7.4462,0.0,2026-03-06,1867.306640625,-8.4456,0.0,2026-03-13,1736.5181884765625,-14.8582,0.0,0,0,0,1,1,0,-2.3466,0,0.0,0.0,1.0,1.0,0.0,-7.4463,0.0,0.0,0.0,1.0,1.0,0.0,-8.4456,0.0,0.0,0.0,1.0,1.0,0.0,-14.8582,0.0,50-55,50-55
BAJFINANCE.NS|2026-02-26|ensemble_lr0.20_rf0.30_xgb0.50,BAJFINANCE.NS,2026-02-26,ensemble_lr0.20_rf0.30_xgb0.50,2025-02-27,2026-02-26,2026-02-23,2025-03-27,2026-02-25,2026-02-26,227,2026-02-26,False,1,0.4202898550724638,0.5812166228440478,0.32,0.2935486137866974,0.35901763146215826,0,64.1,0.35901763146215826,0,64.1,BUY,0.5914,0.1829,Bullish,0.335,0.0,unavailable_no_point_in_time_source,False,1006.76,1006.76123046875,2026-02-27,989.8154296875,-1.6832,0,2026-03-04,939.3257446289062,-6.6983,0.0,2026-03-06,944.3945922851562,-6.1948,0.0,2026-03-13,849.825927734375,-15.5881,0.0,0,1,1,0,1,0,-1.6831,0,1.0,1.0,0.0,1.0,0.0,-6.6981,0.0,1.0,1.0,0.0,1.0,0.0,-6.1947,0.0,1.0,1.0,0.0,1.0,0.0,-15.588,0.0,60-65,60-65
BEL.NS|2026-02-26|ensemble_lr0.20_rf0.30_xgb0.50,BEL.NS,2026-02-26,ensemble_lr0.20_rf0.30_xgb0.50,2025-02-27,2026-02-26,2026-02-23,2025-03-27,2026-02-25,2026-02-26,227,2026-02-26,False,0,0.572463768115942,0.3653733319549048,0.44,0.4926411509513855,0.45139524186667374,0,54.86,0.45139524186667374,0,54.86,HOLD,0.5219,0.0438,Sideways,0.665,0.0,unavailable_no_point_in_time_source,False,446.54,446.5401916503906,2026-02-27,442.21453857421875,-0.9687,0,2026-03-04,444.3525085449219,-0.4899,0.0,2026-03-06,467.81494140625,4.7644,1.0,2026-03-13,438.8042907714844,-1.7324,0.0,1,1,1,1,0,1,-0.9687,1,1.0,1.0,1.0,0.0,1.0,-0.4899,1.0,0.0,0.0,0.0,1.0,0.0,4.7644,0.0,1.0,1.0,1.0,0.0,1.0,-1.7324,1.0,50-55,50-55
BPCL.NS|2026-02-26|ensemble_lr0.20_rf0.30_xgb0.50,BPCL.NS,2026-02-26,ensemble_lr0.20_rf0.30_xgb0.50,2025-02-27,2026-02-26,2026-02-23,2025-03-27,2026-02-25,2026-02-26,227,2026-02-26,False,0,0.43478260869565216,0.5128045941212414,0.44,0.37137335538864136,0.42024759651856897,0,57.98,0.42024759651856897,0,57.98,HOLD,0.5658,0.1317,Sideways,0.665,0.0,unavailable_no_point_in_time_source,True,386.0,386.0,2026-02-27,385.3999938964844,-0.1554,0,2026-03-04,356.3999938964844,-7.6684,0.0,2026-03-06,352.75,-8.614,0.0,2026-03-13,319.29998779296875,-17.2798,0.0,1,1,1,1,0,1,-0.1554,1,1.0,1.0,1.0,0.0,0.0,-7.6684,0.0,1.0,1.0,1.0,0.0,0.0,-8.614,0.0,1.0,1.0,1.0,0.0,0.0,-17.2798,0.0,55-60,55-60
AARTIIND.NS|2026-03-06|ensemble_lr0.20_rf0.30_xgb0.50,AARTIIND.NS,2026-03-06,ensemble_lr0.20_rf0.30_xgb0.50,2025-03-07,2026-03-06,2026-03-02,2025-04-07,2026-03-05,2026-03-06,226,2026-03-06,False,0,0.49999999999999994,0.8013189861771352,0.46,0.5560489892959595,0.5762882918834068,1,57.63,0.5762882918834068,1,57.63,BUY,0.5912,0.1823,High Volatility,0.0,0.0,unavailable_no_point_in_time_source,True,418.52,418.5180358886719,2026-03-09,408.4380798339844,-2.4085,0,2026-03-11,429.2966003417969,2.5754,1.0,2026-03-13,419.9152526855469,0.3338,1.0,2026-03-20,426.5021667480469,1.9077,1.0,0,0,0,1,1,0,-2.4089,0,1.0,1.0,0.0,0.0,1.0,2.5749,1.0,1.0,1.0,0.0,0.0,1.0,0.3334,1.0,1.0,1.0,0.0,0.0,1.0,1.9072,1.0,55-60,55-60
AAVAS.NS|2026-03-06|ensemble_lr0.20_rf0.30_xgb0.50,AAVAS.NS,2026-03-06,ensemble_lr0.20_rf0.30_xgb0.50,2025-03-07,2026-03-06,2026-03-02,2025-04-07,2026-03-05,2026-03-06,226,2026-03-06,False,0,0.6014492753623188,0.2852107760873475,0.66,0.5770547389984131,0.5435695247166761,1,54.36,0.5435695247166761,1,54.36,HOLD,0.4605,-0.0789,High Volatility,-1.0,0.0,unavailable_no_point_in_time_source,False,1227.9,1227.9000244140625,2026-03-09,1199.5999755859375,-2.3048,0,2026-03-11,1211.800048828125,-1.3112,0.0,2026-03-13,1169.800048828125,-4.7317,0.0,2026-03-20,1098.0999755859375,-10.5709,0.0,1,0,0,1,0,1,-2.3047,1,0.0,0.0,1.0,0.0,1.0,-1.3112,1.0,0.0,0.0,1.0,0.0,0.0,-4.7317,0.0,0.0,0.0,1.0,0.0,0.0,-10.5709,0.0,50-55,50-55
ABCAPITAL.NS|2026-03-06|ensemble_lr0.20_rf0.30_xgb0.50,ABCAPITAL.NS,2026-03-06,ensemble_lr0.20_rf0.30_xgb0.50,2025-03-07,2026-03-06,2026-03-02,2025-04-07,2026-03-05,2026-03-06,226,2026-03-06,False,1,0.5289855072463768,0.6437933370106518,0.34,0.6985516548156738,0.5800344948099673,1,58.0,0.5800344948099673,1,58.0,HOLD,0.4989,-0.0022,High Volatility,-0.335,0.0,unavailable_no_point_in_time_source,True,326.55,326.54998779296875,2026-03-09,324.29998779296875,-0.689,0,2026-03-11,323.79998779296875,-0.8421,0.0,2026-03-13,310.75,-4.8385,0.0,2026-03-20,311.25,-4.6853,0.0,0,0,0,0,1,1,-0.689,1,0.0,0.0,0.0,1.0,1.0,-0.8421,1.0,0.0,0.0,0.0,1.0,0.0,-4.8385,0.0,0.0,0.0,0.0,1.0,0.0,-4.6853,0.0,55-60,55-60
ABFRL.NS|2026-03-06|ensemble_lr0.20_rf0.30_xgb0.50,ABFRL.NS,2026-03-06,ensemble_lr0.20_rf0.30_xgb0.50,2025-03-07,2026-03-06,2026-03-02,2025-04-07,2026-03-05,2026-03-06,226,2026-03-06,False,0,0.39855072463768115,0.4731177397929246,0.64,0.6403817534446716,0.6068144246809207,1,60.68,0.6068144246809207,1,60.68,HOLD,0.4451,-0.1098,High Volatility,-0.665,0.0,unavailable_no_point_in_time_source,True,62.42,62.41999816894531,2026-03-09,60.58000183105469,-2.9478,0,2026-03-11,61.7400016784668,-1.0894,0.0,2026-03-13,59.279998779296875,-5.0304,0.0,2026-03-20,59.97999954223633,-3.909,0.0,0,0,0,1,1,1,-2.9478,1,0.0,0.0,1.0,1.0,1.0,-1.0894,1.0,0.0,0.0,1.0,1.0,0.0,-5.0304,0.0,0.0,0.0,1.0,1.0,0.0,-3.909,0.0,60-65,60-65
ACC.NS|2026-03-06|ensemble_lr0.20_rf0.30_xgb0.50,ACC.NS,2026-03-06,ensemble_lr0.20_rf0.30_xgb0.50,2025-03-07,2026-03-06,2026-03-02,2025-04-07,2026-03-05,2026-03-06,226,2026-03-06,False,0,0.44202898550724634,0.16620673624533747,0.2,0.1616651862859726,0.1740739403920538,0,82.59,0.1740739403920538,0,82.59,STRONG SELL,0.2751,-0.4498,Bearish,-1.0,0.0,unavailable_no_point_in_time_source,False,1492.56,1492.563720703125,2026-03-09,1442.155517578125,-3.3773,0,2026-03-11,1448.0216064453125,-2.9843,0.0,2026-03-13,1368.4818115234375,-8.3133,0.0,2026-03-20,1373.4530029296875,-7.9803,0.0,0,1,1,1,1,1,-3.377,1,1.0,1.0,1.0,1.0,1.0,-2.984,1.0,1.0,1.0,1.0,1.0,1.0,-8.3131,1.0,1.0,1.0,1.0,1.0,1.0,-7.98,1.0,80-85,80-85
ADANIENT.NS|2026-03-06|ensemble_lr0.20_rf0.30_xgb0.50,ADANIENT.NS,2026-03-06,ensemble_lr0.20_rf0.30_xgb0.50,2025-03-07,2026-03-06,2026-03-02,2025-04-07,2026-03-05,2026-03-06,226,2026-03-06,False,0,0.5507246376811594,0.5303533118050108,0.6,0.6227462887763977,0.597443806749201,1,59.74,0.597443806749201,1,59.74,HOLD,0.4745,-0.0509,High Volatility,-0.835,0.0,unavailable_no_point_in_time_source,True,2038.99,2038.9884033203125,2026-03-09,1998.3065185546875,-1.9952,0,2026-03-11,1973.8173828125,-3.1962,0.0,2026-03-13,1960.2235107421875,-3.8629,0.0,2026-03-20,1926.23876953125,-5.5297,0.0,0,0,0,1,1,1,-1.9953,1,0.0,0.0,1.0,1.0,0.0,-3.1963,0.0,0.0,0.0,1.0,1.0,0.0,-3.863,0.0,0.0,0.0,1.0,1.0,0.0,-5.5298,0.0,55-60,55-60
ADANIPORTS.NS|2026-03-06|ensemble_lr0.20_rf0.30_xgb0.50,ADANIPORTS.NS,2026-03-06,ensemble_lr0.20_rf0.30_xgb0.50,2025-03-07,2026-03-06,2026-03-02,2025-04-07,2026-03-05,2026-03-06,226,2026-03-06,False,0,0.5289855072463768,0.7288103180544292,0.46,0.1804199069738388,0.37397201709780525,0,62.6,0.37397201709780525,0,62.6,HOLD,0.4607,-0.0786,High Volatility,-0.165,0.0,unavailable_no_point_in_time_source,True,1471.3,1471.29931640625,2026-03-09,1415.335205078125,-3.8037,0,2026-03-11,1404.8792724609375,-4.5144,0.0,2026-03-13,1357.4788818359375,-7.736,0.0,2026-03-20,1359.6697998046875,-7.5871,0.0,0,1,1,1,1,0,-3.8038,0,1.0,1.0,1.0,1.0,0.0,-4.5144,0.0,1.0,1.0,1.0,1.0,0.0,-7.7361,0.0,1.0,1.0,1.0,1.0,0.0,-7.5872,0.0,60-65,60-65
AETHER.NS|2026-03-06|ensemble_lr0.20_rf0.30_xgb0.50,AETHER.NS,2026-03-06,ensemble_lr0.20_rf0.30_xgb0.50,2025-03-07,2026-03-06,2026-03-02,2025-04-07,2026-03-05,2026-03-06,226,2026-03-06,False,0,0.4855072463768116,0.7074513036421467,0.72,0.7381280064582825,0.7265542639575706,1,72.66,0.7265542639575706,1,72.66,BUY,0.6342,0.2684,High Volatility,0.5,0.0,unavailable_no_point_in_time_source,False,1011.95,1011.9500122070312,2026-03-09,986.6500244140625,-2.5001,0,2026-03-11,1015.5,0.3508,1.0,2026-03-13,1000.4500122070312,-1.1364,0.0,2026-03-20,1155.550048828125,14.1904,1.0,1,0,0,1,0,0,-2.5001,0,1.0,1.0,0.0,1.0,1.0,0.3508,1.0,0.0,0.0,1.0,0.0,0.0,-1.1364,0.0,1.0,1.0,0.0,1.0,1.0,14.1904,1.0,70-75,70-75
AIAENG.NS|2026-03-06|ensemble_lr0.20_rf0.30_xgb0.50,AIAENG.NS,2026-03-06,ensemble_lr0.20_rf0.30_xgb0.50,2025-03-07,2026-03-06,2026-03-02,2025-04-07,2026-03-05,2026-03-06,226,2026-03-06,False,1,0.49275362318840576,0.5027806550870809,0.62,0.5583098530769348,0.5657110575558836,1,56.57,0.5657110575558836,1,56.57,HOLD,0.5034,0.0068,High Volatility,-0.335,0.0,unavailable_no_point_in_time_source,False,3660.74,3660.7392578125,2026-03-09,3587.016357421875,-2.0139,0,2026-03-11,3729.082275390625,1.8669,1.0,2026-03-13,3651.57373046875,-0.2504,0.0,2026-03-20,3396.831298828125,-7.2091,0.0,1,0,0,0,0,1,-2.0139,1,1.0,1.0,1.0,1.0,1.0,1.8669,1.0,0.0,0.0,0.0,0.0,1.0,-0.2504,1.0,0.0,0.0,0.0,0.0,0.0,-7.2092,0.0,55-60,55-60
AJANTPHARM.NS|2026-03-06|ensemble_lr0.20_rf0.30_xgb0.50,AJANTPHARM.NS,2026-03-06,ensemble_lr0.20_rf0.30_xgb0.50,2025-03-07,2026-03-06,2026-03-02,2025-04-07,2026-03-05,2026-03-06,226,2026-03-06,False,0,0.48550724637681153,0.607234105153618,0.8,0.7072240114212036,0.7150588267413254,1,71.51,0.7150588267413254,1,71.51,BUY,0.7012,0.4023,Bullish,0.665,0.0,unavailable_no_point_in_time_source,False,2964.84,2964.83935546875,2026-03-09,2909.744140625,-1.8583,0,2026-03-11,3020.529296875,1.8783,1.0,2026-03-13,3003.089111328125,1.2901,1.0,2026-03-20,2878.331787109375,-2.9178,0.0,1,0,0,1,0,0,-1.8583,0,1.0,1.0,0.0,1.0,1.0,1.8783,1.0,1.0,1.0,0.0,1.0,1.0,1.2901,1.0,0.0,0.0,1.0,0.0,0.0,-2.9178,0.0,70-75,70-75
ALEMBICLTD.NS|2026-03-06|ensemble_lr0.20_rf0.30_xgb0.50,ALEMBICLTD.NS,2026-03-06,ensemble_lr0.20_rf0.30_xgb0.50,2025-03-07,2026-03-06,2026-03-02,2025-04-07,2026-03-05,2026-03-06,226,2026-03-06,False,0,0.40579710144927533,0.6488092301798786,0.52,0.7257142663002014,0.6486189791860764,1,64.86,0.6486189791860764,1,64.86,HOLD,0.4265,-0.1471,High Volatility,-1.0,0.0,unavailable_no_point_in_time_source,False,84.87,84.86833953857422,2026-03-09,83.1544189453125,-2.0195,0,2026-03-11,82.57012176513672,-2.708,0.0,2026-03-13,78.63589477539062,-7.3437,0.0,2026-03-20,77.80815124511719,-8.319,0.0,0,0,0,1,1,1,-2.0214,1,0.0,0.0,1.0,1.0,1.0,-2.7099,1.0,0.0,0.0,1.0,1.0,0.0,-7.3455,0.0,0.0,0.0,1.0,1.0,0.0,-8.3208,0.0,60-65,60-65
ALKEM.NS|2026-03-06|ensemble_lr0.20_rf0.30_xgb0.50,ALKEM.NS,2026-03-06,ensemble_lr0.20_rf0.30_xgb0.50,2025-03-07,2026-03-06,2026-03-02,2025-04-07,2026-03-05,2026-03-06,226,2026-03-06,False,1,0.5507246376811594,0.3518231480571267,0.5,0.4334469437599182,0.43708810149138444,0,56.29,0.43708810149138444,0,56.29,HOLD,0.4414,-0.1172,Sideways,0.165,0.0,unavailable_no_point_in_time_source,False,5520.12,5520.12060546875,2026-03-09,5450.24560546875,-1.2658,0,2026-03-11,5534.5947265625,0.2622,1.0,2026-03-13,5345.93212890625,-3.1555,0.0,2026-03-20,5248.107421875,-4.9277,0.0,0,1,1,0,1,1,-1.2658,1,0.0,0.0,1.0,0.0,1.0,0.2622,1.0,1.0,1.0,0.0,1.0,0.0,-3.1555,0.0,1.0,1.0,0.0,1.0,0.0,-4.9277,0.0,55-60,55-60
AMBER.NS|2026-03-06|ensemble_lr0.20_rf0.30_xgb0.50,AMBER.NS,2026-03-06,ensemble_lr0.20_rf0.30_xgb0.50,2025-03-07,2026-03-06,2026-03-02,2025-04-07,2026-03-05,2026-03-06,226,2026-03-06,False,1,0.40579710144927533,0.2977868949354019,0.52,0.4423172175884247,0.4367159877812927,0,56.33,0.4367159877812927,0,56.33,HOLD,0.5573,0.1146,High Volatility,0.5,0.0,unavailable_no_point_in_time_source,False,7872.5,7872.5,2026-03-09,7310.5,-7.1388,0,2026-03-11,7308.0,-7.1705,0.0,2026-03-13,6446.0,-18.12,0.0,2026-03-20,6654.5,-15.4716,0.0,1,1,1,0,0,0,-7.1388,0,1.0,1.0,0.0,0.0,0.0,-7.1705,0.0,1.0,1.0,0.0,0.0,0.0,-18.12,0.0,1.0,1.0,0.0,0.0,0.0,-15.4716,0.0,55-60,55-60
ANGELONE.NS|2026-03-06|ensemble_lr0.20_rf0.30_xgb0.50,ANGELONE.NS,2026-03-06,ensemble_lr0.20_rf0.30_xgb0.50,2025-03-07,2026-03-06,2026-03-02,2025-04-07,2026-03-05,2026-03-06,226,2026-03-06,False,1,0.5072463768115941,0.8098869527041671,0.54,0.6628251671791077,0.6553899741303872,1,65.54,0.6553899741303872,1,65.54,HOLD,0.4593,-0.0814,High Volatility,-0.665,0.0,unavailable_no_point_in_time_source,True,217.3,217.29806518554688,2026-03-09,216.70425415039062,-0.2733,0,2026-03-11,216.2786865234375,-0.4691,0.0,2026-03-13,213.35906982421875,-1.8127,0.0,2026-03-20,228.9369354248047,5.3562,1.0,0,0,0,0,1,1,-0.2742,1,0.0,0.0,0.0,1.0,1.0,-0.47,1.0,0.0,0.0,0.0,1.0,1.0,-1.8136,1.0,1.0,1.0,1.0,0.0,0.0,5.3552,0.0,65-70,65-70
APARINDS.NS|2026-03-06|ensemble_lr0.20_rf0.30_xgb0.50,APARINDS.NS,2026-03-06,ensemble_lr0.20_rf0.30_xgb0.50,2025-03-07,2026-03-06,2026-03-02,2025-04-07,2026-03-05,2026-03-06,226,2026-03-06,False,1,0.4710144927536232,0.5632124702125189,0.54,0.2302955687046051,0.38979027839480634,0,61.02,0.38979027839480634,0,61.02,HOLD,0.5376,0.0753,High Volatility,0.5,0.0,unavailable_no_point_in_time_source,False,10358.04,10358.0390625,2026-03-09,10106.91015625,-2.4245,0,2026-03-11,9227.9619140625,-10.9101,0.0,2026-03-13,8957.8994140625,-13.5174,0.0,2026-03-20,9639.533203125,-6.9367,0.0,0,1,1,0,1,1,-2.4245,1,1.0,1.0,0.0,1.0,0.0,-10.9102,0.0,1.0,1.0,0.0,1.0,0.0,-13.5174,0.0,1.0,1.0,0.0,1.0,0.0,-6.9367,0.0,60-65,60-65
APOLLOHOSP.NS|2026-03-06|ensemble_lr0.20_rf0.30_xgb0.50,APOLLOHOSP.NS,2026-03-06,ensemble_lr0.20_rf0.30_xgb0.50,2025-03-07,2026-03-06,2026-03-02,2025-04-07,2026-03-05,2026-03-06,226,2026-03-06,False,0,0.4710144927536231,0.20784231000741255,0.38,0.389754056930542,0.3504454904667535,0,64.96,0.3504454904667535,0,64.96,HOLD,0.5773,0.1545,Bullish,0.5,0.0,unavailable_no_point_in_time_source,False,7715.52,7715.51806640625,2026-03-09,7769.95458984375,0.7055,1,2026-03-11,7675.0654296875,-0.5243,0.0,2026-03-13,7541.22119140625,-2.259,0.0,2026-03-20,7355.93701171875,-4.6605,0.0,0,0,0,0,0,1,0.7055,1,1.0,1.0,1.0,1.0,1.0,-0.5243,1.0,1.0,1.0,1.0,1.0,1.0,-2.2591,1.0,1.0,1.0,1.0,1.0,0.0,-4.6605,0.0,60-65,60-65
APOLLOTYRE.NS|2026-03-06|ensemble_lr0.20_rf0.30_xgb0.50,APOLLOTYRE.NS,2026-03-06,ensemble_lr0.20_rf0.30_xgb0.50,2025-03-07,2026-03-06,2026-03-02,2025-04-07,2026-03-05,2026-03-06,226,2026-03-06,False,0,0.5289855072463768,0.3689660905091724,0.34,0.3702787756919861,0.3609326059478275,0,63.91,0.3609326059478275,0,63.91,SELL,0.3238,-0.3525,High Volatility,-0.835,0.0,unavailable_no_point_in_time_source,True,437.25,437.2494201660156,2026-03-09,428.1514587402344,-2.0807,0,2026-03-11,431.78070068359375,-1.2507,0.0,2026-03-13,398.02374267578125,-8.971,0.0,2026-03-20,418.4569091796875,-4.2979,0.0,0,1,1,1,1,1,-2.0809,1,1.0,1.0,1.0,1.0,1.0,-1.2508,1.0,1.0,1.0,1.0,1.0,1.0,-8.9711,1.0,1.0,1.0,1.0,1.0,1.0,-4.298,1.0,60-65,60-65
ASHOKLEY.NS|2026-03-06|ensemble_lr0.20_rf0.30_xgb0.50,ASHOKLEY.NS,2026-03-06,ensemble_lr0.20_rf0.30_xgb0.50,2025-03-07,2026-03-06,2026-03-02,2025-04-07,2026-03-05,2026-03-06,226,2026-03-06,False,1,0.6014492753623188,0.9535836406057514,0.78,0.9173808693885803,0.8834071628154404,1,88.34,0.8834071628154404,1,88.34,BUY,0.6334,0.2668,High Volatility,0.5,0.0,unavailable_no_point_in_time_source,True,191.4,191.4048309326172,2026-03-09,183.8044891357422,-3.9708,0,2026-03-11,181.56272888183594,-5.142,0.0,2026-03-13,167.78770446777344,-12.3388,0.0,2026-03-20,166.05723571777344,-13.2429,0.0,0,0,0,0,1,0,-3.9684,0,0.0,0.0,0.0,1.0,0.0,-5.1396,0.0,0.0,0.0,0.0,1.0,0.0,-12.3366,0.0,0.0,0.0,0.0,1.0,0.0,-13.2407,0.0,85-90,85-90
ASIANPAINT.NS|2026-03-06|ensemble_lr0.20_rf0.30_xgb0.50,ASIANPAINT.NS,2026-03-06,ensemble_lr0.20_rf0.30_xgb0.50,2025-03-07,2026-03-06,2026-03-02,2025-04-07,2026-03-05,2026-03-06,226,2026-03-06,False,0,0.4202898550724638,0.34679458849267447,0.48,0.5645702481269836,0.4956440417620267,0,50.44,0.4956440417620267,0,50.44,SELL,0.3212,-0.3576,Bearish,-0.835,0.0,unavailable_no_point_in_time_source,False,2259.89,2259.89306640625,2026-03-09,2201.6982421875,-2.5751,0,2026-03-11,2212.8017578125,-2.0838,0.0,2026-03-13,2177.904541015625,-3.628,0.0,2026-03-20,2176.516357421875,-3.6894,0.0,0,1,1,1,1,1,-2.575,1,1.0,1.0,1.0,1.0,1.0,-2.0837,1.0,1.0,1.0,1.0,1.0,1.0,-3.6279,1.0,1.0,1.0,1.0,1.0,1.0,-3.6893,1.0,50-55,50-55
ASTRAL.NS|2026-03-06|ensemble_lr0.20_rf0.30_xgb0.50,ASTRAL.NS,2026-03-06,ensemble_lr0.20_rf0.30_xgb0.50,2025-03-07,2026-03-06,2026-03-02,2025-04-07,2026-03-05,2026-03-06,226,2026-03-06,False,1,0.41304347826086957,0.6383056532857313,0.56,0.49915966391563416,0.5452409626149634,1,54.52,0.5452409626149634,1,54.52,STRONG BUY,0.7203,0.4407,Bullish,0.5,0.0,unavailable_no_point_in_time_source,False,1686.55,1686.54736328125,2026-03-09,1603.378173828125,-4.9313,0,2026-03-11,1743.5577392578125,3.3803,1.0,2026-03-13,1609.2689208984375,-4.582,0.0,2026-03-20,1629.237548828125,-3.3981,0.0,1,0,0,0,0,0,-4.9315,0,1.0,1.0,1.0,1.0,1.0,3.3801,1.0,0.0,0.0,0.0,0.0,0.0,-4.5822,0.0,0.0,0.0,0.0,0.0,0.0,-3.3982,0.0,50-55,50-55
AUBANK.NS|2026-03-06|ensemble_lr0.20_rf0.30_xgb0.50,AUBANK.NS,2026-03-06,ensemble_lr0.20_rf0.30_xgb0.50,2025-03-07,2026-03-06,2026-03-02,2025-04-07,2026-03-05,2026-03-06,226,2026-03-06,False,1,0.5217391304347826,0.22415170336696688,0.54,0.7304254770278931,0.5720430791873399,1,57.2,0.5720430791873399,1,57.2,HOLD,0.5489,0.0978,High Volatility,-0.165,0.0,unavailable_no_point_in_time_source,True,963.31,963.3145141601562,2026-03-09,930.7461547851562,-3.3809,0,2026-03-11,917.509033203125,-4.755,0.0,2026-03-13,883.4920043945312,-8.2862,0.0,2026-03-20,900.6253662109375,-6.5077,0.0,0,0,0,0,1,0,-3.3804,0,0.0,0.0,0.0,1.0,0.0,-4.7545,0.0,0.0,0.0,0.0,1.0,0.0,-8.2858,0.0,0.0,0.0,0.0,1.0,0.0,-6.5072,0.0,55-60,55-60
AXISBANK.NS|2026-03-06|ensemble_lr0.20_rf0.30_xgb0.50,AXISBANK.NS,2026-03-06,ensemble_lr0.20_rf0.30_xgb0.50,2025-03-07,2026-03-06,2026-03-02,2025-04-07,2026-03-05,2026-03-06,226,2026-03-06,False,0,0.5869565217391304,0.6870211119126955,0.56,0.802044689655304,0.706426567210191,1,70.64,0.706426567210191,1,70.64,BUY,0.6111,0.2222,Sideways,0.335,0.0,unavailable_no_point_in_time_source,True,1314.79,1314.7860107421875,2026-03-09,1287.3072509765625,-2.09,0,2026-03-11,1254.832275390625,-4.56,0.0,2026-03-13,1196.3773193359375,-9.0059,0.0,2026-03-20,1202.9722900390625,-8.5043,0.0,0,0,0,1,1,0,-2.0903,0,0.0,0.0,1.0,1.0,0.0,-4.5603,0.0,0.0,0.0,1.0,1.0,0.0,-9.0062,0.0,0.0,0.0,1.0,1.0,0.0,-8.5046,0.0,70-75,70-75
BAJAJ-AUTO.NS|2026-03-06|ensemble_lr0.20_rf0.30_xgb0.50,BAJAJ-AUTO.NS,2026-03-06,ensemble_lr0.20_rf0.30_xgb0.50,2025-03-07,2026-03-06,2026-03-02,2025-04-07,2026-03-05,2026-03-06,226,2026-03-06,False,1,0.463768115942029,0.7306686362754334,0.58,0.6422548890113831,0.6412611717607782,1,64.13,0.6412611717607782,1,64.13,BUY,0.6287,0.2574,Sideways,0.5,0.0,unavailable_no_point_in_time_source,False,9679.77,9679.7734375,2026-03-09,9252.783203125,-4.4112,0,2026-03-11,9198.052734375,-4.9766,0.0,2026-03-13,8751.8330078125,-9.5864,0.0,2026-03-20,8925.390625,-7.7934,0.0,1,0,0,0,0,0,-4.4111,0,0.0,0.0,0.0,0.0,0.0,-4.9765,0.0,0.0,0.0,0.0,0.0,0.0,-9.5864,0.0,0.0,0.0,0.0,0.0,0.0,-7.7934,0.0,60-65,60-65
BAJAJFINSV.NS|2026-03-06|ensemble_lr0.20_rf0.30_xgb0.50,BAJAJFINSV.NS,2026-03-06,ensemble_lr0.20_rf0.30_xgb0.50,2025-03-07,2026-03-06,2026-03-02,2025-04-07,2026-03-05,2026-03-06,226,2026-03-06,False,0,0.5434782608695653,0.8158207878440363,0.76,0.7555252313613892,0.7689267732495019,1,76.89,0.7689267732495019,1,76.89,HOLD,0.5083,0.0166,Sideways,-0.665,0.0,unavailable_no_point_in_time_source,True,1867.31,1867.306640625,2026-03-09,1839.929931640625,-1.4661,0,2026-03-11,1793.7694091796875,-3.9381,0.0,2026-03-13,1736.5181884765625,-7.0041,0.0,2026-03-20,1708.8419189453125,-8.4863,0.0,0,0,0,1,1,1,-1.4663,1,0.0,0.0,1.0,1.0,0.0,-3.9383,0.0,0.0,0.0,1.0,1.0,0.0,-7.0043,0.0,0.0,0.0,1.0,1.0,0.0,-8.4864,0.0,75-80,75-80
BAJFINANCE.NS|2026-03-06|ensemble_lr0.20_rf0.30_xgb0.50,BAJFINANCE.NS,2026-03-06,ensemble_lr0.20_rf0.30_xgb0.50,2025-03-07,2026-03-06,2026-03-02,2025-04-07,2026-03-05,2026-03-06,226,2026-03-06,False,1,0.39855072463768115,0.5991933031928051,0.46,0.3849676251411438,0.45032247320913293,0,54.97,0.45032247320913293,0,54.97,SELL,0.3894,-0.2212,Bearish,-0.335,0.0,unavailable_no_point_in_time_source,False,944.39,944.3945922851562,2026-03-09,932.31884765625,-1.2787,0,2026-03-11,888.1901245117188,-5.9514,0.0,2026-03-13,849.825927734375,-10.0137,0.0,2026-03-20,825.4755859375,-12.5921,0.0,0,1,1,0,1,1,-1.2782,1,1.0,1.0,0.0,1.0,1.0,-5.9509,1.0,1.0,1.0,0.0,1.0,1.0,-10.0132,1.0,1.0,1.0,0.0,1.0,1.0,-12.5917,1.0,50-55,50-55
BEL.NS|2026-03-06|ensemble_lr0.20_rf0.30_xgb0.50,BEL.NS,2026-03-06,ensemble_lr0.20_rf0.30_xgb0.50,2025-03-07,2026-03-06,2026-03-02,2025-04-07,2026-03-05,2026-03-06,226,2026-03-06,False,1,0.5362318840579711,0.2515278106096514,0.6,0.28267401456832886,0.3716425694060947,0,62.84,0.3716425694060947,0,62.84,BUY,0.6718,0.3435,Bullish,1.0,0.0,unavailable_no_point_in_time_source,True,467.81,467.81494140625,2026-03-09,456.72998046875,-2.3695,0,2026-03-11,453.484375,-3.0633,0.0,2026-03-13,438.8042907714844,-6.2013,0.0,2026-03-20,425.5223388671875,-9.0405,0.0,1,1,1,0,0,0,-2.3685,0,1.0,1.0,0.0,0.0,0.0,-3.0623,0.0,1.0,1.0,0.0,0.0,0.0,-6.2003,0.0,1.0,1.0,0.0,0.0,0.0,-9.0395,0.0,60-65,60-65
BPCL.NS|2026-03-06|ensemble_lr0.20_rf0.30_xgb0.50,BPCL.NS,2026-03-06,ensemble_lr0.20_rf0.30_xgb0.50,2025-03-07,2026-03-06,2026-03-02,2025-04-07,2026-03-05,2026-03-06,226,2026-03-06,False,0,0.45652173913043476,0.6729130046511166,0.52,0.7124412655830383,0.6468032337217424,1,64.68,0.6468032337217424,1,64.68,HOLD,0.5715,0.143,Sideways,-0.165,0.0,unavailable_no_point_in_time_source,True,352.75,352.75,2026-03-09,331.1499938964844,-6.1233,0,2026-03-11,325.04998779296875,-7.8526,0.0,2026-03-13,319.29998779296875,-9.4826,0.0,2026-03-20,287.79998779296875,-18.4125,0.0,0,0,0,1,1,0,-6.1233,0,0.0,0.0,1.0,1.0,0.0,-7.8526,0.0,0.0,0.0,1.0,1.0,0.0,-9.4826,0.0,0.0,0.0,1.0,1.0,0.0,-18.4125,0.0,60-65,60-65
AARTIIND.NS|2026-03-13|ensemble_lr0.20_rf0.30_xgb0.50,AARTIIND.NS,2026-03-13,ensemble_lr0.20_rf0.30_xgb0.50,2025-03-17,2026-03-13,2026-03-09,2025-04-16,2026-03-12,2026-03-13,226,2026-03-13,False,0,0.5144927536231884,0.9607189395956566,0.48,0.43533509969711304,0.5538113377676879,1,55.38,0.5538113377676879,1,55.38,HOLD,0.5731,0.1463,High Volatility,0.0,0.0,unavailable_no_point_in_time_source,True,419.92,419.9152526855469,2026-03-16,424.3065185546875,1.0458,1,2026-03-18,432.0411376953125,2.8877,1.0,2026-03-20,426.5021667480469,1.5686,1.0,2026-03-30,398.25830078125,-5.1575,0.0,0,1,1,0,0,1,1.0446,1,1.0,1.0,0.0,0.0,1.0,2.8865,1.0,1.0,1.0,0.0,0.0,1.0,1.5675,1.0,0.0,0.0,1.0,1.0,0.0,-5.1585,0.0,55-60,55-60
AAVAS.NS|2026-03-13|ensemble_lr0.20_rf0.30_xgb0.50,AAVAS.NS,2026-03-13,ensemble_lr0.20_rf0.30_xgb0.50,2025-03-17,2026-03-13,2026-03-09,2025-04-16,2026-03-12,2026-03-13,226,2026-03-13,False,0,0.5652173913043478,0.2633245628639131,0.54,0.28968125581741333,0.3595055404814893,0,64.05,0.3595055404814893,0,64.05,SELL,0.3191,-0.3618,High Volatility,-1.0,0.0,unavailable_no_point_in_time_source,False,1169.8,1169.800048828125,2026-03-16,1128.0999755859375,-3.5647,0,2026-03-18,1123.699951171875,-3.9409,0.0,2026-03-20,1098.0999755859375,-6.1293,0.0,2026-03-30,1078.0,-7.8475,0.0,0,1,1,1,1,1,-3.5647,1,1.0,1.0,1.0,1.0,1.0,-3.9408,1.0,1.0,1.0,1.0,1.0,1.0,-6.1293,1.0,1.0,1.0,1.0,1.0,1.0,-7.8475,1.0,60-65,60-65
ABCAPITAL.NS|2026-03-13|ensemble_lr0.20_rf0.30_xgb0.50,ABCAPITAL.NS,2026-03-13,ensemble_lr0.20_rf0.30_xgb0.50,2025-03-17,2026-03-13,2026-03-09,2025-04-16,2026-03-12,2026-03-13,226,2026-03-13,False,1,0.47826086956521746,0.5067744240900044,0.38,0.48927971720695496,0.45999474342147834,0,54.0,0.45999474342147834,0,54.0,SELL,0.3774,-0.2453,High Volatility,-0.5,0.0,unavailable_no_point_in_time_source,False,310.75,310.75,2026-03-16,314.6000061035156,1.2389,1,2026-03-18,328.45001220703125,5.6959,1.0,2026-03-20,311.25,0.1609,1.0,2026-03-30,292.25,-5.9533,0.0,0,0,0,1,0,0,1.2389,0,0.0,0.0,1.0,0.0,0.0,5.6959,0.0,0.0,0.0,1.0,0.0,0.0,0.1609,0.0,1.0,1.0,0.0,1.0,1.0,-5.9533,1.0,50-55,50-55
ABFRL.NS|2026-03-13|ensemble_lr0.20_rf0.30_xgb0.50,ABFRL.NS,2026-03-13,ensemble_lr0.20_rf0.30_xgb0.50,2025-03-17,2026-03-13,2026-03-09,2025-04-16,2026-03-12,2026-03-13,226,2026-03-13,False,0,0.43478260869565216,0.48662196027601196,0.78,0.650052011013031,0.6563503975617179,1,65.64,0.6563503975617179,1,65.64,HOLD,0.4668,-0.0663,High Volatility,-0.665,0.0,unavailable_no_point_in_time_source,True,59.28,59.279998779296875,2026-03-16,58.4900016784668,-1.3327,0,2026-03-18,59.22999954223633,-0.0843,0.0,2026-03-20,59.97999954223633,1.1808,1.0,2026-03-30,53.88999938964844,-9.0924,0.0,0,0,0,1,1,1,-1.3327,1,0.0,0.0,1.0,1.0,1.0,-0.0843,1.0,1.0,1.0,0.0,0.0,1.0,1.1808,1.0,0.0,0.0,1.0,1.0,0.0,-9.0924,0.0,65-70,65-70
ACC.NS|2026-03-13|ensemble_lr0.20_rf0.30_xgb0.50,ACC.NS,2026-03-13,ensemble_lr0.20_rf0.30_xgb0.50,2025-03-17,2026-03-13,2026-03-09,2025-04-16,2026-03-12,2026-03-13,226,2026-03-13,False,0,0.4492753623188406,0.08987948242944384,0.4,0.424590528011322,0.35027116049154977,0,64.97,0.35027116049154977,0,64.97,SELL,0.2813,-0.4375,Bearish,-1.0,0.0,unavailable_no_point_in_time_source,False,1368.48,1368.4818115234375,2026-03-16,1365.3001708984375,-0.2325,0,2026-03-18,1397.1160888671875,2.0924,1.0,2026-03-20,1373.4530029296875,0.3633,1.0,2026-03-30,1247.3824462890625,-8.8492,0.0,0,1,1,1,1,1,-0.2324,1,0.0,0.0,0.0,0.0,0.0,2.0925,0.0,0.0,0.0,0.0,0.0,0.0,0.3634,0.0,1.0,1.0,1.0,1.0,1.0,-8.8491,1.0,60-65,60-65
ADANIENT.NS|2026-03-13|ensemble_lr0.20_rf0.30_xgb0.50,ADANIENT.NS,2026-03-13,ensemble_lr0.20_rf0.30_xgb0.50,2025-03-17,2026-03-13,2026-03-09,2025-04-16,2026-03-12,2026-03-13,226,2026-03-13,False,0,0.5,0.4865197869821959,0.48,0.7565964460372925,0.6196021804150854,1,61.96,0.6196021804150854,1,61.96,HOLD,0.4254,-0.1491,High Volatility,-1.0,0.0,unavailable_no_point_in_time_source,True,1960.22,1960.2235107421875,2026-03-16,1977.115966796875,0.8618,1,2026-03-18,2006.3028564453125,2.3507,1.0,2026-03-20,1926.23876953125,-1.7337,0.0,2026-03-30,1758.0140380859375,-10.3156,0.0,0,1,1,0,0,1,0.8619,1,1.0,1.0,0.0,0.0,1.0,2.3509,1.0,0.0,0.0,1.0,1.0,1.0,-1.7335,1.0,0.0,0.0,1.0,1.0,0.0,-10.3155,0.0,60-65,60-65
ADANIPORTS.NS|2026-03-13|ensemble_lr0.20_rf0.30_xgb0.50,ADANIPORTS.NS,2026-03-13,ensemble_lr0.20_rf0.30_xgb0.50,2025-03-17,2026-03-13,2026-03-09,2025-04-16,2026-03-12,2026-03-13,226,2026-03-13,False,0,0.48550724637681153,0.5011713663377393,0.68,0.9522606730461121,0.7803646097906038,1,78.04,0.7803646097906038,1,78.04,HOLD,0.4809,-0.0381,High Volatility,-0.335,0.0,unavailable_no_point_in_time_source,True,1357.48,1357.4788818359375,2026-03-16,1368.134033203125,0.7849,1,2026-03-18,1396.0166015625,2.8389,1.0,2026-03-20,1359.6697998046875,0.1614,1.0,2026-03-30,1307.09130859375,-3.7118,0.0,0,1,1,0,0,1,0.7848,1,1.0,1.0,0.0,0.0,1.0,2.8388,1.0,1.0,1.0,0.0,0.0,1.0,0.1613,1.0,0.0,0.0,1.0,1.0,0.0,-3.7119,0.0,75-80,75-80
AETHER.NS|2026-03-13|ensemble_lr0.20_rf0.30_xgb0.50,AETHER.NS,2026-03-13,ensemble_lr0.20_rf0.30_xgb0.50,2025-03-17,2026-03-13,2026-03-09,2025-04-16,2026-03-12,2026-03-13,226,2026-03-13,False,0,0.5362318840579711,0.4208269179135496,0.46,0.29889097809791565,0.37161087263166775,0,62.84,0.37161087263166775,0,62.84,HOLD,0.5494,0.0988,High Volatility,0.835,0.0,unavailable_no_point_in_time_source,False,1000.45,1000.4500122070312,2026-03-16,1025.050048828125,2.4589,1,2026-03-18,1068.550048828125,6.8069,1.0,2026-03-20,1155.550048828125,15.503,1.0,2026-03-30,1094.5,9.4008,1.0,0,0,0,0,0,1,2.4589,1,0.0,0.0,0.0,0.0,0.0,6.8069,0.0,0.0,0.0,0.0,0.0,0.0,15.503,0.0,0.0,0.0,0.0,0.0,0.0,9.4008,0.0,60-65,60-65
AIAENG.NS|2026-03-13|ensemble_lr0.20_rf0.30_xgb0.50,AIAENG.NS,2026-03-13,ensemble_lr0.20_rf0.30_xgb0.50,2025-03-17,2026-03-13,2026-03-09,2025-04-16,2026-03-12,2026-03-13,226,2026-03-13,False,0,0.5144927536231884,0.4274150123166542,0.44,0.39415356516838074,0.4145597850475212,0,58.54,0.4145597850475212,0,58.54,SELL,0.3694,-0.2612,High Volatility,-0.335,0.0,unavailable_no_point_in_time_source,False,3651.57,3651.57373046875,2026-03-16,3651.87255859375,0.0082,1,2026-03-18,3705.67041015625,1.4815,1.0,2026-03-20,3396.831298828125,-6.9762,0.0,2026-03-30,3622.981201171875,-0.783,0.0,0,0,0,0,0,0,0.0083,0,0.0,0.0,0.0,0.0,0.0,1.4816,0.0,1.0,1.0,1.0,1.0,1.0,-6.9761,1.0,1.0,1.0,1.0,1.0,1.0,-0.7829,1.0,55-60,55-60
AJANTPHARM.NS|2026-03-13|ensemble_lr0.20_rf0.30_xgb0.50,AJANTPHARM.NS,2026-03-13,ensemble_lr0.20_rf0.30_xgb0.50,2025-03-17,2026-03-13,2026-03-09,2025-04-16,2026-03-12,2026-03-13,226,2026-03-13,False,0,0.4710144927536232,0.7197233143562578,0.52,0.6286603212356567,0.6142748234890799,1,61.43,0.6142748234890799,1,61.43,BUY,0.6754,0.3508,High Volatility,0.835,0.0,unavailable_no_point_in_time_source,False,3003.09,3003.089111328125,2026-03-16,2927.28369140625,-2.5242,0,2026-03-18,3028.85302734375,0.8579,1.0,2026-03-20,2878.331787109375,-4.1543,0.0,2026-03-30,2779.63623046875,-7.4408,0.0,0,0,0,1,1,0,-2.5243,0,1.0,1.0,0.0,0.0,1.0,0.8579,1.0,0.0,0.0,1.0,1.0,0.0,-4.1543,0.0,0.0,0.0,1.0,1.0,0.0,-7.4408,0.0,60-65,60-65
ALEMBICLTD.NS|2026-03-13|ensemble_lr0.20_rf0.30_xgb0.50,ALEMBICLTD.NS,2026-03-13,ensemble_lr0.20_rf0.30_xgb0.50,2025-03-17,2026-03-13,2026-03-09,2025-04-16,2026-03-12,2026-03-13,226,2026-03-13,False,0,0.38405797101449274,0.5237869800330746,0.56,0.6654974818229675,0.6055061369180987,1,60.55,0.6055061369180987,1,60.55,HOLD,0.4452,-0.1096,High Volatility,-1.0,0.0,unavailable_no_point_in_time_source,False,78.64,78.63589477539062,2026-03-16,77.41862487792969,-1.548,0,2026-03-18,79.22992706298828,0.7554,1.0,2026-03-20,77.80815124511719,-1.0526,0.0,2026-03-30,69.04377746582031,-12.1981,0.0,0,0,0,1,1,1,-1.5531,1,1.0,1.0,0.0,0.0,1.0,0.7502,1.0,0.0,0.0,1.0,1.0,1.0,-1.0578,1.0,0.0,0.0,1.0,1.0,0.0,-12.2027,0.0,60-65,60-65
ALKEM.NS|2026-03-13|ensemble_lr0.20_rf0.30_xgb0.50,ALKEM.NS,2026-03-13,ensemble_lr0.20_rf0.30_xgb0.50,2025-03-17,2026-03-13,2026-03-09,2025-04-16,2026-03-12,2026-03-13,226,2026-03-13,False,1,0.49275362318840576,0.590387665618682,0.64,0.5267199277877808,0.5734374970176268,1,57.34,0.5734374970176268,1,57.34,HOLD,0.5164,0.0329,Sideways,-0.165,0.0,unavailable_no_point_in_time_source,False,5345.93,5345.93212890625,2026-03-16,5313.490234375,-0.6069,0,2026-03-18,5341.939453125,-0.0747,0.0,2026-03-20,5248.107421875,-1.8299,0.0,2026-03-30,5289.533203125,-1.055,0.0,0,0,0,0,1,1,-0.6068,1,0.0,0.0,0.0,1.0,1.0,-0.0746,1.0,0.0,0.0,0.0,1.0,1.0,-1.8299,1.0,0.0,0.0,0.0,1.0,1.0,-1.0549,1.0,55-60,55-60
AMBER.NS|2026-03-13|ensemble_lr0.20_rf0.30_xgb0.50,AMBER.NS,2026-03-13,ensemble_lr0.20_rf0.30_xgb0.50,2025-03-17,2026-03-13,2026-03-09,2025-04-16,2026-03-12,2026-03-13,226,2026-03-13,False,1,0.5144927536231884,0.4962436255818882,0.6,0.592183530330658,0.5753404902817066,1,57.53,0.5753404902817066,1,57.53,HOLD,0.5679,0.1358,High Volatility,0.17,0.0,unavailable_no_point_in_time_source,False,6446.0,6446.0,2026-03-16,6528.5,1.2799,1,2026-03-18,6850.0,6.2675,1.0,2026-03-20,6654.5,3.2346,1.0,2026-03-30,6549.0,1.5979,1.0,0,1,1,1,0,1,1.2799,1,1.0,1.0,1.0,0.0,0.0,6.2675,0.0,1.0,1.0,1.0,0.0,0.0,3.2346,0.0,1.0,1.0,1.0,0.0,1.0,1.5979,1.0,55-60,55-60
ANGELONE.NS|2026-03-13|ensemble_lr0.20_rf0.30_xgb0.50,ANGELONE.NS,2026-03-13,ensemble_lr0.20_rf0.30_xgb0.50,2025-03-17,2026-03-13,2026-03-09,2025-04-16,2026-03-12,2026-03-13,226,2026-03-13,False,0,0.5507246376811595,0.5950807649189481,0.6,0.8233374953269958,0.7106849006472875,1,71.07,0.7106849006472875,1,71.07,HOLD,0.4361,-0.1278,High Volatility,-1.0,0.0,unavailable_no_point_in_time_source,True,213.36,213.35906982421875,2026-03-16,214.3982696533203,0.4871,1,2026-03-18,233.77655029296875,9.5695,1.0,2026-03-20,228.9369354248047,7.3012,1.0,2026-03-30,226.8284912109375,6.313,1.0,1,1,1,0,1,1,0.4866,1,1.0,1.0,0.0,1.0,0.0,9.5691,0.0,1.0,1.0,0.0,1.0,0.0,7.3008,0.0,1.0,1.0,0.0,1.0,0.0,6.3126,0.0,70-75,70-75
APARINDS.NS|2026-03-13|ensemble_lr0.20_rf0.30_xgb0.50,APARINDS.NS,2026-03-13,ensemble_lr0.20_rf0.30_xgb0.50,2025-03-17,2026-03-13,2026-03-09,2025-04-16,2026-03-12,2026-03-13,226,2026-03-13,False,1,0.49275362318840576,0.524921628672086,0.48,0.5052996277809143,0.5016341396248744,1,50.16,0.5016341396248744,1,50.16,BUY,0.6002,0.2004,High Volatility,0.335,0.0,unavailable_no_point_in_time_source,False,8957.9,8957.8994140625,2026-03-16,9087.4501953125,1.4462,1,2026-03-18,9575.7548828125,6.8973,1.0,2026-03-20,9639.533203125,7.6093,1.0,2026-03-30,9846.8134765625,9.9232,1.0,0,1,1,1,0,1,1.4462,1,1.0,1.0,1.0,0.0,1.0,6.8973,1.0,1.0,1.0,1.0,0.0,1.0,7.6093,1.0,1.0,1.0,1.0,0.0,1.0,9.9232,1.0,50-55,50-55
APOLLOHOSP.NS|2026-03-13|ensemble_lr0.20_rf0.30_xgb0.50,APOLLOHOSP.NS,2026-03-13,ensemble_lr0.20_rf0.30_xgb0.50,2025-03-17,2026-03-13,2026-03-09,2025-04-16,2026-03-12,2026-03-13,226,2026-03-13,False,0,0.47826086956521746,0.17540004079320848,0.2,0.11605675518512726,0.15310838575120533,0,84.69,0.15310838575120533,0,84.69,HOLD,0.4805,-0.039,Sideways,0.335,0.0,unavailable_no_point_in_time_source,False,7541.22,7541.22119140625,2026-03-16,7481.291015625,-0.7947,0,2026-03-18,7462.31298828125,-1.0464,0.0,2026-03-20,7355.93701171875,-2.457,0.0,2026-03-30,7410.37353515625,-1.7351,0.0,0,1,1,1,1,1,-0.7947,1,1.0,1.0,1.0,1.0,1.0,-1.0463,1.0,1.0,1.0,1.0,1.0,1.0,-2.4569,1.0,1.0,1.0,1.0,1.0,1.0,-1.7351,1.0,80-85,80-85
APOLLOTYRE.NS|2026-03-13|ensemble_lr0.20_rf0.30_xgb0.50,APOLLOTYRE.NS,2026-03-13,ensemble_lr0.20_rf0.30_xgb0.50,2025-03-17,2026-03-13,2026-03-09,2025-04-16,2026-03-12,2026-03-13,226,2026-03-13,False,0,0.5072463768115942,0.5874000591449072,0.52,0.43735504150390625,0.4921575325809346,0,50.78,0.4921575325809346,0,50.78,SELL,0.3486,-0.3028,High Volatility,-0.835,0.0,unavailable_no_point_in_time_source,False,398.02,398.02374267578125,2026-03-16,410.4526672363281,3.1227,1,2026-03-18,417.3631591796875,4.8589,1.0,2026-03-20,418.4569091796875,5.1337,1.0,2026-03-30,409.95550537109375,2.9978,1.0,0,0,0,0,0,0,3.1236,0,0.0,0.0,0.0,0.0,0.0,4.8598,0.0,0.0,0.0,0.0,0.0,0.0,5.1346,0.0,0.0,0.0,0.0,0.0,0.0,2.9987,0.0,50-55,50-55
ASHOKLEY.NS|2026-03-13|ensemble_lr0.20_rf0.30_xgb0.50,ASHOKLEY.NS,2026-03-13,ensemble_lr0.20_rf0.30_xgb0.50,2025-03-17,2026-03-13,2026-03-09,2025-04-16,2026-03-12,2026-03-13,226,2026-03-13,False,1,0.5579710144927535,0.1770311642959148,0.16,0.17592176795005798,0.17136711683421196,0,82.86,0.17136711683421196,0,82.86,HOLD,0.4416,-0.1168,High Volatility,-0.165,0.0,unavailable_no_point_in_time_source,False,167.79,167.78770446777344,2026-03-16,169.87216186523438,1.2423,1,2026-03-18,175.6240234375,4.6704,1.0,2026-03-20,166.05723571777344,-1.0313,0.0,2026-03-30,151.5447998046875,-9.6806,0.0,0,0,0,1,0,1,1.2409,1,0.0,0.0,1.0,0.0,0.0,4.6689,0.0,1.0,1.0,0.0,1.0,1.0,-1.0327,1.0,1.0,1.0,0.0,1.0,0.0,-9.6819,0.0,80-85,80-85
ASIANPAINT.NS|2026-03-13|ensemble_lr0.20_rf0.30_xgb0.50,ASIANPAINT.NS,2026-03-13,ensemble_lr0.20_rf0.30_xgb0.50,2025-03-17,2026-03-13,2026-03-09,2025-04-16,2026-03-12,2026-03-13,226,2026-03-13,False,0,0.4492753623188406,0.29858141373028935,0.32,0.4637008607387543,0.387566713115435,0,61.24,0.387566713115435,0,61.24,SELL,0.3174,-0.3651,Bearish,-0.835,0.0,unavailable_no_point_in_time_source,True,2177.9,2177.904541015625,2026-03-16,2198.624755859375,0.9514,1,2026-03-18,2242.642822265625,2.9725,1.0,2026-03-20,2176.516357421875,-0.0637,0.0,2026-03-30,2146.576171875,-1.4385,0.0,0,0,0,0,0,0,0.9516,0,0.0,0.0,0.0,0.0,0.0,2.9727,0.0,1.0,1.0,1.0,1.0,1.0,-0.0635,1.0,1.0,1.0,1.0,1.0,1.0,-1.4383,1.0,60-65,60-65
ASTRAL.NS|2026-03-13|ensemble_lr0.20_rf0.30_xgb0.50,ASTRAL.NS,2026-03-13,ensemble_lr0.20_rf0.30_xgb0.50,2025-03-17,2026-03-13,2026-03-09,2025-04-16,2026-03-12,2026-03-13,226,2026-03-13,False,1,0.5144927536231884,0.6293579191739611,0.64,0.8425372838973999,0.7391402257834921,1,73.91,0.7391402257834921,1,73.91,BUY,0.5982,0.1965,High Volatility,0.165,0.0,unavailable_no_point_in_time_source,True,1609.27,1609.2689208984375,2026-03-16,1617.156494140625,0.4901,1,2026-03-18,1665.780029296875,3.5116,1.0,2026-03-20,1629.237548828125,1.2409,1.0,2026-03-30,1596.489013671875,-0.7941,0.0,0,1,1,1,0,1,0.4901,1,1.0,1.0,1.0,0.0,1.0,3.5115,1.0,1.0,1.0,1.0,0.0,1.0,1.2408,1.0,0.0,0.0,0.0,1.0,0.0,-0.7942,0.0,70-75,70-75
AUBANK.NS|2026-03-13|ensemble_lr0.20_rf0.30_xgb0.50,AUBANK.NS,2026-03-13,ensemble_lr0.20_rf0.30_xgb0.50,2025-03-17,2026-03-13,2026-03-09,2025-04-16,2026-03-12,2026-03-13,226,2026-03-13,False,1,0.4855072463768116,0.15789680583790047,0.44,0.5322276949882507,0.42969320866170546,0,57.03,0.42969320866170546,0,57.03,SELL,0.3463,-0.3074,High Volatility,-0.5,0.0,unavailable_no_point_in_time_source,True,883.49,883.4920043945312,2026-03-16,884.4411010742188,0.1074,1,2026-03-18,929.2476196289062,5.179,1.0,2026-03-20,900.6253662109375,1.9393,1.0,2026-03-30,841.8824462890625,-4.7097,0.0,0,0,0,1,0,0,0.1077,0,0.0,0.0,1.0,0.0,0.0,5.1792,0.0,0.0,0.0,1.0,0.0,0.0,1.9395,0.0,1.0,1.0,0.0,1.0,1.0,-4.7095,1.0,55-60,55-60
AXISBANK.NS|2026-03-13|ensemble_lr0.20_rf0.30_xgb0.50,AXISBANK.NS,2026-03-13,ensemble_lr0.20_rf0.30_xgb0.50,2025-03-17,2026-03-13,2026-03-09,2025-04-16,2026-03-12,2026-03-13,226,2026-03-13,False,0,0.572463768115942,0.29435308257652126,0.44,0.37864863872528076,0.3801949358779446,0,61.98,0.3801949358779446,0,61.98,SELL,0.3794,-0.2411,Bearish,-0.335,0.0,unavailable_no_point_in_time_source,False,1196.38,1196.3773193359375,2026-03-16,1213.763916015625,1.4533,1,2026-03-18,1252.2342529296875,4.6688,1.0,2026-03-20,1202.9722900390625,0.5512,1.0,2026-03-30,1160.4051513671875,-3.0068,0.0,0,0,0,0,0,0,1.453,0,0.0,0.0,0.0,0.0,0.0,4.6686,0.0,0.0,0.0,0.0,0.0,0.0,0.551,0.0,1.0,1.0,1.0,1.0,1.0,-3.007,1.0,60-65,60-65
BAJAJ-AUTO.NS|2026-03-13|ensemble_lr0.20_rf0.30_xgb0.50,BAJAJ-AUTO.NS,2026-03-13,ensemble_lr0.20_rf0.30_xgb0.50,2025-03-17,2026-03-13,2026-03-09,2025-04-16,2026-03-12,2026-03-13,226,2026-03-13,False,1,0.5579710144927535,0.3641979969069996,0.12,0.17972758412361145,0.19870339144320565,0,80.13,0.19870339144320565,0,80.13,HOLD,0.4381,-0.1238,Sideways,-0.335,0.0,unavailable_no_point_in_time_source,False,8751.83,8751.8330078125,2026-03-16,8947.0849609375,2.231,1,2026-03-18,9142.3369140625,4.462,1.0,2026-03-20,8925.390625,1.9831,1.0,2026-03-30,8659.630859375,-1.0535,0.0,0,0,0,1,0,1,2.231,1,0.0,0.0,1.0,0.0,0.0,4.462,0.0,0.0,0.0,1.0,0.0,1.0,1.9831,1.0,1.0,1.0,0.0,1.0,1.0,-1.0535,1.0,80-85,80-85
BAJAJFINSV.NS|2026-03-13|ensemble_lr0.20_rf0.30_xgb0.50,BAJAJFINSV.NS,2026-03-13,ensemble_lr0.20_rf0.30_xgb0.50,2025-03-17,2026-03-13,2026-03-09,2025-04-16,2026-03-12,2026-03-13,226,2026-03-13,False,0,0.49275362318840576,0.5030031026009585,0.24,0.23077523708343506,0.28798823906190923,0,71.2,0.28798823906190923,0,71.2,SELL,0.2937,-0.4126,Bearish,-0.835,0.0,unavailable_no_point_in_time_source,False,1736.52,1736.5181884765625,2026-03-16,1772.3875732421875,2.0656,1,2026-03-18,1790.2723388671875,3.0955,1.0,2026-03-20,1708.8419189453125,-1.5938,0.0,2026-03-30,1630.4088134765625,-6.1105,0.0,0,0,0,0,0,0,2.0655,0,0.0,0.0,0.0,0.0,0.0,3.0954,0.0,1.0,1.0,1.0,1.0,1.0,-1.5939,1.0,1.0,1.0,1.0,1.0,1.0,-6.1106,1.0,70-75,70-75
BAJFINANCE.NS|2026-03-13|ensemble_lr0.20_rf0.30_xgb0.50,BAJFINANCE.NS,2026-03-13,ensemble_lr0.20_rf0.30_xgb0.50,2025-03-17,2026-03-13,2026-03-09,2025-04-16,2026-03-12,2026-03-13,226,2026-03-13,False,1,0.5144927536231884,0.26773072205632187,0.42,0.3267935812473297,0.34294293503492923,0,65.71,0.34294293503492923,0,65.71,SELL,0.3509,-0.2982,High Volatility,-0.665,0.0,unavailable_no_point_in_time_source,False,849.83,849.825927734375,2026-03-16,872.7848510742188,2.7016,1,2026-03-18,874.7228393554688,2.9296,1.0,2026-03-20,825.4755859375,-2.8653,0.0,2026-03-30,796.6527709960938,-6.2569,0.0,0,0,0,1,0,0,2.7011,0,0.0,0.0,1.0,0.0,0.0,2.9292,0.0,1.0,1.0,0.0,1.0,1.0,-2.8658,1.0,1.0,1.0,0.0,1.0,1.0,-6.2574,1.0,65-70,65-70
BEL.NS|2026-03-13|ensemble_lr0.20_rf0.30_xgb0.50,BEL.NS,2026-03-13,ensemble_lr0.20_rf0.30_xgb0.50,2025-03-17,2026-03-13,2026-03-09,2025-04-16,2026-03-12,2026-03-13,226,2026-03-13,False,0,0.5434782608695651,0.7618765168898479,0.5,0.8229179978370667,0.7138343022965029,1,71.38,0.7138343022965029,1,71.38,HOLD,0.5776,0.1552,High Volatility,0.335,0.0,unavailable_no_point_in_time_source,True,438.8,438.8042907714844,2026-03-16,428.917724609375,-2.2531,0,2026-03-18,441.9999694824219,0.7283,1.0,2026-03-20,425.5223388671875,-3.0269,0.0,2026-03-30,400.1068420410156,-8.8188,0.0,0,0,0,1,1,1,-2.2521,1,1.0,1.0,0.0,0.0,1.0,0.7293,1.0,0.0,0.0,1.0,1.0,0.0,-3.0259,0.0,0.0,0.0,1.0,1.0,0.0,-8.8179,0.0,70-75,70-75
BPCL.NS|2026-03-13|ensemble_lr0.20_rf0.30_xgb0.50,BPCL.NS,2026-03-13,ensemble_lr0.20_rf0.30_xgb0.50,2025-03-17,2026-03-13,2026-03-09,2025-04-16,2026-03-12,2026-03-13,226,2026-03-13,False,0,0.49275362318840576,0.24530879617041054,0.3,0.5887936353683472,0.4334585769182557,0,56.65,0.4334585769182557,0,56.65,SELL,0.3664,-0.2672,High Volatility,-0.5,0.0,unavailable_no_point_in_time_source,False,319.3,319.29998779296875,2026-03-16,304.95001220703125,-4.4942,0,2026-03-18,303.70001220703125,-4.8857,0.0,2026-03-20,287.79998779296875,-9.8653,0.0,2026-03-30,281.0,-11.995,0.0,0,1,1,1,1,1,-4.4942,1,1.0,1.0,1.0,1.0,1.0,-4.8857,1.0,1.0,1.0,1.0,1.0,1.0,-9.8653,1.0,1.0,1.0,1.0,1.0,1.0,-11.995,1.0,55-60,55-60
AARTIIND.NS|2026-03-20|ensemble_lr0.20_rf0.30_xgb0.50,AARTIIND.NS,2026-03-20,ensemble_lr0.20_rf0.30_xgb0.50,2025-03-21,2026-03-20,2026-03-16,2025-04-23,2026-03-19,2026-03-20,227,2026-03-20,False,0,0.5289855072463768,0.7728935634557522,0.46,0.28386375308036804,0.43451058923133445,0,56.55,0.43451058923133445,0,56.55,HOLD,0.464,-0.0721,High Volatility,0.0,0.0,unavailable_no_point_in_time_source,True,426.5,426.5021667480469,2026-03-23,404.34619140625,-5.1948,0,2026-03-25,430.3944396972656,0.9126,1.0,2026-03-30,398.25830078125,-6.6222,0.0,2026-04-08,420.8633728027344,-1.3221,0.0,1,1,1,1,0,0,-5.1943,0,0.0,0.0,0.0,1.0,1.0,0.9131,1.0,1.0,1.0,1.0,0.0,0.0,-6.6217,0.0,1.0,1.0,1.0,0.0,1.0,-1.3216,1.0,55-60,55-60
AAVAS.NS|2026-03-20|ensemble_lr0.20_rf0.30_xgb0.50,AAVAS.NS,2026-03-20,ensemble_lr0.20_rf0.30_xgb0.50,2025-03-21,2026-03-20,2026-03-16,2025-04-23,2026-03-19,2026-03-20,227,2026-03-20,False,0,0.5434782608695653,0.22377506462544186,0.26,0.28379207849502563,0.2646510521726012,0,73.53,0.2646510521726012,0,73.53,SELL,0.3208,-0.3585,High Volatility,-1.0,0.0,unavailable_no_point_in_time_source,False,1098.1,1098.0999755859375,2026-03-23,1073.9000244140625,-2.2038,0,2026-03-25,1135.5,3.4059,1.0,2026-03-30,1078.0,-1.8304,0.0,2026-04-08,1209.300048828125,10.1266,1.0,0,1,1,1,1,1,-2.2038,1,0.0,0.0,0.0,0.0,0.0,3.4059,0.0,1.0,1.0,1.0,1.0,1.0,-1.8304,1.0,0.0,0.0,0.0,0.0,0.0,10.1266,0.0,70-75,70-75
ABCAPITAL.NS|2026-03-20|ensemble_lr0.20_rf0.30_xgb0.50,ABCAPITAL.NS,2026-03-20,ensemble_lr0.20_rf0.30_xgb0.50,2025-03-21,2026-03-20,2026-03-16,2025-04-23,2026-03-19,2026-03-20,227,2026-03-20,False,1,0.5579710144927535,0.42617844865756627,0.72,0.4927436113357544,0.5476074953993905,1,54.76,0.5476074953993905,1,54.76,HOLD,0.4854,-0.0292,High Volatility,-0.5,0.0,unavailable_no_point_in_time_source,False,311.25,311.25,2026-03-23,294.95001220703125,-5.2369,0,2026-03-25,314.70001220703125,1.1084,1.0,2026-03-30,292.25,-6.1044,0.0,2026-04-08,338.3999938964844,8.7229,1.0,0,0,0,0,1,0,-5.2369,0,1.0,1.0,1.0,0.0,1.0,1.1084,1.0,0.0,0.0,0.0,1.0,0.0,-6.1044,0.0,1.0,1.0,1.0,0.0,0.0,8.7229,0.0,50-55,50-55
ABFRL.NS|2026-03-20|ensemble_lr0.20_rf0.30_xgb0.50,ABFRL.NS,2026-03-20,ensemble_lr0.20_rf0.30_xgb0.50,2025-03-21,2026-03-20,2026-03-16,2025-04-23,2026-03-19,2026-03-20,227,2026-03-20,False,0,0.3913043478260869,0.16938690419935726,0.42,0.27271339297294617,0.29623407732634455,0,70.38,0.29623407732634455,0,70.38,SELL,0.3405,-0.319,High Volatility,-0.665,0.0,unavailable_no_point_in_time_source,True,59.98,59.97999954223633,2026-03-23,56.939998626708984,-5.0684,0,2026-03-25,58.849998474121094,-1.884,0.0,2026-03-30,53.88999938964844,-10.1534,0.0,2026-04-08,59.470001220703125,-0.8503,0.0,1,1,1,1,0,1,-5.0684,1,1.0,1.0,1.0,0.0,1.0,-1.884,1.0,1.0,1.0,1.0,0.0,1.0,-10.1534,1.0,1.0,1.0,1.0,0.0,1.0,-0.8503,1.0,70-75,70-75
ACC.NS|2026-03-20|ensemble_lr0.20_rf0.30_xgb0.50,ACC.NS,2026-03-20,ensemble_lr0.20_rf0.30_xgb0.50,2025-03-21,2026-03-20,2026-03-16,2025-04-23,2026-03-19,2026-03-20,227,2026-03-20,False,0,0.391304347826087,0.38021808892002235,0.46,0.507398247718811,0.46774274164341,0,53.23,0.46774274164341,0,53.23,SELL,0.2804,-0.4393,Bearish,-1.0,0.0,unavailable_no_point_in_time_source,False,1373.45,1373.4530029296875,2026-03-23,1322.14990234375,-3.7353,0,2026-03-25,1360.0306396484375,-0.9773,0.0,2026-03-30,1247.3824462890625,-9.1791,0.0,2026-04-08,1402.8826904296875,2.1428,1.0,1,1,1,1,0,1,-3.7351,1,1.0,1.0,1.0,0.0,1.0,-0.9771,1.0,1.0,1.0,1.0,0.0,1.0,-9.1789,1.0,0.0,0.0,0.0,1.0,0.0,2.143,0.0,50-55,50-55
ADANIENT.NS|2026-03-20|ensemble_lr0.20_rf0.30_xgb0.50,ADANIENT.NS,2026-03-20,ensemble_lr0.20_rf0.30_xgb0.50,2025-03-21,2026-03-20,2026-03-16,2025-04-23,2026-03-19,2026-03-20,227,2026-03-20,False,0,0.4710144927536232,0.5774278421970983,0.5,0.6630280017852783,0.5969995693320589,1,59.7,0.5969995693320589,1,59.7,HOLD,0.4246,-0.1507,High Volatility,-1.0,0.0,unavailable_no_point_in_time_source,True,1926.24,1926.23876953125,2026-03-23,1832.1807861328125,-4.883,0,2026-03-25,1885.7568359375,-2.1016,0.0,2026-03-30,1758.0140380859375,-8.7333,0.0,2026-04-08,2042.8865966796875,6.0557,1.0,0,0,0,1,1,0,-4.883,0,0.0,0.0,1.0,1.0,1.0,-2.1017,1.0,0.0,0.0,1.0,1.0,0.0,-8.7334,0.0,1.0,1.0,0.0,0.0,0.0,6.0557,0.0,55-60,55-60
ADANIPORTS.NS|2026-03-20|ensemble_lr0.20_rf0.30_xgb0.50,ADANIPORTS.NS,2026-03-20,ensemble_lr0.20_rf0.30_xgb0.50,2025-03-21,2026-03-20,2026-03-16,2025-04-23,2026-03-19,2026-03-20,227,2026-03-20,False,0,0.4855072463768116,0.5656464716240329,0.72,0.8033546805381775,0.7308066345938953,1,73.08,0.7308066345938953,1,73.08,HOLD,0.5031,0.0062,High Volatility,-0.5,0.0,unavailable_no_point_in_time_source,True,1359.67,1359.6697998046875,2026-03-23,1298.1290283203125,-4.5262,0,2026-03-25,1370.125732421875,0.769,1.0,2026-03-30,1307.09130859375,-3.867,0.0,2026-04-08,1447.200927734375,6.4377,1.0,1,0,0,1,0,0,-4.5262,0,1.0,1.0,0.0,1.0,1.0,0.769,1.0,0.0,0.0,1.0,0.0,0.0,-3.867,0.0,1.0,1.0,0.0,1.0,0.0,6.4377,0.0,70-75,70-75
AETHER.NS|2026-03-20|ensemble_lr0.20_rf0.30_xgb0.50,AETHER.NS,2026-03-20,ensemble_lr0.20_rf0.30_xgb0.50,2025-03-21,2026-03-20,2026-03-16,2025-04-23,2026-03-19,2026-03-20,227,2026-03-20,False,0,0.48550724637681153,0.8385949822607991,0.66,0.5736832618713379,0.6525606273878288,1,65.26,0.6525606273878288,1,65.26,STRONG BUY,0.7416,0.4832,High Volatility,1.0,0.0,unavailable_no_point_in_time_source,False,1155.55,1155.550048828125,2026-03-23,1085.050048828125,-6.101,0,2026-03-25,1158.550048828125,0.2596,1.0,2026-03-30,1094.5,-5.2832,0.0,2026-04-08,1134.800048828125,-1.7957,0.0,1,0,0,1,0,0,-6.101,0,1.0,1.0,0.0,1.0,1.0,0.2596,1.0,0.0,0.0,1.0,0.0,0.0,-5.2832,0.0,0.0,0.0,1.0,0.0,0.0,-1.7957,0.0,65-70,65-70
AIAENG.NS|2026-03-20|ensemble_lr0.20_rf0.30_xgb0.50,AIAENG.NS,2026-03-20,ensemble_lr0.20_rf0.30_xgb0.50,2025-03-21,2026-03-20,2026-03-16,2025-04-23,2026-03-19,2026-03-20,227,2026-03-20,False,0,0.5144927536231885,0.7958622942623674,0.5,0.2926173806190491,0.455481149161998,0,54.45,0.455481149161998,0,54.45,SELL,0.3597,-0.2806,High Volatility,-0.5,0.0,unavailable_no_point_in_time_source,False,3396.83,3396.831298828125,2026-03-23,3303.48193359375,-2.7481,0,2026-03-25,3473.343505859375,2.2525,1.0,2026-03-30,3622.981201171875,6.6577,1.0,2026-04-08,3660.7392578125,7.7692,1.0,0,1,1,1,1,1,-2.7481,1,0.0,0.0,0.0,0.0,0.0,2.2525,0.0,0.0,0.0,0.0,0.0,0.0,6.6577,0.0,0.0,0.0,0.0,0.0,0.0,7.7693,0.0,50-55,50-55
AJANTPHARM.NS|2026-03-20|ensemble_lr0.20_rf0.30_xgb0.50,AJANTPHARM.NS,2026-03-20,ensemble_lr0.20_rf0.30_xgb0.50,2025-03-21,2026-03-20,2026-03-16,2025-04-23,2026-03-19,2026-03-20,227,2026-03-20,False,0,0.463768115942029,0.5136054849085453,0.46,0.4086683690547943,0.4450552815091062,0,55.49,0.4450552815091062,0,55.49,HOLD,0.5007,0.0014,High Volatility,0.335,0.0,unavailable_no_point_in_time_source,False,2878.33,2878.331787109375,2026-03-23,2771.411376953125,-3.7147,0,2026-03-25,2853.7568359375,-0.8538,0.0,2026-03-30,2779.63623046875,-3.4289,0.0,2026-04-08,2684.408447265625,-6.7374,0.0,0,1,1,1,1,0,-3.7146,0,1.0,1.0,1.0,1.0,1.0,-0.8537,1.0,1.0,1.0,1.0,1.0,0.0,-3.4289,0.0,1.0,1.0,1.0,1.0,0.0,-6.7373,0.0,55-60,55-60
ALEMBICLTD.NS|2026-03-20|ensemble_lr0.20_rf0.30_xgb0.50,ALEMBICLTD.NS,2026-03-20,ensemble_lr0.20_rf0.30_xgb0.50,2025-03-21,2026-03-20,2026-03-16,2025-04-23,2026-03-19,2026-03-20,227,2026-03-20,False,0,0.38405797101449274,0.3515389330618875,0.4,0.49200981855392456,0.4363126958893398,0,56.37,0.4363126958893398,0,56.37,SELL,0.2813,-0.4375,High Volatility,-1.0,0.0,unavailable_no_point_in_time_source,False,77.81,77.80815124511719,2026-03-23,73.35779571533203,-5.7197,0,2026-03-25,77.19464111328125,-0.7885,0.0,2026-03-30,69.04377746582031,-11.2641,0.0,2026-04-08,83.3783950805664,7.1589,1.0,1,1,1,1,0,1,-5.7219,1,1.0,1.0,1.0,0.0,1.0,-0.7908,1.0,1.0,1.0,1.0,0.0,1.0,-11.2662,1.0,0.0,0.0,0.0,1.0,0.0,7.1564,0.0,55-60,55-60
ALKEM.NS|2026-03-20|ensemble_lr0.20_rf0.30_xgb0.50,ALKEM.NS,2026-03-20,ensemble_lr0.20_rf0.30_xgb0.50,2025-03-21,2026-03-20,2026-03-16,2025-04-23,2026-03-19,2026-03-20,227,2026-03-20,False,1,0.5579710144927535,0.8518604861759669,0.68,0.4865751564502716,0.6176596754603292,1,61.77,0.6176596754603292,1,61.77,HOLD,0.5179,0.0357,Sideways,-0.5,0.0,unavailable_no_point_in_time_source,False,5248.11,5248.107421875,2026-03-23,5135.30908203125,-2.1493,0,2026-03-25,5425.78955078125,3.3856,1.0,2026-03-30,5289.533203125,0.7893,1.0,2026-04-08,5236.6279296875,-0.2187,0.0,1,0,0,0,0,1,-2.1494,1,1.0,1.0,1.0,1.0,0.0,3.3856,0.0,1.0,1.0,1.0,1.0,1.0,0.7893,1.0,0.0,0.0,0.0,0.0,1.0,-0.2188,1.0,60-65,60-65
AMBER.NS|2026-03-20|ensemble_lr0.20_rf0.30_xgb0.50,AMBER.NS,2026-03-20,ensemble_lr0.20_rf0.30_xgb0.50,2025-03-21,2026-03-20,2026-03-16,2025-04-23,2026-03-19,2026-03-20,227,2026-03-20,False,1,0.5507246376811595,0.7217580956003895,0.38,0.21265998482704163,0.3646816115335987,0,63.53,0.3646816115335987,0,63.53,HOLD,0.4303,-0.1395,High Volatility,0.0,0.0,unavailable_no_point_in_time_source,False,6654.5,6654.5,2026-03-23,6289.0,-5.4925,0,2026-03-25,6746.5,1.3825,1.0,2026-03-30,6549.0,-1.5854,0.0,2026-04-08,6944.0,4.3504,1.0,0,1,1,0,1,0,-5.4925,0,0.0,0.0,1.0,0.0,1.0,1.3825,1.0,1.0,1.0,0.0,1.0,1.0,-1.5854,1.0,0.0,0.0,1.0,0.0,0.0,4.3504,0.0,60-65,60-65
ANGELONE.NS|2026-03-20|ensemble_lr0.20_rf0.30_xgb0.50,ANGELONE.NS,2026-03-20,ensemble_lr0.20_rf0.30_xgb0.50,2025-03-21,2026-03-20,2026-03-16,2025-04-23,2026-03-19,2026-03-20,227,2026-03-20,False,0,0.463768115942029,0.4029426772138417,0.56,0.44406020641326904,0.4706186386494029,0,52.94,0.4706186386494029,0,52.94,HOLD,0.4251,-0.1498,High Volatility,-0.335,0.0,unavailable_no_point_in_time_source,False,228.94,228.9369354248047,2026-03-23,218.63417053222656,-4.5003,0,2026-03-25,239.18028259277344,4.4743,1.0,2026-03-30,226.8284912109375,-0.921,0.0,2026-04-08,266.7948913574219,16.5364,1.0,0,1,1,1,1,0,-4.5015,0,0.0,0.0,0.0,0.0,0.0,4.4729,0.0,1.0,1.0,1.0,1.0,1.0,-0.9223,1.0,0.0,0.0,0.0,0.0,0.0,16.5349,0.0,50-55,50-55
APARINDS.NS|2026-03-20|ensemble_lr0.20_rf0.30_xgb0.50,APARINDS.NS,2026-03-20,ensemble_lr0.20_rf0.30_xgb0.50,2025-03-21,2026-03-20,2026-03-16,2025-04-23,2026-03-19,2026-03-20,227,2026-03-20,False,1,0.4855072463768116,0.878666550165954,0.6,0.7835645079612732,0.7475155640138273,1,74.75,0.7475155640138273,1,74.75,BUY,0.5925,0.1851,High Volatility,0.335,0.0,unavailable_no_point_in_time_source,False,9639.53,9639.533203125,2026-03-23,9771.076171875,1.3646,1,2026-03-25,9979.353515625,3.5253,1.0,2026-03-30,9846.8134765625,2.1503,1.0,2026-04-08,10452.7099609375,8.4359,1.0,1,1,1,1,1,1,1.3647,1,1.0,1.0,1.0,1.0,1.0,3.5253,1.0,1.0,1.0,1.0,1.0,1.0,2.1503,1.0,1.0,1.0,1.0,1.0,1.0,8.4359,1.0,70-75,70-75
APOLLOHOSP.NS|2026-03-20|ensemble_lr0.20_rf0.30_xgb0.50,APOLLOHOSP.NS,2026-03-20,ensemble_lr0.20_rf0.30_xgb0.50,2025-03-21,2026-03-20,2026-03-16,2025-04-23,2026-03-19,2026-03-20,227,2026-03-20,False,0,0.4855072463768116,0.745746274790252,0.72,0.5813744068145752,0.655836458365338,1,65.58,0.655836458365338,1,65.58,BUY,0.6268,0.2537,Sideways,0.335,0.0,unavailable_no_point_in_time_source,False,7355.94,7355.93701171875,2026-03-23,7136.69189453125,-2.9805,0,2026-03-25,7571.685546875,2.933,1.0,2026-03-30,7410.37353515625,0.74,1.0,2026-04-08,7392.8935546875,0.5024,1.0,1,0,0,1,0,0,-2.9806,0,1.0,1.0,0.0,1.0,1.0,2.9329,1.0,1.0,1.0,0.0,1.0,1.0,0.74,1.0,1.0,1.0,0.0,1.0,1.0,0.5024,1.0,65-70,65-70
APOLLOTYRE.NS|2026-03-20|ensemble_lr0.20_rf0.30_xgb0.50,APOLLOTYRE.NS,2026-03-20,ensemble_lr0.20_rf0.30_xgb0.50,2025-03-21,2026-03-20,2026-03-16,2025-04-23,2026-03-19,2026-03-20,227,2026-03-20,False,0,0.4927536231884058,0.3391848529007938,0.54,0.4824202060699463,0.47104707361513193,0,52.9,0.47104707361513193,0,52.9,SELL,0.3995,-0.201,High Volatility,-0.5,0.0,unavailable_no_point_in_time_source,False,418.46,418.4569091796875,2026-03-23,397.2283020019531,-5.0731,0,2026-03-25,417.26373291015625,-0.2851,0.0,2026-03-30,409.95550537109375,-2.0316,0.0,2026-04-08,433.62017822265625,3.6236,1.0,1,1,1,1,0,1,-5.0738,1,1.0,1.0,1.0,0.0,1.0,-0.2859,1.0,1.0,1.0,1.0,0.0,1.0,-2.0323,1.0,0.0,0.0,0.0,1.0,0.0,3.6229,0.0,50-55,50-55
ASHOKLEY.NS|2026-03-20|ensemble_lr0.20_rf0.30_xgb0.50,ASHOKLEY.NS,2026-03-20,ensemble_lr0.20_rf0.30_xgb0.50,2025-03-21,2026-03-20,2026-03-16,2025-04-23,2026-03-19,2026-03-20,227,2026-03-20,False,1,0.6231884057971014,0.961678246804321,0.64,0.7154145240783691,0.7420429114000489,1,74.2,0.7420429114000489,1,74.2,HOLD,0.487,-0.0261,High Volatility,-0.5,0.0,unavailable_no_point_in_time_source,False,166.06,166.05723571777344,2026-03-23,159.26312255859375,-4.0914,0,2026-03-25,168.08267211914062,1.2197,1.0,2026-03-30,151.5447998046875,-8.7394,0.0,2026-04-08,169.58700561523438,2.1256,1.0,1,0,0,0,0,0,-4.093,0,1.0,1.0,1.0,1.0,1.0,1.218,1.0,0.0,0.0,0.0,0.0,0.0,-8.7409,0.0,1.0,1.0,1.0,1.0,1.0,2.1239,1.0,70-75,70-75
ASIANPAINT.NS|2026-03-20|ensemble_lr0.20_rf0.30_xgb0.50,ASIANPAINT.NS,2026-03-20,ensemble_lr0.20_rf0.30_xgb0.50,2025-03-21,2026-03-20,2026-03-16,2025-04-23,2026-03-19,2026-03-20,227,2026-03-20,False,0,0.5072463768115942,0.46866503629954454,0.84,0.6967776417732239,0.6941218281465209,1,69.41,0.6941218281465209,1,69.41,HOLD,0.4324,-0.1352,Bearish,-0.665,0.0,unavailable_no_point_in_time_source,True,2176.52,2176.516357421875,2026-03-23,2103.053955078125,-3.3752,0,2026-03-25,2250.673095703125,3.4071,1.0,2026-03-30,2146.576171875,-1.3756,0.0,2026-04-08,2262.76806640625,3.9628,1.0,1,0,0,1,0,0,-3.3754,0,1.0,1.0,0.0,1.0,0.0,3.407,0.0,0.0,0.0,1.0,0.0,1.0,-1.3758,1.0,1.0,1.0,0.0,1.0,0.0,3.9627,0.0,65-70,65-70
ASTRAL.NS|2026-03-20|ensemble_lr0.20_rf0.30_xgb0.50,ASTRAL.NS,2026-03-20,ensemble_lr0.20_rf0.30_xgb0.50,2025-03-21,2026-03-20,2026-03-16,2025-04-23,2026-03-19,2026-03-20,227,2026-03-20,False,1,0.5,0.47645913883946944,0.4,0.339911550283432,0.3852476029096099,0,61.48,0.3852476029096099,0,61.48,HOLD,0.4872,-0.0255,High Volatility,0.5,0.0,unavailable_no_point_in_time_source,True,1629.24,1629.237548828125,2026-03-23,1553.8560791015625,-4.6268,0,2026-03-25,1644.0142822265625,0.907,1.0,2026-03-30,1596.489013671875,-2.0101,0.0,2026-04-08,1523.1044921875,-6.5143,0.0,0,1,1,0,1,0,-4.6269,0,0.0,0.0,1.0,0.0,1.0,0.9068,1.0,1.0,1.0,0.0,1.0,1.0,-2.0102,1.0,1.0,1.0,0.0,1.0,0.0,-6.5144,0.0,60-65,60-65
AUBANK.NS|2026-03-20|ensemble_lr0.20_rf0.30_xgb0.50,AUBANK.NS,2026-03-20,ensemble_lr0.20_rf0.30_xgb0.50,2025-03-21,2026-03-20,2026-03-16,2025-04-23,2026-03-19,2026-03-20,227,2026-03-20,False,1,0.5507246376811593,0.18622641864379735,0.26,0.1566258668899536,0.19355821717373628,0,80.64,0.19355821717373628,0,80.64,SELL,0.3228,-0.3544,High Volatility,-0.5,0.0,unavailable_no_point_in_time_source,True,900.63,900.6253662109375,2026-03-23,848.7257690429688,-5.7626,0,2026-03-25,909.5167846679688,0.9872,1.0,2026-03-30,841.8824462890625,-6.5225,0.0,2026-04-08,966.8610229492188,7.3544,1.0,0,1,1,0,1,1,-5.7631,1,0.0,0.0,1.0,0.0,0.0,0.9867,0.0,1.0,1.0,0.0,1.0,1.0,-6.5229,1.0,0.0,0.0,1.0,0.0,0.0,7.3539,0.0,80-85,80-85
AXISBANK.NS|2026-03-20|ensemble_lr0.20_rf0.30_xgb0.50,AXISBANK.NS,2026-03-20,ensemble_lr0.20_rf0.30_xgb0.50,2025-03-21,2026-03-20,2026-03-16,2025-04-23,2026-03-19,2026-03-20,227,2026-03-20,False,0,0.572463768115942,0.5744875339587071,0.28,0.37272942066192627,0.3852622171227046,0,61.47,0.3852622171227046,0,61.47,SELL,0.2997,-0.4005,Bearish,-0.5,0.0,unavailable_no_point_in_time_source,True,1202.97,1202.9722900390625,2026-03-23,1169.6978759765625,-2.766,0,2026-03-25,1221.158203125,1.5117,1.0,2026-03-30,1160.4051513671875,-3.5385,0.0,2026-04-08,1331.9727783203125,10.7235,1.0,0,1,1,1,1,1,-2.7658,1,0.0,0.0,0.0,0.0,0.0,1.5119,0.0,1.0,1.0,1.0,1.0,1.0,-3.5383,1.0,0.0,0.0,0.0,0.0,0.0,10.7237,0.0,60-65,60-65
BAJAJ-AUTO.NS|2026-03-20|ensemble_lr0.20_rf0.30_xgb0.50,BAJAJ-AUTO.NS,2026-03-20,ensemble_lr0.20_rf0.30_xgb0.50,2025-03-21,2026-03-20,2026-03-16,2025-04-23,2026-03-19,2026-03-20,227,2026-03-20,False,1,0.5217391304347826,0.85557157895939,0.62,0.8066613078117371,0.7604449696977466,1,76.04,0.7604449696977466,1,76.04,HOLD,0.4542,-0.0915,Bearish,-0.165,0.0,unavailable_no_point_in_time_source,False,8925.39,8925.390625,2026-03-23,8654.20703125,-3.0383,0,2026-03-25,8922.9248046875,-0.0276,0.0,2026-03-30,8659.630859375,-2.9776,0.0,2026-04-08,9236.0185546875,3.4803,1.0,1,0,0,0,0,0,-3.0383,0,0.0,0.0,0.0,0.0,1.0,-0.0276,1.0,0.0,0.0,0.0,0.0,1.0,-2.9776,1.0,1.0,1.0,1.0,1.0,0.0,3.4803,0.0,75-80,75-80
BAJAJFINSV.NS|2026-03-20|ensemble_lr0.20_rf0.30_xgb0.50,BAJAJFINSV.NS,2026-03-20,ensemble_lr0.20_rf0.30_xgb0.50,2025-03-21,2026-03-20,2026-03-16,2025-04-23,2026-03-19,2026-03-20,227,2026-03-20,False,0,0.5,0.7299176282694966,0.58,0.8045249581336975,0.7222460047207481,1,72.22,0.7222460047207481,1,72.22,SELL,0.4117,-0.1767,Bearish,-0.835,0.0,unavailable_no_point_in_time_source,True,1708.84,1708.8419189453125,2026-03-23,1674.071533203125,-2.0347,0,2026-03-25,1744.711181640625,2.099,1.0,2026-03-30,1630.4088134765625,-4.5898,0.0,2026-04-08,1783.0784912109375,4.3443,1.0,0,0,0,1,1,1,-2.0346,1,1.0,1.0,0.0,0.0,0.0,2.0992,0.0,0.0,0.0,1.0,1.0,1.0,-4.5897,1.0,1.0,1.0,0.0,0.0,0.0,4.3444,0.0,70-75,70-75
BAJFINANCE.NS|2026-03-20|ensemble_lr0.20_rf0.30_xgb0.50,BAJFINANCE.NS,2026-03-20,ensemble_lr0.20_rf0.30_xgb0.50,2025-03-21,2026-03-20,2026-03-16,2025-04-23,2026-03-19,2026-03-20,227,2026-03-20,False,1,0.5579710144927535,0.10263847876775416,0.26,0.22908522188663483,0.21307030669686824,0,78.69,0.21307030669686824,0,78.69,SELL,0.3516,-0.2968,High Volatility,-0.665,0.0,unavailable_no_point_in_time_source,True,825.48,825.4755859375,2026-03-23,807.63525390625,-2.1612,0,2026-03-25,877.356689453125,6.285,1.0,2026-03-30,796.6527709960938,-3.4917,0.0,2026-04-08,909.4593505859375,10.174,1.0,0,1,1,0,1,1,-2.1617,1,0.0,0.0,1.0,0.0,0.0,6.2844,0.0,1.0,1.0,0.0,1.0,1.0,-3.4922,1.0,0.0,0.0,1.0,0.0,0.0,10.1734,0.0,75-80,75-80
BEL.NS|2026-03-20|ensemble_lr0.20_rf0.30_xgb0.50,BEL.NS,2026-03-20,ensemble_lr0.20_rf0.30_xgb0.50,2025-03-21,2026-03-20,2026-03-16,2025-04-23,2026-03-19,2026-03-20,227,2026-03-20,False,0,0.5289855072463768,0.5075111018164091,0.62,0.2711150050163269,0.4230597228714453,0,57.69,0.4230597228714453,0,57.69,HOLD,0.4887,-0.0226,High Volatility,0.335,0.0,unavailable_no_point_in_time_source,True,425.52,425.5223388671875,2026-03-23,404.95025634765625,-4.8345,0,2026-03-25,412.8894958496094,-2.9688,0.0,2026-03-30,400.1068420410156,-5.9728,0.0,2026-04-08,432.5128479003906,1.6428,1.0,0,1,1,1,1,0,-4.834,0,1.0,1.0,1.0,1.0,1.0,-2.9683,1.0,1.0,1.0,1.0,1.0,0.0,-5.9723,0.0,0.0,0.0,0.0,0.0,1.0,1.6434,1.0,55-60,55-60
BPCL.NS|2026-03-20|ensemble_lr0.20_rf0.30_xgb0.50,BPCL.NS,2026-03-20,ensemble_lr0.20_rf0.30_xgb0.50,2025-03-21,2026-03-20,2026-03-16,2025-04-23,2026-03-19,2026-03-20,227,2026-03-20,False,0,0.4855072463768116,0.4372764449035099,0.66,0.3611934185028076,0.4660519982321058,0,53.39,0.4660519982321058,0,53.39,SELL,0.3604,-0.2791,High Volatility,-0.665,0.0,unavailable_no_point_in_time_source,False,287.8,287.79998779296875,2026-03-23,271.29998779296875,-5.7331,0,2026-03-25,284.54998779296875,-1.1293,0.0,2026-03-30,281.0,-2.3627,0.0,2026-04-08,298.1000061035156,3.5789,1.0,1,1,1,1,0,1,-5.7332,1,1.0,1.0,1.0,0.0,1.0,-1.1293,1.0,1.0,1.0,1.0,0.0,1.0,-2.3628,1.0,0.0,0.0,0.0,1.0,0.0,3.5789,0.0,50-55,50-55
AARTIIND.NS|2026-03-30|ensemble_lr0.20_rf0.30_xgb0.50,AARTIIND.NS,2026-03-30,ensemble_lr0.20_rf0.30_xgb0.50,2025-04-01,2026-03-30,2026-03-30,2025-05-02,2026-03-27,2026-03-30,226,2026-03-30,False,0,0.4710144927536232,0.6832518637105711,0.66,0.7228579521179199,0.6960793488010741,1,69.61,0.6960793488010741,1,69.61,HOLD,0.5481,0.0962,High Volatility,0.0,0.0,unavailable_no_point_in_time_source,True,398.26,398.25830078125,2026-04-01,410.58380126953125,3.0949,1,2026-04-06,403.3981018066406,1.2906,1.0,2026-04-08,420.8633728027344,5.676,1.0,2026-04-16,437.0312194824219,9.7356,1.0,0,1,1,0,0,0,3.0944,0,1.0,1.0,0.0,0.0,1.0,1.2901,1.0,1.0,1.0,0.0,0.0,0.0,5.6755,0.0,1.0,1.0,0.0,0.0,0.0,9.7352,0.0,65-70,65-70
AAVAS.NS|2026-03-30|ensemble_lr0.20_rf0.30_xgb0.50,AAVAS.NS,2026-03-30,ensemble_lr0.20_rf0.30_xgb0.50,2025-04-01,2026-03-30,2026-03-30,2025-05-02,2026-03-27,2026-03-30,226,2026-03-30,False,0,0.5289855072463768,0.2608594628452455,0.3,0.4157905578613281,0.35006717149971317,0,64.99,0.35006717149971317,0,64.99,SELL,0.3654,-0.2692,High Volatility,-0.665,0.0,unavailable_no_point_in_time_source,False,1078.0,1078.0,2026-04-01,1134.199951171875,5.2134,1,2026-04-06,1149.4000244140625,6.6234,1.0,2026-04-08,1209.300048828125,12.18,1.0,2026-04-16,1308.300048828125,21.3636,1.0,0,0,0,0,0,0,5.2134,0,0.0,0.0,0.0,0.0,0.0,6.6234,0.0,0.0,0.0,0.0,0.0,0.0,12.18,0.0,0.0,0.0,0.0,0.0,0.0,21.3636,0.0,60-65,60-65
ABCAPITAL.NS|2026-03-30|ensemble_lr0.20_rf0.30_xgb0.50,ABCAPITAL.NS,2026-03-30,ensemble_lr0.20_rf0.30_xgb0.50,2025-04-01,2026-03-30,2026-03-30,2025-05-02,2026-03-27,2026-03-30,226,2026-03-30,False,1,0.5,0.6541958281784299,0.6,0.7989969849586487,0.7103376581150103,1,71.03,0.7103376581150103,1,71.03,HOLD,0.4487,-0.1025,High Volatility,-0.665,0.0,unavailable_no_point_in_time_source,True,292.25,292.25,2026-04-01,302.8999938964844,3.6441,1,2026-04-06,311.29998779296875,6.5184,1.0,2026-04-08,338.3999938964844,15.7913,1.0,2026-04-16,337.95001220703125,15.6373,1.0,0,1,1,1,0,0,3.6441,0,1.0,1.0,1.0,0.0,0.0,6.5184,0.0,1.0,1.0,1.0,0.0,0.0,15.7913,0.0,1.0,1.0,1.0,0.0,0.0,15.6373,0.0,70-75,70-75
ABFRL.NS|2026-03-30|ensemble_lr0.20_rf0.30_xgb0.50,ABFRL.NS,2026-03-30,ensemble_lr0.20_rf0.30_xgb0.50,2025-04-01,2026-03-30,2026-03-30,2025-05-02,2026-03-27,2026-03-30,226,2026-03-30,False,0,0.5869565217391304,0.5410723279470088,0.72,0.7310670614242554,0.6897479963015294,1,68.97,0.6897479963015294,1,68.97,HOLD,0.4605,-0.079,High Volatility,-0.665,0.0,unavailable_no_point_in_time_source,True,53.89,53.88999938964844,2026-04-01,58.04999923706055,7.7194,1,2026-04-06,58.939998626708984,9.3709,1.0,2026-04-08,59.470001220703125,10.3544,1.0,2026-04-16,63.779998779296875,18.3522,1.0,0,1,1,0,0,0,7.7194,0,1.0,1.0,0.0,0.0,0.0,9.3709,0.0,1.0,1.0,0.0,0.0,0.0,10.3544,0.0,1.0,1.0,0.0,0.0,0.0,18.3522,0.0,65-70,65-70
ACC.NS|2026-03-30|ensemble_lr0.20_rf0.30_xgb0.50,ACC.NS,2026-03-30,ensemble_lr0.20_rf0.30_xgb0.50,2025-04-01,2026-03-30,2026-03-30,2025-05-02,2026-03-27,2026-03-30,226,2026-03-30,False,0,0.4202898550724637,0.4665521456085695,0.48,0.8601824641227722,0.6674016611831,1,66.74,0.6674016611831,1,66.74,HOLD,0.4474,-0.1053,High Volatility,-1.0,0.0,unavailable_no_point_in_time_source,False,1247.38,1247.3824462890625,2026-04-01,1320.2607421875,5.8425,1,2026-04-06,1354.2640380859375,8.5685,1.0,2026-04-08,1402.8826904296875,12.4661,1.0,2026-04-16,1434.4998779296875,15.0008,1.0,0,1,1,0,0,0,5.8427,0,1.0,1.0,0.0,0.0,0.0,8.5687,0.0,1.0,1.0,0.0,0.0,0.0,12.4663,0.0,1.0,1.0,0.0,0.0,0.0,15.001,0.0,65-70,65-70
ADANIENT.NS|2026-03-30|ensemble_lr0.20_rf0.30_xgb0.50,ADANIENT.NS,2026-03-30,ensemble_lr0.20_rf0.30_xgb0.50,2025-04-01,2026-03-30,2026-03-30,2025-05-02,2026-03-27,2026-03-30,226,2026-03-30,False,0,0.49275362318840576,0.4374383772464024,0.38,0.2533583641052246,0.3281668575018928,0,67.18,0.3281668575018928,0,67.18,SELL,0.3305,-0.339,High Volatility,-1.0,0.0,unavailable_no_point_in_time_source,True,1758.01,1758.0140380859375,2026-04-01,1841.676513671875,4.7589,1,2026-04-06,1901.349853515625,8.1533,1.0,2026-04-08,2042.8865966796875,16.2042,1.0,2026-04-16,2202.715087890625,25.2956,1.0,0,0,0,0,0,0,4.7592,0,0.0,0.0,0.0,0.0,0.0,8.1535,0.0,0.0,0.0,0.0,0.0,0.0,16.2045,0.0,0.0,0.0,0.0,0.0,0.0,25.2959,0.0,65-70,65-70
ADANIPORTS.NS|2026-03-30|ensemble_lr0.20_rf0.30_xgb0.50,ADANIPORTS.NS,2026-03-30,ensemble_lr0.20_rf0.30_xgb0.50,2025-04-01,2026-03-30,2026-03-30,2025-05-02,2026-03-27,2026-03-30,226,2026-03-30,False,0,0.47826086956521735,0.6130820138482823,0.54,0.5587785243988037,0.5640056649690584,1,56.4,0.5640056649690584,1,56.4,HOLD,0.4486,-0.1028,High Volatility,-0.665,0.0,unavailable_no_point_in_time_source,True,1307.09,1307.09130859375,2026-04-01,1379.5858154296875,5.5462,1,2026-04-06,1381.2786865234375,5.6758,1.0,2026-04-08,1447.200927734375,10.7192,1.0,2026-04-16,1543.2958984375,18.071,1.0,0,1,1,0,0,0,5.5464,0,1.0,1.0,0.0,0.0,0.0,5.6759,0.0,1.0,1.0,0.0,0.0,0.0,10.7193,0.0,1.0,1.0,0.0,0.0,0.0,18.0711,0.0,55-60,55-60
AETHER.NS|2026-03-30|ensemble_lr0.20_rf0.30_xgb0.50,AETHER.NS,2026-03-30,ensemble_lr0.20_rf0.30_xgb0.50,2025-04-01,2026-03-30,2026-03-30,2025-05-02,2026-03-27,2026-03-30,226,2026-03-30,False,0,0.463768115942029,0.5656830571886523,0.5,0.4886458218097687,0.5074595223426148,1,50.75,0.5074595223426148,1,50.75,BUY,0.6941,0.3883,High Volatility,0.835,0.0,unavailable_no_point_in_time_source,False,1094.5,1094.5,2026-04-01,1116.0,1.9644,1,2026-04-06,1100.9000244140625,0.5847,1.0,2026-04-08,1134.800048828125,3.6821,1.0,2026-04-16,1187.4000244140625,8.4879,1.0,0,1,1,0,0,1,1.9644,1,1.0,1.0,0.0,0.0,1.0,0.5847,1.0,1.0,1.0,0.0,0.0,1.0,3.6821,1.0,1.0,1.0,0.0,0.0,1.0,8.4879,1.0,50-55,50-55
AIAENG.NS|2026-03-30|ensemble_lr0.20_rf0.30_xgb0.50,AIAENG.NS,2026-03-30,ensemble_lr0.20_rf0.30_xgb0.50,2025-04-01,2026-03-30,2026-03-30,2025-05-02,2026-03-27,2026-03-30,226,2026-03-30,False,0,0.5797101449275363,0.3661446070773252,0.34,0.1923856884241104,0.27142176562752024,0,72.86,0.27142176562752024,0,72.86,HOLD,0.4206,-0.1588,High Volatility,-0.335,0.0,unavailable_no_point_in_time_source,False,3622.98,3622.981201171875,2026-04-01,3667.21484375,1.2209,1,2026-04-06,3666.716796875,1.2072,1.0,2026-04-08,3660.7392578125,1.0422,1.0,2026-04-16,3910.599853515625,7.9387,1.0,1,0,0,0,1,1,1.221,1,0.0,0.0,0.0,1.0,1.0,1.2072,1.0,0.0,0.0,0.0,1.0,1.0,1.0422,1.0,0.0,0.0,0.0,1.0,0.0,7.9388,0.0,70-75,70-75
AJANTPHARM.NS|2026-03-30|ensemble_lr0.20_rf0.30_xgb0.50,AJANTPHARM.NS,2026-03-30,ensemble_lr0.20_rf0.30_xgb0.50,2025-04-01,2026-03-30,2026-03-30,2025-05-02,2026-03-27,2026-03-30,226,2026-03-30,False,0,0.44202898550724634,0.5418274539150708,0.48,0.5564733743667603,0.5306021779663943,1,53.06,0.5306021779663943,1,53.06,HOLD,0.5723,0.1446,High Volatility,0.0,0.0,unavailable_no_point_in_time_source,False,2779.64,2779.63623046875,2026-04-01,2791.22998046875,0.4171,1,2026-04-06,2717.40625,-2.2388,0.0,2026-04-08,2684.408447265625,-3.4259,0.0,2026-04-16,2801.931884765625,0.8021,1.0,0,1,1,0,0,1,0.417,1,0.0,0.0,1.0,1.0,1.0,-2.2389,1.0,0.0,0.0,1.0,1.0,0.0,-3.426,0.0,1.0,1.0,0.0,0.0,1.0,0.802,1.0,50-55,50-55
ALEMBICLTD.NS|2026-03-30|ensemble_lr0.20_rf0.30_xgb0.50,ALEMBICLTD.NS,2026-03-30,ensemble_lr0.20_rf0.30_xgb0.50,2025-04-01,2026-03-30,2026-03-30,2025-05-02,2026-03-27,2026-03-30,226,2026-03-30,False,0,0.39855072463768115,0.4635776151897393,0.54,0.689128577709198,0.5992798118925469,1,59.93,0.5992798118925469,1,59.93,HOLD,0.445,-0.11,High Volatility,-1.0,0.0,unavailable_no_point_in_time_source,False,69.04,69.04377746582031,2026-04-01,74.4874267578125,7.8843,1,2026-04-06,78.28531646728516,13.385,1.0,2026-04-08,83.3783950805664,20.7616,1.0,2026-04-16,87.098388671875,26.1495,1.0,0,1,1,0,0,0,7.8902,0,1.0,1.0,0.0,0.0,0.0,13.3912,0.0,1.0,1.0,0.0,0.0,0.0,20.7682,0.0,1.0,1.0,0.0,0.0,0.0,26.1564,0.0,55-60,55-60
ALKEM.NS|2026-03-30|ensemble_lr0.20_rf0.30_xgb0.50,ALKEM.NS,2026-03-30,ensemble_lr0.20_rf0.30_xgb0.50,2025-04-01,2026-03-30,2026-03-30,2025-05-02,2026-03-27,2026-03-30,226,2026-03-30,False,1,0.572463768115942,0.3989477107263497,0.44,0.45935243368148804,0.441465758986014,0,55.85,0.441465758986014,0,55.85,SELL,0.3828,-0.2343,Sideways,-0.335,0.0,unavailable_no_point_in_time_source,False,5289.53,5289.533203125,2026-04-01,5235.13037109375,-1.0285,0,2026-04-06,5227.14501953125,-1.1795,0.0,2026-04-08,5236.6279296875,-1.0002,0.0,2026-04-16,5560.048828125,5.1142,1.0,0,1,1,0,1,1,-1.0284,1,1.0,1.0,0.0,1.0,1.0,-1.1794,1.0,1.0,1.0,0.0,1.0,1.0,-1.0001,1.0,0.0,0.0,1.0,0.0,0.0,5.1142,0.0,55-60,55-60
AMBER.NS|2026-03-30|ensemble_lr0.20_rf0.30_xgb0.50,AMBER.NS,2026-03-30,ensemble_lr0.20_rf0.30_xgb0.50,2025-04-01,2026-03-30,2026-03-30,2025-05-02,2026-03-27,2026-03-30,226,2026-03-30,False,1,0.47826086956521735,0.5724179386329167,0.38,0.16117297112941742,0.30907007329129205,0,69.09,0.30907007329129205,0,69.09,SELL,0.3193,-0.3614,High Volatility,-0.5,0.0,unavailable_no_point_in_time_source,False,6549.0,6549.0,2026-04-01,6579.5,0.4657,1,2026-04-06,6405.0,-2.1988,0.0,2026-04-08,6944.0,6.0315,1.0,2026-04-16,7714.5,17.7966,1.0,0,0,0,1,0,0,0.4657,0,1.0,1.0,0.0,1.0,1.0,-2.1988,1.0,0.0,0.0,1.0,0.0,0.0,6.0315,0.0,0.0,0.0,1.0,0.0,0.0,17.7966,0.0,65-70,65-70
ANGELONE.NS|2026-03-30|ensemble_lr0.20_rf0.30_xgb0.50,ANGELONE.NS,2026-03-30,ensemble_lr0.20_rf0.30_xgb0.50,2025-04-01,2026-03-30,2026-03-30,2025-05-02,2026-03-27,2026-03-30,226,2026-03-30,False,1,0.5289855072463768,0.36472472600734734,0.34,0.24111007153987885,0.2954999809714089,0,70.45,0.2954999809714089,0,70.45,SELL,0.404,-0.1921,High Volatility,-0.335,0.0,unavailable_no_point_in_time_source,True,226.83,226.8284912109375,2026-04-01,239.85821533203125,5.7443,1,2026-04-06,245.29139709472656,8.1396,1.0,2026-04-08,266.7948913574219,17.6197,1.0,2026-04-16,291.70782470703125,28.6028,1.0,0,0,0,1,0,0,5.7436,0,0.0,0.0,1.0,0.0,0.0,8.1389,0.0,0.0,0.0,1.0,0.0,0.0,17.6189,0.0,0.0,0.0,1.0,0.0,0.0,28.602,0.0,70-75,70-75
APARINDS.NS|2026-03-30|ensemble_lr0.20_rf0.30_xgb0.50,APARINDS.NS,2026-03-30,ensemble_lr0.20_rf0.30_xgb0.50,2025-04-01,2026-03-30,2026-03-30,2025-05-02,2026-03-27,2026-03-30,226,2026-03-30,False,1,0.5289855072463768,0.855713289031532,0.44,0.3375468850135803,0.4719161003130966,0,52.81,0.4719161003130966,0,52.81,HOLD,0.5455,0.091,High Volatility,0.67,0.0,unavailable_no_point_in_time_source,False,9846.81,9846.8134765625,2026-04-01,9740.681640625,-1.0778,0,2026-04-06,9900.626953125,0.5465,1.0,2026-04-08,10452.7099609375,6.1532,1.0,2026-04-16,11227.5205078125,14.0219,1.0,0,1,1,0,1,1,-1.0778,1,0.0,0.0,1.0,0.0,1.0,0.5465,1.0,0.0,0.0,1.0,0.0,0.0,6.1533,0.0,0.0,0.0,1.0,0.0,0.0,14.0219,0.0,50-55,50-55
APOLLOHOSP.NS|2026-03-30|ensemble_lr0.20_rf0.30_xgb0.50,APOLLOHOSP.NS,2026-03-30,ensemble_lr0.20_rf0.30_xgb0.50,2025-04-01,2026-03-30,2026-03-30,2025-05-02,2026-03-27,2026-03-30,226,2026-03-30,False,0,0.5144927536231884,0.8685571793545891,0.58,0.7646105289459229,0.7300167003438792,1,73.0,0.7300167003438792,1,73.0,BUY,0.592,0.1841,Sideways,0.17,0.0,unavailable_no_point_in_time_source,False,7410.37,7410.37353515625,2026-04-01,7297.00537109375,-1.5299,0,2026-04-06,7364.4267578125,-0.62,0.0,2026-04-08,7392.8935546875,-0.2359,0.0,2026-04-16,7544.2177734375,1.8062,1.0,0,0,0,1,1,0,-1.5298,0,0.0,0.0,1.0,1.0,0.0,-0.62,0.0,0.0,0.0,1.0,1.0,0.0,-0.2358,0.0,1.0,1.0,0.0,0.0,1.0,1.8062,1.0,70-75,70-75
APOLLOTYRE.NS|2026-03-30|ensemble_lr0.20_rf0.30_xgb0.50,APOLLOTYRE.NS,2026-03-30,ensemble_lr0.20_rf0.30_xgb0.50,2025-04-01,2026-03-30,2026-03-30,2025-05-02,2026-03-27,2026-03-30,226,2026-03-30,False,0,0.4275362318840579,0.48674956470443076,0.42,0.27916839718818665,0.36293411153497945,0,63.71,0.36293411153497945,0,63.71,SELL,0.3358,-0.3283,High Volatility,-0.665,0.0,unavailable_no_point_in_time_source,True,409.96,409.95550537109375,2026-04-01,412.88873291015625,0.7155,1,2026-04-06,408.5634765625,-0.3396,0.0,2026-04-08,433.62017822265625,5.7725,1.0,2026-04-16,441.12725830078125,7.6037,1.0,0,0,0,0,0,0,0.7144,0,1.0,1.0,1.0,1.0,1.0,-0.3406,1.0,0.0,0.0,0.0,0.0,0.0,5.7713,0.0,0.0,0.0,0.0,0.0,0.0,7.6025,0.0,60-65,60-65
ASHOKLEY.NS|2026-03-30|ensemble_lr0.20_rf0.30_xgb0.50,ASHOKLEY.NS,2026-03-30,ensemble_lr0.20_rf0.30_xgb0.50,2025-04-01,2026-03-30,2026-03-30,2025-05-02,2026-03-27,2026-03-30,226,2026-03-30,False,1,0.5217391304347826,0.7815756965903463,0.42,0.5156201124191284,0.5401251955276335,1,54.01,0.5401251955276335,1,54.01,HOLD,0.4804,-0.0392,High Volatility,-0.5,0.0,unavailable_no_point_in_time_source,False,151.54,151.5447998046875,2026-04-01,146.60899353027344,-3.257,0,2026-04-06,148.37881469726562,-2.0891,0.0,2026-04-08,169.58700561523438,11.9055,1.0,2026-04-16,173.76573181152344,14.6629,1.0,0,0,0,0,1,0,-3.2539,0,0.0,0.0,0.0,1.0,1.0,-2.086,1.0,1.0,1.0,1.0,0.0,0.0,11.9091,0.0,1.0,1.0,1.0,0.0,0.0,14.6666,0.0,50-55,50-55
ASIANPAINT.NS|2026-03-30|ensemble_lr0.20_rf0.30_xgb0.50,ASIANPAINT.NS,2026-03-30,ensemble_lr0.20_rf0.30_xgb0.50,2025-04-01,2026-03-30,2026-03-30,2025-05-02,2026-03-27,2026-03-30,226,2026-03-30,False,0,0.5652173913043478,0.3669215119780547,0.38,0.28664496541023254,0.3307067851007272,0,66.93,0.3307067851007272,0,66.93,SELL,0.3372,-0.3256,Bearish,-0.665,0.0,unavailable_no_point_in_time_source,True,2146.58,2146.576171875,2026-04-01,2206.655029296875,2.7988,1,2026-04-06,2165.511962890625,0.8821,1.0,2026-04-08,2262.76806640625,5.4129,1.0,2026-04-16,2419.31005859375,12.7055,1.0,0,0,0,0,0,0,2.7986,0,0.0,0.0,0.0,0.0,0.0,0.882,0.0,0.0,0.0,0.0,0.0,0.0,5.4127,0.0,0.0,0.0,0.0,0.0,0.0,12.7053,0.0,65-70,65-70
ASTRAL.NS|2026-03-30|ensemble_lr0.20_rf0.30_xgb0.50,ASTRAL.NS,2026-03-30,ensemble_lr0.20_rf0.30_xgb0.50,2025-04-01,2026-03-30,2026-03-30,2025-05-02,2026-03-27,2026-03-30,226,2026-03-30,False,1,0.48550724637681153,0.6187841813076465,0.5,0.46331408619880676,0.5054138793609326,1,50.54,0.5054138793609326,1,50.54,BUY,0.5891,0.1781,High Volatility,0.335,0.0,unavailable_no_point_in_time_source,False,1596.49,1596.489013671875,2026-04-01,1567.8341064453125,-1.7949,0,2026-04-06,1520.40869140625,-4.7655,0.0,2026-04-08,1523.1044921875,-4.5966,0.0,2026-04-16,1576.2208251953125,-1.2695,0.0,0,0,0,0,1,0,-1.7949,0,0.0,0.0,0.0,1.0,0.0,-4.7655,0.0,0.0,0.0,0.0,1.0,0.0,-4.5967,0.0,0.0,0.0,0.0,1.0,0.0,-1.2696,0.0,50-55,50-55
AUBANK.NS|2026-03-30|ensemble_lr0.20_rf0.30_xgb0.50,AUBANK.NS,2026-03-30,ensemble_lr0.20_rf0.30_xgb0.50,2025-04-01,2026-03-30,2026-03-30,2025-05-02,2026-03-27,2026-03-30,226,2026-03-30,False,0,0.5434782608695652,0.368668651182291,0.34,0.3470417261123657,0.3492545932926411,0,65.07,0.3492545932926411,0,65.07,SELL,0.3432,-0.3135,High Volatility,-0.5,0.0,unavailable_no_point_in_time_source,True,841.88,841.8824462890625,2026-04-01,874.0512084960938,3.8211,1,2026-04-06,882.6928100585938,4.8475,1.0,2026-04-08,966.8610229492188,14.8451,1.0,2026-04-16,982.9954223632812,16.7616,1.0,0,0,0,0,0,0,3.8214,0,0.0,0.0,0.0,0.0,0.0,4.8478,0.0,0.0,0.0,0.0,0.0,0.0,14.8455,0.0,0.0,0.0,0.0,0.0,0.0,16.7619,0.0,65-70,65-70
AXISBANK.NS|2026-03-30|ensemble_lr0.20_rf0.30_xgb0.50,AXISBANK.NS,2026-03-30,ensemble_lr0.20_rf0.30_xgb0.50,2025-04-01,2026-03-30,2026-03-30,2025-05-02,2026-03-27,2026-03-30,226,2026-03-30,False,0,0.5507246376811594,0.4295178147937827,0.66,0.7441352009773254,0.6559711634474192,1,65.6,0.6559711634474192,1,65.6,HOLD,0.4717,-0.0566,High Volatility,-0.5,0.0,unavailable_no_point_in_time_source,True,1160.41,1160.4051513671875,2026-04-01,1192.1805419921875,2.7383,1,2026-04-06,1244.34033203125,7.2333,1.0,2026-04-08,1331.9727783203125,14.7851,1.0,2026-04-16,1348.5599365234375,16.2146,1.0,0,1,1,0,0,1,2.7379,1,1.0,1.0,0.0,0.0,0.0,7.2328,0.0,1.0,1.0,0.0,0.0,0.0,14.7847,0.0,1.0,1.0,0.0,0.0,0.0,16.2141,0.0,65-70,65-70
BAJAJ-AUTO.NS|2026-03-30|ensemble_lr0.20_rf0.30_xgb0.50,BAJAJ-AUTO.NS,2026-03-30,ensemble_lr0.20_rf0.30_xgb0.50,2025-04-01,2026-03-30,2026-03-30,2025-05-02,2026-03-27,2026-03-30,226,2026-03-30,False,1,0.5434782608695653,0.7240742287496648,0.72,0.8536435961723328,0.7876366438360993,1,78.76,0.7876366438360993,1,78.76,SELL,0.4188,-0.1624,Bearish,-0.5,0.0,unavailable_no_point_in_time_source,False,8659.63,8659.630859375,2026-04-01,8772.048828125,1.2982,1,2026-04-06,8818.396484375,1.8334,1.0,2026-04-08,9236.0185546875,6.656,1.0,2026-04-16,9688.6484375,11.8829,1.0,0,1,1,1,0,0,1.2982,0,1.0,1.0,1.0,0.0,0.0,1.8334,0.0,1.0,1.0,1.0,0.0,0.0,6.656,0.0,1.0,1.0,1.0,0.0,0.0,11.8829,0.0,75-80,75-80
BAJAJFINSV.NS|2026-03-30|ensemble_lr0.20_rf0.30_xgb0.50,BAJAJFINSV.NS,2026-03-30,ensemble_lr0.20_rf0.30_xgb0.50,2025-04-01,2026-03-30,2026-03-30,2025-05-02,2026-03-27,2026-03-30,226,2026-03-30,False,0,0.47826086956521735,0.6089893893084906,0.38,0.32123038172721863,0.3964130687253074,0,60.36,0.3964130687253074,0,60.36,SELL,0.3329,-0.3343,High Volatility,-1.0,0.0,unavailable_no_point_in_time_source,True,1630.41,1630.4088134765625,2026-04-01,1645.5958251953125,0.9315,1,2026-04-06,1670.874267578125,2.4819,1.0,2026-04-08,1783.0784912109375,9.3639,1.0,2026-04-16,1828.33984375,12.14,1.0,0,0,0,0,0,0,0.9314,0,0.0,0.0,0.0,0.0,0.0,2.4818,0.0,0.0,0.0,0.0,0.0,0.0,9.3638,0.0,0.0,0.0,0.0,0.0,0.0,12.1399,0.0,60-65,60-65
BAJFINANCE.NS|2026-03-30|ensemble_lr0.20_rf0.30_xgb0.50,BAJFINANCE.NS,2026-03-30,ensemble_lr0.20_rf0.30_xgb0.50,2025-04-01,2026-03-30,2026-03-30,2025-05-02,2026-03-27,2026-03-30,226,2026-03-30,False,1,0.47826086956521746,0.44760658489521676,0.5,0.4742714464664459,0.4766570402122663,0,52.33,0.4766570402122663,0,52.33,SELL,0.3301,-0.3399,High Volatility,-0.835,0.0,unavailable_no_point_in_time_source,False,796.65,796.6527709960938,2026-04-01,812.3065795898438,1.9649,1,2026-04-06,845.6515502929688,6.1506,1.0,2026-04-08,909.4593505859375,14.1601,1.0,2026-04-16,900.3652954101562,13.0185,1.0,0,0,0,1,0,0,1.9653,0,0.0,0.0,1.0,0.0,0.0,6.151,0.0,0.0,0.0,1.0,0.0,0.0,14.1605,0.0,0.0,0.0,1.0,0.0,0.0,13.0189,0.0,50-55,50-55
BEL.NS|2026-03-30|ensemble_lr0.20_rf0.30_xgb0.50,BEL.NS,2026-03-30,ensemble_lr0.20_rf0.30_xgb0.50,2025-04-01,2026-03-30,2026-03-30,2025-05-02,2026-03-27,2026-03-30,226,2026-03-30,False,0,0.5507246376811595,0.660588671611081,0.2,0.26788330078125,0.32605938471284124,0,67.39,0.32605938471284124,0,67.39,SELL,0.36,-0.2799,High Volatility,-0.335,0.0,unavailable_no_point_in_time_source,True,400.11,400.1068420410156,2026-04-01,418.13238525390625,4.5052,1,2026-04-06,426.5708923339844,6.6142,1.0,2026-04-08,432.5128479003906,8.0993,1.0,2026-04-16,455.0322570800781,13.7277,1.0,0,0,0,0,0,0,4.5044,0,0.0,0.0,0.0,0.0,0.0,6.6134,0.0,0.0,0.0,0.0,0.0,0.0,8.0985,0.0,0.0,0.0,0.0,0.0,0.0,13.7268,0.0,65-70,65-70
BPCL.NS|2026-03-30|ensemble_lr0.20_rf0.30_xgb0.50,BPCL.NS,2026-03-30,ensemble_lr0.20_rf0.30_xgb0.50,2025-04-01,2026-03-30,2026-03-30,2025-05-02,2026-03-27,2026-03-30,226,2026-03-30,False,0,0.5289855072463768,0.7385585600134185,0.44,0.3621392250061035,0.4607813245057355,0,53.92,0.4607813245057355,0,53.92,SELL,0.3303,-0.3395,High Volatility,-0.665,0.0,unavailable_no_point_in_time_source,False,281.0,281.0,2026-04-01,281.25,0.089,1,2026-04-06,278.70001220703125,-0.8185,0.0,2026-04-08,298.1000061035156,6.0854,1.0,2026-04-16,307.95001220703125,9.5908,1.0,0,0,0,0,0,0,0.089,0,1.0,1.0,1.0,1.0,1.0,-0.8185,1.0,0.0,0.0,0.0,0.0,0.0,6.0854,0.0,0.0,0.0,0.0,0.0,0.0,9.5908,0.0,50-55,50-55
AARTIIND.NS|2026-04-08|ensemble_lr0.20_rf0.30_xgb0.50,AARTIIND.NS,2026-04-08,ensemble_lr0.20_rf0.30_xgb0.50,2025-04-09,2026-04-08,2026-04-06,2025-05-12,2026-04-07,2026-04-08,225,2026-04-08,False,0,0.4296296296296296,0.4783908077634432,0.3,0.14762449264526367,0.2594904078753205,0,74.05,0.2594904078753205,0,74.05,HOLD,0.448,-0.1041,High Volatility,-0.165,0.0,unavailable_no_point_in_time_source,True,420.86,420.8633728027344,2026-04-09,420.7136535644531,-0.0356,0,2026-04-13,423.45819091796875,0.6165,1.0,2026-04-16,437.0312194824219,3.8416,1.0,2026-04-23,464.9756774902344,10.4814,1.0,1,1,1,1,0,1,-0.0348,1,0.0,0.0,0.0,1.0,1.0,0.6174,1.0,0.0,0.0,0.0,1.0,0.0,3.8424,0.0,0.0,0.0,0.0,1.0,0.0,10.4823,0.0,70-75,70-75
AAVAS.NS|2026-04-08|ensemble_lr0.20_rf0.30_xgb0.50,AAVAS.NS,2026-04-08,ensemble_lr0.20_rf0.30_xgb0.50,2025-04-09,2026-04-08,2026-04-06,2025-05-12,2026-04-07,2026-04-08,225,2026-04-08,False,0,0.5333333333333333,0.20195359931629872,0.36,0.28596410155296326,0.2913727706397414,0,70.86,0.2913727706397414,0,70.86,SELL,0.3892,-0.2216,High Volatility,-0.5,0.0,unavailable_no_point_in_time_source,False,1209.3,1209.300048828125,2026-04-09,1220.5,0.9262,1,2026-04-13,1283.5999755859375,6.144,1.0,2026-04-16,1308.300048828125,8.1866,1.0,2026-04-23,1411.300048828125,16.7039,1.0,1,0,0,0,1,0,0.9262,0,0.0,0.0,0.0,1.0,0.0,6.144,0.0,0.0,0.0,0.0,1.0,0.0,8.1866,0.0,0.0,0.0,0.0,1.0,0.0,16.7039,0.0,70-75,70-75
ABCAPITAL.NS|2026-04-08|ensemble_lr0.20_rf0.30_xgb0.50,ABCAPITAL.NS,2026-04-08,ensemble_lr0.20_rf0.30_xgb0.50,2025-04-09,2026-04-08,2026-04-06,2025-05-12,2026-04-07,2026-04-08,225,2026-04-08,False,1,0.5037037037037037,0.05621892994070134,0.28,0.2314857840538025,0.2109866780150415,0,78.9,0.2109866780150415,0,78.9,HOLD,0.4511,-0.0977,High Volatility,0.0,0.0,unavailable_no_point_in_time_source,True,338.4,338.3999938964844,2026-04-09,334.54998779296875,-1.1377,0,2026-04-13,337.45001220703125,-0.2807,0.0,2026-04-16,337.95001220703125,-0.133,0.0,2026-04-23,349.75,3.354,1.0,1,1,1,0,0,1,-1.1377,1,1.0,1.0,0.0,0.0,1.0,-0.2807,1.0,1.0,1.0,0.0,0.0,1.0,-0.133,1.0,0.0,0.0,1.0,1.0,0.0,3.354,0.0,75-80,75-80
ABFRL.NS|2026-04-08|ensemble_lr0.20_rf0.30_xgb0.50,ABFRL.NS,2026-04-08,ensemble_lr0.20_rf0.30_xgb0.50,2025-04-09,2026-04-08,2026-04-06,2025-05-12,2026-04-07,2026-04-08,225,2026-04-08,False,0,0.5851851851851851,0.3192726585767147,0.28,0.4017946720123291,0.3487518677215075,0,65.12,0.3487518677215075,0,65.12,SELL,0.4186,-0.1628,High Volatility,-0.165,0.0,unavailable_no_point_in_time_source,True,59.47,59.470001220703125,2026-04-09,58.43000030517578,-1.7488,0,2026-04-13,61.959999084472656,4.187,1.0,2026-04-16,63.779998779296875,7.2473,1.0,2026-04-23,63.20000076293945,6.2721,1.0,1,1,1,1,0,1,-1.7488,1,0.0,0.0,0.0,1.0,0.0,4.187,0.0,0.0,0.0,0.0,1.0,0.0,7.2473,0.0,0.0,0.0,0.0,1.0,0.0,6.2721,0.0,65-70,65-70
ACC.NS|2026-04-08|ensemble_lr0.20_rf0.30_xgb0.50,ACC.NS,2026-04-08,ensemble_lr0.20_rf0.30_xgb0.50,2025-04-09,2026-04-08,2026-04-06,2025-05-12,2026-04-07,2026-04-08,225,2026-04-08,False,0,0.45925925925925926,0.1336215165624653,0.4,0.5251652598381042,0.4093069332315452,0,59.07,0.4093069332315452,0,59.07,SELL,0.4113,-0.1773,High Volatility,-0.5,0.0,unavailable_no_point_in_time_source,False,1402.88,1402.8826904296875,2026-04-09,1383.892578125,-1.3536,0,2026-04-13,1402.3856201171875,-0.0354,0.0,2026-04-16,1434.4998779296875,2.2537,1.0,2026-04-23,1414.9130859375,0.8575,1.0,1,1,1,1,0,1,-1.3535,1,1.0,1.0,1.0,0.0,1.0,-0.0352,1.0,0.0,0.0,0.0,1.0,0.0,2.2539,0.0,0.0,0.0,0.0,1.0,0.0,0.8577,0.0,55-60,55-60
ADANIENT.NS|2026-04-08|ensemble_lr0.20_rf0.30_xgb0.50,ADANIENT.NS,2026-04-08,ensemble_lr0.20_rf0.30_xgb0.50,2025-04-09,2026-04-08,2026-04-06,2025-05-12,2026-04-07,2026-04-08,225,2026-04-08,False,0,0.4518518518518519,0.5084957848016923,0.72,0.3175106644630432,0.47645448919186006,0,52.35,0.47645448919186006,0,52.35,HOLD,0.4331,-0.1339,High Volatility,-0.335,0.0,unavailable_no_point_in_time_source,False,2042.89,2042.8865966796875,2026-04-09,2039.5880126953125,-0.1615,0,2026-04-13,2128.048583984375,4.1687,1.0,2026-04-16,2202.715087890625,7.8237,1.0,2026-04-23,2298.97216796875,12.5355,1.0,1,1,1,1,0,1,-0.1616,1,0.0,0.0,0.0,1.0,0.0,4.1685,0.0,0.0,0.0,0.0,1.0,0.0,7.8235,0.0,0.0,0.0,0.0,1.0,0.0,12.5353,0.0,50-55,50-55
ADANIPORTS.NS|2026-04-08|ensemble_lr0.20_rf0.30_xgb0.50,ADANIPORTS.NS,2026-04-08,ensemble_lr0.20_rf0.30_xgb0.50,2025-04-09,2026-04-08,2026-04-06,2025-05-12,2026-04-07,2026-04-08,225,2026-04-08,False,0,0.4666666666666666,0.49612324389730195,0.56,0.7243496179580688,0.6293994577584948,1,62.94,0.6293994577584948,1,62.94,HOLD,0.5708,0.1416,High Volatility,0.0,0.0,unavailable_no_point_in_time_source,True,1447.2,1447.200927734375,2026-04-09,1441.32568359375,-0.406,0,2026-04-13,1459.1505126953125,0.8257,1.0,2026-04-16,1543.2958984375,6.6401,1.0,2026-04-23,1596.1729736328125,10.2938,1.0,1,0,0,1,0,1,-0.4059,1,1.0,1.0,0.0,1.0,1.0,0.8258,1.0,1.0,1.0,0.0,1.0,0.0,6.6401,0.0,1.0,1.0,0.0,1.0,0.0,10.2939,0.0,60-65,60-65
AETHER.NS|2026-04-08|ensemble_lr0.20_rf0.30_xgb0.50,AETHER.NS,2026-04-08,ensemble_lr0.20_rf0.30_xgb0.50,2025-04-09,2026-04-08,2026-04-06,2025-05-12,2026-04-07,2026-04-08,225,2026-04-08,False,0,0.49629629629629624,0.3543835701699036,0.3,0.20495763421058655,0.263355531139274,0,73.66,0.263355531139274,0,73.66,HOLD,0.528,0.0559,High Volatility,0.5,0.0,unavailable_no_point_in_time_source,False,1134.8,1134.800048828125,2026-04-09,1133.800048828125,-0.0881,0,2026-04-13,1185.300048828125,4.4501,1.0,2026-04-16,1187.4000244140625,4.6352,1.0,2026-04-23,1181.4000244140625,4.1064,1.0,1,1,1,1,0,1,-0.0881,1,0.0,0.0,0.0,1.0,0.0,4.4501,0.0,0.0,0.0,0.0,1.0,0.0,4.6352,0.0,0.0,0.0,0.0,1.0,0.0,4.1065,0.0,70-75,70-75
AIAENG.NS|2026-04-08|ensemble_lr0.20_rf0.30_xgb0.50,AIAENG.NS,2026-04-08,ensemble_lr0.20_rf0.30_xgb0.50,2025-04-09,2026-04-08,2026-04-06,2025-05-12,2026-04-07,2026-04-08,225,2026-04-08,False,0,0.5481481481481482,0.6200453567655083,0.58,0.6669255495071411,0.6314718461066722,1,63.15,0.6314718461066722,1,63.15,HOLD,0.5609,0.1217,High Volatility,0.0,0.0,unavailable_no_point_in_time_source,False,3660.74,3660.7392578125,2026-04-09,3618.19921875,-1.1621,0,2026-04-13,3812.767822265625,4.1529,1.0,2026-04-16,3910.599853515625,6.8254,1.0,2026-04-23,4064.322265625,11.0246,1.0,0,0,0,1,1,1,-1.1621,1,1.0,1.0,0.0,0.0,0.0,4.1529,0.0,1.0,1.0,0.0,0.0,0.0,6.8254,0.0,1.0,1.0,0.0,0.0,0.0,11.0246,0.0,60-65,60-65
AJANTPHARM.NS|2026-04-08|ensemble_lr0.20_rf0.30_xgb0.50,AJANTPHARM.NS,2026-04-08,ensemble_lr0.20_rf0.30_xgb0.50,2025-04-09,2026-04-08,2026-04-06,2025-05-12,2026-04-07,2026-04-08,225,2026-04-08,False,0,0.43703703703703706,0.2640036498640102,0.24,0.2638585567474365,0.25673000834652027,0,74.33,0.25673000834652027,0,74.33,SELL,0.3876,-0.2248,High Volatility,-0.335,0.0,unavailable_no_point_in_time_source,False,2684.41,2684.408447265625,2026-04-09,2726.027099609375,1.5504,1,2026-04-13,2870.999267578125,6.9509,1.0,2026-04-16,2801.931884765625,4.378,1.0,2026-04-23,2755.556640625,2.6504,1.0,0,0,0,0,0,0,1.5503,0,0.0,0.0,0.0,0.0,0.0,6.9508,0.0,0.0,0.0,0.0,0.0,0.0,4.3779,0.0,0.0,0.0,0.0,0.0,0.0,2.6504,0.0,70-75,70-75
ALEMBICLTD.NS|2026-04-08|ensemble_lr0.20_rf0.30_xgb0.50,ALEMBICLTD.NS,2026-04-08,ensemble_lr0.20_rf0.30_xgb0.50,2025-04-09,2026-04-08,2026-04-06,2025-05-12,2026-04-07,2026-04-08,225,2026-04-08,False,0,0.4666666666666666,0.6059625030603859,0.7,0.7594174742698669,0.7109012377470106,1,71.09,0.7109012377470106,1,71.09,HOLD,0.5213,0.0425,High Volatility,-0.335,0.0,unavailable_no_point_in_time_source,False,83.38,83.3783950805664,2026-04-09,82.45326232910156,-1.1096,0,2026-04-13,82.4240493774414,-1.1446,0.0,2026-04-16,87.098388671875,4.4616,1.0,2026-04-23,90.98392486572266,9.1217,1.0,1,0,0,1,0,1,-1.1115,1,0.0,0.0,1.0,0.0,1.0,-1.1465,1.0,1.0,1.0,0.0,1.0,0.0,4.4596,0.0,1.0,1.0,0.0,1.0,0.0,9.1196,0.0,70-75,70-75
ALKEM.NS|2026-04-08|ensemble_lr0.20_rf0.30_xgb0.50,ALKEM.NS,2026-04-08,ensemble_lr0.20_rf0.30_xgb0.50,2025-04-09,2026-04-08,2026-04-06,2025-05-12,2026-04-07,2026-04-08,225,2026-04-08,False,1,0.6148148148148148,0.17202066550353268,0.28,0.2647800147533417,0.25079414047737736,0,74.92,0.25079414047737736,0,74.92,SELL,0.3687,-0.2627,Sideways,-0.335,0.0,unavailable_no_point_in_time_source,False,5236.63,5236.6279296875,2026-04-09,5360.9052734375,2.3732,1,2026-04-13,5354.916015625,2.2589,1.0,2026-04-16,5560.048828125,6.1761,1.0,2026-04-23,5510.6376953125,5.2326,1.0,1,0,0,1,1,0,2.3732,0,0.0,0.0,1.0,1.0,0.0,2.2588,0.0,0.0,0.0,1.0,1.0,0.0,6.1761,0.0,0.0,0.0,1.0,1.0,0.0,5.2325,0.0,70-75,70-75
AMBER.NS|2026-04-08|ensemble_lr0.20_rf0.30_xgb0.50,AMBER.NS,2026-04-08,ensemble_lr0.20_rf0.30_xgb0.50,2025-04-09,2026-04-08,2026-04-06,2025-05-12,2026-04-07,2026-04-08,225,2026-04-08,False,1,0.4444444444444444,0.5760121842253049,0.5,0.2251308560371399,0.3777678648636309,0,62.22,0.3777678648636309,0,62.22,HOLD,0.4233,-0.1533,High Volatility,-0.165,0.0,unavailable_no_point_in_time_source,False,6944.0,6944.0,2026-04-09,6888.5,-0.7993,0,2026-04-13,7178.5,3.377,1.0,2026-04-16,7714.5,11.0959,1.0,2026-04-23,7795.0,12.2552,1.0,1,1,1,0,0,1,-0.7993,1,0.0,0.0,1.0,1.0,0.0,3.377,0.0,0.0,0.0,1.0,1.0,0.0,11.0959,0.0,0.0,0.0,1.0,1.0,0.0,12.2552,0.0,60-65,60-65
ANGELONE.NS|2026-04-08|ensemble_lr0.20_rf0.30_xgb0.50,ANGELONE.NS,2026-04-08,ensemble_lr0.20_rf0.30_xgb0.50,2025-04-09,2026-04-08,2026-04-06,2025-05-12,2026-04-07,2026-04-08,225,2026-04-08,False,1,0.6,0.6320864128382891,0.64,0.14305658638477325,0.38994557576004446,0,61.01,0.38994557576004446,0,61.01,HOLD,0.5475,0.095,High Volatility,0.335,0.0,unavailable_no_point_in_time_source,True,266.79,266.7948913574219,2026-04-09,280.93115234375,5.2986,1,2026-04-13,279.5953063964844,4.7978,1.0,2026-04-16,291.70782470703125,9.3379,1.0,2026-04-23,320.21966552734375,20.0247,1.0,1,0,0,1,1,0,5.3005,0,0.0,0.0,1.0,1.0,0.0,4.7998,0.0,0.0,0.0,1.0,1.0,0.0,9.3399,0.0,0.0,0.0,1.0,1.0,0.0,20.0269,0.0,60-65,60-65
APARINDS.NS|2026-04-08|ensemble_lr0.20_rf0.30_xgb0.50,APARINDS.NS,2026-04-08,ensemble_lr0.20_rf0.30_xgb0.50,2025-04-09,2026-04-08,2026-04-06,2025-05-12,2026-04-07,2026-04-08,225,2026-04-08,False,1,0.45925925925925926,0.8906754281607955,0.58,0.7538333535194397,0.729051762391879,1,72.91,0.729051762391879,1,72.91,BUY,0.6395,0.279,High Volatility,0.67,0.0,unavailable_no_point_in_time_source,False,10452.71,10452.7099609375,2026-04-09,10729.748046875,2.6504,1,2026-04-13,11076.5439453125,5.9682,1.0,2026-04-16,11227.5205078125,7.4125,1.0,2026-04-23,11797.04296875,12.8611,1.0,1,1,1,1,1,1,2.6504,1,1.0,1.0,1.0,1.0,1.0,5.9682,1.0,1.0,1.0,1.0,1.0,1.0,7.4125,1.0,1.0,1.0,1.0,1.0,1.0,12.8611,1.0,70-75,70-75
APOLLOHOSP.NS|2026-04-08|ensemble_lr0.20_rf0.30_xgb0.50,APOLLOHOSP.NS,2026-04-08,ensemble_lr0.20_rf0.30_xgb0.50,2025-04-09,2026-04-08,2026-04-06,2025-05-12,2026-04-07,2026-04-08,225,2026-04-08,False,0,0.5629629629629629,0.726898795064305,0.52,0.37482407689094543,0.48879179745833373,0,51.12,0.48879179745833373,0,51.12,HOLD,0.4711,-0.0578,Sideways,0.17,0.0,unavailable_no_point_in_time_source,False,7392.89,7392.8935546875,2026-04-09,7472.80078125,1.0809,1,2026-04-13,7507.76025390625,1.5537,1.0,2026-04-16,7544.2177734375,2.0469,1.0,2026-04-23,7771.95263671875,5.1273,1.0,1,0,0,0,1,1,1.0809,1,0.0,0.0,0.0,1.0,1.0,1.5538,1.0,0.0,0.0,0.0,1.0,1.0,2.0469,1.0,0.0,0.0,0.0,1.0,0.0,5.1274,0.0,50-55,50-55
APOLLOTYRE.NS|2026-04-08|ensemble_lr0.20_rf0.30_xgb0.50,APOLLOTYRE.NS,2026-04-08,ensemble_lr0.20_rf0.30_xgb0.50,2025-04-09,2026-04-08,2026-04-06,2025-05-12,2026-04-07,2026-04-08,225,2026-04-08,False,0,0.5555555555555555,0.6429815799105053,0.42,0.49012425541877747,0.4996584436914898,0,50.03,0.4996584436914898,0,50.03,HOLD,0.4339,-0.1323,High Volatility,-0.335,0.0,unavailable_no_point_in_time_source,False,433.62,433.62017822265625,2026-04-09,437.8460388183594,0.9746,1,2026-04-13,429.94122314453125,-0.8484,0.0,2026-04-16,441.12725830078125,1.7313,1.0,2026-04-23,429.990966796875,-0.837,0.0,1,0,0,0,1,1,0.9746,1,1.0,1.0,1.0,0.0,1.0,-0.8484,1.0,0.0,0.0,0.0,1.0,1.0,1.7313,1.0,1.0,1.0,1.0,0.0,1.0,-0.8369,1.0,50-55,50-55
ASHOKLEY.NS|2026-04-08|ensemble_lr0.20_rf0.30_xgb0.50,ASHOKLEY.NS,2026-04-08,ensemble_lr0.20_rf0.30_xgb0.50,2025-04-09,2026-04-08,2026-04-06,2025-05-12,2026-04-07,2026-04-08,225,2026-04-08,False,1,0.525925925925926,0.04447210307327516,0.36,0.3752713203430176,0.30453008078616384,0,69.55,0.30453008078616384,0,69.55,HOLD,0.4627,-0.0747,High Volatility,0.0,0.0,unavailable_no_point_in_time_source,False,169.59,169.58700561523438,2026-04-09,167.52224731445312,-1.2175,0,2026-04-13,169.17405700683594,-0.2435,0.0,2026-04-16,173.76573181152344,2.4641,1.0,2026-04-23,167.76805114746094,-1.0726,0.0,1,1,1,0,0,1,-1.2193,1,1.0,1.0,0.0,0.0,1.0,-0.2453,1.0,0.0,0.0,1.0,1.0,1.0,2.4623,1.0,1.0,1.0,0.0,0.0,1.0,-1.0743,1.0,65-70,65-70
ASIANPAINT.NS|2026-04-08|ensemble_lr0.20_rf0.30_xgb0.50,ASIANPAINT.NS,2026-04-08,ensemble_lr0.20_rf0.30_xgb0.50,2025-04-09,2026-04-08,2026-04-06,2025-05-12,2026-04-07,2026-04-08,225,2026-04-08,False,0,0.5555555555555555,0.4578095853759089,0.5,0.8523619771003723,0.6677429056253679,1,66.77,0.6677429056253679,1,66.77,HOLD,0.547,0.094,High Volatility,-0.335,0.0,unavailable_no_point_in_time_source,True,2262.77,2262.76806640625,2026-04-09,2250.078369140625,-0.5608,0,2026-04-13,2332.166015625,3.0669,1.0,2026-04-16,2419.31005859375,6.9182,1.0,2026-04-23,2499.71240234375,10.4714,1.0,1,0,0,1,0,1,-0.5609,1,1.0,1.0,0.0,1.0,0.0,3.0669,0.0,1.0,1.0,0.0,1.0,0.0,6.9181,0.0,1.0,1.0,0.0,1.0,0.0,10.4713,0.0,65-70,65-70
ASTRAL.NS|2026-04-08|ensemble_lr0.20_rf0.30_xgb0.50,ASTRAL.NS,2026-04-08,ensemble_lr0.20_rf0.30_xgb0.50,2025-04-09,2026-04-08,2026-04-06,2025-05-12,2026-04-07,2026-04-08,225,2026-04-08,False,1,0.43703703703703706,0.4699058683287719,0.58,0.7231679558753967,0.6295651516034527,1,62.96,0.6295651516034527,1,62.96,BUY,0.5885,0.1771,High Volatility,0.17,0.0,unavailable_no_point_in_time_source,False,1523.1,1523.1044921875,2026-04-09,1561.244384765625,2.5041,1,2026-04-13,1622.5479736328125,6.529,1.0,2026-04-16,1576.2208251953125,3.4874,1.0,2026-04-23,1572.4268798828125,3.2383,1.0,0,1,1,1,0,1,2.5044,1,1.0,1.0,1.0,0.0,1.0,6.5293,1.0,1.0,1.0,1.0,0.0,1.0,3.4877,1.0,1.0,1.0,1.0,0.0,1.0,3.2386,1.0,60-65,60-65
AUBANK.NS|2026-04-08|ensemble_lr0.20_rf0.30_xgb0.50,AUBANK.NS,2026-04-08,ensemble_lr0.20_rf0.30_xgb0.50,2025-04-09,2026-04-08,2026-04-06,2025-05-12,2026-04-07,2026-04-08,225,2026-04-08,False,1,0.6222222222222222,0.0394779339788236,0.34,0.4291534721851349,0.32447232288833217,0,67.55,0.32447232288833217,0,67.55,HOLD,0.4529,-0.0943,High Volatility,0.0,0.0,unavailable_no_point_in_time_source,True,966.86,966.8610229492188,2026-04-09,962.0657348632812,-0.496,0,2026-04-13,978.1001586914062,1.1624,1.0,2026-04-16,982.9954223632812,1.6687,1.0,2026-04-23,1055.2252197265625,9.1393,1.0,1,1,1,0,0,1,-0.4959,1,0.0,0.0,1.0,1.0,1.0,1.1625,1.0,0.0,0.0,1.0,1.0,1.0,1.6688,1.0,0.0,0.0,1.0,1.0,0.0,9.1394,0.0,65-70,65-70
AXISBANK.NS|2026-04-08|ensemble_lr0.20_rf0.30_xgb0.50,AXISBANK.NS,2026-04-08,ensemble_lr0.20_rf0.30_xgb0.50,2025-04-09,2026-04-08,2026-04-06,2025-05-12,2026-04-07,2026-04-08,225,2026-04-08,False,0,0.4962962962962963,0.456028394236578,0.54,0.4684607684612274,0.4874360630779293,0,51.26,0.4874360630779293,0,51.26,HOLD,0.4882,-0.0236,High Volatility,0.165,0.0,unavailable_no_point_in_time_source,False,1331.97,1331.9727783203125,2026-04-09,1317.48388671875,-1.0878,0,2026-04-13,1352.556884765625,1.5454,1.0,2026-04-16,1348.5599365234375,1.2453,1.0,2026-04-23,1368.5445556640625,2.7457,1.0,1,1,1,1,0,1,-1.0876,1,0.0,0.0,0.0,1.0,1.0,1.5456,1.0,0.0,0.0,0.0,1.0,1.0,1.2455,1.0,0.0,0.0,0.0,1.0,1.0,2.7459,1.0,50-55,50-55
BAJAJ-AUTO.NS|2026-04-08|ensemble_lr0.20_rf0.30_xgb0.50,BAJAJ-AUTO.NS,2026-04-08,ensemble_lr0.20_rf0.30_xgb0.50,2025-04-09,2026-04-08,2026-04-06,2025-05-12,2026-04-07,2026-04-08,225,2026-04-08,False,1,0.6,0.8577946589526501,0.56,0.3998902440071106,0.5395040537940854,1,53.95,0.5395040537940854,1,53.95,BUY,0.6001,0.2003,Bullish,0.0,0.0,unavailable_no_point_in_time_source,False,9236.02,9236.0185546875,2026-04-09,9384.9228515625,1.6122,1,2026-04-13,9679.7734375,4.8046,1.0,2026-04-16,9688.6484375,4.9007,1.0,2026-04-23,9417.9580078125,1.9699,1.0,1,1,1,1,1,1,1.6122,1,1.0,1.0,1.0,1.0,1.0,4.8046,1.0,1.0,1.0,1.0,1.0,1.0,4.9007,1.0,1.0,1.0,1.0,1.0,1.0,1.9699,1.0,50-55,50-55
BAJAJFINSV.NS|2026-04-08|ensemble_lr0.20_rf0.30_xgb0.50,BAJAJFINSV.NS,2026-04-08,ensemble_lr0.20_rf0.30_xgb0.50,2025-04-09,2026-04-08,2026-04-06,2025-05-12,2026-04-07,2026-04-08,225,2026-04-08,False,0,0.5037037037037037,0.5328176262984138,0.46,0.6173937916755676,0.5532604210974665,1,55.33,0.5532604210974665,1,55.33,HOLD,0.5337,0.0675,High Volatility,-0.335,0.0,unavailable_no_point_in_time_source,True,1783.08,1783.0784912109375,2026-04-09,1766.19287109375,-0.947,0,2026-04-13,1786.775390625,0.2073,1.0,2026-04-16,1828.33984375,2.5384,1.0,2026-04-23,1791.0716552734375,0.4483,1.0,1,0,0,1,0,1,-0.9471,1,1.0,1.0,0.0,1.0,1.0,0.2072,1.0,1.0,1.0,0.0,1.0,1.0,2.5383,1.0,1.0,1.0,0.0,1.0,1.0,0.4482,1.0,55-60,55-60
BAJFINANCE.NS|2026-04-08|ensemble_lr0.20_rf0.30_xgb0.50,BAJFINANCE.NS,2026-04-08,ensemble_lr0.20_rf0.30_xgb0.50,2025-04-09,2026-04-08,2026-04-06,2025-05-12,2026-04-07,2026-04-08,225,2026-04-08,False,1,0.5111111111111111,0.8818592126673362,0.66,0.8439797759056091,0.7963617304862718,1,79.64,0.7963617304862718,1,79.64,HOLD,0.5392,0.0785,High Volatility,-0.165,0.0,unavailable_no_point_in_time_source,True,909.46,909.4593505859375,2026-04-09,897.7314453125,-1.2895,0,2026-04-13,893.457763671875,-1.7595,0.0,2026-04-16,900.3652954101562,-0.9999,0.0,2026-04-23,912.7391967773438,0.3606,1.0,1,0,0,0,0,1,-1.2896,1,0.0,0.0,0.0,0.0,1.0,-1.7595,1.0,0.0,0.0,0.0,0.0,1.0,-1.0,1.0,1.0,1.0,1.0,1.0,1.0,0.3606,1.0,75-80,75-80
BEL.NS|2026-04-08|ensemble_lr0.20_rf0.30_xgb0.50,BEL.NS,2026-04-08,ensemble_lr0.20_rf0.30_xgb0.50,2025-04-09,2026-04-08,2026-04-06,2025-05-12,2026-04-07,2026-04-08,225,2026-04-08,False,0,0.5259259259259258,0.8182253899936153,0.6,0.5341209173202515,0.6107055366588487,1,61.07,0.6107055366588487,1,61.07,BUY,0.5912,0.1825,High Volatility,0.165,0.0,unavailable_no_point_in_time_source,True,432.51,432.5128479003906,2026-04-09,439.1538391113281,1.5354,1,2026-04-13,440.9513854980469,1.951,1.0,2026-04-16,455.0322570800781,5.2066,1.0,2026-04-23,449.3399963378906,3.8906,1.0,1,1,1,0,1,1,1.5361,1,1.0,1.0,0.0,1.0,1.0,1.9517,1.0,1.0,1.0,0.0,1.0,1.0,5.2073,1.0,1.0,1.0,0.0,1.0,1.0,3.8912,1.0,60-65,60-65
BPCL.NS|2026-04-08|ensemble_lr0.20_rf0.30_xgb0.50,BPCL.NS,2026-04-08,ensemble_lr0.20_rf0.30_xgb0.50,2025-04-09,2026-04-08,2026-04-06,2025-05-12,2026-04-07,2026-04-08,225,2026-04-08,False,0,0.5481481481481482,0.6927962575541498,0.56,0.5716633200645447,0.5923909115431023,1,59.24,0.5923909115431023,1,59.24,HOLD,0.5237,0.0475,High Volatility,0.0,0.0,unavailable_no_point_in_time_source,True,298.1,298.1000061035156,2026-04-09,297.3500061035156,-0.2516,0,2026-04-13,292.95001220703125,-1.7276,0.0,2026-04-16,307.95001220703125,3.3043,1.0,2026-04-23,309.79998779296875,3.9249,1.0,1,0,0,1,0,1,-0.2516,1,0.0,0.0,1.0,0.0,1.0,-1.7276,1.0,1.0,1.0,0.0,1.0,0.0,3.3043,0.0,1.0,1.0,0.0,1.0,0.0,3.9249,0.0,55-60,55-60
AARTIIND.NS|2026-04-16|ensemble_lr0.20_rf0.30_xgb0.50,AARTIIND.NS,2026-04-16,ensemble_lr0.20_rf0.30_xgb0.50,2025-04-17,2026-04-16,2026-04-13,2025-05-16,2026-04-15,2026-04-16,226,2026-04-16,False,0,0.4420289855072464,0.4138764005356473,0.64,0.4253874123096466,0.4874689862619528,0,51.25,0.4874689862619528,0,51.25,HOLD,0.4932,-0.0136,High Volatility,0.165,0.0,unavailable_no_point_in_time_source,False,437.03,437.0312194824219,2026-04-17,439.9753723144531,0.6737,1,2026-04-21,450.30487060546875,3.0372,1.0,2026-04-23,464.9756774902344,6.3942,1.0,2026-04-30,506.4931640625,15.894,1.0,1,0,0,0,1,1,0.674,1,0.0,0.0,0.0,1.0,0.0,3.0375,0.0,0.0,0.0,0.0,1.0,0.0,6.3945,0.0,0.0,0.0,0.0,1.0,0.0,15.8944,0.0,50-55,50-55
AAVAS.NS|2026-04-16|ensemble_lr0.20_rf0.30_xgb0.50,AAVAS.NS,2026-04-16,ensemble_lr0.20_rf0.30_xgb0.50,2025-04-17,2026-04-16,2026-04-13,2025-05-16,2026-04-15,2026-04-16,226,2026-04-16,False,0,0.463768115942029,0.6027068263593414,0.72,0.6659997701644897,0.6695412503541132,1,66.95,0.6695412503541132,1,66.95,BUY,0.6053,0.2106,High Volatility,0.165,0.0,unavailable_no_point_in_time_source,False,1308.3,1308.300048828125,2026-04-17,1347.9000244140625,3.0268,1,2026-04-21,1399.800048828125,6.9938,1.0,2026-04-23,1411.300048828125,7.8728,1.0,2026-04-30,1380.699951171875,5.5339,1.0,1,1,1,0,1,1,3.0268,1,1.0,1.0,0.0,1.0,1.0,6.9938,1.0,1.0,1.0,0.0,1.0,1.0,7.8728,1.0,1.0,1.0,0.0,1.0,1.0,5.5339,1.0,65-70,65-70
ABCAPITAL.NS|2026-04-16|ensemble_lr0.20_rf0.30_xgb0.50,ABCAPITAL.NS,2026-04-16,ensemble_lr0.20_rf0.30_xgb0.50,2025-04-17,2026-04-16,2026-04-13,2025-05-16,2026-04-15,2026-04-16,226,2026-04-16,False,1,0.5579710144927535,0.3792037503217114,0.48,0.6006927490234375,0.520187124576061,1,52.02,0.520187124576061,1,52.02,HOLD,0.572,0.1439,High Volatility,0.0,0.0,unavailable_no_point_in_time_source,False,337.95,337.95001220703125,2026-04-17,340.3999938964844,0.725,1,2026-04-21,344.6000061035156,1.9677,1.0,2026-04-23,349.75,3.4916,1.0,2026-04-30,345.5,2.2341,1.0,0,1,1,1,0,1,0.725,1,1.0,1.0,1.0,0.0,1.0,1.9677,1.0,1.0,1.0,1.0,0.0,0.0,3.4916,0.0,1.0,1.0,1.0,0.0,1.0,2.2341,1.0,50-55,50-55
ABFRL.NS|2026-04-16|ensemble_lr0.20_rf0.30_xgb0.50,ABFRL.NS,2026-04-16,ensemble_lr0.20_rf0.30_xgb0.50,2025-04-17,2026-04-16,2026-04-13,2025-05-16,2026-04-15,2026-04-16,226,2026-04-16,False,0,0.5434782608695653,0.3790036811958201,0.24,0.2057657092809677,0.25068359087964787,0,74.93,0.25068359087964787,0,74.93,SELL,0.4151,-0.1697,High Volatility,-0.165,0.0,unavailable_no_point_in_time_source,True,63.78,63.779998779296875,2026-04-17,64.11000061035156,0.5174,1,2026-04-21,64.44999694824219,1.0505,1.0,2026-04-23,63.20000076293945,-0.9094,0.0,2026-04-30,64.19999694824219,0.6585,1.0,0,0,0,0,0,0,0.5174,0,0.0,0.0,0.0,0.0,0.0,1.0505,0.0,1.0,1.0,1.0,1.0,1.0,-0.9094,1.0,0.0,0.0,0.0,0.0,0.0,0.6585,0.0,70-75,70-75
ACC.NS|2026-04-16|ensemble_lr0.20_rf0.30_xgb0.50,ACC.NS,2026-04-16,ensemble_lr0.20_rf0.30_xgb0.50,2025-04-17,2026-04-16,2026-04-13,2025-05-16,2026-04-15,2026-04-16,226,2026-04-16,False,0,0.5434782608695652,0.6531943864734657,0.54,0.5288884043693542,0.5570830794793703,1,55.71,0.5570830794793703,1,55.71,HOLD,0.5035,0.007,High Volatility,-0.5,0.0,unavailable_no_point_in_time_source,False,1434.5,1434.4998779296875,2026-04-17,1423.960693359375,-0.7347,0,2026-04-21,1429.7274169921875,-0.3327,0.0,2026-04-23,1414.9130859375,-1.3654,0.0,2026-04-30,1413.9188232421875,-1.4347,0.0,1,0,0,1,0,1,-0.7347,1,0.0,0.0,1.0,0.0,1.0,-0.3327,1.0,0.0,0.0,1.0,0.0,1.0,-1.3654,1.0,0.0,0.0,1.0,0.0,1.0,-1.4347,1.0,55-60,55-60
ADANIENT.NS|2026-04-16|ensemble_lr0.20_rf0.30_xgb0.50,ADANIENT.NS,2026-04-16,ensemble_lr0.20_rf0.30_xgb0.50,2025-04-17,2026-04-16,2026-04-13,2025-05-16,2026-04-15,2026-04-16,226,2026-04-16,False,0,0.39855072463768115,0.2326599960558669,0.8,0.4245363771915436,0.4988001878069452,0,50.12,0.4988001878069452,0,50.12,HOLD,0.4943,-0.0113,High Volatility,0.165,0.0,unavailable_no_point_in_time_source,False,2202.72,2202.715087890625,2026-04-17,2217.30859375,0.6625,1,2026-04-21,2225.005126953125,1.0119,1.0,2026-04-23,2298.97216796875,4.3699,1.0,2026-04-30,2407.323486328125,9.2889,1.0,1,0,0,0,1,1,0.6623,1,0.0,0.0,0.0,1.0,1.0,1.0117,1.0,0.0,0.0,0.0,1.0,0.0,4.3697,0.0,0.0,0.0,0.0,1.0,0.0,9.2887,0.0,50-55,50-55
ADANIPORTS.NS|2026-04-16|ensemble_lr0.20_rf0.30_xgb0.50,ADANIPORTS.NS,2026-04-16,ensemble_lr0.20_rf0.30_xgb0.50,2025-04-17,2026-04-16,2026-04-13,2025-05-16,2026-04-15,2026-04-16,226,2026-04-16,False,0,0.4855072463768116,0.6160116309337519,0.56,0.38194969296455383,0.4821771726690273,0,51.78,0.4821771726690273,0,51.78,HOLD,0.5308,0.0615,High Volatility,0.335,0.0,unavailable_no_point_in_time_source,False,1543.3,1543.2958984375,2026-04-17,1566.796875,1.5228,1,2026-04-21,1587.409912109375,2.8584,1.0,2026-04-23,1596.1729736328125,3.4262,1.0,2026-04-30,1650.3447265625,6.9364,1.0,1,0,0,0,1,1,1.5225,1,0.0,0.0,0.0,1.0,1.0,2.8582,1.0,0.0,0.0,0.0,1.0,0.0,3.426,0.0,0.0,0.0,0.0,1.0,0.0,6.9361,0.0,50-55,50-55
AETHER.NS|2026-04-16|ensemble_lr0.20_rf0.30_xgb0.50,AETHER.NS,2026-04-16,ensemble_lr0.20_rf0.30_xgb0.50,2025-04-17,2026-04-16,2026-04-13,2025-05-16,2026-04-15,2026-04-16,226,2026-04-16,False,0,0.49275362318840576,0.21985404993853158,0.54,0.4157935380935669,0.4138675790344898,0,58.61,0.4138675790344898,0,58.61,BUY,0.6282,0.2565,High Volatility,1.0,0.0,unavailable_no_point_in_time_source,False,1187.4,1187.4000244140625,2026-04-17,1179.800048828125,-0.6401,0,2026-04-21,1183.5,-0.3285,0.0,2026-04-23,1181.4000244140625,-0.5053,0.0,2026-04-30,1171.800048828125,-1.3138,0.0,1,1,1,1,0,0,-0.64,0,1.0,1.0,1.0,0.0,0.0,-0.3284,0.0,1.0,1.0,1.0,0.0,0.0,-0.5053,0.0,1.0,1.0,1.0,0.0,0.0,-1.3138,0.0,55-60,55-60
AIAENG.NS|2026-04-16|ensemble_lr0.20_rf0.30_xgb0.50,AIAENG.NS,2026-04-16,ensemble_lr0.20_rf0.30_xgb0.50,2025-04-17,2026-04-16,2026-04-13,2025-05-16,2026-04-15,2026-04-16,226,2026-04-16,False,0,0.49275362318840576,0.36812650083080234,0.66,0.7015571594238281,0.6224038798780746,1,62.24,0.6224038798780746,1,62.24,BUY,0.5807,0.1613,High Volatility,0.335,0.0,unavailable_no_point_in_time_source,False,3910.6,3910.599853515625,2026-04-17,3946.664306640625,0.9222,1,2026-04-21,3992.193115234375,2.0865,1.0,2026-04-23,4064.322265625,3.9309,1.0,2026-04-30,3934.80908203125,0.6191,1.0,1,1,1,0,1,1,0.9222,1,1.0,1.0,0.0,1.0,1.0,2.0865,1.0,1.0,1.0,0.0,1.0,1.0,3.9309,1.0,1.0,1.0,0.0,1.0,1.0,0.6191,1.0,60-65,60-65
AJANTPHARM.NS|2026-04-16|ensemble_lr0.20_rf0.30_xgb0.50,AJANTPHARM.NS,2026-04-16,ensemble_lr0.20_rf0.30_xgb0.50,2025-04-17,2026-04-16,2026-04-13,2025-05-16,2026-04-15,2026-04-16,226,2026-04-16,False,0,0.43478260869565216,0.26305599824805137,0.3,0.3402106463909149,0.31271652284506773,0,68.73,0.31271652284506773,0,68.73,HOLD,0.4421,-0.1159,High Volatility,0.165,0.0,unavailable_no_point_in_time_source,False,2801.93,2801.931884765625,2026-04-17,2764.871337890625,-1.3227,0,2026-04-21,2765.8623046875,-1.2873,0.0,2026-04-23,2755.556640625,-1.6551,0.0,2026-04-30,2797.076171875,-0.1733,0.0,0,1,1,1,1,1,-1.3226,1,1.0,1.0,1.0,1.0,1.0,-1.2872,1.0,1.0,1.0,1.0,1.0,1.0,-1.6551,1.0,1.0,1.0,1.0,1.0,1.0,-0.1732,1.0,65-70,65-70
ALEMBICLTD.NS|2026-04-16|ensemble_lr0.20_rf0.30_xgb0.50,ALEMBICLTD.NS,2026-04-16,ensemble_lr0.20_rf0.30_xgb0.50,2025-04-17,2026-04-16,2026-04-13,2025-05-16,2026-04-15,2026-04-16,226,2026-04-16,False,0,0.5289855072463768,0.2609579257872462,0.42,0.32684099674224854,0.34161208352857353,0,65.84,0.34161208352857353,0,65.84,HOLD,0.458,-0.0841,High Volatility,-0.17,0.0,unavailable_no_point_in_time_source,False,87.1,87.098388671875,2026-04-17,89.05575561523438,2.2473,1,2026-04-21,91.31501770019531,4.8412,1.0,2026-04-23,90.98392486572266,4.4611,1.0,2026-04-30,88.81230163574219,1.9678,1.0,1,0,0,0,1,1,2.2454,1,0.0,0.0,0.0,1.0,0.0,4.8393,0.0,0.0,0.0,0.0,1.0,0.0,4.4592,0.0,0.0,0.0,0.0,1.0,1.0,1.9659,1.0,65-70,65-70
ALKEM.NS|2026-04-16|ensemble_lr0.20_rf0.30_xgb0.50,ALKEM.NS,2026-04-16,ensemble_lr0.20_rf0.30_xgb0.50,2025-04-17,2026-04-16,2026-04-13,2025-05-16,2026-04-15,2026-04-16,226,2026-04-16,False,1,0.5869565217391304,0.22623394259840834,0.34,0.48392435908317566,0.3892089680612695,0,61.08,0.3892089680612695,0,61.08,HOLD,0.4324,-0.1353,Sideways,0.0,0.0,unavailable_no_point_in_time_source,False,5560.05,5560.048828125,2026-04-17,5572.02783203125,0.2154,1,2026-04-21,5686.3232421875,2.2711,1.0,2026-04-23,5510.6376953125,-0.8887,0.0,2026-04-30,5390.3525390625,-3.0521,0.0,0,0,0,1,0,1,0.2154,1,0.0,0.0,1.0,0.0,1.0,2.2711,1.0,1.0,1.0,0.0,1.0,1.0,-0.8887,1.0,1.0,1.0,0.0,1.0,0.0,-3.0521,0.0,60-65,60-65
AMBER.NS|2026-04-16|ensemble_lr0.20_rf0.30_xgb0.50,AMBER.NS,2026-04-16,ensemble_lr0.20_rf0.30_xgb0.50,2025-04-17,2026-04-16,2026-04-13,2025-05-16,2026-04-15,2026-04-16,226,2026-04-16,False,1,0.5797101449275363,0.8769506925823923,0.76,0.5871443748474121,0.6969623259401845,1,69.7,0.6969623259401845,1,69.7,BUY,0.7084,0.4168,High Volatility,0.67,0.0,unavailable_no_point_in_time_source,False,7714.5,7714.5,2026-04-17,7958.5,3.1629,1,2026-04-21,7858.5,1.8666,1.0,2026-04-23,7795.0,1.0435,1.0,2026-04-30,8024.0,4.0119,1.0,1,1,1,1,1,1,3.1629,1,1.0,1.0,1.0,1.0,1.0,1.8666,1.0,1.0,1.0,1.0,1.0,1.0,1.0435,1.0,1.0,1.0,1.0,1.0,1.0,4.0119,1.0,65-70,65-70
ANGELONE.NS|2026-04-16|ensemble_lr0.20_rf0.30_xgb0.50,ANGELONE.NS,2026-04-16,ensemble_lr0.20_rf0.30_xgb0.50,2025-04-17,2026-04-16,2026-04-13,2025-05-16,2026-04-15,2026-04-16,226,2026-04-16,False,1,0.5434782608695653,0.1366427688409478,0.32,0.31154483556747437,0.27910097155192676,0,72.09,0.27910097155192676,0,72.09,BUY,0.5936,0.1873,High Volatility,0.835,0.0,unavailable_no_point_in_time_source,False,291.71,291.70782470703125,2026-04-17,321.4757995605469,10.2047,1,2026-04-21,323.0509033203125,10.7447,1.0,2026-04-23,320.21966552734375,9.7741,1.0,2026-04-30,307.7582092285156,5.5022,1.0,0,0,0,1,0,1,10.2039,1,0.0,0.0,1.0,0.0,1.0,10.7439,1.0,0.0,0.0,1.0,0.0,1.0,9.7733,1.0,0.0,0.0,1.0,0.0,1.0,5.5014,1.0,70-75,70-75
APARINDS.NS|2026-04-16|ensemble_lr0.20_rf0.30_xgb0.50,APARINDS.NS,2026-04-16,ensemble_lr0.20_rf0.30_xgb0.50,2025-04-17,2026-04-16,2026-04-13,2025-05-16,2026-04-15,2026-04-16,226,2026-04-16,False,1,0.4492753623188406,0.52510412198974,0.68,0.9062375426292419,0.762139595712569,1,76.21,0.762139595712569,1,76.21,STRONG BUY,0.7429,0.4858,High Volatility,1.0,0.0,unavailable_no_point_in_time_source,False,11227.52,11227.5205078125,2026-04-17,11442.2744140625,1.9127,1,2026-04-21,11673.4716796875,3.9719,1.0,2026-04-23,11797.04296875,5.0726,1.0,2026-04-30,12288.3369140625,9.4484,1.0,1,1,1,1,1,1,1.9128,1,1.0,1.0,1.0,1.0,1.0,3.972,1.0,1.0,1.0,1.0,1.0,1.0,5.0726,1.0,1.0,1.0,1.0,1.0,1.0,9.4484,1.0,75-80,75-80
APOLLOHOSP.NS|2026-04-16|ensemble_lr0.20_rf0.30_xgb0.50,APOLLOHOSP.NS,2026-04-16,ensemble_lr0.20_rf0.30_xgb0.50,2025-04-17,2026-04-16,2026-04-13,2025-05-16,2026-04-15,2026-04-16,226,2026-04-16,False,0,0.6159420289855073,0.7582793959042696,0.6,0.5190339684486389,0.5911728634051734,1,59.12,0.5911728634051734,1,59.12,BUY,0.6419,0.2839,Sideways,0.5,0.0,unavailable_no_point_in_time_source,False,7544.22,7544.2177734375,2026-04-17,7690.0478515625,1.933,1,2026-04-21,7734.99560546875,2.5288,1.0,2026-04-23,7771.95263671875,3.0187,1.0,2026-04-30,7627.62060546875,1.1055,1.0,0,1,1,0,0,1,1.933,1,1.0,1.0,0.0,0.0,1.0,2.5288,1.0,1.0,1.0,0.0,0.0,1.0,3.0186,1.0,1.0,1.0,0.0,0.0,1.0,1.1055,1.0,55-60,55-60
APOLLOTYRE.NS|2026-04-16|ensemble_lr0.20_rf0.30_xgb0.50,APOLLOTYRE.NS,2026-04-16,ensemble_lr0.20_rf0.30_xgb0.50,2025-04-17,2026-04-16,2026-04-13,2025-05-16,2026-04-15,2026-04-16,226,2026-04-16,False,0,0.4202898550724638,0.5494360213878504,0.72,0.5516620874404907,0.6017182479978155,1,60.17,0.6017182479978155,1,60.17,HOLD,0.5497,0.0994,High Volatility,-0.335,0.0,unavailable_no_point_in_time_source,True,441.13,441.12725830078125,2026-04-17,442.8673095703125,0.3945,1,2026-04-21,439.4369201660156,-0.3832,0.0,2026-04-23,429.990966796875,-2.5245,0.0,2026-04-30,406.07769775390625,-7.9455,0.0,1,1,1,0,1,1,0.3938,1,0.0,0.0,1.0,0.0,1.0,-0.3838,1.0,0.0,0.0,1.0,0.0,1.0,-2.5251,1.0,0.0,0.0,1.0,0.0,0.0,-7.946,0.0,60-65,60-65
ASHOKLEY.NS|2026-04-16|ensemble_lr0.20_rf0.30_xgb0.50,ASHOKLEY.NS,2026-04-16,ensemble_lr0.20_rf0.30_xgb0.50,2025-04-17,2026-04-16,2026-04-13,2025-05-16,2026-04-15,2026-04-16,226,2026-04-16,False,1,0.572463768115942,0.8175055565375379,0.74,0.6455963850021362,0.7082993038085756,1,70.83,0.7082993038085756,1,70.83,HOLD,0.5585,0.1171,High Volatility,0.0,0.0,unavailable_no_point_in_time_source,False,173.77,173.76573181152344,2026-04-17,171.8484344482422,-1.1034,0,2026-04-21,173.6477508544922,-0.0679,0.0,2026-04-23,167.76805114746094,-3.4516,0.0,2026-04-30,159.37127685546875,-8.2838,0.0,1,0,0,0,0,1,-1.1058,1,0.0,0.0,0.0,0.0,1.0,-0.0704,1.0,0.0,0.0,0.0,0.0,0.0,-3.454,0.0,0.0,0.0,0.0,0.0,0.0,-8.2861,0.0,70-75,70-75
ASIANPAINT.NS|2026-04-16|ensemble_lr0.20_rf0.30_xgb0.50,ASIANPAINT.NS,2026-04-16,ensemble_lr0.20_rf0.30_xgb0.50,2025-04-17,2026-04-16,2026-04-13,2025-05-16,2026-04-15,2026-04-16,226,2026-04-16,False,0,0.5144927536231884,0.7003953617574862,0.56,0.4834180772304535,0.549788110966724,1,54.98,0.549788110966724,1,54.98,BUY,0.6252,0.2505,Bullish,-0.17,0.0,unavailable_no_point_in_time_source,False,2419.31,2419.31005859375,2026-04-17,2442.80615234375,0.9712,1,2026-04-21,2521.7216796875,4.2331,1.0,2026-04-23,2499.71240234375,3.3234,1.0,2026-04-30,2423.473876953125,0.1721,1.0,1,1,1,0,1,1,0.9712,1,1.0,1.0,0.0,1.0,1.0,4.2331,1.0,1.0,1.0,0.0,1.0,1.0,3.3234,1.0,1.0,1.0,0.0,1.0,1.0,0.1721,1.0,50-55,50-55
ASTRAL.NS|2026-04-16|ensemble_lr0.20_rf0.30_xgb0.50,ASTRAL.NS,2026-04-16,ensemble_lr0.20_rf0.30_xgb0.50,2025-04-17,2026-04-16,2026-04-13,2025-05-16,2026-04-15,2026-04-16,226,2026-04-16,False,1,0.463768115942029,0.5494471652494128,0.28,0.38537219166755676,0.386575528883661,0,61.34,0.386575528883661,0,61.34,HOLD,0.5223,0.0446,High Volatility,0.5,0.0,unavailable_no_point_in_time_source,True,1576.22,1576.2208251953125,2026-04-17,1602.4796142578125,1.6659,1,2026-04-21,1580.014892578125,0.2407,1.0,2026-04-23,1572.4268798828125,-0.2407,0.0,2026-04-30,1527.2978515625,-3.1038,0.0,0,0,0,1,0,1,1.666,1,0.0,0.0,1.0,0.0,1.0,0.2408,1.0,1.0,1.0,0.0,1.0,1.0,-0.2406,1.0,1.0,1.0,0.0,1.0,0.0,-3.1038,0.0,60-65,60-65
AUBANK.NS|2026-04-16|ensemble_lr0.20_rf0.30_xgb0.50,AUBANK.NS,2026-04-16,ensemble_lr0.20_rf0.30_xgb0.50,2025-04-17,2026-04-16,2026-04-13,2025-05-16,2026-04-15,2026-04-16,226,2026-04-16,False,1,0.5579710144927535,0.8399031228853345,0.54,0.6615403294563293,0.6607507893052316,1,66.08,0.6607507893052316,1,66.08,BUY,0.617,0.234,High Volatility,0.335,0.0,unavailable_no_point_in_time_source,False,983.0,982.9954223632812,2026-04-17,989.638916015625,0.6758,1,2026-04-21,1036.89306640625,5.483,1.0,2026-04-23,1055.2252197265625,7.3479,1.0,2026-04-30,1014.96435546875,3.2522,1.0,1,1,1,1,1,1,0.6754,1,1.0,1.0,1.0,1.0,1.0,5.4825,1.0,1.0,1.0,1.0,1.0,1.0,7.3474,1.0,1.0,1.0,1.0,1.0,1.0,3.2517,1.0,65-70,65-70
AXISBANK.NS|2026-04-16|ensemble_lr0.20_rf0.30_xgb0.50,AXISBANK.NS,2026-04-16,ensemble_lr0.20_rf0.30_xgb0.50,2025-04-17,2026-04-16,2026-04-13,2025-05-16,2026-04-15,2026-04-16,226,2026-04-16,False,0,0.5217391304347826,0.3212276616016232,0.44,0.2799232602119446,0.33620716242629695,0,66.38,0.33620716242629695,0,66.38,BUY,0.5906,0.1813,Bullish,0.335,0.0,unavailable_no_point_in_time_source,False,1348.56,1348.5599365234375,2026-04-17,1358.0526123046875,0.7039,1,2026-04-21,1376.6383056640625,2.0821,1.0,2026-04-23,1368.5445556640625,1.4819,1.0,2026-04-30,1267.3226318359375,-6.024,0.0,0,0,0,0,0,1,0.7039,1,0.0,0.0,0.0,0.0,1.0,2.0821,1.0,0.0,0.0,0.0,0.0,1.0,1.4819,1.0,1.0,1.0,1.0,1.0,0.0,-6.024,0.0,65-70,65-70
BAJAJ-AUTO.NS|2026-04-16|ensemble_lr0.20_rf0.30_xgb0.50,BAJAJ-AUTO.NS,2026-04-16,ensemble_lr0.20_rf0.30_xgb0.50,2025-04-17,2026-04-16,2026-04-13,2025-05-16,2026-04-15,2026-04-16,226,2026-04-16,False,1,0.6521739130434782,0.7636614628778032,0.5,0.4664127230644226,0.535938654107772,1,53.59,0.535938654107772,1,53.59,BUY,0.7076,0.4153,Bullish,0.335,0.0,unavailable_no_point_in_time_source,False,9688.65,9688.6484375,2026-04-17,9637.86328125,-0.5242,0,2026-04-21,9657.0927734375,-0.3257,0.0,2026-04-23,9417.9580078125,-2.7939,0.0,2026-04-30,9855.3037109375,1.7201,1.0,0,0,0,0,1,0,-0.5242,0,0.0,0.0,0.0,1.0,0.0,-0.3257,0.0,0.0,0.0,0.0,1.0,0.0,-2.7939,0.0,1.0,1.0,1.0,0.0,1.0,1.7201,1.0,50-55,50-55
BAJAJFINSV.NS|2026-04-16|ensemble_lr0.20_rf0.30_xgb0.50,BAJAJFINSV.NS,2026-04-16,ensemble_lr0.20_rf0.30_xgb0.50,2025-04-17,2026-04-16,2026-04-13,2025-05-16,2026-04-15,2026-04-16,226,2026-04-16,False,0,0.5144927536231884,0.6441363771054797,0.68,0.5570392608642578,0.6113469058532248,1,61.13,0.6113469058532248,1,61.13,HOLD,0.525,0.05,Sideways,-0.335,0.0,unavailable_no_point_in_time_source,True,1828.34,1828.33984375,2026-04-17,1837.3321533203125,0.4918,1,2026-04-21,1849.821533203125,1.1749,1.0,2026-04-23,1791.0716552734375,-2.0384,0.0,2026-04-30,1745.7103271484375,-4.5194,0.0,1,1,1,0,1,1,0.4918,1,1.0,1.0,0.0,1.0,1.0,1.1749,1.0,0.0,0.0,1.0,0.0,1.0,-2.0384,1.0,0.0,0.0,1.0,0.0,0.0,-4.5194,0.0,60-65,60-65
BAJFINANCE.NS|2026-04-16|ensemble_lr0.20_rf0.30_xgb0.50,BAJFINANCE.NS,2026-04-16,ensemble_lr0.20_rf0.30_xgb0.50,2025-04-17,2026-04-16,2026-04-13,2025-05-16,2026-04-15,2026-04-16,226,2026-04-16,False,1,0.4420289855072464,0.7164696737862496,0.58,0.7609151601791382,0.697751514846819,1,69.78,0.697751514846819,1,69.78,HOLD,0.5508,0.1016,High Volatility,-0.165,0.0,unavailable_no_point_in_time_source,True,900.37,900.3652954101562,2026-04-17,902.700927734375,0.2594,1,2026-04-21,933.1139526367188,3.6373,1.0,2026-04-23,912.7391967773438,1.3743,1.0,2026-04-30,931.2752685546875,3.433,1.0,0,1,1,1,0,1,0.2589,1,1.0,1.0,1.0,0.0,0.0,3.6367,0.0,1.0,1.0,1.0,0.0,1.0,1.3738,1.0,1.0,1.0,1.0,0.0,0.0,3.4325,0.0,65-70,65-70
BEL.NS|2026-04-16|ensemble_lr0.20_rf0.30_xgb0.50,BEL.NS,2026-04-16,ensemble_lr0.20_rf0.30_xgb0.50,2025-04-17,2026-04-16,2026-04-13,2025-05-16,2026-04-15,2026-04-16,226,2026-04-16,False,0,0.5072463768115941,0.3486614206743128,0.46,0.45601412653923035,0.43573934740447773,0,56.43,0.43573934740447773,0,56.43,HOLD,0.5191,0.0382,Sideways,0.335,0.0,unavailable_no_point_in_time_source,True,455.03,455.0322570800781,2026-04-17,462.1226501464844,1.5582,1,2026-04-21,450.8879089355469,-0.9108,0.0,2026-04-23,449.3399963378906,-1.251,0.0,2026-04-30,430.71527099609375,-5.344,0.0,1,0,0,0,1,1,1.5587,1,1.0,1.0,1.0,0.0,1.0,-0.9103,1.0,1.0,1.0,1.0,0.0,1.0,-1.2505,1.0,1.0,1.0,1.0,0.0,0.0,-5.3435,0.0,55-60,55-60
BPCL.NS|2026-04-16|ensemble_lr0.20_rf0.30_xgb0.50,BPCL.NS,2026-04-16,ensemble_lr0.20_rf0.30_xgb0.50,2025-04-17,2026-04-16,2026-04-13,2025-05-16,2026-04-15,2026-04-16,226,2026-04-16,False,0,0.5144927536231884,0.8085323093492927,0.38,0.7503196597099304,0.6508662917248238,1,65.09,0.6508662917248238,1,65.09,HOLD,0.5443,0.0886,High Volatility,0.0,0.0,unavailable_no_point_in_time_source,True,307.95,307.95001220703125,2026-04-17,312.1000061035156,1.3476,1,2026-04-21,318.04998779296875,3.2797,1.0,2026-04-23,309.79998779296875,0.6007,1.0,2026-04-30,300.45001220703125,-2.4355,0.0,0,1,1,0,0,1,1.3476,1,1.0,1.0,0.0,0.0,0.0,3.2797,0.0,1.0,1.0,0.0,0.0,1.0,0.6007,1.0,0.0,0.0,1.0,1.0,1.0,-2.4355,1.0,65-70,65-70
AARTIIND.NS|2026-04-23|ensemble_lr0.20_rf0.30_xgb0.50,AARTIIND.NS,2026-04-23,ensemble_lr0.20_rf0.30_xgb0.50,2025-04-24,2026-04-23,2026-04-20,2025-05-22,2026-04-22,2026-04-23,227,2026-04-23,False,0,0.5579710144927537,0.5114906024757292,0.38,0.2767953872680664,0.35469581412917905,0,64.53,0.35469581412917905,0,64.53,BUY,0.5838,0.1676,High Volatility,0.835,0.0,unavailable_no_point_in_time_source,True,464.98,464.9756774902344,2026-04-24,471.8121032714844,1.4703,1,2026-04-28,500.7046813964844,7.6841,1.0,2026-04-30,506.4931640625,8.929,1.0,2026-05-08,484.4869079589844,4.1962,1.0,0,0,0,0,0,1,1.4693,1,0.0,0.0,0.0,0.0,1.0,7.6831,1.0,0.0,0.0,0.0,0.0,1.0,8.9279,1.0,0.0,0.0,0.0,0.0,1.0,4.1952,1.0,60-65,60-65
AAVAS.NS|2026-04-23|ensemble_lr0.20_rf0.30_xgb0.50,AAVAS.NS,2026-04-23,ensemble_lr0.20_rf0.30_xgb0.50,2025-04-24,2026-04-23,2026-04-20,2025-05-22,2026-04-22,2026-04-23,227,2026-04-23,False,0,0.4057971014492754,0.5756084461718914,0.44,0.4764348864555359,0.4853391324621462,0,51.47,0.4853391324621462,0,51.47,BUY,0.5876,0.1752,High Volatility,0.335,0.0,unavailable_no_point_in_time_source,False,1411.3,1411.300048828125,2026-04-24,1411.300048828125,0.0,0,2026-04-28,1376.0999755859375,-2.4942,0.0,2026-04-30,1380.699951171875,-2.1682,0.0,2026-05-08,1443.5999755859375,2.2887,1.0,1,1,1,1,0,0,0.0,0,1.0,1.0,1.0,0.0,0.0,-2.4942,0.0,1.0,1.0,1.0,0.0,0.0,-2.1682,0.0,0.0,0.0,0.0,1.0,1.0,2.2887,1.0,50-55,50-55
ABCAPITAL.NS|2026-04-23|ensemble_lr0.20_rf0.30_xgb0.50,ABCAPITAL.NS,2026-04-23,ensemble_lr0.20_rf0.30_xgb0.50,2025-04-24,2026-04-23,2026-04-20,2025-05-22,2026-04-22,2026-04-23,227,2026-04-23,False,1,0.5072463768115942,0.756377391085736,0.48,0.7777494192123413,0.6841501878233178,1,68.42,0.6841501878233178,1,68.42,BUY,0.6628,0.3256,High Volatility,0.335,0.0,unavailable_no_point_in_time_source,True,349.75,349.75,2026-04-24,340.6000061035156,-2.6162,0,2026-04-28,338.29998779296875,-3.2738,0.0,2026-04-30,345.5,-1.2152,0.0,2026-05-08,362.95001220703125,3.7741,1.0,0,0,0,0,1,0,-2.6162,0,0.0,0.0,0.0,1.0,0.0,-3.2738,0.0,0.0,0.0,0.0,1.0,0.0,-1.2152,0.0,1.0,1.0,1.0,0.0,1.0,3.7741,1.0,65-70,65-70
ABFRL.NS|2026-04-23|ensemble_lr0.20_rf0.30_xgb0.50,ABFRL.NS,2026-04-23,ensemble_lr0.20_rf0.30_xgb0.50,2025-04-24,2026-04-23,2026-04-20,2025-05-22,2026-04-22,2026-04-23,227,2026-04-23,False,0,0.5362318840579711,0.5073211141888697,0.44,0.37739861011505127,0.4221635278952996,0,57.78,0.4221635278952996,0,57.78,HOLD,0.4312,-0.1377,High Volatility,-0.165,0.0,unavailable_no_point_in_time_source,True,63.2,63.20000076293945,2026-04-24,61.790000915527344,-2.231,0,2026-04-28,63.58000183105469,0.6013,1.0,2026-04-30,64.19999694824219,1.5823,1.0,2026-05-08,66.33000183105469,4.9525,1.0,0,1,1,1,1,1,-2.231,1,0.0,0.0,0.0,0.0,1.0,0.6013,1.0,0.0,0.0,0.0,0.0,1.0,1.5823,1.0,0.0,0.0,0.0,0.0,0.0,4.9525,0.0,55-60,55-60
ACC.NS|2026-04-23|ensemble_lr0.20_rf0.30_xgb0.50,ACC.NS,2026-04-23,ensemble_lr0.20_rf0.30_xgb0.50,2025-04-24,2026-04-23,2026-04-20,2025-05-22,2026-04-22,2026-04-23,227,2026-04-23,False,0,0.5217391304347826,0.5581876838155942,0.52,0.45233067870140076,0.49380287611381923,0,50.62,0.49380287611381923,0,50.62,SELL,0.3985,-0.2029,Sideways,-0.5,0.0,unavailable_no_point_in_time_source,False,1414.91,1414.9130859375,2026-04-24,1404.5728759765625,-0.7308,0,2026-04-28,1431.0198974609375,1.1384,1.0,2026-04-30,1413.9188232421875,-0.0703,0.0,2026-05-08,1383.892578125,-2.1924,0.0,0,1,1,1,1,1,-0.7306,1,0.0,0.0,0.0,0.0,0.0,1.1386,0.0,1.0,1.0,1.0,1.0,1.0,-0.0701,1.0,1.0,1.0,1.0,1.0,1.0,-2.1922,1.0,50-55,50-55
ADANIENT.NS|2026-04-23|ensemble_lr0.20_rf0.30_xgb0.50,ADANIENT.NS,2026-04-23,ensemble_lr0.20_rf0.30_xgb0.50,2025-04-24,2026-04-23,2026-04-20,2025-05-22,2026-04-22,2026-04-23,227,2026-04-23,False,0,0.4202898550724638,0.5212436189743849,0.68,0.5890313982963562,0.6027644229430551,1,60.28,0.6027644229430551,1,60.28,BUY,0.6841,0.3682,High Volatility,0.5,0.0,unavailable_no_point_in_time_source,False,2298.97,2298.97216796875,2026-04-24,2286.57763671875,-0.5391,0,2026-04-28,2411.32177734375,4.8869,1.0,2026-04-30,2407.323486328125,4.713,1.0,2026-05-08,2504.780029296875,8.9522,1.0,1,0,0,1,0,0,-0.539,0,1.0,1.0,0.0,1.0,1.0,4.887,1.0,1.0,1.0,0.0,1.0,1.0,4.7131,1.0,1.0,1.0,0.0,1.0,1.0,8.9523,1.0,60-65,60-65
ADANIPORTS.NS|2026-04-23|ensemble_lr0.20_rf0.30_xgb0.50,ADANIPORTS.NS,2026-04-23,ensemble_lr0.20_rf0.30_xgb0.50,2025-04-24,2026-04-23,2026-04-20,2025-05-22,2026-04-22,2026-04-23,227,2026-04-23,False,0,0.49275362318840576,0.23242399879634876,0.44,0.4904218018054962,0.4236957006620179,0,57.63,0.4236957006620179,0,57.63,BUY,0.6636,0.3272,Bullish,1.0,0.0,unavailable_no_point_in_time_source,True,1596.17,1596.1729736328125,2026-04-24,1578.4476318359375,-1.1105,0,2026-04-28,1630.7274169921875,2.1648,1.0,2026-04-30,1650.3447265625,3.3939,1.0,2026-05-08,1753.0120849609375,9.8259,1.0,1,1,1,1,0,0,-1.1103,0,0.0,0.0,0.0,1.0,1.0,2.165,1.0,0.0,0.0,0.0,1.0,1.0,3.394,1.0,0.0,0.0,0.0,1.0,1.0,9.8262,1.0,55-60,55-60
AETHER.NS|2026-04-23|ensemble_lr0.20_rf0.30_xgb0.50,AETHER.NS,2026-04-23,ensemble_lr0.20_rf0.30_xgb0.50,2025-04-24,2026-04-23,2026-04-20,2025-05-22,2026-04-22,2026-04-23,227,2026-04-23,False,0,0.5217391304347826,0.23037799222995747,0.26,0.18840855360031128,0.21827987524614714,0,78.17,0.21827987524614714,0,78.17,HOLD,0.532,0.064,High Volatility,0.665,0.0,unavailable_no_point_in_time_source,False,1181.4,1181.4000244140625,2026-04-24,1113.800048828125,-5.722,0,2026-04-28,1170.0999755859375,-0.9565,0.0,2026-04-30,1171.800048828125,-0.8126,0.0,2026-05-08,1213.4000244140625,2.7087,1.0,0,1,1,1,1,0,-5.722,0,1.0,1.0,1.0,1.0,1.0,-0.9565,1.0,1.0,1.0,1.0,1.0,1.0,-0.8126,1.0,0.0,0.0,0.0,0.0,1.0,2.7087,1.0,75-80,75-80
AIAENG.NS|2026-04-23|ensemble_lr0.20_rf0.30_xgb0.50,AIAENG.NS,2026-04-23,ensemble_lr0.20_rf0.30_xgb0.50,2025-04-24,2026-04-23,2026-04-20,2025-05-22,2026-04-22,2026-04-23,227,2026-04-23,False,1,0.4710144927536232,0.7128385555401774,0.52,0.2277369350194931,0.41243617861778203,0,58.76,0.41243617861778203,0,58.76,BUY,0.6132,0.2264,High Volatility,1.0,0.0,unavailable_no_point_in_time_source,False,4064.32,4064.322265625,2026-04-24,3999.2666015625,-1.6007,0,2026-04-28,3978.843505859375,-2.1031,0.0,2026-04-30,3934.80908203125,-3.1866,0.0,2026-05-08,3957.025390625,-2.64,0.0,1,1,1,0,0,0,-1.6006,0,1.0,1.0,0.0,0.0,0.0,-2.1031,0.0,1.0,1.0,0.0,0.0,0.0,-3.1865,0.0,1.0,1.0,0.0,0.0,0.0,-2.6399,0.0,55-60,55-60
AJANTPHARM.NS|2026-04-23|ensemble_lr0.20_rf0.30_xgb0.50,AJANTPHARM.NS,2026-04-23,ensemble_lr0.20_rf0.30_xgb0.50,2025-04-24,2026-04-23,2026-04-20,2025-05-22,2026-04-22,2026-04-23,227,2026-04-23,False,0,0.5362318840579711,0.2670594770611365,0.54,0.6028680801391602,0.5168459354818074,1,51.68,0.5168459354818074,1,51.68,HOLD,0.538,0.0759,High Volatility,0.165,0.0,unavailable_no_point_in_time_source,False,2755.56,2755.556640625,2026-04-24,2740.197509765625,-0.5574,0,2026-04-28,2730.981689453125,-0.8918,0.0,2026-04-30,2797.076171875,1.5068,1.0,2026-05-08,3007.448974609375,9.1413,1.0,1,0,0,1,0,1,-0.5575,1,0.0,0.0,1.0,0.0,1.0,-0.892,1.0,1.0,1.0,0.0,1.0,1.0,1.5066,1.0,1.0,1.0,0.0,1.0,0.0,9.1411,0.0,50-55,50-55
ALEMBICLTD.NS|2026-04-23|ensemble_lr0.20_rf0.30_xgb0.50,ALEMBICLTD.NS,2026-04-23,ensemble_lr0.20_rf0.30_xgb0.50,2025-04-24,2026-04-23,2026-04-20,2025-05-22,2026-04-22,2026-04-23,227,2026-04-23,False,0,0.5072463768115942,0.22271216044225728,0.48,0.22791869938373566,0.3025017817803193,0,69.75,0.3025017817803193,0,69.75,HOLD,0.5145,0.0289,High Volatility,0.335,0.0,unavailable_no_point_in_time_source,False,90.98,90.98392486572266,2026-04-24,89.02654266357422,-2.1513,0,2026-04-28,89.85428619384766,-1.2416,0.0,2026-04-30,88.81230163574219,-2.3868,0.0,2026-05-08,92.40570068359375,1.5627,1.0,1,1,1,1,0,1,-2.1471,1,1.0,1.0,1.0,0.0,1.0,-1.2373,1.0,1.0,1.0,1.0,0.0,1.0,-2.3826,1.0,0.0,0.0,0.0,1.0,1.0,1.567,1.0,65-70,65-70
ALKEM.NS|2026-04-23|ensemble_lr0.20_rf0.30_xgb0.50,ALKEM.NS,2026-04-23,ensemble_lr0.20_rf0.30_xgb0.50,2025-04-24,2026-04-23,2026-04-20,2025-05-22,2026-04-22,2026-04-23,227,2026-04-23,False,1,0.5144927536231884,0.34597419147205016,0.4,0.36532312631607056,0.3718564014524453,0,62.81,0.3718564014524453,0,62.81,HOLD,0.5116,0.0233,Sideways,0.165,0.0,unavailable_no_point_in_time_source,False,5510.64,5510.6376953125,2026-04-24,5225.6474609375,-5.1716,0,2026-04-28,5408.81982421875,-1.8477,0.0,2026-04-30,5390.3525390625,-2.1828,0.0,2026-05-08,5575.521484375,1.1774,1.0,0,1,1,0,1,0,-5.1717,0,1.0,1.0,0.0,1.0,1.0,-1.8477,1.0,1.0,1.0,0.0,1.0,1.0,-2.1828,1.0,0.0,0.0,1.0,0.0,1.0,1.1774,1.0,60-65,60-65
AMBER.NS|2026-04-23|ensemble_lr0.20_rf0.30_xgb0.50,AMBER.NS,2026-04-23,ensemble_lr0.20_rf0.30_xgb0.50,2025-04-24,2026-04-23,2026-04-20,2025-05-22,2026-04-22,2026-04-23,227,2026-04-23,False,1,0.5579710144927535,0.6965844364042753,0.2,0.226711243391037,0.31267250897637355,0,68.73,0.31267250897637355,0,68.73,BUY,0.5923,0.1846,High Volatility,0.835,0.0,unavailable_no_point_in_time_source,False,7795.0,7795.0,2026-04-24,7753.5,-0.5324,0,2026-04-28,8200.0,5.1956,1.0,2026-04-30,8024.0,2.9378,1.0,2026-05-08,8824.5,13.2072,1.0,0,1,1,0,1,0,-0.5324,0,0.0,0.0,1.0,0.0,1.0,5.1956,1.0,0.0,0.0,1.0,0.0,1.0,2.9378,1.0,0.0,0.0,1.0,0.0,1.0,13.2072,1.0,65-70,65-70
ANGELONE.NS|2026-04-23|ensemble_lr0.20_rf0.30_xgb0.50,ANGELONE.NS,2026-04-23,ensemble_lr0.20_rf0.30_xgb0.50,2025-04-24,2026-04-23,2026-04-20,2025-05-22,2026-04-22,2026-04-23,227,2026-04-23,False,1,0.5362318840579711,0.5291523525675108,0.32,0.4554053246974945,0.4295331328622494,0,57.05,0.4295331328622494,0,57.05,BUY,0.6055,0.2111,High Volatility,1.0,0.0,unavailable_no_point_in_time_source,False,320.22,320.21966552734375,2026-04-24,313.55029296875,-2.0827,0,2026-04-28,318.28564453125,-0.604,0.0,2026-04-30,307.7582092285156,-3.8915,0.0,2026-05-08,324.9949035644531,1.4912,1.0,0,1,1,0,1,0,-2.0829,0,1.0,1.0,0.0,1.0,0.0,-0.6041,0.0,1.0,1.0,0.0,1.0,0.0,-3.8916,0.0,0.0,0.0,1.0,0.0,1.0,1.4911,1.0,55-60,55-60
APARINDS.NS|2026-04-23|ensemble_lr0.20_rf0.30_xgb0.50,APARINDS.NS,2026-04-23,ensemble_lr0.20_rf0.30_xgb0.50,2025-04-24,2026-04-23,2026-04-20,2025-05-22,2026-04-22,2026-04-23,227,2026-04-23,False,1,0.43478260869565216,0.6072346754335508,0.9,0.9312812685966492,0.8570875693850348,1,85.71,0.8570875693850348,1,85.71,STRONG BUY,0.7485,0.497,High Volatility,1.0,0.0,unavailable_no_point_in_time_source,False,11797.04,11797.04296875,2026-04-24,11492.1015625,-2.5849,0,2026-04-28,11820.9599609375,0.2027,1.0,2026-04-30,12288.3369140625,4.1646,1.0,2026-05-08,12765.6796875,8.2108,1.0,1,0,0,0,0,0,-2.5849,0,1.0,1.0,1.0,1.0,1.0,0.2028,1.0,1.0,1.0,1.0,1.0,1.0,4.1646,1.0,1.0,1.0,1.0,1.0,1.0,8.2109,1.0,85-90,85-90
APOLLOHOSP.NS|2026-04-23|ensemble_lr0.20_rf0.30_xgb0.50,APOLLOHOSP.NS,2026-04-23,ensemble_lr0.20_rf0.30_xgb0.50,2025-04-24,2026-04-23,2026-04-20,2025-05-22,2026-04-22,2026-04-23,227,2026-04-23,False,0,0.5869565217391305,0.5899350073123453,0.3,0.2541996240615845,0.3350868134932613,0,66.49,0.3350868134932613,0,66.49,HOLD,0.5481,0.0962,Sideways,0.835,0.0,unavailable_no_point_in_time_source,False,7771.95,7771.95263671875,2026-04-24,7723.5087890625,-0.6233,0,2026-04-28,7743.98486328125,-0.3599,0.0,2026-04-30,7627.62060546875,-1.8571,0.0,2026-05-08,8087.5849609375,4.0612,1.0,1,1,1,1,0,1,-0.6233,1,1.0,1.0,1.0,0.0,1.0,-0.3598,1.0,1.0,1.0,1.0,0.0,1.0,-1.8571,1.0,0.0,0.0,0.0,1.0,0.0,4.0612,0.0,65-70,65-70
APOLLOTYRE.NS|2026-04-23|ensemble_lr0.20_rf0.30_xgb0.50,APOLLOTYRE.NS,2026-04-23,ensemble_lr0.20_rf0.30_xgb0.50,2025-04-24,2026-04-23,2026-04-20,2025-05-22,2026-04-22,2026-04-23,227,2026-04-23,False,0,0.4202898550724638,0.5144431842700575,0.38,0.3198060989379883,0.37679168632300564,0,62.32,0.37679168632300564,0,62.32,SELL,0.4018,-0.1964,Sideways,-0.335,0.0,unavailable_no_point_in_time_source,True,429.99,429.990966796875,2026-04-24,421.4398498535156,-1.9887,0,2026-04-28,421.240966796875,-2.0349,0.0,2026-04-30,406.07769775390625,-5.5613,0.0,2026-05-08,406.9228515625,-5.3648,0.0,0,1,1,1,1,1,-1.9885,1,1.0,1.0,1.0,1.0,1.0,-2.0347,1.0,1.0,1.0,1.0,1.0,1.0,-5.5611,1.0,1.0,1.0,1.0,1.0,1.0,-5.3646,1.0,60-65,60-65
ASHOKLEY.NS|2026-04-23|ensemble_lr0.20_rf0.30_xgb0.50,ASHOKLEY.NS,2026-04-23,ensemble_lr0.20_rf0.30_xgb0.50,2025-04-24,2026-04-23,2026-04-20,2025-05-22,2026-04-22,2026-04-23,227,2026-04-23,False,1,0.5579710144927535,0.6843531182522399,0.58,0.23470112681388855,0.4282211870573922,0,57.18,0.4282211870573922,0,57.18,HOLD,0.4337,-0.1325,High Volatility,0.0,0.0,unavailable_no_point_in_time_source,True,167.77,167.76805114746094,2026-04-24,167.05027770996094,-0.4278,0,2026-04-28,164.71022033691406,-1.8227,0.0,2026-04-30,159.37127685546875,-5.005,0.0,2026-05-08,165.7425994873047,-1.2073,0.0,0,1,1,0,1,1,-0.429,1,1.0,1.0,0.0,1.0,1.0,-1.8238,1.0,1.0,1.0,0.0,1.0,0.0,-5.0061,0.0,1.0,1.0,0.0,1.0,1.0,-1.2084,1.0,55-60,55-60
ASIANPAINT.NS|2026-04-23|ensemble_lr0.20_rf0.30_xgb0.50,ASIANPAINT.NS,2026-04-23,ensemble_lr0.20_rf0.30_xgb0.50,2025-04-24,2026-04-23,2026-04-20,2025-05-22,2026-04-22,2026-04-23,227,2026-04-23,False,1,0.463768115942029,0.635489870011214,0.58,0.5107446312904358,0.5564702896474607,1,55.65,0.5564702896474607,1,55.65,BUY,0.693,0.386,Bullish,0.0,0.0,unavailable_no_point_in_time_source,True,2499.71,2499.71240234375,2026-04-24,2463.724853515625,-1.4397,0,2026-04-28,2441.41845703125,-2.332,0.0,2026-04-30,2423.473876953125,-3.0499,0.0,2026-05-08,2577.537109375,3.1133,1.0,0,0,0,0,1,0,-1.4396,0,0.0,0.0,0.0,1.0,0.0,-2.3319,0.0,0.0,0.0,0.0,1.0,0.0,-3.0498,0.0,1.0,1.0,1.0,0.0,1.0,3.1134,1.0,55-60,55-60
ASTRAL.NS|2026-04-23|ensemble_lr0.20_rf0.30_xgb0.50,ASTRAL.NS,2026-04-23,ensemble_lr0.20_rf0.30_xgb0.50,2025-04-24,2026-04-23,2026-04-20,2025-05-22,2026-04-22,2026-04-23,227,2026-04-23,False,0,0.5362318840579711,0.49362790535543866,0.5,0.3127076327800751,0.40507939746112526,0,59.49,0.40507939746112526,0,59.49,HOLD,0.4444,-0.1111,High Volatility,0.17,0.0,unavailable_no_point_in_time_source,True,1572.43,1572.4268798828125,2026-04-24,1560.7452392578125,-0.7429,0,2026-04-28,1546.4677734375,-1.6509,0.0,2026-04-30,1527.2978515625,-2.87,0.0,2026-05-08,1567.3349609375,-0.3238,0.0,0,1,1,1,1,1,-0.7431,1,1.0,1.0,1.0,1.0,1.0,-1.6511,1.0,1.0,1.0,1.0,1.0,1.0,-2.8702,1.0,1.0,1.0,1.0,1.0,1.0,-0.324,1.0,55-60,55-60
AUBANK.NS|2026-04-23|ensemble_lr0.20_rf0.30_xgb0.50,AUBANK.NS,2026-04-23,ensemble_lr0.20_rf0.30_xgb0.50,2025-04-24,2026-04-23,2026-04-20,2025-05-22,2026-04-22,2026-04-23,227,2026-04-23,False,1,0.5362318840579711,0.7548068817375951,0.64,0.6559233665466309,0.6709230596208344,1,67.09,0.6709230596208344,1,67.09,STRONG BUY,0.7671,0.5342,Bullish,0.665,0.0,unavailable_no_point_in_time_source,False,1055.23,1055.2252197265625,2026-04-24,1064.6160888671875,0.8899,1,2026-04-28,1021.8076782226562,-3.1669,0.0,2026-04-30,1014.96435546875,-3.8154,0.0,2026-05-08,1049.3809814453125,-0.5538,0.0,1,1,1,1,1,1,0.8895,1,0.0,0.0,0.0,0.0,0.0,-3.1673,0.0,0.0,0.0,0.0,0.0,0.0,-3.8158,0.0,0.0,0.0,0.0,0.0,0.0,-0.5543,0.0,65-70,65-70
AXISBANK.NS|2026-04-23|ensemble_lr0.20_rf0.30_xgb0.50,AXISBANK.NS,2026-04-23,ensemble_lr0.20_rf0.30_xgb0.50,2025-04-24,2026-04-23,2026-04-20,2025-05-22,2026-04-22,2026-04-23,227,2026-04-23,False,1,0.49275362318840576,0.2720707923183908,0.4,0.49075695872306824,0.41979263782521226,0,58.02,0.41979263782521226,0,58.02,BUY,0.6634,0.3269,Bullish,1.0,0.0,unavailable_no_point_in_time_source,True,1368.54,1368.5445556640625,2026-04-24,1364.847412109375,-0.2702,0,2026-04-28,1288.0067138671875,-5.8849,0.0,2026-04-30,1267.3226318359375,-7.3963,0.0,2026-05-08,1267.3226318359375,-7.3963,0.0,0,1,1,0,1,0,-0.2698,0,1.0,1.0,0.0,1.0,0.0,-5.8846,0.0,1.0,1.0,0.0,1.0,0.0,-7.396,0.0,1.0,1.0,0.0,1.0,0.0,-7.396,0.0,55-60,55-60
BAJAJ-AUTO.NS|2026-04-23|ensemble_lr0.20_rf0.30_xgb0.50,BAJAJ-AUTO.NS,2026-04-23,ensemble_lr0.20_rf0.30_xgb0.50,2025-04-24,2026-04-23,2026-04-20,2025-05-22,2026-04-22,2026-04-23,227,2026-04-23,False,1,0.5434782608695653,0.599688167540214,0.4,0.2874305248260498,0.3836528959210677,0,61.63,0.3836528959210677,0,61.63,HOLD,0.5546,0.1091,Bullish,0.165,0.0,unavailable_no_point_in_time_source,False,9417.96,9417.9580078125,2026-04-24,9443.1044921875,0.267,1,2026-04-28,9363.7216796875,-0.5759,0.0,2026-04-30,9855.3037109375,4.6437,1.0,2026-05-08,10562.845703125,12.1564,1.0,0,0,0,1,0,1,0.267,1,1.0,1.0,0.0,1.0,1.0,-0.5759,1.0,0.0,0.0,1.0,0.0,0.0,4.6437,0.0,0.0,0.0,1.0,0.0,0.0,12.1564,0.0,60-65,60-65
BAJAJFINSV.NS|2026-04-23|ensemble_lr0.20_rf0.30_xgb0.50,BAJAJFINSV.NS,2026-04-23,ensemble_lr0.20_rf0.30_xgb0.50,2025-04-24,2026-04-23,2026-04-20,2025-05-22,2026-04-22,2026-04-23,227,2026-04-23,False,0,0.5072463768115942,0.39705974706365926,0.38,0.6151949763298035,0.5010094375776336,1,50.1,0.5010094375776336,1,50.1,HOLD,0.4612,-0.0777,Bearish,-0.335,0.0,unavailable_no_point_in_time_source,False,1791.07,1791.0716552734375,2026-04-24,1769.1903076171875,-1.2217,0,2026-04-28,1777.4832763671875,-0.7587,0.0,2026-04-30,1745.7103271484375,-2.5326,0.0,2026-05-08,1816.749755859375,1.4337,1.0,0,0,0,1,1,1,-1.2216,1,0.0,0.0,1.0,1.0,1.0,-0.7586,1.0,0.0,0.0,1.0,1.0,1.0,-2.5325,1.0,1.0,1.0,0.0,0.0,1.0,1.4338,1.0,50-55,50-55
BAJFINANCE.NS|2026-04-23|ensemble_lr0.20_rf0.30_xgb0.50,BAJFINANCE.NS,2026-04-23,ensemble_lr0.20_rf0.30_xgb0.50,2025-04-24,2026-04-23,2026-04-20,2025-05-22,2026-04-22,2026-04-23,227,2026-04-23,False,1,0.5652173913043478,0.69035438902488,0.56,0.572701632976532,0.592421694293242,1,59.24,0.592421694293242,1,59.24,HOLD,0.5771,0.1542,High Volatility,-0.165,0.0,unavailable_no_point_in_time_source,True,912.74,912.7391967773438,2026-04-24,915.9196166992188,0.3484,1,2026-04-28,918.0068359375,0.5771,1.0,2026-04-30,931.2752685546875,2.0308,1.0,2026-05-08,949.5131225585938,4.029,1.0,0,1,1,1,0,1,0.3484,1,1.0,1.0,1.0,0.0,1.0,0.577,1.0,1.0,1.0,1.0,0.0,1.0,2.0307,1.0,1.0,1.0,1.0,0.0,0.0,4.0289,0.0,55-60,55-60
BEL.NS|2026-04-23|ensemble_lr0.20_rf0.30_xgb0.50,BEL.NS,2026-04-23,ensemble_lr0.20_rf0.30_xgb0.50,2025-04-24,2026-04-23,2026-04-20,2025-05-22,2026-04-22,2026-04-23,227,2026-04-23,False,0,0.5144927536231884,0.5873598305806129,0.52,0.6016463041305542,0.5742951181813997,1,57.43,0.5742951181813997,1,57.43,BUY,0.6541,0.3082,Sideways,0.67,0.0,unavailable_no_point_in_time_source,True,449.34,449.3399963378906,2026-04-24,443.84747314453125,-1.2224,0,2026-04-28,435.15924072265625,-3.1559,0.0,2026-04-30,430.71527099609375,-4.1449,0.0,2026-05-08,439.1039123535156,-2.278,0.0,1,0,0,1,0,0,-1.2224,0,0.0,0.0,1.0,0.0,0.0,-3.1559,0.0,0.0,0.0,1.0,0.0,0.0,-4.1449,0.0,0.0,0.0,1.0,0.0,0.0,-2.278,0.0,55-60,55-60
BPCL.NS|2026-04-23|ensemble_lr0.20_rf0.30_xgb0.50,BPCL.NS,2026-04-23,ensemble_lr0.20_rf0.30_xgb0.50,2025-04-24,2026-04-23,2026-04-20,2025-05-22,2026-04-22,2026-04-23,227,2026-04-23,False,0,0.5,0.7499732894997386,0.54,0.6422185897827148,0.6331039527913052,1,63.31,0.6331039527913052,1,63.31,HOLD,0.5559,0.1118,High Volatility,0.0,0.0,unavailable_no_point_in_time_source,True,309.8,309.79998779296875,2026-04-24,308.1000061035156,-0.5487,0,2026-04-28,307.75,-0.6617,0.0,2026-04-30,300.45001220703125,-3.0181,0.0,2026-05-08,302.75,-2.2757,0.0,0,0,0,1,1,1,-0.5487,1,0.0,0.0,1.0,1.0,1.0,-0.6617,1.0,0.0,0.0,1.0,1.0,0.0,-3.0181,0.0,0.0,0.0,1.0,1.0,1.0,-2.2757,1.0,60-65,60-65
AARTIIND.NS|2026-04-30|ensemble_lr0.20_rf0.30_xgb0.50,AARTIIND.NS,2026-04-30,ensemble_lr0.20_rf0.30_xgb0.50,2025-05-02,2026-04-30,2026-04-27,2025-05-29,2026-04-29,2026-04-30,227,2026-04-30,False,0,0.4710144927536232,0.4033611928079543,0.74,0.5945944786071777,0.5999694778651797,1,60.0,0.5999694778651797,1,60.0,BUY,0.7024,0.4047,High Volatility,0.835,0.0,unavailable_no_point_in_time_source,False,506.49,506.4931640625,2026-05-04,512.08203125,1.1034,1,2026-05-06,496.8623046875,-1.9015,0.0,2026-05-08,484.4869079589844,-4.3448,0.0,2026-05-15,465.3249816894531,-8.1281,0.0,1,1,1,0,1,1,1.1041,1,0.0,0.0,1.0,0.0,0.0,-1.9009,0.0,0.0,0.0,1.0,0.0,0.0,-4.3442,0.0,0.0,0.0,1.0,0.0,0.0,-8.1275,0.0,60-65,60-65
AAVAS.NS|2026-04-30|ensemble_lr0.20_rf0.30_xgb0.50,AAVAS.NS,2026-04-30,ensemble_lr0.20_rf0.30_xgb0.50,2025-05-02,2026-04-30,2026-04-27,2025-05-29,2026-04-29,2026-04-30,227,2026-04-30,False,0,0.3913043478260869,0.29991983546821516,0.52,0.20585286617279053,0.3189104001800383,0,68.11,0.3189104001800383,0,68.11,BUY,0.5802,0.1603,High Volatility,0.5,0.0,unavailable_no_point_in_time_source,False,1380.7,1380.699951171875,2026-05-04,1381.5999755859375,0.0652,1,2026-05-06,1435.4000244140625,3.9618,1.0,2026-05-08,1443.5999755859375,4.5557,1.0,2026-05-15,1384.699951171875,0.2897,1.0,0,0,0,0,0,1,0.0652,1,0.0,0.0,0.0,0.0,1.0,3.9618,1.0,0.0,0.0,0.0,0.0,1.0,4.5557,1.0,0.0,0.0,0.0,0.0,1.0,0.2897,1.0,65-70,65-70
ABCAPITAL.NS|2026-04-30|ensemble_lr0.20_rf0.30_xgb0.50,ABCAPITAL.NS,2026-04-30,ensemble_lr0.20_rf0.30_xgb0.50,2025-05-02,2026-04-30,2026-04-27,2025-05-29,2026-04-29,2026-04-30,227,2026-04-30,False,1,0.4927536231884058,0.6630163255021465,0.62,0.7288709282875061,0.6830387292441824,1,68.3,0.6830387292441824,1,68.3,BUY,0.65,0.3001,High Volatility,0.165,0.0,unavailable_no_point_in_time_source,True,345.5,345.5,2026-05-04,345.8500061035156,0.1013,1,2026-05-06,369.29998779296875,6.8886,1.0,2026-05-08,362.95001220703125,5.0507,1.0,2026-05-15,357.1499938964844,3.3719,1.0,0,1,1,1,0,1,0.1013,1,1.0,1.0,1.0,0.0,1.0,6.8886,1.0,1.0,1.0,1.0,0.0,1.0,5.0507,1.0,1.0,1.0,1.0,0.0,1.0,3.3719,1.0,65-70,65-70
ABFRL.NS|2026-04-30|ensemble_lr0.20_rf0.30_xgb0.50,ABFRL.NS,2026-04-30,ensemble_lr0.20_rf0.30_xgb0.50,2025-05-02,2026-04-30,2026-04-27,2025-05-29,2026-04-29,2026-04-30,227,2026-04-30,False,0,0.5144927536231884,0.5306333677511584,0.46,0.5276462435722351,0.5079497953363492,1,50.79,0.5079497953363492,1,50.79,HOLD,0.5742,0.1483,High Volatility,-0.165,0.0,unavailable_no_point_in_time_source,False,64.2,64.19999694824219,2026-05-04,65.93000030517578,2.6947,1,2026-05-06,66.20999908447266,3.1308,1.0,2026-05-08,66.33000183105469,3.3178,1.0,2026-05-15,62.65999984741211,-2.3987,0.0,0,1,1,0,0,1,2.6947,1,1.0,1.0,0.0,0.0,0.0,3.1308,0.0,1.0,1.0,0.0,0.0,0.0,3.3178,0.0,0.0,0.0,1.0,1.0,1.0,-2.3988,1.0,50-55,50-55
ACC.NS|2026-04-30|ensemble_lr0.20_rf0.30_xgb0.50,ACC.NS,2026-04-30,ensemble_lr0.20_rf0.30_xgb0.50,2025-05-02,2026-04-30,2026-04-27,2025-05-29,2026-04-29,2026-04-30,227,2026-04-30,False,0,0.5434782608695653,0.1995720653179525,0.4,0.455576628446579,0.38770272728688,0,61.23,0.38770272728688,0,61.23,HOLD,0.4298,-0.1404,Sideways,-0.5,0.0,unavailable_no_point_in_time_source,False,1413.92,1413.9188232421875,2026-05-04,1390.15625,-1.6806,0,2026-05-06,1405.865478515625,-0.5696,0.0,2026-05-08,1383.892578125,-2.1236,0.0,2026-05-15,1354.9600830078125,-4.1699,0.0,0,1,1,1,1,1,-1.6807,1,1.0,1.0,1.0,1.0,1.0,-0.5697,1.0,1.0,1.0,1.0,1.0,1.0,-2.1237,1.0,1.0,1.0,1.0,1.0,0.0,-4.17,0.0,60-65,60-65
ADANIENT.NS|2026-04-30|ensemble_lr0.20_rf0.30_xgb0.50,ADANIENT.NS,2026-04-30,ensemble_lr0.20_rf0.30_xgb0.50,2025-05-02,2026-04-30,2026-04-27,2025-05-29,2026-04-29,2026-04-30,227,2026-04-30,False,0,0.4492753623188406,0.6796801939936009,0.48,0.4680421054363251,0.5139570915168827,1,51.4,0.5139570915168827,1,51.4,BUY,0.6885,0.377,High Volatility,0.5,0.0,unavailable_no_point_in_time_source,False,2407.32,2407.323486328125,2026-05-04,2484.589111328125,3.2096,1,2026-05-06,2539.164794921875,5.4767,1.0,2026-05-08,2504.780029296875,4.0483,1.0,2026-05-15,2714.7861328125,12.772,1.0,0,1,1,0,0,1,3.2098,1,1.0,1.0,0.0,0.0,1.0,5.4768,1.0,1.0,1.0,0.0,0.0,1.0,4.0485,1.0,1.0,1.0,0.0,0.0,1.0,12.7721,1.0,50-55,50-55
ADANIPORTS.NS|2026-04-30|ensemble_lr0.20_rf0.30_xgb0.50,ADANIPORTS.NS,2026-04-30,ensemble_lr0.20_rf0.30_xgb0.50,2025-05-02,2026-04-30,2026-04-27,2025-05-29,2026-04-29,2026-04-30,227,2026-04-30,False,0,0.4492753623188406,0.6099794318256403,0.58,0.5028740763664246,0.5474329245483404,1,54.74,0.5474329245483404,1,54.74,STRONG BUY,0.7704,0.5408,Bullish,1.0,0.0,unavailable_no_point_in_time_source,False,1650.34,1650.3447265625,2026-05-04,1735.2867431640625,5.1469,1,2026-05-06,1740.962890625,5.4909,1.0,2026-05-08,1753.0120849609375,6.221,1.0,2026-05-15,1787.56640625,8.3147,1.0,0,1,1,0,0,1,5.1472,1,1.0,1.0,0.0,0.0,1.0,5.4912,1.0,1.0,1.0,0.0,0.0,1.0,6.2213,1.0,1.0,1.0,0.0,0.0,1.0,8.315,1.0,50-55,50-55
AETHER.NS|2026-04-30|ensemble_lr0.20_rf0.30_xgb0.50,AETHER.NS,2026-04-30,ensemble_lr0.20_rf0.30_xgb0.50,2025-05-02,2026-04-30,2026-04-27,2025-05-29,2026-04-29,2026-04-30,227,2026-04-30,False,0,0.5507246376811595,0.496313847552928,0.52,0.43747442960739136,0.47399998431428125,0,52.6,0.47399998431428125,0,52.6,HOLD,0.5053,0.0107,High Volatility,0.5,0.0,unavailable_no_point_in_time_source,False,1171.8,1171.800048828125,2026-05-04,1252.0,6.8442,1,2026-05-06,1232.699951171875,5.1971,1.0,2026-05-08,1213.4000244140625,3.5501,1.0,2026-05-15,1111.5,-5.1459,0.0,1,0,0,0,1,0,6.8442,0,0.0,0.0,0.0,1.0,0.0,5.1971,0.0,0.0,0.0,0.0,1.0,0.0,3.5501,0.0,1.0,1.0,1.0,0.0,0.0,-5.1459,0.0,50-55,50-55
AIAENG.NS|2026-04-30|ensemble_lr0.20_rf0.30_xgb0.50,AIAENG.NS,2026-04-30,ensemble_lr0.20_rf0.30_xgb0.50,2025-05-02,2026-04-30,2026-04-27,2025-05-29,2026-04-29,2026-04-30,227,2026-04-30,False,0,0.5,0.4199212280233684,0.54,0.519778311252594,0.5058734012309707,1,50.59,0.5058734012309707,1,50.59,BUY,0.6767,0.3534,High Volatility,0.67,0.0,unavailable_no_point_in_time_source,False,3934.81,3934.80908203125,2026-05-04,3943.277099609375,0.2152,1,2026-05-06,3897.349609375,-0.952,0.0,2026-05-08,3957.025390625,0.5646,1.0,2026-05-15,3841.8583984375,-2.3623,0.0,1,1,1,0,1,1,0.2152,1,0.0,0.0,1.0,0.0,0.0,-0.952,0.0,1.0,1.0,0.0,1.0,1.0,0.5646,1.0,0.0,0.0,1.0,0.0,0.0,-2.3623,0.0,50-55,50-55
AJANTPHARM.NS|2026-04-30|ensemble_lr0.20_rf0.30_xgb0.50,AJANTPHARM.NS,2026-04-30,ensemble_lr0.20_rf0.30_xgb0.50,2025-05-02,2026-04-30,2026-04-27,2025-05-29,2026-04-29,2026-04-30,227,2026-04-30,False,0,0.5217391304347826,0.4582946929458204,0.52,0.4905243515968323,0.49292111438758024,0,50.71,0.49292111438758024,0,50.71,HOLD,0.4634,-0.0732,Sideways,0.165,0.0,unavailable_no_point_in_time_source,False,2797.08,2797.076171875,2026-05-04,2874.3681640625,2.7633,1,2026-05-06,3068.192626953125,9.6929,1.0,2026-05-08,3007.448974609375,7.5212,1.0,2026-05-15,3148.358154296875,12.5589,1.0,1,0,0,0,1,1,2.7632,1,0.0,0.0,0.0,1.0,0.0,9.6927,0.0,0.0,0.0,0.0,1.0,0.0,7.521,0.0,0.0,0.0,0.0,1.0,0.0,12.5587,0.0,50-55,50-55
ALEMBICLTD.NS|2026-04-30|ensemble_lr0.20_rf0.30_xgb0.50,ALEMBICLTD.NS,2026-04-30,ensemble_lr0.20_rf0.30_xgb0.50,2025-05-02,2026-04-30,2026-04-27,2025-05-29,2026-04-29,2026-04-30,227,2026-04-30,False,0,0.463768115942029,0.5725747951990415,0.48,0.5862202644348145,0.5516250912572156,1,55.16,0.5516250912572156,1,55.16,BUY,0.6454,0.2909,High Volatility,0.165,0.0,unavailable_no_point_in_time_source,False,88.81,88.81230163574219,2026-05-04,89.17261505126953,0.4057,1,2026-05-06,90.6430892944336,2.0614,1.0,2026-05-08,92.40570068359375,4.0461,1.0,2026-05-15,87.59503173828125,-1.3706,0.0,0,1,1,0,0,1,0.4083,1,1.0,1.0,0.0,0.0,1.0,2.0641,1.0,1.0,1.0,0.0,0.0,1.0,4.0488,1.0,0.0,0.0,1.0,1.0,0.0,-1.3681,0.0,55-60,55-60
ALKEM.NS|2026-04-30|ensemble_lr0.20_rf0.30_xgb0.50,ALKEM.NS,2026-04-30,ensemble_lr0.20_rf0.30_xgb0.50,2025-05-02,2026-04-30,2026-04-27,2025-05-29,2026-04-29,2026-04-30,227,2026-04-30,False,1,0.4855072463768116,0.5759605434466397,0.66,0.8030597567558289,0.7147219870672423,1,71.47,0.7147219870672423,1,71.47,HOLD,0.5139,0.0278,High Volatility,-0.165,0.0,unavailable_no_point_in_time_source,False,5390.35,5390.3525390625,2026-05-04,5350.92333984375,-0.7315,0,2026-05-06,5547.072265625,2.9074,1.0,2026-05-08,5575.521484375,3.4352,1.0,2026-05-15,5476.19921875,1.5926,1.0,1,0,0,0,0,1,-0.7314,1,1.0,1.0,1.0,1.0,1.0,2.9075,1.0,1.0,1.0,1.0,1.0,0.0,3.4352,0.0,1.0,1.0,1.0,1.0,1.0,1.5926,1.0,70-75,70-75
AMBER.NS|2026-04-30|ensemble_lr0.20_rf0.30_xgb0.50,AMBER.NS,2026-04-30,ensemble_lr0.20_rf0.30_xgb0.50,2025-05-02,2026-04-30,2026-04-27,2025-05-29,2026-04-29,2026-04-30,227,2026-04-30,False,1,0.5362318840579711,0.41101073038315517,0.38,0.3079134225845337,0.35015885736889785,0,64.98,0.35015885736889785,0,64.98,BUY,0.5936,0.1873,High Volatility,0.835,0.0,unavailable_no_point_in_time_source,False,8024.0,8024.0,2026-05-04,8007.0,-0.2119,0,2026-05-06,8661.5,7.9449,1.0,2026-05-08,8824.5,9.9763,1.0,2026-05-15,8476.5,5.6393,1.0,0,1,1,0,1,0,-0.2119,0,0.0,0.0,1.0,0.0,1.0,7.9449,1.0,0.0,0.0,1.0,0.0,1.0,9.9763,1.0,0.0,0.0,1.0,0.0,1.0,5.6393,1.0,60-65,60-65
ANGELONE.NS|2026-04-30|ensemble_lr0.20_rf0.30_xgb0.50,ANGELONE.NS,2026-04-30,ensemble_lr0.20_rf0.30_xgb0.50,2025-05-02,2026-04-30,2026-04-27,2025-05-29,2026-04-29,2026-04-30,227,2026-04-30,False,0,0.5507246376811593,0.6282675761966667,0.26,0.4521224796772003,0.4297147550779335,0,57.03,0.4297147550779335,0,57.03,HOLD,0.5469,0.0938,High Volatility,0.665,0.0,unavailable_no_point_in_time_source,True,307.76,307.7582092285156,2026-05-04,306.7513427734375,-0.3272,0,2026-05-06,315.87310791015625,2.6368,1.0,2026-05-08,324.9949035644531,5.6007,1.0,2026-05-15,305.9039611816406,-0.6025,0.0,0,1,1,1,1,1,-0.3277,1,0.0,0.0,0.0,0.0,1.0,2.6362,1.0,0.0,0.0,0.0,0.0,0.0,5.6001,0.0,1.0,1.0,1.0,1.0,1.0,-0.6031,1.0,55-60,55-60
APARINDS.NS|2026-04-30|ensemble_lr0.20_rf0.30_xgb0.50,APARINDS.NS,2026-04-30,ensemble_lr0.20_rf0.30_xgb0.50,2025-05-02,2026-04-30,2026-04-27,2025-05-29,2026-04-29,2026-04-30,227,2026-04-30,False,1,0.48550724637681153,0.46334168017615907,0.44,0.748489260673523,0.5989129663719933,1,59.89,0.5989129663719933,1,59.89,STRONG BUY,0.747,0.4939,High Volatility,1.0,0.0,unavailable_no_point_in_time_source,False,12288.34,12288.3369140625,2026-05-04,12398.953125,0.9002,1,2026-05-06,12341.1533203125,0.4298,1.0,2026-05-08,12765.6796875,3.8845,1.0,2026-05-15,12606.2333984375,2.587,1.0,0,1,1,1,0,1,0.9001,1,1.0,1.0,1.0,0.0,1.0,0.4298,1.0,1.0,1.0,1.0,0.0,1.0,3.8845,1.0,1.0,1.0,1.0,0.0,1.0,2.587,1.0,55-60,55-60
APOLLOHOSP.NS|2026-04-30|ensemble_lr0.20_rf0.30_xgb0.50,APOLLOHOSP.NS,2026-04-30,ensemble_lr0.20_rf0.30_xgb0.50,2025-05-02,2026-04-30,2026-04-27,2025-05-29,2026-04-29,2026-04-30,227,2026-04-30,False,0,0.48550724637681153,0.5220004513883408,0.3,0.25289544463157654,0.3208478125934564,0,67.92,0.3208478125934564,0,67.92,HOLD,0.5402,0.0805,Sideways,0.67,0.0,unavailable_no_point_in_time_source,False,7627.62,7627.62060546875,2026-05-04,7728.5029296875,1.3226,1,2026-05-06,7751.4765625,1.6238,1.0,2026-05-08,8087.5849609375,6.0302,1.0,2026-05-15,8073.10205078125,5.8404,1.0,0,0,0,0,0,1,1.3226,1,0.0,0.0,0.0,0.0,1.0,1.6238,1.0,0.0,0.0,0.0,0.0,0.0,6.0303,0.0,0.0,0.0,0.0,0.0,0.0,5.8404,0.0,65-70,65-70
APOLLOTYRE.NS|2026-04-30|ensemble_lr0.20_rf0.30_xgb0.50,APOLLOTYRE.NS,2026-04-30,ensemble_lr0.20_rf0.30_xgb0.50,2025-05-02,2026-04-30,2026-04-27,2025-05-29,2026-04-29,2026-04-30,227,2026-04-30,False,0,0.463768115942029,0.7956687241072877,0.66,0.8239719271659851,0.7691197084044501,1,76.91,0.7691197084044501,1,76.91,HOLD,0.4682,-0.0637,High Volatility,-1.0,0.0,unavailable_no_point_in_time_source,True,406.08,406.07769775390625,2026-05-04,407.1217346191406,0.2571,1,2026-05-06,410.30352783203125,1.0406,1.0,2026-05-08,406.9228515625,0.2081,1.0,2026-05-15,392.2567443847656,-3.4035,0.0,0,1,1,0,0,1,0.2565,1,1.0,1.0,0.0,0.0,1.0,1.0401,1.0,1.0,1.0,0.0,0.0,1.0,0.2076,1.0,0.0,0.0,1.0,1.0,0.0,-3.4041,0.0,75-80,75-80
ASHOKLEY.NS|2026-04-30|ensemble_lr0.20_rf0.30_xgb0.50,ASHOKLEY.NS,2026-04-30,ensemble_lr0.20_rf0.30_xgb0.50,2025-05-02,2026-04-30,2026-04-27,2025-05-29,2026-04-29,2026-04-30,227,2026-04-30,False,1,0.463768115942029,0.22496812828767773,0.44,0.4899204969406128,0.42195387412784197,0,57.8,0.42195387412784197,0,57.8,SELL,0.3435,-0.313,High Volatility,-0.5,0.0,unavailable_no_point_in_time_source,True,159.37,159.37127685546875,2026-05-04,158.07342529296875,-0.8144,0,2026-05-06,164.9855194091797,3.5227,1.0,2026-05-08,165.7425994873047,3.9978,1.0,2026-05-15,150.5615692138672,-5.5278,0.0,0,1,1,0,1,1,-0.8136,1,0.0,0.0,1.0,0.0,0.0,3.5236,0.0,0.0,0.0,1.0,0.0,0.0,3.9986,0.0,1.0,1.0,0.0,1.0,1.0,-5.527,1.0,55-60,55-60
ASIANPAINT.NS|2026-04-30|ensemble_lr0.20_rf0.30_xgb0.50,ASIANPAINT.NS,2026-04-30,ensemble_lr0.20_rf0.30_xgb0.50,2025-05-02,2026-04-30,2026-04-27,2025-05-29,2026-04-29,2026-04-30,227,2026-04-30,False,1,0.5217391304347826,0.4129694276107533,0.2,0.21715551614761353,0.25117164359595745,0,74.88,0.25117164359595745,0,74.88,HOLD,0.5749,0.1498,Bullish,0.165,0.0,unavailable_no_point_in_time_source,True,2423.47,2423.473876953125,2026-05-04,2427.04296875,0.1473,1,2026-05-06,2497.333251953125,3.0477,1.0,2026-05-08,2577.537109375,6.3571,1.0,2026-05-15,2583.1884765625,6.5903,1.0,0,0,0,1,0,1,0.1474,1,0.0,0.0,1.0,0.0,0.0,3.0478,0.0,0.0,0.0,1.0,0.0,0.0,6.3573,0.0,0.0,0.0,1.0,0.0,0.0,6.5905,0.0,70-75,70-75
ASTRAL.NS|2026-04-30|ensemble_lr0.20_rf0.30_xgb0.50,ASTRAL.NS,2026-04-30,ensemble_lr0.20_rf0.30_xgb0.50,2025-05-02,2026-04-30,2026-04-27,2025-05-29,2026-04-29,2026-04-30,227,2026-04-30,False,0,0.5217391304347826,0.5088951122246331,0.6,0.8751594424247742,0.7193587436573137,1,71.94,0.7193587436573137,1,71.94,HOLD,0.5166,0.0331,High Volatility,-0.165,0.0,unavailable_no_point_in_time_source,True,1527.3,1527.2978515625,2026-05-04,1557.15087890625,1.9546,1,2026-05-06,1573.625,3.0333,1.0,2026-05-08,1567.3349609375,2.6214,1.0,2026-05-15,1548.36474609375,1.3794,1.0,0,1,1,0,0,1,1.9545,1,1.0,1.0,0.0,0.0,0.0,3.0331,0.0,1.0,1.0,0.0,0.0,1.0,2.6213,1.0,1.0,1.0,0.0,0.0,1.0,1.3792,1.0,70-75,70-75
AUBANK.NS|2026-04-30|ensemble_lr0.20_rf0.30_xgb0.50,AUBANK.NS,2026-04-30,ensemble_lr0.20_rf0.30_xgb0.50,2025-05-02,2026-04-30,2026-04-27,2025-05-29,2026-04-29,2026-04-30,227,2026-04-30,False,1,0.5797101449275363,0.7660402328235122,0.3,0.25500062108039856,0.3707083571049017,0,62.93,0.3707083571049017,0,62.93,HOLD,0.5418,0.0837,High Volatility,0.335,0.0,unavailable_no_point_in_time_source,True,1014.96,1014.96435546875,2026-05-04,1014.0152587890625,-0.0935,0,2026-05-06,1023.0065307617188,0.7924,1.0,2026-05-08,1049.3809814453125,3.3909,1.0,2026-05-15,989.5390014648438,-2.505,0.0,0,1,1,0,1,1,-0.0931,1,0.0,0.0,1.0,0.0,1.0,0.7928,1.0,0.0,0.0,1.0,0.0,0.0,3.3914,0.0,1.0,1.0,0.0,1.0,1.0,-2.5046,1.0,60-65,60-65
AXISBANK.NS|2026-04-30|ensemble_lr0.20_rf0.30_xgb0.50,AXISBANK.NS,2026-04-30,ensemble_lr0.20_rf0.30_xgb0.50,2025-05-02,2026-04-30,2026-04-27,2025-05-29,2026-04-29,2026-04-30,227,2026-04-30,False,0,0.49275362318840576,0.3080523383698785,0.46,0.33101654052734375,0.3651187379376476,0,63.49,0.3651187379376476,0,63.49,SELL,0.4179,-0.1642,Bearish,-0.165,0.0,unavailable_no_point_in_time_source,True,1267.32,1267.3226318359375,2026-05-04,1274.1173095703125,0.5361,1,2026-05-06,1293.20263671875,2.0421,1.0,2026-05-08,1267.3226318359375,0.0,0.0,2026-05-15,1243.8408203125,-1.8529,0.0,0,0,0,0,0,0,0.5364,0,0.0,0.0,0.0,0.0,0.0,2.0423,0.0,1.0,1.0,1.0,1.0,0.0,0.0002,0.0,1.0,1.0,1.0,1.0,1.0,-1.8527,1.0,60-65,60-65
BAJAJ-AUTO.NS|2026-04-30|ensemble_lr0.20_rf0.30_xgb0.50,BAJAJ-AUTO.NS,2026-04-30,ensemble_lr0.20_rf0.30_xgb0.50,2025-05-02,2026-04-30,2026-04-27,2025-05-29,2026-04-29,2026-04-30,227,2026-04-30,False,1,0.6304347826086957,0.8678990003255319,0.68,0.8873082995414734,0.8212339498358431,1,82.12,0.8212339498358431,1,82.12,STRONG BUY,0.7489,0.4977,Sideways,0.835,0.0,unavailable_no_point_in_time_source,False,9855.3,9855.3037109375,2026-05-04,9991.388671875,1.3808,1,2026-05-06,10175.79296875,3.2519,1.0,2026-05-08,10562.845703125,7.1793,1.0,2026-05-15,10233.4814453125,3.8373,1.0,1,1,1,1,1,1,1.3809,1,1.0,1.0,1.0,1.0,1.0,3.252,1.0,1.0,1.0,1.0,1.0,1.0,7.1793,1.0,1.0,1.0,1.0,1.0,1.0,3.8373,1.0,80-85,80-85
BAJAJFINSV.NS|2026-04-30|ensemble_lr0.20_rf0.30_xgb0.50,BAJAJFINSV.NS,2026-04-30,ensemble_lr0.20_rf0.30_xgb0.50,2025-05-02,2026-04-30,2026-04-27,2025-05-29,2026-04-29,2026-04-30,227,2026-04-30,False,0,0.5,0.35784728496952906,0.5,0.7021991610527039,0.5726690375202577,1,57.27,0.5726690375202577,1,57.27,HOLD,0.4362,-0.1277,Sideways,-0.835,0.0,unavailable_no_point_in_time_source,True,1745.71,1745.7103271484375,2026-05-04,1768.890625,1.3278,1,2026-05-06,1834.5345458984375,5.0881,1.0,2026-05-08,1816.749755859375,4.0694,1.0,2026-05-15,1726.6265869140625,-1.0932,0.0,0,1,1,0,0,1,1.3279,1,1.0,1.0,0.0,0.0,0.0,5.0882,0.0,1.0,1.0,0.0,0.0,0.0,4.0694,0.0,0.0,0.0,1.0,1.0,1.0,-1.0932,1.0,55-60,55-60
BAJFINANCE.NS|2026-04-30|ensemble_lr0.20_rf0.30_xgb0.50,BAJFINANCE.NS,2026-04-30,ensemble_lr0.20_rf0.30_xgb0.50,2025-05-02,2026-04-30,2026-04-27,2025-05-29,2026-04-29,2026-04-30,227,2026-04-30,False,1,0.5072463768115942,0.5485157974427569,0.58,0.6820061206817627,0.6247062198294328,1,62.47,0.6247062198294328,1,62.47,BUY,0.6156,0.2312,High Volatility,0.0,0.0,unavailable_no_point_in_time_source,True,931.28,931.2752685546875,2026-05-04,944.3945922851562,1.4087,1,2026-05-06,974.7579345703125,4.6692,1.0,2026-05-08,949.5131225585938,1.9584,1.0,2026-05-15,904.887451171875,-2.8335,0.0,1,1,1,1,1,1,1.4082,1,1.0,1.0,1.0,1.0,1.0,4.6686,1.0,1.0,1.0,1.0,1.0,1.0,1.9579,1.0,0.0,0.0,0.0,0.0,0.0,-2.834,0.0,60-65,60-65
BEL.NS|2026-04-30|ensemble_lr0.20_rf0.30_xgb0.50,BEL.NS,2026-04-30,ensemble_lr0.20_rf0.30_xgb0.50,2025-05-02,2026-04-30,2026-04-27,2025-05-29,2026-04-29,2026-04-30,227,2026-04-30,False,0,0.5289855072463768,0.48565402529645285,0.46,0.4542211890220642,0.4622413995703227,0,53.78,0.4622413995703227,0,53.78,HOLD,0.4338,-0.1324,Sideways,-0.165,0.0,unavailable_no_point_in_time_source,False,430.72,430.71527099609375,2026-05-04,432.96221923828125,0.5217,1,2026-05-06,437.6059265136719,1.5998,1.0,2026-05-08,439.1039123535156,1.9476,1.0,2026-05-15,423.0756530761719,-1.7737,0.0,0,0,0,0,0,1,0.5206,1,0.0,0.0,0.0,0.0,1.0,1.5987,1.0,0.0,0.0,0.0,0.0,1.0,1.9465,1.0,1.0,1.0,1.0,1.0,1.0,-1.7748,1.0,50-55,50-55
BPCL.NS|2026-04-30|ensemble_lr0.20_rf0.30_xgb0.50,BPCL.NS,2026-04-30,ensemble_lr0.20_rf0.30_xgb0.50,2025-05-02,2026-04-30,2026-04-27,2025-05-29,2026-04-29,2026-04-30,227,2026-04-30,False,0,0.5289855072463768,0.45251648837323544,0.44,0.3264073133468628,0.3857069543480785,0,61.43,0.3857069543480785,0,61.43,SELL,0.4086,-0.1828,High Volatility,-0.165,0.0,unavailable_no_point_in_time_source,True,300.45,300.45001220703125,2026-05-04,301.70001220703125,0.416,1,2026-05-06,314.04998779296875,4.5265,1.0,2026-05-08,302.75,0.7655,1.0,2026-05-15,284.45001220703125,-5.3253,0.0,0,0,0,0,0,0,0.416,0,0.0,0.0,0.0,0.0,0.0,4.5265,0.0,0.0,0.0,0.0,0.0,0.0,0.7655,0.0,1.0,1.0,1.0,1.0,1.0,-5.3253,1.0,60-65,60-65
AARTIIND.NS|2026-05-08|ensemble_lr0.20_rf0.30_xgb0.50,AARTIIND.NS,2026-05-08,ensemble_lr0.20_rf0.30_xgb0.50,2025-05-09,2026-05-08,2026-05-04,2025-06-05,2026-05-07,2026-05-08,227,2026-05-08,False,0,0.463768115942029,0.27998083888492026,0.22,0.2667516767978668,0.2553720061759175,0,74.46,0.2553720061759175,0,74.46,HOLD,0.5089,0.0179,High Volatility,0.5,0.0,unavailable_no_point_in_time_source,True,484.49,484.4869079589844,2026-05-11,486.4829406738281,0.412,1,2026-05-13,467.62042236328125,-3.4813,0.0,2026-05-15,465.3249816894531,-3.9551,0.0,2026-05-22,475.2552490234375,-1.9055,0.0,0,0,0,0,0,1,0.4113,1,1.0,1.0,1.0,1.0,0.0,-3.4819,0.0,1.0,1.0,1.0,1.0,0.0,-3.9557,0.0,1.0,1.0,1.0,1.0,1.0,-1.9061,1.0,70-75,70-75
AAVAS.NS|2026-05-08|ensemble_lr0.20_rf0.30_xgb0.50,AAVAS.NS,2026-05-08,ensemble_lr0.20_rf0.30_xgb0.50,2025-05-09,2026-05-08,2026-05-04,2025-06-05,2026-05-07,2026-05-08,227,2026-05-08,False,0,0.4130434782608696,0.3654760217252544,0.46,0.5486397743225098,0.4854150915063058,0,51.46,0.4854150915063058,0,51.46,BUY,0.588,0.176,High Volatility,0.5,0.0,unavailable_no_point_in_time_source,False,1443.6,1443.5999755859375,2026-05-11,1404.9000244140625,-2.6808,0,2026-05-13,1405.0999755859375,-2.6669,0.0,2026-05-15,1384.699951171875,-4.0801,0.0,2026-05-22,1396.9000244140625,-3.235,0.0,1,1,1,1,0,0,-2.6808,0,1.0,1.0,1.0,0.0,0.0,-2.6669,0.0,1.0,1.0,1.0,0.0,0.0,-4.0801,0.0,1.0,1.0,1.0,0.0,0.0,-3.235,0.0,50-55,50-55
ABCAPITAL.NS|2026-05-08|ensemble_lr0.20_rf0.30_xgb0.50,ABCAPITAL.NS,2026-05-08,ensemble_lr0.20_rf0.30_xgb0.50,2025-05-09,2026-05-08,2026-05-04,2025-06-05,2026-05-07,2026-05-08,227,2026-05-08,False,1,0.463768115942029,0.42730708267435563,0.32,0.31547364592552185,0.33919823949763206,0,66.08,0.33919823949763206,0,66.08,HOLD,0.5606,0.1212,High Volatility,1.0,0.0,unavailable_no_point_in_time_source,True,362.95,362.95001220703125,2026-05-11,352.95001220703125,-2.7552,0,2026-05-13,344.29998779296875,-5.1385,0.0,2026-05-15,357.1499938964844,-1.598,0.0,2026-05-22,357.29998779296875,-1.5567,0.0,0,1,1,0,1,1,-2.7552,1,1.0,1.0,0.0,1.0,0.0,-5.1385,0.0,1.0,1.0,0.0,1.0,1.0,-1.598,1.0,1.0,1.0,0.0,1.0,1.0,-1.5567,1.0,65-70,65-70
ABFRL.NS|2026-05-08|ensemble_lr0.20_rf0.30_xgb0.50,ABFRL.NS,2026-05-08,ensemble_lr0.20_rf0.30_xgb0.50,2025-05-09,2026-05-08,2026-05-04,2025-06-05,2026-05-07,2026-05-08,227,2026-05-08,False,0,0.5507246376811594,0.5192871548207523,0.54,0.6810532808303833,0.6063840713793421,1,60.64,0.6063840713793421,1,60.64,BUY,0.6323,0.2647,High Volatility,0.165,0.0,unavailable_no_point_in_time_source,True,66.33,66.33000183105469,2026-05-11,64.98999786376953,-2.0202,0,2026-05-13,63.59000015258789,-4.1309,0.0,2026-05-15,62.65999984741211,-5.5329,0.0,2026-05-22,67.3499984741211,1.5378,1.0,0,0,0,1,1,0,-2.0202,0,0.0,0.0,1.0,1.0,0.0,-4.1309,0.0,0.0,0.0,1.0,1.0,0.0,-5.5329,0.0,1.0,1.0,0.0,0.0,1.0,1.5378,1.0,60-65,60-65
ACC.NS|2026-05-08|ensemble_lr0.20_rf0.30_xgb0.50,ACC.NS,2026-05-08,ensemble_lr0.20_rf0.30_xgb0.50,2025-05-09,2026-05-08,2026-05-04,2025-06-05,2026-05-07,2026-05-08,227,2026-05-08,False,0,0.572463768115942,0.18745289863841783,0.5,0.2925955057144165,0.3337883325848918,0,66.62,0.3337883325848918,0,66.62,SELL,0.3416,-0.3169,Sideways,-0.835,0.0,unavailable_no_point_in_time_source,False,1383.89,1383.892578125,2026-05-11,1350.0882568359375,-2.4427,0,2026-05-13,1358.539306640625,-1.832,0.0,2026-05-15,1354.9600830078125,-2.0907,0.0,2026-05-22,1352.1761474609375,-2.2918,0.0,0,1,1,1,1,1,-2.4425,1,1.0,1.0,1.0,1.0,1.0,-1.8318,1.0,1.0,1.0,1.0,1.0,1.0,-2.0905,1.0,1.0,1.0,1.0,1.0,1.0,-2.2916,1.0,65-70,65-70
ADANIENT.NS|2026-05-08|ensemble_lr0.20_rf0.30_xgb0.50,ADANIENT.NS,2026-05-08,ensemble_lr0.20_rf0.30_xgb0.50,2025-05-09,2026-05-08,2026-05-04,2025-06-05,2026-05-07,2026-05-08,227,2026-05-08,False,0,0.43478260869565216,0.4805687578898953,0.32,0.5540977716445923,0.4691626374002752,0,53.08,0.4691626374002752,0,53.08,BUY,0.6318,0.2636,Bullish,0.665,0.0,unavailable_no_point_in_time_source,False,2504.78,2504.780029296875,2026-05-11,2499.08251953125,-0.2275,0,2026-05-13,2496.883544921875,-0.3153,0.0,2026-05-15,2714.7861328125,8.3842,1.0,2026-05-22,2716.085693359375,8.4361,1.0,0,1,1,1,1,0,-0.2275,0,1.0,1.0,1.0,1.0,0.0,-0.3153,0.0,0.0,0.0,0.0,0.0,1.0,8.3842,1.0,0.0,0.0,0.0,0.0,1.0,8.4361,1.0,50-55,50-55
ADANIPORTS.NS|2026-05-08|ensemble_lr0.20_rf0.30_xgb0.50,ADANIPORTS.NS,2026-05-08,ensemble_lr0.20_rf0.30_xgb0.50,2025-05-09,2026-05-08,2026-05-04,2025-06-05,2026-05-07,2026-05-08,227,2026-05-08,False,0,0.45652173913043476,0.35719974564608203,0.5,0.5433877110481262,0.4931338046532795,0,50.69,0.4931338046532795,0,50.69,BUY,0.6635,0.327,Bullish,1.0,0.0,unavailable_no_point_in_time_source,False,1753.01,1753.0120849609375,2026-05-11,1759.883056640625,0.392,1,2026-05-13,1730.5069580078125,-1.2838,0.0,2026-05-15,1787.56640625,1.9711,1.0,2026-05-22,1779.40087890625,1.5053,1.0,1,0,0,0,1,1,0.3921,1,1.0,1.0,1.0,0.0,0.0,-1.2837,0.0,0.0,0.0,0.0,1.0,1.0,1.9713,1.0,0.0,0.0,0.0,1.0,1.0,1.5055,1.0,50-55,50-55
AETHER.NS|2026-05-08|ensemble_lr0.20_rf0.30_xgb0.50,AETHER.NS,2026-05-08,ensemble_lr0.20_rf0.30_xgb0.50,2025-05-09,2026-05-08,2026-05-04,2025-06-05,2026-05-07,2026-05-08,227,2026-05-08,False,0,0.5144927536231884,0.31804687001979404,0.12,0.16787226498126984,0.18354550649459372,0,81.65,0.18354550649459372,0,81.65,HOLD,0.5428,0.0856,High Volatility,0.835,0.0,unavailable_no_point_in_time_source,False,1213.4,1213.4000244140625,2026-05-11,1200.699951171875,-1.0467,0,2026-05-13,1146.9000244140625,-5.4805,0.0,2026-05-15,1111.5,-8.3979,0.0,2026-05-22,1051.300048828125,-13.3592,0.0,0,1,1,1,1,1,-1.0466,1,1.0,1.0,1.0,1.0,0.0,-5.4805,0.0,1.0,1.0,1.0,1.0,0.0,-8.3979,0.0,1.0,1.0,1.0,1.0,0.0,-13.3592,0.0,80-85,80-85
AIAENG.NS|2026-05-08|ensemble_lr0.20_rf0.30_xgb0.50,AIAENG.NS,2026-05-08,ensemble_lr0.20_rf0.30_xgb0.50,2025-05-09,2026-05-08,2026-05-04,2025-06-05,2026-05-07,2026-05-08,227,2026-05-08,False,1,0.4565217391304348,0.261308180438108,0.24,0.21919861435890198,0.23386094326707257,0,76.61,0.23386094326707257,0,76.61,HOLD,0.5146,0.0291,Sideways,0.335,0.0,unavailable_no_point_in_time_source,False,3957.03,3957.025390625,2026-05-11,3890.973876953125,-1.6692,0,2026-05-13,3780.588623046875,-4.4588,0.0,2026-05-15,3841.8583984375,-2.9104,0.0,2026-05-22,3979.042724609375,0.5564,1.0,0,1,1,0,1,1,-1.6693,1,1.0,1.0,0.0,1.0,0.0,-4.4589,0.0,1.0,1.0,0.0,1.0,1.0,-2.9106,1.0,0.0,0.0,1.0,0.0,1.0,0.5563,1.0,75-80,75-80
AJANTPHARM.NS|2026-05-08|ensemble_lr0.20_rf0.30_xgb0.50,AJANTPHARM.NS,2026-05-08,ensemble_lr0.20_rf0.30_xgb0.50,2025-05-09,2026-05-08,2026-05-04,2025-06-05,2026-05-07,2026-05-08,227,2026-05-08,False,0,0.5217391304347826,0.3644856254676898,0.34,0.3250572085380554,0.33742572936256565,0,66.26,0.33742572936256565,0,66.26,HOLD,0.5531,0.1061,Sideways,0.5,0.0,unavailable_no_point_in_time_source,False,3007.45,3007.448974609375,2026-05-11,3036.384033203125,0.9621,1,2026-05-13,3094.848388671875,2.9061,1.0,2026-05-15,3148.358154296875,4.6853,1.0,2026-05-22,3079.291015625,2.3888,1.0,0,0,0,0,0,1,0.9621,1,0.0,0.0,0.0,0.0,1.0,2.9061,1.0,0.0,0.0,0.0,0.0,0.0,4.6853,0.0,0.0,0.0,0.0,0.0,1.0,2.3888,1.0,65-70,65-70
ALEMBICLTD.NS|2026-05-08|ensemble_lr0.20_rf0.30_xgb0.50,ALEMBICLTD.NS,2026-05-08,ensemble_lr0.20_rf0.30_xgb0.50,2025-05-09,2026-05-08,2026-05-04,2025-06-05,2026-05-07,2026-05-08,227,2026-05-08,False,0,0.5144927536231884,0.2371306344235515,0.42,0.14062950015068054,0.2437408769600506,0,75.63,0.2437408769600506,0,75.63,BUY,0.5998,0.1996,Bullish,0.5,0.0,unavailable_no_point_in_time_source,False,92.41,92.40570068359375,2026-05-11,90.19512939453125,-2.3922,0,2026-05-13,87.57555389404297,-5.2271,0.0,2026-05-15,87.59503173828125,-5.206,0.0,2026-05-22,85.05335998535156,-7.9566,0.0,0,1,1,1,1,0,-2.3968,0,1.0,1.0,1.0,1.0,0.0,-5.2315,0.0,1.0,1.0,1.0,1.0,0.0,-5.2104,0.0,1.0,1.0,1.0,1.0,0.0,-7.9609,0.0,75-80,75-80
ALKEM.NS|2026-05-08|ensemble_lr0.20_rf0.30_xgb0.50,ALKEM.NS,2026-05-08,ensemble_lr0.20_rf0.30_xgb0.50,2025-05-09,2026-05-08,2026-05-04,2025-06-05,2026-05-07,2026-05-08,227,2026-05-08,False,1,0.4710144927536231,0.3537808937318488,0.18,0.2861490249633789,0.26783069122805925,0,73.22,0.26783069122805925,0,73.22,HOLD,0.4955,-0.009,Sideways,0.165,0.0,unavailable_no_point_in_time_source,False,5575.52,5575.521484375,2026-05-11,5589.49609375,0.2506,1,2026-05-13,5452.7412109375,-2.2021,0.0,2026-05-15,5476.19921875,-1.7814,0.0,2026-05-22,5394.8447265625,-3.2405,0.0,0,0,0,1,0,1,0.2507,1,1.0,1.0,0.0,1.0,1.0,-2.2021,1.0,1.0,1.0,0.0,1.0,1.0,-1.7814,1.0,1.0,1.0,0.0,1.0,0.0,-3.2405,0.0,70-75,70-75
AMBER.NS|2026-05-08|ensemble_lr0.20_rf0.30_xgb0.50,AMBER.NS,2026-05-08,ensemble_lr0.20_rf0.30_xgb0.50,2025-05-09,2026-05-08,2026-05-04,2025-06-05,2026-05-07,2026-05-08,227,2026-05-08,False,1,0.5797101449275363,0.15680137960213406,0.28,0.23149463534355164,0.23110759359220262,0,76.89,0.23110759359220262,0,76.89,BUY,0.6036,0.2072,High Volatility,1.0,0.0,unavailable_no_point_in_time_source,False,8824.5,8824.5,2026-05-11,8539.5,-3.2296,0,2026-05-13,8300.5,-5.938,0.0,2026-05-15,8476.5,-3.9436,0.0,2026-05-22,7359.0,-16.6072,0.0,0,1,1,0,1,0,-3.2296,0,1.0,1.0,0.0,1.0,0.0,-5.938,0.0,1.0,1.0,0.0,1.0,0.0,-3.9436,0.0,1.0,1.0,0.0,1.0,0.0,-16.6072,0.0,75-80,75-80
ANGELONE.NS|2026-05-08|ensemble_lr0.20_rf0.30_xgb0.50,ANGELONE.NS,2026-05-08,ensemble_lr0.20_rf0.30_xgb0.50,2025-05-09,2026-05-08,2026-05-04,2025-06-05,2026-05-07,2026-05-08,227,2026-05-08,False,0,0.5434782608695653,0.4490860266452369,0.54,0.6832367777824402,0.5934355942202675,1,59.34,0.5934355942202675,1,59.34,BUY,0.7051,0.4103,High Volatility,0.665,0.0,unavailable_no_point_in_time_source,True,324.99,324.9949035644531,2026-05-11,316.2220458984375,-2.6994,0,2026-05-13,297.23077392578125,-8.5429,0.0,2026-05-15,305.9039611816406,-5.8742,0.0,2026-05-22,338.3037414550781,4.0951,1.0,1,0,0,1,0,0,-2.6979,0,0.0,0.0,1.0,0.0,0.0,-8.5416,0.0,0.0,0.0,1.0,0.0,0.0,-5.8728,0.0,1.0,1.0,0.0,1.0,1.0,4.0967,1.0,55-60,55-60
APARINDS.NS|2026-05-08|ensemble_lr0.20_rf0.30_xgb0.50,APARINDS.NS,2026-05-08,ensemble_lr0.20_rf0.30_xgb0.50,2025-05-09,2026-05-08,2026-05-04,2025-06-05,2026-05-07,2026-05-08,227,2026-05-08,False,1,0.5,0.4375293467395915,0.58,0.33707481622695923,0.4300432774613979,0,57.0,0.4300432774613979,0,57.0,BUY,0.6236,0.2471,High Volatility,1.0,0.0,unavailable_no_point_in_time_source,False,12765.68,12765.6796875,2026-05-11,12798.5654296875,0.2576,1,2026-05-13,12381.015625,-3.0133,0.0,2026-05-15,12606.2333984375,-1.249,0.0,2026-05-22,12737.7763671875,-0.2186,0.0,1,0,0,1,1,1,0.2576,1,1.0,1.0,0.0,0.0,0.0,-3.0133,0.0,1.0,1.0,0.0,0.0,0.0,-1.249,0.0,1.0,1.0,0.0,0.0,0.0,-0.2186,0.0,55-60,55-60
APOLLOHOSP.NS|2026-05-08|ensemble_lr0.20_rf0.30_xgb0.50,APOLLOHOSP.NS,2026-05-08,ensemble_lr0.20_rf0.30_xgb0.50,2025-05-09,2026-05-08,2026-05-04,2025-06-05,2026-05-07,2026-05-08,227,2026-05-08,False,0,0.5507246376811593,0.4307798982369054,0.46,0.7089018225669861,0.5786068909308741,1,57.86,0.5786068909308741,1,57.86,STRONG BUY,0.734,0.468,Sideways,1.0,0.0,unavailable_no_point_in_time_source,False,8087.58,8087.5849609375,2026-05-11,8072.6025390625,-0.1853,0,2026-05-13,7995.19287109375,-1.1424,0.0,2026-05-15,8073.10205078125,-0.1791,0.0,2026-05-22,8352.7763671875,3.279,1.0,1,0,0,1,0,0,-0.1852,0,0.0,0.0,1.0,0.0,0.0,-1.1423,0.0,0.0,0.0,1.0,0.0,0.0,-0.179,0.0,1.0,1.0,0.0,1.0,1.0,3.2791,1.0,55-60,55-60
APOLLOTYRE.NS|2026-05-08|ensemble_lr0.20_rf0.30_xgb0.50,APOLLOTYRE.NS,2026-05-08,ensemble_lr0.20_rf0.30_xgb0.50,2025-05-09,2026-05-08,2026-05-04,2025-06-05,2026-05-07,2026-05-08,227,2026-05-08,False,0,0.4275362318840579,0.4828088969845293,0.36,0.38413205742836,0.39662780811108583,0,60.34,0.39662780811108583,0,60.34,SELL,0.3363,-0.3275,Sideways,-0.835,0.0,unavailable_no_point_in_time_source,True,406.92,406.9228515625,2026-05-11,403.39306640625,-0.8674,0,2026-05-13,394.1956481933594,-3.1277,0.0,2026-05-15,392.2567443847656,-3.6041,0.0,2026-05-22,369.685791015625,-9.1509,0.0,0,1,1,1,1,1,-0.8667,1,1.0,1.0,1.0,1.0,1.0,-3.127,1.0,1.0,1.0,1.0,1.0,1.0,-3.6035,1.0,1.0,1.0,1.0,1.0,1.0,-9.1503,1.0,60-65,60-65
ASHOKLEY.NS|2026-05-08|ensemble_lr0.20_rf0.30_xgb0.50,ASHOKLEY.NS,2026-05-08,ensemble_lr0.20_rf0.30_xgb0.50,2025-05-09,2026-05-08,2026-05-04,2025-06-05,2026-05-07,2026-05-08,227,2026-05-08,False,1,0.44202898550724634,0.449753453811418,0.42,0.5571345090866089,0.49451794530558807,0,50.55,0.49451794530558807,0,50.55,HOLD,0.4461,-0.1079,High Volatility,0.0,0.0,unavailable_no_point_in_time_source,False,165.74,165.7425994873047,2026-05-11,158.81085205078125,-4.1822,0,2026-05-13,150.64022827148438,-9.1119,0.0,2026-05-15,150.5615692138672,-9.1594,0.0,2026-05-22,155.55636596679688,-6.1458,0.0,0,1,1,0,1,0,-4.1807,0,1.0,1.0,0.0,1.0,0.0,-9.1105,0.0,1.0,1.0,0.0,1.0,0.0,-9.158,0.0,1.0,1.0,0.0,1.0,0.0,-6.1443,0.0,50-55,50-55
ASIANPAINT.NS|2026-05-08|ensemble_lr0.20_rf0.30_xgb0.50,ASIANPAINT.NS,2026-05-08,ensemble_lr0.20_rf0.30_xgb0.50,2025-05-09,2026-05-08,2026-05-04,2025-06-05,2026-05-07,2026-05-08,227,2026-05-08,False,1,0.43478260869565216,0.585681340179409,0.7,0.9116268754005432,0.7829497057361534,1,78.29,0.7829497057361534,1,78.29,STRONG BUY,0.7537,0.5073,Bullish,0.5,0.0,unavailable_no_point_in_time_source,False,2577.54,2577.537109375,2026-05-11,2544.028076171875,-1.3,0,2026-05-13,2595.085205078125,0.6808,1.0,2026-05-15,2583.1884765625,0.2193,1.0,2026-05-22,2617.09423828125,1.5347,1.0,1,0,0,0,0,0,-1.3002,0,1.0,1.0,1.0,1.0,1.0,0.6807,1.0,1.0,1.0,1.0,1.0,1.0,0.2191,1.0,1.0,1.0,1.0,1.0,1.0,1.5346,1.0,75-80,75-80
ASTRAL.NS|2026-05-08|ensemble_lr0.20_rf0.30_xgb0.50,ASTRAL.NS,2026-05-08,ensemble_lr0.20_rf0.30_xgb0.50,2025-05-09,2026-05-08,2026-05-04,2025-06-05,2026-05-07,2026-05-08,227,2026-05-08,False,0,0.47826086956521735,0.33287099591050373,0.46,0.5400006175041199,0.47457450793416067,0,52.54,0.47457450793416067,0,52.54,HOLD,0.4577,-0.0845,Sideways,0.165,0.0,unavailable_no_point_in_time_source,False,1567.33,1567.3349609375,2026-05-11,1569.6312255859375,0.1465,1,2026-05-13,1541.575439453125,-1.6435,0.0,2026-05-15,1548.36474609375,-1.2103,0.0,2026-05-22,1539.2789306640625,-1.79,0.0,1,0,0,0,1,1,0.1468,1,1.0,1.0,1.0,0.0,1.0,-1.6432,1.0,1.0,1.0,1.0,0.0,1.0,-1.21,1.0,1.0,1.0,1.0,0.0,1.0,-1.7897,1.0,50-55,50-55
AUBANK.NS|2026-05-08|ensemble_lr0.20_rf0.30_xgb0.50,AUBANK.NS,2026-05-08,ensemble_lr0.20_rf0.30_xgb0.50,2025-05-09,2026-05-08,2026-05-04,2025-06-05,2026-05-07,2026-05-08,227,2026-05-08,False,1,0.4710144927536232,0.42186001970072035,0.54,0.36623841524124146,0.4294912115607648,0,57.05,0.4294912115607648,0,57.05,BUY,0.6012,0.2023,Bullish,0.665,0.0,unavailable_no_point_in_time_source,True,1049.38,1049.3809814453125,2026-05-11,1020.4090576171875,-2.7609,0,2026-05-13,993.8348388671875,-5.2932,0.0,2026-05-15,989.5390014648438,-5.7026,0.0,2026-05-22,976.9512939453125,-6.9021,0.0,1,1,1,0,0,0,-2.7608,0,1.0,1.0,0.0,0.0,0.0,-5.2931,0.0,1.0,1.0,0.0,0.0,0.0,-5.7025,0.0,1.0,1.0,0.0,0.0,0.0,-6.902,0.0,55-60,55-60
AXISBANK.NS|2026-05-08|ensemble_lr0.20_rf0.30_xgb0.50,AXISBANK.NS,2026-05-08,ensemble_lr0.20_rf0.30_xgb0.50,2025-05-09,2026-05-08,2026-05-04,2025-06-05,2026-05-07,2026-05-08,227,2026-05-08,False,0,0.4275362318840579,0.6583901008696188,0.4,0.6160469651222229,0.5597015027350352,1,55.97,0.5597015027350352,1,55.97,HOLD,0.561,0.1219,Sideways,-0.165,0.0,unavailable_no_point_in_time_source,True,1267.32,1267.3226318359375,2026-05-11,1271.319580078125,0.3154,1,2026-05-13,1254.7322998046875,-0.9935,0.0,2026-05-15,1243.8408203125,-1.8529,0.0,2026-05-22,1284.409423828125,1.3483,1.0,0,1,1,0,0,1,0.3156,1,0.0,0.0,1.0,1.0,1.0,-0.9933,1.0,0.0,0.0,1.0,1.0,1.0,-1.8527,1.0,1.0,1.0,0.0,0.0,1.0,1.3485,1.0,55-60,55-60
BAJAJ-AUTO.NS|2026-05-08|ensemble_lr0.20_rf0.30_xgb0.50,BAJAJ-AUTO.NS,2026-05-08,ensemble_lr0.20_rf0.30_xgb0.50,2025-05-09,2026-05-08,2026-05-04,2025-06-05,2026-05-07,2026-05-08,227,2026-05-08,False,1,0.5362318840579711,0.30500923106073285,0.68,0.6788871884346008,0.604445440429447,1,60.44,0.604445440429447,1,60.44,STRONG BUY,0.7449,0.4898,Bullish,1.0,0.0,unavailable_no_point_in_time_source,False,10562.85,10562.845703125,2026-05-11,10448.4560546875,-1.0829,0,2026-05-13,10119.583984375,-4.1964,0.0,2026-05-15,10233.4814453125,-3.1181,0.0,2026-05-22,10403.09375,-1.5124,0.0,1,0,0,0,0,0,-1.083,0,0.0,0.0,0.0,0.0,0.0,-4.1965,0.0,0.0,0.0,0.0,0.0,0.0,-3.1182,0.0,0.0,0.0,0.0,0.0,0.0,-1.5124,0.0,60-65,60-65
BAJAJFINSV.NS|2026-05-08|ensemble_lr0.20_rf0.30_xgb0.50,BAJAJFINSV.NS,2026-05-08,ensemble_lr0.20_rf0.30_xgb0.50,2025-05-09,2026-05-08,2026-05-04,2025-06-05,2026-05-07,2026-05-08,227,2026-05-08,False,0,0.47826086956521735,0.42956361774131224,0.36,0.41295579075813293,0.4003906189273289,0,59.96,0.4003906189273289,0,59.96,SELL,0.4176,-0.1647,Sideways,-0.335,0.0,unavailable_no_point_in_time_source,True,1816.75,1816.749755859375,2026-05-11,1792.6702880859375,-1.3254,0,2026-05-13,1727.426025390625,-4.9167,0.0,2026-05-15,1726.6265869140625,-4.9607,0.0,2026-05-22,1764.494384765625,-2.8763,0.0,0,1,1,1,1,1,-1.3254,1,1.0,1.0,1.0,1.0,1.0,-4.9167,1.0,1.0,1.0,1.0,1.0,1.0,-4.9607,1.0,1.0,1.0,1.0,1.0,1.0,-2.8763,1.0,55-60,55-60
BAJFINANCE.NS|2026-05-08|ensemble_lr0.20_rf0.30_xgb0.50,BAJFINANCE.NS,2026-05-08,ensemble_lr0.20_rf0.30_xgb0.50,2025-05-09,2026-05-08,2026-05-04,2025-06-05,2026-05-07,2026-05-08,227,2026-05-08,False,1,0.5434782608695653,0.6688131985916862,0.66,0.7457031011581421,0.7046141902974083,1,70.46,0.7046141902974083,1,70.46,BUY,0.6782,0.3563,Bullish,0.33,0.0,unavailable_no_point_in_time_source,True,949.51,949.5131225585938,2026-05-11,930.3310546875,-2.0202,0,2026-05-13,890.6748657226562,-6.1967,0.0,2026-05-15,904.887451171875,-4.6998,0.0,2026-05-22,910.9501953125,-4.0613,0.0,0,0,0,0,1,0,-2.0199,0,0.0,0.0,0.0,1.0,0.0,-6.1964,0.0,0.0,0.0,0.0,1.0,0.0,-4.6995,0.0,0.0,0.0,0.0,1.0,0.0,-4.061,0.0,70-75,70-75
BEL.NS|2026-05-08|ensemble_lr0.20_rf0.30_xgb0.50,BEL.NS,2026-05-08,ensemble_lr0.20_rf0.30_xgb0.50,2025-05-09,2026-05-08,2026-05-04,2025-06-05,2026-05-07,2026-05-08,227,2026-05-08,False,0,0.5579710144927535,0.5150500079083674,0.68,0.7099573016166687,0.6619886523900078,1,66.2,0.6619886523900078,1,66.2,HOLD,0.572,0.1441,Sideways,-0.165,0.0,unavailable_no_point_in_time_source,True,439.1,439.1039123535156,2026-05-11,431.3644104003906,-1.7626,0,2026-05-13,427.6694030761719,-2.6041,0.0,2026-05-15,423.0756530761719,-3.6502,0.0,2026-05-22,415.9852600097656,-5.265,0.0,1,0,0,1,0,1,-1.7617,1,0.0,0.0,1.0,0.0,1.0,-2.6032,1.0,0.0,0.0,1.0,0.0,0.0,-3.6494,0.0,0.0,0.0,1.0,0.0,0.0,-5.2641,0.0,65-70,65-70
BPCL.NS|2026-05-08|ensemble_lr0.20_rf0.30_xgb0.50,BPCL.NS,2026-05-08,ensemble_lr0.20_rf0.30_xgb0.50,2025-05-09,2026-05-08,2026-05-04,2025-06-05,2026-05-07,2026-05-08,227,2026-05-08,False,0,0.47826086956521735,0.296159101076983,0.3,0.22892160713672638,0.2636926237837598,0,73.63,0.2636926237837598,0,73.63,SELL,0.4156,-0.1688,High Volatility,-0.165,0.0,unavailable_no_point_in_time_source,True,302.75,302.75,2026-05-11,294.45001220703125,-2.7415,0,2026-05-13,297.1000061035156,-1.8662,0.0,2026-05-15,284.45001220703125,-6.0446,0.0,2026-05-22,295.6000061035156,-2.3617,0.0,0,1,1,1,1,1,-2.7415,1,1.0,1.0,1.0,1.0,1.0,-1.8662,1.0,1.0,1.0,1.0,1.0,1.0,-6.0446,1.0,1.0,1.0,1.0,1.0,1.0,-2.3617,1.0,70-75,70-75
AARTIIND.NS|2026-05-15|ensemble_lr0.20_rf0.30_xgb0.50,AARTIIND.NS,2026-05-15,ensemble_lr0.20_rf0.30_xgb0.50,2025-05-16,2026-05-15,2026-05-11,2025-06-12,2026-05-14,2026-05-15,227,2026-05-15,False,0,0.5072463768115942,0.31895393170261344,0.4,0.3474581241607666,0.357519848420906,0,64.25,0.357519848420906,0,64.25,HOLD,0.4739,-0.0522,High Volatility,0.335,0.0,unavailable_no_point_in_time_source,True,465.32,465.3249816894531,2026-05-18,460.2850036621094,-1.0831,0,2026-05-20,462.4307556152344,-0.622,0.0,2026-05-22,475.2552490234375,2.134,1.0,2026-06-01,469.96575927734375,0.9973,1.0,0,1,1,1,1,1,-1.0821,1,1.0,1.0,1.0,1.0,1.0,-0.6209,1.0,0.0,0.0,0.0,0.0,1.0,2.1351,1.0,0.0,0.0,0.0,0.0,1.0,0.9984,1.0,60-65,60-65
AAVAS.NS|2026-05-15|ensemble_lr0.20_rf0.30_xgb0.50,AAVAS.NS,2026-05-15,ensemble_lr0.20_rf0.30_xgb0.50,2025-05-16,2026-05-15,2026-05-11,2025-06-12,2026-05-14,2026-05-15,227,2026-05-15,False,0,0.4855072463768116,0.2198367159580885,0.3,0.25084179639816284,0.25938824139069916,0,74.06,0.25938824139069916,0,74.06,HOLD,0.4656,-0.0688,High Volatility,0.0,0.0,unavailable_no_point_in_time_source,False,1384.7,1384.699951171875,2026-05-18,1339.199951171875,-3.2859,0,2026-05-20,1358.199951171875,-1.9138,0.0,2026-05-22,1396.9000244140625,0.8811,1.0,2026-06-01,1324.4000244140625,-4.3547,0.0,0,1,1,1,1,0,-3.2859,0,1.0,1.0,1.0,1.0,1.0,-1.9138,1.0,0.0,0.0,0.0,0.0,1.0,0.8811,1.0,1.0,1.0,1.0,1.0,0.0,-4.3547,0.0,70-75,70-75
ABCAPITAL.NS|2026-05-15|ensemble_lr0.20_rf0.30_xgb0.50,ABCAPITAL.NS,2026-05-15,ensemble_lr0.20_rf0.30_xgb0.50,2025-05-16,2026-05-15,2026-05-11,2025-06-12,2026-05-14,2026-05-15,227,2026-05-15,False,1,0.5,0.6481546285910277,0.36,0.3681595027446747,0.4217106770905429,0,57.83,0.4217106770905429,0,57.83,HOLD,0.5085,0.017,High Volatility,0.5,0.0,unavailable_no_point_in_time_source,True,357.15,357.1499938964844,2026-05-18,350.1000061035156,-1.974,0,2026-05-20,353.1000061035156,-1.134,0.0,2026-05-22,357.29998779296875,0.042,1.0,2026-06-01,350.54998779296875,-1.848,0.0,1,1,1,0,0,1,-1.974,1,1.0,1.0,0.0,0.0,1.0,-1.134,1.0,0.0,0.0,1.0,1.0,1.0,0.042,1.0,1.0,1.0,0.0,0.0,1.0,-1.848,1.0,55-60,55-60
ABFRL.NS|2026-05-15|ensemble_lr0.20_rf0.30_xgb0.50,ABFRL.NS,2026-05-15,ensemble_lr0.20_rf0.30_xgb0.50,2025-05-16,2026-05-15,2026-05-11,2025-06-12,2026-05-14,2026-05-15,227,2026-05-15,False,0,0.6014492753623188,0.5161594212777693,0.22,0.14598236978054047,0.2422230691458241,0,75.78,0.2422230691458241,0,75.78,SELL,0.375,-0.25,High Volatility,-0.33,0.0,unavailable_no_point_in_time_source,True,62.66,62.65999984741211,2026-05-18,61.959999084472656,-1.1171,0,2026-05-20,62.529998779296875,-0.2075,0.0,2026-05-22,67.3499984741211,7.4848,1.0,2026-06-01,62.7599983215332,0.1596,1.0,0,1,1,1,1,1,-1.1171,1,1.0,1.0,1.0,1.0,1.0,-0.2075,1.0,0.0,0.0,0.0,0.0,0.0,7.4848,0.0,0.0,0.0,0.0,0.0,0.0,0.1596,0.0,75-80,75-80
ACC.NS|2026-05-15|ensemble_lr0.20_rf0.30_xgb0.50,ACC.NS,2026-05-15,ensemble_lr0.20_rf0.30_xgb0.50,2025-05-16,2026-05-15,2026-05-11,2025-06-12,2026-05-14,2026-05-15,227,2026-05-15,False,0,0.5362318840579711,0.30804732437005933,0.46,0.22814470529556274,0.31368181752179325,0,68.63,0.31368181752179325,0,68.63,SELL,0.3471,-0.3058,Sideways,-0.835,0.0,unavailable_no_point_in_time_source,False,1354.96,1354.9600830078125,2026-05-18,1351.7784423828125,-0.2348,0,2026-05-20,1343.824462890625,-0.8218,0.0,2026-05-22,1352.1761474609375,-0.2055,0.0,2026-06-01,1352.1761474609375,-0.2055,0.0,0,1,1,1,1,1,-0.2348,1,1.0,1.0,1.0,1.0,1.0,-0.8218,1.0,1.0,1.0,1.0,1.0,1.0,-0.2055,1.0,1.0,1.0,1.0,1.0,1.0,-0.2055,1.0,65-70,65-70
ADANIENT.NS|2026-05-15|ensemble_lr0.20_rf0.30_xgb0.50,ADANIENT.NS,2026-05-15,ensemble_lr0.20_rf0.30_xgb0.50,2025-05-16,2026-05-15,2026-05-11,2025-06-12,2026-05-14,2026-05-15,227,2026-05-15,False,0,0.4710144927536232,0.7743540173767607,0.52,0.4048042297363281,0.5132729183435162,1,51.33,0.5132729183435162,1,51.33,BUY,0.7183,0.4367,High Volatility,0.665,0.0,unavailable_no_point_in_time_source,False,2714.79,2714.7861328125,2026-05-18,2688.597900390625,-0.9647,0,2026-05-20,2703.59130859375,-0.4124,0.0,2026-05-22,2716.085693359375,0.0479,1.0,2026-06-01,2908.099609375,7.1208,1.0,1,0,0,1,0,0,-0.9648,0,0.0,0.0,1.0,0.0,0.0,-0.4125,0.0,1.0,1.0,0.0,1.0,1.0,0.0477,1.0,1.0,1.0,0.0,1.0,1.0,7.1206,1.0,50-55,50-55
ADANIPORTS.NS|2026-05-15|ensemble_lr0.20_rf0.30_xgb0.50,ADANIPORTS.NS,2026-05-15,ensemble_lr0.20_rf0.30_xgb0.50,2025-05-16,2026-05-15,2026-05-11,2025-06-12,2026-05-14,2026-05-15,227,2026-05-15,False,0,0.3913043478260869,0.7309626473369182,0.66,0.5403009057044983,0.6143429823196328,1,61.43,0.6143429823196328,1,61.43,STRONG BUY,0.795,0.59,Bullish,1.0,0.0,unavailable_no_point_in_time_source,False,1787.57,1787.56640625,2026-05-18,1780.1973876953125,-0.4122,0,2026-05-20,1765.1607666015625,-1.2534,0.0,2026-05-22,1779.40087890625,-0.4568,0.0,2026-06-01,1776.0150146484375,-0.6462,0.0,1,0,0,1,0,0,-0.4124,0,0.0,0.0,1.0,0.0,0.0,-1.2536,0.0,0.0,0.0,1.0,0.0,0.0,-0.457,0.0,0.0,0.0,1.0,0.0,0.0,-0.6464,0.0,60-65,60-65
AETHER.NS|2026-05-15|ensemble_lr0.20_rf0.30_xgb0.50,AETHER.NS,2026-05-15,ensemble_lr0.20_rf0.30_xgb0.50,2025-05-16,2026-05-15,2026-05-11,2025-06-12,2026-05-14,2026-05-15,227,2026-05-15,False,0,0.5072463768115942,0.8329906182857666,0.64,0.3728444278240204,0.5450203375691636,1,54.5,0.5450203375691636,1,54.5,BUY,0.598,0.1959,High Volatility,0.335,0.0,unavailable_no_point_in_time_source,False,1111.5,1111.5,2026-05-18,1114.9000244140625,0.3059,1,2026-05-20,1085.5,-2.3392,0.0,2026-05-22,1051.300048828125,-5.4161,0.0,2026-06-01,1115.699951171875,0.3779,1.0,1,1,1,0,1,1,0.3059,1,0.0,0.0,1.0,0.0,0.0,-2.3392,0.0,0.0,0.0,1.0,0.0,0.0,-5.4161,0.0,1.0,1.0,0.0,1.0,1.0,0.3779,1.0,50-55,50-55
AIAENG.NS|2026-05-15|ensemble_lr0.20_rf0.30_xgb0.50,AIAENG.NS,2026-05-15,ensemble_lr0.20_rf0.30_xgb0.50,2025-05-16,2026-05-15,2026-05-11,2025-06-12,2026-05-14,2026-05-15,227,2026-05-15,False,1,0.43478260869565216,0.4459285847444434,0.66,0.7772852182388306,0.675828326068304,1,67.58,0.675828326068304,1,67.58,BUY,0.59,0.1801,High Volatility,0.335,0.0,unavailable_no_point_in_time_source,False,3841.86,3841.8583984375,2026-05-18,3868.75732421875,0.7002,1,2026-05-20,3947.361572265625,2.7461,1.0,2026-05-22,3979.042724609375,3.5708,1.0,2026-06-01,4505.7626953125,17.2808,1.0,1,1,1,1,1,1,0.7001,1,1.0,1.0,1.0,1.0,1.0,2.7461,1.0,1.0,1.0,1.0,1.0,1.0,3.5707,1.0,1.0,1.0,1.0,1.0,1.0,17.2808,1.0,65-70,65-70
AJANTPHARM.NS|2026-05-15|ensemble_lr0.20_rf0.30_xgb0.50,AJANTPHARM.NS,2026-05-15,ensemble_lr0.20_rf0.30_xgb0.50,2025-05-16,2026-05-15,2026-05-11,2025-06-12,2026-05-14,2026-05-15,227,2026-05-15,False,0,0.49275362318840576,0.18106855576170064,0.32,0.26506343483924866,0.2647454285719645,0,73.53,0.2647454285719645,0,73.53,BUY,0.643,0.286,Bullish,1.0,0.0,unavailable_no_point_in_time_source,False,3148.36,3148.358154296875,2026-05-18,3184.92333984375,1.1614,1,2026-05-20,3159.85302734375,0.3651,1.0,2026-05-22,3079.291015625,-2.1938,0.0,2026-06-01,2904.39306640625,-7.749,0.0,0,0,0,0,0,1,1.1613,1,0.0,0.0,0.0,0.0,1.0,0.365,1.0,1.0,1.0,1.0,1.0,0.0,-2.1938,0.0,1.0,1.0,1.0,1.0,0.0,-7.749,0.0,70-75,70-75
ALEMBICLTD.NS|2026-05-15|ensemble_lr0.20_rf0.30_xgb0.50,ALEMBICLTD.NS,2026-05-15,ensemble_lr0.20_rf0.30_xgb0.50,2025-05-16,2026-05-15,2026-05-11,2025-06-12,2026-05-14,2026-05-15,227,2026-05-15,False,0,0.45652173913043476,0.45272315006895775,0.42,0.27126339077949524,0.35217632540353916,0,64.78,0.35217632540353916,0,64.78,HOLD,0.4673,-0.0653,Sideways,0.0,0.0,unavailable_no_point_in_time_source,False,87.6,87.59503173828125,2026-05-18,86.04666137695312,-1.7676,0,2026-05-20,84.98519134521484,-2.9794,0.0,2026-05-22,85.05335998535156,-2.9016,0.0,2026-06-01,84.38143157958984,-3.6687,0.0,0,1,1,1,1,1,-1.7732,1,1.0,1.0,1.0,1.0,1.0,-2.9849,1.0,1.0,1.0,1.0,1.0,1.0,-2.9071,1.0,1.0,1.0,1.0,1.0,0.0,-3.6742,0.0,60-65,60-65
ALKEM.NS|2026-05-15|ensemble_lr0.20_rf0.30_xgb0.50,ALKEM.NS,2026-05-15,ensemble_lr0.20_rf0.30_xgb0.50,2025-05-16,2026-05-15,2026-05-11,2025-06-12,2026-05-14,2026-05-15,227,2026-05-15,False,1,0.5434782608695652,0.4027756201880227,0.3,0.24383872747421265,0.29247448777471086,0,70.75,0.29247448777471086,0,70.75,HOLD,0.4964,-0.0073,Sideways,0.165,0.0,unavailable_no_point_in_time_source,False,5476.2,5476.19921875,2026-05-18,5458.2314453125,-0.3281,0,2026-05-20,5426.78759765625,-0.9023,0.0,2026-05-22,5394.8447265625,-1.4856,0.0,2026-06-01,5305.00537109375,-3.1261,0.0,0,1,1,0,1,1,-0.3281,1,1.0,1.0,0.0,1.0,1.0,-0.9023,1.0,1.0,1.0,0.0,1.0,1.0,-1.4856,1.0,1.0,1.0,0.0,1.0,0.0,-3.1262,0.0,70-75,70-75
AMBER.NS|2026-05-15|ensemble_lr0.20_rf0.30_xgb0.50,AMBER.NS,2026-05-15,ensemble_lr0.20_rf0.30_xgb0.50,2025-05-16,2026-05-15,2026-05-11,2025-06-12,2026-05-14,2026-05-15,227,2026-05-15,False,1,0.536231884057971,0.3971117399812819,0.52,0.26199841499328613,0.36642155549289945,0,63.36,0.36642155549289945,0,63.36,HOLD,0.5639,0.1279,High Volatility,0.665,0.0,unavailable_no_point_in_time_source,False,8476.5,8476.5,2026-05-18,7153.5,-15.6079,0,2026-05-20,7049.5,-16.8348,0.0,2026-05-22,7359.0,-13.1835,0.0,2026-06-01,7623.5,-10.0631,0.0,1,1,1,0,0,0,-15.6079,0,1.0,1.0,0.0,0.0,0.0,-16.8348,0.0,1.0,1.0,0.0,0.0,0.0,-13.1835,0.0,1.0,1.0,0.0,0.0,0.0,-10.0631,0.0,60-65,60-65
ANGELONE.NS|2026-05-15|ensemble_lr0.20_rf0.30_xgb0.50,ANGELONE.NS,2026-05-15,ensemble_lr0.20_rf0.30_xgb0.50,2025-05-16,2026-05-15,2026-05-11,2025-06-12,2026-05-14,2026-05-15,227,2026-05-15,False,1,0.5,0.19715587942587046,0.48,0.45158252120018005,0.40922243648526413,0,59.08,0.40922243648526413,0,59.08,HOLD,0.5031,0.0061,High Volatility,0.5,0.0,unavailable_no_point_in_time_source,True,305.9,305.9039611816406,2026-05-18,303.0129089355469,-0.9451,0,2026-05-20,323.99798583984375,5.9149,1.0,2026-05-22,338.3037414550781,10.5915,1.0,2026-06-01,334.5653076171875,9.3694,1.0,1,1,1,0,0,1,-0.9438,1,0.0,0.0,1.0,1.0,0.0,5.9163,0.0,0.0,0.0,1.0,1.0,0.0,10.5929,0.0,0.0,0.0,1.0,1.0,0.0,9.3708,0.0,55-60,55-60
APARINDS.NS|2026-05-15|ensemble_lr0.20_rf0.30_xgb0.50,APARINDS.NS,2026-05-15,ensemble_lr0.20_rf0.30_xgb0.50,2025-05-16,2026-05-15,2026-05-11,2025-06-12,2026-05-14,2026-05-15,227,2026-05-15,False,1,0.5,0.4615542769066325,0.48,0.4212423861026764,0.44693204843266465,0,55.31,0.44693204843266465,0,55.31,HOLD,0.57,0.14,High Volatility,0.665,0.0,unavailable_no_point_in_time_source,False,12606.23,12606.2333984375,2026-05-18,12111.94921875,-3.921,0,2026-05-20,12632.1435546875,0.2055,1.0,2026-05-22,12737.7763671875,1.0435,1.0,2026-06-01,12756.7109375,1.1937,1.0,0,1,1,0,1,0,-3.9209,0,0.0,0.0,1.0,0.0,1.0,0.2056,1.0,0.0,0.0,1.0,0.0,1.0,1.0435,1.0,0.0,0.0,1.0,0.0,1.0,1.1937,1.0,55-60,55-60
APOLLOHOSP.NS|2026-05-15|ensemble_lr0.20_rf0.30_xgb0.50,APOLLOHOSP.NS,2026-05-15,ensemble_lr0.20_rf0.30_xgb0.50,2025-05-16,2026-05-15,2026-05-11,2025-06-12,2026-05-14,2026-05-15,227,2026-05-15,False,0,0.5434782608695651,0.17537713289725082,0.36,0.35960036516189575,0.32287560916039804,0,67.71,0.32287560916039804,0,67.71,BUY,0.6151,0.2301,Bullish,1.0,0.0,unavailable_no_point_in_time_source,False,8073.1,8073.10205078125,2026-05-18,8011.173828125,-0.7671,0,2026-05-20,8069.1064453125,-0.0495,0.0,2026-05-22,8352.7763671875,3.4643,1.0,2026-06-01,8099.07177734375,0.3217,1.0,0,1,1,1,1,0,-0.7671,0,1.0,1.0,1.0,1.0,0.0,-0.0495,0.0,0.0,0.0,0.0,0.0,1.0,3.4643,1.0,0.0,0.0,0.0,0.0,1.0,0.3217,1.0,65-70,65-70
APOLLOTYRE.NS|2026-05-15|ensemble_lr0.20_rf0.30_xgb0.50,APOLLOTYRE.NS,2026-05-15,ensemble_lr0.20_rf0.30_xgb0.50,2025-05-16,2026-05-15,2026-05-11,2025-06-12,2026-05-14,2026-05-15,227,2026-05-15,False,0,0.45652173913043476,0.09580313638971576,0.28,0.15759247541427612,0.18195686498508123,0,81.8,0.18195686498508123,0,81.8,SELL,0.3126,-0.3748,High Volatility,-1.0,0.0,unavailable_no_point_in_time_source,True,392.26,392.2567443847656,2026-05-18,373.0167541503906,-4.9049,0,2026-05-20,373.76251220703125,-4.7148,0.0,2026-05-22,369.685791015625,-5.7541,0.0,2026-06-01,383.1090393066406,-2.3321,0.0,0,1,1,1,1,1,-4.9057,1,1.0,1.0,1.0,1.0,1.0,-4.7156,1.0,1.0,1.0,1.0,1.0,1.0,-5.7549,1.0,1.0,1.0,1.0,1.0,1.0,-2.3329,1.0,80-85,80-85
ASHOKLEY.NS|2026-05-15|ensemble_lr0.20_rf0.30_xgb0.50,ASHOKLEY.NS,2026-05-15,ensemble_lr0.20_rf0.30_xgb0.50,2025-05-16,2026-05-15,2026-05-11,2025-06-12,2026-05-14,2026-05-15,227,2026-05-15,False,1,0.41304347826086957,0.4917195589269272,0.46,0.6970441341400146,0.5848659788553927,1,58.49,0.5848659788553927,1,58.49,HOLD,0.4617,-0.0766,High Volatility,-0.5,0.0,unavailable_no_point_in_time_source,True,150.56,150.5615692138672,2026-05-18,148.60494995117188,-1.2995,0,2026-05-20,151.0335235595703,0.3135,1.0,2026-05-22,155.55636596679688,3.3174,1.0,2026-06-01,147.26776123046875,-2.1877,0.0,0,0,0,0,1,1,-1.2985,1,1.0,1.0,1.0,0.0,1.0,0.3145,1.0,1.0,1.0,1.0,0.0,0.0,3.3185,0.0,0.0,0.0,0.0,1.0,1.0,-2.1867,1.0,55-60,55-60
ASIANPAINT.NS|2026-05-15|ensemble_lr0.20_rf0.30_xgb0.50,ASIANPAINT.NS,2026-05-15,ensemble_lr0.20_rf0.30_xgb0.50,2025-05-16,2026-05-15,2026-05-11,2025-06-12,2026-05-14,2026-05-15,227,2026-05-15,False,1,0.5,0.5505405350354176,0.28,0.3631739020347595,0.3756950580244633,0,62.43,0.3756950580244633,0,62.43,HOLD,0.5744,0.1488,Bullish,0.5,0.0,unavailable_no_point_in_time_source,True,2583.19,2583.1884765625,2026-05-18,2591.51611328125,0.3224,1,2026-05-20,2576.24853515625,-0.2687,0.0,2026-05-22,2617.09423828125,1.3126,1.0,2026-06-01,2609.757568359375,1.0285,1.0,0,0,0,1,0,1,0.3223,1,1.0,1.0,0.0,1.0,1.0,-0.2687,1.0,0.0,0.0,1.0,0.0,1.0,1.3125,1.0,0.0,0.0,1.0,0.0,1.0,1.0285,1.0,60-65,60-65
ASTRAL.NS|2026-05-15|ensemble_lr0.20_rf0.30_xgb0.50,ASTRAL.NS,2026-05-15,ensemble_lr0.20_rf0.30_xgb0.50,2025-05-16,2026-05-15,2026-05-11,2025-06-12,2026-05-14,2026-05-15,227,2026-05-15,False,0,0.5362318840579711,0.48357572118933884,0.46,0.36816951632499695,0.41879990240036624,0,58.12,0.41879990240036624,0,58.12,HOLD,0.4408,-0.1184,High Volatility,0.165,0.0,unavailable_no_point_in_time_source,True,1548.36,1548.36474609375,2026-05-18,1543.272705078125,-0.3289,0,2026-05-20,1441.432861328125,-6.9061,0.0,2026-05-22,1539.2789306640625,-0.5868,0.0,2026-06-01,1530.6925048828125,-1.1413,0.0,0,1,1,1,1,1,-0.3286,1,1.0,1.0,1.0,1.0,0.0,-6.9058,0.0,1.0,1.0,1.0,1.0,1.0,-0.5865,1.0,1.0,1.0,1.0,1.0,1.0,-1.141,1.0,55-60,55-60
AUBANK.NS|2026-05-15|ensemble_lr0.20_rf0.30_xgb0.50,AUBANK.NS,2026-05-15,ensemble_lr0.20_rf0.30_xgb0.50,2025-05-16,2026-05-15,2026-05-11,2025-06-12,2026-05-14,2026-05-15,227,2026-05-15,False,0,0.5144927536231884,0.4259494990628419,0.56,0.37485241889953613,0.44061610926233646,0,55.94,0.44061610926233646,0,55.94,HOLD,0.5005,0.0011,Sideways,0.335,0.0,unavailable_no_point_in_time_source,True,989.54,989.5390014648438,2026-05-18,978.0501708984375,-1.161,0,2026-05-20,973.0550537109375,-1.6658,0.0,2026-05-22,976.9512939453125,-1.2721,0.0,2026-06-01,968.2097778320312,-2.1555,0.0,0,1,1,1,1,1,-1.1611,1,1.0,1.0,1.0,1.0,1.0,-1.6659,1.0,1.0,1.0,1.0,1.0,1.0,-1.2722,1.0,1.0,1.0,1.0,1.0,1.0,-2.1556,1.0,55-60,55-60
AXISBANK.NS|2026-05-15|ensemble_lr0.20_rf0.30_xgb0.50,AXISBANK.NS,2026-05-15,ensemble_lr0.20_rf0.30_xgb0.50,2025-05-16,2026-05-15,2026-05-11,2025-06-12,2026-05-14,2026-05-15,227,2026-05-15,False,0,0.5289855072463768,0.237896814871677,0.32,0.685728132724762,0.48644342933671636,0,51.36,0.48644342933671636,0,51.36,SELL,0.3769,-0.2462,Sideways,-0.335,0.0,unavailable_no_point_in_time_source,False,1243.84,1243.8408203125,2026-05-18,1236.946044921875,-0.5543,0,2026-05-20,1248.8369140625,0.4017,1.0,2026-05-22,1284.409423828125,3.2616,1.0,2026-06-01,1274.916748046875,2.4984,1.0,0,1,1,1,1,1,-0.5542,1,0.0,0.0,0.0,0.0,0.0,0.4017,0.0,0.0,0.0,0.0,0.0,0.0,3.2616,0.0,0.0,0.0,0.0,0.0,0.0,2.4985,0.0,50-55,50-55
BAJAJ-AUTO.NS|2026-05-15|ensemble_lr0.20_rf0.30_xgb0.50,BAJAJ-AUTO.NS,2026-05-15,ensemble_lr0.20_rf0.30_xgb0.50,2025-05-16,2026-05-15,2026-05-11,2025-06-12,2026-05-14,2026-05-15,227,2026-05-15,False,1,0.572463768115942,0.2500853380194345,0.48,0.5780333876609802,0.48303376143437704,0,51.7,0.48303376143437704,0,51.7,BUY,0.6307,0.2613,Bullish,1.0,0.0,unavailable_no_point_in_time_source,False,10233.48,10233.4814453125,2026-05-18,10056.9658203125,-1.7249,0,2026-05-20,10317.3017578125,0.8191,1.0,2026-05-22,10403.09375,1.6574,1.0,2026-06-01,10376.0,1.3927,1.0,0,1,1,0,1,0,-1.7249,0,0.0,0.0,1.0,0.0,1.0,0.8191,1.0,0.0,0.0,1.0,0.0,1.0,1.6574,1.0,0.0,0.0,1.0,0.0,1.0,1.3927,1.0,50-55,50-55
BAJAJFINSV.NS|2026-05-15|ensemble_lr0.20_rf0.30_xgb0.50,BAJAJFINSV.NS,2026-05-15,ensemble_lr0.20_rf0.30_xgb0.50,2025-05-16,2026-05-15,2026-05-11,2025-06-12,2026-05-14,2026-05-15,227,2026-05-15,False,0,0.4202898550724638,0.44695872218558796,0.28,0.36678189039230347,0.3567826896332693,0,64.32,0.3567826896332693,0,64.32,SELL,0.3611,-0.2778,Sideways,-0.835,0.0,unavailable_no_point_in_time_source,True,1726.63,1726.6265869140625,2026-05-18,1751.6053466796875,1.4467,1,2026-05-20,1770.4892578125,2.5404,1.0,2026-05-22,1764.494384765625,2.1932,1.0,2026-06-01,1757.400390625,1.7823,1.0,0,0,0,0,0,0,1.4465,0,0.0,0.0,0.0,0.0,0.0,2.5402,0.0,0.0,0.0,0.0,0.0,0.0,2.193,0.0,0.0,0.0,0.0,0.0,0.0,1.7821,0.0,60-65,60-65
BAJFINANCE.NS|2026-05-15|ensemble_lr0.20_rf0.30_xgb0.50,BAJFINANCE.NS,2026-05-15,ensemble_lr0.20_rf0.30_xgb0.50,2025-05-16,2026-05-15,2026-05-11,2025-06-12,2026-05-14,2026-05-15,227,2026-05-15,False,1,0.5507246376811595,0.5348086052182635,0.4,0.2636287212371826,0.358776081662244,0,64.12,0.358776081662244,0,64.12,HOLD,0.4488,-0.1024,Sideways,0.0,0.0,unavailable_no_point_in_time_source,True,904.89,904.887451171875,2026-05-18,915.4723510742188,1.1697,1,2026-05-20,917.4601440429688,1.3894,1.0,2026-05-22,910.9501953125,0.67,1.0,2026-06-01,883.6182250976562,-2.3505,0.0,0,0,0,1,0,1,1.1695,1,0.0,0.0,1.0,0.0,1.0,1.3891,1.0,0.0,0.0,1.0,0.0,1.0,0.6697,1.0,1.0,1.0,0.0,1.0,1.0,-2.3508,1.0,60-65,60-65
BEL.NS|2026-05-15|ensemble_lr0.20_rf0.30_xgb0.50,BEL.NS,2026-05-15,ensemble_lr0.20_rf0.30_xgb0.50,2025-05-16,2026-05-15,2026-05-11,2025-06-12,2026-05-14,2026-05-15,227,2026-05-15,False,0,0.4855072463768116,0.5766646994406002,0.48,0.27573537826538086,0.39720062902081044,0,60.28,0.39720062902081044,0,60.28,SELL,0.4003,-0.1994,Sideways,-0.165,0.0,unavailable_no_point_in_time_source,True,423.08,423.0756530761719,2026-05-18,426.02166748046875,0.6963,1,2026-05-20,412.73968505859375,-2.4431,0.0,2026-05-22,415.9852600097656,-1.6759,0.0,2026-06-01,406.6479797363281,-3.8829,0.0,0,0,0,0,0,0,0.6953,0,1.0,1.0,1.0,1.0,1.0,-2.4441,1.0,1.0,1.0,1.0,1.0,1.0,-1.6769,1.0,1.0,1.0,1.0,1.0,1.0,-3.8839,1.0,60-65,60-65
BPCL.NS|2026-05-15|ensemble_lr0.20_rf0.30_xgb0.50,BPCL.NS,2026-05-15,ensemble_lr0.20_rf0.30_xgb0.50,2025-05-16,2026-05-15,2026-05-11,2025-06-12,2026-05-14,2026-05-15,227,2026-05-15,False,0,0.38405797101449274,0.22785345071442833,0.66,0.6036838889122009,0.5454126345989861,1,54.54,0.5454126345989861,1,54.54,HOLD,0.4727,-0.0546,High Volatility,-0.835,0.0,unavailable_no_point_in_time_source,False,284.45,284.45001220703125,2026-05-18,280.79998779296875,-1.2832,0,2026-05-20,293.75,3.2695,1.0,2026-05-22,295.6000061035156,3.9198,1.0,2026-06-01,296.8500061035156,4.3593,1.0,0,0,0,1,1,1,-1.2832,1,1.0,1.0,0.0,0.0,0.0,3.2695,0.0,1.0,1.0,0.0,0.0,0.0,3.9198,0.0,1.0,1.0,0.0,0.0,0.0,4.3593,0.0,50-55,50-55
AARTIIND.NS|2026-05-22|ensemble_lr0.20_rf0.30_xgb0.50,AARTIIND.NS,2026-05-22,ensemble_lr0.20_rf0.30_xgb0.50,2025-05-23,2026-05-22,2026-05-18,2025-06-19,2026-05-21,2026-05-22,227,2026-05-22,False,0,0.5,0.3176520844354676,0.22,0.359976589679718,0.30951871172695256,0,69.05,0.30951871172695256,0,69.05,HOLD,0.4996,-0.0008,High Volatility,0.5,0.0,unavailable_no_point_in_time_source,True,475.26,475.2552490234375,2026-05-25,481.6425476074219,1.344,1,2026-05-27,499.75653076171875,5.1554,1.0,2026-06-01,469.96575927734375,-1.113,0.0,2026-06-08,431.69183349609375,-9.1663,0.0,0,0,0,0,0,1,1.343,1,0.0,0.0,0.0,0.0,0.0,5.1543,0.0,1.0,1.0,1.0,1.0,1.0,-1.114,1.0,1.0,1.0,1.0,1.0,0.0,-9.1672,0.0,65-70,65-70
AAVAS.NS|2026-05-22|ensemble_lr0.20_rf0.30_xgb0.50,AAVAS.NS,2026-05-22,ensemble_lr0.20_rf0.30_xgb0.50,2025-05-23,2026-05-22,2026-05-18,2025-06-19,2026-05-21,2026-05-22,227,2026-05-22,False,0,0.4492753623188406,0.26415810531045164,0.5,0.6738298535346985,0.5397465478294395,1,53.97,0.5397465478294395,1,53.97,BUY,0.6104,0.2208,High Volatility,0.0,0.0,unavailable_no_point_in_time_source,False,1396.9,1396.9000244140625,2026-05-25,1375.0,-1.5678,0,2026-05-27,1369.0,-1.9973,0.0,2026-06-01,1324.4000244140625,-5.1901,0.0,2026-06-08,1259.300048828125,-9.8504,0.0,1,0,0,1,0,0,-1.5678,0,0.0,0.0,1.0,0.0,0.0,-1.9973,0.0,0.0,0.0,1.0,0.0,0.0,-5.1901,0.0,0.0,0.0,1.0,0.0,0.0,-9.8504,0.0,50-55,50-55
ABCAPITAL.NS|2026-05-22|ensemble_lr0.20_rf0.30_xgb0.50,ABCAPITAL.NS,2026-05-22,ensemble_lr0.20_rf0.30_xgb0.50,2025-05-23,2026-05-22,2026-05-18,2025-06-19,2026-05-21,2026-05-22,227,2026-05-22,False,1,0.5434782608695653,0.4194057755932154,0.42,0.27566230297088623,0.3477123066040862,0,65.23,0.3477123066040862,0,65.23,HOLD,0.5009,0.0018,High Volatility,0.5,0.0,unavailable_no_point_in_time_source,True,357.3,357.29998779296875,2026-05-25,363.6499938964844,1.7772,1,2026-05-27,364.8999938964844,2.1271,1.0,2026-06-01,350.54998779296875,-1.8892,0.0,2026-06-08,344.0,-3.7224,0.0,1,0,0,1,1,1,1.7772,1,0.0,0.0,1.0,1.0,1.0,2.1271,1.0,1.0,1.0,0.0,0.0,1.0,-1.8892,1.0,1.0,1.0,0.0,0.0,0.0,-3.7224,0.0,65-70,65-70
ABFRL.NS|2026-05-22|ensemble_lr0.20_rf0.30_xgb0.50,ABFRL.NS,2026-05-22,ensemble_lr0.20_rf0.30_xgb0.50,2025-05-23,2026-05-22,2026-05-18,2025-06-19,2026-05-21,2026-05-22,227,2026-05-22,False,0,0.463768115942029,0.5934979543659813,0.32,0.3492949306964874,0.38934705622143995,0,61.07,0.38934705622143995,0,61.07,HOLD,0.5363,0.0725,High Volatility,0.335,0.0,unavailable_no_point_in_time_source,True,67.35,67.3499984741211,2026-05-25,67.36000061035156,0.0149,1,2026-05-27,64.05999755859375,-4.8849,0.0,2026-06-01,62.7599983215332,-6.8151,0.0,2026-06-08,59.290000915527344,-11.9673,0.0,1,0,0,0,1,1,0.0148,1,1.0,1.0,1.0,0.0,0.0,-4.8849,0.0,1.0,1.0,1.0,0.0,0.0,-6.8151,0.0,1.0,1.0,1.0,0.0,0.0,-11.9673,0.0,60-65,60-65
ACC.NS|2026-05-22|ensemble_lr0.20_rf0.30_xgb0.50,ACC.NS,2026-05-22,ensemble_lr0.20_rf0.30_xgb0.50,2025-05-23,2026-05-22,2026-05-18,2025-06-19,2026-05-21,2026-05-22,227,2026-05-22,False,0,0.5797101449275363,0.23139236104303085,0.16,0.05554862692952156,0.12205278567336696,0,87.79,0.12205278567336696,0,87.79,SELL,0.3468,-0.3065,Sideways,-0.5,0.0,unavailable_no_point_in_time_source,False,1352.18,1352.1761474609375,2026-05-25,1374.347900390625,1.6397,1,2026-05-27,1418.3929443359375,4.8971,1.0,2026-06-01,1352.1761474609375,0.0,0.0,2026-06-08,1312.10791015625,-2.9632,0.0,0,0,0,0,0,0,1.6394,0,0.0,0.0,0.0,0.0,0.0,4.8968,0.0,1.0,1.0,1.0,1.0,0.0,-0.0003,1.0,1.0,1.0,1.0,1.0,1.0,-2.9635,1.0,85-90,85-90
ADANIENT.NS|2026-05-22|ensemble_lr0.20_rf0.30_xgb0.50,ADANIENT.NS,2026-05-22,ensemble_lr0.20_rf0.30_xgb0.50,2025-05-23,2026-05-22,2026-05-18,2025-06-19,2026-05-21,2026-05-22,227,2026-05-22,False,0,0.49275362318840576,0.49655680561996596,0.44,0.21547025442123413,0.33904648833461026,0,66.1,0.33904648833461026,0,66.1,HOLD,0.5572,0.1145,High Volatility,0.665,0.0,unavailable_no_point_in_time_source,True,2716.09,2716.085693359375,2026-05-25,2848.42626953125,4.8725,1,2026-05-27,2971.771484375,9.4138,1.0,2026-06-01,2908.099609375,7.0695,1.0,2026-06-08,2968.672607421875,9.2997,1.0,1,0,0,0,1,0,4.8723,0,0.0,0.0,0.0,1.0,0.0,9.4136,0.0,0.0,0.0,0.0,1.0,0.0,7.0693,0.0,0.0,0.0,0.0,1.0,0.0,9.2995,0.0,65-70,65-70
ADANIPORTS.NS|2026-05-22|ensemble_lr0.20_rf0.30_xgb0.50,ADANIPORTS.NS,2026-05-22,ensemble_lr0.20_rf0.30_xgb0.50,2025-05-23,2026-05-22,2026-05-18,2025-06-19,2026-05-21,2026-05-22,227,2026-05-22,False,0,0.4492753623188406,0.59384420930742,0.36,0.5580289959907532,0.5057833398568605,1,50.58,0.5057833398568605,1,50.58,STRONG BUY,0.7271,0.4542,Bullish,0.665,0.0,unavailable_no_point_in_time_source,False,1779.4,1779.40087890625,2026-05-25,1795.333740234375,0.8954,1,2026-05-27,1816.843017578125,2.1042,1.0,2026-06-01,1776.0150146484375,-0.1903,0.0,2026-06-08,1797.4248046875,1.0129,1.0,0,1,1,0,0,1,0.8955,1,1.0,1.0,0.0,0.0,1.0,2.1042,1.0,0.0,0.0,1.0,1.0,0.0,-0.1902,0.0,1.0,1.0,0.0,0.0,1.0,1.013,1.0,50-55,50-55
AETHER.NS|2026-05-22|ensemble_lr0.20_rf0.30_xgb0.50,AETHER.NS,2026-05-22,ensemble_lr0.20_rf0.30_xgb0.50,2025-05-23,2026-05-22,2026-05-18,2025-06-19,2026-05-21,2026-05-22,227,2026-05-22,False,0,0.5434782608695653,0.5195173470229761,0.46,0.5573007464408875,0.5205538426250389,1,52.06,0.5205538426250389,1,52.06,HOLD,0.5296,0.0592,High Volatility,-0.165,0.0,unavailable_no_point_in_time_source,False,1051.3,1051.300048828125,2026-05-25,1074.5,2.2068,1,2026-05-27,1094.699951171875,4.1282,1.0,2026-06-01,1115.699951171875,6.1257,1.0,2026-06-08,1136.5,8.1042,1.0,0,1,1,0,0,1,2.2068,1,1.0,1.0,0.0,0.0,0.0,4.1282,0.0,1.0,1.0,0.0,0.0,0.0,6.1257,0.0,1.0,1.0,0.0,0.0,0.0,8.1043,0.0,50-55,50-55
AIAENG.NS|2026-05-22|ensemble_lr0.20_rf0.30_xgb0.50,AIAENG.NS,2026-05-22,ensemble_lr0.20_rf0.30_xgb0.50,2025-05-23,2026-05-22,2026-05-18,2025-06-19,2026-05-21,2026-05-22,227,2026-05-22,False,1,0.41304347826086957,0.3882423756556057,0.32,0.3123079538345337,0.329802452048388,0,67.02,0.329802452048388,0,67.02,HOLD,0.548,0.0961,Sideways,0.67,0.0,unavailable_no_point_in_time_source,False,3979.04,3979.042724609375,2026-05-25,3957.922119140625,-0.5308,0,2026-05-27,4411.51708984375,10.8688,1.0,2026-06-01,4505.7626953125,13.2374,1.0,2026-06-08,4528.47705078125,13.8082,1.0,0,1,1,0,1,1,-0.5307,1,0.0,0.0,1.0,0.0,0.0,10.8689,0.0,0.0,0.0,1.0,0.0,0.0,13.2374,0.0,0.0,0.0,1.0,0.0,0.0,13.8083,0.0,65-70,65-70
AJANTPHARM.NS|2026-05-22|ensemble_lr0.20_rf0.30_xgb0.50,AJANTPHARM.NS,2026-05-22,ensemble_lr0.20_rf0.30_xgb0.50,2025-05-23,2026-05-22,2026-05-18,2025-06-19,2026-05-21,2026-05-22,227,2026-05-22,False,0,0.4927536231884058,0.4027980889256882,0.4,0.2672235369682312,0.33417138626925325,0,66.58,0.33417138626925325,0,66.58,BUY,0.6378,0.2756,Bullish,0.835,0.0,unavailable_no_point_in_time_source,False,3079.29,3079.291015625,2026-05-25,3053.527099609375,-0.8367,0,2026-05-27,2993.3779296875,-2.79,0.0,2026-06-01,2904.39306640625,-5.6798,0.0,2026-06-08,2941.85009765625,-4.4634,0.0,0,1,1,1,1,0,-0.8367,0,1.0,1.0,1.0,1.0,0.0,-2.79,0.0,1.0,1.0,1.0,1.0,0.0,-5.6798,0.0,1.0,1.0,1.0,1.0,0.0,-4.4634,0.0,65-70,65-70
ALEMBICLTD.NS|2026-05-22|ensemble_lr0.20_rf0.30_xgb0.50,ALEMBICLTD.NS,2026-05-22,ensemble_lr0.20_rf0.30_xgb0.50,2025-05-23,2026-05-22,2026-05-18,2025-06-19,2026-05-21,2026-05-22,227,2026-05-22,False,0,0.5362318840579711,0.38656104468755337,0.24,0.3004075586795807,0.299515988277301,0,70.05,0.299515988277301,0,70.05,HOLD,0.4419,-0.1163,Sideways,-0.165,0.0,unavailable_no_point_in_time_source,False,85.05,85.05335998535156,2026-05-25,85.32603454589844,0.3206,1,2026-05-27,84.84886169433594,-0.2404,0.0,2026-06-01,84.38143157958984,-0.79,0.0,2026-06-08,83.48551940917969,-1.8434,0.0,0,0,0,0,0,1,0.3246,1,1.0,1.0,1.0,1.0,1.0,-0.2365,1.0,1.0,1.0,1.0,1.0,1.0,-0.7861,1.0,1.0,1.0,1.0,1.0,1.0,-1.8395,1.0,70-75,70-75
ALKEM.NS|2026-05-22|ensemble_lr0.20_rf0.30_xgb0.50,ALKEM.NS,2026-05-22,ensemble_lr0.20_rf0.30_xgb0.50,2025-05-23,2026-05-22,2026-05-18,2025-06-19,2026-05-21,2026-05-22,227,2026-05-22,False,1,0.5507246376811593,0.4979937761106345,0.58,0.6216939091682434,0.5844457098062485,1,58.44,0.5844457098062485,1,58.44,HOLD,0.537,0.0739,Sideways,-0.33,0.0,unavailable_no_point_in_time_source,False,5394.84,5394.8447265625,2026-05-25,5390.85205078125,-0.074,0,2026-05-27,5441.7607421875,0.8696,1.0,2026-06-01,5305.00537109375,-1.6653,0.0,2026-06-08,5346.9306640625,-0.8881,0.0,0,0,0,0,1,1,-0.0739,1,1.0,1.0,1.0,0.0,1.0,0.8697,1.0,0.0,0.0,0.0,1.0,1.0,-1.6652,1.0,0.0,0.0,0.0,1.0,1.0,-0.8881,1.0,55-60,55-60
AMBER.NS|2026-05-22|ensemble_lr0.20_rf0.30_xgb0.50,AMBER.NS,2026-05-22,ensemble_lr0.20_rf0.30_xgb0.50,2025-05-23,2026-05-22,2026-05-18,2025-06-19,2026-05-21,2026-05-22,227,2026-05-22,False,1,0.572463768115942,0.5131792978511561,0.36,0.6976825594902039,0.5594771393153332,1,55.95,0.5594771393153332,1,55.95,BUY,0.606,0.2119,High Volatility,0.335,0.0,unavailable_no_point_in_time_source,True,7359.0,7359.0,2026-05-25,7461.5,1.3929,1,2026-05-27,7516.0,2.1334,1.0,2026-06-01,7623.5,3.5942,1.0,2026-06-08,7750.0,5.3132,1.0,0,1,1,1,0,1,1.3929,1,1.0,1.0,1.0,0.0,1.0,2.1334,1.0,1.0,1.0,1.0,0.0,1.0,3.5942,1.0,1.0,1.0,1.0,0.0,1.0,5.3132,1.0,55-60,55-60
ANGELONE.NS|2026-05-22|ensemble_lr0.20_rf0.30_xgb0.50,ANGELONE.NS,2026-05-22,ensemble_lr0.20_rf0.30_xgb0.50,2025-05-23,2026-05-22,2026-05-18,2025-06-19,2026-05-21,2026-05-22,227,2026-05-22,False,1,0.5362318840579711,0.21688821023943908,0.4,0.2958763539791107,0.3113158190374432,0,68.87,0.3113158190374432,0,68.87,BUY,0.5909,0.1818,High Volatility,1.0,0.0,unavailable_no_point_in_time_source,True,338.3,338.3037414550781,2026-05-25,345.3818664550781,2.0922,1,2026-05-27,335.9111633300781,-0.7072,0.0,2026-06-01,334.5653076171875,-1.1051,0.0,2026-06-08,324.6958312988281,-4.0224,0.0,0,0,0,1,0,1,2.0934,1,1.0,1.0,0.0,1.0,0.0,-0.7061,0.0,1.0,1.0,0.0,1.0,0.0,-1.104,0.0,1.0,1.0,0.0,1.0,0.0,-4.0213,0.0,65-70,65-70
APARINDS.NS|2026-05-22|ensemble_lr0.20_rf0.30_xgb0.50,APARINDS.NS,2026-05-22,ensemble_lr0.20_rf0.30_xgb0.50,2025-05-23,2026-05-22,2026-05-18,2025-06-19,2026-05-21,2026-05-22,227,2026-05-22,False,1,0.4420289855072464,0.5418953653061317,0.4,0.2655402719974518,0.36114920905995224,0,63.89,0.36114920905995224,0,63.89,HOLD,0.537,0.074,High Volatility,0.665,0.0,unavailable_no_point_in_time_source,False,12737.78,12737.7763671875,2026-05-25,12436.8212890625,-2.3627,0,2026-05-27,13379.548828125,5.0383,1.0,2026-06-01,12756.7109375,0.1486,1.0,2026-06-08,13230.0673828125,3.8648,1.0,0,1,1,0,1,1,-2.3627,1,0.0,0.0,1.0,0.0,0.0,5.0383,0.0,0.0,0.0,1.0,0.0,1.0,0.1486,1.0,0.0,0.0,1.0,0.0,0.0,3.8648,0.0,60-65,60-65
APOLLOHOSP.NS|2026-05-22|ensemble_lr0.20_rf0.30_xgb0.50,APOLLOHOSP.NS,2026-05-22,ensemble_lr0.20_rf0.30_xgb0.50,2025-05-23,2026-05-22,2026-05-18,2025-06-19,2026-05-21,2026-05-22,227,2026-05-22,False,0,0.49275362318840576,0.2169642899121791,0.58,0.7230069041252136,0.5788963100450426,1,57.89,0.5788963100450426,1,57.89,STRONG BUY,0.7215,0.443,Bullish,1.0,0.0,unavailable_no_point_in_time_source,False,8352.78,8352.7763671875,2026-05-25,8394.228515625,0.4963,1,2026-05-27,8262.880859375,-1.0762,0.0,2026-06-01,8099.07177734375,-3.0374,0.0,2026-06-08,8348.78125,-0.0478,0.0,1,1,1,0,1,1,0.4962,1,0.0,0.0,1.0,0.0,0.0,-1.0763,0.0,0.0,0.0,1.0,0.0,0.0,-3.0374,0.0,0.0,0.0,1.0,0.0,0.0,-0.0479,0.0,55-60,55-60
APOLLOTYRE.NS|2026-05-22|ensemble_lr0.20_rf0.30_xgb0.50,APOLLOTYRE.NS,2026-05-22,ensemble_lr0.20_rf0.30_xgb0.50,2025-05-23,2026-05-22,2026-05-18,2025-06-19,2026-05-21,2026-05-22,227,2026-05-22,False,0,0.4855072463768116,0.3583440308592769,0.2,0.3401646316051483,0.30175112197442955,0,69.82,0.30175112197442955,0,69.82,SELL,0.3193,-0.3614,High Volatility,-1.0,0.0,unavailable_no_point_in_time_source,True,369.69,369.685791015625,2026-05-25,386.1417236328125,4.4513,1,2026-05-27,397.4768981933594,7.5175,1.0,2026-06-01,383.1090393066406,3.631,1.0,2026-06-08,382.66162109375,3.51,1.0,0,0,0,0,0,0,4.4501,0,0.0,0.0,0.0,0.0,0.0,7.5163,0.0,0.0,0.0,0.0,0.0,0.0,3.6298,0.0,0.0,0.0,0.0,0.0,0.0,3.5088,0.0,65-70,65-70
ASHOKLEY.NS|2026-05-22|ensemble_lr0.20_rf0.30_xgb0.50,ASHOKLEY.NS,2026-05-22,ensemble_lr0.20_rf0.30_xgb0.50,2025-05-23,2026-05-22,2026-05-18,2025-06-19,2026-05-21,2026-05-22,227,2026-05-22,False,1,0.5072463768115942,0.43378121798514263,0.56,0.6393494606018066,0.5744309738979319,1,57.44,0.5744309738979319,1,57.44,HOLD,0.4962,-0.0075,High Volatility,-0.335,0.0,unavailable_no_point_in_time_source,True,155.56,155.55636596679688,2026-05-25,161.32791137695312,3.7103,1,2026-05-27,160.87562561035156,3.4195,1.0,2026-06-01,147.26776123046875,-5.3284,0.0,2026-06-08,141.02000427246094,-9.3448,0.0,1,1,1,1,1,0,3.7078,0,1.0,1.0,1.0,1.0,0.0,3.4171,0.0,0.0,0.0,0.0,0.0,0.0,-5.3306,0.0,0.0,0.0,0.0,0.0,0.0,-9.3469,0.0,55-60,55-60
ASIANPAINT.NS|2026-05-22|ensemble_lr0.20_rf0.30_xgb0.50,ASIANPAINT.NS,2026-05-22,ensemble_lr0.20_rf0.30_xgb0.50,2025-05-23,2026-05-22,2026-05-18,2025-06-19,2026-05-21,2026-05-22,227,2026-05-22,False,1,0.4492753623188406,0.3758168595422504,0.6,0.3830755650997162,0.44670115445830816,0,55.33,0.44670115445830816,0,55.33,BUY,0.6193,0.2385,Bullish,0.665,0.0,unavailable_no_point_in_time_source,True,2617.09,2617.09423828125,2026-05-25,2634.939453125,0.6819,1,2026-05-27,2648.91796875,1.216,1.0,2026-06-01,2609.757568359375,-0.2803,0.0,2026-06-08,2636.3271484375,0.7349,1.0,1,0,0,1,1,1,0.682,1,0.0,0.0,1.0,1.0,1.0,1.2162,1.0,1.0,1.0,0.0,0.0,0.0,-0.2802,0.0,0.0,0.0,1.0,1.0,1.0,0.7351,1.0,55-60,55-60
ASTRAL.NS|2026-05-22|ensemble_lr0.20_rf0.30_xgb0.50,ASTRAL.NS,2026-05-22,ensemble_lr0.20_rf0.30_xgb0.50,2025-05-23,2026-05-22,2026-05-18,2025-06-19,2026-05-21,2026-05-22,227,2026-05-22,False,0,0.45652173913043476,0.37002237026882384,0.52,0.6853830814361572,0.5726960147718434,1,57.27,0.5726960147718434,1,57.27,HOLD,0.5362,0.0723,High Volatility,-0.335,0.0,unavailable_no_point_in_time_source,True,1539.28,1539.2789306640625,2026-05-25,1549.8624267578125,0.6876,1,2026-05-27,1596.089599609375,3.6907,1.0,2026-06-01,1530.6925048828125,-0.5578,0.0,2026-06-08,1508.826904296875,-1.9783,0.0,1,1,1,0,1,1,0.6875,1,1.0,1.0,0.0,1.0,0.0,3.6907,0.0,0.0,0.0,1.0,0.0,1.0,-0.5579,1.0,0.0,0.0,1.0,0.0,1.0,-1.9784,1.0,55-60,55-60
AUBANK.NS|2026-05-22|ensemble_lr0.20_rf0.30_xgb0.50,AUBANK.NS,2026-05-22,ensemble_lr0.20_rf0.30_xgb0.50,2025-05-23,2026-05-22,2026-05-18,2025-06-19,2026-05-21,2026-05-22,227,2026-05-22,False,0,0.5362318840579711,0.2730593464447663,0.34,0.4509364366531372,0.38208008761552187,0,61.79,0.38208008761552187,0,61.79,HOLD,0.4422,-0.1155,Sideways,-0.165,0.0,unavailable_no_point_in_time_source,True,976.95,976.9512939453125,2026-05-25,998.3305053710938,2.1884,1,2026-05-27,1004.0249633789062,2.7712,1.0,2026-06-01,968.2097778320312,-0.8948,0.0,2026-06-08,957.9697265625,-1.9429,0.0,1,0,0,0,1,1,2.1885,1,0.0,0.0,0.0,1.0,1.0,2.7714,1.0,1.0,1.0,1.0,0.0,1.0,-0.8946,1.0,1.0,1.0,1.0,0.0,1.0,-1.9428,1.0,60-65,60-65
AXISBANK.NS|2026-05-22|ensemble_lr0.20_rf0.30_xgb0.50,AXISBANK.NS,2026-05-22,ensemble_lr0.20_rf0.30_xgb0.50,2025-05-23,2026-05-22,2026-05-18,2025-06-19,2026-05-21,2026-05-22,227,2026-05-22,False,0,0.4710144927536232,0.3385164631950602,0.52,0.8103662133216858,0.6288863992998549,1,62.89,0.6288863992998549,1,62.89,HOLD,0.5259,0.0518,Sideways,-0.165,0.0,unavailable_no_point_in_time_source,True,1284.41,1284.409423828125,2026-05-25,1310.189453125,2.0072,1,2026-05-27,1303.094970703125,1.4548,1.0,2026-06-01,1274.916748046875,-0.7391,0.0,2026-06-08,1267.1226806640625,-1.3459,0.0,1,1,1,0,1,1,2.0071,1,1.0,1.0,0.0,1.0,1.0,1.4548,1.0,0.0,0.0,1.0,0.0,1.0,-0.7391,1.0,0.0,0.0,1.0,0.0,1.0,-1.3459,1.0,60-65,60-65
BAJAJ-AUTO.NS|2026-05-22|ensemble_lr0.20_rf0.30_xgb0.50,BAJAJ-AUTO.NS,2026-05-22,ensemble_lr0.20_rf0.30_xgb0.50,2025-05-23,2026-05-22,2026-05-18,2025-06-19,2026-05-21,2026-05-22,227,2026-05-22,False,1,0.5434782608695653,0.4751927842971915,0.5,0.3630264699459076,0.4265517918323921,0,57.34,0.4265517918323921,0,57.34,BUY,0.6193,0.2386,Bullish,0.665,0.0,unavailable_no_point_in_time_source,False,10403.09,10403.09375,2026-05-25,10345.40625,-0.5545,0,2026-05-27,10658.5,2.4551,1.0,2026-06-01,10376.0,-0.2604,0.0,2026-06-08,10231.0,-1.6543,0.0,0,1,1,0,1,0,-0.5545,0,0.0,0.0,1.0,0.0,1.0,2.4551,1.0,1.0,1.0,0.0,1.0,0.0,-0.2604,0.0,1.0,1.0,0.0,1.0,0.0,-1.6542,0.0,55-60,55-60
BAJAJFINSV.NS|2026-05-22|ensemble_lr0.20_rf0.30_xgb0.50,BAJAJFINSV.NS,2026-05-22,ensemble_lr0.20_rf0.30_xgb0.50,2025-05-23,2026-05-22,2026-05-18,2025-06-19,2026-05-21,2026-05-22,227,2026-05-22,False,0,0.4710144927536232,0.46251325590557496,0.6,0.6558857560157776,0.6004455291890038,1,60.04,0.6004455291890038,1,60.04,HOLD,0.467,-0.066,Sideways,-0.67,0.0,unavailable_no_point_in_time_source,True,1764.49,1764.494384765625,2026-05-25,1805.8590087890625,2.3443,1,2026-05-27,1807.5576171875,2.4405,1.0,2026-06-01,1757.400390625,-0.402,0.0,2026-06-08,1673.1722412109375,-5.1755,0.0,1,1,1,0,1,1,2.3445,1,1.0,1.0,0.0,1.0,1.0,2.4408,1.0,0.0,0.0,1.0,0.0,1.0,-0.4018,1.0,0.0,0.0,1.0,0.0,0.0,-5.1753,0.0,60-65,60-65
BAJFINANCE.NS|2026-05-22|ensemble_lr0.20_rf0.30_xgb0.50,BAJFINANCE.NS,2026-05-22,ensemble_lr0.20_rf0.30_xgb0.50,2025-05-23,2026-05-22,2026-05-18,2025-06-19,2026-05-21,2026-05-22,227,2026-05-22,False,1,0.5652173913043478,0.6597220932883153,0.78,0.5641657710075378,0.648027304161432,1,64.8,0.648027304161432,1,64.8,HOLD,0.5189,0.0379,Sideways,0.0,0.0,unavailable_no_point_in_time_source,True,910.95,910.9501953125,2026-05-25,936.1453247070312,2.7658,1,2026-05-27,925.4609985351562,1.5929,1.0,2026-06-01,883.6182250976562,-3.0004,0.0,2026-06-08,865.77783203125,-4.9588,0.0,1,1,1,1,1,1,2.7658,1,1.0,1.0,1.0,1.0,1.0,1.593,1.0,0.0,0.0,0.0,0.0,0.0,-3.0004,0.0,0.0,0.0,0.0,0.0,0.0,-4.9588,0.0,60-65,60-65
BEL.NS|2026-05-22|ensemble_lr0.20_rf0.30_xgb0.50,BEL.NS,2026-05-22,ensemble_lr0.20_rf0.30_xgb0.50,2025-05-23,2026-05-22,2026-05-18,2025-06-19,2026-05-21,2026-05-22,227,2026-05-22,False,0,0.5289855072463768,0.5933074322372061,0.44,0.33183518052101135,0.4165790767079469,0,58.34,0.4165790767079469,0,58.34,SELL,0.351,-0.2981,Bearish,-0.165,0.0,unavailable_no_point_in_time_source,True,415.99,415.9852600097656,2026-05-25,421.2781066894531,1.2724,1,2026-05-27,418.5318298339844,0.6122,1.0,2026-06-01,406.6479797363281,-2.2446,0.0,2026-06-08,412.3901672363281,-0.8642,0.0,0,0,0,0,0,0,1.2712,0,0.0,0.0,0.0,0.0,0.0,0.611,0.0,1.0,1.0,1.0,1.0,1.0,-2.2457,1.0,1.0,1.0,1.0,1.0,1.0,-0.8654,1.0,55-60,55-60
BPCL.NS|2026-05-22|ensemble_lr0.20_rf0.30_xgb0.50,BPCL.NS,2026-05-22,ensemble_lr0.20_rf0.30_xgb0.50,2025-05-23,2026-05-22,2026-05-18,2025-06-19,2026-05-21,2026-05-22,227,2026-05-22,False,0,0.47826086956521735,0.660072399376373,0.62,0.45995691418647766,0.5479929369685135,1,54.8,0.5479929369685135,1,54.8,HOLD,0.5443,0.0886,High Volatility,-0.165,0.0,unavailable_no_point_in_time_source,False,295.6,295.6000061035156,2026-05-25,308.25,4.2794,1,2026-05-27,307.1499938964844,3.9073,1.0,2026-06-01,296.8500061035156,0.4229,1.0,2026-06-08,285.1499938964844,-3.5352,0.0,0,1,1,0,0,0,4.2794,0,1.0,1.0,0.0,0.0,0.0,3.9073,0.0,1.0,1.0,0.0,0.0,1.0,0.4229,1.0,0.0,0.0,1.0,1.0,0.0,-3.5352,0.0,50-55,50-55
AARTIIND.NS|2026-06-01|ensemble_lr0.20_rf0.30_xgb0.50,AARTIIND.NS,2026-06-01,ensemble_lr0.20_rf0.30_xgb0.50,2025-06-02,2026-06-01,2026-06-01,2025-06-27,2026-05-28,2026-05-29,226,2026-06-01,False,0,0.44202898550724634,0.33704045724670634,0.52,0.45359906554222107,0.4502076242204518,0,54.98,0.4502076242204518,0,54.98,HOLD,0.4771,-0.0457,High Volatility,0.335,0.0,unavailable_no_point_in_time_source,False,469.97,469.96575927734375,2026-06-02,468.81805419921875,-0.2442,0,2026-06-04,459.18719482421875,-2.2935,0.0,2026-06-08,431.69183349609375,-8.144,0.0,2026-06-15,497.16168212890625,5.7868,1.0,0,1,1,1,1,1,-0.2451,1,1.0,1.0,1.0,1.0,1.0,-2.2944,1.0,1.0,1.0,1.0,1.0,0.0,-8.1448,0.0,0.0,0.0,0.0,0.0,0.0,5.7858,0.0,50-55,50-55
AAVAS.NS|2026-06-01|ensemble_lr0.20_rf0.30_xgb0.50,AAVAS.NS,2026-06-01,ensemble_lr0.20_rf0.30_xgb0.50,2025-06-02,2026-06-01,2026-06-01,2025-06-27,2026-05-28,2026-05-29,226,2026-06-01,False,0,0.4855072463768116,0.283222576622331,0.3,0.42488187551498413,0.3590854530819583,0,64.09,0.3590854530819583,0,64.09,HOLD,0.4651,-0.0699,High Volatility,0.0,0.0,unavailable_no_point_in_time_source,False,1324.4,1324.4000244140625,2026-06-02,1305.0,-1.4648,0,2026-06-04,1300.4000244140625,-1.8121,0.0,2026-06-08,1259.300048828125,-4.9154,0.0,2026-06-15,1405.199951171875,6.1009,1.0,0,1,1,1,1,1,-1.4648,1,1.0,1.0,1.0,1.0,1.0,-1.8121,1.0,1.0,1.0,1.0,1.0,0.0,-4.9154,0.0,0.0,0.0,0.0,0.0,0.0,6.1009,0.0,60-65,60-65
ABCAPITAL.NS|2026-06-01|ensemble_lr0.20_rf0.30_xgb0.50,ABCAPITAL.NS,2026-06-01,ensemble_lr0.20_rf0.30_xgb0.50,2025-06-02,2026-06-01,2026-06-01,2025-06-27,2026-05-28,2026-05-29,226,2026-06-01,False,0,0.5362318840579711,0.8005906337691729,0.4,0.5438910722732544,0.5520636628904618,1,55.21,0.5520636628904618,1,55.21,HOLD,0.5669,0.1339,Sideways,0.335,0.0,unavailable_no_point_in_time_source,True,350.55,350.54998779296875,2026-06-02,351.29998779296875,0.2139,1,2026-06-04,353.6499938964844,0.8843,1.0,2026-06-08,344.0,-1.8685,0.0,2026-06-15,368.20001220703125,5.035,1.0,0,1,1,0,0,1,0.2139,1,1.0,1.0,0.0,0.0,1.0,0.8843,1.0,0.0,0.0,1.0,1.0,1.0,-1.8685,1.0,1.0,1.0,0.0,0.0,0.0,5.0349,0.0,55-60,55-60
ABFRL.NS|2026-06-01|ensemble_lr0.20_rf0.30_xgb0.50,ABFRL.NS,2026-06-01,ensemble_lr0.20_rf0.30_xgb0.50,2025-06-02,2026-06-01,2026-06-01,2025-06-27,2026-05-28,2026-05-29,226,2026-06-01,False,0,0.5217391304347826,0.6689721878244295,0.5,0.779011607170105,0.6733002411499384,1,67.33,0.6733002411499384,1,67.33,HOLD,0.5524,0.1049,High Volatility,-0.165,0.0,unavailable_no_point_in_time_source,True,62.76,62.7599983215332,2026-06-02,61.900001525878906,-1.3703,0,2026-06-04,61.029998779296875,-2.7565,0.0,2026-06-08,59.290000915527344,-5.529,0.0,2026-06-15,61.040000915527344,-2.7406,0.0,0,0,0,1,1,1,-1.3703,1,0.0,0.0,1.0,1.0,1.0,-2.7565,1.0,0.0,0.0,1.0,1.0,0.0,-5.529,0.0,0.0,0.0,1.0,1.0,1.0,-2.7406,1.0,65-70,65-70
ACC.NS|2026-06-01|ensemble_lr0.20_rf0.30_xgb0.50,ACC.NS,2026-06-01,ensemble_lr0.20_rf0.30_xgb0.50,2025-06-02,2026-06-01,2026-06-01,2025-06-27,2026-05-28,2026-05-29,226,2026-06-01,False,0,0.5434782608695653,0.6241326930201757,0.66,0.8543087244033813,0.7499809008057259,1,75.0,0.7499809008057259,1,75.0,HOLD,0.5214,0.0427,Sideways,-0.165,0.0,unavailable_no_point_in_time_source,False,1352.18,1352.1761474609375,2026-06-02,1362.0191650390625,0.7279,1,2026-06-04,1343.029052734375,-0.6765,0.0,2026-06-08,1312.10791015625,-2.9632,0.0,2026-06-15,1356.4000244140625,0.3124,1.0,0,1,1,0,0,1,0.7277,1,0.0,0.0,1.0,1.0,1.0,-0.6768,1.0,0.0,0.0,1.0,1.0,1.0,-2.9635,1.0,1.0,1.0,0.0,0.0,1.0,0.3121,1.0,75-80,75-80
ADANIENT.NS|2026-06-01|ensemble_lr0.20_rf0.30_xgb0.50,ADANIENT.NS,2026-06-01,ensemble_lr0.20_rf0.30_xgb0.50,2025-06-02,2026-06-01,2026-06-01,2025-06-27,2026-05-28,2026-05-29,226,2026-06-01,False,0,0.4927536231884058,0.46818971195234527,0.36,0.4360983371734619,0.4196871109772,0,58.03,0.4196871109772,0,58.03,BUY,0.6732,0.3464,Bullish,1.0,0.0,unavailable_no_point_in_time_source,False,2908.1,2908.099609375,2026-06-02,2966.773681640625,2.0176,1,2026-06-04,2971.471435546875,2.1791,1.0,2026-06-08,2968.672607421875,2.0829,1.0,2026-06-15,2942.5,1.1829,1.0,0,0,0,0,0,1,2.0176,1,0.0,0.0,0.0,0.0,1.0,2.1791,1.0,0.0,0.0,0.0,0.0,1.0,2.0829,1.0,0.0,0.0,0.0,0.0,1.0,1.1829,1.0,55-60,55-60
ADANIPORTS.NS|2026-06-01|ensemble_lr0.20_rf0.30_xgb0.50,ADANIPORTS.NS,2026-06-01,ensemble_lr0.20_rf0.30_xgb0.50,2025-06-02,2026-06-01,2026-06-01,2025-06-27,2026-05-28,2026-05-29,226,2026-06-01,False,0,0.45652173913043476,0.6685416659698028,0.42,0.5445936918258667,0.5320051791068939,1,53.2,0.5320051791068939,1,53.2,BUY,0.6676,0.3352,Bullish,0.5,0.0,unavailable_no_point_in_time_source,False,1776.02,1776.0150146484375,2026-06-02,1806.885009765625,1.7382,1,2026-06-04,1783.384033203125,0.4149,1.0,2026-06-08,1797.4248046875,1.2055,1.0,2026-06-15,1804.800048828125,1.6208,1.0,0,1,1,0,0,1,1.7379,1,1.0,1.0,0.0,0.0,1.0,0.4146,1.0,1.0,1.0,0.0,0.0,1.0,1.2052,1.0,1.0,1.0,0.0,0.0,1.0,1.6205,1.0,50-55,50-55
AETHER.NS|2026-06-01|ensemble_lr0.20_rf0.30_xgb0.50,AETHER.NS,2026-06-01,ensemble_lr0.20_rf0.30_xgb0.50,2025-06-02,2026-06-01,2026-06-01,2025-06-27,2026-05-28,2026-05-29,226,2026-06-01,False,0,0.5072463768115942,0.2545150486315826,0.36,0.4752217233181,0.39651387138536653,0,60.35,0.39651387138536653,0,60.35,HOLD,0.4678,-0.0645,High Volatility,-0.165,0.0,unavailable_no_point_in_time_source,False,1115.7,1115.699951171875,2026-06-02,1098.699951171875,-1.5237,0,2026-06-04,1143.199951171875,2.4648,1.0,2026-06-08,1136.5,1.8643,1.0,2026-06-15,1149.5999755859375,3.0385,1.0,1,1,1,1,0,1,-1.5237,1,0.0,0.0,0.0,1.0,1.0,2.4648,1.0,0.0,0.0,0.0,1.0,1.0,1.8643,1.0,0.0,0.0,0.0,1.0,0.0,3.0384,0.0,60-65,60-65
AIAENG.NS|2026-06-01|ensemble_lr0.20_rf0.30_xgb0.50,AIAENG.NS,2026-06-01,ensemble_lr0.20_rf0.30_xgb0.50,2025-06-02,2026-06-01,2026-06-01,2025-06-27,2026-05-28,2026-05-29,226,2026-06-01,False,1,0.4275362318840579,0.5930114918029142,0.48,0.38018283247947693,0.4526937146003213,0,54.73,0.4526937146003213,0,54.73,BUY,0.6096,0.2192,High Volatility,1.0,0.0,unavailable_no_point_in_time_source,False,4505.76,4505.7626953125,2026-06-02,4535.25146484375,0.6545,1,2026-06-04,4579.2861328125,1.6318,1.0,2026-06-08,4528.47705078125,0.5041,1.0,2026-06-15,4452.46337890625,-1.1829,0.0,1,0,0,1,1,1,0.6545,1,0.0,0.0,1.0,1.0,1.0,1.6318,1.0,0.0,0.0,1.0,1.0,1.0,0.5042,1.0,1.0,1.0,0.0,0.0,0.0,-1.1829,0.0,50-55,50-55
AJANTPHARM.NS|2026-06-01|ensemble_lr0.20_rf0.30_xgb0.50,AJANTPHARM.NS,2026-06-01,ensemble_lr0.20_rf0.30_xgb0.50,2025-06-02,2026-06-01,2026-06-01,2025-06-27,2026-05-28,2026-05-29,226,2026-06-01,False,0,0.5217391304347826,0.7997892210455096,0.54,0.7116797566413879,0.677797722529796,1,67.78,0.677797722529796,1,67.78,BUY,0.6101,0.2202,High Volatility,0.335,0.0,unavailable_no_point_in_time_source,False,2904.39,2904.39306640625,2026-06-02,2885.763671875,-0.6414,0,2026-06-04,2920.941650390625,0.5698,1.0,2026-06-08,2941.85009765625,1.2897,1.0,2026-06-15,3026.6728515625,4.2102,1.0,1,0,0,1,0,0,-0.6413,0,1.0,1.0,0.0,1.0,1.0,0.5699,1.0,1.0,1.0,0.0,1.0,1.0,1.2898,1.0,1.0,1.0,0.0,1.0,1.0,4.2103,1.0,65-70,65-70
ALEMBICLTD.NS|2026-06-01|ensemble_lr0.20_rf0.30_xgb0.50,ALEMBICLTD.NS,2026-06-01,ensemble_lr0.20_rf0.30_xgb0.50,2025-06-02,2026-06-01,2026-06-01,2025-06-27,2026-05-28,2026-05-29,226,2026-06-01,False,0,0.5072463768115942,0.354030659429552,0.52,0.7878983616828918,0.6207553127273563,1,62.08,0.6207553127273563,1,62.08,HOLD,0.4994,-0.0013,Sideways,-0.165,0.0,unavailable_no_point_in_time_source,False,84.38,84.38143157958984,2026-06-02,85.06310272216797,0.8078,1,2026-06-04,83.74844360351562,-0.7502,0.0,2026-06-08,83.48551940917969,-1.0617,0.0,2026-06-15,87.03995513916016,3.1506,1.0,0,1,1,0,0,1,0.8096,1,0.0,0.0,1.0,1.0,1.0,-0.7485,1.0,0.0,0.0,1.0,1.0,1.0,-1.0601,1.0,1.0,1.0,0.0,0.0,0.0,3.1524,0.0,60-65,60-65
ALKEM.NS|2026-06-01|ensemble_lr0.20_rf0.30_xgb0.50,ALKEM.NS,2026-06-01,ensemble_lr0.20_rf0.30_xgb0.50,2025-06-02,2026-06-01,2026-06-01,2025-06-27,2026-05-28,2026-05-29,226,2026-06-01,False,1,0.5797101449275363,0.7521907840787483,0.74,0.6029450297355652,0.6739106716835322,1,67.39,0.6739106716835322,1,67.39,HOLD,0.5151,0.0302,Sideways,-0.33,0.0,unavailable_no_point_in_time_source,False,5305.01,5305.00537109375,2026-06-02,5229.64013671875,-1.4206,0,2026-06-04,5267.0732421875,-0.715,0.0,2026-06-08,5346.9306640625,0.7903,1.0,2026-06-15,5324.470703125,0.3669,1.0,0,0,0,0,1,1,-1.4207,1,0.0,0.0,0.0,1.0,1.0,-0.7151,1.0,1.0,1.0,1.0,0.0,1.0,0.7902,1.0,1.0,1.0,1.0,0.0,1.0,0.3668,1.0,65-70,65-70
AMBER.NS|2026-06-01|ensemble_lr0.20_rf0.30_xgb0.50,AMBER.NS,2026-06-01,ensemble_lr0.20_rf0.30_xgb0.50,2025-06-02,2026-06-01,2026-06-01,2025-06-27,2026-05-28,2026-05-29,226,2026-06-01,False,1,0.5579710144927535,0.5646715170753749,0.62,0.7200216054916382,0.6589451061608941,1,65.89,0.6589451061608941,1,65.89,BUY,0.5944,0.1889,High Volatility,0.335,0.0,unavailable_no_point_in_time_source,True,7623.5,7623.5,2026-06-02,7591.5,-0.4198,0,2026-06-04,7617.0,-0.0853,0.0,2026-06-08,7750.0,1.6593,1.0,2026-06-15,7620.0,-0.0459,0.0,1,0,0,0,0,0,-0.4198,0,0.0,0.0,0.0,0.0,0.0,-0.0853,0.0,1.0,1.0,1.0,1.0,1.0,1.6593,1.0,0.0,0.0,0.0,0.0,0.0,-0.0459,0.0,65-70,65-70
ANGELONE.NS|2026-06-01|ensemble_lr0.20_rf0.30_xgb0.50,ANGELONE.NS,2026-06-01,ensemble_lr0.20_rf0.30_xgb0.50,2025-06-02,2026-06-01,2026-06-01,2025-06-27,2026-05-28,2026-05-29,226,2026-06-01,False,0,0.47826086956521735,0.1720625991561789,0.48,0.4235997200012207,0.3902123798318461,0,60.98,0.3902123798318461,0,60.98,HOLD,0.546,0.0921,High Volatility,0.665,0.0,unavailable_no_point_in_time_source,True,334.57,334.5653076171875,2026-06-02,341.59356689453125,2.1007,1,2026-06-04,336.6588439941406,0.6257,1.0,2026-06-08,324.6958312988281,-2.9499,0.0,2026-06-15,351.21380615234375,4.9762,1.0,0,0,0,0,0,1,2.0993,1,0.0,0.0,0.0,0.0,1.0,0.6243,1.0,1.0,1.0,1.0,1.0,1.0,-2.9513,1.0,0.0,0.0,0.0,0.0,0.0,4.9747,0.0,60-65,60-65
APARINDS.NS|2026-06-01|ensemble_lr0.20_rf0.30_xgb0.50,APARINDS.NS,2026-06-01,ensemble_lr0.20_rf0.30_xgb0.50,2025-06-02,2026-06-01,2026-06-01,2025-06-27,2026-05-28,2026-05-29,226,2026-06-01,False,1,0.4202898550724637,0.41450937594856296,0.54,0.6853970289230347,0.58760038965123,1,58.76,0.58760038965123,1,58.76,BUY,0.6096,0.2191,High Volatility,0.5,0.0,unavailable_no_point_in_time_source,False,12756.71,12756.7109375,2026-06-02,13224.087890625,3.6638,1,2026-06-04,13661.5693359375,7.0932,1.0,2026-06-08,13230.0673828125,3.7106,1.0,2026-06-15,15930.69140625,24.8809,1.0,0,1,1,1,0,1,3.6638,1,1.0,1.0,1.0,0.0,1.0,7.0932,1.0,1.0,1.0,1.0,0.0,1.0,3.7107,1.0,1.0,1.0,1.0,0.0,1.0,24.8809,1.0,55-60,55-60
APOLLOHOSP.NS|2026-06-01|ensemble_lr0.20_rf0.30_xgb0.50,APOLLOHOSP.NS,2026-06-01,ensemble_lr0.20_rf0.30_xgb0.50,2025-06-02,2026-06-01,2026-06-01,2025-06-27,2026-05-28,2026-05-29,226,2026-06-01,False,0,0.47826086956521746,0.21354471260862048,0.52,0.37576353549957275,0.3865907102715105,0,61.34,0.3865907102715105,0,61.34,HOLD,0.5399,0.0798,Bullish,0.335,0.0,unavailable_no_point_in_time_source,False,8099.07,8099.07177734375,2026-06-02,8080.09375,-0.2343,0,2026-06-04,8239.408203125,1.7327,1.0,2026-06-08,8348.78125,3.0832,1.0,2026-06-15,8458.6533203125,4.4398,1.0,0,1,1,1,1,1,-0.2343,1,0.0,0.0,0.0,0.0,1.0,1.7328,1.0,0.0,0.0,0.0,0.0,0.0,3.0832,0.0,0.0,0.0,0.0,0.0,0.0,4.4398,0.0,60-65,60-65
APOLLOTYRE.NS|2026-06-01|ensemble_lr0.20_rf0.30_xgb0.50,APOLLOTYRE.NS,2026-06-01,ensemble_lr0.20_rf0.30_xgb0.50,2025-06-02,2026-06-01,2026-06-01,2025-06-27,2026-05-28,2026-05-29,226,2026-06-01,False,0,0.5217391304347826,0.518010910419612,0.5,0.2330077737569809,0.3701060689624128,0,62.99,0.3701060689624128,0,62.99,SELL,0.378,-0.2441,High Volatility,-0.5,0.0,unavailable_no_point_in_time_source,True,383.11,383.1090393066406,2026-06-02,389.5223693847656,1.674,1,2026-06-04,393.4996337890625,2.7122,1.0,2026-06-08,382.66162109375,-0.1168,0.0,2026-06-15,411.9938659667969,7.5396,1.0,0,0,0,0,0,0,1.6738,0,0.0,0.0,0.0,0.0,0.0,2.7119,0.0,1.0,1.0,1.0,1.0,1.0,-0.117,1.0,0.0,0.0,0.0,0.0,0.0,7.5393,0.0,60-65,60-65
ASHOKLEY.NS|2026-06-01|ensemble_lr0.20_rf0.30_xgb0.50,ASHOKLEY.NS,2026-06-01,ensemble_lr0.20_rf0.30_xgb0.50,2025-06-02,2026-06-01,2026-06-01,2025-06-27,2026-05-28,2026-05-29,226,2026-06-01,False,1,0.5289855072463768,0.3571752187797648,0.56,0.5389865636825562,0.508928325597231,1,50.89,0.508928325597231,1,50.89,HOLD,0.5442,0.0884,High Volatility,-0.165,0.0,unavailable_no_point_in_time_source,False,147.27,147.26776123046875,2026-06-02,146.5500030517578,-0.4874,0,2026-06-04,144.44000244140625,-1.9201,0.0,2026-06-08,141.02000427246094,-4.2424,0.0,2026-06-15,157.6999969482422,7.0839,1.0,0,0,0,0,1,1,-0.4889,1,0.0,0.0,0.0,1.0,1.0,-1.9216,1.0,0.0,0.0,0.0,1.0,0.0,-4.2439,0.0,1.0,1.0,1.0,0.0,0.0,7.0822,0.0,50-55,50-55
ASIANPAINT.NS|2026-06-01|ensemble_lr0.20_rf0.30_xgb0.50,ASIANPAINT.NS,2026-06-01,ensemble_lr0.20_rf0.30_xgb0.50,2025-06-02,2026-06-01,2026-06-01,2025-06-27,2026-05-28,2026-05-29,226,2026-06-01,False,0,0.5072463768115942,0.7979756535638158,0.5,0.504942774772644,0.5620665180990851,1,56.21,0.5620665180990851,1,56.21,BUY,0.632,0.2641,Bullish,0.165,0.0,unavailable_no_point_in_time_source,True,2609.76,2609.757568359375,2026-06-02,2637.814208984375,1.0751,1,2026-06-04,2638.706787109375,1.1093,1.0,2026-06-08,2636.3271484375,1.0181,1.0,2026-06-15,2715.73828125,4.0609,1.0,0,1,1,0,0,1,1.075,1,1.0,1.0,0.0,0.0,1.0,1.1092,1.0,1.0,1.0,0.0,0.0,1.0,1.018,1.0,1.0,1.0,0.0,0.0,1.0,4.0608,1.0,55-60,55-60
ASTRAL.NS|2026-06-01|ensemble_lr0.20_rf0.30_xgb0.50,ASTRAL.NS,2026-06-01,ensemble_lr0.20_rf0.30_xgb0.50,2025-06-02,2026-06-01,2026-06-01,2025-06-27,2026-05-28,2026-05-29,226,2026-06-01,False,0,0.49275362318840576,0.44238929382268444,0.62,0.3531777560710907,0.45106673680008225,0,54.89,0.45106673680008225,0,54.89,HOLD,0.4419,-0.1162,High Volatility,0.165,0.0,unavailable_no_point_in_time_source,False,1530.69,1530.6925048828125,2026-06-02,1524.302490234375,-0.4175,0,2026-06-04,1546.8670654296875,1.0567,1.0,2026-06-08,1508.826904296875,-1.4285,0.0,2026-06-15,1542.3741455078125,0.7632,1.0,0,1,1,1,1,1,-0.4173,1,0.0,0.0,0.0,0.0,1.0,1.0568,1.0,1.0,1.0,1.0,1.0,1.0,-1.4283,1.0,0.0,0.0,0.0,0.0,1.0,0.7633,1.0,50-55,50-55
AUBANK.NS|2026-06-01|ensemble_lr0.20_rf0.30_xgb0.50,AUBANK.NS,2026-06-01,ensemble_lr0.20_rf0.30_xgb0.50,2025-06-02,2026-06-01,2026-06-01,2025-06-27,2026-05-28,2026-05-29,226,2026-06-01,False,0,0.5434782608695653,0.6125772592904741,0.54,0.5891815423965454,0.5791062230563675,1,57.91,0.5791062230563675,1,57.91,HOLD,0.5616,0.1233,Sideways,-0.165,0.0,unavailable_no_point_in_time_source,True,968.21,968.2097778320312,2026-06-02,975.502685546875,0.7532,1,2026-06-04,961.1166381835938,-0.7326,0.0,2026-06-08,957.9697265625,-1.0576,0.0,2026-06-15,1032.59716796875,6.6501,1.0,0,1,1,0,0,1,0.7532,1,0.0,0.0,1.0,1.0,1.0,-0.7326,1.0,0.0,0.0,1.0,1.0,1.0,-1.0577,1.0,1.0,1.0,0.0,0.0,0.0,6.6501,0.0,55-60,55-60
AXISBANK.NS|2026-06-01|ensemble_lr0.20_rf0.30_xgb0.50,AXISBANK.NS,2026-06-01,ensemble_lr0.20_rf0.30_xgb0.50,2025-06-02,2026-06-01,2026-06-01,2025-06-27,2026-05-28,2026-05-29,226,2026-06-01,False,0,0.5507246376811595,0.34152130327017355,0.56,0.19498462975025177,0.3337965755291606,0,66.62,0.3337965755291606,0,66.62,HOLD,0.4378,-0.1244,Sideways,0.165,0.0,unavailable_no_point_in_time_source,True,1274.92,1274.916748046875,2026-06-02,1250.1358642578125,-1.9437,0,2026-06-04,1252.334228515625,-1.7713,0.0,2026-06-08,1267.1226806640625,-0.6113,0.0,2026-06-15,1367.24560546875,7.242,1.0,0,1,1,1,1,1,-1.944,1,1.0,1.0,1.0,1.0,1.0,-1.7715,1.0,1.0,1.0,1.0,1.0,1.0,-0.6116,1.0,0.0,0.0,0.0,0.0,0.0,7.2417,0.0,65-70,65-70
BAJAJ-AUTO.NS|2026-06-01|ensemble_lr0.20_rf0.30_xgb0.50,BAJAJ-AUTO.NS,2026-06-01,ensemble_lr0.20_rf0.30_xgb0.50,2025-06-02,2026-06-01,2026-06-01,2025-06-27,2026-05-28,2026-05-29,226,2026-06-01,False,1,0.6014492753623188,0.5273442287976453,0.8,0.6689156889915466,0.6799266902553024,1,67.99,0.6799266902553024,1,67.99,BUY,0.6725,0.3451,Bullish,0.5,0.0,unavailable_no_point_in_time_source,False,10376.0,10376.0,2026-06-02,10281.0,-0.9156,0,2026-06-04,10362.0,-0.1349,0.0,2026-06-08,10231.0,-1.3975,0.0,2026-06-15,9943.0,-4.1731,0.0,0,0,0,0,1,0,-0.9156,0,0.0,0.0,0.0,1.0,0.0,-0.1349,0.0,0.0,0.0,0.0,1.0,0.0,-1.3975,0.0,0.0,0.0,0.0,1.0,0.0,-4.1731,0.0,65-70,65-70
BAJAJFINSV.NS|2026-06-01|ensemble_lr0.20_rf0.30_xgb0.50,BAJAJFINSV.NS,2026-06-01,ensemble_lr0.20_rf0.30_xgb0.50,2025-06-02,2026-06-01,2026-06-01,2025-06-27,2026-05-28,2026-05-29,226,2026-06-01,False,0,0.4710144927536231,0.5610236714412035,0.7,0.7488409876823425,0.696625228129412,1,69.66,0.696625228129412,1,69.66,HOLD,0.5431,0.0863,Sideways,0.0,0.0,unavailable_no_point_in_time_source,True,1757.4,1757.400390625,2026-06-02,1739.915283203125,-0.9949,0,2026-06-04,1708.34228515625,-2.7915,0.0,2026-06-08,1673.1722412109375,-4.7928,0.0,2026-06-15,1748.707763671875,-0.4946,0.0,0,0,0,1,1,1,-0.9949,1,0.0,0.0,1.0,1.0,1.0,-2.7915,1.0,0.0,0.0,1.0,1.0,0.0,-4.7927,0.0,0.0,0.0,1.0,1.0,1.0,-0.4946,1.0,65-70,65-70
BAJFINANCE.NS|2026-06-01|ensemble_lr0.20_rf0.30_xgb0.50,BAJFINANCE.NS,2026-06-01,ensemble_lr0.20_rf0.30_xgb0.50,2025-06-02,2026-06-01,2026-06-01,2025-06-27,2026-05-28,2026-05-29,226,2026-06-01,False,1,0.49275362318840576,0.898464831388431,0.66,0.9222924709320068,0.8388392017436896,1,83.88,0.8388392017436896,1,83.88,HOLD,0.5134,0.0267,Sideways,-0.33,0.0,unavailable_no_point_in_time_source,True,883.62,883.6182250976562,2026-06-02,876.6112670898438,-0.793,0,2026-06-04,869.0577392578125,-1.6478,0.0,2026-06-08,865.77783203125,-2.019,0.0,2026-06-15,936.5428466796875,5.9895,1.0,0,0,0,0,1,1,-0.7932,1,0.0,0.0,0.0,1.0,1.0,-1.648,1.0,0.0,0.0,0.0,1.0,1.0,-2.0192,1.0,1.0,1.0,1.0,0.0,0.0,5.9893,0.0,80-85,80-85
BEL.NS|2026-06-01|ensemble_lr0.20_rf0.30_xgb0.50,BEL.NS,2026-06-01,ensemble_lr0.20_rf0.30_xgb0.50,2025-06-02,2026-06-01,2026-06-01,2025-06-27,2026-05-28,2026-05-29,226,2026-06-01,False,0,0.5072463768115942,0.41360809417007427,0.48,0.7428978085517883,0.598170523109909,1,59.82,0.598170523109909,1,59.82,HOLD,0.4497,-0.1006,Bearish,-0.5,0.0,unavailable_no_point_in_time_source,True,406.65,406.6479797363281,2026-06-02,407.2970886230469,0.1596,1,2026-06-04,409.34429931640625,0.6631,1.0,2026-06-08,412.3901672363281,1.4121,1.0,2026-06-15,408.9947509765625,0.5771,1.0,0,1,1,0,0,1,0.1591,1,1.0,1.0,0.0,0.0,1.0,0.6626,1.0,1.0,1.0,0.0,0.0,1.0,1.4116,1.0,1.0,1.0,0.0,0.0,1.0,0.5766,1.0,55-60,55-60
BPCL.NS|2026-06-01|ensemble_lr0.20_rf0.30_xgb0.50,BPCL.NS,2026-06-01,ensemble_lr0.20_rf0.30_xgb0.50,2025-06-02,2026-06-01,2026-06-01,2025-06-27,2026-05-28,2026-05-29,226,2026-06-01,False,0,0.572463768115942,0.6502784902088298,0.52,0.7891663908958435,0.6806388934896876,1,68.06,0.6806388934896876,1,68.06,HOLD,0.5174,0.0349,High Volatility,-0.335,0.0,unavailable_no_point_in_time_source,True,296.85,296.8500061035156,2026-06-02,294.3999938964844,-0.8253,0,2026-06-04,295.1499938964844,-0.5727,0.0,2026-06-08,285.1499938964844,-3.9414,0.0,2026-06-15,310.6000061035156,4.632,1.0,0,0,0,1,1,1,-0.8253,1,0.0,0.0,1.0,1.0,1.0,-0.5727,1.0,0.0,0.0,1.0,1.0,0.0,-3.9414,0.0,1.0,1.0,0.0,0.0,0.0,4.632,0.0,65-70,65-70
AARTIIND.NS|2026-06-08|ensemble_lr0.20_rf0.30_xgb0.50,AARTIIND.NS,2026-06-08,ensemble_lr0.20_rf0.30_xgb0.50,2025-06-09,2026-06-08,2026-06-08,2025-07-04,2026-06-05,2026-06-08,226,2026-06-08,False,0,0.5217391304347826,0.46572571689286446,0.54,0.8062046766281128,0.6582474816926294,1,65.82,0.6582474816926294,1,65.82,HOLD,0.5344,0.0688,High Volatility,-0.165,0.0,unavailable_no_point_in_time_source,True,431.69,431.69183349609375,2026-06-09,439.5262756347656,1.8148,1,2026-06-11,427.0011901855469,-1.0866,0.0,2026-06-15,497.16168212890625,15.1659,1.0,2026-06-22,485.23541259765625,12.4032,1.0,0,1,1,0,0,1,1.8153,1,0.0,0.0,1.0,1.0,1.0,-1.0862,1.0,1.0,1.0,0.0,0.0,0.0,15.1664,0.0,1.0,1.0,0.0,0.0,0.0,12.4037,0.0,65-70,65-70
AAVAS.NS|2026-06-08|ensemble_lr0.20_rf0.30_xgb0.50,AAVAS.NS,2026-06-08,ensemble_lr0.20_rf0.30_xgb0.50,2025-06-09,2026-06-08,2026-06-08,2025-07-04,2026-06-05,2026-06-08,226,2026-06-08,False,0,0.5217391304347826,0.3178415345707886,0.4,0.3073301315307617,0.33723337267953857,0,66.28,0.33723337267953857,0,66.28,SELL,0.4129,-0.1741,High Volatility,-0.335,0.0,unavailable_no_point_in_time_source,False,1259.3,1259.300048828125,2026-06-09,1256.9000244140625,-0.1906,0,2026-06-11,1328.199951171875,5.4713,1.0,2026-06-15,1405.199951171875,11.5858,1.0,2026-06-22,1466.5999755859375,16.4615,1.0,0,1,1,1,1,1,-0.1906,1,0.0,0.0,0.0,0.0,0.0,5.4713,0.0,0.0,0.0,0.0,0.0,0.0,11.5858,0.0,0.0,0.0,0.0,0.0,0.0,16.4615,0.0,65-70,65-70
ABCAPITAL.NS|2026-06-08|ensemble_lr0.20_rf0.30_xgb0.50,ABCAPITAL.NS,2026-06-08,ensemble_lr0.20_rf0.30_xgb0.50,2025-06-09,2026-06-08,2026-06-08,2025-07-04,2026-06-05,2026-06-08,226,2026-06-08,False,0,0.5869565217391305,0.8269332710545213,0.7,0.6772922277450562,0.7140327680834323,1,71.4,0.7140327680834323,1,71.4,BUY,0.5989,0.1977,High Volatility,0.335,0.0,unavailable_no_point_in_time_source,True,344.0,344.0,2026-06-09,351.3500061035156,2.1366,1,2026-06-11,336.6000061035156,-2.1512,0.0,2026-06-15,368.20001220703125,7.0349,1.0,2026-06-22,391.95001220703125,13.939,1.0,0,1,1,0,0,1,2.1366,1,0.0,0.0,1.0,1.0,0.0,-2.1512,0.0,1.0,1.0,0.0,0.0,1.0,7.0349,1.0,1.0,1.0,0.0,0.0,1.0,13.939,1.0,70-75,70-75
ABFRL.NS|2026-06-08|ensemble_lr0.20_rf0.30_xgb0.50,ABFRL.NS,2026-06-08,ensemble_lr0.20_rf0.30_xgb0.50,2025-06-09,2026-06-08,2026-06-08,2025-07-04,2026-06-05,2026-06-08,226,2026-06-08,False,0,0.5434782608695653,0.5892563503123361,0.32,0.542004406452179,0.4848534732885567,0,51.51,0.4848534732885567,0,51.51,SELL,0.3358,-0.3283,High Volatility,-0.665,0.0,unavailable_no_point_in_time_source,False,59.29,59.290000915527344,2026-06-09,60.45000076293945,1.9565,1,2026-06-11,58.2400016784668,-1.771,0.0,2026-06-15,61.040000915527344,2.9516,1.0,2026-06-22,60.720001220703125,2.4119,1.0,0,0,0,0,0,0,1.9565,0,1.0,1.0,1.0,1.0,1.0,-1.771,1.0,0.0,0.0,0.0,0.0,0.0,2.9516,0.0,0.0,0.0,0.0,0.0,0.0,2.4119,0.0,50-55,50-55
ACC.NS|2026-06-08|ensemble_lr0.20_rf0.30_xgb0.50,ACC.NS,2026-06-08,ensemble_lr0.20_rf0.30_xgb0.50,2025-06-09,2026-06-08,2026-06-08,2025-07-04,2026-06-05,2026-06-08,226,2026-06-08,False,0,0.6014492753623188,0.4280111193222914,0.42,0.5207304954528809,0.4719674715908987,0,52.8,0.4719674715908987,0,52.8,SELL,0.3704,-0.2592,Sideways,-0.665,0.0,unavailable_no_point_in_time_source,False,1312.11,1312.10791015625,2026-06-09,1317.0791015625,0.3789,1,2026-06-11,1296.199951171875,-1.2124,0.0,2026-06-15,1356.4000244140625,3.3756,1.0,2026-06-22,1349.800048828125,2.8726,1.0,0,0,0,0,0,0,0.3787,0,1.0,1.0,1.0,1.0,1.0,-1.2126,1.0,0.0,0.0,0.0,0.0,0.0,3.3755,0.0,0.0,0.0,0.0,0.0,0.0,2.8725,0.0,50-55,50-55
ADANIENT.NS|2026-06-08|ensemble_lr0.20_rf0.30_xgb0.50,ADANIENT.NS,2026-06-08,ensemble_lr0.20_rf0.30_xgb0.50,2025-06-09,2026-06-08,2026-06-08,2025-07-04,2026-06-05,2026-06-08,226,2026-06-08,False,0,0.49275362318840576,0.5615730026647345,0.72,0.8645429015159607,0.7605860512909273,1,76.06,0.7605860512909273,1,76.06,BUY,0.7135,0.427,Bullish,0.665,0.0,unavailable_no_point_in_time_source,True,2968.67,2968.672607421875,2026-06-09,2978.568115234375,0.3333,1,2026-06-11,2907.5,-2.0606,0.0,2026-06-15,2942.5,-0.8816,0.0,2026-06-22,3059.60009765625,3.0629,1.0,0,1,1,0,0,1,0.3334,1,0.0,0.0,1.0,1.0,0.0,-2.0605,0.0,0.0,0.0,1.0,1.0,0.0,-0.8815,0.0,1.0,1.0,0.0,0.0,1.0,3.063,1.0,75-80,75-80
ADANIPORTS.NS|2026-06-08|ensemble_lr0.20_rf0.30_xgb0.50,ADANIPORTS.NS,2026-06-08,ensemble_lr0.20_rf0.30_xgb0.50,2025-06-09,2026-06-08,2026-06-08,2025-07-04,2026-06-05,2026-06-08,226,2026-06-08,False,0,0.4492753623188406,0.39020917703869,0.28,0.44345980882644653,0.3837717398209613,0,61.62,0.3837717398209613,0,61.62,HOLD,0.5572,0.1144,Bullish,0.5,0.0,unavailable_no_point_in_time_source,True,1797.42,1797.4248046875,2026-06-09,1818.735107421875,1.1856,1,2026-06-11,1779.5999755859375,-0.9917,0.0,2026-06-15,1804.800048828125,0.4103,1.0,2026-06-22,1827.199951171875,1.6565,1.0,0,0,0,0,0,1,1.1859,1,1.0,1.0,1.0,1.0,1.0,-0.9914,1.0,0.0,0.0,0.0,0.0,1.0,0.4106,1.0,0.0,0.0,0.0,0.0,1.0,1.6568,1.0,60-65,60-65
AETHER.NS|2026-06-08|ensemble_lr0.20_rf0.30_xgb0.50,AETHER.NS,2026-06-08,ensemble_lr0.20_rf0.30_xgb0.50,2025-06-09,2026-06-08,2026-06-08,2025-07-04,2026-06-05,2026-06-08,226,2026-06-08,False,0,0.5869565217391305,0.4081690345279994,0.3,0.13131751120090485,0.2372925625060523,0,76.27,0.2372925625060523,0,76.27,HOLD,0.4944,-0.0111,High Volatility,0.165,0.0,unavailable_no_point_in_time_source,False,1136.5,1136.5,2026-06-09,1135.0,-0.132,0,2026-06-11,1128.800048828125,-0.6775,0.0,2026-06-15,1149.5999755859375,1.1527,1.0,2026-06-22,1226.800048828125,7.9455,1.0,0,1,1,1,1,1,-0.132,1,1.0,1.0,1.0,1.0,1.0,-0.6775,1.0,0.0,0.0,0.0,0.0,1.0,1.1527,1.0,0.0,0.0,0.0,0.0,0.0,7.9455,0.0,75-80,75-80
AIAENG.NS|2026-06-08|ensemble_lr0.20_rf0.30_xgb0.50,AIAENG.NS,2026-06-08,ensemble_lr0.20_rf0.30_xgb0.50,2025-06-09,2026-06-08,2026-06-08,2025-07-04,2026-06-05,2026-06-08,226,2026-06-08,False,1,0.41304347826086957,0.5342964058717122,0.64,0.576103925704956,0.5869112440268205,1,58.69,0.5869112440268205,1,58.69,STRONG BUY,0.764,0.5281,Bullish,1.0,0.0,unavailable_no_point_in_time_source,False,4528.48,4528.47705078125,2026-06-09,4472.28857421875,-1.2408,0,2026-06-11,4302.3271484375,-4.994,0.0,2026-06-15,4452.46337890625,-1.6786,0.0,2026-06-22,4829.84423828125,6.6549,1.0,0,0,0,0,1,0,-1.2408,0,0.0,0.0,0.0,1.0,0.0,-4.994,0.0,0.0,0.0,0.0,1.0,0.0,-1.6786,0.0,1.0,1.0,1.0,0.0,1.0,6.6549,1.0,55-60,55-60
AJANTPHARM.NS|2026-06-08|ensemble_lr0.20_rf0.30_xgb0.50,AJANTPHARM.NS,2026-06-08,ensemble_lr0.20_rf0.30_xgb0.50,2025-06-09,2026-06-08,2026-06-08,2025-07-04,2026-06-05,2026-06-08,226,2026-06-08,False,0,0.5072463768115942,0.5796981095543342,0.42,0.22261367738246918,0.3532464606021014,0,64.68,0.3532464606021014,0,64.68,HOLD,0.4787,-0.0425,High Volatility,0.335,0.0,unavailable_no_point_in_time_source,False,2941.85,2941.85009765625,2026-06-09,2989.810546875,1.6303,1,2026-06-11,3114.864990234375,5.8812,1.0,2026-06-15,3026.6728515625,2.8833,1.0,2026-06-22,3160.74462890625,7.4407,1.0,0,0,0,0,0,1,1.6303,1,0.0,0.0,0.0,0.0,0.0,5.8812,0.0,0.0,0.0,0.0,0.0,1.0,2.8833,1.0,0.0,0.0,0.0,0.0,0.0,7.4407,0.0,60-65,60-65
ALEMBICLTD.NS|2026-06-08|ensemble_lr0.20_rf0.30_xgb0.50,ALEMBICLTD.NS,2026-06-08,ensemble_lr0.20_rf0.30_xgb0.50,2025-06-09,2026-06-08,2026-06-08,2025-07-04,2026-06-05,2026-06-08,226,2026-06-08,False,0,0.49275362318840576,0.4721847698430334,0.46,0.6354208588600159,0.5501473833986146,1,55.01,0.5501473833986146,1,55.01,HOLD,0.5106,0.0213,Sideways,-0.165,0.0,unavailable_no_point_in_time_source,False,83.49,83.48551940917969,2026-06-09,84.45933532714844,1.1664,1,2026-06-11,83.12519836425781,-0.4316,0.0,2026-06-15,87.03995513916016,4.2575,1.0,2026-06-22,88.93890380859375,6.5321,1.0,0,1,1,0,0,1,1.161,1,0.0,0.0,1.0,1.0,1.0,-0.4369,1.0,1.0,1.0,0.0,0.0,0.0,4.252,0.0,1.0,1.0,0.0,0.0,0.0,6.5264,0.0,55-60,55-60
ALKEM.NS|2026-06-08|ensemble_lr0.20_rf0.30_xgb0.50,ALKEM.NS,2026-06-08,ensemble_lr0.20_rf0.30_xgb0.50,2025-06-09,2026-06-08,2026-06-08,2025-07-04,2026-06-05,2026-06-08,226,2026-06-08,False,1,0.5144927536231885,0.43907096268225154,0.62,0.6383323073387146,0.5929803462058076,1,59.3,0.5929803462058076,1,59.3,HOLD,0.5148,0.0295,Sideways,-0.33,0.0,unavailable_no_point_in_time_source,False,5346.93,5346.9306640625,2026-06-09,5345.93212890625,-0.0187,0,2026-06-11,5292.02880859375,-1.0268,0.0,2026-06-15,5324.470703125,-0.4201,0.0,2026-06-22,5357.41162109375,0.196,1.0,1,0,0,0,0,1,-0.0187,1,0.0,0.0,0.0,0.0,1.0,-1.0268,1.0,0.0,0.0,0.0,0.0,1.0,-0.42,1.0,1.0,1.0,1.0,1.0,1.0,0.196,1.0,55-60,55-60
AMBER.NS|2026-06-08|ensemble_lr0.20_rf0.30_xgb0.50,AMBER.NS,2026-06-08,ensemble_lr0.20_rf0.30_xgb0.50,2025-06-09,2026-06-08,2026-06-08,2025-07-04,2026-06-05,2026-06-08,226,2026-06-08,False,1,0.5942028985507246,0.6216036597398712,0.7,0.7378954291343689,0.7032684465151586,1,70.33,0.7032684465151586,1,70.33,BUY,0.6109,0.2217,High Volatility,0.5,0.0,unavailable_no_point_in_time_source,True,7750.0,7750.0,2026-06-09,7726.0,-0.3097,0,2026-06-11,7290.0,-5.9355,0.0,2026-06-15,7620.0,-1.6774,0.0,2026-06-22,7906.5,2.0194,1.0,0,0,0,0,1,0,-0.3097,0,0.0,0.0,0.0,1.0,0.0,-5.9355,0.0,0.0,0.0,0.0,1.0,0.0,-1.6774,0.0,1.0,1.0,1.0,0.0,1.0,2.0194,1.0,70-75,70-75
ANGELONE.NS|2026-06-08|ensemble_lr0.20_rf0.30_xgb0.50,ANGELONE.NS,2026-06-08,ensemble_lr0.20_rf0.30_xgb0.50,2025-06-09,2026-06-08,2026-06-08,2025-07-04,2026-06-05,2026-06-08,226,2026-06-08,False,0,0.5,0.393276884197246,0.46,0.6696536540985107,0.5514822038887046,1,55.15,0.5514822038887046,1,55.15,BUY,0.5981,0.1961,High Volatility,0.5,0.0,unavailable_no_point_in_time_source,True,324.7,324.6958312988281,2026-06-09,336.50927734375,3.6383,1,2026-06-11,322.7518310546875,-0.5987,0.0,2026-06-15,351.21380615234375,8.167,1.0,2026-06-22,353.7060852050781,8.9346,1.0,0,1,1,0,0,1,3.637,1,0.0,0.0,1.0,1.0,0.0,-0.6,0.0,1.0,1.0,0.0,0.0,1.0,8.1656,1.0,1.0,1.0,0.0,0.0,1.0,8.9332,1.0,55-60,55-60
APARINDS.NS|2026-06-08|ensemble_lr0.20_rf0.30_xgb0.50,APARINDS.NS,2026-06-08,ensemble_lr0.20_rf0.30_xgb0.50,2025-06-09,2026-06-08,2026-06-08,2025-07-04,2026-06-05,2026-06-08,226,2026-06-08,False,1,0.4710144927536232,0.6748951600449614,0.56,0.870640218257904,0.7382991411379443,1,73.83,0.7382991411379443,1,73.83,BUY,0.682,0.3639,High Volatility,0.835,0.0,unavailable_no_point_in_time_source,False,13230.07,13230.0673828125,2026-06-09,13561.9150390625,2.5083,1,2026-06-11,14500.65625,9.6038,1.0,2026-06-15,15930.69140625,20.4128,1.0,2026-06-22,16116.0478515625,21.8138,1.0,0,1,1,1,0,1,2.5083,1,1.0,1.0,1.0,0.0,1.0,9.6038,1.0,1.0,1.0,1.0,0.0,1.0,20.4128,1.0,1.0,1.0,1.0,0.0,1.0,21.8138,1.0,70-75,70-75
APOLLOHOSP.NS|2026-06-08|ensemble_lr0.20_rf0.30_xgb0.50,APOLLOHOSP.NS,2026-06-08,ensemble_lr0.20_rf0.30_xgb0.50,2025-06-09,2026-06-08,2026-06-08,2025-07-04,2026-06-05,2026-06-08,226,2026-06-08,False,0,0.44927536231884063,0.41226310507129543,0.64,0.786466658115387,0.6676859500719525,1,66.77,0.6676859500719525,1,66.77,BUY,0.6345,0.269,Sideways,0.665,0.0,unavailable_no_point_in_time_source,False,8348.78,8348.78125,2026-06-09,8514.0888671875,1.98,1,2026-06-11,8483.125,1.6091,1.0,2026-06-15,8458.6533203125,1.316,1.0,2026-06-22,8459.15234375,1.322,1.0,1,1,1,0,1,1,1.98,1,1.0,1.0,0.0,1.0,1.0,1.6092,1.0,1.0,1.0,0.0,1.0,1.0,1.316,1.0,1.0,1.0,0.0,1.0,1.0,1.322,1.0,65-70,65-70
APOLLOTYRE.NS|2026-06-08|ensemble_lr0.20_rf0.30_xgb0.50,APOLLOTYRE.NS,2026-06-08,ensemble_lr0.20_rf0.30_xgb0.50,2025-06-09,2026-06-08,2026-06-08,2025-07-04,2026-06-05,2026-06-08,226,2026-06-08,False,0,0.47826086956521735,0.5300555261944341,0.6,0.5939468145370483,0.582984512507411,1,58.3,0.582984512507411,1,58.3,HOLD,0.4904,-0.0192,Sideways,-0.5,0.0,unavailable_no_point_in_time_source,True,382.66,382.66162109375,2026-06-09,389.1246643066406,1.689,1,2026-06-11,378.1374816894531,-1.1823,0.0,2026-06-15,411.9938659667969,7.6653,1.0,2026-06-22,425.71539306640625,11.2511,1.0,0,1,1,0,0,1,1.6894,1,0.0,0.0,1.0,1.0,1.0,-1.1819,1.0,1.0,1.0,0.0,0.0,0.0,7.6658,0.0,1.0,1.0,0.0,0.0,0.0,11.2516,0.0,55-60,55-60
ASHOKLEY.NS|2026-06-08|ensemble_lr0.20_rf0.30_xgb0.50,ASHOKLEY.NS,2026-06-08,ensemble_lr0.20_rf0.30_xgb0.50,2025-06-09,2026-06-08,2026-06-08,2025-07-04,2026-06-05,2026-06-08,226,2026-06-08,False,1,0.5,0.3490780433439298,0.64,0.6726765632629395,0.5981538903002557,1,59.82,0.5981538903002557,1,59.82,HOLD,0.4498,-0.1004,High Volatility,-0.665,0.0,unavailable_no_point_in_time_source,True,141.02,141.02000427246094,2026-06-09,143.8000030517578,1.9714,1,2026-06-11,138.5800018310547,-1.7303,0.0,2026-06-15,157.6999969482422,11.8281,1.0,2026-06-22,157.19000244140625,11.4665,1.0,0,1,1,1,0,1,1.9714,1,0.0,0.0,0.0,1.0,1.0,-1.7302,1.0,1.0,1.0,1.0,0.0,0.0,11.8281,0.0,1.0,1.0,1.0,0.0,0.0,11.4665,0.0,55-60,55-60
ASIANPAINT.NS|2026-06-08|ensemble_lr0.20_rf0.30_xgb0.50,ASIANPAINT.NS,2026-06-08,ensemble_lr0.20_rf0.30_xgb0.50,2025-06-09,2026-06-08,2026-06-08,2025-07-04,2026-06-05,2026-06-08,226,2026-06-08,False,0,0.5217391304347826,0.4910639150251505,0.56,0.842266857624054,0.6873462118170571,1,68.73,0.6873462118170571,1,68.73,BUY,0.6833,0.3666,Bullish,0.33,0.0,unavailable_no_point_in_time_source,True,2636.33,2636.3271484375,2026-06-09,2684.806640625,1.8389,1,2026-06-11,2667.75439453125,1.1921,1.0,2026-06-15,2715.73828125,3.0122,1.0,2026-06-22,2651.0,0.5566,1.0,0,1,1,0,0,1,1.8388,1,1.0,1.0,0.0,0.0,1.0,1.192,1.0,1.0,1.0,0.0,0.0,1.0,3.0121,1.0,1.0,1.0,0.0,0.0,1.0,0.5565,1.0,65-70,65-70
ASTRAL.NS|2026-06-08|ensemble_lr0.20_rf0.30_xgb0.50,ASTRAL.NS,2026-06-08,ensemble_lr0.20_rf0.30_xgb0.50,2025-06-09,2026-06-08,2026-06-08,2025-07-04,2026-06-05,2026-06-08,226,2026-06-08,False,0,0.5507246376811593,0.5491644141353362,0.44,0.2578788697719574,0.370772317713046,0,62.92,0.370772317713046,0,62.92,SELL,0.3495,-0.301,High Volatility,-0.33,0.0,unavailable_no_point_in_time_source,True,1508.83,1508.826904296875,2026-06-09,1523.6036376953125,0.9794,1,2026-06-11,1487.85986328125,-1.3896,0.0,2026-06-15,1542.3741455078125,2.2234,1.0,2026-06-22,1555.353759765625,3.0836,1.0,0,0,0,0,0,0,0.9791,0,1.0,1.0,1.0,1.0,1.0,-1.3898,1.0,0.0,0.0,0.0,0.0,0.0,2.2232,0.0,0.0,0.0,0.0,0.0,0.0,3.0834,0.0,60-65,60-65
AUBANK.NS|2026-06-08|ensemble_lr0.20_rf0.30_xgb0.50,AUBANK.NS,2026-06-08,ensemble_lr0.20_rf0.30_xgb0.50,2025-06-09,2026-06-08,2026-06-08,2025-07-04,2026-06-05,2026-06-08,226,2026-06-08,False,0,0.5217391304347826,0.43553820455931275,0.72,0.7118369340896606,0.6590261079566928,1,65.9,0.6590261079566928,1,65.9,HOLD,0.5644,0.1289,Sideways,-0.165,0.0,unavailable_no_point_in_time_source,True,957.97,957.9697265625,2026-06-09,977.5506591796875,2.044,1,2026-06-11,962.3654174804688,0.4589,1.0,2026-06-15,1032.59716796875,7.7902,1.0,2026-06-22,1044.0361328125,8.9843,1.0,0,1,1,0,0,1,2.044,1,1.0,1.0,0.0,0.0,1.0,0.4588,1.0,1.0,1.0,0.0,0.0,0.0,7.7901,0.0,1.0,1.0,0.0,0.0,0.0,8.9842,0.0,65-70,65-70
AXISBANK.NS|2026-06-08|ensemble_lr0.20_rf0.30_xgb0.50,AXISBANK.NS,2026-06-08,ensemble_lr0.20_rf0.30_xgb0.50,2025-06-09,2026-06-08,2026-06-08,2025-07-04,2026-06-05,2026-06-08,226,2026-06-08,False,0,0.4710144927536232,0.2518536219967865,0.48,0.8063845634460449,0.5975630061223798,1,59.76,0.5975630061223798,1,59.76,HOLD,0.5098,0.0196,Sideways,-0.165,0.0,unavailable_no_point_in_time_source,True,1267.12,1267.1226806640625,2026-06-09,1291.404052734375,1.9163,1,2026-06-11,1316.284912109375,3.8798,1.0,2026-06-15,1367.24560546875,7.9016,1.0,2026-06-22,1357.552978515625,7.1367,1.0,0,1,1,0,0,1,1.9165,1,1.0,1.0,0.0,0.0,0.0,3.8801,0.0,1.0,1.0,0.0,0.0,0.0,7.9018,0.0,1.0,1.0,0.0,0.0,0.0,7.1369,0.0,55-60,55-60
BAJAJ-AUTO.NS|2026-06-08|ensemble_lr0.20_rf0.30_xgb0.50,BAJAJ-AUTO.NS,2026-06-08,ensemble_lr0.20_rf0.30_xgb0.50,2025-06-09,2026-06-08,2026-06-08,2025-07-04,2026-06-05,2026-06-08,226,2026-06-08,False,1,0.5579710144927537,0.3191113087385576,0.38,0.3591431975364685,0.3573938605159458,0,64.26,0.3573938605159458,0,64.26,HOLD,0.4839,-0.0322,Sideways,0.335,0.0,unavailable_no_point_in_time_source,False,10231.0,10231.0,2026-06-09,10184.0,-0.4594,0,2026-06-11,10114.0,-1.1436,0.0,2026-06-15,9943.0,-2.815,0.0,2026-06-22,10191.0,-0.391,0.0,0,1,1,0,1,1,-0.4594,1,1.0,1.0,0.0,1.0,1.0,-1.1436,1.0,1.0,1.0,0.0,1.0,1.0,-2.815,1.0,1.0,1.0,0.0,1.0,1.0,-0.391,1.0,60-65,60-65
BAJAJFINSV.NS|2026-06-08|ensemble_lr0.20_rf0.30_xgb0.50,BAJAJFINSV.NS,2026-06-08,ensemble_lr0.20_rf0.30_xgb0.50,2025-06-09,2026-06-08,2026-06-08,2025-07-04,2026-06-05,2026-06-08,226,2026-06-08,False,0,0.463768115942029,0.38043470431176857,0.42,0.5252874493598938,0.46473066554230064,0,53.53,0.46473066554230064,0,53.53,SELL,0.295,-0.41,Bearish,-1.0,0.0,unavailable_no_point_in_time_source,False,1673.17,1673.1722412109375,2026-06-09,1691.656494140625,1.1047,1,2026-06-11,1643.6973876953125,-1.7616,0.0,2026-06-15,1748.707763671875,4.5145,1.0,2026-06-22,1780.680419921875,6.4254,1.0,0,0,0,0,0,0,1.1049,0,1.0,1.0,1.0,1.0,1.0,-1.7615,1.0,0.0,0.0,0.0,0.0,0.0,4.5146,0.0,0.0,0.0,0.0,0.0,0.0,6.4256,0.0,50-55,50-55
BAJFINANCE.NS|2026-06-08|ensemble_lr0.20_rf0.30_xgb0.50,BAJFINANCE.NS,2026-06-08,ensemble_lr0.20_rf0.30_xgb0.50,2025-06-09,2026-06-08,2026-06-08,2025-07-04,2026-06-05,2026-06-08,226,2026-06-08,False,1,0.5289855072463768,0.7176860582920548,0.6,0.7967732548713684,0.7219238390940952,1,72.19,0.7219238390940952,1,72.19,HOLD,0.4841,-0.0317,Sideways,-0.665,0.0,unavailable_no_point_in_time_source,True,865.78,865.77783203125,2026-06-09,881.4813842773438,1.8138,1,2026-06-11,865.231201171875,-0.0631,0.0,2026-06-15,936.5428466796875,8.1736,1.0,2026-06-22,962.384033203125,11.1583,1.0,0,1,1,1,0,1,1.8136,1,0.0,0.0,0.0,1.0,1.0,-0.0634,1.0,1.0,1.0,1.0,0.0,0.0,8.1733,0.0,1.0,1.0,1.0,0.0,0.0,11.158,0.0,70-75,70-75
BEL.NS|2026-06-08|ensemble_lr0.20_rf0.30_xgb0.50,BEL.NS,2026-06-08,ensemble_lr0.20_rf0.30_xgb0.50,2025-06-09,2026-06-08,2026-06-08,2025-07-04,2026-06-05,2026-06-08,226,2026-06-08,False,0,0.5217391304347826,0.18232905083757192,0.4,0.543867290019989,0.4283994551775089,0,57.16,0.4283994551775089,0,57.16,SELL,0.3249,-0.3503,Bearish,-0.335,0.0,unavailable_no_point_in_time_source,True,412.39,412.3901672363281,2026-06-09,411.4913635253906,-0.2179,0,2026-06-11,401.75457763671875,-2.579,0.0,2026-06-15,408.9947509765625,-0.8234,0.0,2026-06-22,430.9150085449219,4.4921,1.0,1,1,1,1,0,1,-0.2179,1,1.0,1.0,1.0,0.0,1.0,-2.579,1.0,1.0,1.0,1.0,0.0,1.0,-0.8233,1.0,0.0,0.0,0.0,1.0,0.0,4.4921,0.0,55-60,55-60
BPCL.NS|2026-06-08|ensemble_lr0.20_rf0.30_xgb0.50,BPCL.NS,2026-06-08,ensemble_lr0.20_rf0.30_xgb0.50,2025-06-09,2026-06-08,2026-06-08,2025-07-04,2026-06-05,2026-06-08,226,2026-06-08,False,0,0.4710144927536231,0.580975981855835,0.56,0.6651548147201538,0.616772603731244,1,61.68,0.616772603731244,1,61.68,HOLD,0.4627,-0.0746,Sideways,-0.835,0.0,unavailable_no_point_in_time_source,True,285.15,285.1499938964844,2026-06-09,289.1000061035156,1.3852,1,2026-06-11,286.3500061035156,0.4208,1.0,2026-06-15,310.6000061035156,8.9251,1.0,2026-06-22,308.6000061035156,8.2237,1.0,0,1,1,0,0,1,1.3852,1,1.0,1.0,0.0,0.0,1.0,0.4208,1.0,1.0,1.0,0.0,0.0,0.0,8.9251,0.0,1.0,1.0,0.0,0.0,0.0,8.2237,0.0,60-65,60-65
AARTIIND.NS|2026-06-15|ensemble_lr0.20_rf0.30_xgb0.50,AARTIIND.NS,2026-06-15,ensemble_lr0.20_rf0.30_xgb0.50,2025-06-16,2026-06-15,2026-06-15,2025-07-11,2026-06-12,2026-06-15,226,2026-06-15,False,0,0.41304347826086957,0.5267569982096255,0.54,0.4593559205532074,0.4970293599185288,0,50.3,0.4970293599185288,0,50.3,HOLD,0.5361,0.0723,High Volatility,0.5,0.0,unavailable_no_point_in_time_source,False,497.16,497.16168212890625,2026-06-16,495.714599609375,-0.2911,0,2026-06-18,485.48492431640625,-2.3487,0.0,2026-06-22,485.23541259765625,-2.3989,0.0,2026-06-30,457.3907470703125,-7.9996,0.0,1,1,1,1,0,1,-0.2907,1,1.0,1.0,1.0,0.0,1.0,-2.3484,1.0,1.0,1.0,1.0,0.0,1.0,-2.3985,1.0,1.0,1.0,1.0,0.0,0.0,-7.9993,0.0,50-55,50-55
AAVAS.NS|2026-06-15|ensemble_lr0.20_rf0.30_xgb0.50,AAVAS.NS,2026-06-15,ensemble_lr0.20_rf0.30_xgb0.50,2025-06-16,2026-06-15,2026-06-15,2025-07-11,2026-06-12,2026-06-15,226,2026-06-15,False,0,0.4927536231884058,0.3102554608021686,0.44,0.7630196213722229,0.5755609028465452,1,57.56,0.5755609028465452,1,57.56,BUY,0.629,0.258,High Volatility,0.335,0.0,unavailable_no_point_in_time_source,False,1405.2,1405.199951171875,2026-06-16,1393.5,-0.8326,0,2026-06-18,1467.5999755859375,4.4407,1.0,2026-06-22,1466.5999755859375,4.3695,1.0,2026-06-30,1520.800048828125,8.2266,1.0,0,0,0,1,1,0,-0.8326,0,1.0,1.0,0.0,0.0,1.0,4.4406,1.0,1.0,1.0,0.0,0.0,1.0,4.3695,1.0,1.0,1.0,0.0,0.0,1.0,8.2266,1.0,55-60,55-60
ABCAPITAL.NS|2026-06-15|ensemble_lr0.20_rf0.30_xgb0.50,ABCAPITAL.NS,2026-06-15,ensemble_lr0.20_rf0.30_xgb0.50,2025-06-16,2026-06-15,2026-06-15,2025-07-11,2026-06-12,2026-06-15,226,2026-06-15,False,0,0.5652173913043478,0.6238924277246078,0.36,0.6649107933044434,0.5652338821971432,1,56.52,0.5652338821971432,1,56.52,BUY,0.6035,0.2071,High Volatility,0.5,0.0,unavailable_no_point_in_time_source,True,368.2,368.20001220703125,2026-06-16,373.79998779296875,1.5209,1,2026-06-18,370.6000061035156,0.6518,1.0,2026-06-22,391.95001220703125,6.4503,1.0,2026-06-30,391.95001220703125,6.4503,1.0,1,1,1,0,1,1,1.5209,1,1.0,1.0,0.0,1.0,1.0,0.6518,1.0,1.0,1.0,0.0,1.0,1.0,6.4503,1.0,1.0,1.0,0.0,1.0,1.0,6.4503,1.0,55-60,55-60
ABFRL.NS|2026-06-15|ensemble_lr0.20_rf0.30_xgb0.50,ABFRL.NS,2026-06-15,ensemble_lr0.20_rf0.30_xgb0.50,2025-06-16,2026-06-15,2026-06-15,2025-07-11,2026-06-12,2026-06-15,226,2026-06-15,False,0,0.5072463768115942,0.5806787791497181,0.42,0.36601242423057556,0.4251419679452314,0,57.49,0.4251419679452314,0,57.49,SELL,0.386,-0.228,High Volatility,-0.335,0.0,unavailable_no_point_in_time_source,True,61.04,61.040000915527344,2026-06-16,60.970001220703125,-0.1147,0,2026-06-18,61.540000915527344,0.8191,1.0,2026-06-22,60.720001220703125,-0.5242,0.0,2026-06-30,58.060001373291016,-4.882,0.0,1,1,1,1,0,1,-0.1147,1,0.0,0.0,0.0,1.0,0.0,0.8191,0.0,1.0,1.0,1.0,0.0,1.0,-0.5242,1.0,1.0,1.0,1.0,0.0,1.0,-4.882,1.0,55-60,55-60
ACC.NS|2026-06-15|ensemble_lr0.20_rf0.30_xgb0.50,ACC.NS,2026-06-15,ensemble_lr0.20_rf0.30_xgb0.50,2025-06-16,2026-06-15,2026-06-15,2025-07-11,2026-06-12,2026-06-15,226,2026-06-15,False,0,0.5434782608695653,0.24544714618048247,0.52,0.6209132075309753,0.5155460330015842,1,51.55,0.5155460330015842,1,51.55,HOLD,0.4968,-0.0064,Sideways,-0.5,0.0,unavailable_no_point_in_time_source,False,1356.4,1356.4000244140625,2026-06-16,1349.0,-0.5456,0,2026-06-18,1358.9000244140625,0.1843,1.0,2026-06-22,1349.800048828125,-0.4866,0.0,2026-06-30,1327.199951171875,-2.1528,0.0,1,0,0,1,0,1,-0.5456,1,1.0,1.0,0.0,1.0,1.0,0.1843,1.0,0.0,0.0,1.0,0.0,1.0,-0.4866,1.0,0.0,0.0,1.0,0.0,1.0,-2.1528,1.0,50-55,50-55
ADANIENT.NS|2026-06-15|ensemble_lr0.20_rf0.30_xgb0.50,ADANIENT.NS,2026-06-15,ensemble_lr0.20_rf0.30_xgb0.50,2025-06-16,2026-06-15,2026-06-15,2025-07-11,2026-06-12,2026-06-15,226,2026-06-15,False,0,0.43478260869565216,0.4741823556865131,0.6,0.557896077632904,0.5537845099537546,1,55.38,0.5537845099537546,1,55.38,STRONG BUY,0.7288,0.4575,Bullish,0.665,0.0,unavailable_no_point_in_time_source,False,2942.5,2942.5,2026-06-16,2943.60009765625,0.0374,1,2026-06-18,3013.39990234375,2.4095,1.0,2026-06-22,3059.60009765625,3.9796,1.0,2026-06-30,3036.0,3.1776,1.0,1,1,1,0,1,1,0.0374,1,1.0,1.0,0.0,1.0,1.0,2.4095,1.0,1.0,1.0,0.0,1.0,1.0,3.9796,1.0,1.0,1.0,0.0,1.0,1.0,3.1776,1.0,55-60,55-60
ADANIPORTS.NS|2026-06-15|ensemble_lr0.20_rf0.30_xgb0.50,ADANIPORTS.NS,2026-06-15,ensemble_lr0.20_rf0.30_xgb0.50,2025-06-16,2026-06-15,2026-06-15,2025-07-11,2026-06-12,2026-06-15,226,2026-06-15,False,0,0.43478260869565216,0.3906284178627039,0.34,0.37168073654174805,0.3659660518434148,0,63.4,0.3659660518434148,0,63.4,HOLD,0.5516,0.1031,Bullish,0.5,0.0,unavailable_no_point_in_time_source,True,1804.8,1804.800048828125,2026-06-16,1822.0,0.953,1,2026-06-18,1842.0999755859375,2.0667,1.0,2026-06-22,1827.199951171875,1.2411,1.0,2026-06-30,1810.199951171875,0.2992,1.0,0,0,0,0,0,1,0.953,1,0.0,0.0,0.0,0.0,1.0,2.0667,1.0,0.0,0.0,0.0,0.0,1.0,1.2411,1.0,0.0,0.0,0.0,0.0,1.0,0.2992,1.0,60-65,60-65
AETHER.NS|2026-06-15|ensemble_lr0.20_rf0.30_xgb0.50,AETHER.NS,2026-06-15,ensemble_lr0.20_rf0.30_xgb0.50,2025-06-16,2026-06-15,2026-06-15,2025-07-11,2026-06-12,2026-06-15,226,2026-06-15,False,0,0.5869565217391305,0.44752852184141795,0.5,0.43249598145484924,0.4557536950957082,0,54.42,0.4557536950957082,0,54.42,HOLD,0.4871,-0.0258,High Volatility,0.165,0.0,unavailable_no_point_in_time_source,False,1149.6,1149.5999755859375,2026-06-16,1177.699951171875,2.4443,1,2026-06-18,1154.5,0.4262,1.0,2026-06-22,1226.800048828125,6.7154,1.0,2026-06-30,1359.0999755859375,18.2237,1.0,1,0,0,0,1,1,2.4443,1,0.0,0.0,0.0,1.0,1.0,0.4262,1.0,0.0,0.0,0.0,1.0,0.0,6.7154,0.0,0.0,0.0,0.0,1.0,0.0,18.2237,0.0,50-55,50-55
AIAENG.NS|2026-06-15|ensemble_lr0.20_rf0.30_xgb0.50,AIAENG.NS,2026-06-15,ensemble_lr0.20_rf0.30_xgb0.50,2025-06-16,2026-06-15,2026-06-15,2025-07-11,2026-06-12,2026-06-15,226,2026-06-15,False,1,0.4275362318840579,0.3696611328102038,0.42,0.6639012098312378,0.5318828314776597,1,53.19,0.5318828314776597,1,53.19,BUY,0.6697,0.3395,High Volatility,0.665,0.0,unavailable_no_point_in_time_source,False,4452.46,4452.46337890625,2026-06-16,4474.57958984375,0.4967,1,2026-06-18,4515.92431640625,1.4253,1.0,2026-06-22,4829.84423828125,8.4758,1.0,2026-06-30,5062.3701171875,13.6982,1.0,1,1,1,1,1,1,0.4968,1,1.0,1.0,1.0,1.0,1.0,1.4254,1.0,1.0,1.0,1.0,1.0,1.0,8.4759,1.0,1.0,1.0,1.0,1.0,1.0,13.6983,1.0,50-55,50-55
AJANTPHARM.NS|2026-06-15|ensemble_lr0.20_rf0.30_xgb0.50,AJANTPHARM.NS,2026-06-15,ensemble_lr0.20_rf0.30_xgb0.50,2025-06-16,2026-06-15,2026-06-15,2025-07-11,2026-06-12,2026-06-15,226,2026-06-15,False,0,0.5362318840579711,0.6250828126051904,0.26,0.24575704336166382,0.32589508420186997,0,67.41,0.32589508420186997,0,67.41,HOLD,0.5479,0.0958,High Volatility,0.67,0.0,unavailable_no_point_in_time_source,False,3026.67,3026.6728515625,2026-06-16,3051.7431640625,0.8283,1,2026-06-18,3045.69873046875,0.6286,1.0,2026-06-22,3160.74462890625,4.4297,1.0,2026-06-30,3391.629638671875,12.058,1.0,0,0,0,0,0,1,0.8284,1,0.0,0.0,0.0,0.0,1.0,0.6287,1.0,0.0,0.0,0.0,0.0,0.0,4.4298,0.0,0.0,0.0,0.0,0.0,0.0,12.0581,0.0,65-70,65-70
ALEMBICLTD.NS|2026-06-15|ensemble_lr0.20_rf0.30_xgb0.50,ALEMBICLTD.NS,2026-06-15,ensemble_lr0.20_rf0.30_xgb0.50,2025-06-16,2026-06-15,2026-06-15,2025-07-11,2026-06-12,2026-06-15,226,2026-06-15,False,0,0.5072463768115942,0.7277070346227319,0.44,0.4127950370311737,0.4839389254401333,0,51.61,0.4839389254401333,0,51.61,HOLD,0.4918,-0.0164,Sideways,0.165,0.0,unavailable_no_point_in_time_source,False,87.04,87.03995513916016,2026-06-16,86.91336059570312,-0.1454,0,2026-06-18,91.31501770019531,4.9116,1.0,2026-06-22,88.93890380859375,2.1817,1.0,2026-06-30,89.18235778808594,2.4614,1.0,1,1,1,1,0,1,-0.1455,1,0.0,0.0,0.0,1.0,0.0,4.9116,0.0,0.0,0.0,0.0,1.0,1.0,2.1816,1.0,0.0,0.0,0.0,1.0,1.0,2.4613,1.0,50-55,50-55
ALKEM.NS|2026-06-15|ensemble_lr0.20_rf0.30_xgb0.50,ALKEM.NS,2026-06-15,ensemble_lr0.20_rf0.30_xgb0.50,2025-06-16,2026-06-15,2026-06-15,2025-07-11,2026-06-12,2026-06-15,226,2026-06-15,False,1,0.47826086956521735,0.45256404020740837,0.6,0.6623159646987915,0.6016707903908775,1,60.17,0.6016707903908775,1,60.17,HOLD,0.4926,-0.0149,Sideways,-0.33,0.0,unavailable_no_point_in_time_source,False,5324.47,5324.470703125,2026-06-16,5338.44580078125,0.2625,1,2026-06-18,5362.40283203125,0.7124,1.0,2026-06-22,5357.41162109375,0.6187,1.0,2026-06-30,5560.048828125,4.4244,1.0,1,1,1,1,1,1,0.2625,1,1.0,1.0,1.0,1.0,1.0,0.7124,1.0,1.0,1.0,1.0,1.0,1.0,0.6187,1.0,1.0,1.0,1.0,1.0,0.0,4.4245,0.0,60-65,60-65
AMBER.NS|2026-06-15|ensemble_lr0.20_rf0.30_xgb0.50,AMBER.NS,2026-06-15,ensemble_lr0.20_rf0.30_xgb0.50,2025-06-16,2026-06-15,2026-06-15,2025-07-11,2026-06-12,2026-06-15,226,2026-06-15,False,0,0.5217391304347826,0.6130293334496968,0.32,0.5437038540840149,0.4904577937319468,0,50.95,0.4904577937319468,0,50.95,HOLD,0.4512,-0.0977,High Volatility,0.17,0.0,unavailable_no_point_in_time_source,False,7620.0,7620.0,2026-06-16,7810.5,2.5,1,2026-06-18,7965.5,4.5341,1.0,2026-06-22,7906.5,3.7598,1.0,2026-06-30,7530.0,-1.1811,0.0,1,0,0,0,1,1,2.5,1,0.0,0.0,0.0,1.0,0.0,4.5341,0.0,0.0,0.0,0.0,1.0,0.0,3.7598,0.0,1.0,1.0,1.0,0.0,1.0,-1.1811,1.0,50-55,50-55
ANGELONE.NS|2026-06-15|ensemble_lr0.20_rf0.30_xgb0.50,ANGELONE.NS,2026-06-15,ensemble_lr0.20_rf0.30_xgb0.50,2025-06-16,2026-06-15,2026-06-15,2025-07-11,2026-06-12,2026-06-15,226,2026-06-15,False,0,0.5144927536231884,0.4485244160821857,0.46,0.18251629173755646,0.3189630290852154,0,68.1,0.3189630290852154,0,68.1,HOLD,0.5723,0.1446,High Volatility,0.665,0.0,unavailable_no_point_in_time_source,True,351.21,351.21380615234375,2026-06-16,347.1763000488281,-1.1496,0,2026-06-18,351.7122802734375,0.1419,1.0,2026-06-22,353.7060852050781,0.7096,1.0,2026-06-30,329.63055419921875,-6.1453,0.0,1,1,1,1,0,1,-1.1485,1,0.0,0.0,0.0,1.0,1.0,0.143,1.0,0.0,0.0,0.0,1.0,1.0,0.7107,1.0,1.0,1.0,1.0,0.0,0.0,-6.1443,0.0,65-70,65-70
APARINDS.NS|2026-06-15|ensemble_lr0.20_rf0.30_xgb0.50,APARINDS.NS,2026-06-15,ensemble_lr0.20_rf0.30_xgb0.50,2025-06-16,2026-06-15,2026-06-15,2025-07-11,2026-06-12,2026-06-15,226,2026-06-15,False,1,0.41304347826086957,0.8514253841635213,0.56,0.5400221943855286,0.6082961740254685,1,60.83,0.6082961740254685,1,60.83,STRONG BUY,0.7468,0.4936,High Volatility,1.0,0.0,unavailable_no_point_in_time_source,False,15930.69,15930.69140625,2026-06-16,16112.0615234375,1.1385,1,2026-06-18,15757.2939453125,-1.0884,0.0,2026-06-22,16116.0478515625,1.1635,1.0,2026-06-30,15640.6982421875,-1.8203,0.0,1,1,1,1,1,1,1.1385,1,0.0,0.0,0.0,0.0,0.0,-1.0884,0.0,1.0,1.0,1.0,1.0,1.0,1.1635,1.0,0.0,0.0,0.0,0.0,0.0,-1.8203,0.0,60-65,60-65
APOLLOHOSP.NS|2026-06-15|ensemble_lr0.20_rf0.30_xgb0.50,APOLLOHOSP.NS,2026-06-15,ensemble_lr0.20_rf0.30_xgb0.50,2025-06-16,2026-06-15,2026-06-15,2025-07-11,2026-06-12,2026-06-15,226,2026-06-15,False,0,0.44202898550724634,0.4005040192917592,0.62,0.2891732156276703,0.410687411672187,0,58.93,0.410687411672187,0,58.93,BUY,0.5831,0.1662,Sideways,1.0,0.0,unavailable_no_point_in_time_source,False,8458.65,8458.6533203125,2026-06-16,8380.744140625,-0.9211,0,2026-06-18,8401.7197265625,-0.6731,0.0,2026-06-22,8459.15234375,0.0059,1.0,2026-06-30,8671.9052734375,2.5211,1.0,0,1,1,1,1,0,-0.921,0,1.0,1.0,1.0,1.0,0.0,-0.673,0.0,0.0,0.0,0.0,0.0,1.0,0.0059,1.0,0.0,0.0,0.0,0.0,1.0,2.5212,1.0,55-60,55-60
APOLLOTYRE.NS|2026-06-15|ensemble_lr0.20_rf0.30_xgb0.50,APOLLOTYRE.NS,2026-06-15,ensemble_lr0.20_rf0.30_xgb0.50,2025-06-16,2026-06-15,2026-06-15,2025-07-11,2026-06-12,2026-06-15,226,2026-06-15,False,0,0.47826086956521746,0.29092125111302947,0.48,0.43914395570755005,0.4217562280763809,0,57.82,0.4217562280763809,0,57.82,HOLD,0.4334,-0.1332,Sideways,-0.335,0.0,unavailable_no_point_in_time_source,True,411.99,411.9938659667969,2026-06-16,414.0819396972656,0.5068,1,2026-06-18,425.5662536621094,3.2943,1.0,2026-06-22,425.71539306640625,3.3305,1.0,2026-06-30,427.7537536621094,3.8253,1.0,1,0,0,0,1,1,0.5078,1,0.0,0.0,0.0,1.0,0.0,3.2953,0.0,0.0,0.0,0.0,1.0,0.0,3.3315,0.0,0.0,0.0,0.0,1.0,0.0,3.8262,0.0,55-60,55-60
ASHOKLEY.NS|2026-06-15|ensemble_lr0.20_rf0.30_xgb0.50,ASHOKLEY.NS,2026-06-15,ensemble_lr0.20_rf0.30_xgb0.50,2025-06-16,2026-06-15,2026-06-15,2025-07-11,2026-06-12,2026-06-15,226,2026-06-15,False,1,0.49275362318840576,0.12703511674518334,0.44,0.2501278519630432,0.2824709493305583,0,71.75,0.2824709493305583,0,71.75,HOLD,0.4686,-0.0627,High Volatility,0.0,0.0,unavailable_no_point_in_time_source,True,157.7,157.6999969482422,2026-06-16,158.5,0.5073,1,2026-06-18,158.4499969482422,0.4756,1.0,2026-06-22,157.19000244140625,-0.3234,0.0,2026-06-30,157.6999969482422,0.0,0.0,1,0,0,1,1,1,0.5073,1,0.0,0.0,1.0,1.0,1.0,0.4756,1.0,1.0,1.0,0.0,0.0,1.0,-0.3234,1.0,1.0,1.0,0.0,0.0,1.0,-0.0,1.0,70-75,70-75
ASIANPAINT.NS|2026-06-15|ensemble_lr0.20_rf0.30_xgb0.50,ASIANPAINT.NS,2026-06-15,ensemble_lr0.20_rf0.30_xgb0.50,2025-06-16,2026-06-15,2026-06-15,2025-07-11,2026-06-12,2026-06-15,226,2026-06-15,False,0,0.5362318840579711,0.5879889907741579,0.48,0.38905081152915955,0.45612320391941136,0,54.39,0.45612320391941136,0,54.39,BUY,0.6595,0.3189,Bullish,1.0,0.0,unavailable_no_point_in_time_source,False,2715.74,2715.73828125,2026-06-16,2724.462646484375,0.3213,1,2026-06-18,2731.30322265625,0.5731,1.0,2026-06-22,2651.0,-2.3838,0.0,2026-06-30,2635.699951171875,-2.9472,0.0,0,0,0,0,0,1,0.3212,1,0.0,0.0,0.0,0.0,1.0,0.5731,1.0,1.0,1.0,1.0,1.0,0.0,-2.3839,0.0,1.0,1.0,1.0,1.0,0.0,-2.9473,0.0,50-55,50-55
ASTRAL.NS|2026-06-15|ensemble_lr0.20_rf0.30_xgb0.50,ASTRAL.NS,2026-06-15,ensemble_lr0.20_rf0.30_xgb0.50,2025-06-16,2026-06-15,2026-06-15,2025-07-11,2026-06-12,2026-06-15,226,2026-06-15,False,0,0.5579710144927537,0.5624184697780413,0.56,0.805300235748291,0.6831338118297539,1,68.31,0.6831338118297539,1,68.31,HOLD,0.5154,0.0308,Sideways,-0.33,0.0,unavailable_no_point_in_time_source,True,1542.37,1542.3741455078125,2026-06-16,1561.5439453125,1.2429,1,2026-06-18,1563.2412109375,1.3529,1.0,2026-06-22,1555.353759765625,0.8415,1.0,2026-06-30,1333.5025634765625,-13.5422,0.0,1,1,1,0,1,1,1.2431,1,1.0,1.0,0.0,1.0,1.0,1.3532,1.0,1.0,1.0,0.0,1.0,1.0,0.8418,1.0,0.0,0.0,1.0,0.0,0.0,-13.542,0.0,65-70,65-70
AUBANK.NS|2026-06-15|ensemble_lr0.20_rf0.30_xgb0.50,AUBANK.NS,2026-06-15,ensemble_lr0.20_rf0.30_xgb0.50,2025-06-16,2026-06-15,2026-06-15,2025-07-11,2026-06-12,2026-06-15,226,2026-06-15,False,0,0.5072463768115942,0.5315742107620454,0.44,0.44192272424697876,0.45927620427589844,0,54.07,0.45927620427589844,0,54.07,HOLD,0.52,0.0399,Sideways,0.335,0.0,unavailable_no_point_in_time_source,False,1032.6,1032.59716796875,2026-06-16,1022.1073608398438,-1.0159,0,2026-06-18,1024.355224609375,-0.7982,0.0,2026-06-22,1044.0361328125,1.1078,1.0,2026-06-30,1036.0439453125,0.3338,1.0,1,1,1,1,0,1,-1.0161,1,1.0,1.0,1.0,0.0,1.0,-0.7984,1.0,0.0,0.0,0.0,1.0,1.0,1.1075,1.0,0.0,0.0,0.0,1.0,1.0,0.3335,1.0,50-55,50-55
AXISBANK.NS|2026-06-15|ensemble_lr0.20_rf0.30_xgb0.50,AXISBANK.NS,2026-06-15,ensemble_lr0.20_rf0.30_xgb0.50,2025-06-16,2026-06-15,2026-06-15,2025-07-11,2026-06-12,2026-06-15,226,2026-06-15,False,1,0.5072463768115941,0.7511488170990288,0.62,0.6181759834289551,0.6453177551342832,1,64.53,0.6453177551342832,1,64.53,BUY,0.6866,0.3732,Sideways,0.67,0.0,unavailable_no_point_in_time_source,True,1367.25,1367.24560546875,2026-06-16,1364.6474609375,-0.19,0,2026-06-18,1359.0518798828125,-0.5993,0.0,2026-06-22,1357.552978515625,-0.7089,0.0,2026-06-30,1344.6629638671875,-1.6517,0.0,1,0,0,0,0,0,-0.1903,0,0.0,0.0,0.0,0.0,0.0,-0.5996,0.0,0.0,0.0,0.0,0.0,0.0,-0.7092,0.0,0.0,0.0,0.0,0.0,0.0,-1.652,0.0,60-65,60-65
BAJAJ-AUTO.NS|2026-06-15|ensemble_lr0.20_rf0.30_xgb0.50,BAJAJ-AUTO.NS,2026-06-15,ensemble_lr0.20_rf0.30_xgb0.50,2025-06-16,2026-06-15,2026-06-15,2025-07-11,2026-06-12,2026-06-15,226,2026-06-15,False,1,0.5579710144927535,0.2112228218961834,0.22,0.07729940116405487,0.14689426496126412,0,85.31,0.14689426496126412,0,85.31,HOLD,0.479,-0.042,Sideways,0.335,0.0,unavailable_no_point_in_time_source,False,9943.0,9943.0,2026-06-16,9939.0,-0.0402,0,2026-06-18,10077.0,1.3477,1.0,2026-06-22,10191.0,2.4942,1.0,2026-06-30,9716.0,-2.283,0.0,0,1,1,0,1,1,-0.0402,1,0.0,0.0,1.0,0.0,1.0,1.3477,1.0,0.0,0.0,1.0,0.0,1.0,2.4942,1.0,1.0,1.0,0.0,1.0,1.0,-2.283,1.0,85-90,85-90
BAJAJFINSV.NS|2026-06-15|ensemble_lr0.20_rf0.30_xgb0.50,BAJAJFINSV.NS,2026-06-15,ensemble_lr0.20_rf0.30_xgb0.50,2025-06-16,2026-06-15,2026-06-15,2025-07-11,2026-06-12,2026-06-15,226,2026-06-15,False,0,0.3913043478260869,0.4728677076935985,0.5,0.3650112450122833,0.42707916404486135,0,57.29,0.42707916404486135,0,57.29,SELL,0.3909,-0.2181,Sideways,-0.67,0.0,unavailable_no_point_in_time_source,True,1748.71,1748.707763671875,2026-06-16,1785.7762451171875,2.1198,1,2026-06-18,1770.189453125,1.2284,1.0,2026-06-22,1780.680419921875,1.8284,1.0,2026-06-30,1780.199951171875,1.8009,1.0,1,0,0,0,1,0,2.1196,0,0.0,0.0,0.0,1.0,0.0,1.2283,0.0,0.0,0.0,0.0,1.0,0.0,1.8282,0.0,0.0,0.0,0.0,1.0,0.0,1.8008,0.0,55-60,55-60
BAJFINANCE.NS|2026-06-15|ensemble_lr0.20_rf0.30_xgb0.50,BAJFINANCE.NS,2026-06-15,ensemble_lr0.20_rf0.30_xgb0.50,2025-06-16,2026-06-15,2026-06-15,2025-07-11,2026-06-12,2026-06-15,226,2026-06-15,False,1,0.5217391304347826,0.6011311238302506,0.4,0.4492330551147461,0.46484275232342315,0,53.52,0.46484275232342315,0,53.52,HOLD,0.486,-0.028,Sideways,0.33,0.0,unavailable_no_point_in_time_source,False,936.54,936.5428466796875,2026-06-16,953.786865234375,1.8412,1,2026-06-18,952.9917602539062,1.7563,1.0,2026-06-22,962.384033203125,2.7592,1.0,2026-06-30,1004.75,7.2829,1.0,1,0,0,1,1,1,1.8416,1,0.0,0.0,1.0,1.0,1.0,1.7567,1.0,0.0,0.0,1.0,1.0,1.0,2.7595,1.0,0.0,0.0,1.0,1.0,0.0,7.2832,0.0,50-55,50-55
BEL.NS|2026-06-15|ensemble_lr0.20_rf0.30_xgb0.50,BEL.NS,2026-06-15,ensemble_lr0.20_rf0.30_xgb0.50,2025-06-16,2026-06-15,2026-06-15,2025-07-11,2026-06-12,2026-06-15,226,2026-06-15,False,0,0.6086956521739131,0.13179545049573735,0.34,0.289160817861557,0.272939499029926,0,72.71,0.272939499029926,0,72.71,SELL,0.3851,-0.2299,Bearish,0.0,0.0,unavailable_no_point_in_time_source,True,408.99,408.9947509765625,2026-06-16,406.9974670410156,-0.4883,0,2026-06-18,428.0189514160156,4.6515,1.0,2026-06-22,430.9150085449219,5.3595,1.0,2026-06-30,411.24169921875,0.5494,1.0,1,1,1,1,0,1,-0.4872,1,0.0,0.0,0.0,1.0,0.0,4.6527,0.0,0.0,0.0,0.0,1.0,0.0,5.3608,0.0,0.0,0.0,0.0,1.0,0.0,0.5506,0.0,70-75,70-75
BPCL.NS|2026-06-15|ensemble_lr0.20_rf0.30_xgb0.50,BPCL.NS,2026-06-15,ensemble_lr0.20_rf0.30_xgb0.50,2025-06-16,2026-06-15,2026-06-15,2025-07-11,2026-06-12,2026-06-15,226,2026-06-15,False,0,0.5797101449275363,0.2939387408852543,0.44,0.505889892578125,0.44373269446611335,0,55.63,0.44373269446611335,0,55.63,HOLD,0.4642,-0.0717,Sideways,-0.335,0.0,unavailable_no_point_in_time_source,True,310.6,310.6000061035156,2026-06-16,312.1000061035156,0.4829,1,2026-06-18,316.29998779296875,1.8352,1.0,2026-06-22,308.6000061035156,-0.6439,0.0,2026-06-30,303.54998779296875,-2.2698,0.0,1,0,0,0,1,1,0.4829,1,0.0,0.0,0.0,1.0,1.0,1.8352,1.0,1.0,1.0,1.0,0.0,1.0,-0.6439,1.0,1.0,1.0,1.0,0.0,1.0,-2.2698,1.0,55-60,55-60
AARTIIND.NS|2026-06-22|ensemble_lr0.20_rf0.30_xgb0.50,AARTIIND.NS,2026-06-22,ensemble_lr0.20_rf0.30_xgb0.50,2025-06-23,2026-06-22,2026-06-22,2025-07-18,2026-06-19,2026-06-22,226,2026-06-22,False,0,0.5434782608695653,0.27713000538910376,0.58,0.48324960470199585,0.47105080342881867,0,52.89,0.47105080342881867,0,52.89,HOLD,0.5529,0.1057,High Volatility,0.835,0.0,unavailable_no_point_in_time_source,False,485.24,485.23541259765625,2026-06-23,472.660400390625,-2.5915,0,2026-06-25,465.1253662109375,-4.1444,0.0,2026-06-30,457.3907470703125,-5.7384,0.0,2026-07-07,477.50079345703125,-1.594,0.0,1,1,1,1,0,1,-2.5924,1,1.0,1.0,1.0,0.0,0.0,-4.1453,0.0,1.0,1.0,1.0,0.0,0.0,-5.7393,0.0,1.0,1.0,1.0,0.0,1.0,-1.5949,1.0,50-55,50-55
AAVAS.NS|2026-06-22|ensemble_lr0.20_rf0.30_xgb0.50,AAVAS.NS,2026-06-22,ensemble_lr0.20_rf0.30_xgb0.50,2025-06-23,2026-06-22,2026-06-22,2025-07-18,2026-06-19,2026-06-22,226,2026-06-22,False,0,0.4855072463768116,0.5515198132819857,0.46,0.6606903672218323,0.5786491462673133,1,57.86,0.5786491462673133,1,57.86,BUY,0.649,0.298,High Volatility,0.5,0.0,unavailable_no_point_in_time_source,False,1466.6,1466.5999755859375,2026-06-23,1452.199951171875,-0.9819,0,2026-06-25,1489.9000244140625,1.5887,1.0,2026-06-30,1520.800048828125,3.6956,1.0,2026-07-07,1506.199951171875,2.7001,1.0,0,0,0,1,1,0,-0.9819,0,1.0,1.0,0.0,0.0,1.0,1.5887,1.0,1.0,1.0,0.0,0.0,1.0,3.6956,1.0,1.0,1.0,0.0,0.0,1.0,2.7001,1.0,55-60,55-60
ABCAPITAL.NS|2026-06-22|ensemble_lr0.20_rf0.30_xgb0.50,ABCAPITAL.NS,2026-06-22,ensemble_lr0.20_rf0.30_xgb0.50,2025-06-23,2026-06-22,2026-06-22,2025-07-18,2026-06-19,2026-06-22,226,2026-06-22,False,1,0.572463768115942,0.28910917336925707,0.42,0.1095634400844574,0.2386035547160801,0,76.14,0.2386035547160801,0,76.14,BUY,0.6171,0.2342,Sideways,1.0,0.0,unavailable_no_point_in_time_source,True,391.95,391.95001220703125,2026-06-23,383.75,-2.0921,0,2026-06-25,390.79998779296875,-0.2934,0.0,2026-06-30,391.95001220703125,0.0,0.0,2026-07-07,405.3999938964844,3.4316,1.0,1,1,1,0,0,0,-2.0921,0,1.0,1.0,0.0,0.0,0.0,-0.2934,0.0,1.0,1.0,0.0,0.0,0.0,0.0,0.0,0.0,0.0,1.0,1.0,1.0,3.4316,1.0,75-80,75-80
ABFRL.NS|2026-06-22|ensemble_lr0.20_rf0.30_xgb0.50,ABFRL.NS,2026-06-22,ensemble_lr0.20_rf0.30_xgb0.50,2025-06-23,2026-06-22,2026-06-22,2025-07-18,2026-06-19,2026-06-22,226,2026-06-22,False,0,0.5579710144927535,0.5878743461204661,0.36,0.5040139555931091,0.47758184702064777,0,52.24,0.47758184702064777,0,52.24,HOLD,0.4231,-0.1538,High Volatility,-0.165,0.0,unavailable_no_point_in_time_source,False,60.72,60.720001220703125,2026-06-23,59.529998779296875,-1.9598,0,2026-06-25,60.119998931884766,-0.9881,0.0,2026-06-30,58.060001373291016,-4.3808,0.0,2026-07-07,59.630001068115234,-1.7951,0.0,1,1,1,1,0,1,-1.9598,1,1.0,1.0,1.0,0.0,1.0,-0.9881,1.0,1.0,1.0,1.0,0.0,0.0,-4.3808,0.0,1.0,1.0,1.0,0.0,1.0,-1.7951,1.0,50-55,50-55
ACC.NS|2026-06-22|ensemble_lr0.20_rf0.30_xgb0.50,ACC.NS,2026-06-22,ensemble_lr0.20_rf0.30_xgb0.50,2025-06-23,2026-06-22,2026-06-22,2025-07-18,2026-06-19,2026-06-22,226,2026-06-22,False,0,0.48550724637681153,0.5693348043927201,0.7,0.5514758825302124,0.5996049021436503,1,59.96,0.5996049021436503,1,59.96,HOLD,0.5424,0.0847,Sideways,-0.165,0.0,unavailable_no_point_in_time_source,False,1349.8,1349.800048828125,2026-06-23,1329.4000244140625,-1.5113,0,2026-06-25,1337.9000244140625,-0.8816,0.0,2026-06-30,1327.199951171875,-1.6743,0.0,2026-07-07,1384.4000244140625,2.5633,1.0,1,0,0,1,0,1,-1.5113,1,0.0,0.0,1.0,0.0,1.0,-0.8816,1.0,0.0,0.0,1.0,0.0,1.0,-1.6743,1.0,1.0,1.0,0.0,1.0,1.0,2.5633,1.0,55-60,55-60
ADANIENT.NS|2026-06-22|ensemble_lr0.20_rf0.30_xgb0.50,ADANIENT.NS,2026-06-22,ensemble_lr0.20_rf0.30_xgb0.50,2025-06-23,2026-06-22,2026-06-22,2025-07-18,2026-06-19,2026-06-22,226,2026-06-22,False,0,0.3913043478260869,0.7317920665469404,0.66,0.9053953886032104,0.7970561076109933,1,79.71,0.7970561076109933,1,79.71,BUY,0.7063,0.4125,Bullish,0.665,0.0,unavailable_no_point_in_time_source,False,3059.6,3059.60009765625,2026-06-23,2962.89990234375,-3.1606,0,2026-06-25,3038.0,-0.706,0.0,2026-06-30,3036.0,-0.7713,0.0,2026-07-07,3107.199951171875,1.5558,1.0,1,0,0,1,0,0,-3.1605,0,0.0,0.0,1.0,0.0,0.0,-0.706,0.0,0.0,0.0,1.0,0.0,0.0,-0.7713,0.0,1.0,1.0,0.0,1.0,1.0,1.5558,1.0,75-80,75-80
ADANIPORTS.NS|2026-06-22|ensemble_lr0.20_rf0.30_xgb0.50,ADANIPORTS.NS,2026-06-22,ensemble_lr0.20_rf0.30_xgb0.50,2025-06-23,2026-06-22,2026-06-22,2025-07-18,2026-06-19,2026-06-22,226,2026-06-22,False,0,0.4202898550724638,0.5217634963782348,0.54,0.5735810995101929,0.5531432490307434,1,55.31,0.5531432490307434,1,55.31,BUY,0.6181,0.2362,Sideways,0.5,0.0,unavailable_no_point_in_time_source,False,1827.2,1827.199951171875,2026-06-23,1784.0,-2.3643,0,2026-06-25,1796.0,-1.7075,0.0,2026-06-30,1810.199951171875,-0.9304,0.0,2026-07-07,1833.9000244140625,0.3667,1.0,0,0,0,1,1,0,-2.3643,0,0.0,0.0,1.0,1.0,0.0,-1.7075,0.0,0.0,0.0,1.0,1.0,0.0,-0.9304,0.0,1.0,1.0,0.0,0.0,1.0,0.3667,1.0,55-60,55-60
AETHER.NS|2026-06-22|ensemble_lr0.20_rf0.30_xgb0.50,AETHER.NS,2026-06-22,ensemble_lr0.20_rf0.30_xgb0.50,2025-06-23,2026-06-22,2026-06-22,2025-07-18,2026-06-19,2026-06-22,226,2026-06-22,False,0,0.536231884057971,0.20395012311939906,0.3,0.31514209508895874,0.28836107216835916,0,71.16,0.28836107216835916,0,71.16,BUY,0.6137,0.2274,High Volatility,0.665,0.0,unavailable_no_point_in_time_source,False,1226.8,1226.800048828125,2026-06-23,1244.199951171875,1.4183,1,2026-06-25,1325.0999755859375,8.0127,1.0,2026-06-30,1359.0999755859375,10.7841,1.0,2026-07-07,1330.0,8.4121,1.0,1,0,0,0,1,1,1.4183,1,0.0,0.0,0.0,1.0,1.0,8.0127,1.0,0.0,0.0,0.0,1.0,1.0,10.7842,1.0,0.0,0.0,0.0,1.0,1.0,8.4121,1.0,70-75,70-75
AIAENG.NS|2026-06-22|ensemble_lr0.20_rf0.30_xgb0.50,AIAENG.NS,2026-06-22,ensemble_lr0.20_rf0.30_xgb0.50,2025-06-23,2026-06-22,2026-06-22,2025-07-18,2026-06-19,2026-06-22,226,2026-06-22,False,1,0.4710144927536231,0.62592847690802,0.5,0.42385777831077576,0.48711458453699186,0,51.29,0.48711458453699186,0,51.29,BUY,0.6525,0.3051,High Volatility,1.0,0.0,unavailable_no_point_in_time_source,False,4829.84,4829.84423828125,2026-06-23,4867.8017578125,0.7859,1,2026-06-25,4811.81201171875,-0.3734,0.0,2026-06-30,5062.3701171875,4.8144,1.0,2026-07-07,4738.68701171875,-1.8874,0.0,1,0,0,1,1,1,0.786,1,1.0,1.0,0.0,0.0,0.0,-0.3733,0.0,0.0,0.0,1.0,1.0,1.0,4.8144,1.0,1.0,1.0,0.0,0.0,0.0,-1.8873,0.0,50-55,50-55
AJANTPHARM.NS|2026-06-22|ensemble_lr0.20_rf0.30_xgb0.50,AJANTPHARM.NS,2026-06-22,ensemble_lr0.20_rf0.30_xgb0.50,2025-06-23,2026-06-22,2026-06-22,2025-07-18,2026-06-19,2026-06-22,226,2026-06-22,False,0,0.5289855072463768,0.4337613401181066,0.42,0.24064256250858307,0.3330735492779129,0,66.69,0.3330735492779129,0,66.69,HOLD,0.5654,0.1308,Sideways,1.0,0.0,unavailable_no_point_in_time_source,False,3160.74,3160.74462890625,2026-06-23,3158.465576171875,-0.0721,0,2026-06-25,3151.529052734375,-0.2916,0.0,2026-06-30,3391.629638671875,7.3048,1.0,2026-07-07,3284.411865234375,3.9126,1.0,1,1,1,1,0,1,-0.072,1,1.0,1.0,1.0,0.0,1.0,-0.2914,1.0,0.0,0.0,0.0,1.0,0.0,7.3049,0.0,0.0,0.0,0.0,1.0,0.0,3.9128,0.0,65-70,65-70
ALEMBICLTD.NS|2026-06-22|ensemble_lr0.20_rf0.30_xgb0.50,ALEMBICLTD.NS,2026-06-22,ensemble_lr0.20_rf0.30_xgb0.50,2025-06-23,2026-06-22,2026-06-22,2025-07-18,2026-06-19,2026-06-22,226,2026-06-22,False,0,0.5652173913043478,0.44141947932623765,0.6,0.5805880427360535,0.5585779172332743,1,55.86,0.5585779172332743,1,55.86,BUY,0.6082,0.2164,Sideways,0.165,0.0,unavailable_no_point_in_time_source,False,88.94,88.93890380859375,2026-06-23,89.523193359375,0.657,1,2026-06-25,89.14340209960938,0.2299,1.0,2026-06-30,89.18235778808594,0.2737,1.0,2026-07-07,88.41304016113281,-0.5913,0.0,1,1,1,0,1,1,0.6557,1,1.0,1.0,0.0,1.0,1.0,0.2287,1.0,1.0,1.0,0.0,1.0,1.0,0.2725,1.0,0.0,0.0,1.0,0.0,0.0,-0.5925,0.0,55-60,55-60
ALKEM.NS|2026-06-22|ensemble_lr0.20_rf0.30_xgb0.50,ALKEM.NS,2026-06-22,ensemble_lr0.20_rf0.30_xgb0.50,2025-06-23,2026-06-22,2026-06-22,2025-07-18,2026-06-19,2026-06-22,226,2026-06-22,False,1,0.5434782608695652,0.49440808295439637,0.44,0.4591415524482727,0.46045239281501565,0,53.95,0.46045239281501565,0,53.95,HOLD,0.4499,-0.1003,Sideways,0.0,0.0,unavailable_no_point_in_time_source,False,5357.41,5357.41162109375,2026-06-23,5405.8251953125,0.9037,1,2026-06-25,5415.30810546875,1.0807,1.0,2026-06-30,5560.048828125,3.7824,1.0,2026-07-07,5657.375,5.599,1.0,0,0,0,1,0,1,0.9037,1,0.0,0.0,1.0,0.0,1.0,1.0807,1.0,0.0,0.0,1.0,0.0,0.0,3.7824,0.0,0.0,0.0,1.0,0.0,0.0,5.5991,0.0,50-55,50-55
AMBER.NS|2026-06-22|ensemble_lr0.20_rf0.30_xgb0.50,AMBER.NS,2026-06-22,ensemble_lr0.20_rf0.30_xgb0.50,2025-06-23,2026-06-22,2026-06-22,2025-07-18,2026-06-19,2026-06-22,226,2026-06-22,False,0,0.47826086956521735,0.7056846245243896,0.6,0.5991098880767822,0.620691868943269,1,62.07,0.620691868943269,1,62.07,BUY,0.6657,0.3314,High Volatility,0.67,0.0,unavailable_no_point_in_time_source,False,7906.5,7906.5,2026-06-23,7788.0,-1.4988,0,2026-06-25,7659.0,-3.1303,0.0,2026-06-30,7530.0,-4.7619,0.0,2026-07-07,7625.0,-3.5604,0.0,1,0,0,1,0,0,-1.4988,0,0.0,0.0,1.0,0.0,0.0,-3.1303,0.0,0.0,0.0,1.0,0.0,0.0,-4.7619,0.0,0.0,0.0,1.0,0.0,0.0,-3.5604,0.0,60-65,60-65
ANGELONE.NS|2026-06-22|ensemble_lr0.20_rf0.30_xgb0.50,ANGELONE.NS,2026-06-22,ensemble_lr0.20_rf0.30_xgb0.50,2025-06-23,2026-06-22,2026-06-22,2025-07-18,2026-06-19,2026-06-22,226,2026-06-22,False,1,0.47826086956521735,0.6853103168804553,0.72,0.7879765629768372,0.7470503448645096,1,74.71,0.7470503448645096,1,74.71,BUY,0.6799,0.3598,High Volatility,1.0,0.0,unavailable_no_point_in_time_source,True,353.71,353.7060852050781,2026-06-23,341.0452880859375,-3.5795,0,2026-06-25,334.2164001464844,-5.5101,0.0,2026-06-30,329.63055419921875,-6.8066,0.0,2026-07-07,334.7646789550781,-5.3551,0.0,1,0,0,0,0,0,-3.5805,0,0.0,0.0,0.0,0.0,0.0,-5.5112,0.0,0.0,0.0,0.0,0.0,0.0,-6.8077,0.0,0.0,0.0,0.0,0.0,0.0,-5.3562,0.0,70-75,70-75
APARINDS.NS|2026-06-22|ensemble_lr0.20_rf0.30_xgb0.50,APARINDS.NS,2026-06-22,ensemble_lr0.20_rf0.30_xgb0.50,2025-06-23,2026-06-22,2026-06-22,2025-07-18,2026-06-19,2026-06-22,226,2026-06-22,False,1,0.49275362318840576,0.3743707043941314,0.4,0.5269814729690552,0.45836487736335385,0,54.16,0.45836487736335385,0,54.16,BUY,0.5865,0.1731,High Volatility,1.0,0.0,unavailable_no_point_in_time_source,False,16116.05,16116.0478515625,2026-06-23,16596.380859375,2.9805,1,2026-06-25,15966.5673828125,-0.9275,0.0,2026-06-30,15640.6982421875,-2.9495,0.0,2026-07-07,14105.0302734375,-12.4784,0.0,0,0,0,1,0,1,2.9805,1,1.0,1.0,0.0,1.0,0.0,-0.9275,0.0,1.0,1.0,0.0,1.0,0.0,-2.9496,0.0,1.0,1.0,0.0,1.0,0.0,-12.4784,0.0,50-55,50-55
APOLLOHOSP.NS|2026-06-22|ensemble_lr0.20_rf0.30_xgb0.50,APOLLOHOSP.NS,2026-06-22,ensemble_lr0.20_rf0.30_xgb0.50,2025-06-23,2026-06-22,2026-06-22,2025-07-18,2026-06-19,2026-06-22,226,2026-06-22,False,0,0.4057971014492754,0.32853779487025114,0.48,0.3621285855770111,0.3907718517625558,0,60.92,0.3907718517625558,0,60.92,HOLD,0.5298,0.0596,Sideways,0.665,0.0,unavailable_no_point_in_time_source,False,8459.15,8459.15234375,2026-06-23,8477.630859375,0.2184,1,2026-06-25,8582.009765625,1.4524,1.0,2026-06-30,8671.9052734375,2.5151,1.0,2026-07-07,8826.724609375,4.3453,1.0,0,0,0,0,0,1,0.2185,1,0.0,0.0,0.0,0.0,1.0,1.4524,1.0,0.0,0.0,0.0,0.0,1.0,2.5151,1.0,0.0,0.0,0.0,0.0,0.0,4.3453,0.0,60-65,60-65
APOLLOTYRE.NS|2026-06-22|ensemble_lr0.20_rf0.30_xgb0.50,APOLLOTYRE.NS,2026-06-22,ensemble_lr0.20_rf0.30_xgb0.50,2025-06-23,2026-06-22,2026-06-22,2025-07-18,2026-06-19,2026-06-22,226,2026-06-22,False,0,0.463768115942029,0.45644752949025624,0.46,0.4257742762565613,0.4421766440263319,0,55.78,0.4421766440263319,0,55.78,HOLD,0.5244,0.0487,Sideways,0.335,0.0,unavailable_no_point_in_time_source,True,425.72,425.71539306640625,2026-06-23,421.0918273925781,-1.0861,0,2026-06-25,428.201171875,0.5839,1.0,2026-06-30,427.7537536621094,0.4788,1.0,2026-07-07,451.76641845703125,6.1194,1.0,1,1,1,1,0,1,-1.0871,1,0.0,0.0,0.0,1.0,1.0,0.5828,1.0,0.0,0.0,0.0,1.0,1.0,0.4777,1.0,0.0,0.0,0.0,1.0,0.0,6.1182,0.0,55-60,55-60
ASHOKLEY.NS|2026-06-22|ensemble_lr0.20_rf0.30_xgb0.50,ASHOKLEY.NS,2026-06-22,ensemble_lr0.20_rf0.30_xgb0.50,2025-06-23,2026-06-22,2026-06-22,2025-07-18,2026-06-19,2026-06-22,226,2026-06-22,False,1,0.4710144927536232,0.2847082393611033,0.46,0.3677568733692169,0.37882008455682914,0,62.12,0.37882008455682914,0,62.12,HOLD,0.442,-0.116,High Volatility,0.0,0.0,unavailable_no_point_in_time_source,True,157.19,157.19000244140625,2026-06-23,151.4600067138672,-3.6453,0,2026-06-25,160.67999267578125,2.2202,1.0,2026-06-30,157.6999969482422,0.3244,1.0,2026-07-07,164.16000366210938,4.4341,1.0,1,1,1,0,0,0,-3.6453,0,0.0,0.0,1.0,1.0,1.0,2.2202,1.0,0.0,0.0,1.0,1.0,1.0,0.3244,1.0,0.0,0.0,1.0,1.0,0.0,4.4341,0.0,60-65,60-65
ASIANPAINT.NS|2026-06-22|ensemble_lr0.20_rf0.30_xgb0.50,ASIANPAINT.NS,2026-06-22,ensemble_lr0.20_rf0.30_xgb0.50,2025-06-23,2026-06-22,2026-06-22,2025-07-18,2026-06-19,2026-06-22,226,2026-06-22,False,1,0.5217391304347826,0.5505128543488458,0.54,0.6119081974029541,0.5780566695712462,1,57.81,0.5780566695712462,1,57.81,BUY,0.6039,0.2077,Sideways,0.335,0.0,unavailable_no_point_in_time_source,True,2651.0,2651.0,2026-06-23,2661.199951171875,0.3848,1,2026-06-25,2645.199951171875,-0.2188,0.0,2026-06-30,2635.699951171875,-0.5771,0.0,2026-07-07,2731.39990234375,3.0328,1.0,0,1,1,1,0,1,0.3848,1,0.0,0.0,0.0,1.0,0.0,-0.2188,0.0,0.0,0.0,0.0,1.0,0.0,-0.5771,0.0,1.0,1.0,1.0,0.0,1.0,3.0328,1.0,55-60,55-60
ASTRAL.NS|2026-06-22|ensemble_lr0.20_rf0.30_xgb0.50,ASTRAL.NS,2026-06-22,ensemble_lr0.20_rf0.30_xgb0.50,2025-06-23,2026-06-22,2026-06-22,2025-07-18,2026-06-19,2026-06-22,226,2026-06-22,False,0,0.5579710144927535,0.4254951712937949,0.64,0.6376764178276062,0.595937243172562,1,59.59,0.595937243172562,1,59.59,HOLD,0.5546,0.1092,Sideways,0.0,0.0,unavailable_no_point_in_time_source,False,1555.35,1555.353759765625,2026-06-23,1521.0078125,-2.2082,0,2026-06-25,1484.5650634765625,-4.5513,0.0,2026-06-30,1333.5025634765625,-14.2637,0.0,2026-07-07,1357.3651123046875,-12.7295,0.0,1,0,0,1,0,1,-2.208,1,0.0,0.0,1.0,0.0,0.0,-4.5511,0.0,0.0,0.0,1.0,0.0,0.0,-14.2635,0.0,0.0,0.0,1.0,0.0,0.0,-12.7293,0.0,55-60,55-60
AUBANK.NS|2026-06-22|ensemble_lr0.20_rf0.30_xgb0.50,AUBANK.NS,2026-06-22,ensemble_lr0.20_rf0.30_xgb0.50,2025-06-23,2026-06-22,2026-06-22,2025-07-18,2026-06-19,2026-06-22,226,2026-06-22,False,0,0.47826086956521746,0.5753590584824992,0.66,0.5653959512710571,0.5957697873320285,1,59.58,0.5957697873320285,1,59.58,BUY,0.6672,0.3345,Sideways,0.835,0.0,unavailable_no_point_in_time_source,True,1044.04,1044.0361328125,2026-06-23,1025.354248046875,-1.7894,0,2026-06-25,1032.846923828125,-1.0717,0.0,2026-06-30,1036.0439453125,-0.7655,0.0,2026-07-07,1065.864990234375,2.0908,1.0,1,0,0,1,0,0,-1.7898,0,0.0,0.0,1.0,0.0,0.0,-1.0721,0.0,0.0,0.0,1.0,0.0,0.0,-0.7659,0.0,1.0,1.0,0.0,1.0,1.0,2.0904,1.0,55-60,55-60
AXISBANK.NS|2026-06-22|ensemble_lr0.20_rf0.30_xgb0.50,AXISBANK.NS,2026-06-22,ensemble_lr0.20_rf0.30_xgb0.50,2025-06-23,2026-06-22,2026-06-22,2025-07-18,2026-06-19,2026-06-22,226,2026-06-22,False,1,0.5289855072463768,0.3868393537081256,0.4,0.17549291253089905,0.2851143270070746,0,71.49,0.2851143270070746,0,71.49,HOLD,0.5614,0.1227,Sideways,0.835,0.0,unavailable_no_point_in_time_source,True,1357.55,1357.552978515625,2026-06-23,1362.44921875,0.3607,1,2026-06-25,1376.138671875,1.3691,1.0,2026-06-30,1344.6629638671875,-0.9495,0.0,2026-07-07,1339.966552734375,-1.2955,0.0,1,0,0,1,1,1,0.3609,1,0.0,0.0,1.0,1.0,1.0,1.3693,1.0,1.0,1.0,0.0,0.0,1.0,-0.9493,1.0,1.0,1.0,0.0,0.0,1.0,-1.2952,1.0,70-75,70-75
BAJAJ-AUTO.NS|2026-06-22|ensemble_lr0.20_rf0.30_xgb0.50,BAJAJ-AUTO.NS,2026-06-22,ensemble_lr0.20_rf0.30_xgb0.50,2025-06-23,2026-06-22,2026-06-22,2025-07-18,2026-06-19,2026-06-22,226,2026-06-22,False,1,0.5652173913043478,0.6087803241150669,0.52,0.7619661688804626,0.6587391492632447,1,65.87,0.6587391492632447,1,65.87,BUY,0.6344,0.2689,Sideways,0.335,0.0,unavailable_no_point_in_time_source,False,10191.0,10191.0,2026-06-23,10025.0,-1.6289,0,2026-06-25,9843.0,-3.4148,0.0,2026-06-30,9716.0,-4.661,0.0,2026-07-07,10109.5,-0.7997,0.0,1,0,0,0,0,0,-1.6289,0,0.0,0.0,0.0,0.0,0.0,-3.4148,0.0,0.0,0.0,0.0,0.0,0.0,-4.661,0.0,0.0,0.0,0.0,0.0,0.0,-0.7997,0.0,65-70,65-70
BAJAJFINSV.NS|2026-06-22|ensemble_lr0.20_rf0.30_xgb0.50,BAJAJFINSV.NS,2026-06-22,ensemble_lr0.20_rf0.30_xgb0.50,2025-06-23,2026-06-22,2026-06-22,2025-07-18,2026-06-19,2026-06-22,226,2026-06-22,False,0,0.4202898550724638,0.7480283726489382,0.54,0.25807806849479675,0.44064470877718603,0,55.94,0.44064470877718603,0,55.94,HOLD,0.5242,0.0483,Bullish,0.0,0.0,unavailable_no_point_in_time_source,True,1780.68,1780.680419921875,2026-06-23,1763.4952392578125,-0.9651,0,2026-06-25,1763.095458984375,-0.9875,0.0,2026-06-30,1780.199951171875,-0.027,0.0,2026-07-07,1885.300048828125,5.8753,1.0,1,1,1,1,0,1,-0.9651,1,1.0,1.0,1.0,0.0,1.0,-0.9875,1.0,1.0,1.0,1.0,0.0,1.0,-0.027,1.0,0.0,0.0,0.0,1.0,0.0,5.8753,0.0,55-60,55-60
BAJFINANCE.NS|2026-06-22|ensemble_lr0.20_rf0.30_xgb0.50,BAJFINANCE.NS,2026-06-22,ensemble_lr0.20_rf0.30_xgb0.50,2025-06-23,2026-06-22,2026-06-22,2025-07-18,2026-06-19,2026-06-22,226,2026-06-22,False,1,0.5072463768115941,0.8274363878514929,0.84,0.7614299058914185,0.7982022305160078,1,79.82,0.7982022305160078,1,79.82,BUY,0.6442,0.2884,Sideways,0.5,0.0,unavailable_no_point_in_time_source,True,962.38,962.384033203125,2026-06-23,956.5200805664062,-0.6093,0,2026-06-25,974.4100952148438,1.2496,1.0,2026-06-30,1004.75,4.4022,1.0,2026-07-07,1042.5,8.3247,1.0,1,0,0,0,0,0,-0.6089,0,1.0,1.0,1.0,1.0,1.0,1.25,1.0,1.0,1.0,1.0,1.0,1.0,4.4026,1.0,1.0,1.0,1.0,1.0,1.0,8.3252,1.0,75-80,75-80
BEL.NS|2026-06-22|ensemble_lr0.20_rf0.30_xgb0.50,BEL.NS,2026-06-22,ensemble_lr0.20_rf0.30_xgb0.50,2025-06-23,2026-06-22,2026-06-22,2025-07-18,2026-06-19,2026-06-22,226,2026-06-22,False,0,0.572463768115942,0.12233961459770583,0.46,0.5602819323539734,0.44260888909652785,0,55.74,0.44260888909652785,0,55.74,HOLD,0.5116,0.0232,Bullish,0.165,0.0,unavailable_no_point_in_time_source,True,430.92,430.9150085449219,2026-06-23,419.43060302734375,-2.6651,0,2026-06-25,406.6479797363281,-5.6315,0.0,2026-06-30,411.24169921875,-4.5655,0.0,2026-07-07,418.5817565917969,-2.8621,0.0,1,1,1,1,0,1,-2.6662,1,1.0,1.0,1.0,0.0,0.0,-5.6326,0.0,1.0,1.0,1.0,0.0,0.0,-4.5666,0.0,1.0,1.0,1.0,0.0,1.0,-2.8632,1.0,55-60,55-60
BPCL.NS|2026-06-22|ensemble_lr0.20_rf0.30_xgb0.50,BPCL.NS,2026-06-22,ensemble_lr0.20_rf0.30_xgb0.50,2025-06-23,2026-06-22,2026-06-22,2025-07-18,2026-06-19,2026-06-22,226,2026-06-22,False,0,0.4855072463768116,0.5975218503291452,0.28,0.49349793791770935,0.45025333902468373,0,54.97,0.45025333902468373,0,54.97,HOLD,0.4569,-0.0862,Sideways,0.165,0.0,unavailable_no_point_in_time_source,False,308.6,308.6000061035156,2026-06-23,308.54998779296875,-0.0162,0,2026-06-25,309.75,0.3726,1.0,2026-06-30,303.54998779296875,-1.6364,0.0,2026-07-07,313.95001220703125,1.7336,1.0,1,1,1,1,0,1,-0.0162,1,0.0,0.0,0.0,1.0,1.0,0.3727,1.0,1.0,1.0,1.0,0.0,1.0,-1.6364,1.0,0.0,0.0,0.0,1.0,1.0,1.7336,1.0,50-55,50-55
AARTIIND.NS|2026-06-30|ensemble_lr0.20_rf0.30_xgb0.50,AARTIIND.NS,2026-06-30,ensemble_lr0.20_rf0.30_xgb0.50,2025-07-01,2026-06-30,2026-06-29,2025-07-28,2026-06-26,2026-06-29,225,2026-06-30,False,0,0.5629629629629629,0.21478733434343397,0.32,0.17659980058670044,0.227257367162037,0,77.27,0.227257367162037,0,77.27,HOLD,0.4318,-0.1363,High Volatility,-0.165,0.0,unavailable_no_point_in_time_source,True,457.39,457.3907470703125,2026-07-01,466.67230224609375,2.0292,1,2026-07-03,486.7324523925781,6.415,1.0,2026-07-07,477.50079345703125,4.3967,1.0,2026-07-14,482.0916442871094,5.4004,1.0,1,0,0,0,1,1,2.0294,1,0.0,0.0,0.0,1.0,0.0,6.4152,0.0,0.0,0.0,0.0,1.0,0.0,4.3969,0.0,0.0,0.0,0.0,1.0,0.0,5.4006,0.0,75-80,75-80
AAVAS.NS|2026-06-30|ensemble_lr0.20_rf0.30_xgb0.50,AAVAS.NS,2026-06-30,ensemble_lr0.20_rf0.30_xgb0.50,2025-07-01,2026-06-30,2026-06-29,2025-07-28,2026-06-26,2026-06-29,225,2026-06-30,False,0,0.4888888888888889,0.288933612143511,0.44,0.39587533473968506,0.38772438979854473,0,61.23,0.38772438979854473,0,61.23,HOLD,0.5398,0.0796,High Volatility,0.5,0.0,unavailable_no_point_in_time_source,False,1520.8,1520.800048828125,2026-07-01,1518.300048828125,-0.1644,0,2026-07-03,1506.0999755859375,-0.9666,0.0,2026-07-07,1506.199951171875,-0.96,0.0,2026-07-14,1447.5,-4.8198,0.0,1,1,1,1,0,1,-0.1644,1,1.0,1.0,1.0,0.0,1.0,-0.9666,1.0,1.0,1.0,1.0,0.0,1.0,-0.96,1.0,1.0,1.0,1.0,0.0,0.0,-4.8198,0.0,60-65,60-65
ABCAPITAL.NS|2026-06-30|ensemble_lr0.20_rf0.30_xgb0.50,ABCAPITAL.NS,2026-06-30,ensemble_lr0.20_rf0.30_xgb0.50,2025-07-01,2026-06-30,2026-06-29,2025-07-28,2026-06-26,2026-06-29,225,2026-06-30,False,0,0.5555555555555556,0.179571575026684,0.34,0.04042656347155571,0.15812759674111465,0,84.19,0.15812759674111465,0,84.19,BUY,0.6468,0.2936,Bullish,1.0,0.0,unavailable_no_point_in_time_source,True,391.95,391.95001220703125,2026-07-01,393.1499938964844,0.3062,1,2026-07-03,401.25,2.3727,1.0,2026-07-07,405.3999938964844,3.4316,1.0,2026-07-14,399.25,1.8625,1.0,1,0,0,0,1,1,0.3062,1,0.0,0.0,0.0,1.0,1.0,2.3728,1.0,0.0,0.0,0.0,1.0,1.0,3.4316,1.0,0.0,0.0,0.0,1.0,1.0,1.8625,1.0,80-85,80-85
ABFRL.NS|2026-06-30|ensemble_lr0.20_rf0.30_xgb0.50,ABFRL.NS,2026-06-30,ensemble_lr0.20_rf0.30_xgb0.50,2025-07-01,2026-06-30,2026-06-29,2025-07-28,2026-06-26,2026-06-29,225,2026-06-30,False,0,0.5925925925925926,0.537391126934412,0.66,0.7584978938102722,0.6847271722920185,1,68.47,0.6847271722920185,1,68.47,HOLD,0.4778,-0.0443,High Volatility,-0.665,0.0,unavailable_no_point_in_time_source,True,58.06,58.060001373291016,2026-07-01,58.66999816894531,1.0506,1,2026-07-03,62.470001220703125,7.5956,1.0,2026-07-07,59.630001068115234,2.7041,1.0,2026-07-14,58.93000030517578,1.4984,1.0,0,1,1,0,0,1,1.0506,1,1.0,1.0,0.0,0.0,0.0,7.5956,0.0,1.0,1.0,0.0,0.0,1.0,2.7041,1.0,1.0,1.0,0.0,0.0,1.0,1.4985,1.0,65-70,65-70
ACC.NS|2026-06-30|ensemble_lr0.20_rf0.30_xgb0.50,ACC.NS,2026-06-30,ensemble_lr0.20_rf0.30_xgb0.50,2025-07-01,2026-06-30,2026-06-29,2025-07-28,2026-06-26,2026-06-29,225,2026-06-30,False,0,0.5185185185185185,0.2788326140189368,0.38,0.4461151361465454,0.39282409087706005,0,60.72,0.39282409087706005,0,60.72,SELL,0.4164,-0.1673,Sideways,-0.165,0.0,unavailable_no_point_in_time_source,False,1327.2,1327.199951171875,2026-07-01,1332.199951171875,0.3767,1,2026-07-03,1393.800048828125,5.0181,1.0,2026-07-07,1384.4000244140625,4.3098,1.0,2026-07-14,1361.9000244140625,2.6145,1.0,0,0,0,0,0,0,0.3767,0,0.0,0.0,0.0,0.0,0.0,5.0181,0.0,0.0,0.0,0.0,0.0,0.0,4.3098,0.0,0.0,0.0,0.0,0.0,0.0,2.6145,0.0,60-65,60-65
ADANIENT.NS|2026-06-30|ensemble_lr0.20_rf0.30_xgb0.50,ADANIENT.NS,2026-06-30,ensemble_lr0.20_rf0.30_xgb0.50,2025-07-01,2026-06-30,2026-06-29,2025-07-28,2026-06-26,2026-06-29,225,2026-06-30,False,0,0.37777777777777777,0.4700247089966262,0.48,0.578586995601654,0.5272984396001523,1,52.73,0.5272984396001523,1,52.73,BUY,0.6725,0.3449,Bullish,0.5,0.0,unavailable_no_point_in_time_source,False,3036.0,3036.0,2026-07-01,3143.60009765625,3.5441,1,2026-07-03,3212.10009765625,5.8004,1.0,2026-07-07,3107.199951171875,2.3452,1.0,2026-07-14,3188.89990234375,5.0362,1.0,1,1,1,0,1,1,3.5441,1,1.0,1.0,0.0,1.0,1.0,5.8004,1.0,1.0,1.0,0.0,1.0,1.0,2.3452,1.0,1.0,1.0,0.0,1.0,1.0,5.0362,1.0,50-55,50-55
ADANIPORTS.NS|2026-06-30|ensemble_lr0.20_rf0.30_xgb0.50,ADANIPORTS.NS,2026-06-30,ensemble_lr0.20_rf0.30_xgb0.50,2025-07-01,2026-06-30,2026-06-29,2025-07-28,2026-06-26,2026-06-29,225,2026-06-30,False,0,0.48888888888888893,0.212011593034181,0.34,0.15393634140491486,0.22137048930929365,0,77.86,0.22137048930929365,0,77.86,HOLD,0.5015,0.003,Sideways,0.5,0.0,unavailable_no_point_in_time_source,True,1810.2,1810.199951171875,2026-07-01,1848.199951171875,2.0992,1,2026-07-03,1874.199951171875,3.5355,1.0,2026-07-07,1833.9000244140625,1.3093,1.0,2026-07-14,1821.9000244140625,0.6463,1.0,1,0,0,0,1,1,2.0992,1,0.0,0.0,0.0,1.0,0.0,3.5355,0.0,0.0,0.0,0.0,1.0,1.0,1.3092,1.0,0.0,0.0,0.0,1.0,1.0,0.6463,1.0,75-80,75-80
AETHER.NS|2026-06-30|ensemble_lr0.20_rf0.30_xgb0.50,AETHER.NS,2026-06-30,ensemble_lr0.20_rf0.30_xgb0.50,2025-07-01,2026-06-30,2026-06-29,2025-07-28,2026-06-26,2026-06-29,225,2026-06-30,False,0,0.45925925925925926,0.4967418430490779,0.42,0.16755546629428864,0.3091261017569599,0,69.09,0.3091261017569599,0,69.09,BUY,0.6013,0.2026,High Volatility,1.0,0.0,unavailable_no_point_in_time_source,False,1359.1,1359.0999755859375,2026-07-01,1326.9000244140625,-2.3692,0,2026-07-03,1359.5999755859375,0.0368,1.0,2026-07-07,1330.0,-2.1411,0.0,2026-07-14,1439.9000244140625,5.9451,1.0,1,1,1,1,0,0,-2.3692,0,0.0,0.0,0.0,1.0,1.0,0.0368,1.0,1.0,1.0,1.0,0.0,0.0,-2.1411,0.0,0.0,0.0,0.0,1.0,1.0,5.9451,1.0,65-70,65-70
AIAENG.NS|2026-06-30|ensemble_lr0.20_rf0.30_xgb0.50,AIAENG.NS,2026-06-30,ensemble_lr0.20_rf0.30_xgb0.50,2025-07-01,2026-06-30,2026-06-29,2025-07-28,2026-06-26,2026-06-29,225,2026-06-30,False,1,0.45925925925925926,0.14227562604822525,0.34,0.15157751739025116,0.20624388390477064,0,79.38,0.20624388390477064,0,79.38,BUY,0.6577,0.3154,Bullish,1.0,0.0,unavailable_no_point_in_time_source,False,5062.37,5062.3701171875,2026-07-01,4977.2900390625,-1.6806,0,2026-07-03,4736.69482421875,-6.4333,0.0,2026-07-07,4738.68701171875,-6.3939,0.0,2026-07-14,4742.173828125,-6.325,0.0,1,1,1,0,0,0,-1.6806,0,1.0,1.0,0.0,0.0,0.0,-6.4333,0.0,1.0,1.0,0.0,0.0,0.0,-6.3939,0.0,1.0,1.0,0.0,0.0,0.0,-6.325,0.0,75-80,75-80
AJANTPHARM.NS|2026-06-30|ensemble_lr0.20_rf0.30_xgb0.50,AJANTPHARM.NS,2026-06-30,ensemble_lr0.20_rf0.30_xgb0.50,2025-07-01,2026-06-30,2026-06-29,2025-07-28,2026-06-26,2026-06-29,225,2026-06-30,False,0,0.5703703703703704,0.36534381477845984,0.24,0.42830413579940796,0.3592208308553959,0,64.08,0.3592208308553959,0,64.08,BUY,0.6088,0.2176,High Volatility,1.0,0.0,unavailable_no_point_in_time_source,False,3391.63,3391.629638671875,2026-07-01,3317.1123046875,-2.1971,0,2026-07-03,3296.104736328125,-2.8165,0.0,2026-07-07,3284.411865234375,-3.1612,0.0,2026-07-14,3377.85595703125,-0.4061,0.0,1,1,1,1,0,0,-2.1971,0,1.0,1.0,1.0,0.0,0.0,-2.8165,0.0,1.0,1.0,1.0,0.0,0.0,-3.1613,0.0,1.0,1.0,1.0,0.0,0.0,-0.4061,0.0,60-65,60-65
ALEMBICLTD.NS|2026-06-30|ensemble_lr0.20_rf0.30_xgb0.50,ALEMBICLTD.NS,2026-06-30,ensemble_lr0.20_rf0.30_xgb0.50,2025-07-01,2026-06-30,2026-06-29,2025-07-28,2026-06-26,2026-06-29,225,2026-06-30,False,0,0.5185185185185185,0.47586996022807576,0.2,0.4513830840587616,0.38086553407499596,0,61.91,0.38086553407499596,0,61.91,HOLD,0.5495,0.0989,Bullish,0.165,0.0,unavailable_no_point_in_time_source,False,89.18,89.18235778808594,2026-07-01,89.14340209960938,-0.0437,0,2026-07-03,90.42884826660156,1.3977,1.0,2026-07-07,88.41304016113281,-0.8626,0.0,2026-07-14,86.64068603515625,-2.85,0.0,1,1,1,1,0,1,-0.041,1,0.0,0.0,0.0,1.0,1.0,1.4004,1.0,1.0,1.0,1.0,0.0,1.0,-0.86,1.0,1.0,1.0,1.0,0.0,1.0,-2.8474,1.0,60-65,60-65
ALKEM.NS|2026-06-30|ensemble_lr0.20_rf0.30_xgb0.50,ALKEM.NS,2026-06-30,ensemble_lr0.20_rf0.30_xgb0.50,2025-07-01,2026-06-30,2026-06-29,2025-07-28,2026-06-26,2026-06-29,225,2026-06-30,False,1,0.5037037037037037,0.148845409407824,0.3,0.24575722217559814,0.24264769296936387,0,75.74,0.24264769296936387,0,75.74,HOLD,0.5547,0.1095,Bullish,0.5,0.0,unavailable_no_point_in_time_source,False,5560.05,5560.048828125,2026-07-01,5557.5537109375,-0.0449,0,2026-07-03,5552.5625,-0.1346,0.0,2026-07-07,5657.375,1.7505,1.0,2026-07-14,5591.49267578125,0.5655,1.0,1,1,1,0,0,1,-0.0449,1,1.0,1.0,0.0,0.0,1.0,-0.1347,1.0,0.0,0.0,1.0,1.0,1.0,1.7504,1.0,0.0,0.0,1.0,1.0,1.0,0.5655,1.0,75-80,75-80
AMBER.NS|2026-06-30|ensemble_lr0.20_rf0.30_xgb0.50,AMBER.NS,2026-06-30,ensemble_lr0.20_rf0.30_xgb0.50,2025-07-01,2026-06-30,2026-06-29,2025-07-28,2026-06-26,2026-06-29,225,2026-06-30,False,0,0.5481481481481482,0.5108679390274421,0.48,0.33054304122924805,0.41144510842011245,0,58.86,0.41144510842011245,0,58.86,HOLD,0.4383,-0.1235,High Volatility,-0.165,0.0,unavailable_no_point_in_time_source,False,7530.0,7530.0,2026-07-01,7451.0,-1.0491,0,2026-07-03,7484.5,-0.6042,0.0,2026-07-07,7625.0,1.2616,1.0,2026-07-14,7786.5,3.4064,1.0,1,1,1,1,0,1,-1.0491,1,1.0,1.0,1.0,0.0,1.0,-0.6042,1.0,0.0,0.0,0.0,1.0,1.0,1.2616,1.0,0.0,0.0,0.0,1.0,0.0,3.4064,0.0,55-60,55-60
ANGELONE.NS|2026-06-30|ensemble_lr0.20_rf0.30_xgb0.50,ANGELONE.NS,2026-06-30,ensemble_lr0.20_rf0.30_xgb0.50,2025-07-01,2026-06-30,2026-06-29,2025-07-28,2026-06-26,2026-06-29,225,2026-06-30,False,0,0.4888888888888889,0.15053014011558397,0.44,0.32398268580436707,0.32409737092530033,0,67.59,0.32409737092530033,0,67.59,HOLD,0.4851,-0.0298,High Volatility,0.5,0.0,unavailable_no_point_in_time_source,True,329.63,329.63055419921875,2026-07-01,339.3504943847656,2.9487,1,2026-07-03,351.1639709472656,6.5326,1.0,2026-07-07,334.7646789550781,1.5575,1.0,2026-07-14,332.5216064453125,0.8771,1.0,1,0,0,0,1,1,2.9489,1,0.0,0.0,0.0,1.0,0.0,6.5328,0.0,0.0,0.0,0.0,1.0,1.0,1.5577,1.0,0.0,0.0,0.0,1.0,1.0,0.8772,1.0,65-70,65-70
APARINDS.NS|2026-06-30|ensemble_lr0.20_rf0.30_xgb0.50,APARINDS.NS,2026-06-30,ensemble_lr0.20_rf0.30_xgb0.50,2025-07-01,2026-06-30,2026-06-29,2025-07-28,2026-06-26,2026-06-29,225,2026-06-30,False,1,0.4518518518518519,0.3180871420878854,0.38,0.15890944004058838,0.2570721484378713,0,74.29,0.2570721484378713,0,74.29,HOLD,0.5684,0.1367,High Volatility,0.665,0.0,unavailable_no_point_in_time_source,False,15640.7,15640.6982421875,2026-07-01,14547.494140625,-6.9895,0,2026-07-03,14124.9609375,-9.691,0.0,2026-07-07,14105.0302734375,-9.8184,0.0,2026-07-14,13547.9638671875,-13.3801,0.0,0,1,1,0,1,0,-6.9895,0,1.0,1.0,0.0,1.0,0.0,-9.691,0.0,1.0,1.0,0.0,1.0,0.0,-9.8184,0.0,1.0,1.0,0.0,1.0,0.0,-13.3801,0.0,70-75,70-75
APOLLOHOSP.NS|2026-06-30|ensemble_lr0.20_rf0.30_xgb0.50,APOLLOHOSP.NS,2026-06-30,ensemble_lr0.20_rf0.30_xgb0.50,2025-07-01,2026-06-30,2026-06-29,2025-07-28,2026-06-26,2026-06-29,225,2026-06-30,False,0,0.4222222222222222,0.5004548220795454,0.38,0.4353284239768982,0.4317551764043582,0,56.82,0.4317551764043582,0,56.82,BUY,0.6114,0.2227,Bullish,1.0,0.0,unavailable_no_point_in_time_source,False,8671.91,8671.9052734375,2026-07-01,8608.478515625,-0.7314,0,2026-07-03,8883.1591796875,2.4361,1.0,2026-07-07,8826.724609375,1.7853,1.0,2026-07-14,8890.150390625,2.5167,1.0,1,1,1,1,0,0,-0.7315,0,0.0,0.0,0.0,1.0,1.0,2.436,1.0,0.0,0.0,0.0,1.0,1.0,1.7852,1.0,0.0,0.0,0.0,1.0,1.0,2.5166,1.0,55-60,55-60
APOLLOTYRE.NS|2026-06-30|ensemble_lr0.20_rf0.30_xgb0.50,APOLLOTYRE.NS,2026-06-30,ensemble_lr0.20_rf0.30_xgb0.50,2025-07-01,2026-06-30,2026-06-29,2025-07-28,2026-06-26,2026-06-29,225,2026-06-30,False,0,0.5111111111111111,0.1998926882906839,0.34,0.2249729335308075,0.25446500442354053,0,74.55,0.25446500442354053,0,74.55,BUY,0.6028,0.2056,Bullish,0.335,0.0,unavailable_no_point_in_time_source,True,427.75,427.7537536621094,2026-07-01,429.19549560546875,0.337,1,2026-07-03,445.9496765136719,4.2538,1.0,2026-07-07,451.76641845703125,5.6137,1.0,2026-07-14,425.8500061035156,-0.4451,0.0,1,0,0,0,1,1,0.3379,1,0.0,0.0,0.0,1.0,1.0,4.2547,1.0,0.0,0.0,0.0,1.0,1.0,5.6146,1.0,1.0,1.0,1.0,0.0,0.0,-0.4442,0.0,70-75,70-75
ASHOKLEY.NS|2026-06-30|ensemble_lr0.20_rf0.30_xgb0.50,ASHOKLEY.NS,2026-06-30,ensemble_lr0.20_rf0.30_xgb0.50,2025-07-01,2026-06-30,2026-06-29,2025-07-28,2026-06-26,2026-06-29,225,2026-06-30,False,1,0.4222222222222222,0.2292736293536747,0.22,0.2802872657775879,0.2519983587595289,0,74.8,0.2519983587595289,0,74.8,HOLD,0.4426,-0.1149,Sideways,0.0,0.0,unavailable_no_point_in_time_source,True,157.7,157.6999969482422,2026-07-01,162.32000732421875,2.9296,1,2026-07-03,164.35000610351562,4.2169,1.0,2026-07-07,164.16000366210938,4.0964,1.0,2026-07-14,155.19000244140625,-1.5916,0.0,1,0,0,1,1,1,2.9296,1,0.0,0.0,1.0,1.0,0.0,4.2169,0.0,0.0,0.0,1.0,1.0,0.0,4.0964,0.0,1.0,1.0,0.0,0.0,1.0,-1.5916,1.0,70-75,70-75
ASIANPAINT.NS|2026-06-30|ensemble_lr0.20_rf0.30_xgb0.50,ASIANPAINT.NS,2026-06-30,ensemble_lr0.20_rf0.30_xgb0.50,2025-07-01,2026-06-30,2026-06-29,2025-07-28,2026-06-26,2026-06-29,225,2026-06-30,False,1,0.4740740740740741,0.6083067253006739,0.26,0.3752993941307068,0.38731104212548817,0,61.27,0.38731104212548817,0,61.27,HOLD,0.4797,-0.0406,Sideways,0.335,0.0,unavailable_no_point_in_time_source,True,2635.7,2635.699951171875,2026-07-01,2716.39990234375,3.0618,1,2026-07-03,2737.800048828125,3.8737,1.0,2026-07-07,2731.39990234375,3.6309,1.0,2026-07-14,2641.0,0.2011,1.0,0,0,0,1,0,0,3.0618,0,0.0,0.0,1.0,0.0,0.0,3.8737,0.0,0.0,0.0,1.0,0.0,0.0,3.6309,0.0,0.0,0.0,1.0,0.0,1.0,0.2011,1.0,60-65,60-65
ASTRAL.NS|2026-06-30|ensemble_lr0.20_rf0.30_xgb0.50,ASTRAL.NS,2026-06-30,ensemble_lr0.20_rf0.30_xgb0.50,2025-07-01,2026-06-30,2026-06-29,2025-07-28,2026-06-26,2026-06-29,225,2026-06-30,False,0,0.5185185185185185,0.96429396506468,0.72,0.8196014165878296,0.8186595013068508,1,81.87,0.8186595013068508,1,81.87,HOLD,0.4673,-0.0654,High Volatility,-0.835,0.0,unavailable_no_point_in_time_source,True,1333.5,1333.5025634765625,2026-07-01,1359.9610595703125,1.9841,1,2026-07-03,1382.8250732421875,3.6987,1.0,2026-07-07,1357.3651123046875,1.7895,1.0,2026-07-14,1356.36669921875,1.7146,1.0,0,1,1,0,0,1,1.9843,1,1.0,1.0,0.0,0.0,0.0,3.6989,0.0,1.0,1.0,0.0,0.0,1.0,1.7897,1.0,1.0,1.0,0.0,0.0,1.0,1.7148,1.0,80-85,80-85
AUBANK.NS|2026-06-30|ensemble_lr0.20_rf0.30_xgb0.50,AUBANK.NS,2026-06-30,ensemble_lr0.20_rf0.30_xgb0.50,2025-07-01,2026-06-30,2026-06-29,2025-07-28,2026-06-26,2026-06-29,225,2026-06-30,False,0,0.4962962962962963,0.34918802481590877,0.22,0.08930688351392746,0.1804910467201455,0,81.95,0.1804910467201455,0,81.95,BUY,0.5853,0.1706,Bullish,0.67,0.0,unavailable_no_point_in_time_source,True,1036.04,1036.0439453125,2026-07-01,1050.3800048828125,1.3837,1,2026-07-03,1057.3731689453125,2.0587,1.0,2026-07-07,1065.864990234375,2.8784,1.0,2026-07-14,1037.292724609375,0.1205,1.0,1,0,0,0,1,1,1.3841,1,0.0,0.0,0.0,1.0,1.0,2.0591,1.0,0.0,0.0,0.0,1.0,1.0,2.8787,1.0,0.0,0.0,0.0,1.0,1.0,0.1209,1.0,80-85,80-85
AXISBANK.NS|2026-06-30|ensemble_lr0.20_rf0.30_xgb0.50,AXISBANK.NS,2026-06-30,ensemble_lr0.20_rf0.30_xgb0.50,2025-07-01,2026-06-30,2026-06-29,2025-07-28,2026-06-26,2026-06-29,225,2026-06-30,False,1,0.5185185185185185,0.4234744215115668,0.34,0.20556415617465973,0.28947696238964327,0,71.05,0.28947696238964327,0,71.05,HOLD,0.5228,0.0455,Bullish,0.335,0.0,unavailable_no_point_in_time_source,True,1344.66,1344.6629638671875,2026-07-01,1367.6451416015625,1.7091,1,2026-07-03,1341.065673828125,-0.2675,0.0,2026-07-07,1339.966552734375,-0.3493,0.0,2026-07-14,1317.5999755859375,-2.0126,0.0,0,0,0,1,0,1,1.7094,1,1.0,1.0,0.0,1.0,1.0,-0.2673,1.0,1.0,1.0,0.0,1.0,1.0,-0.349,1.0,1.0,1.0,0.0,1.0,1.0,-2.0124,1.0,70-75,70-75
BAJAJ-AUTO.NS|2026-06-30|ensemble_lr0.20_rf0.30_xgb0.50,BAJAJ-AUTO.NS,2026-06-30,ensemble_lr0.20_rf0.30_xgb0.50,2025-07-01,2026-06-30,2026-06-29,2025-07-28,2026-06-26,2026-06-29,225,2026-06-30,False,1,0.5851851851851851,0.1714268959595196,0.7,0.5555967092514038,0.5220837338176059,1,52.21,0.5220837338176059,1,52.21,HOLD,0.4969,-0.0062,Bearish,-0.335,0.0,unavailable_no_point_in_time_source,False,9716.0,9716.0,2026-07-01,9842.0,1.2968,1,2026-07-03,9785.5,0.7153,1.0,2026-07-07,10109.5,4.05,1.0,2026-07-14,10166.0,4.6315,1.0,1,1,1,1,1,1,1.2968,1,1.0,1.0,1.0,1.0,1.0,0.7153,1.0,1.0,1.0,1.0,1.0,0.0,4.05,0.0,1.0,1.0,1.0,1.0,0.0,4.6315,0.0,50-55,50-55
BAJAJFINSV.NS|2026-06-30|ensemble_lr0.20_rf0.30_xgb0.50,BAJAJFINSV.NS,2026-06-30,ensemble_lr0.20_rf0.30_xgb0.50,2025-07-01,2026-06-30,2026-06-29,2025-07-28,2026-06-26,2026-06-29,225,2026-06-30,False,0,0.45925925925925926,0.289043797042627,0.36,0.08632131665945053,0.20896941773825067,0,79.1,0.20896941773825067,0,79.1,HOLD,0.5034,0.0069,Bullish,0.165,0.0,unavailable_no_point_in_time_source,True,1780.2,1780.199951171875,2026-07-01,1797.5999755859375,0.9774,1,2026-07-03,1895.5999755859375,6.4824,1.0,2026-07-07,1885.300048828125,5.9038,1.0,2026-07-14,1869.199951171875,4.9994,1.0,1,0,0,0,1,1,0.9774,1,0.0,0.0,0.0,1.0,0.0,6.4824,0.0,0.0,0.0,0.0,1.0,0.0,5.9038,0.0,0.0,0.0,0.0,1.0,0.0,4.9994,0.0,75-80,75-80
BAJFINANCE.NS|2026-06-30|ensemble_lr0.20_rf0.30_xgb0.50,BAJFINANCE.NS,2026-06-30,ensemble_lr0.20_rf0.30_xgb0.50,2025-07-01,2026-06-30,2026-06-29,2025-07-28,2026-06-26,2026-06-29,225,2026-06-30,False,1,0.4666666666666666,0.29935483462627954,0.38,0.4689173102378845,0.40832962204419815,0,59.17,0.40832962204419815,0,59.17,BUY,0.6154,0.2308,Bullish,0.665,0.0,unavailable_no_point_in_time_source,False,1004.75,1004.75,2026-07-01,1014.9000244140625,1.0102,1,2026-07-03,1031.4000244140625,2.6524,1.0,2026-07-07,1042.5,3.7572,1.0,2026-07-14,1006.5999755859375,0.1841,1.0,1,0,0,1,1,1,1.0102,1,0.0,0.0,1.0,1.0,1.0,2.6524,1.0,0.0,0.0,1.0,1.0,1.0,3.7572,1.0,0.0,0.0,1.0,1.0,1.0,0.1841,1.0,55-60,55-60
BEL.NS|2026-06-30|ensemble_lr0.20_rf0.30_xgb0.50,BEL.NS,2026-06-30,ensemble_lr0.20_rf0.30_xgb0.50,2025-07-01,2026-06-30,2026-06-29,2025-07-28,2026-06-26,2026-06-29,225,2026-06-30,False,0,0.48148148148148145,0.3745535190025415,0.48,0.4382764995098114,0.438048953555414,0,56.2,0.438048953555414,0,56.2,SELL,0.3177,-0.3646,Bearish,-0.335,0.0,unavailable_no_point_in_time_source,True,411.24,411.24169921875,2026-07-01,415.6856994628906,1.0806,1,2026-07-03,417.4832458496094,1.5177,1.0,2026-07-07,418.5817565917969,1.7849,1.0,2026-07-14,409.5440368652344,-0.4128,0.0,1,0,0,0,1,0,1.081,0,0.0,0.0,0.0,1.0,0.0,1.5182,0.0,0.0,0.0,0.0,1.0,0.0,1.7853,0.0,1.0,1.0,1.0,0.0,1.0,-0.4124,1.0,55-60,55-60
BPCL.NS|2026-06-30|ensemble_lr0.20_rf0.30_xgb0.50,BPCL.NS,2026-06-30,ensemble_lr0.20_rf0.30_xgb0.50,2025-07-01,2026-06-30,2026-06-29,2025-07-28,2026-06-26,2026-06-29,225,2026-06-30,False,0,0.562962962962963,0.2125034636044203,0.16,0.20310494303703308,0.1920531642394006,0,80.79,0.1920531642394006,0,80.79,SELL,0.3668,-0.2663,Sideways,-0.165,0.0,unavailable_no_point_in_time_source,True,303.55,303.54998779296875,2026-07-01,304.20001220703125,0.2141,1,2026-07-03,308.1499938964844,1.5154,1.0,2026-07-07,313.95001220703125,3.4261,1.0,2026-07-14,305.3500061035156,0.593,1.0,1,0,0,0,1,0,0.2141,0,0.0,0.0,0.0,1.0,0.0,1.5154,0.0,0.0,0.0,0.0,1.0,0.0,3.4261,0.0,0.0,0.0,0.0,1.0,0.0,0.593,0.0,80-85,80-85
AARTIIND.NS|2026-07-07|ensemble_lr0.20_rf0.30_xgb0.50,AARTIIND.NS,2026-07-07,ensemble_lr0.20_rf0.30_xgb0.50,2025-07-08,2026-07-07,2026-07-06,2025-08-04,2026-07-06,2026-07-07,225,2026-07-07,False,0,0.4962962962962963,0.5636067028703857,0.66,0.7241803407669067,0.6728115109575306,1,67.28,0.6728115109575306,1,67.28,BUY,0.6825,0.3651,High Volatility,0.67,0.0,unavailable_no_point_in_time_source,True,477.5,477.50079345703125,2026-07-08,464.57647705078125,-2.7067,0,2026-07-10,483.13958740234375,1.1809,1.0,2026-07-14,482.0916442871094,0.9614,1.0,2026-07-21,498.509033203125,4.3996,1.0,0,0,0,1,1,0,-2.7065,0,1.0,1.0,0.0,0.0,1.0,1.1811,1.0,1.0,1.0,0.0,0.0,1.0,0.9616,1.0,1.0,1.0,0.0,0.0,1.0,4.3998,1.0,65-70,65-70
AAVAS.NS|2026-07-07|ensemble_lr0.20_rf0.30_xgb0.50,AAVAS.NS,2026-07-07,ensemble_lr0.20_rf0.30_xgb0.50,2025-07-08,2026-07-07,2026-07-06,2025-08-04,2026-07-06,2026-07-07,225,2026-07-07,False,0,0.5555555555555555,0.18544147223895321,0.44,0.3149799406528473,0.3265782647742143,0,67.34,0.3265782647742143,0,67.34,HOLD,0.5677,0.1354,Sideways,0.5,0.0,unavailable_no_point_in_time_source,False,1506.2,1506.199951171875,2026-07-08,1499.800048828125,-0.4249,0,2026-07-10,1525.9000244140625,1.3079,1.0,2026-07-14,1447.5,-3.8972,0.0,2026-07-21,1521.699951171875,1.0291,1.0,0,1,1,1,1,1,-0.4249,1,0.0,0.0,0.0,0.0,1.0,1.3079,1.0,1.0,1.0,1.0,1.0,0.0,-3.8972,0.0,0.0,0.0,0.0,0.0,1.0,1.0291,1.0,65-70,65-70
ABCAPITAL.NS|2026-07-07|ensemble_lr0.20_rf0.30_xgb0.50,ABCAPITAL.NS,2026-07-07,ensemble_lr0.20_rf0.30_xgb0.50,2025-07-08,2026-07-07,2026-07-06,2025-08-04,2026-07-06,2026-07-07,225,2026-07-07,False,1,0.5481481481481482,0.2333905235703771,0.4,0.49313077330589294,0.4132434913670219,0,58.68,0.4132434913670219,0,58.68,BUY,0.678,0.3559,Bullish,1.0,0.0,unavailable_no_point_in_time_source,True,405.4,405.3999938964844,2026-07-08,385.75,-4.8471,0,2026-07-10,408.29998779296875,0.7153,1.0,2026-07-14,399.25,-1.517,0.0,2026-07-21,409.04998779296875,0.9003,1.0,0,1,1,0,1,0,-4.8471,0,0.0,0.0,1.0,0.0,1.0,0.7153,1.0,1.0,1.0,0.0,1.0,0.0,-1.517,0.0,0.0,0.0,1.0,0.0,1.0,0.9003,1.0,55-60,55-60
ABFRL.NS|2026-07-07|ensemble_lr0.20_rf0.30_xgb0.50,ABFRL.NS,2026-07-07,ensemble_lr0.20_rf0.30_xgb0.50,2025-07-08,2026-07-07,2026-07-06,2025-08-04,2026-07-06,2026-07-07,225,2026-07-07,False,0,0.5555555555555556,0.5355195463499227,0.46,0.3541743755340576,0.42219109703701335,0,57.78,0.42219109703701335,0,57.78,HOLD,0.4212,-0.1577,High Volatility,-0.165,0.0,unavailable_no_point_in_time_source,True,59.63,59.630001068115234,2026-07-08,58.310001373291016,-2.2137,0,2026-07-10,60.02000045776367,0.654,1.0,2026-07-14,58.93000030517578,-1.1739,0.0,2026-07-21,57.40999984741211,-3.723,0.0,0,1,1,1,1,1,-2.2136,1,0.0,0.0,0.0,0.0,1.0,0.654,1.0,1.0,1.0,1.0,1.0,1.0,-1.1739,1.0,1.0,1.0,1.0,1.0,0.0,-3.723,0.0,55-60,55-60
ACC.NS|2026-07-07|ensemble_lr0.20_rf0.30_xgb0.50,ACC.NS,2026-07-07,ensemble_lr0.20_rf0.30_xgb0.50,2025-07-08,2026-07-07,2026-07-06,2025-08-04,2026-07-06,2026-07-07,225,2026-07-07,False,0,0.525925925925926,0.4033791510719822,0.2,0.11295721679925919,0.19715443861402604,0,80.28,0.19715443861402604,0,80.28,HOLD,0.4207,-0.1587,Sideways,0.0,0.0,unavailable_no_point_in_time_source,False,1384.4,1384.4000244140625,2026-07-08,1335.0999755859375,-3.5611,0,2026-07-10,1384.5,0.0072,1.0,2026-07-14,1361.9000244140625,-1.6253,0.0,2026-07-21,1387.800048828125,0.2456,1.0,0,1,1,1,1,0,-3.5611,0,0.0,0.0,0.0,0.0,1.0,0.0072,1.0,1.0,1.0,1.0,1.0,1.0,-1.6253,1.0,0.0,0.0,0.0,0.0,1.0,0.2456,1.0,80-85,80-85
ADANIENT.NS|2026-07-07|ensemble_lr0.20_rf0.30_xgb0.50,ADANIENT.NS,2026-07-07,ensemble_lr0.20_rf0.30_xgb0.50,2025-07-08,2026-07-07,2026-07-06,2025-08-04,2026-07-06,2026-07-07,225,2026-07-07,False,0,0.39999999999999997,0.43587025345005376,0.36,0.49718743562698364,0.4437677685035026,0,55.62,0.4437677685035026,0,55.62,BUY,0.6167,0.2333,Bullish,0.835,0.0,unavailable_no_point_in_time_source,False,3107.2,3107.199951171875,2026-07-08,3046.89990234375,-1.9407,0,2026-07-10,3157.300048828125,1.6124,1.0,2026-07-14,3188.89990234375,2.6294,1.0,2026-07-21,3182.699951171875,2.4298,1.0,0,1,1,1,1,0,-1.9407,0,0.0,0.0,0.0,0.0,1.0,1.6124,1.0,0.0,0.0,0.0,0.0,1.0,2.6294,1.0,0.0,0.0,0.0,0.0,1.0,2.4298,1.0,55-60,55-60
ADANIPORTS.NS|2026-07-07|ensemble_lr0.20_rf0.30_xgb0.50,ADANIPORTS.NS,2026-07-07,ensemble_lr0.20_rf0.30_xgb0.50,2025-07-08,2026-07-07,2026-07-06,2025-08-04,2026-07-06,2026-07-07,225,2026-07-07,False,0,0.5555555555555556,0.3460710292078976,0.28,0.22555696964263916,0.2659926906628991,0,73.4,0.2659926906628991,0,73.4,HOLD,0.5507,0.1014,Sideways,0.835,0.0,unavailable_no_point_in_time_source,True,1833.9,1833.9000244140625,2026-07-08,1791.699951171875,-2.3011,0,2026-07-10,1828.0999755859375,-0.3163,0.0,2026-07-14,1821.9000244140625,-0.6543,0.0,2026-07-21,1846.5,0.6871,1.0,0,1,1,1,1,1,-2.3011,1,1.0,1.0,1.0,1.0,1.0,-0.3163,1.0,1.0,1.0,1.0,1.0,1.0,-0.6543,1.0,0.0,0.0,0.0,0.0,1.0,0.6871,1.0,70-75,70-75
AETHER.NS|2026-07-07|ensemble_lr0.20_rf0.30_xgb0.50,AETHER.NS,2026-07-07,ensemble_lr0.20_rf0.30_xgb0.50,2025-07-08,2026-07-07,2026-07-06,2025-08-04,2026-07-06,2026-07-07,225,2026-07-07,False,0,0.5111111111111111,0.4740924519973736,0.38,0.2300129234790802,0.3238249521390148,0,67.62,0.3238249521390148,0,67.62,BUY,0.6228,0.2457,High Volatility,1.0,0.0,unavailable_no_point_in_time_source,False,1330.0,1330.0,2026-07-08,1413.4000244140625,6.2707,1,2026-07-10,1500.800048828125,12.8421,1.0,2026-07-14,1439.9000244140625,8.2632,1.0,2026-07-21,1449.699951171875,9.0,1.0,0,0,0,0,0,1,6.2707,1,0.0,0.0,0.0,0.0,1.0,12.8421,1.0,0.0,0.0,0.0,0.0,1.0,8.2632,1.0,0.0,0.0,0.0,0.0,1.0,9.0,1.0,65-70,65-70
AIAENG.NS|2026-07-07|ensemble_lr0.20_rf0.30_xgb0.50,AIAENG.NS,2026-07-07,ensemble_lr0.20_rf0.30_xgb0.50,2025-07-08,2026-07-07,2026-07-06,2025-08-04,2026-07-06,2026-07-07,225,2026-07-07,False,1,0.49629629629629624,0.2726542279910677,0.58,0.693058431148529,0.5750600611724781,1,57.51,0.5750600611724781,1,57.51,BUY,0.6191,0.2383,High Volatility,0.5,0.0,unavailable_no_point_in_time_source,False,4738.69,4738.68701171875,2026-07-08,4649.5224609375,-1.8816,0,2026-07-10,4665.96044921875,-1.5347,0.0,2026-07-14,4742.173828125,0.0736,1.0,2026-07-21,4663.9677734375,-1.5768,0.0,0,0,0,0,1,0,-1.8817,0,0.0,0.0,0.0,1.0,0.0,-1.5348,0.0,1.0,1.0,1.0,0.0,1.0,0.0735,1.0,0.0,0.0,0.0,1.0,0.0,-1.5769,0.0,55-60,55-60
AJANTPHARM.NS|2026-07-07|ensemble_lr0.20_rf0.30_xgb0.50,AJANTPHARM.NS,2026-07-07,ensemble_lr0.20_rf0.30_xgb0.50,2025-07-08,2026-07-07,2026-07-06,2025-08-04,2026-07-06,2026-07-07,225,2026-07-07,False,0,0.6222222222222222,0.16026144214507515,0.36,0.1609395146369934,0.22052204574751172,0,77.95,0.22052204574751172,0,77.95,BUY,0.5838,0.1677,High Volatility,0.835,0.0,unavailable_no_point_in_time_source,False,3284.41,3284.411865234375,2026-07-08,3249.035888671875,-1.0771,0,2026-07-10,3318.202392578125,1.0288,1.0,2026-07-14,3377.85595703125,2.8451,1.0,2026-07-21,3542.844482421875,7.8685,1.0,0,1,1,1,1,0,-1.077,0,0.0,0.0,0.0,0.0,1.0,1.0289,1.0,0.0,0.0,0.0,0.0,1.0,2.8451,1.0,0.0,0.0,0.0,0.0,1.0,7.8685,1.0,75-80,75-80
ALEMBICLTD.NS|2026-07-07|ensemble_lr0.20_rf0.30_xgb0.50,ALEMBICLTD.NS,2026-07-07,ensemble_lr0.20_rf0.30_xgb0.50,2025-07-08,2026-07-07,2026-07-06,2025-08-04,2026-07-06,2026-07-07,225,2026-07-07,False,0,0.5407407407407406,0.35658205742159615,0.56,0.4303281903266907,0.4544805066476646,0,54.55,0.4544805066476646,0,54.55,HOLD,0.5498,0.0996,Bullish,0.335,0.0,unavailable_no_point_in_time_source,False,88.41,88.41304016113281,2026-07-08,85.56948852539062,-3.2162,0,2026-07-10,87.61450958251953,-0.9032,0.0,2026-07-14,86.64068603515625,-2.0046,0.0,2026-07-21,88.00403594970703,-0.4626,0.0,0,1,1,1,1,0,-3.2129,0,1.0,1.0,1.0,1.0,1.0,-0.8998,1.0,1.0,1.0,1.0,1.0,1.0,-2.0013,1.0,1.0,1.0,1.0,1.0,1.0,-0.4592,1.0,50-55,50-55
ALKEM.NS|2026-07-07|ensemble_lr0.20_rf0.30_xgb0.50,ALKEM.NS,2026-07-07,ensemble_lr0.20_rf0.30_xgb0.50,2025-07-08,2026-07-07,2026-07-06,2025-08-04,2026-07-06,2026-07-07,225,2026-07-07,False,1,0.45925925925925926,0.20907556134271124,0.42,0.30164316296577454,0.31863669375142956,0,68.14,0.31863669375142956,0,68.14,BUY,0.5947,0.1893,Bullish,0.5,0.0,unavailable_no_point_in_time_source,False,5657.38,5657.375,2026-07-08,5595.98486328125,-1.0851,0,2026-07-10,5659.37109375,0.0353,1.0,2026-07-14,5591.49267578125,-1.1645,0.0,2026-07-21,5671.349609375,0.247,1.0,1,1,1,0,0,0,-1.0852,0,0.0,0.0,1.0,1.0,1.0,0.0352,1.0,1.0,1.0,0.0,0.0,0.0,-1.1646,0.0,0.0,0.0,1.0,1.0,1.0,0.2469,1.0,65-70,65-70
AMBER.NS|2026-07-07|ensemble_lr0.20_rf0.30_xgb0.50,AMBER.NS,2026-07-07,ensemble_lr0.20_rf0.30_xgb0.50,2025-07-08,2026-07-07,2026-07-06,2025-08-04,2026-07-06,2026-07-07,225,2026-07-07,False,0,0.5037037037037037,0.6392147122070041,0.78,0.5150861740112305,0.619386029447016,1,61.94,0.619386029447016,1,61.94,HOLD,0.5256,0.0511,High Volatility,-0.165,0.0,unavailable_no_point_in_time_source,False,7625.0,7625.0,2026-07-08,7424.0,-2.6361,0,2026-07-10,7779.0,2.0197,1.0,2026-07-14,7786.5,2.118,1.0,2026-07-21,7622.0,-0.0393,0.0,1,0,0,1,0,1,-2.6361,1,1.0,1.0,0.0,1.0,1.0,2.0197,1.0,1.0,1.0,0.0,1.0,1.0,2.118,1.0,0.0,0.0,1.0,0.0,1.0,-0.0393,1.0,60-65,60-65
ANGELONE.NS|2026-07-07|ensemble_lr0.20_rf0.30_xgb0.50,ANGELONE.NS,2026-07-07,ensemble_lr0.20_rf0.30_xgb0.50,2025-07-08,2026-07-07,2026-07-06,2025-08-04,2026-07-06,2026-07-07,225,2026-07-07,False,0,0.48888888888888893,0.17186916233438496,0.2,0.05837605148553848,0.12356185820964624,0,87.64,0.12356185820964624,0,87.64,HOLD,0.4707,-0.0586,High Volatility,0.335,0.0,unavailable_no_point_in_time_source,True,334.76,334.7646789550781,2026-07-08,330.17889404296875,-1.3699,0,2026-07-10,344.9830627441406,3.0524,1.0,2026-07-14,332.5216064453125,-0.67,0.0,2026-07-21,321.8999938964844,-3.8429,0.0,0,1,1,1,1,1,-1.3685,1,0.0,0.0,0.0,0.0,0.0,3.0538,0.0,1.0,1.0,1.0,1.0,1.0,-0.6687,1.0,1.0,1.0,1.0,1.0,0.0,-3.8416,0.0,85-90,85-90
APARINDS.NS|2026-07-07|ensemble_lr0.20_rf0.30_xgb0.50,APARINDS.NS,2026-07-07,ensemble_lr0.20_rf0.30_xgb0.50,2025-07-08,2026-07-07,2026-07-06,2025-08-04,2026-07-06,2026-07-07,225,2026-07-07,False,1,0.48148148148148145,0.6196821965019327,0.5,0.549345850944519,0.548609364772646,1,54.86,0.548609364772646,1,54.86,BUY,0.6092,0.2184,High Volatility,0.5,0.0,unavailable_no_point_in_time_source,False,14105.03,14105.0302734375,2026-07-08,13396.490234375,-5.0233,0,2026-07-10,14009.3623046875,-0.6783,0.0,2026-07-14,13547.9638671875,-3.9494,0.0,2026-07-21,13793.1123046875,-2.2114,0.0,0,0,0,0,1,0,-5.0233,0,0.0,0.0,0.0,1.0,0.0,-0.6783,0.0,0.0,0.0,0.0,1.0,0.0,-3.9494,0.0,0.0,0.0,0.0,1.0,0.0,-2.2114,0.0,50-55,50-55
APOLLOHOSP.NS|2026-07-07|ensemble_lr0.20_rf0.30_xgb0.50,APOLLOHOSP.NS,2026-07-07,ensemble_lr0.20_rf0.30_xgb0.50,2025-07-08,2026-07-07,2026-07-06,2025-08-04,2026-07-06,2026-07-07,225,2026-07-07,False,0,0.4222222222222222,0.5130345550743185,0.36,0.5465782284736633,0.4838960252516954,0,51.61,0.4838960252516954,0,51.61,BUY,0.6007,0.2014,Bullish,1.0,0.0,unavailable_no_point_in_time_source,False,8826.72,8826.724609375,2026-07-08,8743.3212890625,-0.9449,0,2026-07-10,8830.7197265625,0.0453,1.0,2026-07-14,8890.150390625,0.7186,1.0,2026-07-21,8916.1201171875,1.0128,1.0,0,1,1,1,1,0,-0.9448,0,0.0,0.0,0.0,0.0,1.0,0.0453,1.0,0.0,0.0,0.0,0.0,1.0,0.7186,1.0,0.0,0.0,0.0,0.0,1.0,1.0128,1.0,50-55,50-55
APOLLOTYRE.NS|2026-07-07|ensemble_lr0.20_rf0.30_xgb0.50,APOLLOTYRE.NS,2026-07-07,ensemble_lr0.20_rf0.30_xgb0.50,2025-07-08,2026-07-07,2026-07-06,2025-08-04,2026-07-06,2026-07-07,225,2026-07-07,False,0,0.5185185185185185,0.30905178812632716,0.22,0.32068243622779846,0.28815157573916467,0,71.18,0.28815157573916467,0,71.18,BUY,0.6213,0.2427,Bullish,0.5,0.0,unavailable_no_point_in_time_source,True,451.77,451.76641845703125,2026-07-08,437.0505676269531,-3.2574,0,2026-07-10,440.1000061035156,-2.5824,0.0,2026-07-14,425.8500061035156,-5.7367,0.0,2026-07-21,428.5,-5.1501,0.0,0,1,1,1,1,0,-3.2582,0,1.0,1.0,1.0,1.0,0.0,-2.5832,0.0,1.0,1.0,1.0,1.0,0.0,-5.7374,0.0,1.0,1.0,1.0,1.0,0.0,-5.1509,0.0,70-75,70-75
ASHOKLEY.NS|2026-07-07|ensemble_lr0.20_rf0.30_xgb0.50,ASHOKLEY.NS,2026-07-07,ensemble_lr0.20_rf0.30_xgb0.50,2025-07-08,2026-07-07,2026-07-06,2025-08-04,2026-07-06,2026-07-07,225,2026-07-07,False,1,0.48148148148148145,0.43087315702632084,0.48,0.2935848534107208,0.3769670581106246,0,62.3,0.3769670581106246,0,62.3,HOLD,0.5493,0.0986,Sideways,0.165,0.0,unavailable_no_point_in_time_source,True,164.16,164.16000366210938,2026-07-08,156.22000122070312,-4.8367,0,2026-07-10,157.49000549316406,-4.0631,0.0,2026-07-14,155.19000244140625,-5.4642,0.0,2026-07-21,153.94000244140625,-6.2256,0.0,0,1,1,0,1,0,-4.8367,0,1.0,1.0,0.0,1.0,0.0,-4.0631,0.0,1.0,1.0,0.0,1.0,0.0,-5.4642,0.0,1.0,1.0,0.0,1.0,0.0,-6.2256,0.0,60-65,60-65
ASIANPAINT.NS|2026-07-07|ensemble_lr0.20_rf0.30_xgb0.50,ASIANPAINT.NS,2026-07-07,ensemble_lr0.20_rf0.30_xgb0.50,2025-07-08,2026-07-07,2026-07-06,2025-08-04,2026-07-06,2026-07-07,225,2026-07-07,False,1,0.5333333333333333,0.4724978490757409,0.46,0.40493243932724,0.4349657894787682,0,56.5,0.4349657894787682,0,56.5,BUY,0.6114,0.2227,Bullish,0.835,0.0,unavailable_no_point_in_time_source,True,2731.4,2731.39990234375,2026-07-08,2665.89990234375,-2.398,0,2026-07-10,2677.800048828125,-1.9624,0.0,2026-07-14,2641.0,-3.3097,0.0,2026-07-21,2692.39990234375,-1.4278,0.0,0,1,1,0,1,0,-2.398,0,1.0,1.0,0.0,1.0,0.0,-1.9624,0.0,1.0,1.0,0.0,1.0,0.0,-3.3097,0.0,1.0,1.0,0.0,1.0,0.0,-1.4278,0.0,55-60,55-60
ASTRAL.NS|2026-07-07|ensemble_lr0.20_rf0.30_xgb0.50,ASTRAL.NS,2026-07-07,ensemble_lr0.20_rf0.30_xgb0.50,2025-07-08,2026-07-07,2026-07-06,2025-08-04,2026-07-06,2026-07-07,225,2026-07-07,False,0,0.6,0.834341354201868,0.66,0.84355229139328,0.7866444165370137,1,78.66,0.7866444165370137,1,78.66,HOLD,0.4437,-0.1127,High Volatility,-0.835,0.0,unavailable_no_point_in_time_source,True,1357.37,1357.3651123046875,2026-07-08,1333.9019775390625,-1.7286,0,2026-07-10,1331.70556640625,-1.8904,0.0,2026-07-14,1356.36669921875,-0.0736,0.0,2026-07-21,1412.8778076171875,4.0897,1.0,0,0,0,1,1,1,-1.7289,1,0.0,0.0,1.0,1.0,1.0,-1.8907,1.0,0.0,0.0,1.0,1.0,1.0,-0.0739,1.0,1.0,1.0,0.0,0.0,0.0,4.0894,0.0,75-80,75-80
AUBANK.NS|2026-07-07|ensemble_lr0.20_rf0.30_xgb0.50,AUBANK.NS,2026-07-07,ensemble_lr0.20_rf0.30_xgb0.50,2025-07-08,2026-07-07,2026-07-06,2025-08-04,2026-07-06,2026-07-07,225,2026-07-07,False,1,0.4740740740740741,0.46770582667791866,0.74,0.4946364164352417,0.5628593735532046,1,56.29,0.5628593735532046,1,56.29,STRONG BUY,0.7535,0.5069,Bullish,1.0,0.0,unavailable_no_point_in_time_source,True,1065.86,1065.864990234375,2026-07-08,1037.792236328125,-2.6338,0,2026-07-10,1071.059814453125,0.4874,1.0,2026-07-14,1037.292724609375,-2.6807,0.0,2026-07-21,1002.3265991210938,-5.9612,0.0,1,0,0,0,0,0,-2.6333,0,1.0,1.0,1.0,1.0,1.0,0.4879,1.0,0.0,0.0,0.0,0.0,0.0,-2.6802,0.0,0.0,0.0,0.0,0.0,0.0,-5.9608,0.0,55-60,55-60
AXISBANK.NS|2026-07-07|ensemble_lr0.20_rf0.30_xgb0.50,AXISBANK.NS,2026-07-07,ensemble_lr0.20_rf0.30_xgb0.50,2025-07-08,2026-07-07,2026-07-06,2025-08-04,2026-07-06,2026-07-07,225,2026-07-07,False,1,0.5259259259259259,0.47217589799972903,0.44,0.4266289174556732,0.4397496383277824,0,56.03,0.4397496383277824,0,56.03,HOLD,0.4818,-0.0365,Sideways,0.335,0.0,unavailable_no_point_in_time_source,True,1339.97,1339.966552734375,2026-07-08,1308.4908447265625,-2.349,0,2026-07-10,1323.699951171875,-1.214,0.0,2026-07-14,1317.5999755859375,-1.6692,0.0,2026-07-21,1258.199951171875,-6.1021,0.0,1,1,1,0,0,1,-2.3492,1,1.0,1.0,0.0,0.0,1.0,-1.2142,1.0,1.0,1.0,0.0,0.0,1.0,-1.6694,1.0,1.0,1.0,0.0,0.0,0.0,-6.1024,0.0,55-60,55-60
BAJAJ-AUTO.NS|2026-07-07|ensemble_lr0.20_rf0.30_xgb0.50,BAJAJ-AUTO.NS,2026-07-07,ensemble_lr0.20_rf0.30_xgb0.50,2025-07-08,2026-07-07,2026-07-06,2025-08-04,2026-07-06,2026-07-07,225,2026-07-07,False,1,0.5925925925925926,0.40777425199682454,0.56,0.6408787369728088,0.5699942188857694,1,57.0,0.5699942188857694,1,57.0,BUY,0.6298,0.2596,Sideways,0.165,0.0,unavailable_no_point_in_time_source,False,10109.5,10109.5,2026-07-08,10164.0,0.5391,1,2026-07-10,10156.0,0.46,1.0,2026-07-14,10166.0,0.5589,1.0,2026-07-21,10403.5,2.9082,1.0,1,1,1,1,1,1,0.5391,1,1.0,1.0,1.0,1.0,1.0,0.46,1.0,1.0,1.0,1.0,1.0,1.0,0.5589,1.0,1.0,1.0,1.0,1.0,1.0,2.9082,1.0,55-60,55-60
BAJAJFINSV.NS|2026-07-07|ensemble_lr0.20_rf0.30_xgb0.50,BAJAJFINSV.NS,2026-07-07,ensemble_lr0.20_rf0.30_xgb0.50,2025-07-08,2026-07-07,2026-07-06,2025-08-04,2026-07-06,2026-07-07,225,2026-07-07,False,0,0.45925925925925926,0.5258165525666115,0.44,0.28564590215682983,0.3799862615917372,0,62.0,0.3799862615917372,0,62.0,BUY,0.5972,0.1944,Bullish,0.335,0.0,unavailable_no_point_in_time_source,True,1885.3,1885.300048828125,2026-07-08,1854.9000244140625,-1.6125,0,2026-07-10,1916.0,1.6284,1.0,2026-07-14,1869.199951171875,-0.854,0.0,2026-07-21,1900.5999755859375,0.8115,1.0,1,1,1,1,0,0,-1.6125,0,0.0,0.0,0.0,1.0,1.0,1.6284,1.0,1.0,1.0,1.0,0.0,0.0,-0.854,0.0,0.0,0.0,0.0,1.0,1.0,0.8115,1.0,60-65,60-65
BAJFINANCE.NS|2026-07-07|ensemble_lr0.20_rf0.30_xgb0.50,BAJFINANCE.NS,2026-07-07,ensemble_lr0.20_rf0.30_xgb0.50,2025-07-08,2026-07-07,2026-07-06,2025-08-04,2026-07-06,2026-07-07,225,2026-07-07,False,1,0.4666666666666666,0.46446986445937954,0.26,0.6031027436256409,0.47244534470469635,0,52.76,0.47244534470469635,0,52.76,BUY,0.662,0.3241,Bullish,1.0,0.0,unavailable_no_point_in_time_source,False,1042.5,1042.5,2026-07-08,1010.4000244140625,-3.0791,0,2026-07-10,1020.5,-2.1103,0.0,2026-07-14,1006.5999755859375,-3.4436,0.0,2026-07-21,1069.199951171875,2.5611,1.0,1,1,1,0,0,0,-3.0791,0,1.0,1.0,0.0,0.0,0.0,-2.1103,0.0,1.0,1.0,0.0,0.0,0.0,-3.4436,0.0,0.0,0.0,1.0,1.0,1.0,2.5611,1.0,50-55,50-55
BEL.NS|2026-07-07|ensemble_lr0.20_rf0.30_xgb0.50,BEL.NS,2026-07-07,ensemble_lr0.20_rf0.30_xgb0.50,2025-07-08,2026-07-07,2026-07-06,2025-08-04,2026-07-06,2026-07-07,225,2026-07-07,False,0,0.47407407407407404,0.5630773417824695,0.44,0.6351233720779419,0.5621771543954648,1,56.22,0.5621771543954648,1,56.22,HOLD,0.5658,0.1316,Sideways,0.165,0.0,unavailable_no_point_in_time_source,True,418.58,418.5817565917969,2026-07-08,407.04742431640625,-2.7556,0,2026-07-10,414.28759765625,-1.0259,0.0,2026-07-14,409.5440368652344,-2.1591,0.0,2026-07-21,409.49407958984375,-2.1711,0.0,0,0,0,1,1,1,-2.7552,1,0.0,0.0,1.0,1.0,1.0,-1.0255,1.0,0.0,0.0,1.0,1.0,1.0,-2.1587,1.0,0.0,0.0,1.0,1.0,1.0,-2.1707,1.0,55-60,55-60
BPCL.NS|2026-07-07|ensemble_lr0.20_rf0.30_xgb0.50,BPCL.NS,2026-07-07,ensemble_lr0.20_rf0.30_xgb0.50,2025-07-08,2026-07-07,2026-07-06,2025-08-04,2026-07-06,2026-07-07,225,2026-07-07,False,0,0.5555555555555555,0.48839230184694793,0.22,0.3929814100265503,0.36016916538266475,0,63.98,0.36016916538266475,0,63.98,HOLD,0.5525,0.105,Sideways,0.165,0.0,unavailable_no_point_in_time_source,True,313.95,313.95001220703125,2026-07-08,303.54998779296875,-3.3126,0,2026-07-10,309.75,-1.3378,0.0,2026-07-14,305.3500061035156,-2.7393,0.0,2026-07-21,319.3500061035156,1.72,1.0,1,1,1,1,0,0,-3.3126,0,1.0,1.0,1.0,0.0,1.0,-1.3378,1.0,1.0,1.0,1.0,0.0,1.0,-2.7393,1.0,0.0,0.0,0.0,1.0,1.0,1.72,1.0,60-65,60-65
AARTIIND.NS|2026-07-14|ensemble_lr0.20_rf0.30_xgb0.50,AARTIIND.NS,2026-07-14,ensemble_lr0.20_rf0.30_xgb0.50,2025-07-15,2026-07-14,2026-07-13,2025-08-11,2026-07-13,2026-07-14,225,2026-07-14,False,0,0.5333333333333333,0.3494249470500785,0.34,0.31053659319877625,0.32715328600940385,0,67.28,0.32715328600940385,0,67.28,HOLD,0.5355,0.0709,High Volatility,0.67,0.0,unavailable_no_point_in_time_source,True,482.09,482.0916442871094,2026-07-15,499.7066650390625,3.6539,1,2026-07-17,492.97003173828125,2.2565,1.0,2026-07-21,498.509033203125,3.4054,1.0,2026-07-28,475.8041687011719,-1.3042,0.0,0,0,0,0,0,0,3.6542,0,0.0,0.0,0.0,0.0,1.0,2.2568,1.0,0.0,0.0,0.0,0.0,0.0,3.4058,0.0,1.0,1.0,1.0,1.0,1.0,-1.3039,1.0,65-70,65-70
AAVAS.NS|2026-07-14|ensemble_lr0.20_rf0.30_xgb0.50,AAVAS.NS,2026-07-14,ensemble_lr0.20_rf0.30_xgb0.50,2025-07-15,2026-07-14,2026-07-13,2025-08-11,2026-07-13,2026-07-14,225,2026-07-14,False,0,0.5629629629629629,0.2287143043633018,0.26,0.1308947652578354,0.18919024350157806,0,81.08,0.18919024350157806,0,81.08,HOLD,0.4616,-0.0768,Sideways,0.0,0.0,unavailable_no_point_in_time_source,False,1447.5,1447.5,2026-07-15,1500.9000244140625,3.6891,1,2026-07-17,1481.4000244140625,2.342,1.0,2026-07-21,1521.699951171875,5.1261,1.0,2026-07-28,1376.0999755859375,-4.9326,0.0,0,0,0,0,0,0,3.6891,0,0.0,0.0,0.0,0.0,1.0,2.342,1.0,0.0,0.0,0.0,0.0,0.0,5.1261,0.0,1.0,1.0,1.0,1.0,0.0,-4.9326,0.0,80-85,80-85
ABCAPITAL.NS|2026-07-14|ensemble_lr0.20_rf0.30_xgb0.50,ABCAPITAL.NS,2026-07-14,ensemble_lr0.20_rf0.30_xgb0.50,2025-07-15,2026-07-14,2026-07-13,2025-08-11,2026-07-13,2026-07-14,225,2026-07-14,False,1,0.5555555555555555,0.45945114685476446,0.7,0.5492980480194092,0.5765392533806575,1,57.65,0.5765392533806575,1,57.65,BUY,0.6877,0.3754,Bullish,0.5,0.0,unavailable_no_point_in_time_source,True,399.25,399.25,2026-07-15,404.29998779296875,1.2649,1,2026-07-17,401.54998779296875,0.5761,1.0,2026-07-21,409.04998779296875,2.4546,1.0,2026-07-28,391.3500061035156,-1.9787,0.0,0,1,1,1,0,1,1.2649,1,1.0,1.0,1.0,0.0,1.0,0.5761,1.0,1.0,1.0,1.0,0.0,1.0,2.4546,1.0,0.0,0.0,0.0,1.0,0.0,-1.9787,0.0,55-60,55-60
ABFRL.NS|2026-07-14|ensemble_lr0.20_rf0.30_xgb0.50,ABFRL.NS,2026-07-14,ensemble_lr0.20_rf0.30_xgb0.50,2025-07-15,2026-07-14,2026-07-13,2025-08-11,2026-07-13,2026-07-14,225,2026-07-14,False,0,0.47407407407407404,0.5428540205580784,0.74,0.7104408740997314,0.6857912411614814,1,68.58,0.6857912411614814,1,68.58,HOLD,0.5191,0.0383,High Volatility,-0.165,0.0,unavailable_no_point_in_time_source,True,58.93,58.93000030517578,2026-07-15,59.2599983215332,0.56,1,2026-07-17,57.849998474121094,-1.8327,0.0,2026-07-21,57.40999984741211,-2.5793,0.0,2026-07-28,56.70000076293945,-3.7841,0.0,0,1,1,0,0,1,0.56,1,0.0,0.0,1.0,1.0,1.0,-1.8327,1.0,0.0,0.0,1.0,1.0,1.0,-2.5793,1.0,0.0,0.0,1.0,1.0,0.0,-3.7841,0.0,65-70,65-70
ACC.NS|2026-07-14|ensemble_lr0.20_rf0.30_xgb0.50,ACC.NS,2026-07-14,ensemble_lr0.20_rf0.30_xgb0.50,2025-07-15,2026-07-14,2026-07-13,2025-08-11,2026-07-13,2026-07-14,225,2026-07-14,False,0,0.562962962962963,0.4163516409872958,0.22,0.21362118422985077,0.25608092031238455,0,74.39,0.25608092031238455,0,74.39,HOLD,0.4377,-0.1246,Sideways,0.0,0.0,unavailable_no_point_in_time_source,False,1361.9,1361.9000244140625,2026-07-15,1383.199951171875,1.564,1,2026-07-17,1377.699951171875,1.1601,1.0,2026-07-21,1387.800048828125,1.9018,1.0,2026-07-28,1341.800048828125,-1.4759,0.0,0,0,0,0,0,1,1.564,1,0.0,0.0,0.0,0.0,1.0,1.1601,1.0,0.0,0.0,0.0,0.0,1.0,1.9018,1.0,1.0,1.0,1.0,1.0,1.0,-1.4759,1.0,70-75,70-75
ADANIENT.NS|2026-07-14|ensemble_lr0.20_rf0.30_xgb0.50,ADANIENT.NS,2026-07-14,ensemble_lr0.20_rf0.30_xgb0.50,2025-07-15,2026-07-14,2026-07-13,2025-08-11,2026-07-13,2026-07-14,225,2026-07-14,False,0,0.35555555555555557,0.5372593238746237,0.72,0.7337666153907776,0.6903351724703135,1,69.03,0.6903351724703135,1,69.03,BUY,0.7153,0.4306,Bullish,0.665,0.0,unavailable_no_point_in_time_source,False,3188.9,3188.89990234375,2026-07-15,3150.60009765625,-1.201,0,2026-07-17,3160.699951171875,-0.8843,0.0,2026-07-21,3182.699951171875,-0.1944,0.0,2026-07-28,3002.300048828125,-5.8515,0.0,1,0,0,1,0,0,-1.201,0,0.0,0.0,1.0,0.0,0.0,-0.8843,0.0,0.0,0.0,1.0,0.0,0.0,-0.1944,0.0,0.0,0.0,1.0,0.0,0.0,-5.8515,0.0,65-70,65-70
ADANIPORTS.NS|2026-07-14|ensemble_lr0.20_rf0.30_xgb0.50,ADANIPORTS.NS,2026-07-14,ensemble_lr0.20_rf0.30_xgb0.50,2025-07-15,2026-07-14,2026-07-13,2025-08-11,2026-07-13,2026-07-14,225,2026-07-14,False,0,0.5703703703703703,0.2694302522211501,0.36,0.3870908319950104,0.3554314664417352,0,64.46,0.3554314664417352,0,64.46,HOLD,0.5062,0.0124,Sideways,0.5,0.0,unavailable_no_point_in_time_source,True,1821.9,1821.9000244140625,2026-07-15,1829.0999755859375,0.3952,1,2026-07-17,1837.4000244140625,0.8508,1.0,2026-07-21,1846.5,1.3502,1.0,2026-07-28,1774.699951171875,-2.5907,0.0,1,0,0,0,1,1,0.3952,1,0.0,0.0,0.0,1.0,1.0,0.8508,1.0,0.0,0.0,0.0,1.0,1.0,1.3502,1.0,1.0,1.0,1.0,0.0,1.0,-2.5907,1.0,60-65,60-65
AETHER.NS|2026-07-14|ensemble_lr0.20_rf0.30_xgb0.50,AETHER.NS,2026-07-14,ensemble_lr0.20_rf0.30_xgb0.50,2025-07-15,2026-07-14,2026-07-13,2025-08-11,2026-07-13,2026-07-14,225,2026-07-14,False,1,0.45925925925925926,0.24343876243001278,0.54,0.3331737816333771,0.3772746433026911,0,62.27,0.3772746433026911,0,62.27,BUY,0.6397,0.2794,High Volatility,1.0,0.0,unavailable_no_point_in_time_source,True,1439.9,1439.9000244140625,2026-07-15,1477.199951171875,2.5905,1,2026-07-17,1475.300048828125,2.4585,1.0,2026-07-21,1449.699951171875,0.6806,1.0,2026-07-28,1464.699951171875,1.7223,1.0,0,0,0,1,0,1,2.5905,1,0.0,0.0,1.0,0.0,1.0,2.4585,1.0,0.0,0.0,1.0,0.0,1.0,0.6806,1.0,0.0,0.0,1.0,0.0,1.0,1.7223,1.0,60-65,60-65
AIAENG.NS|2026-07-14|ensemble_lr0.20_rf0.30_xgb0.50,AIAENG.NS,2026-07-14,ensemble_lr0.20_rf0.30_xgb0.50,2025-07-15,2026-07-14,2026-07-13,2025-08-11,2026-07-13,2026-07-14,225,2026-07-14,False,1,0.5185185185185186,0.34750618469380384,0.58,0.48417362570762634,0.4855880497925739,0,51.44,0.4855880497925739,0,51.44,HOLD,0.511,0.022,High Volatility,0.5,0.0,unavailable_no_point_in_time_source,False,4742.17,4742.173828125,2026-07-15,4810.41748046875,1.4391,1,2026-07-17,4630.09521484375,-2.3634,0.0,2026-07-21,4663.9677734375,-1.6492,0.0,2026-07-28,4585.76171875,-3.2983,0.0,1,0,0,1,1,1,1.4392,1,1.0,1.0,0.0,0.0,1.0,-2.3634,1.0,1.0,1.0,0.0,0.0,1.0,-1.6491,1.0,1.0,1.0,0.0,0.0,0.0,-3.2982,0.0,50-55,50-55
AJANTPHARM.NS|2026-07-14|ensemble_lr0.20_rf0.30_xgb0.50,AJANTPHARM.NS,2026-07-14,ensemble_lr0.20_rf0.30_xgb0.50,2025-07-15,2026-07-14,2026-07-13,2025-08-11,2026-07-13,2026-07-14,225,2026-07-14,False,0,0.5629629629629629,0.4045871598483665,0.56,0.6090598702430725,0.5534473670912096,1,55.34,0.5534473670912096,1,55.34,STRONG BUY,0.7359,0.4717,High Volatility,1.0,0.0,unavailable_no_point_in_time_source,False,3377.86,3377.85595703125,2026-07-15,3422.84375,1.3318,1,2026-07-17,3388.359619140625,0.311,1.0,2026-07-21,3542.844482421875,4.8844,1.0,2026-07-28,3312.05859375,-1.9479,0.0,0,1,1,0,0,1,1.3317,1,1.0,1.0,0.0,0.0,1.0,0.3108,1.0,1.0,1.0,0.0,0.0,1.0,4.8843,1.0,0.0,0.0,1.0,1.0,0.0,-1.948,0.0,55-60,55-60
ALEMBICLTD.NS|2026-07-14|ensemble_lr0.20_rf0.30_xgb0.50,ALEMBICLTD.NS,2026-07-14,ensemble_lr0.20_rf0.30_xgb0.50,2025-07-15,2026-07-14,2026-07-13,2025-08-11,2026-07-13,2026-07-14,225,2026-07-14,False,0,0.4666666666666666,0.4555406345821966,0.38,0.49421653151512146,0.45221639267400005,0,54.78,0.45221639267400005,0,54.78,HOLD,0.4585,-0.0831,Sideways,-0.165,0.0,unavailable_no_point_in_time_source,False,86.64,86.64068603515625,2026-07-15,87.13733673095703,0.5732,1,2026-07-17,86.10508728027344,-0.6182,0.0,2026-07-21,88.00403594970703,1.5736,1.0,2026-07-28,86.89388275146484,0.2922,1.0,0,0,0,0,0,1,0.574,1,1.0,1.0,1.0,1.0,1.0,-0.6174,1.0,0.0,0.0,0.0,0.0,1.0,1.5744,1.0,0.0,0.0,0.0,0.0,1.0,0.293,1.0,50-55,50-55
ALKEM.NS|2026-07-14|ensemble_lr0.20_rf0.30_xgb0.50,ALKEM.NS,2026-07-14,ensemble_lr0.20_rf0.30_xgb0.50,2025-07-15,2026-07-14,2026-07-13,2025-08-11,2026-07-13,2026-07-14,225,2026-07-14,False,1,0.4962962962962963,0.5214799909201059,0.52,0.3558139204978943,0.4382029584329683,0,56.18,0.4382029584329683,0,56.18,BUY,0.6163,0.2327,Bullish,0.5,0.0,unavailable_no_point_in_time_source,False,5591.49,5591.49267578125,2026-07-15,5648.89013671875,1.0265,1,2026-07-17,5553.0615234375,-0.6873,0.0,2026-07-21,5671.349609375,1.4282,1.0,2026-07-28,5641.4033203125,0.8926,1.0,1,0,0,1,1,1,1.0266,1,1.0,1.0,0.0,0.0,0.0,-0.6873,0.0,0.0,0.0,1.0,1.0,1.0,1.4282,1.0,0.0,0.0,1.0,1.0,1.0,0.8927,1.0,55-60,55-60
AMBER.NS|2026-07-14|ensemble_lr0.20_rf0.30_xgb0.50,AMBER.NS,2026-07-14,ensemble_lr0.20_rf0.30_xgb0.50,2025-07-15,2026-07-14,2026-07-13,2025-08-11,2026-07-13,2026-07-14,225,2026-07-14,False,1,0.4888888888888889,0.5704574746313494,0.4,0.562674880027771,0.5154289349401554,1,51.54,0.5154289349401554,1,51.54,BUY,0.6142,0.2283,High Volatility,0.165,0.0,unavailable_no_point_in_time_source,False,7786.5,7786.5,2026-07-15,7850.5,0.8219,1,2026-07-17,7804.5,0.2312,1.0,2026-07-21,7622.0,-2.1126,0.0,2026-07-28,7209.0,-7.4167,0.0,1,1,1,1,1,1,0.8219,1,1.0,1.0,1.0,1.0,1.0,0.2312,1.0,0.0,0.0,0.0,0.0,0.0,-2.1126,0.0,0.0,0.0,0.0,0.0,0.0,-7.4167,0.0,50-55,50-55
ANGELONE.NS|2026-07-14|ensemble_lr0.20_rf0.30_xgb0.50,ANGELONE.NS,2026-07-14,ensemble_lr0.20_rf0.30_xgb0.50,2025-07-15,2026-07-14,2026-07-13,2025-08-11,2026-07-13,2026-07-14,225,2026-07-14,False,0,0.4962962962962963,0.14650510369511274,0.44,0.35533204674720764,0.33896704411262635,0,66.1,0.33896704411262635,0,66.1,HOLD,0.4782,-0.0435,High Volatility,0.335,0.0,unavailable_no_point_in_time_source,True,332.52,332.5216064453125,2026-07-15,342.34124755859375,2.9531,1,2026-07-17,327.9358215332031,-1.3791,0.0,2026-07-21,321.8999938964844,-3.1943,0.0,2026-07-28,302.6000061035156,-8.9984,0.0,0,0,0,0,0,1,2.9536,1,1.0,1.0,1.0,1.0,1.0,-1.3786,1.0,1.0,1.0,1.0,1.0,0.0,-3.1938,0.0,1.0,1.0,1.0,1.0,0.0,-8.998,0.0,65-70,65-70
APARINDS.NS|2026-07-14|ensemble_lr0.20_rf0.30_xgb0.50,APARINDS.NS,2026-07-14,ensemble_lr0.20_rf0.30_xgb0.50,2025-07-15,2026-07-14,2026-07-13,2025-08-11,2026-07-13,2026-07-14,225,2026-07-14,False,1,0.47407407407407404,0.7099114006767119,0.26,0.376458078622818,0.4082113194467514,0,59.18,0.4082113194467514,0,59.18,HOLD,0.4532,-0.0937,High Volatility,0.335,0.0,unavailable_no_point_in_time_source,False,13547.96,13547.9638671875,2026-07-15,14087.091796875,3.9794,1,2026-07-17,13788.1298828125,1.7727,1.0,2026-07-21,13793.1123046875,1.8095,1.0,2026-07-28,13433.361328125,-0.8459,0.0,0,0,0,1,0,0,3.9794,0,0.0,0.0,1.0,0.0,1.0,1.7727,1.0,0.0,0.0,1.0,0.0,1.0,1.8095,1.0,1.0,1.0,0.0,1.0,1.0,-0.8459,1.0,55-60,55-60
APOLLOHOSP.NS|2026-07-14|ensemble_lr0.20_rf0.30_xgb0.50,APOLLOHOSP.NS,2026-07-14,ensemble_lr0.20_rf0.30_xgb0.50,2025-07-15,2026-07-14,2026-07-13,2025-08-11,2026-07-13,2026-07-14,225,2026-07-14,False,0,0.4518518518518519,0.33292333096519694,0.42,0.42195695638656616,0.40356314438632246,0,59.64,0.40356314438632246,0,59.64,BUY,0.583,0.166,Bullish,0.665,0.0,unavailable_no_point_in_time_source,False,8890.15,8890.150390625,2026-07-15,8923.6123046875,0.3764,1,2026-07-17,8815.7373046875,-0.837,0.0,2026-07-21,8916.1201171875,0.2921,1.0,2026-07-28,8892.6474609375,0.0281,1.0,1,0,0,0,1,1,0.3764,1,1.0,1.0,1.0,0.0,0.0,-0.837,0.0,0.0,0.0,0.0,1.0,1.0,0.2921,1.0,0.0,0.0,0.0,1.0,1.0,0.0281,1.0,55-60,55-60
APOLLOTYRE.NS|2026-07-14|ensemble_lr0.20_rf0.30_xgb0.50,APOLLOTYRE.NS,2026-07-14,ensemble_lr0.20_rf0.30_xgb0.50,2025-07-15,2026-07-14,2026-07-13,2025-08-11,2026-07-13,2026-07-14,225,2026-07-14,False,0,0.5185185185185185,0.794752832179036,0.56,0.4908871650695801,0.5723941489705973,1,57.24,0.5723941489705973,1,57.24,HOLD,0.5563,0.1126,Sideways,0.0,0.0,unavailable_no_point_in_time_source,True,425.85,425.8500061035156,2026-07-15,427.0,0.27,1,2026-07-17,430.6499938964844,1.1272,1.0,2026-07-21,428.5,0.6223,1.0,2026-07-28,423.8500061035156,-0.4696,0.0,0,1,1,0,0,1,0.27,1,1.0,1.0,0.0,0.0,1.0,1.1272,1.0,1.0,1.0,0.0,0.0,1.0,0.6223,1.0,0.0,0.0,1.0,1.0,1.0,-0.4696,1.0,55-60,55-60
ASHOKLEY.NS|2026-07-14|ensemble_lr0.20_rf0.30_xgb0.50,ASHOKLEY.NS,2026-07-14,ensemble_lr0.20_rf0.30_xgb0.50,2025-07-15,2026-07-14,2026-07-13,2025-08-11,2026-07-13,2026-07-14,225,2026-07-14,False,1,0.5555555555555556,0.44170888659741514,0.7,0.7499521970748901,0.673317875856928,1,67.33,0.673317875856928,1,67.33,HOLD,0.5124,0.0249,High Volatility,-0.165,0.0,unavailable_no_point_in_time_source,True,155.19,155.19000244140625,2026-07-15,156.52000427246094,0.857,1,2026-07-17,155.22999572753906,0.0258,1.0,2026-07-21,153.94000244140625,-0.8055,0.0,2026-07-28,157.5,1.4885,1.0,0,1,1,1,0,1,0.857,1,1.0,1.0,1.0,0.0,1.0,0.0258,1.0,0.0,0.0,0.0,1.0,1.0,-0.8055,1.0,1.0,1.0,1.0,0.0,1.0,1.4885,1.0,65-70,65-70
ASIANPAINT.NS|2026-07-14|ensemble_lr0.20_rf0.30_xgb0.50,ASIANPAINT.NS,2026-07-14,ensemble_lr0.20_rf0.30_xgb0.50,2025-07-15,2026-07-14,2026-07-13,2025-08-11,2026-07-13,2026-07-14,225,2026-07-14,False,1,0.5111111111111111,0.3368249930096945,0.26,0.22670425474643707,0.25871712597515745,0,74.13,0.25871712597515745,0,74.13,HOLD,0.4654,-0.0691,Sideways,0.335,0.0,unavailable_no_point_in_time_source,True,2641.0,2641.0,2026-07-15,2670.0,1.0981,1,2026-07-17,2689.0,1.8175,1.0,2026-07-21,2692.39990234375,1.9462,1.0,2026-07-28,2736.199951171875,3.6047,1.0,0,0,0,1,0,1,1.0981,1,0.0,0.0,1.0,0.0,1.0,1.8175,1.0,0.0,0.0,1.0,0.0,1.0,1.9462,1.0,0.0,0.0,1.0,0.0,0.0,3.6047,0.0,70-75,70-75
ASTRAL.NS|2026-07-14|ensemble_lr0.20_rf0.30_xgb0.50,ASTRAL.NS,2026-07-14,ensemble_lr0.20_rf0.30_xgb0.50,2025-07-15,2026-07-14,2026-07-13,2025-08-11,2026-07-13,2026-07-14,225,2026-07-14,False,1,0.5555555555555556,0.4673108152019326,0.36,0.762906014919281,0.5829151705000271,1,58.29,0.5829151705000271,1,58.29,SELL,0.3639,-0.2722,Bearish,-1.0,0.0,unavailable_no_point_in_time_source,True,1356.37,1356.36669921875,2026-07-15,1357.6646728515625,0.0957,1,2026-07-17,1375.636474609375,1.4207,1.0,2026-07-21,1412.8778076171875,4.1664,1.0,2026-07-28,1469.0894775390625,8.3106,1.0,1,1,1,1,1,0,0.0955,0,1.0,1.0,1.0,1.0,0.0,1.4204,0.0,1.0,1.0,1.0,1.0,0.0,4.1661,0.0,1.0,1.0,1.0,1.0,0.0,8.3104,0.0,55-60,55-60
AUBANK.NS|2026-07-14|ensemble_lr0.20_rf0.30_xgb0.50,AUBANK.NS,2026-07-14,ensemble_lr0.20_rf0.30_xgb0.50,2025-07-15,2026-07-14,2026-07-13,2025-08-11,2026-07-13,2026-07-14,225,2026-07-14,False,1,0.5037037037037037,0.6976250471330228,0.58,0.5462609529495239,0.5866554859013665,1,58.67,0.5866554859013665,1,58.67,HOLD,0.5782,0.1563,Sideways,0.335,0.0,unavailable_no_point_in_time_source,True,1037.29,1037.292724609375,2026-07-15,1039.5904541015625,0.2215,1,2026-07-17,1029.200439453125,-0.7801,0.0,2026-07-21,1002.3265991210938,-3.3709,0.0,2026-07-28,1046.6834716796875,0.9053,1.0,0,1,1,1,0,1,0.2218,1,0.0,0.0,0.0,1.0,1.0,-0.7799,1.0,0.0,0.0,0.0,1.0,0.0,-3.3706,0.0,1.0,1.0,1.0,0.0,1.0,0.9056,1.0,55-60,55-60
AXISBANK.NS|2026-07-14|ensemble_lr0.20_rf0.30_xgb0.50,AXISBANK.NS,2026-07-14,ensemble_lr0.20_rf0.30_xgb0.50,2025-07-15,2026-07-14,2026-07-13,2025-08-11,2026-07-13,2026-07-14,225,2026-07-14,False,1,0.4962962962962963,0.4293002311984198,0.34,0.15415138006210327,0.26493573627073563,0,73.51,0.26493573627073563,0,73.51,HOLD,0.432,-0.136,Bearish,0.17,0.0,unavailable_no_point_in_time_source,True,1317.6,1317.5999755859375,2026-07-15,1312.300048828125,-0.4022,0,2026-07-17,1328.5,0.8273,1.0,2026-07-21,1258.199951171875,-4.5082,0.0,2026-07-28,1223.5,-7.1418,0.0,0,1,1,0,1,1,-0.4022,1,0.0,0.0,1.0,0.0,1.0,0.8273,1.0,1.0,1.0,0.0,1.0,0.0,-4.5082,0.0,1.0,1.0,0.0,1.0,0.0,-7.1418,0.0,70-75,70-75
BAJAJ-AUTO.NS|2026-07-14|ensemble_lr0.20_rf0.30_xgb0.50,BAJAJ-AUTO.NS,2026-07-14,ensemble_lr0.20_rf0.30_xgb0.50,2025-07-15,2026-07-14,2026-07-13,2025-08-11,2026-07-13,2026-07-14,225,2026-07-14,False,1,0.47407407407407404,0.1697349447243634,0.28,0.5171841382980347,0.37653905809389,0,62.35,0.37653905809389,0,62.35,HOLD,0.5118,0.0236,Sideways,0.165,0.0,unavailable_no_point_in_time_source,False,10166.0,10166.0,2026-07-15,10323.0,1.5444,1,2026-07-17,10443.0,2.7248,1.0,2026-07-21,10403.5,2.3362,1.0,2026-07-28,11374.0,11.8827,1.0,0,0,0,1,0,1,1.5444,1,0.0,0.0,1.0,0.0,1.0,2.7248,1.0,0.0,0.0,1.0,0.0,1.0,2.3362,1.0,0.0,0.0,1.0,0.0,0.0,11.8827,0.0,60-65,60-65
BAJAJFINSV.NS|2026-07-14|ensemble_lr0.20_rf0.30_xgb0.50,BAJAJFINSV.NS,2026-07-14,ensemble_lr0.20_rf0.30_xgb0.50,2025-07-15,2026-07-14,2026-07-13,2025-08-11,2026-07-13,2026-07-14,225,2026-07-14,False,0,0.4518518518518519,0.4144349284862176,0.42,0.442972332239151,0.430373151816819,0,56.96,0.430373151816819,0,56.96,HOLD,0.5764,0.1529,Bullish,0.335,0.0,unavailable_no_point_in_time_source,True,1869.2,1869.199951171875,2026-07-15,1849.5999755859375,-1.0486,0,2026-07-17,1854.0,-0.8132,0.0,2026-07-21,1900.5999755859375,1.6799,1.0,2026-07-28,1927.9000244140625,3.1404,1.0,0,1,1,1,1,1,-1.0486,1,1.0,1.0,1.0,1.0,1.0,-0.8132,1.0,0.0,0.0,0.0,0.0,1.0,1.6799,1.0,0.0,0.0,0.0,0.0,0.0,3.1404,0.0,55-60,55-60
BAJFINANCE.NS|2026-07-14|ensemble_lr0.20_rf0.30_xgb0.50,BAJFINANCE.NS,2026-07-14,ensemble_lr0.20_rf0.30_xgb0.50,2025-07-15,2026-07-14,2026-07-13,2025-08-11,2026-07-13,2026-07-14,225,2026-07-14,False,1,0.4518518518518519,0.48029416831557875,0.44,0.49696215987205505,0.47653991359914327,0,52.35,0.47653991359914327,0,52.35,HOLD,0.5308,0.0616,Bullish,0.335,0.0,unavailable_no_point_in_time_source,False,1006.6,1006.5999755859375,2026-07-15,1021.2999877929688,1.4604,1,2026-07-17,1056.300048828125,4.9374,1.0,2026-07-21,1069.199951171875,6.219,1.0,2026-07-28,1048.4000244140625,4.1526,1.0,0,0,0,1,0,1,1.4604,1,0.0,0.0,1.0,0.0,0.0,4.9374,0.0,0.0,0.0,1.0,0.0,0.0,6.219,0.0,0.0,0.0,1.0,0.0,0.0,4.1526,0.0,50-55,50-55
BEL.NS|2026-07-14|ensemble_lr0.20_rf0.30_xgb0.50,BEL.NS,2026-07-14,ensemble_lr0.20_rf0.30_xgb0.50,2025-07-15,2026-07-14,2026-07-13,2025-08-11,2026-07-13,2026-07-14,225,2026-07-14,False,0,0.4148148148148148,0.5335020059606534,0.54,0.39733371138572693,0.46736725688499414,0,53.26,0.46736725688499414,0,53.26,SELL,0.4002,-0.1995,Sideways,-0.165,0.0,unavailable_no_point_in_time_source,False,409.54,409.5440368652344,2026-07-15,410.39288330078125,0.2073,1,2026-07-17,408.8949279785156,-0.1585,0.0,2026-07-21,409.49407958984375,-0.0122,0.0,2026-07-28,388.4726257324219,-5.1451,0.0,0,0,0,0,0,0,0.2083,0,1.0,1.0,1.0,1.0,1.0,-0.1575,1.0,1.0,1.0,1.0,1.0,1.0,-0.0112,1.0,1.0,1.0,1.0,1.0,1.0,-5.1442,1.0,50-55,50-55
BPCL.NS|2026-07-14|ensemble_lr0.20_rf0.30_xgb0.50,BPCL.NS,2026-07-14,ensemble_lr0.20_rf0.30_xgb0.50,2025-07-15,2026-07-14,2026-07-13,2025-08-11,2026-07-13,2026-07-14,225,2026-07-14,False,0,0.45925925925925926,0.4596134517542961,0.4,0.16843697428703308,0.29614117749437574,0,70.39,0.29614117749437574,0,70.39,HOLD,0.4467,-0.1065,Sideways,-0.165,0.0,unavailable_no_point_in_time_source,True,305.35,305.3500061035156,2026-07-15,309.6000061035156,1.3918,1,2026-07-17,315.54998779296875,3.3404,1.0,2026-07-21,319.3500061035156,4.5849,1.0,2026-07-28,320.04998779296875,4.8141,1.0,0,0,0,0,0,1,1.3918,1,0.0,0.0,0.0,0.0,0.0,3.3404,0.0,0.0,0.0,0.0,0.0,0.0,4.5849,0.0,0.0,0.0,0.0,0.0,0.0,4.8141,0.0,70-75,70-75
AARTIIND.NS|2026-07-21|ensemble_lr0.20_rf0.30_xgb0.50,AARTIIND.NS,2026-07-21,ensemble_lr0.20_rf0.30_xgb0.50,2025-07-22,2026-07-21,2026-07-20,2025-08-19,2026-07-20,2026-07-21,225,2026-07-21,False,0,0.48888888888888893,0.43747084599876807,0.64,0.6273868680000305,0.5931876031997689,1,59.32,0.5931876031997689,1,59.32,BUY,0.6471,0.2943,High Volatility,0.835,0.0,unavailable_no_point_in_time_source,True,498.51,498.509033203125,2026-07-22,494.966064453125,-0.7107,0,2026-07-24,476.85205078125,-4.3444,0.0,2026-07-28,475.8041687011719,-4.5546,0.0,2026-08-04,480.79425048828125,-3.5536,0.0,1,0,0,1,0,0,-0.7109,0,0.0,0.0,1.0,0.0,0.0,-4.3445,0.0,0.0,0.0,1.0,0.0,0.0,-4.5547,0.0,0.0,0.0,1.0,0.0,0.0,-3.5537,0.0,55-60,55-60
AAVAS.NS|2026-07-21|ensemble_lr0.20_rf0.30_xgb0.50,AAVAS.NS,2026-07-21,ensemble_lr0.20_rf0.30_xgb0.50,2025-07-22,2026-07-21,2026-07-20,2025-08-19,2026-07-20,2026-07-21,225,2026-07-21,False,0,0.5481481481481482,0.4432694670638407,0.48,0.13548196852207184,0.300394877673804,0,69.96,0.300394877673804,0,69.96,HOLD,0.4468,-0.1065,Sideways,0.0,0.0,unavailable_no_point_in_time_source,False,1521.7,1521.699951171875,2026-07-22,1444.0,-5.1061,0,2026-07-24,1379.0,-9.3777,0.0,2026-07-28,1376.0999755859375,-9.5682,0.0,2026-08-04,1392.5999755859375,-8.4839,0.0,1,1,1,1,0,0,-5.1061,0,1.0,1.0,1.0,0.0,0.0,-9.3777,0.0,1.0,1.0,1.0,0.0,0.0,-9.5682,0.0,1.0,1.0,1.0,0.0,0.0,-8.4839,0.0,65-70,65-70
ABCAPITAL.NS|2026-07-21|ensemble_lr0.20_rf0.30_xgb0.50,ABCAPITAL.NS,2026-07-21,ensemble_lr0.20_rf0.30_xgb0.50,2025-07-22,2026-07-21,2026-07-20,2025-08-19,2026-07-20,2026-07-21,225,2026-07-21,False,0,0.5481481481481482,0.48228059455882377,0.24,0.2662312388420105,0.30157173833277,0,69.84,0.30157173833277,0,69.84,HOLD,0.5167,0.0334,Sideways,0.665,0.0,unavailable_no_point_in_time_source,True,409.05,409.04998779296875,2026-07-22,400.6000061035156,-2.0658,0,2026-07-24,393.8500061035156,-3.7159,0.0,2026-07-28,391.3500061035156,-4.3271,0.0,2026-08-04,420.0,2.6769,1.0,1,1,1,1,0,1,-2.0658,1,1.0,1.0,1.0,0.0,0.0,-3.7159,0.0,1.0,1.0,1.0,0.0,0.0,-4.3271,0.0,0.0,0.0,0.0,1.0,1.0,2.6769,1.0,65-70,65-70
ABFRL.NS|2026-07-21|ensemble_lr0.20_rf0.30_xgb0.50,ABFRL.NS,2026-07-21,ensemble_lr0.20_rf0.30_xgb0.50,2025-07-22,2026-07-21,2026-07-20,2025-08-19,2026-07-20,2026-07-21,225,2026-07-21,False,0,0.5555555555555556,0.6060173049177607,0.5,0.667693555355072,0.6050502386610881,1,60.51,0.6050502386610881,1,60.51,HOLD,0.4874,-0.0251,High Volatility,-0.5,0.0,unavailable_no_point_in_time_source,True,57.41,57.40999984741211,2026-07-22,57.04999923706055,-0.6271,0,2026-07-24,56.25,-2.0206,0.0,2026-07-28,56.70000076293945,-1.2367,0.0,2026-08-04,61.0,6.2533,1.0,1,0,0,1,0,1,-0.6271,1,0.0,0.0,1.0,0.0,1.0,-2.0206,1.0,0.0,0.0,1.0,0.0,1.0,-1.2367,1.0,1.0,1.0,0.0,1.0,0.0,6.2533,0.0,60-65,60-65
ACC.NS|2026-07-21|ensemble_lr0.20_rf0.30_xgb0.50,ACC.NS,2026-07-21,ensemble_lr0.20_rf0.30_xgb0.50,2025-07-22,2026-07-21,2026-07-20,2025-08-19,2026-07-20,2026-07-21,225,2026-07-21,False,0,0.48888888888888893,0.40967276105167616,0.62,0.7666874527931213,0.6512782786068959,1,65.13,0.6512782786068959,1,65.13,BUY,0.5989,0.1978,Sideways,0.165,0.0,unavailable_no_point_in_time_source,False,1387.8,1387.800048828125,2026-07-22,1359.0,-2.0752,0,2026-07-24,1340.9000244140625,-3.3795,0.0,2026-07-28,1341.800048828125,-3.3146,0.0,2026-08-04,1384.699951171875,-0.2234,0.0,1,0,0,1,0,0,-2.0752,0,0.0,0.0,1.0,0.0,0.0,-3.3794,0.0,0.0,0.0,1.0,0.0,0.0,-3.3146,0.0,0.0,0.0,1.0,0.0,0.0,-0.2234,0.0,65-70,65-70
ADANIENT.NS|2026-07-21|ensemble_lr0.20_rf0.30_xgb0.50,ADANIENT.NS,2026-07-21,ensemble_lr0.20_rf0.30_xgb0.50,2025-07-22,2026-07-21,2026-07-20,2025-08-19,2026-07-20,2026-07-21,225,2026-07-21,False,0,0.40740740740740744,0.4823542507002695,0.5,0.33025211095809937,0.41159690561910356,0,58.84,0.41159690561910356,0,58.84,BUY,0.5805,0.1611,Bullish,0.665,0.0,unavailable_no_point_in_time_source,False,3182.7,3182.699951171875,2026-07-22,3147.699951171875,-1.0997,0,2026-07-24,3026.39990234375,-4.9109,0.0,2026-07-28,3002.300048828125,-5.6681,0.0,2026-08-04,3050.0,-4.1694,0.0,0,1,1,1,1,0,-1.0997,0,1.0,1.0,1.0,1.0,0.0,-4.9109,0.0,1.0,1.0,1.0,1.0,0.0,-5.6681,0.0,1.0,1.0,1.0,1.0,0.0,-4.1694,0.0,55-60,55-60
ADANIPORTS.NS|2026-07-21|ensemble_lr0.20_rf0.30_xgb0.50,ADANIPORTS.NS,2026-07-21,ensemble_lr0.20_rf0.30_xgb0.50,2025-07-22,2026-07-21,2026-07-20,2025-08-19,2026-07-20,2026-07-21,225,2026-07-21,False,0,0.5037037037037037,0.38173186796440933,0.72,0.5526401400566101,0.5686664436211869,1,56.87,0.5686664436211869,1,56.87,BUY,0.6187,0.2373,Sideways,0.5,0.0,unavailable_no_point_in_time_source,True,1846.5,1846.5,2026-07-22,1819.4000244140625,-1.4676,0,2026-07-24,1768.300048828125,-4.235,0.0,2026-07-28,1774.699951171875,-3.8884,0.0,2026-08-04,1706.699951171875,-7.5711,0.0,1,0,0,1,0,0,-1.4676,0,0.0,0.0,1.0,0.0,0.0,-4.235,0.0,0.0,0.0,1.0,0.0,0.0,-3.8884,0.0,0.0,0.0,1.0,0.0,0.0,-7.5711,0.0,55-60,55-60
AETHER.NS|2026-07-21|ensemble_lr0.20_rf0.30_xgb0.50,AETHER.NS,2026-07-21,ensemble_lr0.20_rf0.30_xgb0.50,2025-07-22,2026-07-21,2026-07-20,2025-08-19,2026-07-20,2026-07-21,225,2026-07-21,False,0,0.40740740740740744,0.19646306355386683,0.24,0.1863468736410141,0.20446604953128042,0,79.55,0.20446604953128042,0,79.55,HOLD,0.539,0.0781,High Volatility,0.665,0.0,unavailable_no_point_in_time_source,True,1449.7,1449.699951171875,2026-07-22,1462.800048828125,0.9036,1,2026-07-24,1427.5,-1.5313,0.0,2026-07-28,1464.699951171875,1.0347,1.0,2026-08-04,1578.300048828125,8.8708,1.0,0,0,0,0,0,1,0.9036,1,1.0,1.0,1.0,1.0,1.0,-1.5314,1.0,0.0,0.0,0.0,0.0,1.0,1.0347,1.0,0.0,0.0,0.0,0.0,0.0,8.8708,0.0,75-80,75-80
AIAENG.NS|2026-07-21|ensemble_lr0.20_rf0.30_xgb0.50,AIAENG.NS,2026-07-21,ensemble_lr0.20_rf0.30_xgb0.50,2025-07-22,2026-07-21,2026-07-20,2025-08-19,2026-07-20,2026-07-21,225,2026-07-21,False,1,0.45925925925925926,0.4955476223868688,0.82,0.783522367477417,0.7368707082160822,1,73.69,0.7368707082160822,1,73.69,BUY,0.5968,0.1936,Sideways,0.5,0.0,unavailable_no_point_in_time_source,False,4663.97,4663.9677734375,2026-07-22,4609.173828125,-1.1748,0,2026-07-24,4565.8369140625,-2.104,0.0,2026-07-28,4585.76171875,-1.6768,0.0,2026-08-04,4609.671875,-1.1642,0.0,1,0,0,0,0,0,-1.1749,0,0.0,0.0,0.0,0.0,0.0,-2.1041,0.0,0.0,0.0,0.0,0.0,0.0,-1.6769,0.0,0.0,0.0,0.0,0.0,0.0,-1.1642,0.0,70-75,70-75
AJANTPHARM.NS|2026-07-21|ensemble_lr0.20_rf0.30_xgb0.50,AJANTPHARM.NS,2026-07-21,ensemble_lr0.20_rf0.30_xgb0.50,2025-07-22,2026-07-21,2026-07-20,2025-08-19,2026-07-20,2026-07-21,225,2026-07-21,False,0,0.5703703703703703,0.5375674035023502,0.36,0.3273204565048218,0.37917370895288094,0,62.08,0.37917370895288094,0,62.08,BUY,0.6638,0.3275,Bullish,1.0,0.0,unavailable_no_point_in_time_source,False,3542.84,3542.844482421875,2026-07-22,3427.5009765625,-3.2557,0,2026-07-24,3338.91259765625,-5.7562,0.0,2026-07-28,3312.05859375,-6.5141,0.0,2026-08-04,3493.10009765625,-1.4041,0.0,1,1,1,1,0,0,-3.2556,0,1.0,1.0,1.0,0.0,0.0,-5.756,0.0,1.0,1.0,1.0,0.0,0.0,-6.514,0.0,1.0,1.0,1.0,0.0,0.0,-1.404,0.0,60-65,60-65
ALEMBICLTD.NS|2026-07-21|ensemble_lr0.20_rf0.30_xgb0.50,ALEMBICLTD.NS,2026-07-21,ensemble_lr0.20_rf0.30_xgb0.50,2025-07-22,2026-07-21,2026-07-20,2025-08-19,2026-07-20,2026-07-21,225,2026-07-21,False,0,0.5185185185185185,0.48198899913447,0.72,0.7510129809379578,0.6879042902958729,1,68.79,0.6879042902958729,1,68.79,HOLD,0.568,0.1359,Sideways,-0.165,0.0,unavailable_no_point_in_time_source,False,88.0,88.00403594970703,2026-07-22,86.27063751220703,-1.9697,0,2026-07-24,85.63765716552734,-2.6889,0.0,2026-07-28,86.89388275146484,-1.2615,0.0,2026-08-04,88.55000305175781,0.6204,1.0,1,0,0,1,0,1,-1.9652,1,0.0,0.0,1.0,0.0,1.0,-2.6845,1.0,0.0,0.0,1.0,0.0,1.0,-1.257,1.0,1.0,1.0,0.0,1.0,1.0,0.625,1.0,65-70,65-70
ALKEM.NS|2026-07-21|ensemble_lr0.20_rf0.30_xgb0.50,ALKEM.NS,2026-07-21,ensemble_lr0.20_rf0.30_xgb0.50,2025-07-22,2026-07-21,2026-07-20,2025-08-19,2026-07-20,2026-07-21,225,2026-07-21,False,1,0.4222222222222222,0.5092524885141022,0.42,0.4827233552932739,0.4692121753494574,0,53.08,0.4692121753494574,0,53.08,BUY,0.6002,0.2003,Bullish,0.67,0.0,unavailable_no_point_in_time_source,False,5671.35,5671.349609375,2026-07-22,5575.0224609375,-1.6985,0,2026-07-24,5623.435546875,-0.8448,0.0,2026-07-28,5641.4033203125,-0.528,0.0,2026-08-04,5597.98095703125,-1.2937,0.0,1,1,1,0,0,0,-1.6985,0,1.0,1.0,0.0,0.0,0.0,-0.8449,0.0,1.0,1.0,0.0,0.0,0.0,-0.528,0.0,1.0,1.0,0.0,0.0,0.0,-1.2937,0.0,50-55,50-55
AMBER.NS|2026-07-21|ensemble_lr0.20_rf0.30_xgb0.50,AMBER.NS,2026-07-21,ensemble_lr0.20_rf0.30_xgb0.50,2025-07-22,2026-07-21,2026-07-20,2025-08-19,2026-07-20,2026-07-21,225,2026-07-21,False,1,0.5037037037037037,0.5426981576827727,0.58,0.8493949174880981,0.7072370902806036,1,70.72,0.7072370902806036,1,70.72,BUY,0.6059,0.2118,High Volatility,0.165,0.0,unavailable_no_point_in_time_source,False,7622.0,7622.0,2026-07-22,7479.0,-1.8761,0,2026-07-24,7261.5,-4.7297,0.0,2026-07-28,7209.0,-5.4185,0.0,2026-08-04,7395.0,-2.9782,0.0,0,0,0,0,1,0,-1.8761,0,0.0,0.0,0.0,1.0,0.0,-4.7297,0.0,0.0,0.0,0.0,1.0,0.0,-5.4185,0.0,0.0,0.0,0.0,1.0,0.0,-2.9782,0.0,70-75,70-75
ANGELONE.NS|2026-07-21|ensemble_lr0.20_rf0.30_xgb0.50,ANGELONE.NS,2026-07-21,ensemble_lr0.20_rf0.30_xgb0.50,2025-07-22,2026-07-21,2026-07-20,2025-08-19,2026-07-20,2026-07-21,225,2026-07-21,False,0,0.5555555555555555,0.20942775413711964,0.32,0.3033756613731384,0.28957338151399314,0,71.04,0.28957338151399314,0,71.04,HOLD,0.4589,-0.0822,High Volatility,0.0,0.0,unavailable_no_point_in_time_source,True,321.9,321.8999938964844,2026-07-22,312.3999938964844,-2.9512,0,2026-07-24,307.95001220703125,-4.3336,0.0,2026-07-28,302.6000061035156,-5.9956,0.0,2026-08-04,300.3500061035156,-6.6946,0.0,0,1,1,1,1,1,-2.9512,1,1.0,1.0,1.0,1.0,0.0,-4.3336,0.0,1.0,1.0,1.0,1.0,0.0,-5.9956,0.0,1.0,1.0,1.0,1.0,0.0,-6.6946,0.0,70-75,70-75
APARINDS.NS|2026-07-21|ensemble_lr0.20_rf0.30_xgb0.50,APARINDS.NS,2026-07-21,ensemble_lr0.20_rf0.30_xgb0.50,2025-07-22,2026-07-21,2026-07-20,2025-08-19,2026-07-20,2026-07-21,225,2026-07-21,False,1,0.45925925925925926,0.7055178017382494,0.44,0.6561833024024963,0.6011952115488981,1,60.12,0.6011952115488981,1,60.12,HOLD,0.521,0.0421,High Volatility,0.0,0.0,unavailable_no_point_in_time_source,False,13793.11,13793.1123046875,2026-07-22,13582.8427734375,-1.5245,0,2026-07-24,13840.9462890625,0.3468,1.0,2026-07-28,13433.361328125,-2.6082,0.0,2026-08-04,15379.6044921875,11.5021,1.0,0,0,0,0,1,1,-1.5244,1,1.0,1.0,1.0,0.0,1.0,0.3468,1.0,0.0,0.0,0.0,1.0,1.0,-2.6082,1.0,1.0,1.0,1.0,0.0,0.0,11.5021,0.0,60-65,60-65
APOLLOHOSP.NS|2026-07-21|ensemble_lr0.20_rf0.30_xgb0.50,APOLLOHOSP.NS,2026-07-21,ensemble_lr0.20_rf0.30_xgb0.50,2025-07-22,2026-07-21,2026-07-20,2025-08-19,2026-07-20,2026-07-21,225,2026-07-21,False,0,0.4296296296296296,0.4793113238185589,0.64,0.6583272814750671,0.6170259055012454,1,61.7,0.6170259055012454,1,61.7,BUY,0.701,0.4019,Bullish,0.665,0.0,unavailable_no_point_in_time_source,False,8916.12,8916.1201171875,2026-07-22,8927.607421875,0.1288,1,2026-07-24,8795.26171875,-1.3555,0.0,2026-07-28,8892.6474609375,-0.2633,0.0,2026-08-04,9039.4765625,1.3835,1.0,1,1,1,0,1,1,0.1288,1,0.0,0.0,1.0,0.0,0.0,-1.3555,0.0,0.0,0.0,1.0,0.0,0.0,-0.2633,0.0,1.0,1.0,0.0,1.0,1.0,1.3835,1.0,60-65,60-65
APOLLOTYRE.NS|2026-07-21|ensemble_lr0.20_rf0.30_xgb0.50,APOLLOTYRE.NS,2026-07-21,ensemble_lr0.20_rf0.30_xgb0.50,2025-07-22,2026-07-21,2026-07-20,2025-08-19,2026-07-20,2026-07-21,225,2026-07-21,False,0,0.5037037037037037,0.5258219883238406,0.14,0.19194592535495758,0.24313736034224692,0,75.69,0.24313736034224692,0,75.69,HOLD,0.4448,-0.1105,Sideways,0.0,0.0,unavailable_no_point_in_time_source,True,428.5,428.5,2026-07-22,426.6000061035156,-0.4434,0,2026-07-24,419.6499938964844,-2.0653,0.0,2026-07-28,423.8500061035156,-1.0852,0.0,2026-08-04,438.3500061035156,2.2987,1.0,0,1,1,1,1,1,-0.4434,1,1.0,1.0,1.0,1.0,1.0,-2.0653,1.0,1.0,1.0,1.0,1.0,1.0,-1.0852,1.0,0.0,0.0,0.0,0.0,1.0,2.2987,1.0,75-80,75-80
ASHOKLEY.NS|2026-07-21|ensemble_lr0.20_rf0.30_xgb0.50,ASHOKLEY.NS,2026-07-21,ensemble_lr0.20_rf0.30_xgb0.50,2025-07-22,2026-07-21,2026-07-20,2025-08-19,2026-07-20,2026-07-21,225,2026-07-21,False,1,0.5407407407407407,0.39533962894210956,0.38,0.37955644726753235,0.3828461494221881,0,61.72,0.3828461494221881,0,61.72,SELL,0.3923,-0.2155,Sideways,-0.165,0.0,unavailable_no_point_in_time_source,True,153.94,153.94000244140625,2026-07-22,152.49000549316406,-0.9419,0,2026-07-24,151.07000732421875,-1.8644,0.0,2026-07-28,157.5,2.3126,1.0,2026-08-04,172.0800018310547,11.7838,1.0,0,1,1,0,1,1,-0.9419,1,1.0,1.0,0.0,1.0,1.0,-1.8644,1.0,0.0,0.0,1.0,0.0,0.0,2.3126,0.0,0.0,0.0,1.0,0.0,0.0,11.7838,0.0,60-65,60-65
ASIANPAINT.NS|2026-07-21|ensemble_lr0.20_rf0.30_xgb0.50,ASIANPAINT.NS,2026-07-21,ensemble_lr0.20_rf0.30_xgb0.50,2025-07-22,2026-07-21,2026-07-20,2025-08-19,2026-07-20,2026-07-21,225,2026-07-21,False,1,0.4666666666666666,0.5175712731106046,0.7,0.7849030494689941,0.705965779356618,1,70.6,0.705965779356618,1,70.6,BUY,0.6611,0.3222,Bullish,0.335,0.0,unavailable_no_point_in_time_source,True,2692.4,2692.39990234375,2026-07-22,2692.800048828125,0.0149,1,2026-07-24,2637.89990234375,-2.0242,0.0,2026-07-28,2736.199951171875,1.6268,1.0,2026-08-04,2775.0,3.0679,1.0,1,1,1,1,1,1,0.0149,1,0.0,0.0,0.0,0.0,0.0,-2.0242,0.0,1.0,1.0,1.0,1.0,1.0,1.6268,1.0,1.0,1.0,1.0,1.0,1.0,3.0679,1.0,70-75,70-75
ASTRAL.NS|2026-07-21|ensemble_lr0.20_rf0.30_xgb0.50,ASTRAL.NS,2026-07-21,ensemble_lr0.20_rf0.30_xgb0.50,2025-07-22,2026-07-21,2026-07-20,2025-08-19,2026-07-20,2026-07-21,225,2026-07-21,False,1,0.5777777777777778,0.5542894153315281,0.82,0.8375629186630249,0.7756393423978181,1,77.56,0.7756393423978181,1,77.56,HOLD,0.5583,0.1165,Sideways,-0.335,0.0,unavailable_no_point_in_time_source,True,1412.88,1412.8778076171875,2026-07-22,1428.55322265625,1.1095,1,2026-07-24,1465.7945556640625,3.7453,1.0,2026-07-28,1469.0894775390625,3.9785,1.0,2026-08-04,1445.7261962890625,2.3249,1.0,1,1,1,1,1,1,1.1093,1,1.0,1.0,1.0,1.0,0.0,3.7452,0.0,1.0,1.0,1.0,1.0,0.0,3.9784,0.0,1.0,1.0,1.0,1.0,1.0,2.3248,1.0,75-80,75-80
AUBANK.NS|2026-07-21|ensemble_lr0.20_rf0.30_xgb0.50,AUBANK.NS,2026-07-21,ensemble_lr0.20_rf0.30_xgb0.50,2025-07-22,2026-07-21,2026-07-20,2025-08-19,2026-07-20,2026-07-21,225,2026-07-21,False,1,0.5185185185185185,0.4480019569594659,0.5,0.3387833535671234,0.40899206817545486,0,59.1,0.40899206817545486,0,59.1,SELL,0.4081,-0.1839,Bearish,0.0,0.0,unavailable_no_point_in_time_source,True,1002.33,1002.3265991210938,2026-07-22,979.2490234375,-2.3024,0,2026-07-24,1003.0259399414062,0.0698,1.0,2026-07-28,1046.6834716796875,4.4254,1.0,2026-08-04,1059.0,5.6542,1.0,1,1,1,0,0,1,-2.3027,1,0.0,0.0,1.0,1.0,0.0,0.0694,0.0,0.0,0.0,1.0,1.0,0.0,4.425,0.0,0.0,0.0,1.0,1.0,0.0,5.6538,0.0,55-60,55-60
AXISBANK.NS|2026-07-21|ensemble_lr0.20_rf0.30_xgb0.50,AXISBANK.NS,2026-07-21,ensemble_lr0.20_rf0.30_xgb0.50,2025-07-22,2026-07-21,2026-07-20,2025-08-19,2026-07-20,2026-07-21,225,2026-07-21,False,1,0.5481481481481482,0.8183219276174644,0.7,0.8529011607170105,0.8001149658819982,1,80.01,0.8001149658819982,1,80.01,BUY,0.5816,0.1633,Sideways,-0.335,0.0,unavailable_no_point_in_time_source,False,1258.2,1258.199951171875,2026-07-22,1238.4000244140625,-1.5737,0,2026-07-24,1227.300048828125,-2.4559,0.0,2026-07-28,1223.5,-2.7579,0.0,2026-08-04,1261.800048828125,0.2861,1.0,1,0,0,0,0,0,-1.5737,0,0.0,0.0,0.0,0.0,0.0,-2.4559,0.0,0.0,0.0,0.0,0.0,0.0,-2.7579,0.0,1.0,1.0,1.0,1.0,1.0,0.2861,1.0,80-85,80-85
BAJAJ-AUTO.NS|2026-07-21|ensemble_lr0.20_rf0.30_xgb0.50,BAJAJ-AUTO.NS,2026-07-21,ensemble_lr0.20_rf0.30_xgb0.50,2025-07-22,2026-07-21,2026-07-20,2025-08-19,2026-07-20,2026-07-21,225,2026-07-21,False,1,0.48888888888888893,0.33045632060111624,0.52,0.24992735683918,0.3470549425398132,0,65.29,0.3470549425398132,0,65.29,BUY,0.596,0.192,Bullish,0.835,0.0,unavailable_no_point_in_time_source,False,10403.5,10403.5,2026-07-22,10998.5,5.7192,1,2026-07-24,11130.0,6.9832,1.0,2026-07-28,11374.0,9.3286,1.0,2026-08-04,11600.0,11.5009,1.0,0,0,0,1,0,1,5.7192,1,0.0,0.0,1.0,0.0,1.0,6.9832,1.0,0.0,0.0,1.0,0.0,1.0,9.3286,1.0,0.0,0.0,1.0,0.0,1.0,11.5009,1.0,65-70,65-70
BAJAJFINSV.NS|2026-07-21|ensemble_lr0.20_rf0.30_xgb0.50,BAJAJFINSV.NS,2026-07-21,ensemble_lr0.20_rf0.30_xgb0.50,2025-07-22,2026-07-21,2026-07-20,2025-08-19,2026-07-20,2026-07-21,225,2026-07-21,False,0,0.5111111111111111,0.48493159767536537,0.68,0.49340400099754333,0.5476883200338447,1,54.77,0.5476883200338447,1,54.77,BUY,0.6653,0.3306,Bullish,0.165,0.0,unavailable_no_point_in_time_source,False,1900.6,1900.5999755859375,2026-07-22,1876.4000244140625,-1.2733,0,2026-07-24,1876.699951171875,-1.2575,0.0,2026-07-28,1927.9000244140625,1.4364,1.0,2026-08-04,2105.0,10.7545,1.0,1,0,0,1,0,0,-1.2733,0,0.0,0.0,1.0,0.0,0.0,-1.2575,0.0,1.0,1.0,0.0,1.0,1.0,1.4364,1.0,1.0,1.0,0.0,1.0,1.0,10.7545,1.0,50-55,50-55
BAJFINANCE.NS|2026-07-21|ensemble_lr0.20_rf0.30_xgb0.50,BAJFINANCE.NS,2026-07-21,ensemble_lr0.20_rf0.30_xgb0.50,2025-07-22,2026-07-21,2026-07-20,2025-08-19,2026-07-20,2026-07-21,225,2026-07-21,False,1,0.4666666666666666,0.6250675208878993,0.62,0.8326553702354431,0.7273411892953014,1,72.73,0.7273411892953014,1,72.73,STRONG BUY,0.756,0.5119,Bullish,1.0,0.0,unavailable_no_point_in_time_source,False,1069.2,1069.199951171875,2026-07-22,1060.300048828125,-0.8324,0,2026-07-24,1012.7999877929688,-5.275,0.0,2026-07-28,1048.4000244140625,-1.9454,0.0,2026-08-04,1149.0,7.4635,1.0,1,0,0,0,0,0,-0.8324,0,0.0,0.0,0.0,0.0,0.0,-5.275,0.0,0.0,0.0,0.0,0.0,0.0,-1.9454,0.0,1.0,1.0,1.0,1.0,1.0,7.4635,1.0,70-75,70-75
BEL.NS|2026-07-21|ensemble_lr0.20_rf0.30_xgb0.50,BEL.NS,2026-07-21,ensemble_lr0.20_rf0.30_xgb0.50,2025-07-22,2026-07-21,2026-07-20,2025-08-19,2026-07-20,2026-07-21,225,2026-07-21,False,0,0.4740740740740741,0.5991305849506473,0.42,0.8805990815162659,0.6861256577482624,1,68.61,0.6861256577482624,1,68.61,HOLD,0.4951,-0.0097,Sideways,-0.335,0.0,unavailable_no_point_in_time_source,True,409.49,409.49407958984375,2026-07-22,406.1985778808594,-0.8048,0,2026-07-24,404.450927734375,-1.2316,0.0,2026-07-28,388.4726257324219,-5.1335,0.0,2026-08-04,390.96923828125,-4.5238,0.0,1,0,0,1,0,1,-0.8038,1,0.0,0.0,1.0,0.0,1.0,-1.2306,1.0,0.0,0.0,1.0,0.0,0.0,-5.1326,0.0,0.0,0.0,1.0,0.0,0.0,-4.5229,0.0,65-70,65-70
BPCL.NS|2026-07-21|ensemble_lr0.20_rf0.30_xgb0.50,BPCL.NS,2026-07-21,ensemble_lr0.20_rf0.30_xgb0.50,2025-07-22,2026-07-21,2026-07-20,2025-08-19,2026-07-20,2026-07-21,225,2026-07-21,False,0,0.47407407407407404,0.7367039340507383,0.76,0.8834543824195862,0.8170679780199408,1,81.71,0.8170679780199408,1,81.71,BUY,0.6375,0.2749,Sideways,0.335,0.0,unavailable_no_point_in_time_source,True,319.35,319.3500061035156,2026-07-22,314.0,-1.6753,0,2026-07-24,310.1499938964844,-2.8809,0.0,2026-07-28,320.04998779296875,0.2192,1.0,2026-08-04,324.0,1.4561,1.0,1,0,0,1,0,0,-1.6753,0,0.0,0.0,1.0,0.0,0.0,-2.8809,0.0,1.0,1.0,0.0,1.0,1.0,0.2192,1.0,1.0,1.0,0.0,1.0,1.0,1.4561,1.0,80-85,80-85
AARTIIND.NS|2026-07-28|ensemble_lr0.20_rf0.30_xgb0.50,AARTIIND.NS,2026-07-28,ensemble_lr0.20_rf0.30_xgb0.50,2025-07-29,2026-07-28,2026-07-27,2025-08-26,2026-07-27,2026-07-28,225,2026-07-28,False,0,0.4518518518518519,0.3810337829874974,0.48,0.3483363389968872,0.39437492609594305,0,60.56,0.39437492609594305,0,60.56,HOLD,0.4501,-0.0999,High Volatility,0.0,0.0,unavailable_no_point_in_time_source,True,475.8,475.8041687011719,2026-07-29,484.53680419921875,1.8353,1,2026-07-31,488.1296691894531,2.5905,1.0,2026-08-04,480.79425048828125,1.0488,1.0,2026-08-11,504.2975158691406,5.9885,1.0,0,0,0,0,0,1,1.8362,1,0.0,0.0,0.0,0.0,1.0,2.5914,1.0,0.0,0.0,0.0,0.0,1.0,1.0497,1.0,0.0,0.0,0.0,0.0,0.0,5.9894,0.0,60-65,60-65
AAVAS.NS|2026-07-28|ensemble_lr0.20_rf0.30_xgb0.50,AAVAS.NS,2026-07-28,ensemble_lr0.20_rf0.30_xgb0.50,2025-07-29,2026-07-28,2026-07-27,2025-08-26,2026-07-27,2026-07-28,225,2026-07-28,False,0,0.562962962962963,0.5305623070877286,0.4,0.4550520181655884,0.4536384705003399,0,54.64,0.4536384705003399,0,54.64,HOLD,0.4473,-0.1055,High Volatility,-0.165,0.0,unavailable_no_point_in_time_source,False,1376.1,1376.0999755859375,2026-07-29,1387.300048828125,0.8139,1,2026-07-31,1359.800048828125,-1.1845,0.0,2026-08-04,1392.5999755859375,1.199,1.0,2026-08-11,1396.800048828125,1.5043,1.0,0,0,0,0,0,1,0.8139,1,1.0,1.0,1.0,1.0,1.0,-1.1845,1.0,0.0,0.0,0.0,0.0,1.0,1.199,1.0,0.0,0.0,0.0,0.0,1.0,1.5043,1.0,50-55,50-55
ABCAPITAL.NS|2026-07-28|ensemble_lr0.20_rf0.30_xgb0.50,ABCAPITAL.NS,2026-07-28,ensemble_lr0.20_rf0.30_xgb0.50,2025-07-29,2026-07-28,2026-07-27,2025-08-26,2026-07-27,2026-07-28,225,2026-07-28,False,1,0.562962962962963,0.8365291325799381,0.72,0.9167605042457581,0.8416860786388667,1,84.17,0.8416860786388667,1,84.17,BUY,0.632,0.2639,Sideways,0.5,0.0,unavailable_no_point_in_time_source,True,391.35,391.3500061035156,2026-07-29,397.6000061035156,1.597,1,2026-07-31,404.29998779296875,3.3091,1.0,2026-08-04,420.0,7.3208,1.0,2026-08-11,407.1499938964844,4.0373,1.0,0,1,1,1,0,1,1.597,1,1.0,1.0,1.0,0.0,1.0,3.3091,1.0,1.0,1.0,1.0,0.0,1.0,7.3208,1.0,1.0,1.0,1.0,0.0,1.0,4.0373,1.0,80-85,80-85
ABFRL.NS|2026-07-28|ensemble_lr0.20_rf0.30_xgb0.50,ABFRL.NS,2026-07-28,ensemble_lr0.20_rf0.30_xgb0.50,2025-07-29,2026-07-28,2026-07-27,2025-08-26,2026-07-27,2026-07-28,225,2026-07-28,False,0,0.45925925925925926,0.6048856789541497,0.46,0.4145737588405609,0.4662640152111104,0,53.37,0.4662640152111104,0,53.37,SELL,0.3588,-0.2824,Sideways,-0.5,0.0,unavailable_no_point_in_time_source,False,56.7,56.70000076293945,2026-07-29,58.060001373291016,2.3986,1,2026-07-31,60.2400016784668,6.2434,1.0,2026-08-04,61.0,7.5838,1.0,2026-08-11,58.630001068115234,3.4039,1.0,0,0,0,0,0,0,2.3986,0,0.0,0.0,0.0,0.0,0.0,6.2434,0.0,0.0,0.0,0.0,0.0,0.0,7.5838,0.0,0.0,0.0,0.0,0.0,0.0,3.4039,0.0,50-55,50-55
ACC.NS|2026-07-28|ensemble_lr0.20_rf0.30_xgb0.50,ACC.NS,2026-07-28,ensemble_lr0.20_rf0.30_xgb0.50,2025-07-29,2026-07-28,2026-07-27,2025-08-26,2026-07-27,2026-07-28,225,2026-07-28,False,0,0.4518518518518519,0.423910524239521,0.54,0.6441745162010193,0.5688693629484138,1,56.89,0.5688693629484138,1,56.89,HOLD,0.5039,0.0078,Sideways,-0.33,0.0,unavailable_no_point_in_time_source,False,1341.8,1341.800048828125,2026-07-29,1370.800048828125,2.1613,1,2026-07-31,1357.4000244140625,1.1626,1.0,2026-08-04,1384.699951171875,3.1972,1.0,2026-08-11,1339.800048828125,-0.1491,0.0,0,1,1,0,0,1,2.1613,1,1.0,1.0,0.0,0.0,1.0,1.1626,1.0,1.0,1.0,0.0,0.0,0.0,3.1972,0.0,0.0,0.0,1.0,1.0,1.0,-0.149,1.0,55-60,55-60
ADANIENT.NS|2026-07-28|ensemble_lr0.20_rf0.30_xgb0.50,ADANIENT.NS,2026-07-28,ensemble_lr0.20_rf0.30_xgb0.50,2025-07-29,2026-07-28,2026-07-27,2025-08-26,2026-07-27,2026-07-28,225,2026-07-28,False,0,0.4666666666666666,0.5424930216814274,0.54,0.5851686596870422,0.5630829341798066,1,56.31,0.5630829341798066,1,56.31,BUY,0.596,0.1919,Sideways,0.5,0.0,unavailable_no_point_in_time_source,True,3002.3,3002.300048828125,2026-07-29,3024.5,0.7394,1,2026-07-31,3009.5,0.2398,1.0,2026-08-04,3050.0,1.5888,1.0,2026-08-11,2995.5,-0.2265,0.0,0,1,1,0,0,1,0.7394,1,1.0,1.0,0.0,0.0,1.0,0.2398,1.0,1.0,1.0,0.0,0.0,1.0,1.5888,1.0,0.0,0.0,1.0,1.0,0.0,-0.2265,0.0,55-60,55-60
ADANIPORTS.NS|2026-07-28|ensemble_lr0.20_rf0.30_xgb0.50,ADANIPORTS.NS,2026-07-28,ensemble_lr0.20_rf0.30_xgb0.50,2025-07-29,2026-07-28,2026-07-27,2025-08-26,2026-07-27,2026-07-28,225,2026-07-28,False,1,0.5037037037037037,0.5605153288140312,0.88,0.627298891544342,0.6897525115349773,1,68.98,0.6897525115349773,1,68.98,HOLD,0.5779,0.1558,Sideways,0.0,0.0,unavailable_no_point_in_time_source,True,1774.7,1774.699951171875,2026-07-29,1719.699951171875,-3.0991,0,2026-07-31,1696.5,-4.4064,0.0,2026-08-04,1706.699951171875,-3.8316,0.0,2026-08-11,1668.199951171875,-6.001,0.0,1,0,0,0,0,0,-3.0991,0,0.0,0.0,0.0,0.0,0.0,-4.4064,0.0,0.0,0.0,0.0,0.0,0.0,-3.8316,0.0,0.0,0.0,0.0,0.0,0.0,-6.001,0.0,65-70,65-70
AETHER.NS|2026-07-28|ensemble_lr0.20_rf0.30_xgb0.50,AETHER.NS,2026-07-28,ensemble_lr0.20_rf0.30_xgb0.50,2025-07-29,2026-07-28,2026-07-27,2025-08-26,2026-07-27,2026-07-28,225,2026-07-28,False,0,0.48148148148148145,0.4624628438759437,0.34,0.3052968382835388,0.34714098791695813,0,65.29,0.34714098791695813,0,65.29,HOLD,0.5365,0.073,High Volatility,0.665,0.0,unavailable_no_point_in_time_source,False,1464.7,1464.699951171875,2026-07-29,1490.699951171875,1.7751,1,2026-07-31,1539.5999755859375,5.1137,1.0,2026-08-04,1578.300048828125,7.7559,1.0,2026-08-11,1634.199951171875,11.5723,1.0,0,0,0,0,0,1,1.7751,1,0.0,0.0,0.0,0.0,0.0,5.1137,0.0,0.0,0.0,0.0,0.0,0.0,7.7559,0.0,0.0,0.0,0.0,0.0,0.0,11.5723,0.0,65-70,65-70
AIAENG.NS|2026-07-28|ensemble_lr0.20_rf0.30_xgb0.50,AIAENG.NS,2026-07-28,ensemble_lr0.20_rf0.30_xgb0.50,2025-07-29,2026-07-28,2026-07-27,2025-08-26,2026-07-27,2026-07-28,225,2026-07-28,False,1,0.4518518518518519,0.45353000461705323,0.62,0.7059265971183777,0.6296692994825994,1,62.97,0.6296692994825994,1,62.97,BUY,0.5908,0.1816,Sideways,0.5,0.0,unavailable_no_point_in_time_source,False,4585.76,4585.76171875,2026-07-29,4626.1103515625,0.8799,1,2026-07-31,4573.80712890625,-0.2607,0.0,2026-08-04,4609.671875,0.5214,1.0,2026-08-11,4763.693359375,3.8801,1.0,0,1,1,1,0,1,0.8799,1,0.0,0.0,0.0,1.0,0.0,-0.2607,0.0,1.0,1.0,1.0,0.0,1.0,0.5214,1.0,1.0,1.0,1.0,0.0,1.0,3.8801,1.0,60-65,60-65
AJANTPHARM.NS|2026-07-28|ensemble_lr0.20_rf0.30_xgb0.50,AJANTPHARM.NS,2026-07-28,ensemble_lr0.20_rf0.30_xgb0.50,2025-07-29,2026-07-28,2026-07-27,2025-08-26,2026-07-27,2026-07-28,225,2026-07-28,False,0,0.562962962962963,0.35270842896395205,0.4,0.12448606640100479,0.2527847189932928,0,74.72,0.2527847189932928,0,74.72,HOLD,0.4898,-0.0203,High Volatility,0.5,0.0,unavailable_no_point_in_time_source,False,3312.06,3312.05859375,2026-07-29,3365.66748046875,1.6186,1,2026-07-31,3433.743896484375,3.674,1.0,2026-08-04,3493.10009765625,5.4661,1.0,2026-08-11,3507.0,5.8858,1.0,0,0,0,0,0,1,1.6186,1,0.0,0.0,0.0,0.0,0.0,3.674,0.0,0.0,0.0,0.0,0.0,0.0,5.4661,0.0,0.0,0.0,0.0,0.0,0.0,5.8858,0.0,70-75,70-75
ALEMBICLTD.NS|2026-07-28|ensemble_lr0.20_rf0.30_xgb0.50,ALEMBICLTD.NS,2026-07-28,ensemble_lr0.20_rf0.30_xgb0.50,2025-07-29,2026-07-28,2026-07-27,2025-08-26,2026-07-27,2026-07-28,225,2026-07-28,False,0,0.4888888888888889,0.3942434413294486,0.4,0.46141546964645386,0.4295564230891167,0,57.04,0.4295564230891167,0,57.04,HOLD,0.4389,-0.1222,Sideways,-0.165,0.0,unavailable_no_point_in_time_source,False,86.89,86.89388275146484,2026-07-29,87.91638946533203,1.1767,1,2026-07-31,88.74413299560547,2.1293,1.0,2026-08-04,88.55000305175781,1.9059,1.0,2026-08-11,86.7300033569336,-0.1886,0.0,0,0,0,0,0,1,1.1813,1,0.0,0.0,0.0,0.0,1.0,2.1339,1.0,0.0,0.0,0.0,0.0,1.0,1.9105,1.0,1.0,1.0,1.0,1.0,1.0,-0.1841,1.0,55-60,55-60
ALKEM.NS|2026-07-28|ensemble_lr0.20_rf0.30_xgb0.50,ALKEM.NS,2026-07-28,ensemble_lr0.20_rf0.30_xgb0.50,2025-07-29,2026-07-28,2026-07-27,2025-08-26,2026-07-27,2026-07-28,225,2026-07-28,False,1,0.4444444444444444,0.5701098251227821,0.38,0.6258333921432495,0.5409386610961812,1,54.09,0.5409386610961812,1,54.09,BUY,0.6503,0.3006,Bullish,0.335,0.0,unavailable_no_point_in_time_source,False,5641.4,5641.4033203125,2026-07-29,5662.36572265625,0.3716,1,2026-07-31,5741.224609375,1.7694,1.0,2026-08-04,5597.98095703125,-0.7697,0.0,2026-08-11,5527.5,-2.0191,0.0,1,1,1,1,1,1,0.3716,1,1.0,1.0,1.0,1.0,1.0,1.7695,1.0,0.0,0.0,0.0,0.0,0.0,-0.7697,0.0,0.0,0.0,0.0,0.0,0.0,-2.019,0.0,50-55,50-55
AMBER.NS|2026-07-28|ensemble_lr0.20_rf0.30_xgb0.50,AMBER.NS,2026-07-28,ensemble_lr0.20_rf0.30_xgb0.50,2025-07-29,2026-07-28,2026-07-27,2025-08-26,2026-07-27,2026-07-28,225,2026-07-28,False,1,0.4444444444444445,0.4498825538171937,0.3,0.3280029594898224,0.34397799050834993,0,65.6,0.34397799050834993,0,65.6,SELL,0.3857,-0.2287,High Volatility,-0.335,0.0,unavailable_no_point_in_time_source,False,7209.0,7209.0,2026-07-29,7411.5,2.809,1,2026-07-31,7440.5,3.2113,1.0,2026-08-04,7395.0,2.5801,1.0,2026-08-11,7078.5,-1.8102,0.0,0,0,0,1,0,0,2.809,0,0.0,0.0,1.0,0.0,0.0,3.2113,0.0,0.0,0.0,1.0,0.0,0.0,2.5801,0.0,1.0,1.0,0.0,1.0,1.0,-1.8102,1.0,65-70,65-70
ANGELONE.NS|2026-07-28|ensemble_lr0.20_rf0.30_xgb0.50,ANGELONE.NS,2026-07-28,ensemble_lr0.20_rf0.30_xgb0.50,2025-07-29,2026-07-28,2026-07-27,2025-08-26,2026-07-27,2026-07-28,225,2026-07-28,False,0,0.5555555555555555,0.3639990732726572,0.3,0.3178824782371521,0.32174105377310747,0,67.83,0.32174105377310747,0,67.83,SELL,0.3849,-0.2302,High Volatility,-0.335,0.0,unavailable_no_point_in_time_source,True,302.6,302.6000061035156,2026-07-29,302.5,-0.033,0,2026-07-31,297.95001220703125,-1.5367,0.0,2026-08-04,300.3500061035156,-0.7436,0.0,2026-08-11,291.3999938964844,-3.7013,0.0,0,1,1,1,1,1,-0.033,1,1.0,1.0,1.0,1.0,1.0,-1.5367,1.0,1.0,1.0,1.0,1.0,1.0,-0.7436,1.0,1.0,1.0,1.0,1.0,1.0,-3.7013,1.0,65-70,65-70
APARINDS.NS|2026-07-28|ensemble_lr0.20_rf0.30_xgb0.50,APARINDS.NS,2026-07-28,ensemble_lr0.20_rf0.30_xgb0.50,2025-07-29,2026-07-28,2026-07-27,2025-08-26,2026-07-27,2026-07-28,225,2026-07-28,False,1,0.5185185185185185,0.5493619674897907,0.7,0.7868416905403137,0.713293238768115,1,71.33,0.713293238768115,1,71.33,HOLD,0.5487,0.0974,High Volatility,0.0,0.0,unavailable_no_point_in_time_source,False,13433.36,13433.361328125,2026-07-29,13787.1337890625,2.6335,1,2026-07-31,14298.3583984375,6.4392,1.0,2026-08-04,15379.6044921875,14.4881,1.0,2026-08-11,16690.0546875,24.2433,1.0,0,1,1,1,0,1,2.6335,1,1.0,1.0,1.0,0.0,0.0,6.4392,0.0,1.0,1.0,1.0,0.0,0.0,14.4881,0.0,1.0,1.0,1.0,0.0,0.0,24.2433,0.0,70-75,70-75
APOLLOHOSP.NS|2026-07-28|ensemble_lr0.20_rf0.30_xgb0.50,APOLLOHOSP.NS,2026-07-28,ensemble_lr0.20_rf0.30_xgb0.50,2025-07-29,2026-07-28,2026-07-27,2025-08-26,2026-07-27,2026-07-28,225,2026-07-28,False,0,0.43703703703703706,0.46090558572224716,0.58,0.5594156384468079,0.5458889363678534,1,54.59,0.5458889363678534,1,54.59,BUY,0.6902,0.3805,Bullish,0.665,0.0,unavailable_no_point_in_time_source,False,8892.65,8892.6474609375,2026-07-29,8924.6103515625,0.3594,1,2026-07-31,8946.5849609375,0.6065,1.0,2026-08-04,9039.4765625,1.6511,1.0,2026-08-11,8740.3251953125,-1.7129,0.0,1,1,1,0,1,1,0.3594,1,1.0,1.0,0.0,1.0,1.0,0.6065,1.0,1.0,1.0,0.0,1.0,1.0,1.6511,1.0,0.0,0.0,1.0,0.0,0.0,-1.7129,0.0,50-55,50-55
APOLLOTYRE.NS|2026-07-28|ensemble_lr0.20_rf0.30_xgb0.50,APOLLOTYRE.NS,2026-07-28,ensemble_lr0.20_rf0.30_xgb0.50,2025-07-29,2026-07-28,2026-07-27,2025-08-26,2026-07-27,2026-07-28,225,2026-07-28,False,0,0.43703703703703706,0.5074019601129893,0.32,0.38967975974082947,0.3923202718930126,0,60.77,0.3923202718930126,0,60.77,HOLD,0.45,-0.1,Sideways,0.0,0.0,unavailable_no_point_in_time_source,True,423.85,423.8500061035156,2026-07-29,424.1000061035156,0.059,1,2026-07-31,428.1499938964844,1.0145,1.0,2026-08-04,438.3500061035156,3.421,1.0,2026-08-11,443.0,4.5181,1.0,1,0,0,0,1,1,0.059,1,0.0,0.0,0.0,1.0,1.0,1.0145,1.0,0.0,0.0,0.0,1.0,0.0,3.421,0.0,0.0,0.0,0.0,1.0,0.0,4.5181,0.0,60-65,60-65
ASHOKLEY.NS|2026-07-28|ensemble_lr0.20_rf0.30_xgb0.50,ASHOKLEY.NS,2026-07-28,ensemble_lr0.20_rf0.30_xgb0.50,2025-07-29,2026-07-28,2026-07-27,2025-08-26,2026-07-27,2026-07-28,225,2026-07-28,False,1,0.5185185185185185,0.5096235480013639,0.64,0.5624527931213379,0.5751511061609418,1,57.52,0.5751511061609418,1,57.52,HOLD,0.524,0.048,Sideways,-0.165,0.0,unavailable_no_point_in_time_source,True,157.5,157.5,2026-07-29,157.9600067138672,0.2921,1,2026-07-31,166.17999267578125,5.5111,1.0,2026-08-04,172.0800018310547,9.2571,1.0,2026-08-11,174.8300018310547,11.0032,1.0,1,1,1,1,1,1,0.2921,1,1.0,1.0,1.0,1.0,0.0,5.5111,0.0,1.0,1.0,1.0,1.0,0.0,9.2571,0.0,1.0,1.0,1.0,1.0,0.0,11.0032,0.0,55-60,55-60
ASIANPAINT.NS|2026-07-28|ensemble_lr0.20_rf0.30_xgb0.50,ASIANPAINT.NS,2026-07-28,ensemble_lr0.20_rf0.30_xgb0.50,2025-07-29,2026-07-28,2026-07-27,2025-08-26,2026-07-27,2026-07-28,225,2026-07-28,False,1,0.5037037037037037,0.31153836505902005,0.52,0.751183271408081,0.5938993087158445,1,59.39,0.5938993087158445,1,59.39,BUY,0.6959,0.3918,Sideways,0.835,0.0,unavailable_no_point_in_time_source,True,2736.2,2736.199951171875,2026-07-29,2758.39990234375,0.8113,1,2026-07-31,2747.300048828125,0.4057,1.0,2026-08-04,2775.0,1.418,1.0,2026-08-11,2735.5,-0.0256,0.0,1,1,1,1,1,1,0.8113,1,1.0,1.0,1.0,1.0,1.0,0.4057,1.0,1.0,1.0,1.0,1.0,1.0,1.418,1.0,0.0,0.0,0.0,0.0,0.0,-0.0256,0.0,55-60,55-60
ASTRAL.NS|2026-07-28|ensemble_lr0.20_rf0.30_xgb0.50,ASTRAL.NS,2026-07-28,ensemble_lr0.20_rf0.30_xgb0.50,2025-07-29,2026-07-28,2026-07-27,2025-08-26,2026-07-27,2026-07-28,225,2026-07-28,False,1,0.5481481481481482,0.6023336536426674,0.48,0.22904276847839355,0.37898811496773027,0,62.1,0.37898811496773027,0,62.1,HOLD,0.4819,-0.0362,Bullish,-0.335,0.0,unavailable_no_point_in_time_source,True,1469.09,1469.0894775390625,2026-07-29,1473.981689453125,0.333,1,2026-07-31,1446.3251953125,-1.5496,0.0,2026-08-04,1445.7261962890625,-1.5903,0.0,2026-08-11,1422.6624755859375,-3.1603,0.0,1,0,0,1,1,1,0.333,1,1.0,1.0,0.0,0.0,1.0,-1.5496,1.0,1.0,1.0,0.0,0.0,1.0,-1.5904,1.0,1.0,1.0,0.0,0.0,0.0,-3.1603,0.0,60-65,60-65
AUBANK.NS|2026-07-28|ensemble_lr0.20_rf0.30_xgb0.50,AUBANK.NS,2026-07-28,ensemble_lr0.20_rf0.30_xgb0.50,2025-07-29,2026-07-28,2026-07-27,2025-08-26,2026-07-27,2026-07-28,225,2026-07-28,False,1,0.5333333333333333,0.43444731428450833,0.46,0.37414267659187317,0.4119608011528383,0,58.8,0.4119608011528383,0,58.8,HOLD,0.5083,0.0166,Bullish,-0.165,0.0,unavailable_no_point_in_time_source,True,1046.68,1046.6834716796875,2026-07-29,1041.288818359375,-0.5154,0,2026-07-31,1047.300048828125,0.0589,1.0,2026-08-04,1059.0,1.1767,1.0,2026-08-11,1070.9000244140625,2.3136,1.0,0,1,1,0,1,1,-0.5151,1,0.0,0.0,1.0,0.0,1.0,0.0592,1.0,0.0,0.0,1.0,0.0,1.0,1.1771,1.0,0.0,0.0,1.0,0.0,1.0,2.314,1.0,55-60,55-60
AXISBANK.NS|2026-07-28|ensemble_lr0.20_rf0.30_xgb0.50,AXISBANK.NS,2026-07-28,ensemble_lr0.20_rf0.30_xgb0.50,2025-07-29,2026-07-28,2026-07-27,2025-08-26,2026-07-27,2026-07-28,225,2026-07-28,False,1,0.5851851851851851,0.7369264351605241,0.5,0.45626553893089294,0.5255180564975512,1,52.55,0.5255180564975512,1,52.55,HOLD,0.4396,-0.1207,Bearish,-0.5,0.0,unavailable_no_point_in_time_source,False,1223.5,1223.5,2026-07-29,1235.4000244140625,0.9726,1,2026-07-31,1229.5,0.4904,1.0,2026-08-04,1261.800048828125,3.1304,1.0,2026-08-11,1229.800048828125,0.5149,1.0,0,1,1,1,0,1,0.9726,1,1.0,1.0,1.0,0.0,1.0,0.4904,1.0,1.0,1.0,1.0,0.0,0.0,3.1304,0.0,1.0,1.0,1.0,0.0,1.0,0.5149,1.0,50-55,50-55
BAJAJ-AUTO.NS|2026-07-28|ensemble_lr0.20_rf0.30_xgb0.50,BAJAJ-AUTO.NS,2026-07-28,ensemble_lr0.20_rf0.30_xgb0.50,2025-07-29,2026-07-28,2026-07-27,2025-08-26,2026-07-27,2026-07-28,225,2026-07-28,False,1,0.4666666666666666,0.36724602322497896,0.62,0.40895265340805054,0.46392553134902104,0,53.61,0.46392553134902104,0,53.61,BUY,0.6617,0.3235,Bullish,1.0,0.0,unavailable_no_point_in_time_source,False,11374.0,11374.0,2026-07-29,11338.0,-0.3165,0,2026-07-31,11520.5,1.288,1.0,2026-08-04,11600.0,1.987,1.0,2026-08-11,11717.0,3.0156,1.0,1,1,1,0,0,0,-0.3165,0,0.0,0.0,1.0,1.0,1.0,1.288,1.0,0.0,0.0,1.0,1.0,1.0,1.987,1.0,0.0,0.0,1.0,1.0,1.0,3.0156,1.0,50-55,50-55
BAJAJFINSV.NS|2026-07-28|ensemble_lr0.20_rf0.30_xgb0.50,BAJAJFINSV.NS,2026-07-28,ensemble_lr0.20_rf0.30_xgb0.50,2025-07-29,2026-07-28,2026-07-27,2025-08-26,2026-07-27,2026-07-28,225,2026-07-28,False,0,0.47407407407407404,0.7520693556023675,0.56,0.548271894454956,0.5925498183479516,1,59.25,0.5925498183479516,1,59.25,STRONG BUY,0.7407,0.4815,Bullish,0.5,0.0,unavailable_no_point_in_time_source,True,1927.9,1927.9000244140625,2026-07-29,1924.4000244140625,-0.1815,0,2026-07-31,2029.0999755859375,5.2492,1.0,2026-08-04,2105.0,9.1862,1.0,2026-08-11,2032.0,5.3997,1.0,1,0,0,1,0,0,-0.1815,0,1.0,1.0,0.0,1.0,1.0,5.2492,1.0,1.0,1.0,0.0,1.0,1.0,9.1862,1.0,1.0,1.0,0.0,1.0,1.0,5.3997,1.0,55-60,55-60
BAJFINANCE.NS|2026-07-28|ensemble_lr0.20_rf0.30_xgb0.50,BAJFINANCE.NS,2026-07-28,ensemble_lr0.20_rf0.30_xgb0.50,2025-07-29,2026-07-28,2026-07-27,2025-08-26,2026-07-27,2026-07-28,225,2026-07-28,False,1,0.5185185185185185,0.7067695493893501,0.72,0.8280385136604309,0.7713731667080854,1,77.14,0.7713731667080854,1,77.14,BUY,0.676,0.352,Bullish,0.5,0.0,unavailable_no_point_in_time_source,True,1048.4,1048.4000244140625,2026-07-29,1054.4000244140625,0.5723,1,2026-07-31,1141.199951171875,8.8516,1.0,2026-08-04,1149.0,9.5956,1.0,2026-08-11,1093.300048828125,4.2827,1.0,1,1,1,1,1,1,0.5723,1,1.0,1.0,1.0,1.0,1.0,8.8516,1.0,1.0,1.0,1.0,1.0,1.0,9.5956,1.0,1.0,1.0,1.0,1.0,1.0,4.2827,1.0,75-80,75-80
BEL.NS|2026-07-28|ensemble_lr0.20_rf0.30_xgb0.50,BEL.NS,2026-07-28,ensemble_lr0.20_rf0.30_xgb0.50,2025-07-29,2026-07-28,2026-07-27,2025-08-26,2026-07-27,2026-07-28,225,2026-07-28,False,0,0.48148148148148145,0.7391628437221005,0.64,0.7198825478553772,0.6997738426721087,1,69.98,0.6997738426721087,1,69.98,HOLD,0.5032,0.0065,Sideways,-0.5,0.0,unavailable_no_point_in_time_source,True,388.47,388.4726257324219,2026-07-29,387.02459716796875,-0.3727,0,2026-07-31,387.3241882324219,-0.2956,0.0,2026-08-04,390.96923828125,0.6427,1.0,2026-08-11,405.2998046875,4.3316,1.0,0,0,0,1,1,1,-0.3721,1,0.0,0.0,1.0,1.0,1.0,-0.295,1.0,1.0,1.0,0.0,0.0,1.0,0.6434,1.0,1.0,1.0,0.0,0.0,0.0,4.3323,0.0,65-70,65-70
BPCL.NS|2026-07-28|ensemble_lr0.20_rf0.30_xgb0.50,BPCL.NS,2026-07-28,ensemble_lr0.20_rf0.30_xgb0.50,2025-07-29,2026-07-28,2026-07-27,2025-08-26,2026-07-27,2026-07-28,225,2026-07-28,False,0,0.4962962962962963,0.5968800926163205,0.74,0.8206886053085327,0.7517203211775305,1,75.17,0.7517203211775305,1,75.17,BUY,0.6202,0.2404,Sideways,0.335,0.0,unavailable_no_point_in_time_source,True,320.05,320.04998779296875,2026-07-29,317.3999938964844,-0.828,0,2026-07-31,319.75,-0.0937,0.0,2026-08-04,324.0,1.2342,1.0,2026-08-11,317.79998779296875,-0.703,0.0,1,0,0,1,0,0,-0.828,0,0.0,0.0,1.0,0.0,0.0,-0.0937,0.0,1.0,1.0,0.0,1.0,1.0,1.2342,1.0,0.0,0.0,1.0,0.0,0.0,-0.703,0.0,75-80,75-80
AARTIIND.NS|2026-08-04|ensemble_lr0.20_rf0.30_xgb0.50,AARTIIND.NS,2026-08-04,ensemble_lr0.20_rf0.30_xgb0.50,2025-08-05,2026-08-04,2026-08-03,2025-09-03,2026-08-03,2026-08-04,225,2026-08-04,False,0,0.4222222222222222,0.40992661533908725,0.44,0.6804580688476562,0.5542143574916456,1,55.42,0.5542143574916456,1,55.42,HOLD,0.5606,0.1213,High Volatility,0.0,0.0,unavailable_no_point_in_time_source,True,480.79,480.79425048828125,2026-08-05,484.9859313964844,0.8718,1,2026-08-07,501.1038818359375,4.2242,1.0,2026-08-11,504.2975158691406,4.8884,1.0,2026-08-18,529.0482788085938,10.0363,1.0,0,1,1,0,0,1,0.8727,1,1.0,1.0,0.0,0.0,0.0,4.2251,0.0,1.0,1.0,0.0,0.0,0.0,4.8894,0.0,1.0,1.0,0.0,0.0,0.0,10.0373,0.0,55-60,55-60
AAVAS.NS|2026-08-04|ensemble_lr0.20_rf0.30_xgb0.50,AAVAS.NS,2026-08-04,ensemble_lr0.20_rf0.30_xgb0.50,2025-08-05,2026-08-04,2026-08-03,2025-09-03,2026-08-03,2026-08-04,225,2026-08-04,False,0,0.5407407407407407,0.20948576822511694,0.38,0.43856513500213623,0.3751797211460915,0,62.48,0.3751797211460915,0,62.48,HOLD,0.4258,-0.1485,High Volatility,-0.165,0.0,unavailable_no_point_in_time_source,False,1392.6,1392.5999755859375,2026-08-05,1375.699951171875,-1.2136,0,2026-08-07,1371.5,-1.5151,0.0,2026-08-11,1396.800048828125,0.3016,1.0,2026-08-18,1388.300048828125,-0.3088,0.0,0,1,1,1,1,1,-1.2136,1,1.0,1.0,1.0,1.0,1.0,-1.5152,1.0,0.0,0.0,0.0,0.0,1.0,0.3016,1.0,1.0,1.0,1.0,1.0,1.0,-0.3088,1.0,60-65,60-65
ABCAPITAL.NS|2026-08-04|ensemble_lr0.20_rf0.30_xgb0.50,ABCAPITAL.NS,2026-08-04,ensemble_lr0.20_rf0.30_xgb0.50,2025-08-05,2026-08-04,2026-08-03,2025-09-03,2026-08-03,2026-08-04,225,2026-08-04,False,1,0.5185185185185185,0.3617665722457304,0.48,0.3732364773750305,0.40297155313666133,0,59.7,0.40297155313666133,0,59.7,HOLD,0.5679,0.1357,Sideways,1.0,0.0,unavailable_no_point_in_time_source,True,420.0,420.0,2026-08-05,424.70001220703125,1.1191,1,2026-08-07,408.04998779296875,-2.8452,0.0,2026-08-11,407.1499938964844,-3.0595,0.0,2026-08-18,402.0,-4.2857,0.0,0,0,0,1,0,1,1.1191,1,1.0,1.0,0.0,1.0,1.0,-2.8452,1.0,1.0,1.0,0.0,1.0,0.0,-3.0595,0.0,1.0,1.0,0.0,1.0,0.0,-4.2857,0.0,55-60,55-60
ABFRL.NS|2026-08-04|ensemble_lr0.20_rf0.30_xgb0.50,ABFRL.NS,2026-08-04,ensemble_lr0.20_rf0.30_xgb0.50,2025-08-05,2026-08-04,2026-08-03,2025-09-03,2026-08-03,2026-08-04,225,2026-08-04,False,0,0.48148148148148145,0.45240813304653593,0.44,0.34566396474838257,0.3953136089834985,0,60.47,0.3953136089834985,0,60.47,HOLD,0.4326,-0.1348,High Volatility,0.0,0.0,unavailable_no_point_in_time_source,True,61.0,61.0,2026-08-05,62.099998474121094,1.8033,1,2026-08-07,63.33000183105469,3.8197,1.0,2026-08-11,58.630001068115234,-3.8852,0.0,2026-08-18,54.970001220703125,-9.8852,0.0,0,0,0,0,0,1,1.8033,1,0.0,0.0,0.0,0.0,0.0,3.8197,0.0,1.0,1.0,1.0,1.0,0.0,-3.8852,0.0,1.0,1.0,1.0,1.0,0.0,-9.8852,0.0,60-65,60-65
ACC.NS|2026-08-04|ensemble_lr0.20_rf0.30_xgb0.50,ACC.NS,2026-08-04,ensemble_lr0.20_rf0.30_xgb0.50,2025-08-05,2026-08-04,2026-08-03,2025-09-03,2026-08-03,2026-08-04,225,2026-08-04,False,0,0.48888888888888893,0.45475065133859677,0.56,0.43286165595054626,0.47538095824299254,0,52.46,0.47538095824299254,0,52.46,HOLD,0.4703,-0.0595,Sideways,0.165,0.0,unavailable_no_point_in_time_source,False,1384.7,1384.699951171875,2026-08-05,1394.0,0.6716,1,2026-08-07,1362.800048828125,-1.5816,0.0,2026-08-11,1339.800048828125,-3.2426,0.0,2026-08-18,1303.800048828125,-5.8424,0.0,0,0,0,0,0,1,0.6716,1,1.0,1.0,1.0,1.0,1.0,-1.5816,1.0,1.0,1.0,1.0,1.0,0.0,-3.2426,0.0,1.0,1.0,1.0,1.0,0.0,-5.8424,0.0,50-55,50-55
ADANIENT.NS|2026-08-04|ensemble_lr0.20_rf0.30_xgb0.50,ADANIENT.NS,2026-08-04,ensemble_lr0.20_rf0.30_xgb0.50,2025-08-05,2026-08-04,2026-08-03,2025-09-03,2026-08-03,2026-08-04,225,2026-08-04,False,0,0.5259259259259259,0.40297693333250234,0.3,0.23422276973724365,0.2877067715351223,0,71.23,0.2877067715351223,0,71.23,HOLD,0.4738,-0.0524,Sideways,0.5,0.0,unavailable_no_point_in_time_source,True,3050.0,3050.0,2026-08-05,3050.0,0.0,0,2026-08-07,3020.0,-0.9836,0.0,2026-08-11,2995.5,-1.7869,0.0,2026-08-18,3002.5,-1.5574,0.0,0,1,1,1,1,1,0.0,1,1.0,1.0,1.0,1.0,1.0,-0.9836,1.0,1.0,1.0,1.0,1.0,1.0,-1.7869,1.0,1.0,1.0,1.0,1.0,1.0,-1.5574,1.0,70-75,70-75
ADANIPORTS.NS|2026-08-04|ensemble_lr0.20_rf0.30_xgb0.50,ADANIPORTS.NS,2026-08-04,ensemble_lr0.20_rf0.30_xgb0.50,2025-08-05,2026-08-04,2026-08-03,2025-09-03,2026-08-03,2026-08-04,225,2026-08-04,False,1,0.5481481481481482,0.5595831901862067,0.64,0.7729712128639221,0.6904022444692024,1,69.04,0.6904022444692024,1,69.04,HOLD,0.4528,-0.0944,Bearish,-0.335,0.0,unavailable_no_point_in_time_source,True,1706.7,1706.699951171875,2026-08-05,1700.0,-0.3926,0,2026-08-07,1693.5,-0.7734,0.0,2026-08-11,1668.199951171875,-2.2558,0.0,2026-08-18,1682.4000244140625,-1.4238,0.0,1,0,0,0,0,1,-0.3926,1,0.0,0.0,0.0,0.0,1.0,-0.7734,1.0,0.0,0.0,0.0,0.0,1.0,-2.2558,1.0,0.0,0.0,0.0,0.0,1.0,-1.4238,1.0,65-70,65-70
AETHER.NS|2026-08-04|ensemble_lr0.20_rf0.30_xgb0.50,AETHER.NS,2026-08-04,ensemble_lr0.20_rf0.30_xgb0.50,2025-08-05,2026-08-04,2026-08-03,2025-09-03,2026-08-03,2026-08-04,225,2026-08-04,False,0,0.4296296296296296,0.21188159960366984,0.36,0.4071930944919586,0.3539728671667133,0,64.6,0.3539728671667133,0,64.6,BUY,0.6734,0.3468,High Volatility,1.0,0.0,unavailable_no_point_in_time_source,False,1578.3,1578.300048828125,2026-08-05,1589.4000244140625,0.7033,1,2026-08-07,1591.5999755859375,0.8427,1.0,2026-08-11,1634.199951171875,3.5418,1.0,2026-08-18,1633.5999755859375,3.5038,1.0,1,0,0,0,1,1,0.7033,1,0.0,0.0,0.0,1.0,1.0,0.8427,1.0,0.0,0.0,0.0,1.0,1.0,3.5418,1.0,0.0,0.0,0.0,1.0,1.0,3.5038,1.0,60-65,60-65
AIAENG.NS|2026-08-04|ensemble_lr0.20_rf0.30_xgb0.50,AIAENG.NS,2026-08-04,ensemble_lr0.20_rf0.30_xgb0.50,2025-08-05,2026-08-04,2026-08-03,2025-09-03,2026-08-03,2026-08-04,225,2026-08-04,False,1,0.5407407407407407,0.37980881162630964,0.36,0.23731769621372223,0.30262061043212307,0,69.74,0.30262061043212307,0,69.74,HOLD,0.4843,-0.0313,Sideways,0.5,0.0,unavailable_no_point_in_time_source,False,4609.67,4609.671875,2026-08-05,4629.19873046875,0.4236,1,2026-08-07,4758.1142578125,3.2202,1.0,2026-08-11,4763.693359375,3.3413,1.0,2026-08-18,4430.94384765625,-3.8772,0.0,0,0,0,1,0,1,0.4236,1,0.0,0.0,1.0,0.0,0.0,3.2203,0.0,0.0,0.0,1.0,0.0,0.0,3.3413,0.0,1.0,1.0,0.0,1.0,0.0,-3.8772,0.0,65-70,65-70
AJANTPHARM.NS|2026-08-04|ensemble_lr0.20_rf0.30_xgb0.50,AJANTPHARM.NS,2026-08-04,ensemble_lr0.20_rf0.30_xgb0.50,2025-08-05,2026-08-04,2026-08-03,2025-09-03,2026-08-03,2026-08-04,225,2026-08-04,False,0,0.5259259259259259,0.7189744348187658,0.64,0.2200133204460144,0.44580154718676035,0,55.42,0.44580154718676035,0,55.42,HOLD,0.577,0.154,Bullish,0.665,0.0,unavailable_no_point_in_time_source,False,3493.1,3493.10009765625,2026-08-05,3437.5,-1.5917,0,2026-08-07,3489.199951171875,-0.1117,0.0,2026-08-11,3507.0,0.3979,1.0,2026-08-18,3706.39990234375,6.1063,1.0,1,1,1,1,0,1,-1.5917,1,1.0,1.0,1.0,0.0,1.0,-0.1117,1.0,0.0,0.0,0.0,1.0,1.0,0.3979,1.0,0.0,0.0,0.0,1.0,0.0,6.1063,0.0,55-60,55-60
ALEMBICLTD.NS|2026-08-04|ensemble_lr0.20_rf0.30_xgb0.50,ALEMBICLTD.NS,2026-08-04,ensemble_lr0.20_rf0.30_xgb0.50,2025-08-05,2026-08-04,2026-08-03,2025-09-03,2026-08-03,2026-08-04,225,2026-08-04,False,0,0.48888888888888893,0.41119670590069846,0.62,0.6842177510261536,0.6103482166932165,1,61.03,0.6103482166932165,1,61.03,BUY,0.61,0.22,Sideways,0.165,0.0,unavailable_no_point_in_time_source,False,88.55,88.55000305175781,2026-08-05,87.13999938964844,-1.5923,0,2026-08-07,84.75,-4.2914,0.0,2026-08-11,86.7300033569336,-2.0553,0.0,2026-08-18,89.87000274658203,1.4907,1.0,0,0,0,1,1,0,-1.5923,0,0.0,0.0,1.0,1.0,0.0,-4.2914,0.0,0.0,0.0,1.0,1.0,0.0,-2.0553,0.0,1.0,1.0,0.0,0.0,1.0,1.4907,1.0,60-65,60-65
ALKEM.NS|2026-08-04|ensemble_lr0.20_rf0.30_xgb0.50,ALKEM.NS,2026-08-04,ensemble_lr0.20_rf0.30_xgb0.50,2025-08-05,2026-08-04,2026-08-03,2025-09-03,2026-08-03,2026-08-04,225,2026-08-04,False,1,0.45925925925925926,0.587597860074974,0.68,0.44430744647979736,0.5436732952548935,1,54.37,0.5436732952548935,1,54.37,HOLD,0.5567,0.1133,Sideways,0.335,0.0,unavailable_no_point_in_time_source,False,5597.98,5597.98095703125,2026-08-05,5686.3232421875,1.5781,1,2026-08-07,5620.0,0.3933,1.0,2026-08-11,5527.5,-1.259,0.0,2026-08-18,5475.0,-2.1969,0.0,0,1,1,1,0,1,1.5781,1,1.0,1.0,1.0,0.0,1.0,0.3934,1.0,0.0,0.0,0.0,1.0,1.0,-1.259,1.0,0.0,0.0,0.0,1.0,1.0,-2.1969,1.0,50-55,50-55
AMBER.NS|2026-08-04|ensemble_lr0.20_rf0.30_xgb0.50,AMBER.NS,2026-08-04,ensemble_lr0.20_rf0.30_xgb0.50,2025-08-05,2026-08-04,2026-08-03,2025-09-03,2026-08-03,2026-08-04,225,2026-08-04,False,1,0.47407407407407404,0.40171932775967745,0.3,0.31176063418388367,0.3262241826438773,0,67.38,0.3262241826438773,0,67.38,SELL,0.384,-0.2319,Sideways,-0.165,0.0,unavailable_no_point_in_time_source,False,7395.0,7395.0,2026-08-05,7526.0,1.7715,1,2026-08-07,7435.0,0.5409,1.0,2026-08-11,7078.5,-4.2799,0.0,2026-08-18,7350.0,-0.6085,0.0,0,0,0,1,0,0,1.7715,0,0.0,0.0,1.0,0.0,0.0,0.5409,0.0,1.0,1.0,0.0,1.0,1.0,-4.2799,1.0,1.0,1.0,0.0,1.0,1.0,-0.6085,1.0,65-70,65-70
ANGELONE.NS|2026-08-04|ensemble_lr0.20_rf0.30_xgb0.50,ANGELONE.NS,2026-08-04,ensemble_lr0.20_rf0.30_xgb0.50,2025-08-05,2026-08-04,2026-08-03,2025-09-03,2026-08-03,2026-08-04,225,2026-08-04,False,0,0.5555555555555556,0.24334099679293109,0.38,0.4968530237674713,0.4110947112423219,0,58.89,0.4110947112423219,0,58.89,SELL,0.3319,-0.3362,High Volatility,-0.5,0.0,unavailable_no_point_in_time_source,True,300.35,300.3500061035156,2026-08-05,299.20001220703125,-0.3829,0,2026-08-07,292.0,-2.7801,0.0,2026-08-11,291.3999938964844,-2.9799,0.0,2026-08-18,291.75,-2.8633,0.0,0,1,1,1,1,1,-0.3829,1,1.0,1.0,1.0,1.0,1.0,-2.7801,1.0,1.0,1.0,1.0,1.0,1.0,-2.9799,1.0,1.0,1.0,1.0,1.0,1.0,-2.8633,1.0,55-60,55-60
APARINDS.NS|2026-08-04|ensemble_lr0.20_rf0.30_xgb0.50,APARINDS.NS,2026-08-04,ensemble_lr0.20_rf0.30_xgb0.50,2025-08-05,2026-08-04,2026-08-03,2025-09-03,2026-08-03,2026-08-04,225,2026-08-04,False,1,0.40740740740740744,0.8481519228459525,0.44,0.7353233098983765,0.6692920395183788,1,66.93,0.6692920395183788,1,66.93,BUY,0.7121,0.4241,High Volatility,0.665,0.0,unavailable_no_point_in_time_source,False,15379.6,15379.6044921875,2026-08-05,15611.798828125,1.5098,1,2026-08-07,16573.458984375,7.7626,1.0,2026-08-11,16690.0546875,8.5207,1.0,2026-08-18,17154.443359375,11.5402,1.0,1,1,1,1,1,1,1.5098,1,1.0,1.0,1.0,1.0,1.0,7.7626,1.0,1.0,1.0,1.0,1.0,1.0,8.5207,1.0,1.0,1.0,1.0,1.0,1.0,11.5402,1.0,65-70,65-70
APOLLOHOSP.NS|2026-08-04|ensemble_lr0.20_rf0.30_xgb0.50,APOLLOHOSP.NS,2026-08-04,ensemble_lr0.20_rf0.30_xgb0.50,2025-08-05,2026-08-04,2026-08-03,2025-09-03,2026-08-03,2026-08-04,225,2026-08-04,False,0,0.5037037037037037,0.3453105577888256,0.44,0.34036099910736084,0.3712426111114455,0,62.88,0.3712426111114455,0,62.88,HOLD,0.5691,0.1382,Bullish,0.665,0.0,unavailable_no_point_in_time_source,False,9039.48,9039.4765625,2026-08-05,8899.6396484375,-1.547,0,2026-08-07,8934.5986328125,-1.1602,0.0,2026-08-11,8740.3251953125,-3.3094,0.0,2026-08-18,8817.0,-2.4612,0.0,1,1,1,1,0,1,-1.547,1,1.0,1.0,1.0,0.0,1.0,-1.1603,1.0,1.0,1.0,1.0,0.0,0.0,-3.3094,0.0,1.0,1.0,1.0,0.0,1.0,-2.4612,1.0,60-65,60-65
APOLLOTYRE.NS|2026-08-04|ensemble_lr0.20_rf0.30_xgb0.50,APOLLOTYRE.NS,2026-08-04,ensemble_lr0.20_rf0.30_xgb0.50,2025-08-05,2026-08-04,2026-08-03,2025-09-03,2026-08-03,2026-08-04,225,2026-08-04,False,0,0.48148148148148145,0.46088630696587735,0.58,0.18723826110363007,0.35979639194499047,0,64.02,0.35979639194499047,0,64.02,HOLD,0.5476,0.0952,Sideways,0.5,0.0,unavailable_no_point_in_time_source,True,438.35,438.3500061035156,2026-08-05,444.8999938964844,1.4942,1,2026-08-07,445.0,1.5171,1.0,2026-08-11,443.0,1.0608,1.0,2026-08-18,436.0,-0.5361,0.0,1,0,0,0,1,1,1.4942,1,0.0,0.0,0.0,1.0,1.0,1.5171,1.0,0.0,0.0,0.0,1.0,1.0,1.0608,1.0,1.0,1.0,1.0,0.0,1.0,-0.5361,1.0,60-65,60-65
ASHOKLEY.NS|2026-08-04|ensemble_lr0.20_rf0.30_xgb0.50,ASHOKLEY.NS,2026-08-04,ensemble_lr0.20_rf0.30_xgb0.50,2025-08-05,2026-08-04,2026-08-03,2025-09-03,2026-08-03,2026-08-04,225,2026-08-04,False,1,0.4888888888888889,0.46094544180444474,0.44,0.2898557186126709,0.3691169476672244,0,63.09,0.3691169476672244,0,63.09,HOLD,0.5419,0.0838,Sideways,0.67,0.0,unavailable_no_point_in_time_source,True,172.08,172.0800018310547,2026-08-05,177.0,2.8591,1,2026-08-07,177.5,3.1497,1.0,2026-08-11,174.8300018310547,1.5981,1.0,2026-08-18,176.35000610351562,2.4814,1.0,0,0,0,1,0,1,2.8591,1,0.0,0.0,1.0,0.0,0.0,3.1497,0.0,0.0,0.0,1.0,0.0,1.0,1.5981,1.0,0.0,0.0,1.0,0.0,1.0,2.4814,1.0,60-65,60-65
ASIANPAINT.NS|2026-08-04|ensemble_lr0.20_rf0.30_xgb0.50,ASIANPAINT.NS,2026-08-04,ensemble_lr0.20_rf0.30_xgb0.50,2025-08-05,2026-08-04,2026-08-03,2025-09-03,2026-08-03,2026-08-04,225,2026-08-04,False,1,0.43703703703703706,0.39087783230348044,0.36,0.348917156457901,0.3606341446896466,0,63.94,0.3606341446896466,0,63.94,HOLD,0.5664,0.1327,Sideways,1.0,0.0,unavailable_no_point_in_time_source,True,2775.0,2775.0,2026-08-05,2760.0,-0.5405,0,2026-08-07,2735.0,-1.4414,0.0,2026-08-11,2735.5,-1.4234,0.0,2026-08-18,2628.39990234375,-5.2829,0.0,0,1,1,0,1,1,-0.5405,1,1.0,1.0,0.0,1.0,1.0,-1.4414,1.0,1.0,1.0,0.0,1.0,1.0,-1.4234,1.0,1.0,1.0,0.0,1.0,0.0,-5.2829,0.0,60-65,60-65
ASTRAL.NS|2026-08-04|ensemble_lr0.20_rf0.30_xgb0.50,ASTRAL.NS,2026-08-04,ensemble_lr0.20_rf0.30_xgb0.50,2025-08-05,2026-08-04,2026-08-03,2025-09-03,2026-08-03,2026-08-04,225,2026-08-04,False,1,0.6,0.8154228275732125,0.4,0.7834085822105408,0.674788856619913,1,67.48,0.674788856619913,1,67.48,HOLD,0.5422,0.0845,Sideways,-0.335,0.0,unavailable_no_point_in_time_source,True,1445.73,1445.7261962890625,2026-08-05,1432.447021484375,-0.9185,0,2026-08-07,1441.732421875,-0.2762,0.0,2026-08-11,1422.6624755859375,-1.5953,0.0,2026-08-18,1520.0,5.1375,1.0,1,0,0,0,0,1,-0.9188,1,0.0,0.0,0.0,0.0,1.0,-0.2765,1.0,0.0,0.0,0.0,0.0,1.0,-1.5956,1.0,1.0,1.0,1.0,1.0,0.0,5.1372,0.0,65-70,65-70
AUBANK.NS|2026-08-04|ensemble_lr0.20_rf0.30_xgb0.50,AUBANK.NS,2026-08-04,ensemble_lr0.20_rf0.30_xgb0.50,2025-08-05,2026-08-04,2026-08-03,2025-09-03,2026-08-03,2026-08-04,225,2026-08-04,False,1,0.5703703703703703,0.5861359255492498,0.46,0.538587749004364,0.524521059612032,1,52.45,0.524521059612032,1,52.45,BUY,0.6222,0.2445,Sideways,0.335,0.0,unavailable_no_point_in_time_source,False,1059.0,1059.0,2026-08-05,1051.300048828125,-0.7271,0,2026-08-07,1067.0,0.7554,1.0,2026-08-11,1070.9000244140625,1.1237,1.0,2026-08-18,1075.699951171875,1.577,1.0,0,0,0,0,1,0,-0.7271,0,1.0,1.0,1.0,0.0,1.0,0.7554,1.0,1.0,1.0,1.0,0.0,1.0,1.1237,1.0,1.0,1.0,1.0,0.0,1.0,1.577,1.0,50-55,50-55
AXISBANK.NS|2026-08-04|ensemble_lr0.20_rf0.30_xgb0.50,AXISBANK.NS,2026-08-04,ensemble_lr0.20_rf0.30_xgb0.50,2025-08-05,2026-08-04,2026-08-03,2025-09-03,2026-08-03,2026-08-04,225,2026-08-04,False,1,0.5185185185185185,0.7975580023774682,0.6,0.7433109283447266,0.711167064647857,1,71.12,0.711167064647857,1,71.12,HOLD,0.5124,0.0248,Bearish,0.0,0.0,unavailable_no_point_in_time_source,True,1261.8,1261.800048828125,2026-08-05,1253.9000244140625,-0.6261,0,2026-08-07,1238.0,-1.8862,0.0,2026-08-11,1229.800048828125,-2.5361,0.0,2026-08-18,1243.0,-1.4899,0.0,0,0,0,0,1,1,-0.6261,1,0.0,0.0,0.0,1.0,1.0,-1.8862,1.0,0.0,0.0,0.0,1.0,1.0,-2.5361,1.0,0.0,0.0,0.0,1.0,1.0,-1.4899,1.0,70-75,70-75
BAJAJ-AUTO.NS|2026-08-04|ensemble_lr0.20_rf0.30_xgb0.50,BAJAJ-AUTO.NS,2026-08-04,ensemble_lr0.20_rf0.30_xgb0.50,2025-08-05,2026-08-04,2026-08-03,2025-09-03,2026-08-03,2026-08-04,225,2026-08-04,False,1,0.43703703703703706,0.36706018959919895,0.5,0.5225533246994019,0.4846887002695407,0,51.53,0.4846887002695407,0,51.53,BUY,0.6555,0.3109,Bullish,1.0,0.0,unavailable_no_point_in_time_source,False,11600.0,11600.0,2026-08-05,11800.0,1.7241,1,2026-08-07,11662.0,0.5345,1.0,2026-08-11,11717.0,1.0086,1.0,2026-08-18,11607.0,0.0603,1.0,0,0,0,1,0,1,1.7241,1,0.0,0.0,1.0,0.0,1.0,0.5345,1.0,0.0,0.0,1.0,0.0,1.0,1.0086,1.0,0.0,0.0,1.0,0.0,1.0,0.0603,1.0,50-55,50-55
BAJAJFINSV.NS|2026-08-04|ensemble_lr0.20_rf0.30_xgb0.50,BAJAJFINSV.NS,2026-08-04,ensemble_lr0.20_rf0.30_xgb0.50,2025-08-05,2026-08-04,2026-08-03,2025-09-03,2026-08-03,2026-08-04,225,2026-08-04,False,0,0.5259259259259258,0.5421932137781006,0.48,0.41003546118736267,0.45745637334930145,0,54.25,0.45745637334930145,0,54.25,BUY,0.6366,0.2733,Bullish,0.835,0.0,unavailable_no_point_in_time_source,False,2105.0,2105.0,2026-08-05,2086.0,-0.9026,0,2026-08-07,2008.9000244140625,-4.5653,0.0,2026-08-11,2032.0,-3.4679,0.0,2026-08-18,2011.199951171875,-4.4561,0.0,1,1,1,1,0,0,-0.9026,0,1.0,1.0,1.0,0.0,0.0,-4.5653,0.0,1.0,1.0,1.0,0.0,0.0,-3.4679,0.0,1.0,1.0,1.0,0.0,0.0,-4.4561,0.0,50-55,50-55
BAJFINANCE.NS|2026-08-04|ensemble_lr0.20_rf0.30_xgb0.50,BAJFINANCE.NS,2026-08-04,ensemble_lr0.20_rf0.30_xgb0.50,2025-08-05,2026-08-04,2026-08-03,2025-09-03,2026-08-03,2026-08-04,225,2026-08-04,False,1,0.47407407407407404,0.3098248015383469,0.36,0.3331880271434784,0.3365589738794086,0,66.34,0.3365589738794086,0,66.34,BUY,0.6373,0.2746,Bullish,1.0,0.0,unavailable_no_point_in_time_source,False,1149.0,1149.0,2026-08-05,1158.800048828125,0.8529,1,2026-08-07,1078.0,-6.1793,0.0,2026-08-11,1093.300048828125,-4.8477,0.0,2026-08-18,1094.300048828125,-4.7607,0.0,0,0,0,1,0,1,0.8529,1,1.0,1.0,0.0,1.0,0.0,-6.1793,0.0,1.0,1.0,0.0,1.0,0.0,-4.8477,0.0,1.0,1.0,0.0,1.0,0.0,-4.7607,0.0,65-70,65-70
BEL.NS|2026-08-04|ensemble_lr0.20_rf0.30_xgb0.50,BEL.NS,2026-08-04,ensemble_lr0.20_rf0.30_xgb0.50,2025-08-05,2026-08-04,2026-08-03,2025-09-03,2026-08-03,2026-08-04,225,2026-08-04,False,0,0.45925925925925926,0.4695263469685237,0.44,0.42607617378234863,0.43894335628487907,0,56.11,0.43894335628487907,0,56.11,SELL,0.3629,-0.2743,Sideways,-0.5,0.0,unavailable_no_point_in_time_source,True,390.97,390.96923828125,2026-08-05,389.4712829589844,-0.3831,0,2026-08-07,400.45635986328125,2.4266,1.0,2026-08-11,405.2998046875,3.6654,1.0,2026-08-18,412.0,5.3791,1.0,0,1,1,1,1,1,-0.3833,1,0.0,0.0,0.0,0.0,0.0,2.4264,0.0,0.0,0.0,0.0,0.0,0.0,3.6652,0.0,0.0,0.0,0.0,0.0,0.0,5.3789,0.0,55-60,55-60
BPCL.NS|2026-08-04|ensemble_lr0.20_rf0.30_xgb0.50,BPCL.NS,2026-08-04,ensemble_lr0.20_rf0.30_xgb0.50,2025-08-05,2026-08-04,2026-08-03,2025-09-03,2026-08-03,2026-08-04,225,2026-08-04,False,0,0.4888888888888889,0.5781725796419083,0.34,0.3180307149887085,0.3766498734227359,0,62.34,0.3766498734227359,0,62.34,HOLD,0.5144,0.0289,Sideways,0.5,0.0,unavailable_no_point_in_time_source,True,324.0,324.0,2026-08-05,326.25,0.6944,1,2026-08-07,321.0,-0.9259,0.0,2026-08-11,317.79998779296875,-1.9136,0.0,2026-08-18,310.29998779296875,-4.2284,0.0,0,0,0,0,0,1,0.6944,1,1.0,1.0,1.0,1.0,1.0,-0.9259,1.0,1.0,1.0,1.0,1.0,1.0,-1.9136,1.0,1.0,1.0,1.0,1.0,0.0,-4.2284,0.0,60-65,60-65
AARTIIND.NS|2026-08-11|ensemble_lr0.20_rf0.30_xgb0.50,AARTIIND.NS,2026-08-11,ensemble_lr0.20_rf0.30_xgb0.50,2025-08-12,2026-08-11,2026-08-10,2025-09-10,2026-08-10,2026-08-11,225,2026-08-11,False,0,0.4888888888888889,0.39346756195395394,0.36,0.3512879014015198,0.3623374630915507,0,63.77,0.3623374630915507,0,63.77,HOLD,0.5664,0.1329,Sideways,1.0,0.0,unavailable_no_point_in_time_source,True,504.3,504.2975158691406,2026-08-12,529.8467407226562,5.0663,1,2026-08-14,533.0403442382812,5.6996,1.0,2026-08-18,529.0482788085938,4.908,1.0,2026-08-25,537.8308715820312,6.6495,1.0,1,0,0,0,1,0,5.0658,0,0.0,0.0,0.0,1.0,0.0,5.6991,0.0,0.0,0.0,0.0,1.0,0.0,4.9075,0.0,0.0,0.0,0.0,1.0,0.0,6.649,0.0,60-65,60-65
AAVAS.NS|2026-08-11|ensemble_lr0.20_rf0.30_xgb0.50,AAVAS.NS,2026-08-11,ensemble_lr0.20_rf0.30_xgb0.50,2025-08-12,2026-08-11,2026-08-10,2025-09-10,2026-08-10,2026-08-11,225,2026-08-11,False,0,0.5333333333333333,0.35531816673054784,0.28,0.12162464112043381,0.21587595390632647,0,78.41,0.21587595390632647,0,78.41,SELL,0.3989,-0.2021,High Volatility,-0.165,0.0,unavailable_no_point_in_time_source,False,1396.8,1396.800048828125,2026-08-12,1416.199951171875,1.3889,1,2026-08-14,1397.4000244140625,0.043,1.0,2026-08-18,1388.300048828125,-0.6085,0.0,2026-08-25,1313.199951171875,-5.9851,0.0,0,0,0,0,0,0,1.3889,0,0.0,0.0,0.0,0.0,0.0,0.043,0.0,1.0,1.0,1.0,1.0,1.0,-0.6085,1.0,1.0,1.0,1.0,1.0,1.0,-5.9851,1.0,75-80,75-80
ABCAPITAL.NS|2026-08-11|ensemble_lr0.20_rf0.30_xgb0.50,ABCAPITAL.NS,2026-08-11,ensemble_lr0.20_rf0.30_xgb0.50,2025-08-12,2026-08-11,2026-08-10,2025-09-10,2026-08-10,2026-08-11,225,2026-08-11,False,0,0.562962962962963,0.4741112253217653,0.22,0.3598960340023041,0.3407702620655051,0,65.92,0.3407702620655051,0,65.92,HOLD,0.4869,-0.0261,Sideways,0.5,0.0,unavailable_no_point_in_time_source,True,407.15,407.1499938964844,2026-08-12,410.95001220703125,0.9333,1,2026-08-14,401.0,-1.5105,0.0,2026-08-18,402.0,-1.2649,0.0,2026-08-25,410.8500061035156,0.9088,1.0,0,0,0,0,0,1,0.9333,1,1.0,1.0,1.0,1.0,1.0,-1.5105,1.0,1.0,1.0,1.0,1.0,1.0,-1.2649,1.0,0.0,0.0,0.0,0.0,1.0,0.9088,1.0,65-70,65-70
ABFRL.NS|2026-08-11|ensemble_lr0.20_rf0.30_xgb0.50,ABFRL.NS,2026-08-11,ensemble_lr0.20_rf0.30_xgb0.50,2025-08-12,2026-08-11,2026-08-10,2025-09-10,2026-08-10,2026-08-11,225,2026-08-11,False,0,0.5333333333333333,0.5258096938771999,0.52,0.6118314266204834,0.5670776520856817,1,56.71,0.5670776520856817,1,56.71,HOLD,0.5635,0.1269,High Volatility,0.165,0.0,unavailable_no_point_in_time_source,True,58.63,58.630001068115234,2026-08-12,57.15999984741211,-2.5073,0,2026-08-14,55.97999954223633,-4.5199,0.0,2026-08-18,54.970001220703125,-6.2425,0.0,2026-08-25,54.47999954223633,-7.0783,0.0,0,0,0,1,1,1,-2.5072,1,0.0,0.0,1.0,1.0,0.0,-4.5199,0.0,0.0,0.0,1.0,1.0,0.0,-6.2425,0.0,0.0,0.0,1.0,1.0,0.0,-7.0783,0.0,55-60,55-60
ACC.NS|2026-08-11|ensemble_lr0.20_rf0.30_xgb0.50,ACC.NS,2026-08-11,ensemble_lr0.20_rf0.30_xgb0.50,2025-08-12,2026-08-11,2026-08-10,2025-09-10,2026-08-10,2026-08-11,225,2026-08-11,False,0,0.5185185185185185,0.6301356651656911,0.7,0.5485392808914185,0.6102967734788475,1,61.03,0.6102967734788475,1,61.03,HOLD,0.5004,0.0007,Sideways,-0.33,0.0,unavailable_no_point_in_time_source,False,1339.8,1339.800048828125,2026-08-12,1332.800048828125,-0.5225,0,2026-08-14,1321.4000244140625,-1.3733,0.0,2026-08-18,1303.800048828125,-2.687,0.0,2026-08-25,1305.9000244140625,-2.5302,0.0,0,0,0,1,1,1,-0.5225,1,0.0,0.0,1.0,1.0,1.0,-1.3733,1.0,0.0,0.0,1.0,1.0,1.0,-2.687,1.0,0.0,0.0,1.0,1.0,1.0,-2.5302,1.0,60-65,60-65
ADANIENT.NS|2026-08-11|ensemble_lr0.20_rf0.30_xgb0.50,ADANIENT.NS,2026-08-11,ensemble_lr0.20_rf0.30_xgb0.50,2025-08-12,2026-08-11,2026-08-10,2025-09-10,2026-08-10,2026-08-11,225,2026-08-11,False,0,0.5481481481481482,0.36642828386628795,0.2,0.09571516513824463,0.1811432393423799,0,81.89,0.1811432393423799,0,81.89,HOLD,0.4813,-0.0373,Sideways,0.5,0.0,unavailable_no_point_in_time_source,True,2995.5,2995.5,2026-08-12,2985.699951171875,-0.3272,0,2026-08-14,3035.10009765625,1.322,1.0,2026-08-18,3002.5,0.2337,1.0,2026-08-25,3110.0,3.8224,1.0,0,1,1,1,1,1,-0.3272,1,0.0,0.0,0.0,0.0,1.0,1.322,1.0,0.0,0.0,0.0,0.0,1.0,0.2337,1.0,0.0,0.0,0.0,0.0,0.0,3.8224,0.0,80-85,80-85
ADANIPORTS.NS|2026-08-11|ensemble_lr0.20_rf0.30_xgb0.50,ADANIPORTS.NS,2026-08-11,ensemble_lr0.20_rf0.30_xgb0.50,2025-08-12,2026-08-11,2026-08-10,2025-09-10,2026-08-10,2026-08-11,225,2026-08-11,False,0,0.5407407407407407,0.387069462685204,0.34,0.27056992053985596,0.3146988528069688,0,68.53,0.3146988528069688,0,68.53,SELL,0.322,-0.356,Bearish,-0.5,0.0,unavailable_no_point_in_time_source,True,1668.2,1668.199951171875,2026-08-12,1665.0,-0.1918,0,2026-08-14,1700.0,1.9062,1.0,2026-08-18,1682.4000244140625,0.8512,1.0,2026-08-25,1702.699951171875,2.0681,1.0,0,1,1,1,1,1,-0.1918,1,0.0,0.0,0.0,0.0,0.0,1.9062,0.0,0.0,0.0,0.0,0.0,0.0,0.8512,0.0,0.0,0.0,0.0,0.0,0.0,2.0681,0.0,65-70,65-70
AETHER.NS|2026-08-11|ensemble_lr0.20_rf0.30_xgb0.50,AETHER.NS,2026-08-11,ensemble_lr0.20_rf0.30_xgb0.50,2025-08-12,2026-08-11,2026-08-10,2025-09-10,2026-08-10,2026-08-11,225,2026-08-11,False,1,0.37777777777777777,0.4157753354320939,0.8,0.6702544093132019,0.6582822717430197,1,65.83,0.6582822717430197,1,65.83,BUY,0.6985,0.3971,High Volatility,1.0,0.0,unavailable_no_point_in_time_source,False,1634.2,1634.199951171875,2026-08-12,1612.699951171875,-1.3156,0,2026-08-14,1625.0999755859375,-0.5568,0.0,2026-08-18,1633.5999755859375,-0.0367,0.0,2026-08-25,1633.9000244140625,-0.0184,0.0,1,0,0,0,0,0,-1.3156,0,0.0,0.0,0.0,0.0,0.0,-0.5568,0.0,0.0,0.0,0.0,0.0,0.0,-0.0367,0.0,0.0,0.0,0.0,0.0,0.0,-0.0184,0.0,65-70,65-70
AIAENG.NS|2026-08-11|ensemble_lr0.20_rf0.30_xgb0.50,AIAENG.NS,2026-08-11,ensemble_lr0.20_rf0.30_xgb0.50,2025-08-12,2026-08-11,2026-08-10,2025-09-10,2026-08-10,2026-08-11,225,2026-08-11,False,1,0.4444444444444445,0.38075714645756387,0.5,0.11013956367969513,0.28122121113136034,0,71.88,0.28122121113136034,0,71.88,HOLD,0.5312,0.0624,Sideways,0.835,0.0,unavailable_no_point_in_time_source,False,4763.69,4763.693359375,2026-08-12,4506.0615234375,-5.4082,0,2026-08-14,4466.01171875,-6.249,0.0,2026-08-18,4430.94384765625,-6.9851,0.0,2026-08-25,4251.41845703125,-10.7537,0.0,0,1,1,0,1,0,-5.4082,0,1.0,1.0,0.0,1.0,0.0,-6.2489,0.0,1.0,1.0,0.0,1.0,0.0,-6.9851,0.0,1.0,1.0,0.0,1.0,0.0,-10.7537,0.0,70-75,70-75
AJANTPHARM.NS|2026-08-11|ensemble_lr0.20_rf0.30_xgb0.50,AJANTPHARM.NS,2026-08-11,ensemble_lr0.20_rf0.30_xgb0.50,2025-08-12,2026-08-11,2026-08-10,2025-09-10,2026-08-10,2026-08-11,225,2026-08-11,False,1,0.48148148148148145,0.5168813333829221,0.7,0.49686914682388306,0.561810840088526,1,56.18,0.561810840088526,1,56.18,STRONG BUY,0.7607,0.5213,Bullish,1.0,0.0,unavailable_no_point_in_time_source,False,3507.0,3507.0,2026-08-12,3541.0,0.9695,1,2026-08-14,3672.800048828125,4.7277,1.0,2026-08-18,3706.39990234375,5.6858,1.0,2026-08-25,3554.89990234375,1.3658,1.0,1,1,1,1,1,1,0.9695,1,1.0,1.0,1.0,1.0,1.0,4.7277,1.0,1.0,1.0,1.0,1.0,1.0,5.6858,1.0,1.0,1.0,1.0,1.0,1.0,1.3658,1.0,55-60,55-60
ALEMBICLTD.NS|2026-08-11|ensemble_lr0.20_rf0.30_xgb0.50,ALEMBICLTD.NS,2026-08-11,ensemble_lr0.20_rf0.30_xgb0.50,2025-08-12,2026-08-11,2026-08-10,2025-09-10,2026-08-10,2026-08-11,225,2026-08-11,False,0,0.5333333333333333,0.4593894817739737,0.54,0.6825594902038574,0.5951576414567235,1,59.52,0.5951576414567235,1,59.52,HOLD,0.5097,0.0194,Sideways,-0.165,0.0,unavailable_no_point_in_time_source,False,86.73,86.7300033569336,2026-08-12,84.79000091552734,-2.2368,0,2026-08-14,86.8499984741211,0.1384,1.0,2026-08-18,89.87000274658203,3.6204,1.0,2026-08-25,94.66000366210938,9.1433,1.0,1,0,0,1,0,1,-2.2368,1,1.0,1.0,0.0,1.0,1.0,0.1384,1.0,1.0,1.0,0.0,1.0,0.0,3.6204,0.0,1.0,1.0,0.0,1.0,0.0,9.1433,0.0,55-60,55-60
ALKEM.NS|2026-08-11|ensemble_lr0.20_rf0.30_xgb0.50,ALKEM.NS,2026-08-11,ensemble_lr0.20_rf0.30_xgb0.50,2025-08-12,2026-08-11,2026-08-10,2025-09-10,2026-08-10,2026-08-11,225,2026-08-11,False,1,0.45925925925925926,0.7072734747348128,0.68,0.8499194383621216,0.7704144141280234,1,77.04,0.7704144141280234,1,77.04,BUY,0.6171,0.2342,Sideways,0.335,0.0,unavailable_no_point_in_time_source,False,5527.5,5527.5,2026-08-12,5480.0,-0.8593,0,2026-08-14,5368.0,-2.8856,0.0,2026-08-18,5475.0,-0.9498,0.0,2026-08-25,5368.0,-2.8856,0.0,0,0,0,0,1,0,-0.8593,0,0.0,0.0,0.0,1.0,0.0,-2.8856,0.0,0.0,0.0,0.0,1.0,0.0,-0.9498,0.0,0.0,0.0,0.0,1.0,0.0,-2.8856,0.0,75-80,75-80
AMBER.NS|2026-08-11|ensemble_lr0.20_rf0.30_xgb0.50,AMBER.NS,2026-08-11,ensemble_lr0.20_rf0.30_xgb0.50,2025-08-12,2026-08-11,2026-08-10,2025-09-10,2026-08-10,2026-08-11,225,2026-08-11,False,0,0.39999999999999997,0.3471482355248959,0.48,0.1898011863231659,0.3083302402665621,0,69.17,0.3083302402665621,0,69.17,SELL,0.377,-0.2459,High Volatility,-0.5,0.0,unavailable_no_point_in_time_source,False,7078.5,7078.5,2026-08-12,6985.0,-1.3209,0,2026-08-14,7222.0,2.0273,1.0,2026-08-18,7350.0,3.8356,1.0,2026-08-25,7432.0,4.994,1.0,0,1,1,1,1,1,-1.3209,1,0.0,0.0,0.0,0.0,0.0,2.0273,0.0,0.0,0.0,0.0,0.0,0.0,3.8356,0.0,0.0,0.0,0.0,0.0,0.0,4.994,0.0,65-70,65-70
ANGELONE.NS|2026-08-11|ensemble_lr0.20_rf0.30_xgb0.50,ANGELONE.NS,2026-08-11,ensemble_lr0.20_rf0.30_xgb0.50,2025-08-12,2026-08-11,2026-08-10,2025-09-10,2026-08-10,2026-08-11,225,2026-08-11,False,0,0.6,0.3458651167460892,0.36,0.7237224578857422,0.539034252292089,1,53.9,0.539034252292089,1,53.9,HOLD,0.4414,-0.1173,High Volatility,-0.5,0.0,unavailable_no_point_in_time_source,False,291.4,291.3999938964844,2026-08-12,291.0,-0.1373,0,2026-08-14,287.29998779296875,-1.407,0.0,2026-08-18,291.75,0.1201,1.0,2026-08-25,300.8999938964844,3.2601,1.0,0,0,0,1,1,1,-0.1373,1,0.0,0.0,1.0,1.0,1.0,-1.407,1.0,1.0,1.0,0.0,0.0,1.0,0.1201,1.0,1.0,1.0,0.0,0.0,0.0,3.2601,0.0,50-55,50-55
APARINDS.NS|2026-08-11|ensemble_lr0.20_rf0.30_xgb0.50,APARINDS.NS,2026-08-11,ensemble_lr0.20_rf0.30_xgb0.50,2025-08-12,2026-08-11,2026-08-10,2025-09-10,2026-08-10,2026-08-11,225,2026-08-11,False,1,0.48148148148148145,0.4510615874035764,0.5,0.6567646861076355,0.568594660534533,1,56.86,0.568594660534533,1,56.86,STRONG BUY,0.7204,0.4408,High Volatility,1.0,0.0,unavailable_no_point_in_time_source,False,16690.05,16690.0546875,2026-08-12,17937.72265625,7.4755,1,2026-08-14,16633.251953125,-0.3403,0.0,2026-08-18,17154.443359375,2.7824,1.0,2026-08-25,16942.1796875,1.5106,1.0,1,1,1,1,1,1,7.4755,1,0.0,0.0,0.0,0.0,0.0,-0.3403,0.0,1.0,1.0,1.0,1.0,1.0,2.7825,1.0,1.0,1.0,1.0,1.0,1.0,1.5107,1.0,55-60,55-60
APOLLOHOSP.NS|2026-08-11|ensemble_lr0.20_rf0.30_xgb0.50,APOLLOHOSP.NS,2026-08-11,ensemble_lr0.20_rf0.30_xgb0.50,2025-08-12,2026-08-11,2026-08-10,2025-09-10,2026-08-10,2026-08-11,225,2026-08-11,False,0,0.4444444444444445,0.3013473687179558,0.46,0.19679862260818481,0.29666878504768357,0,70.33,0.29666878504768357,0,70.33,HOLD,0.5154,0.0308,Sideways,0.5,0.0,unavailable_no_point_in_time_source,False,8740.33,8740.3251953125,2026-08-12,8587.00390625,-1.7542,0,2026-08-14,8920.5,2.0614,1.0,2026-08-18,8817.0,0.8773,1.0,2026-08-25,8889.0,1.701,1.0,0,1,1,1,1,1,-1.7542,1,0.0,0.0,0.0,0.0,1.0,2.0614,1.0,0.0,0.0,0.0,0.0,1.0,0.8772,1.0,0.0,0.0,0.0,0.0,1.0,1.701,1.0,70-75,70-75
APOLLOTYRE.NS|2026-08-11|ensemble_lr0.20_rf0.30_xgb0.50,APOLLOTYRE.NS,2026-08-11,ensemble_lr0.20_rf0.30_xgb0.50,2025-08-12,2026-08-11,2026-08-10,2025-09-10,2026-08-10,2026-08-11,225,2026-08-11,False,0,0.4740740740740741,0.5283949367113148,0.38,0.35531851649284363,0.39733824558868475,0,60.27,0.39733824558868475,0,60.27,HOLD,0.5128,0.0256,Sideways,0.335,0.0,unavailable_no_point_in_time_source,True,443.0,443.0,2026-08-12,445.1499938964844,0.4853,1,2026-08-14,444.1000061035156,0.2483,1.0,2026-08-18,436.0,-1.5801,0.0,2026-08-25,441.3999938964844,-0.3612,0.0,0,0,0,0,0,1,0.4853,1,0.0,0.0,0.0,0.0,1.0,0.2483,1.0,1.0,1.0,1.0,1.0,1.0,-1.5801,1.0,1.0,1.0,1.0,1.0,1.0,-0.3612,1.0,60-65,60-65
ASHOKLEY.NS|2026-08-11|ensemble_lr0.20_rf0.30_xgb0.50,ASHOKLEY.NS,2026-08-11,ensemble_lr0.20_rf0.30_xgb0.50,2025-08-12,2026-08-11,2026-08-10,2025-09-10,2026-08-10,2026-08-11,225,2026-08-11,False,1,0.4444444444444444,0.38868861364551766,0.52,0.29508310556411743,0.38127927551116225,0,61.87,0.38127927551116225,0,61.87,BUY,0.6347,0.2694,Bullish,0.835,0.0,unavailable_no_point_in_time_source,True,174.83,174.8300018310547,2026-08-12,176.6999969482422,1.0696,1,2026-08-14,171.63999938964844,-1.8246,0.0,2026-08-18,176.35000610351562,0.8694,1.0,2026-08-25,174.69000244140625,-0.0801,0.0,1,0,0,1,1,1,1.0696,1,1.0,1.0,0.0,0.0,0.0,-1.8246,0.0,0.0,0.0,1.0,1.0,1.0,0.8694,1.0,1.0,1.0,0.0,0.0,0.0,-0.0801,0.0,60-65,60-65
ASIANPAINT.NS|2026-08-11|ensemble_lr0.20_rf0.30_xgb0.50,ASIANPAINT.NS,2026-08-11,ensemble_lr0.20_rf0.30_xgb0.50,2025-08-12,2026-08-11,2026-08-10,2025-09-10,2026-08-10,2026-08-11,225,2026-08-11,False,1,0.4666666666666666,0.39660601387501215,0.5,0.5939012169837952,0.5262718112669,1,52.63,0.5262718112669,1,52.63,BUY,0.586,0.1721,Sideways,0.335,0.0,unavailable_no_point_in_time_source,False,2735.5,2735.5,2026-08-12,2740.0,0.1645,1,2026-08-14,2696.300048828125,-1.433,0.0,2026-08-18,2628.39990234375,-3.9152,0.0,2026-08-25,2639.800048828125,-3.4984,0.0,0,1,1,1,0,1,0.1645,1,0.0,0.0,0.0,1.0,0.0,-1.433,0.0,0.0,0.0,0.0,1.0,0.0,-3.9152,0.0,0.0,0.0,0.0,1.0,0.0,-3.4984,0.0,50-55,50-55
ASTRAL.NS|2026-08-11|ensemble_lr0.20_rf0.30_xgb0.50,ASTRAL.NS,2026-08-11,ensemble_lr0.20_rf0.30_xgb0.50,2025-08-12,2026-08-11,2026-08-10,2025-09-10,2026-08-10,2026-08-11,225,2026-08-11,False,1,0.5777777777777778,0.5684505465311114,0.4,0.377921462059021,0.42265084033573275,0,57.73,0.42265084033573275,0,57.73,SELL,0.4034,-0.1932,Sideways,-0.335,0.0,unavailable_no_point_in_time_source,False,1422.66,1422.6624755859375,2026-08-12,1461.7010498046875,2.7441,1,2026-08-14,1556.300048828125,9.3935,1.0,2026-08-18,1520.0,6.8419,1.0,2026-08-25,1540.0,8.2477,1.0,0,0,0,1,0,0,2.7442,0,0.0,0.0,1.0,0.0,0.0,9.3937,0.0,0.0,0.0,1.0,0.0,0.0,6.8421,0.0,0.0,0.0,1.0,0.0,0.0,8.2479,0.0,55-60,55-60
AUBANK.NS|2026-08-11|ensemble_lr0.20_rf0.30_xgb0.50,AUBANK.NS,2026-08-11,ensemble_lr0.20_rf0.30_xgb0.50,2025-08-12,2026-08-11,2026-08-10,2025-09-10,2026-08-10,2026-08-11,225,2026-08-11,False,1,0.4962962962962963,0.6167338552288155,0.68,0.8174841403961182,0.7360888412438222,1,73.61,0.7360888412438222,1,73.61,STRONG BUY,0.7221,0.4443,Bullish,0.835,0.0,unavailable_no_point_in_time_source,True,1070.9,1070.9000244140625,2026-08-12,1091.4000244140625,1.9143,1,2026-08-14,1081.9000244140625,1.0272,1.0,2026-08-18,1075.699951171875,0.4482,1.0,2026-08-25,1128.5999755859375,5.388,1.0,1,1,1,1,1,1,1.9143,1,1.0,1.0,1.0,1.0,1.0,1.0272,1.0,1.0,1.0,1.0,1.0,1.0,0.4482,1.0,1.0,1.0,1.0,1.0,1.0,5.388,1.0,70-75,70-75
AXISBANK.NS|2026-08-11|ensemble_lr0.20_rf0.30_xgb0.50,AXISBANK.NS,2026-08-11,ensemble_lr0.20_rf0.30_xgb0.50,2025-08-12,2026-08-11,2026-08-10,2025-09-10,2026-08-10,2026-08-11,225,2026-08-11,False,1,0.48148148148148145,0.8021270687733283,0.7,0.6807736158370972,0.7108122216732142,1,71.08,0.7108122216732142,1,71.08,HOLD,0.475,-0.05,Bearish,-0.165,0.0,unavailable_no_point_in_time_source,True,1229.8,1229.800048828125,2026-08-12,1230.0,0.0163,1,2026-08-14,1217.4000244140625,-1.0083,0.0,2026-08-18,1243.0,1.0733,1.0,2026-08-25,1235.0,0.4228,1.0,0,1,1,1,0,1,0.0163,1,0.0,0.0,0.0,1.0,1.0,-1.0083,1.0,1.0,1.0,1.0,0.0,1.0,1.0733,1.0,1.0,1.0,1.0,0.0,1.0,0.4228,1.0,70-75,70-75
BAJAJ-AUTO.NS|2026-08-11|ensemble_lr0.20_rf0.30_xgb0.50,BAJAJ-AUTO.NS,2026-08-11,ensemble_lr0.20_rf0.30_xgb0.50,2025-08-12,2026-08-11,2026-08-10,2025-09-10,2026-08-10,2026-08-11,225,2026-08-11,False,1,0.4444444444444445,0.49387450036260555,0.76,0.6862164735794067,0.6698831368622244,1,66.99,0.6698831368622244,1,66.99,STRONG BUY,0.7849,0.5699,Bullish,1.0,0.0,unavailable_no_point_in_time_source,False,11717.0,11717.0,2026-08-12,11700.0,-0.1451,0,2026-08-14,11700.0,-0.1451,0.0,2026-08-18,11607.0,-0.9388,0.0,2026-08-25,11927.0,1.7923,1.0,1,0,0,0,0,0,-0.1451,0,0.0,0.0,0.0,0.0,0.0,-0.1451,0.0,0.0,0.0,0.0,0.0,0.0,-0.9388,0.0,1.0,1.0,1.0,1.0,1.0,1.7923,1.0,65-70,65-70
BAJAJFINSV.NS|2026-08-11|ensemble_lr0.20_rf0.30_xgb0.50,BAJAJFINSV.NS,2026-08-11,ensemble_lr0.20_rf0.30_xgb0.50,2025-08-12,2026-08-11,2026-08-10,2025-09-10,2026-08-10,2026-08-11,225,2026-08-11,False,0,0.5037037037037037,0.5124889877400408,0.6,0.47808992862701416,0.5215427618615153,1,52.15,0.5215427618615153,1,52.15,STRONG BUY,0.7674,0.5348,Bullish,0.835,0.0,unavailable_no_point_in_time_source,False,2032.0,2032.0,2026-08-12,2020.5,-0.5659,0,2026-08-14,2008.300048828125,-1.1663,0.0,2026-08-18,2011.199951171875,-1.0236,0.0,2026-08-25,2004.0,-1.378,0.0,1,0,0,1,0,0,-0.5659,0,0.0,0.0,1.0,0.0,0.0,-1.1663,0.0,0.0,0.0,1.0,0.0,0.0,-1.0236,0.0,0.0,0.0,1.0,0.0,0.0,-1.378,0.0,50-55,50-55
BAJFINANCE.NS|2026-08-11|ensemble_lr0.20_rf0.30_xgb0.50,BAJFINANCE.NS,2026-08-11,ensemble_lr0.20_rf0.30_xgb0.50,2025-08-12,2026-08-11,2026-08-10,2025-09-10,2026-08-10,2026-08-11,225,2026-08-11,False,1,0.5333333333333333,0.4240049239820287,0.52,0.6258140206336975,0.5537079951132545,1,55.37,0.5537079951132545,1,55.37,BUY,0.6759,0.3518,Bullish,0.5,0.0,unavailable_no_point_in_time_source,True,1093.3,1093.300048828125,2026-08-12,1094.199951171875,0.0823,1,2026-08-14,1087.0,-0.5762,0.0,2026-08-18,1094.300048828125,0.0915,1.0,2026-08-25,1087.4000244140625,-0.5397,0.0,0,1,1,1,0,1,0.0823,1,0.0,0.0,0.0,1.0,0.0,-0.5762,0.0,1.0,1.0,1.0,0.0,1.0,0.0915,1.0,0.0,0.0,0.0,1.0,0.0,-0.5396,0.0,55-60,55-60
BEL.NS|2026-08-11|ensemble_lr0.20_rf0.30_xgb0.50,BEL.NS,2026-08-11,ensemble_lr0.20_rf0.30_xgb0.50,2025-08-12,2026-08-11,2026-08-10,2025-09-10,2026-08-10,2026-08-11,225,2026-08-11,False,0,0.47407407407407404,0.348331019759345,0.56,0.7275192737579346,0.6014258408308363,1,60.14,0.6014258408308363,1,60.14,HOLD,0.5548,0.1096,Sideways,0.0,0.0,unavailable_no_point_in_time_source,True,405.3,405.2998046875,2026-08-12,405.1499938964844,-0.037,0,2026-08-14,410.79998779296875,1.3571,1.0,2026-08-18,412.0,1.6531,1.0,2026-08-25,413.25,1.9616,1.0,1,0,0,1,0,1,-0.037,1,1.0,1.0,0.0,1.0,1.0,1.357,1.0,1.0,1.0,0.0,1.0,1.0,1.6531,1.0,1.0,1.0,0.0,1.0,1.0,1.9615,1.0,60-65,60-65
BPCL.NS|2026-08-11|ensemble_lr0.20_rf0.30_xgb0.50,BPCL.NS,2026-08-11,ensemble_lr0.20_rf0.30_xgb0.50,2025-08-12,2026-08-11,2026-08-10,2025-09-10,2026-08-10,2026-08-11,225,2026-08-11,False,0,0.48888888888888893,0.5825231512073441,0.58,0.6677193641662598,0.6243643123245988,1,62.44,0.6243643123245988,1,62.44,HOLD,0.5755,0.151,Sideways,0.165,0.0,unavailable_no_point_in_time_source,True,317.8,317.79998779296875,2026-08-12,317.0,-0.2517,0,2026-08-14,319.45001220703125,0.5192,1.0,2026-08-18,310.29998779296875,-2.36,0.0,2026-08-25,318.1000061035156,0.0944,1.0,0,0,0,1,1,1,-0.2517,1,1.0,1.0,0.0,0.0,1.0,0.5192,1.0,0.0,0.0,1.0,1.0,1.0,-2.36,1.0,1.0,1.0,0.0,0.0,1.0,0.0944,1.0,60-65,60-65
AARTIIND.NS|2026-08-18|ensemble_lr0.20_rf0.30_xgb0.50,AARTIIND.NS,2026-08-18,ensemble_lr0.20_rf0.30_xgb0.50,2025-08-19,2026-08-18,2026-08-17,2025-09-16,2026-08-17,2026-08-18,226,2026-08-18,False,0,0.4057971014492754,0.37005162468265124,0.54,0.3405114710330963,0.4062660604530784,0,59.37,0.4062660604530784,0,59.37,HOLD,0.563,0.1259,High Volatility,1.0,0.0,unavailable_no_point_in_time_source,True,529.05,529.0482788085938,2026-08-19,526.0043334960938,-0.5754,0,2026-08-21,526.154052734375,-0.5471,0.0,2026-08-25,537.8308715820312,1.6601,1.0,2026-09-01,523.8087158203125,-0.9904,0.0,1,1,1,1,0,1,-0.5757,1,1.0,1.0,1.0,0.0,1.0,-0.5474,1.0,0.0,0.0,0.0,1.0,1.0,1.6597,1.0,1.0,1.0,1.0,0.0,1.0,-0.9907,1.0,55-60,55-60
AAVAS.NS|2026-08-18|ensemble_lr0.20_rf0.30_xgb0.50,AAVAS.NS,2026-08-18,ensemble_lr0.20_rf0.30_xgb0.50,2025-08-19,2026-08-18,2026-08-17,2025-09-16,2026-08-17,2026-08-18,226,2026-08-18,False,0,0.5289855072463768,0.5021633600499448,0.2,0.0824136734008789,0.2016395087104284,0,79.84,0.2016395087104284,0,79.84,HOLD,0.4332,-0.1336,High Volatility,0.165,0.0,unavailable_no_point_in_time_source,False,1388.3,1388.300048828125,2026-08-19,1372.800048828125,-1.1165,0,2026-08-21,1355.300048828125,-2.377,0.0,2026-08-25,1313.199951171875,-5.4095,0.0,2026-09-01,1248.4000244140625,-10.0771,0.0,0,1,1,1,1,1,-1.1165,1,1.0,1.0,1.0,1.0,1.0,-2.377,1.0,1.0,1.0,1.0,1.0,0.0,-5.4095,0.0,1.0,1.0,1.0,1.0,0.0,-10.0771,0.0,75-80,75-80
ABCAPITAL.NS|2026-08-18|ensemble_lr0.20_rf0.30_xgb0.50,ABCAPITAL.NS,2026-08-18,ensemble_lr0.20_rf0.30_xgb0.50,2025-08-19,2026-08-18,2026-08-17,2025-09-16,2026-08-17,2026-08-18,226,2026-08-18,False,0,0.572463768115942,0.35129723564646625,0.48,0.25990229845046997,0.3442105963545282,0,65.58,0.3442105963545282,0,65.58,HOLD,0.4908,-0.0184,Sideways,0.5,0.0,unavailable_no_point_in_time_source,True,402.0,402.0,2026-08-19,396.0,-1.4925,0,2026-08-21,413.0,2.7363,1.0,2026-08-25,410.8500061035156,2.2015,1.0,2026-09-01,394.45001220703125,-1.8781,0.0,1,1,1,1,0,1,-1.4925,1,0.0,0.0,0.0,1.0,1.0,2.7363,1.0,0.0,0.0,0.0,1.0,1.0,2.2015,1.0,1.0,1.0,1.0,0.0,1.0,-1.8781,1.0,65-70,65-70
ABFRL.NS|2026-08-18|ensemble_lr0.20_rf0.30_xgb0.50,ABFRL.NS,2026-08-18,ensemble_lr0.20_rf0.30_xgb0.50,2025-08-19,2026-08-18,2026-08-17,2025-09-16,2026-08-17,2026-08-18,226,2026-08-18,False,0,0.47826086956521735,0.5171715064906522,0.44,0.36794090270996094,0.41940475265311095,0,58.06,0.41940475265311095,0,58.06,SELL,0.3636,-0.2729,High Volatility,-0.665,0.0,unavailable_no_point_in_time_source,True,54.97,54.970001220703125,2026-08-19,54.470001220703125,-0.9096,0,2026-08-21,54.349998474121094,-1.1279,0.0,2026-08-25,54.47999954223633,-0.8914,0.0,2026-09-01,51.099998474121094,-7.0402,0.0,0,1,1,1,1,1,-0.9096,1,1.0,1.0,1.0,1.0,1.0,-1.1279,1.0,1.0,1.0,1.0,1.0,1.0,-0.8914,1.0,1.0,1.0,1.0,1.0,1.0,-7.0402,1.0,55-60,55-60
ACC.NS|2026-08-18|ensemble_lr0.20_rf0.30_xgb0.50,ACC.NS,2026-08-18,ensemble_lr0.20_rf0.30_xgb0.50,2025-08-19,2026-08-18,2026-08-17,2025-09-16,2026-08-17,2026-08-18,226,2026-08-18,False,0,0.4202898550724638,0.5100570770719917,0.32,0.32719483971595764,0.3616088352723772,0,63.84,0.3616088352723772,0,63.84,SELL,0.3739,-0.2522,Sideways,-0.5,0.0,unavailable_no_point_in_time_source,False,1303.8,1303.800048828125,2026-08-19,1288.699951171875,-1.1582,0,2026-08-21,1307.4000244140625,0.2761,1.0,2026-08-25,1305.9000244140625,0.1611,1.0,2026-09-01,1272.300048828125,-2.416,0.0,0,1,1,1,1,1,-1.1582,1,0.0,0.0,0.0,0.0,0.0,0.2761,0.0,0.0,0.0,0.0,0.0,0.0,0.1611,0.0,1.0,1.0,1.0,1.0,1.0,-2.416,1.0,60-65,60-65
ADANIENT.NS|2026-08-18|ensemble_lr0.20_rf0.30_xgb0.50,ADANIENT.NS,2026-08-18,ensemble_lr0.20_rf0.30_xgb0.50,2025-08-19,2026-08-18,2026-08-17,2025-09-16,2026-08-17,2026-08-18,226,2026-08-18,False,0,0.5434782608695651,0.21907520430522184,0.04,0.08820655196905136,0.09991831684557005,0,90.01,0.09991831684557005,0,90.01,HOLD,0.4521,-0.0958,Sideways,0.165,0.0,unavailable_no_point_in_time_source,True,3002.5,3002.5,2026-08-19,2990.300048828125,-0.4063,0,2026-08-21,2997.0,-0.1832,0.0,2026-08-25,3110.0,3.5803,1.0,2026-09-01,2863.89990234375,-4.6162,0.0,0,1,1,1,1,1,-0.4063,1,1.0,1.0,1.0,1.0,1.0,-0.1832,1.0,0.0,0.0,0.0,0.0,0.0,3.5803,0.0,1.0,1.0,1.0,1.0,0.0,-4.6162,0.0,90-95,90-95
ADANIPORTS.NS|2026-08-18|ensemble_lr0.20_rf0.30_xgb0.50,ADANIPORTS.NS,2026-08-18,ensemble_lr0.20_rf0.30_xgb0.50,2025-08-19,2026-08-18,2026-08-17,2025-09-16,2026-08-17,2026-08-18,226,2026-08-18,False,0,0.5217391304347826,0.16231066284371407,0.2,0.15695323050022125,0.17093874781885343,0,82.91,0.17093874781885343,0,82.91,SELL,0.3641,-0.2718,Bearish,-0.165,0.0,unavailable_no_point_in_time_source,True,1682.4,1682.4000244140625,2026-08-19,1681.9000244140625,-0.0297,0,2026-08-21,1700.0,1.0461,1.0,2026-08-25,1702.699951171875,1.2066,1.0,2026-09-01,1647.5,-2.0744,0.0,0,1,1,1,1,1,-0.0297,1,0.0,0.0,0.0,0.0,0.0,1.0461,0.0,0.0,0.0,0.0,0.0,0.0,1.2066,0.0,1.0,1.0,1.0,1.0,1.0,-2.0744,1.0,80-85,80-85
AETHER.NS|2026-08-18|ensemble_lr0.20_rf0.30_xgb0.50,AETHER.NS,2026-08-18,ensemble_lr0.20_rf0.30_xgb0.50,2025-08-19,2026-08-18,2026-08-17,2025-09-16,2026-08-17,2026-08-18,226,2026-08-18,False,0,0.4202898550724638,0.45125144178992194,0.52,0.39445024728775024,0.4434754120018595,0,55.65,0.4434754120018595,0,55.65,HOLD,0.5569,0.1138,High Volatility,0.665,0.0,unavailable_no_point_in_time_source,False,1633.6,1633.5999755859375,2026-08-19,1640.0999755859375,0.3979,1,2026-08-21,1626.5999755859375,-0.4285,0.0,2026-08-25,1633.9000244140625,0.0184,1.0,2026-09-01,1683.699951171875,3.0668,1.0,1,0,0,0,1,1,0.3979,1,1.0,1.0,1.0,0.0,1.0,-0.4285,1.0,0.0,0.0,0.0,1.0,1.0,0.0184,1.0,0.0,0.0,0.0,1.0,0.0,3.0668,0.0,55-60,55-60
AIAENG.NS|2026-08-18|ensemble_lr0.20_rf0.30_xgb0.50,AIAENG.NS,2026-08-18,ensemble_lr0.20_rf0.30_xgb0.50,2025-08-19,2026-08-18,2026-08-17,2025-09-16,2026-08-17,2026-08-18,226,2026-08-18,False,1,0.49275362318840576,0.5835000327469501,0.66,0.4640827775001526,0.5467413952994663,1,54.67,0.5467413952994663,1,54.67,HOLD,0.5605,0.121,High Volatility,-0.165,0.0,unavailable_no_point_in_time_source,False,4430.94,4430.94384765625,2026-08-19,4368.478515625,-1.4098,0,2026-08-21,4332.61328125,-2.2192,0.0,2026-08-25,4251.41845703125,-4.0516,0.0,2026-09-01,4227.3095703125,-4.5957,0.0,1,0,0,0,0,1,-1.4097,1,0.0,0.0,0.0,0.0,1.0,-2.2191,1.0,0.0,0.0,0.0,0.0,0.0,-4.0515,0.0,0.0,0.0,0.0,0.0,0.0,-4.5956,0.0,50-55,50-55
AJANTPHARM.NS|2026-08-18|ensemble_lr0.20_rf0.30_xgb0.50,AJANTPHARM.NS,2026-08-18,ensemble_lr0.20_rf0.30_xgb0.50,2025-08-19,2026-08-18,2026-08-17,2025-09-16,2026-08-17,2026-08-18,226,2026-08-18,False,1,0.47826086956521735,0.7795489437157445,0.38,0.6522531509399414,0.5960363642131196,1,59.6,0.5960363642131196,1,59.6,STRONG BUY,0.7289,0.4577,Bullish,1.0,0.0,unavailable_no_point_in_time_source,False,3706.4,3706.39990234375,2026-08-19,3697.89990234375,-0.2293,0,2026-08-21,3639.800048828125,-1.7969,0.0,2026-08-25,3554.89990234375,-4.0875,0.0,2026-09-01,3504.800048828125,-5.4392,0.0,0,0,0,0,1,0,-0.2293,0,0.0,0.0,0.0,1.0,0.0,-1.7969,0.0,0.0,0.0,0.0,1.0,0.0,-4.0875,0.0,0.0,0.0,0.0,1.0,0.0,-5.4392,0.0,55-60,55-60
ALEMBICLTD.NS|2026-08-18|ensemble_lr0.20_rf0.30_xgb0.50,ALEMBICLTD.NS,2026-08-18,ensemble_lr0.20_rf0.30_xgb0.50,2025-08-19,2026-08-18,2026-08-17,2025-09-16,2026-08-17,2026-08-18,226,2026-08-18,False,0,0.5072463768115942,0.2639903722222275,0.44,0.4617225229740143,0.41565933593145266,0,58.43,0.41565933593145266,0,58.43,HOLD,0.4457,-0.1087,Sideways,0.165,0.0,unavailable_no_point_in_time_source,False,89.87,89.87000274658203,2026-08-19,88.43000030517578,-1.6023,0,2026-08-21,92.7300033569336,3.1824,1.0,2026-08-25,94.66000366210938,5.3299,1.0,2026-09-01,98.8499984741211,9.9922,1.0,0,1,1,1,1,1,-1.6023,1,0.0,0.0,0.0,0.0,0.0,3.1824,0.0,0.0,0.0,0.0,0.0,0.0,5.3299,0.0,0.0,0.0,0.0,0.0,0.0,9.9922,0.0,55-60,55-60
ALKEM.NS|2026-08-18|ensemble_lr0.20_rf0.30_xgb0.50,ALKEM.NS,2026-08-18,ensemble_lr0.20_rf0.30_xgb0.50,2025-08-19,2026-08-18,2026-08-17,2025-09-16,2026-08-17,2026-08-18,226,2026-08-18,False,0,0.4202898550724638,0.5063774551421044,0.7,0.4474743902683258,0.5350126861625838,1,53.5,0.5350126861625838,1,53.5,HOLD,0.515,0.0299,Bearish,0.0,0.0,unavailable_no_point_in_time_source,False,5475.0,5475.0,2026-08-19,5382.5,-1.6895,0,2026-08-21,5400.0,-1.3699,0.0,2026-08-25,5368.0,-1.9543,0.0,2026-09-01,5300.0,-3.1963,0.0,1,0,0,1,0,1,-1.6895,1,0.0,0.0,1.0,0.0,1.0,-1.3699,1.0,0.0,0.0,1.0,0.0,1.0,-1.9543,1.0,0.0,0.0,1.0,0.0,0.0,-3.1963,0.0,50-55,50-55
AMBER.NS|2026-08-18|ensemble_lr0.20_rf0.30_xgb0.50,AMBER.NS,2026-08-18,ensemble_lr0.20_rf0.30_xgb0.50,2025-08-19,2026-08-18,2026-08-17,2025-09-16,2026-08-17,2026-08-18,226,2026-08-18,False,0,0.4275362318840579,0.4386021589865517,0.56,0.47770267724990845,0.4945717704222646,0,50.54,0.4945717704222646,0,50.54,HOLD,0.4948,-0.0104,Sideways,0.0,0.0,unavailable_no_point_in_time_source,False,7350.0,7350.0,2026-08-19,7250.0,-1.3605,0,2026-08-21,7350.0,0.0,0.0,2026-08-25,7432.0,1.1156,1.0,2026-09-01,7508.0,2.1497,1.0,1,1,1,1,0,1,-1.3605,1,1.0,1.0,1.0,0.0,1.0,0.0,1.0,0.0,0.0,0.0,1.0,1.0,1.1156,1.0,0.0,0.0,0.0,1.0,1.0,2.1497,1.0,50-55,50-55
ANGELONE.NS|2026-08-18|ensemble_lr0.20_rf0.30_xgb0.50,ANGELONE.NS,2026-08-18,ensemble_lr0.20_rf0.30_xgb0.50,2025-08-19,2026-08-18,2026-08-17,2025-09-16,2026-08-17,2026-08-18,226,2026-08-18,False,0,0.5434782608695653,0.4152747209267087,0.34,0.5674253106117249,0.46876759949120417,0,53.12,0.46876759949120417,0,53.12,SELL,0.419,-0.1619,High Volatility,-0.165,0.0,unavailable_no_point_in_time_source,False,291.75,291.75,2026-08-19,289.5,-0.7712,0,2026-08-21,287.79998779296875,-1.3539,0.0,2026-08-25,300.8999938964844,3.1362,1.0,2026-09-01,281.54998779296875,-3.4961,0.0,0,1,1,1,1,1,-0.7712,1,1.0,1.0,1.0,1.0,1.0,-1.3539,1.0,0.0,0.0,0.0,0.0,0.0,3.1362,0.0,1.0,1.0,1.0,1.0,1.0,-3.4961,1.0,50-55,50-55
APARINDS.NS|2026-08-18|ensemble_lr0.20_rf0.30_xgb0.50,APARINDS.NS,2026-08-18,ensemble_lr0.20_rf0.30_xgb0.50,2025-08-19,2026-08-18,2026-08-17,2025-09-16,2026-08-17,2026-08-18,226,2026-08-18,False,1,0.47826086956521735,0.4877268523117016,0.38,0.5610970258712769,0.49209388339797877,0,50.79,0.49209388339797877,0,50.79,BUY,0.6357,0.2714,High Volatility,1.0,0.0,unavailable_no_point_in_time_source,False,17154.44,17154.443359375,2026-08-19,16557.515625,-3.4797,0,2026-08-21,16797.681640625,-2.0797,0.0,2026-08-25,16942.1796875,-1.2374,0.0,2026-09-01,17339.798828125,1.0805,1.0,1,1,1,0,0,0,-3.4797,0,1.0,1.0,0.0,0.0,0.0,-2.0797,0.0,1.0,1.0,0.0,0.0,0.0,-1.2373,0.0,0.0,0.0,1.0,1.0,1.0,1.0805,1.0,50-55,50-55
APOLLOHOSP.NS|2026-08-18|ensemble_lr0.20_rf0.30_xgb0.50,APOLLOHOSP.NS,2026-08-18,ensemble_lr0.20_rf0.30_xgb0.50,2025-08-19,2026-08-18,2026-08-17,2025-09-16,2026-08-17,2026-08-18,226,2026-08-18,False,0,0.5,0.5187452838289396,0.3,0.22721022367477417,0.307354168603175,0,69.26,0.307354168603175,0,69.26,HOLD,0.507,0.014,Sideways,0.5,0.0,unavailable_no_point_in_time_source,False,8817.0,8817.0,2026-08-19,8750.0,-0.7599,0,2026-08-21,8693.0,-1.4064,0.0,2026-08-25,8889.0,0.8166,1.0,2026-09-01,8755.0,-0.7032,0.0,0,1,1,1,1,1,-0.7599,1,1.0,1.0,1.0,1.0,1.0,-1.4064,1.0,0.0,0.0,0.0,0.0,1.0,0.8166,1.0,1.0,1.0,1.0,1.0,1.0,-0.7032,1.0,65-70,65-70
APOLLOTYRE.NS|2026-08-18|ensemble_lr0.20_rf0.30_xgb0.50,APOLLOTYRE.NS,2026-08-18,ensemble_lr0.20_rf0.30_xgb0.50,2025-08-19,2026-08-18,2026-08-17,2025-09-16,2026-08-17,2026-08-18,226,2026-08-18,False,0,0.45652173913043476,0.6268831201246402,0.34,0.5959855914115906,0.5253694197307234,1,52.54,0.5253694197307234,1,52.54,HOLD,0.5409,0.0818,Sideways,0.0,0.0,unavailable_no_point_in_time_source,False,436.0,436.0,2026-08-19,427.3500061035156,-1.9839,0,2026-08-21,439.70001220703125,0.8486,1.0,2026-08-25,441.3999938964844,1.2385,1.0,2026-09-01,442.70001220703125,1.5367,1.0,0,0,0,1,1,1,-1.9839,1,1.0,1.0,0.0,0.0,1.0,0.8486,1.0,1.0,1.0,0.0,0.0,1.0,1.2385,1.0,1.0,1.0,0.0,0.0,1.0,1.5367,1.0,50-55,50-55
ASHOKLEY.NS|2026-08-18|ensemble_lr0.20_rf0.30_xgb0.50,ASHOKLEY.NS,2026-08-18,ensemble_lr0.20_rf0.30_xgb0.50,2025-08-19,2026-08-18,2026-08-17,2025-09-16,2026-08-17,2026-08-18,226,2026-08-18,False,1,0.463768115942029,0.25427030381124366,0.46,0.3585957884788513,0.3681519550016744,0,63.18,0.3681519550016744,0,63.18,BUY,0.6443,0.2885,Bullish,0.835,0.0,unavailable_no_point_in_time_source,True,176.35,176.35000610351562,2026-08-19,173.10000610351562,-1.8429,0,2026-08-21,173.0,-1.8996,0.0,2026-08-25,174.69000244140625,-0.9413,0.0,2026-09-01,170.52999877929688,-3.3003,0.0,0,1,1,0,1,0,-1.8429,0,1.0,1.0,0.0,1.0,0.0,-1.8996,0.0,1.0,1.0,0.0,1.0,0.0,-0.9413,0.0,1.0,1.0,0.0,1.0,0.0,-3.3003,0.0,60-65,60-65
ASIANPAINT.NS|2026-08-18|ensemble_lr0.20_rf0.30_xgb0.50,ASIANPAINT.NS,2026-08-18,ensemble_lr0.20_rf0.30_xgb0.50,2025-08-19,2026-08-18,2026-08-17,2025-09-16,2026-08-17,2026-08-18,226,2026-08-18,False,1,0.5652173913043478,0.6075485676787387,0.38,0.24190066754817963,0.35646004730983755,0,64.35,0.35646004730983755,0,64.35,HOLD,0.474,-0.052,Sideways,0.17,0.0,unavailable_no_point_in_time_source,True,2628.4,2628.39990234375,2026-08-19,2630.800048828125,0.0913,1,2026-08-21,2640.0,0.4413,1.0,2026-08-25,2639.800048828125,0.4337,1.0,2026-09-01,2575.5,-2.0126,0.0,0,0,0,1,0,1,0.0913,1,0.0,0.0,1.0,0.0,1.0,0.4413,1.0,0.0,0.0,1.0,0.0,1.0,0.4337,1.0,1.0,1.0,0.0,1.0,1.0,-2.0126,1.0,60-65,60-65
ASTRAL.NS|2026-08-18|ensemble_lr0.20_rf0.30_xgb0.50,ASTRAL.NS,2026-08-18,ensemble_lr0.20_rf0.30_xgb0.50,2025-08-19,2026-08-18,2026-08-17,2025-09-16,2026-08-17,2026-08-18,226,2026-08-18,False,0,0.5797101449275363,0.19205449753861698,0.24,0.06100654602050781,0.1409141725179773,0,85.91,0.1409141725179773,0,85.91,HOLD,0.5534,0.1069,Bullish,0.33,0.0,unavailable_no_point_in_time_source,True,1520.0,1520.0,2026-08-19,1544.9000244140625,1.6382,1,2026-08-21,1528.5,0.5592,1.0,2026-08-25,1540.0,1.3158,1.0,2026-09-01,1507.0,-0.8553,0.0,0,0,0,0,0,1,1.6382,1,0.0,0.0,0.0,0.0,1.0,0.5592,1.0,0.0,0.0,0.0,0.0,1.0,1.3158,1.0,1.0,1.0,1.0,1.0,1.0,-0.8553,1.0,85-90,85-90
AUBANK.NS|2026-08-18|ensemble_lr0.20_rf0.30_xgb0.50,AUBANK.NS,2026-08-18,ensemble_lr0.20_rf0.30_xgb0.50,2025-08-19,2026-08-18,2026-08-17,2025-09-16,2026-08-17,2026-08-18,226,2026-08-18,False,1,0.48550724637681153,0.554509346127783,0.46,0.4525628983974457,0.47518331842427947,0,52.48,0.47518331842427947,0,52.48,BUY,0.603,0.206,Bullish,0.835,0.0,unavailable_no_point_in_time_source,False,1075.7,1075.699951171875,2026-08-19,1075.0,-0.0651,0,2026-08-21,1108.199951171875,3.0213,1.0,2026-08-25,1128.5999755859375,4.9177,1.0,2026-09-01,1079.199951171875,0.3254,1.0,1,1,1,0,0,0,-0.0651,0,0.0,0.0,1.0,1.0,1.0,3.0213,1.0,0.0,0.0,1.0,1.0,1.0,4.9177,1.0,0.0,0.0,1.0,1.0,1.0,0.3254,1.0,50-55,50-55
AXISBANK.NS|2026-08-18|ensemble_lr0.20_rf0.30_xgb0.50,AXISBANK.NS,2026-08-18,ensemble_lr0.20_rf0.30_xgb0.50,2025-08-19,2026-08-18,2026-08-17,2025-09-16,2026-08-17,2026-08-18,226,2026-08-18,False,1,0.5434782608695652,0.7531003964982981,0.8,0.8944498896598816,0.8378450241296004,1,83.78,0.8378450241296004,1,83.78,HOLD,0.5031,0.0061,Bearish,0.0,0.0,unavailable_no_point_in_time_source,True,1243.0,1243.0,2026-08-19,1235.0,-0.6436,0,2026-08-21,1245.800048828125,0.2253,1.0,2026-08-25,1235.0,-0.6436,0.0,2026-09-01,1258.0,1.2068,1.0,1,0,0,0,0,1,-0.6436,1,1.0,1.0,1.0,1.0,1.0,0.2253,1.0,0.0,0.0,0.0,0.0,1.0,-0.6436,1.0,1.0,1.0,1.0,1.0,1.0,1.2068,1.0,80-85,80-85
BAJAJ-AUTO.NS|2026-08-18|ensemble_lr0.20_rf0.30_xgb0.50,BAJAJ-AUTO.NS,2026-08-18,ensemble_lr0.20_rf0.30_xgb0.50,2025-08-19,2026-08-18,2026-08-17,2025-09-16,2026-08-17,2026-08-18,226,2026-08-18,False,1,0.45652173913043476,0.36290741199701376,0.28,0.20528048276901245,0.25922172378390895,0,74.08,0.25922172378390895,0,74.08,BUY,0.6134,0.2269,Bullish,0.665,0.0,unavailable_no_point_in_time_source,False,11607.0,11607.0,2026-08-19,11645.0,0.3274,1,2026-08-21,11700.0,0.8012,1.0,2026-08-25,11927.0,2.757,1.0,2026-09-01,12361.0,6.4961,1.0,0,0,0,1,0,1,0.3274,1,0.0,0.0,1.0,0.0,1.0,0.8012,1.0,0.0,0.0,1.0,0.0,1.0,2.757,1.0,0.0,0.0,1.0,0.0,1.0,6.4961,1.0,70-75,70-75
BAJAJFINSV.NS|2026-08-18|ensemble_lr0.20_rf0.30_xgb0.50,BAJAJFINSV.NS,2026-08-18,ensemble_lr0.20_rf0.30_xgb0.50,2025-08-19,2026-08-18,2026-08-17,2025-09-16,2026-08-17,2026-08-18,226,2026-08-18,False,0,0.5217391304347826,0.4966070747860541,0.68,0.7114574313163757,0.6590501306153986,1,65.91,0.6590501306153986,1,65.91,BUY,0.6544,0.3089,Bullish,0.335,0.0,unavailable_no_point_in_time_source,True,2011.2,2011.199951171875,2026-08-19,2012.0,0.0398,1,2026-08-21,2032.5,1.0591,1.0,2026-08-25,2004.0,-0.358,0.0,2026-09-01,1972.0,-1.9491,0.0,1,1,1,0,1,1,0.0398,1,1.0,1.0,0.0,1.0,1.0,1.0591,1.0,0.0,0.0,1.0,0.0,0.0,-0.358,0.0,0.0,0.0,1.0,0.0,0.0,-1.9491,0.0,65-70,65-70
BAJFINANCE.NS|2026-08-18|ensemble_lr0.20_rf0.30_xgb0.50,BAJFINANCE.NS,2026-08-18,ensemble_lr0.20_rf0.30_xgb0.50,2025-08-19,2026-08-18,2026-08-17,2025-09-16,2026-08-17,2026-08-18,226,2026-08-18,False,1,0.5072463768115942,0.47140143224334363,0.68,0.8539386987686157,0.7252496358329766,1,72.52,0.7252496358329766,1,72.52,BUY,0.6691,0.3383,Bullish,0.5,0.0,unavailable_no_point_in_time_source,True,1094.3,1094.300048828125,2026-08-19,1080.199951171875,-1.2885,0,2026-08-21,1095.0,0.064,1.0,2026-08-25,1087.4000244140625,-0.6305,0.0,2026-09-01,1053.9000244140625,-3.6919,0.0,1,0,0,0,0,0,-1.2885,0,1.0,1.0,1.0,1.0,1.0,0.064,1.0,0.0,0.0,0.0,0.0,0.0,-0.6305,0.0,0.0,0.0,0.0,0.0,0.0,-3.6919,0.0,70-75,70-75
BEL.NS|2026-08-18|ensemble_lr0.20_rf0.30_xgb0.50,BEL.NS,2026-08-18,ensemble_lr0.20_rf0.30_xgb0.50,2025-08-19,2026-08-18,2026-08-17,2025-09-16,2026-08-17,2026-08-18,226,2026-08-18,False,0,0.45652173913043476,0.22293726628932858,0.4,0.38464057445526123,0.35690774048549634,0,64.31,0.35690774048549634,0,64.31,HOLD,0.4386,-0.1228,Sideways,0.165,0.0,unavailable_no_point_in_time_source,True,412.0,412.0,2026-08-19,409.20001220703125,-0.6796,0,2026-08-21,414.0,0.4854,1.0,2026-08-25,413.25,0.3034,1.0,2026-09-01,411.20001220703125,-0.1942,0.0,0,1,1,1,1,1,-0.6796,1,0.0,0.0,0.0,0.0,1.0,0.4854,1.0,0.0,0.0,0.0,0.0,1.0,0.3034,1.0,1.0,1.0,1.0,1.0,1.0,-0.1942,1.0,60-65,60-65
BPCL.NS|2026-08-18|ensemble_lr0.20_rf0.30_xgb0.50,BPCL.NS,2026-08-18,ensemble_lr0.20_rf0.30_xgb0.50,2025-08-19,2026-08-18,2026-08-17,2025-09-16,2026-08-17,2026-08-18,226,2026-08-18,False,0,0.41304347826086957,0.576208698292355,0.62,0.6670001149177551,0.6347417971173486,1,63.47,0.6347417971173486,1,63.47,BUY,0.5883,0.1767,Sideways,0.165,0.0,unavailable_no_point_in_time_source,False,310.3,310.29998779296875,2026-08-19,307.0,-1.0635,0,2026-08-21,311.0,0.2256,1.0,2026-08-25,318.1000061035156,2.5137,1.0,2026-09-01,317.6499938964844,2.3687,1.0,0,0,0,1,1,0,-1.0635,0,1.0,1.0,0.0,0.0,1.0,0.2256,1.0,1.0,1.0,0.0,0.0,1.0,2.5137,1.0,1.0,1.0,0.0,0.0,1.0,2.3687,1.0,60-65,60-65
AARTIIND.NS|2026-08-25|ensemble_lr0.20_rf0.30_xgb0.50,AARTIIND.NS,2026-08-25,ensemble_lr0.20_rf0.30_xgb0.50,2025-08-26,2026-08-25,2026-08-24,2025-09-23,2026-08-24,2026-08-25,226,2026-08-25,False,0,0.47826086956521735,0.4430093048041505,0.4,0.14322760701179504,0.28021566446672763,0,71.98,0.28021566446672763,0,71.98,BUY,0.5886,0.1771,High Volatility,1.0,0.0,unavailable_no_point_in_time_source,True,537.83,537.8308715820312,2026-08-26,541.872802734375,0.7515,1,2026-08-28,539.2779541015625,0.2691,1.0,2026-09-01,523.8087158203125,-2.6072,0.0,2026-09-08,502.7007141113281,-6.5318,0.0,0,0,0,0,0,1,0.7517,1,0.0,0.0,0.0,0.0,1.0,0.2692,1.0,1.0,1.0,1.0,1.0,0.0,-2.607,0.0,1.0,1.0,1.0,1.0,0.0,-6.5317,0.0,70-75,70-75
AAVAS.NS|2026-08-25|ensemble_lr0.20_rf0.30_xgb0.50,AAVAS.NS,2026-08-25,ensemble_lr0.20_rf0.30_xgb0.50,2025-08-26,2026-08-25,2026-08-24,2025-09-23,2026-08-24,2026-08-25,226,2026-08-25,False,0,0.6086956521739131,0.3249982626936548,0.24,0.21374645829200745,0.24387288168473467,0,75.61,0.24387288168473467,0,75.61,SELL,0.3572,-0.2857,Sideways,-0.835,0.0,unavailable_no_point_in_time_source,False,1313.2,1313.199951171875,2026-08-26,1285.800048828125,-2.0865,0,2026-08-28,1275.5,-2.8708,0.0,2026-09-01,1248.4000244140625,-4.9345,0.0,2026-09-08,1293.5,-1.5001,0.0,0,1,1,1,1,1,-2.0865,1,1.0,1.0,1.0,1.0,1.0,-2.8708,1.0,1.0,1.0,1.0,1.0,1.0,-4.9345,1.0,1.0,1.0,1.0,1.0,1.0,-1.5002,1.0,75-80,75-80
ABCAPITAL.NS|2026-08-25|ensemble_lr0.20_rf0.30_xgb0.50,ABCAPITAL.NS,2026-08-25,ensemble_lr0.20_rf0.30_xgb0.50,2025-08-26,2026-08-25,2026-08-24,2025-09-23,2026-08-24,2026-08-25,226,2026-08-25,False,0,0.6159420289855072,0.33679748789378233,0.36,0.4274057149887085,0.3890623550731107,0,61.09,0.3890623550731107,0,61.09,HOLD,0.5074,0.0147,Sideways,0.5,0.0,unavailable_no_point_in_time_source,True,410.85,410.8500061035156,2026-08-26,410.0,-0.2069,0,2026-08-28,405.54998779296875,-1.29,0.0,2026-09-01,394.45001220703125,-3.9917,0.0,2026-09-08,396.95001220703125,-3.3832,0.0,0,1,1,1,1,1,-0.2069,1,1.0,1.0,1.0,1.0,1.0,-1.29,1.0,1.0,1.0,1.0,1.0,0.0,-3.9917,0.0,1.0,1.0,1.0,1.0,0.0,-3.3832,0.0,60-65,60-65
ABFRL.NS|2026-08-25|ensemble_lr0.20_rf0.30_xgb0.50,ABFRL.NS,2026-08-25,ensemble_lr0.20_rf0.30_xgb0.50,2025-08-26,2026-08-25,2026-08-24,2025-09-23,2026-08-24,2026-08-25,226,2026-08-25,False,0,0.43478260869565216,0.6077750628499071,0.56,0.5895729660987854,0.5843414956193742,1,58.43,0.5843414956193742,1,58.43,HOLD,0.4556,-0.0888,High Volatility,-0.665,0.0,unavailable_no_point_in_time_source,True,54.48,54.47999954223633,2026-08-26,54.52000045776367,0.0734,1,2026-08-28,52.4900016784668,-3.6527,0.0,2026-09-01,51.099998474121094,-6.2041,0.0,2026-09-08,52.2400016784668,-4.1116,0.0,1,1,1,0,1,1,0.0734,1,0.0,0.0,1.0,0.0,0.0,-3.6527,0.0,0.0,0.0,1.0,0.0,0.0,-6.2041,0.0,0.0,0.0,1.0,0.0,0.0,-4.1116,0.0,55-60,55-60
ACC.NS|2026-08-25|ensemble_lr0.20_rf0.30_xgb0.50,ACC.NS,2026-08-25,ensemble_lr0.20_rf0.30_xgb0.50,2025-08-26,2026-08-25,2026-08-24,2025-09-23,2026-08-24,2026-08-25,226,2026-08-25,False,0,0.4202898550724638,0.5664682149901699,0.64,0.5244388580322266,0.5675130720141472,1,56.75,0.5675130720141472,1,56.75,HOLD,0.4674,-0.0653,Sideways,-0.5,0.0,unavailable_no_point_in_time_source,False,1305.9,1305.9000244140625,2026-08-26,1331.699951171875,1.9756,1,2026-08-28,1306.4000244140625,0.0383,1.0,2026-09-01,1272.300048828125,-2.5729,0.0,2026-09-08,1262.800048828125,-3.3004,0.0,1,1,1,0,1,1,1.9756,1,1.0,1.0,0.0,1.0,1.0,0.0383,1.0,0.0,0.0,1.0,0.0,1.0,-2.5729,1.0,0.0,0.0,1.0,0.0,0.0,-3.3004,0.0,55-60,55-60
ADANIENT.NS|2026-08-25|ensemble_lr0.20_rf0.30_xgb0.50,ADANIENT.NS,2026-08-25,ensemble_lr0.20_rf0.30_xgb0.50,2025-08-26,2026-08-25,2026-08-24,2025-09-23,2026-08-24,2026-08-25,226,2026-08-25,False,0,0.5362318840579711,0.33423362295107645,0.28,0.1356847882270813,0.21868911870375596,0,78.13,0.21868911870375596,0,78.13,BUY,0.58,0.1601,Sideways,0.665,0.0,unavailable_no_point_in_time_source,True,3110.0,3110.0,2026-08-26,3112.0,0.0643,1,2026-08-28,3168.5,1.881,1.0,2026-09-01,2863.89990234375,-7.9132,0.0,2026-09-08,2953.10009765625,-5.045,0.0,1,0,0,0,1,1,0.0643,1,0.0,0.0,0.0,1.0,1.0,1.881,1.0,1.0,1.0,1.0,0.0,0.0,-7.9132,0.0,1.0,1.0,1.0,0.0,0.0,-5.045,0.0,75-80,75-80
ADANIPORTS.NS|2026-08-25|ensemble_lr0.20_rf0.30_xgb0.50,ADANIPORTS.NS,2026-08-25,ensemble_lr0.20_rf0.30_xgb0.50,2025-08-26,2026-08-25,2026-08-24,2025-09-23,2026-08-24,2026-08-25,226,2026-08-25,False,0,0.4420289855072464,0.4069297986007621,0.5,0.3672240674495697,0.41499799344493726,0,58.5,0.41499799344493726,0,58.5,SELL,0.3783,-0.2434,Bearish,0.0,0.0,unavailable_no_point_in_time_source,True,1702.7,1702.699951171875,2026-08-26,1691.5,-0.6578,0,2026-08-28,1707.5,0.2819,1.0,2026-09-01,1647.5,-3.2419,0.0,2026-09-08,1710.0,0.4287,1.0,1,1,1,1,0,1,-0.6578,1,0.0,0.0,0.0,1.0,0.0,0.2819,0.0,1.0,1.0,1.0,0.0,1.0,-3.2419,1.0,0.0,0.0,0.0,1.0,0.0,0.4287,0.0,55-60,55-60
AETHER.NS|2026-08-25|ensemble_lr0.20_rf0.30_xgb0.50,AETHER.NS,2026-08-25,ensemble_lr0.20_rf0.30_xgb0.50,2025-08-26,2026-08-25,2026-08-24,2025-09-23,2026-08-24,2026-08-25,226,2026-08-25,False,0,0.4710144927536232,0.6290678309662647,0.44,0.5186467170715332,0.5171369247290196,1,51.71,0.5171369247290196,1,51.71,BUY,0.6775,0.3549,High Volatility,0.665,0.0,unavailable_no_point_in_time_source,False,1633.9,1633.9000244140625,2026-08-26,1655.0,1.2914,1,2026-08-28,1696.800048828125,3.8497,1.0,2026-09-01,1683.699951171875,3.0479,1.0,2026-09-08,1642.9000244140625,0.5508,1.0,0,1,1,0,0,1,1.2914,1,1.0,1.0,0.0,0.0,1.0,3.8497,1.0,1.0,1.0,0.0,0.0,1.0,3.0479,1.0,1.0,1.0,0.0,0.0,1.0,0.5508,1.0,50-55,50-55
AIAENG.NS|2026-08-25|ensemble_lr0.20_rf0.30_xgb0.50,AIAENG.NS,2026-08-25,ensemble_lr0.20_rf0.30_xgb0.50,2025-08-26,2026-08-25,2026-08-24,2025-09-23,2026-08-24,2026-08-25,226,2026-08-25,False,1,0.5217391304347826,0.4278719297017573,0.36,0.37290695309638977,0.38002786248854636,0,62.0,0.38002786248854636,0,62.0,SELL,0.3869,-0.2262,High Volatility,-0.335,0.0,unavailable_no_point_in_time_source,False,4251.42,4251.41845703125,2026-08-26,4219.63818359375,-0.7475,0,2026-08-28,4218.34326171875,-0.778,0.0,2026-09-01,4227.3095703125,-0.5671,0.0,2026-09-08,4259.0,0.1783,1.0,0,1,1,0,1,1,-0.7476,1,1.0,1.0,0.0,1.0,1.0,-0.778,1.0,1.0,1.0,0.0,1.0,1.0,-0.5671,1.0,0.0,0.0,1.0,0.0,0.0,0.1783,0.0,60-65,60-65
AJANTPHARM.NS|2026-08-25|ensemble_lr0.20_rf0.30_xgb0.50,AJANTPHARM.NS,2026-08-25,ensemble_lr0.20_rf0.30_xgb0.50,2025-08-26,2026-08-25,2026-08-24,2025-09-23,2026-08-24,2026-08-25,226,2026-08-25,False,0,0.4710144927536232,0.4988187708693037,0.5,0.6795600056648254,0.5895437570062735,1,58.95,0.5895437570062735,1,58.95,BUY,0.6166,0.2333,Sideways,0.5,0.0,unavailable_no_point_in_time_source,False,3554.9,3554.89990234375,2026-08-26,3551.800048828125,-0.0872,0,2026-08-28,3557.0,0.0591,1.0,2026-09-01,3504.800048828125,-1.4093,0.0,2026-09-08,3579.300048828125,0.6864,1.0,0,0,0,1,1,0,-0.0872,0,1.0,1.0,0.0,0.0,1.0,0.0591,1.0,0.0,0.0,1.0,1.0,0.0,-1.4093,0.0,1.0,1.0,0.0,0.0,1.0,0.6864,1.0,55-60,55-60
ALEMBICLTD.NS|2026-08-25|ensemble_lr0.20_rf0.30_xgb0.50,ALEMBICLTD.NS,2026-08-25,ensemble_lr0.20_rf0.30_xgb0.50,2025-08-26,2026-08-25,2026-08-24,2025-09-23,2026-08-24,2026-08-25,226,2026-08-25,False,0,0.49275362318840576,0.9960997525846456,0.42,0.54319828748703,0.5968190942604441,1,59.68,0.5968190942604441,1,59.68,STRONG BUY,0.7471,0.4943,Bullish,0.5,0.0,unavailable_no_point_in_time_source,False,94.66,94.66000366210938,2026-08-26,98.69999694824219,4.2679,1,2026-08-28,100.04000091552734,5.6835,1.0,2026-09-01,98.8499984741211,4.4264,1.0,2026-09-08,109.7300033569336,15.9201,1.0,1,1,1,0,1,1,4.2679,1,1.0,1.0,0.0,1.0,1.0,5.6835,1.0,1.0,1.0,0.0,1.0,1.0,4.4264,1.0,1.0,1.0,0.0,1.0,1.0,15.9201,1.0,55-60,55-60
ALKEM.NS|2026-08-25|ensemble_lr0.20_rf0.30_xgb0.50,ALKEM.NS,2026-08-25,ensemble_lr0.20_rf0.30_xgb0.50,2025-08-26,2026-08-25,2026-08-24,2025-09-23,2026-08-24,2026-08-25,226,2026-08-25,False,0,0.463768115942029,0.4618492263405813,0.72,0.8829653859138489,0.7498525382250407,1,74.99,0.7498525382250407,1,74.99,HOLD,0.4365,-0.127,Bearish,-0.33,0.0,unavailable_no_point_in_time_source,False,5368.0,5368.0,2026-08-26,5303.5,-1.2016,0,2026-08-28,5355.0,-0.2422,0.0,2026-09-01,5300.0,-1.2668,0.0,2026-09-08,5181.0,-3.4836,0.0,1,0,0,1,0,1,-1.2016,1,0.0,0.0,1.0,0.0,1.0,-0.2422,1.0,0.0,0.0,1.0,0.0,1.0,-1.2668,1.0,0.0,0.0,1.0,0.0,0.0,-3.4836,0.0,70-75,70-75
AMBER.NS|2026-08-25|ensemble_lr0.20_rf0.30_xgb0.50,AMBER.NS,2026-08-25,ensemble_lr0.20_rf0.30_xgb0.50,2025-08-26,2026-08-25,2026-08-24,2025-09-23,2026-08-24,2026-08-25,226,2026-08-25,False,0,0.43478260869565216,0.7691665623256393,0.72,0.7847302556037903,0.762198440267023,1,76.22,0.762198440267023,1,76.22,HOLD,0.5604,0.1209,Sideways,0.0,0.0,unavailable_no_point_in_time_source,False,7432.0,7432.0,2026-08-26,7466.0,0.4575,1,2026-08-28,7675.0,3.2696,1.0,2026-09-01,7508.0,1.0226,1.0,2026-09-08,7308.0,-1.6685,0.0,1,1,1,0,1,1,0.4575,1,1.0,1.0,0.0,1.0,0.0,3.2696,0.0,1.0,1.0,0.0,1.0,1.0,1.0226,1.0,0.0,0.0,1.0,0.0,1.0,-1.6685,1.0,75-80,75-80
ANGELONE.NS|2026-08-25|ensemble_lr0.20_rf0.30_xgb0.50,ANGELONE.NS,2026-08-25,ensemble_lr0.20_rf0.30_xgb0.50,2025-08-26,2026-08-25,2026-08-24,2025-09-23,2026-08-24,2026-08-25,226,2026-08-25,False,0,0.5652173913043478,0.7371774364288816,0.34,0.2491147667169571,0.3739928706442549,0,62.6,0.3739928706442549,0,62.6,HOLD,0.4546,-0.0908,High Volatility,0.0,0.0,unavailable_no_point_in_time_source,True,300.9,300.8999938964844,2026-08-26,298.8500061035156,-0.6813,0,2026-08-28,294.0,-2.2931,0.0,2026-09-01,281.54998779296875,-6.4307,0.0,2026-09-08,298.0,-0.9638,0.0,1,1,1,1,0,1,-0.6813,1,1.0,1.0,1.0,0.0,1.0,-2.2931,1.0,1.0,1.0,1.0,0.0,0.0,-6.4307,0.0,1.0,1.0,1.0,0.0,1.0,-0.9638,1.0,60-65,60-65
APARINDS.NS|2026-08-25|ensemble_lr0.20_rf0.30_xgb0.50,APARINDS.NS,2026-08-25,ensemble_lr0.20_rf0.30_xgb0.50,2025-08-26,2026-08-25,2026-08-24,2025-09-23,2026-08-24,2026-08-25,226,2026-08-25,False,1,0.5362318840579711,0.24850542427572958,0.44,0.5119155645370483,0.4376588671236701,0,56.23,0.4376588671236701,0,56.23,HOLD,0.5522,0.1044,High Volatility,0.665,0.0,unavailable_no_point_in_time_source,False,16942.18,16942.1796875,2026-08-26,17003.96484375,0.3647,1,2026-08-28,17741.404296875,4.7174,1.0,2026-09-01,17339.798828125,2.3469,1.0,2026-09-08,17573.986328125,3.7292,1.0,1,0,0,1,1,1,0.3647,1,0.0,0.0,1.0,1.0,0.0,4.7174,0.0,0.0,0.0,1.0,1.0,1.0,2.3469,1.0,0.0,0.0,1.0,1.0,0.0,3.7292,0.0,55-60,55-60
APOLLOHOSP.NS|2026-08-25|ensemble_lr0.20_rf0.30_xgb0.50,APOLLOHOSP.NS,2026-08-25,ensemble_lr0.20_rf0.30_xgb0.50,2025-08-26,2026-08-25,2026-08-24,2025-09-23,2026-08-24,2026-08-25,226,2026-08-25,False,0,0.5144927536231884,0.6202961509558292,0.64,0.4790028929710388,0.5555606766766853,1,55.56,0.5555606766766853,1,55.56,BUY,0.6632,0.3264,Bullish,0.5,0.0,unavailable_no_point_in_time_source,False,8889.0,8889.0,2026-08-26,8766.5,-1.3781,0,2026-08-28,8838.5,-0.5681,0.0,2026-09-01,8755.0,-1.5075,0.0,2026-09-08,8837.5,-0.5794,0.0,1,0,0,1,0,0,-1.3781,0,0.0,0.0,1.0,0.0,0.0,-0.5681,0.0,0.0,0.0,1.0,0.0,0.0,-1.5075,0.0,0.0,0.0,1.0,0.0,0.0,-0.5794,0.0,55-60,55-60
APOLLOTYRE.NS|2026-08-25|ensemble_lr0.20_rf0.30_xgb0.50,APOLLOTYRE.NS,2026-08-25,ensemble_lr0.20_rf0.30_xgb0.50,2025-08-26,2026-08-25,2026-08-24,2025-09-23,2026-08-24,2026-08-25,226,2026-08-25,False,0,0.44202898550724634,0.37375554478189565,0.36,0.4580551087856293,0.4117786633491938,0,58.82,0.4117786633491938,0,58.82,HOLD,0.4657,-0.0687,Sideways,0.0,0.0,unavailable_no_point_in_time_source,True,441.4,441.3999938964844,2026-08-26,443.04998779296875,0.3738,1,2026-08-28,443.5,0.4758,1.0,2026-09-01,442.70001220703125,0.2945,1.0,2026-09-08,411.5,-6.7739,0.0,0,0,0,0,0,1,0.3738,1,0.0,0.0,0.0,0.0,1.0,0.4758,1.0,0.0,0.0,0.0,0.0,1.0,0.2945,1.0,1.0,1.0,1.0,1.0,0.0,-6.7739,0.0,55-60,55-60
ASHOKLEY.NS|2026-08-25|ensemble_lr0.20_rf0.30_xgb0.50,ASHOKLEY.NS,2026-08-25,ensemble_lr0.20_rf0.30_xgb0.50,2025-08-26,2026-08-25,2026-08-24,2025-09-23,2026-08-24,2026-08-25,226,2026-08-25,False,1,0.5,0.39405924131424797,0.64,0.5524023175239563,0.5470130070248278,1,54.7,0.5470130070248278,1,54.7,BUY,0.6305,0.261,Sideways,0.335,0.0,unavailable_no_point_in_time_source,False,174.69,174.69000244140625,2026-08-26,179.0500030517578,2.4959,1,2026-08-28,175.77000427246094,0.6182,1.0,2026-09-01,170.52999877929688,-2.3814,0.0,2026-09-08,169.0,-3.2572,0.0,1,1,1,1,1,1,2.4959,1,1.0,1.0,1.0,1.0,1.0,0.6182,1.0,0.0,0.0,0.0,0.0,0.0,-2.3814,0.0,0.0,0.0,0.0,0.0,0.0,-3.2572,0.0,50-55,50-55
ASIANPAINT.NS|2026-08-25|ensemble_lr0.20_rf0.30_xgb0.50,ASIANPAINT.NS,2026-08-25,ensemble_lr0.20_rf0.30_xgb0.50,2025-08-26,2026-08-25,2026-08-24,2025-09-23,2026-08-24,2026-08-25,226,2026-08-25,False,1,0.49275362318840576,0.49451150271794647,0.3,0.3238403797149658,0.3508224904010722,0,64.92,0.3508224904010722,0,64.92,HOLD,0.4309,-0.1382,Sideways,-0.335,0.0,unavailable_no_point_in_time_source,True,2639.8,2639.800048828125,2026-08-26,2626.5,-0.5038,0,2026-08-28,2608.699951171875,-1.1781,0.0,2026-09-01,2575.5,-2.4358,0.0,2026-09-08,2481.60009765625,-5.9929,0.0,0,1,1,0,1,1,-0.5038,1,1.0,1.0,0.0,1.0,1.0,-1.1781,1.0,1.0,1.0,0.0,1.0,1.0,-2.4358,1.0,1.0,1.0,0.0,1.0,0.0,-5.9929,0.0,60-65,60-65
ASTRAL.NS|2026-08-25|ensemble_lr0.20_rf0.30_xgb0.50,ASTRAL.NS,2026-08-25,ensemble_lr0.20_rf0.30_xgb0.50,2025-08-26,2026-08-25,2026-08-24,2025-09-23,2026-08-24,2026-08-25,226,2026-08-25,False,1,0.6159420289855073,0.4122324026886466,0.66,0.38955214619636536,0.47522255363591204,0,52.48,0.47522255363591204,0,52.48,BUY,0.6053,0.2105,Bullish,0.665,0.0,unavailable_no_point_in_time_source,False,1540.0,1540.0,2026-08-26,1526.0999755859375,-0.9026,0,2026-08-28,1532.300048828125,-0.5,0.0,2026-09-01,1507.0,-2.1429,0.0,2026-09-08,1500.800048828125,-2.5455,0.0,1,1,1,0,0,0,-0.9026,0,1.0,1.0,0.0,0.0,0.0,-0.5,0.0,1.0,1.0,0.0,0.0,0.0,-2.1429,0.0,1.0,1.0,0.0,0.0,0.0,-2.5455,0.0,50-55,50-55
AUBANK.NS|2026-08-25|ensemble_lr0.20_rf0.30_xgb0.50,AUBANK.NS,2026-08-25,ensemble_lr0.20_rf0.30_xgb0.50,2025-08-26,2026-08-25,2026-08-24,2025-09-23,2026-08-24,2026-08-25,226,2026-08-25,False,1,0.47826086956521735,0.2619816980039536,0.36,0.25677481293678284,0.2887837460691821,0,71.12,0.2887837460691821,0,71.12,BUY,0.6389,0.2777,Bullish,1.0,0.0,unavailable_no_point_in_time_source,True,1128.6,1128.5999755859375,2026-08-26,1113.5,-1.3379,0,2026-08-28,1077.0999755859375,-4.5632,0.0,2026-09-01,1079.199951171875,-4.3771,0.0,2026-09-08,1073.699951171875,-4.8644,0.0,1,1,1,0,0,0,-1.3379,0,1.0,1.0,0.0,0.0,0.0,-4.5632,0.0,1.0,1.0,0.0,0.0,0.0,-4.3771,0.0,1.0,1.0,0.0,0.0,0.0,-4.8644,0.0,70-75,70-75
AXISBANK.NS|2026-08-25|ensemble_lr0.20_rf0.30_xgb0.50,AXISBANK.NS,2026-08-25,ensemble_lr0.20_rf0.30_xgb0.50,2025-08-26,2026-08-25,2026-08-24,2025-09-23,2026-08-24,2026-08-25,226,2026-08-25,False,0,0.463768115942029,0.5697814541273551,0.34,0.4321345388889313,0.4320235602699367,0,56.8,0.4320235602699367,0,56.8,SELL,0.4176,-0.1648,Sideways,0.0,0.0,unavailable_no_point_in_time_source,True,1235.0,1235.0,2026-08-26,1255.0,1.6194,1,2026-08-28,1265.0,2.4291,1.0,2026-09-01,1258.0,1.8623,1.0,2026-09-08,1244.9000244140625,0.8016,1.0,0,0,0,0,0,0,1.6194,0,0.0,0.0,0.0,0.0,0.0,2.4291,0.0,0.0,0.0,0.0,0.0,0.0,1.8623,0.0,0.0,0.0,0.0,0.0,0.0,0.8016,0.0,55-60,55-60
BAJAJ-AUTO.NS|2026-08-25|ensemble_lr0.20_rf0.30_xgb0.50,BAJAJ-AUTO.NS,2026-08-25,ensemble_lr0.20_rf0.30_xgb0.50,2025-08-26,2026-08-25,2026-08-24,2025-09-23,2026-08-24,2026-08-25,226,2026-08-25,False,1,0.41304347826086957,0.506858689070738,0.46,0.31998464465141296,0.3993640601398541,0,60.06,0.3993640601398541,0,60.06,HOLD,0.5704,0.1407,Bullish,0.665,0.0,unavailable_no_point_in_time_source,False,11927.0,11927.0,2026-08-26,11724.0,-1.702,0,2026-08-28,11910.0,-0.1425,0.0,2026-09-01,12361.0,3.6388,1.0,2026-09-08,11880.0,-0.3941,0.0,1,1,1,0,0,1,-1.702,1,1.0,1.0,0.0,0.0,1.0,-0.1425,1.0,0.0,0.0,1.0,1.0,0.0,3.6388,0.0,1.0,1.0,0.0,0.0,1.0,-0.3941,1.0,60-65,60-65
BAJAJFINSV.NS|2026-08-25|ensemble_lr0.20_rf0.30_xgb0.50,BAJAJFINSV.NS,2026-08-25,ensemble_lr0.20_rf0.30_xgb0.50,2025-08-26,2026-08-25,2026-08-24,2025-09-23,2026-08-24,2026-08-25,226,2026-08-25,False,0,0.5289855072463768,0.6605674077842004,0.76,0.7461739182472229,0.7332004406804515,1,73.32,0.7332004406804515,1,73.32,BUY,0.6443,0.2886,Bullish,0.165,0.0,unavailable_no_point_in_time_source,True,2004.0,2004.0,2026-08-26,2010.0,0.2994,1,2026-08-28,2002.0,-0.0998,0.0,2026-09-01,1972.0,-1.5968,0.0,2026-09-08,1938.0999755859375,-3.2884,0.0,1,1,1,0,1,1,0.2994,1,0.0,0.0,1.0,0.0,0.0,-0.0998,0.0,0.0,0.0,1.0,0.0,0.0,-1.5968,0.0,0.0,0.0,1.0,0.0,0.0,-3.2884,0.0,70-75,70-75
BAJFINANCE.NS|2026-08-25|ensemble_lr0.20_rf0.30_xgb0.50,BAJFINANCE.NS,2026-08-25,ensemble_lr0.20_rf0.30_xgb0.50,2025-08-26,2026-08-25,2026-08-24,2025-09-23,2026-08-24,2026-08-25,226,2026-08-25,False,1,0.5507246376811595,0.4677379233561859,0.62,0.5846244096755981,0.5718597895090363,1,57.19,0.5718597895090363,1,57.19,BUY,0.6138,0.2275,Sideways,0.5,0.0,unavailable_no_point_in_time_source,True,1087.4,1087.4000244140625,2026-08-26,1085.0,-0.2207,0,2026-08-28,1079.9000244140625,-0.6897,0.0,2026-09-01,1053.9000244140625,-3.0807,0.0,2026-09-08,1054.0999755859375,-3.0624,0.0,1,0,0,0,0,0,-0.2207,0,0.0,0.0,0.0,0.0,0.0,-0.6897,0.0,0.0,0.0,0.0,0.0,0.0,-3.0807,0.0,0.0,0.0,0.0,0.0,0.0,-3.0624,0.0,55-60,55-60
BEL.NS|2026-08-25|ensemble_lr0.20_rf0.30_xgb0.50,BEL.NS,2026-08-25,ensemble_lr0.20_rf0.30_xgb0.50,2025-08-26,2026-08-25,2026-08-24,2025-09-23,2026-08-24,2026-08-25,226,2026-08-25,False,0,0.5,0.39846121914832056,0.42,0.3777066469192505,0.39454556728928936,0,60.55,0.39454556728928936,0,60.55,HOLD,0.4599,-0.0801,Sideways,0.165,0.0,unavailable_no_point_in_time_source,True,413.25,413.25,2026-08-26,406.8999938964844,-1.5366,0,2026-08-28,411.8999938964844,-0.3267,0.0,2026-09-01,411.20001220703125,-0.4961,0.0,2026-09-08,410.54998779296875,-0.6534,0.0,1,1,1,1,0,1,-1.5366,1,1.0,1.0,1.0,0.0,1.0,-0.3267,1.0,1.0,1.0,1.0,0.0,1.0,-0.4961,1.0,1.0,1.0,1.0,0.0,1.0,-0.6534,1.0,60-65,60-65
BPCL.NS|2026-08-25|ensemble_lr0.20_rf0.30_xgb0.50,BPCL.NS,2026-08-25,ensemble_lr0.20_rf0.30_xgb0.50,2025-08-26,2026-08-25,2026-08-24,2025-09-23,2026-08-24,2026-08-25,226,2026-08-25,False,0,0.49275362318840576,0.5168984506622727,0.48,0.23878294229507446,0.36677116127999176,0,63.32,0.36677116127999176,0,63.32,HOLD,0.4766,-0.0468,Sideways,0.0,0.0,unavailable_no_point_in_time_source,True,318.1,318.1000061035156,2026-08-26,318.0,-0.0314,0,2026-08-28,319.25,0.3615,1.0,2026-09-01,317.6499938964844,-0.1415,0.0,2026-09-08,303.8500061035156,-4.4797,0.0,1,1,1,1,0,1,-0.0314,1,0.0,0.0,0.0,1.0,1.0,0.3615,1.0,1.0,1.0,1.0,0.0,1.0,-0.1415,1.0,1.0,1.0,1.0,0.0,0.0,-4.4797,0.0,60-65,60-65
AARTIIND.NS|2026-09-01|ensemble_lr0.20_rf0.30_xgb0.50,AARTIIND.NS,2026-09-01,ensemble_lr0.20_rf0.30_xgb0.50,2025-09-02,2026-09-01,2026-08-31,2025-09-29,2026-08-31,2026-09-01,227,2026-09-01,False,0,0.4275362318840579,0.40033352313142584,0.58,0.4015275835990906,0.45483049642583046,0,54.52,0.45483049642583046,0,54.52,HOLD,0.5347,0.0693,High Volatility,0.5,0.0,unavailable_no_point_in_time_source,False,523.81,523.8087158203125,2026-09-02,504.1977233886719,-3.7439,0,2026-09-04,491.07379150390625,-6.2494,0.0,2026-09-08,502.7007141113281,-4.0297,0.0,2026-09-16,472.8500061035156,-9.7285,0.0,1,1,1,1,0,0,-3.7442,0,1.0,1.0,1.0,0.0,0.0,-6.2496,0.0,1.0,1.0,1.0,0.0,0.0,-4.03,0.0,1.0,1.0,1.0,0.0,0.0,-9.7287,0.0,50-55,50-55
AAVAS.NS|2026-09-01|ensemble_lr0.20_rf0.30_xgb0.50,AAVAS.NS,2026-09-01,ensemble_lr0.20_rf0.30_xgb0.50,2025-09-02,2026-09-01,2026-08-31,2025-09-29,2026-08-31,2026-09-01,227,2026-09-01,False,0,0.5942028985507246,0.4738409435862816,0.2,0.3075817823410034,0.30855907988775805,0,69.14,0.30855907988775805,0,69.14,SELL,0.3321,-0.3359,High Volatility,-1.0,0.0,unavailable_no_point_in_time_source,False,1248.4,1248.4000244140625,2026-09-02,1258.699951171875,0.8251,1,2026-09-04,1304.199951171875,4.4697,1.0,2026-09-08,1293.5,3.6126,1.0,2026-09-16,1282.5,2.7315,1.0,0,0,0,0,0,0,0.8251,0,0.0,0.0,0.0,0.0,0.0,4.4697,0.0,0.0,0.0,0.0,0.0,0.0,3.6126,0.0,0.0,0.0,0.0,0.0,0.0,2.7315,0.0,65-70,65-70
ABCAPITAL.NS|2026-09-01|ensemble_lr0.20_rf0.30_xgb0.50,ABCAPITAL.NS,2026-09-01,ensemble_lr0.20_rf0.30_xgb0.50,2025-09-02,2026-09-01,2026-08-31,2025-09-29,2026-08-31,2026-09-01,227,2026-09-01,False,0,0.6376811594202899,0.7233966078118362,0.64,0.7538732886314392,0.7136159658780868,1,71.36,0.7136159658780868,1,71.36,HOLD,0.5787,0.1575,Sideways,0.0,0.0,unavailable_no_point_in_time_source,True,394.45,394.45001220703125,2026-09-02,397.04998779296875,0.6591,1,2026-09-04,404.8999938964844,2.6493,1.0,2026-09-08,396.95001220703125,0.6338,1.0,2026-09-16,381.29998779296875,-3.3338,0.0,0,1,1,0,0,1,0.6591,1,1.0,1.0,0.0,0.0,1.0,2.6493,1.0,1.0,1.0,0.0,0.0,1.0,0.6338,1.0,0.0,0.0,1.0,1.0,0.0,-3.3338,0.0,70-75,70-75
ABFRL.NS|2026-09-01|ensemble_lr0.20_rf0.30_xgb0.50,ABFRL.NS,2026-09-01,ensemble_lr0.20_rf0.30_xgb0.50,2025-09-02,2026-09-01,2026-08-31,2025-09-29,2026-08-31,2026-09-01,227,2026-09-01,False,0,0.4202898550724638,0.5417169643423717,0.44,0.7415053844451904,0.6110960850910696,1,61.11,0.6110960850910696,1,61.11,HOLD,0.4351,-0.1297,High Volatility,-1.0,0.0,unavailable_no_point_in_time_source,True,51.1,51.099998474121094,2026-09-02,50.470001220703125,-1.2329,0,2026-09-04,52.970001220703125,3.6595,1.0,2026-09-08,52.2400016784668,2.2309,1.0,2026-09-16,49.7400016784668,-2.6614,0.0,0,0,0,1,1,1,-1.2329,1,1.0,1.0,0.0,0.0,0.0,3.6595,0.0,1.0,1.0,0.0,0.0,1.0,2.2309,1.0,0.0,0.0,1.0,1.0,1.0,-2.6614,1.0,60-65,60-65
ACC.NS|2026-09-01|ensemble_lr0.20_rf0.30_xgb0.50,ACC.NS,2026-09-01,ensemble_lr0.20_rf0.30_xgb0.50,2025-09-02,2026-09-01,2026-08-31,2025-09-29,2026-08-31,2026-09-01,227,2026-09-01,False,0,0.5,0.6623714969069896,0.52,0.6249874234199524,0.6009680110913741,1,60.1,0.6009680110913741,1,60.1,HOLD,0.4799,-0.0402,Sideways,-0.665,0.0,unavailable_no_point_in_time_source,False,1272.3,1272.300048828125,2026-09-02,1266.5999755859375,-0.448,0,2026-09-04,1283.800048828125,0.9039,1.0,2026-09-08,1262.800048828125,-0.7467,0.0,2026-09-16,1226.5999755859375,-3.5919,0.0,0,0,0,1,1,1,-0.448,1,1.0,1.0,0.0,0.0,1.0,0.9039,1.0,0.0,0.0,1.0,1.0,1.0,-0.7467,1.0,0.0,0.0,1.0,1.0,0.0,-3.5919,0.0,60-65,60-65
ADANIENT.NS|2026-09-01|ensemble_lr0.20_rf0.30_xgb0.50,ADANIENT.NS,2026-09-01,ensemble_lr0.20_rf0.30_xgb0.50,2025-09-02,2026-09-01,2026-08-31,2025-09-29,2026-08-31,2026-09-01,227,2026-09-01,False,0,0.5507246376811594,0.8595225486852208,0.76,0.8767955303192139,0.8383022748966511,1,83.83,0.8383022748966511,1,83.83,HOLD,0.5142,0.0284,Bearish,-0.335,0.0,unavailable_no_point_in_time_source,True,2863.9,2863.89990234375,2026-09-02,2891.800048828125,0.9742,1,2026-09-04,2938.0,2.5874,1.0,2026-09-08,2953.10009765625,3.1146,1.0,2026-09-16,2920.0,1.9589,1.0,1,1,1,0,1,1,0.9742,1,1.0,1.0,0.0,1.0,1.0,2.5874,1.0,1.0,1.0,0.0,1.0,0.0,3.1146,0.0,1.0,1.0,0.0,1.0,1.0,1.9589,1.0,80-85,80-85
ADANIPORTS.NS|2026-09-01|ensemble_lr0.20_rf0.30_xgb0.50,ADANIPORTS.NS,2026-09-01,ensemble_lr0.20_rf0.30_xgb0.50,2025-09-02,2026-09-01,2026-08-31,2025-09-29,2026-08-31,2026-09-01,227,2026-09-01,False,0,0.5434782608695652,0.9398127204851844,0.5,0.484785258769989,0.5803551734820314,1,58.04,0.5803551734820314,1,58.04,HOLD,0.4602,-0.0796,Bearish,-0.335,0.0,unavailable_no_point_in_time_source,True,1647.5,1647.5,2026-09-02,1672.699951171875,1.5296,1,2026-09-04,1707.300048828125,3.6297,1.0,2026-09-08,1710.0,3.7936,1.0,2026-09-16,1723.800048828125,4.6313,1.0,1,1,1,0,1,1,1.5296,1,1.0,1.0,0.0,1.0,0.0,3.6297,0.0,1.0,1.0,0.0,1.0,0.0,3.7936,0.0,1.0,1.0,0.0,1.0,0.0,4.6313,0.0,55-60,55-60
AETHER.NS|2026-09-01|ensemble_lr0.20_rf0.30_xgb0.50,AETHER.NS,2026-09-01,ensemble_lr0.20_rf0.30_xgb0.50,2025-09-02,2026-09-01,2026-08-31,2025-09-29,2026-08-31,2026-09-01,227,2026-09-01,False,0,0.44202898550724634,0.5080934392632027,0.54,0.12939457595348358,0.3283159758293823,0,67.17,0.3283159758293823,0,67.17,HOLD,0.5179,0.0357,High Volatility,0.665,0.0,unavailable_no_point_in_time_source,False,1683.7,1683.699951171875,2026-09-02,1646.4000244140625,-2.2154,0,2026-09-04,1625.5999755859375,-3.4507,0.0,2026-09-08,1642.9000244140625,-2.4232,0.0,2026-09-16,1603.0999755859375,-4.7871,0.0,0,1,1,1,1,1,-2.2154,1,1.0,1.0,1.0,1.0,0.0,-3.4507,0.0,1.0,1.0,1.0,1.0,1.0,-2.4232,1.0,1.0,1.0,1.0,1.0,0.0,-4.7871,0.0,65-70,65-70
AIAENG.NS|2026-09-01|ensemble_lr0.20_rf0.30_xgb0.50,AIAENG.NS,2026-09-01,ensemble_lr0.20_rf0.30_xgb0.50,2025-09-02,2026-09-01,2026-08-31,2025-09-29,2026-08-31,2026-09-01,227,2026-09-01,False,1,0.49275362318840576,0.3452460531959214,0.44,0.562383234500885,0.4822408278896268,0,51.78,0.4822408278896268,0,51.78,SELL,0.3594,-0.2812,Sideways,-0.5,0.0,unavailable_no_point_in_time_source,False,4227.31,4227.3095703125,2026-09-02,4144.1220703125,-1.9679,0,2026-09-04,4231.2001953125,0.092,1.0,2026-09-08,4259.0,0.7497,1.0,2026-09-16,3805.800048828125,-9.9711,0.0,0,1,1,0,1,1,-1.9679,1,0.0,0.0,1.0,0.0,0.0,0.092,0.0,0.0,0.0,1.0,0.0,0.0,0.7496,0.0,1.0,1.0,0.0,1.0,1.0,-9.9711,1.0,50-55,50-55
AJANTPHARM.NS|2026-09-01|ensemble_lr0.20_rf0.30_xgb0.50,AJANTPHARM.NS,2026-09-01,ensemble_lr0.20_rf0.30_xgb0.50,2025-09-02,2026-09-01,2026-08-31,2025-09-29,2026-08-31,2026-09-01,227,2026-09-01,False,1,0.463768115942029,0.7069847897345289,0.66,0.6320356726646423,0.655414794279227,1,65.54,0.655414794279227,1,65.54,BUY,0.5967,0.1934,Sideways,0.5,0.0,unavailable_no_point_in_time_source,False,3504.8,3504.800048828125,2026-09-02,3481.699951171875,-0.6591,0,2026-09-04,3464.800048828125,-1.1413,0.0,2026-09-08,3579.300048828125,2.1257,1.0,2026-09-16,3508.89990234375,0.117,1.0,0,0,0,0,1,0,-0.6591,0,0.0,0.0,0.0,1.0,0.0,-1.1413,0.0,1.0,1.0,1.0,0.0,1.0,2.1257,1.0,1.0,1.0,1.0,0.0,1.0,0.117,1.0,65-70,65-70
ALEMBICLTD.NS|2026-09-01|ensemble_lr0.20_rf0.30_xgb0.50,ALEMBICLTD.NS,2026-09-01,ensemble_lr0.20_rf0.30_xgb0.50,2025-09-02,2026-09-01,2026-08-31,2025-09-29,2026-08-31,2026-09-01,227,2026-09-01,False,0,0.5217391304347826,0.5910265201341375,0.6,0.3048517405986786,0.4506311743261668,0,54.94,0.4506311743261668,0,54.94,BUY,0.5916,0.1833,High Volatility,0.665,0.0,unavailable_no_point_in_time_source,False,98.85,98.8499984741211,2026-09-02,100.13999938964844,1.305,1,2026-09-04,111.41000366210938,12.7061,1.0,2026-09-08,109.7300033569336,11.0066,1.0,2026-09-16,98.94999694824219,0.1012,1.0,1,0,0,0,1,1,1.305,1,0.0,0.0,0.0,1.0,1.0,12.7061,1.0,0.0,0.0,0.0,1.0,1.0,11.0066,1.0,0.0,0.0,0.0,1.0,1.0,0.1012,1.0,50-55,50-55
ALKEM.NS|2026-09-01|ensemble_lr0.20_rf0.30_xgb0.50,ALKEM.NS,2026-09-01,ensemble_lr0.20_rf0.30_xgb0.50,2025-09-02,2026-09-01,2026-08-31,2025-09-29,2026-08-31,2026-09-01,227,2026-09-01,False,0,0.4492753623188406,0.6982057169292326,0.52,0.7817482352256775,0.6865152609986853,1,68.65,0.6865152609986853,1,68.65,SELL,0.4092,-0.1817,Bearish,-0.665,0.0,unavailable_no_point_in_time_source,False,5300.0,5300.0,2026-09-02,5210.0,-1.6981,0,2026-09-04,5190.0,-2.0755,0.0,2026-09-08,5181.0,-2.2453,0.0,2026-09-16,5175.0,-2.3585,0.0,0,0,0,1,1,1,-1.6981,1,0.0,0.0,1.0,1.0,1.0,-2.0755,1.0,0.0,0.0,1.0,1.0,1.0,-2.2453,1.0,0.0,0.0,1.0,1.0,1.0,-2.3585,1.0,65-70,65-70
AMBER.NS|2026-09-01|ensemble_lr0.20_rf0.30_xgb0.50,AMBER.NS,2026-09-01,ensemble_lr0.20_rf0.30_xgb0.50,2025-09-02,2026-09-01,2026-08-31,2025-09-29,2026-08-31,2026-09-01,227,2026-09-01,False,0,0.4275362318840579,0.6165294218590205,0.32,0.42938730120658875,0.43399953497509847,0,56.6,0.43399953497509847,0,56.6,HOLD,0.4563,-0.0874,Sideways,0.165,0.0,unavailable_no_point_in_time_source,False,7508.0,7508.0,2026-09-02,7415.0,-1.2387,0,2026-09-04,7474.0,-0.4529,0.0,2026-09-08,7308.0,-2.6638,0.0,2026-09-16,6930.0,-7.6985,0.0,0,1,1,1,1,1,-1.2387,1,1.0,1.0,1.0,1.0,1.0,-0.4529,1.0,1.0,1.0,1.0,1.0,1.0,-2.6638,1.0,1.0,1.0,1.0,1.0,0.0,-7.6985,0.0,55-60,55-60
ANGELONE.NS|2026-09-01|ensemble_lr0.20_rf0.30_xgb0.50,ANGELONE.NS,2026-09-01,ensemble_lr0.20_rf0.30_xgb0.50,2025-09-02,2026-09-01,2026-08-31,2025-09-29,2026-08-31,2026-09-01,227,2026-09-01,False,0,0.6014492753623188,0.42969776662845094,0.26,0.21455205976963043,0.27121558321050543,0,72.88,0.27121558321050543,0,72.88,SELL,0.4176,-0.1648,High Volatility,-0.165,0.0,unavailable_no_point_in_time_source,True,281.55,281.54998779296875,2026-09-02,279.25,-0.8169,0,2026-09-04,299.79998779296875,6.482,1.0,2026-09-08,298.0,5.8427,1.0,2026-09-16,293.5,4.2444,1.0,0,1,1,1,1,1,-0.8169,1,0.0,0.0,0.0,0.0,0.0,6.482,0.0,0.0,0.0,0.0,0.0,0.0,5.8427,0.0,0.0,0.0,0.0,0.0,0.0,4.2444,0.0,70-75,70-75
APARINDS.NS|2026-09-01|ensemble_lr0.20_rf0.30_xgb0.50,APARINDS.NS,2026-09-01,ensemble_lr0.20_rf0.30_xgb0.50,2025-09-02,2026-09-01,2026-08-31,2025-09-29,2026-08-31,2026-09-01,227,2026-09-01,False,1,0.536231884057971,0.39678348519331325,0.3,0.4174151122570038,0.3780642531671645,0,62.19,0.3780642531671645,0,62.19,BUY,0.6197,0.2395,High Volatility,1.0,0.0,unavailable_no_point_in_time_source,False,17339.8,17339.798828125,2026-09-02,16754.830078125,-3.3736,0,2026-09-04,17360.7265625,0.1207,1.0,2026-09-08,17573.986328125,1.3506,1.0,2026-09-16,17075.0,-1.5271,0.0,0,1,1,0,1,0,-3.3736,0,0.0,0.0,1.0,0.0,1.0,0.1207,1.0,0.0,0.0,1.0,0.0,1.0,1.3506,1.0,1.0,1.0,0.0,1.0,0.0,-1.5271,0.0,60-65,60-65
APOLLOHOSP.NS|2026-09-01|ensemble_lr0.20_rf0.30_xgb0.50,APOLLOHOSP.NS,2026-09-01,ensemble_lr0.20_rf0.30_xgb0.50,2025-09-02,2026-09-01,2026-08-31,2025-09-29,2026-08-31,2026-09-01,227,2026-09-01,False,0,0.5579710144927535,0.7244702445237872,0.7,0.5592654943466187,0.6345267960780667,1,63.45,0.6345267960780667,1,63.45,BUY,0.6107,0.2214,Sideways,0.33,0.0,unavailable_no_point_in_time_source,False,8755.0,8755.0,2026-09-02,8719.0,-0.4112,0,2026-09-04,8650.0,-1.1993,0.0,2026-09-08,8837.5,0.9423,1.0,2026-09-16,8696.5,-0.6682,0.0,0,0,0,1,1,0,-0.4112,0,0.0,0.0,1.0,1.0,0.0,-1.1993,0.0,1.0,1.0,0.0,0.0,1.0,0.9423,1.0,0.0,0.0,1.0,1.0,0.0,-0.6682,0.0,60-65,60-65
APOLLOTYRE.NS|2026-09-01|ensemble_lr0.20_rf0.30_xgb0.50,APOLLOTYRE.NS,2026-09-01,ensemble_lr0.20_rf0.30_xgb0.50,2025-09-02,2026-09-01,2026-08-31,2025-09-29,2026-08-31,2026-09-01,227,2026-09-01,False,0,0.463768115942029,0.7360433786778973,0.6,0.5573855638504028,0.6059014576607809,1,60.59,0.6059014576607809,1,60.59,HOLD,0.5775,0.1549,Sideways,0.0,0.0,unavailable_no_point_in_time_source,True,442.7,442.70001220703125,2026-09-02,434.1499938964844,-1.9313,0,2026-09-04,429.54998779296875,-2.9704,0.0,2026-09-08,411.5,-7.0477,0.0,2026-09-16,411.95001220703125,-6.946,0.0,1,0,0,1,0,1,-1.9313,1,0.0,0.0,1.0,0.0,1.0,-2.9704,1.0,0.0,0.0,1.0,0.0,0.0,-7.0477,0.0,0.0,0.0,1.0,0.0,0.0,-6.946,0.0,60-65,60-65
ASHOKLEY.NS|2026-09-01|ensemble_lr0.20_rf0.30_xgb0.50,ASHOKLEY.NS,2026-09-01,ensemble_lr0.20_rf0.30_xgb0.50,2025-09-02,2026-09-01,2026-08-31,2025-09-29,2026-08-31,2026-09-01,227,2026-09-01,False,1,0.5144927536231885,0.4615066798263929,0.52,0.7712914943695068,0.633947083150032,1,63.39,0.633947083150032,1,63.39,BUY,0.6123,0.2246,Sideways,0.335,0.0,unavailable_no_point_in_time_source,True,170.53,170.52999877929688,2026-09-02,167.89999389648438,-1.5423,0,2026-09-04,169.0,-0.8972,0.0,2026-09-08,169.0,-0.8972,0.0,2026-09-16,156.5,-8.2273,0.0,0,0,0,0,1,0,-1.5423,0,0.0,0.0,0.0,1.0,0.0,-0.8972,0.0,0.0,0.0,0.0,1.0,0.0,-0.8972,0.0,0.0,0.0,0.0,1.0,0.0,-8.2273,0.0,60-65,60-65
ASIANPAINT.NS|2026-09-01|ensemble_lr0.20_rf0.30_xgb0.50,ASIANPAINT.NS,2026-09-01,ensemble_lr0.20_rf0.30_xgb0.50,2025-09-02,2026-09-01,2026-08-31,2025-09-29,2026-08-31,2026-09-01,227,2026-09-01,False,1,0.5362318840579711,0.294707848724532,0.7,0.7403432726860046,0.6391132060879088,1,63.91,0.6391132060879088,1,63.91,HOLD,0.4635,-0.073,Bearish,-0.335,0.0,unavailable_no_point_in_time_source,True,2575.5,2575.5,2026-09-02,2527.5,-1.8637,0,2026-09-04,2527.300048828125,-1.8715,0.0,2026-09-08,2481.60009765625,-3.6459,0.0,2026-09-16,2416.60009765625,-6.1697,0.0,0,0,0,0,1,1,-1.8637,1,0.0,0.0,0.0,1.0,1.0,-1.8715,1.0,0.0,0.0,0.0,1.0,0.0,-3.6459,0.0,0.0,0.0,0.0,1.0,0.0,-6.1697,0.0,60-65,60-65
ASTRAL.NS|2026-09-01|ensemble_lr0.20_rf0.30_xgb0.50,ASTRAL.NS,2026-09-01,ensemble_lr0.20_rf0.30_xgb0.50,2025-09-02,2026-09-01,2026-08-31,2025-09-29,2026-08-31,2026-09-01,227,2026-09-01,False,1,0.6666666666666666,0.639203577691696,0.44,0.4791664481163025,0.49942393959649045,0,50.06,0.49942393959649045,0,50.06,HOLD,0.4761,-0.0478,Sideways,0.165,0.0,unavailable_no_point_in_time_source,False,1507.0,1507.0,2026-09-02,1487.0,-1.3271,0,2026-09-04,1492.9000244140625,-0.9356,0.0,2026-09-08,1500.800048828125,-0.4114,0.0,2026-09-16,1382.5,-8.2614,0.0,0,1,1,0,1,1,-1.3271,1,1.0,1.0,0.0,1.0,1.0,-0.9356,1.0,1.0,1.0,0.0,1.0,1.0,-0.4114,1.0,1.0,1.0,0.0,1.0,0.0,-8.2614,0.0,50-55,50-55
AUBANK.NS|2026-09-01|ensemble_lr0.20_rf0.30_xgb0.50,AUBANK.NS,2026-09-01,ensemble_lr0.20_rf0.30_xgb0.50,2025-09-02,2026-09-01,2026-08-31,2025-09-29,2026-08-31,2026-09-01,227,2026-09-01,False,1,0.5072463768115942,0.48594731651366235,0.48,0.6834854483604431,0.5829321874829541,1,58.29,0.5829321874829541,1,58.29,BUY,0.5968,0.1936,Sideways,0.335,0.0,unavailable_no_point_in_time_source,True,1079.2,1079.199951171875,2026-09-02,1077.9000244140625,-0.1205,0,2026-09-04,1065.0,-1.3158,0.0,2026-09-08,1073.699951171875,-0.5096,0.0,2026-09-16,1033.199951171875,-4.2624,0.0,0,0,0,0,1,0,-0.1205,0,0.0,0.0,0.0,1.0,0.0,-1.3158,0.0,0.0,0.0,0.0,1.0,0.0,-0.5096,0.0,0.0,0.0,0.0,1.0,0.0,-4.2624,0.0,55-60,55-60
AXISBANK.NS|2026-09-01|ensemble_lr0.20_rf0.30_xgb0.50,AXISBANK.NS,2026-09-01,ensemble_lr0.20_rf0.30_xgb0.50,2025-09-02,2026-09-01,2026-08-31,2025-09-29,2026-08-31,2026-09-01,227,2026-09-01,False,1,0.5507246376811594,0.4218935604461923,0.64,0.8582837581634521,0.7055205911709646,1,70.55,0.7055205911709646,1,70.55,HOLD,0.5634,0.1269,Sideways,0.0,0.0,unavailable_no_point_in_time_source,True,1258.0,1258.0,2026-09-02,1253.9000244140625,-0.3259,0,2026-09-04,1273.0,1.1924,1.0,2026-09-08,1244.9000244140625,-1.0413,0.0,2026-09-16,1241.0,-1.3514,0.0,0,0,0,0,1,1,-0.3259,1,1.0,1.0,1.0,0.0,1.0,1.1924,1.0,0.0,0.0,0.0,1.0,1.0,-1.0413,1.0,0.0,0.0,0.0,1.0,1.0,-1.3514,1.0,70-75,70-75
BAJAJ-AUTO.NS|2026-09-01|ensemble_lr0.20_rf0.30_xgb0.50,BAJAJ-AUTO.NS,2026-09-01,ensemble_lr0.20_rf0.30_xgb0.50,2025-09-02,2026-09-01,2026-08-31,2025-09-29,2026-08-31,2026-09-01,227,2026-09-01,False,1,0.39855072463768115,0.739282920665812,0.58,0.5908535122871399,0.6172833402767324,1,61.73,0.6172833402767324,1,61.73,STRONG BUY,0.7696,0.5392,Bullish,1.0,0.0,unavailable_no_point_in_time_source,False,12361.0,12361.0,2026-09-02,12130.0,-1.8688,0,2026-09-04,11919.0,-3.5758,0.0,2026-09-08,11880.0,-3.8913,0.0,2026-09-16,11593.0,-6.2131,0.0,1,0,0,0,0,0,-1.8688,0,0.0,0.0,0.0,0.0,0.0,-3.5758,0.0,0.0,0.0,0.0,0.0,0.0,-3.8913,0.0,0.0,0.0,0.0,0.0,0.0,-6.2131,0.0,60-65,60-65
BAJAJFINSV.NS|2026-09-01|ensemble_lr0.20_rf0.30_xgb0.50,BAJAJFINSV.NS,2026-09-01,ensemble_lr0.20_rf0.30_xgb0.50,2025-09-02,2026-09-01,2026-08-31,2025-09-29,2026-08-31,2026-09-01,227,2026-09-01,False,0,0.463768115942029,0.6223559528829958,0.54,0.49482426047325134,0.5338833208132249,1,53.39,0.5338833208132249,1,53.39,BUY,0.5961,0.1921,Sideways,0.165,0.0,unavailable_no_point_in_time_source,False,1972.0,1972.0,2026-09-02,1990.0,0.9128,1,2026-09-04,1970.0,-0.1014,0.0,2026-09-08,1938.0999755859375,-1.7191,0.0,2026-09-16,1837.0,-6.8458,0.0,0,1,1,0,0,1,0.9128,1,0.0,0.0,1.0,1.0,0.0,-0.1014,0.0,0.0,0.0,1.0,1.0,0.0,-1.7191,0.0,0.0,0.0,1.0,1.0,0.0,-6.8458,0.0,50-55,50-55
BAJFINANCE.NS|2026-09-01|ensemble_lr0.20_rf0.30_xgb0.50,BAJFINANCE.NS,2026-09-01,ensemble_lr0.20_rf0.30_xgb0.50,2025-09-02,2026-09-01,2026-08-31,2025-09-29,2026-08-31,2026-09-01,227,2026-09-01,False,0,0.5,0.18583207453576492,0.4,0.34037521481513977,0.3273540223147229,0,67.26,0.3273540223147229,0,67.26,HOLD,0.4853,-0.0293,Sideways,0.335,0.0,unavailable_no_point_in_time_source,True,1053.9,1053.9000244140625,2026-09-02,1055.9000244140625,0.1898,1,2026-09-04,1060.5,0.6262,1.0,2026-09-08,1054.0999755859375,0.019,1.0,2026-09-16,1006.2000122070312,-4.526,0.0,0,0,0,0,0,1,0.1898,1,0.0,0.0,0.0,0.0,1.0,0.6262,1.0,0.0,0.0,0.0,0.0,1.0,0.019,1.0,1.0,1.0,1.0,1.0,0.0,-4.526,0.0,65-70,65-70
BEL.NS|2026-09-01|ensemble_lr0.20_rf0.30_xgb0.50,BEL.NS,2026-09-01,ensemble_lr0.20_rf0.30_xgb0.50,2025-09-02,2026-09-01,2026-08-31,2025-09-29,2026-08-31,2026-09-01,227,2026-09-01,False,1,0.4710144927536231,0.4776340188124924,0.54,0.4595474302768707,0.48730051890093384,0,51.27,0.48730051890093384,0,51.27,HOLD,0.4582,-0.0836,Sideways,0.165,0.0,unavailable_no_point_in_time_source,False,411.2,411.20001220703125,2026-09-02,405.75,-1.3254,0,2026-09-04,405.3500061035156,-1.4227,0.0,2026-09-08,410.54998779296875,-0.1581,0.0,2026-09-16,385.75,-6.1892,0.0,0,1,1,0,1,1,-1.3254,1,1.0,1.0,0.0,1.0,1.0,-1.4227,1.0,1.0,1.0,0.0,1.0,1.0,-0.1581,1.0,1.0,1.0,0.0,1.0,0.0,-6.1892,0.0,50-55,50-55
BPCL.NS|2026-09-01|ensemble_lr0.20_rf0.30_xgb0.50,BPCL.NS,2026-09-01,ensemble_lr0.20_rf0.30_xgb0.50,2025-09-02,2026-09-01,2026-08-31,2025-09-29,2026-08-31,2026-09-01,227,2026-09-01,False,0,0.463768115942029,0.6927360545170317,0.42,0.3372003734111786,0.4331473976089957,0,56.69,0.4331473976089957,0,56.69,HOLD,0.5262,0.0523,Sideways,0.33,0.0,unavailable_no_point_in_time_source,True,317.65,317.6499938964844,2026-09-02,319.6000061035156,0.6139,1,2026-09-04,315.70001220703125,-0.6139,0.0,2026-09-08,303.8500061035156,-4.3444,0.0,2026-09-16,303.3500061035156,-4.5018,0.0,0,0,0,0,0,1,0.6139,1,1.0,1.0,1.0,1.0,1.0,-0.6139,1.0,1.0,1.0,1.0,1.0,0.0,-4.3444,0.0,1.0,1.0,1.0,1.0,0.0,-4.5018,0.0,55-60,55-60
AARTIIND.NS|2026-09-08|ensemble_lr0.20_rf0.30_xgb0.50,AARTIIND.NS,2026-09-08,ensemble_lr0.20_rf0.30_xgb0.50,2025-09-09,2026-09-08,2026-09-07,2025-10-07,2026-09-07,2026-09-08,227,2026-09-08,False,0,0.48550724637681153,0.18904659753346686,0.34,0.10503111034631729,0.19232487467985204,0,80.77,0.19232487467985204,0,80.77,HOLD,0.4869,-0.0263,High Volatility,0.335,0.0,unavailable_no_point_in_time_source,True,502.7,502.7007141113281,2026-09-09,495.215576171875,-1.489,0,2026-09-11,492.70001220703125,-1.9894,0.0,2026-09-16,472.8500061035156,-5.9381,0.0,2026-09-23,491.3500061035156,-2.2579,0.0,1,1,1,1,0,1,-1.4888,1,1.0,1.0,1.0,0.0,1.0,-1.9893,1.0,1.0,1.0,1.0,0.0,0.0,-5.9379,0.0,1.0,1.0,1.0,0.0,1.0,-2.2578,1.0,80-85,80-85
AAVAS.NS|2026-09-08|ensemble_lr0.20_rf0.30_xgb0.50,AAVAS.NS,2026-09-08,ensemble_lr0.20_rf0.30_xgb0.50,2025-09-09,2026-09-08,2026-09-07,2025-10-07,2026-09-07,2026-09-08,227,2026-09-08,False,0,0.572463768115942,0.5169309416640512,0.38,0.11898411065340042,0.2768782436595104,0,72.31,0.2768782436595104,0,72.31,SELL,0.3871,-0.2259,High Volatility,-0.335,0.0,unavailable_no_point_in_time_source,False,1293.5,1293.5,2026-09-09,1290.300048828125,-0.2474,0,2026-09-11,1275.0999755859375,-1.4225,0.0,2026-09-16,1282.5,-0.8504,0.0,2026-09-23,1285.800048828125,-0.5953,0.0,0,1,1,1,1,1,-0.2474,1,1.0,1.0,1.0,1.0,1.0,-1.4225,1.0,1.0,1.0,1.0,1.0,1.0,-0.8504,1.0,1.0,1.0,1.0,1.0,1.0,-0.5953,1.0,70-75,70-75
ABCAPITAL.NS|2026-09-08|ensemble_lr0.20_rf0.30_xgb0.50,ABCAPITAL.NS,2026-09-08,ensemble_lr0.20_rf0.30_xgb0.50,2025-09-09,2026-09-08,2026-09-07,2025-10-07,2026-09-07,2026-09-08,227,2026-09-08,False,0,0.6304347826086957,0.6440362286132713,0.6,0.7712383270263672,0.6944264092358379,1,69.44,0.6944264092358379,1,69.44,HOLD,0.5781,0.1561,Sideways,0.0,0.0,unavailable_no_point_in_time_source,True,396.95,396.95001220703125,2026-09-09,400.0,0.7684,1,2026-09-11,395.0,-0.4912,0.0,2026-09-16,381.29998779296875,-3.9426,0.0,2026-09-23,402.45001220703125,1.3856,1.0,0,1,1,0,0,1,0.7684,1,0.0,0.0,1.0,1.0,1.0,-0.4912,1.0,0.0,0.0,1.0,1.0,0.0,-3.9426,0.0,1.0,1.0,0.0,0.0,1.0,1.3856,1.0,65-70,65-70
ABFRL.NS|2026-09-08|ensemble_lr0.20_rf0.30_xgb0.50,ABFRL.NS,2026-09-08,ensemble_lr0.20_rf0.30_xgb0.50,2025-09-09,2026-09-08,2026-09-07,2025-10-07,2026-09-07,2026-09-08,227,2026-09-08,False,0,0.47826086956521746,0.8031574401666971,0.54,0.886155366897583,0.7657091714821309,1,76.57,0.7657091714821309,1,76.57,HOLD,0.4732,-0.0537,High Volatility,-0.665,0.0,unavailable_no_point_in_time_source,True,52.24,52.2400016784668,2026-09-09,51.33000183105469,-1.742,0,2026-09-11,50.439998626708984,-3.4456,0.0,2026-09-16,49.7400016784668,-4.7856,0.0,2026-09-23,49.09000015258789,-6.0299,0.0,0,0,0,1,1,1,-1.742,1,0.0,0.0,1.0,1.0,0.0,-3.4456,0.0,0.0,0.0,1.0,1.0,0.0,-4.7856,0.0,0.0,0.0,1.0,1.0,0.0,-6.0299,0.0,75-80,75-80
ACC.NS|2026-09-08|ensemble_lr0.20_rf0.30_xgb0.50,ACC.NS,2026-09-08,ensemble_lr0.20_rf0.30_xgb0.50,2025-09-09,2026-09-08,2026-09-07,2025-10-07,2026-09-07,2026-09-08,227,2026-09-08,False,0,0.5144927536231884,0.5236689743110403,0.38,0.31556257605552673,0.37651508288997143,0,62.35,0.37651508288997143,0,62.35,SELL,0.3171,-0.3659,Bearish,-0.665,0.0,unavailable_no_point_in_time_source,False,1262.8,1262.800048828125,2026-09-09,1257.699951171875,-0.4039,0,2026-09-11,1246.5,-1.2908,0.0,2026-09-16,1226.5999755859375,-2.8667,0.0,2026-09-23,1251.4000244140625,-0.9028,0.0,0,1,1,1,1,1,-0.4039,1,1.0,1.0,1.0,1.0,1.0,-1.2908,1.0,1.0,1.0,1.0,1.0,1.0,-2.8666,1.0,1.0,1.0,1.0,1.0,1.0,-0.9028,1.0,60-65,60-65
ADANIENT.NS|2026-09-08|ensemble_lr0.20_rf0.30_xgb0.50,ADANIENT.NS,2026-09-08,ensemble_lr0.20_rf0.30_xgb0.50,2025-09-09,2026-09-08,2026-09-07,2025-10-07,2026-09-07,2026-09-08,227,2026-09-08,False,0,0.5652173913043478,0.6769115472344437,0.82,0.521796703338623,0.6422806611162002,1,64.23,0.6422806611162002,1,64.23,HOLD,0.5014,0.0027,Bearish,-0.165,0.0,unavailable_no_point_in_time_source,True,2953.1,2953.10009765625,2026-09-09,3104.699951171875,5.1336,1,2026-09-11,3060.0,3.6199,1.0,2026-09-16,2920.0,-1.1209,0.0,2026-09-23,2993.199951171875,1.3579,1.0,1,1,1,0,1,0,5.1336,0,1.0,1.0,0.0,1.0,0.0,3.6199,0.0,0.0,0.0,1.0,0.0,1.0,-1.1209,1.0,1.0,1.0,0.0,1.0,1.0,1.3579,1.0,60-65,60-65
ADANIPORTS.NS|2026-09-08|ensemble_lr0.20_rf0.30_xgb0.50,ADANIPORTS.NS,2026-09-08,ensemble_lr0.20_rf0.30_xgb0.50,2025-09-09,2026-09-08,2026-09-07,2025-10-07,2026-09-07,2026-09-08,227,2026-09-08,False,0,0.5217391304347826,0.40068891911046756,0.48,0.337013840675354,0.3926447041597705,0,60.74,0.3926447041597705,0,60.74,HOLD,0.4525,-0.095,Sideways,0.0,0.0,unavailable_no_point_in_time_source,True,1710.0,1710.0,2026-09-09,1775.0,3.8012,1,2026-09-11,1764.5999755859375,3.193,1.0,2026-09-16,1723.800048828125,0.807,1.0,2026-09-23,1807.300048828125,5.6901,1.0,1,0,0,0,1,0,3.8012,0,0.0,0.0,0.0,1.0,0.0,3.193,0.0,0.0,0.0,0.0,1.0,1.0,0.807,1.0,0.0,0.0,0.0,1.0,0.0,5.6901,0.0,60-65,60-65
AETHER.NS|2026-09-08|ensemble_lr0.20_rf0.30_xgb0.50,AETHER.NS,2026-09-08,ensemble_lr0.20_rf0.30_xgb0.50,2025-09-09,2026-09-08,2026-09-07,2025-10-07,2026-09-07,2026-09-08,227,2026-09-08,False,0,0.5,0.46766313051664626,0.5,0.390887588262558,0.43897642023460826,0,56.1,0.43897642023460826,0,56.1,HOLD,0.5094,0.0187,High Volatility,0.5,0.0,unavailable_no_point_in_time_source,False,1642.9,1642.9000244140625,2026-09-09,1610.9000244140625,-1.9478,0,2026-09-11,1674.699951171875,1.9356,1.0,2026-09-16,1603.0999755859375,-2.4225,0.0,2026-09-23,1648.199951171875,0.3226,1.0,1,1,1,1,0,1,-1.9478,1,0.0,0.0,0.0,1.0,1.0,1.9356,1.0,1.0,1.0,1.0,0.0,1.0,-2.4225,1.0,0.0,0.0,0.0,1.0,1.0,0.3226,1.0,55-60,55-60
AIAENG.NS|2026-09-08|ensemble_lr0.20_rf0.30_xgb0.50,AIAENG.NS,2026-09-08,ensemble_lr0.20_rf0.30_xgb0.50,2025-09-09,2026-09-08,2026-09-07,2025-10-07,2026-09-07,2026-09-08,227,2026-09-08,False,1,0.5072463768115942,0.3198782045583786,0.52,0.2003219574689865,0.32013661964616896,0,67.99,0.32013661964616896,0,67.99,SELL,0.3837,-0.2326,Sideways,0.0,0.0,unavailable_no_point_in_time_source,False,4259.0,4259.0,2026-09-09,4172.10009765625,-2.0404,0,2026-09-11,4096.60009765625,-3.8131,0.0,2026-09-16,3805.800048828125,-10.641,0.0,2026-09-23,3970.0,-6.7856,0.0,1,1,1,0,0,1,-2.0404,1,1.0,1.0,0.0,0.0,1.0,-3.8131,1.0,1.0,1.0,0.0,0.0,1.0,-10.641,1.0,1.0,1.0,0.0,0.0,1.0,-6.7856,1.0,65-70,65-70
AJANTPHARM.NS|2026-09-08|ensemble_lr0.20_rf0.30_xgb0.50,AJANTPHARM.NS,2026-09-08,ensemble_lr0.20_rf0.30_xgb0.50,2025-09-09,2026-09-08,2026-09-07,2025-10-07,2026-09-07,2026-09-08,227,2026-09-08,False,1,0.463768115942029,0.6798806292768995,0.8,0.9558824896812439,0.8539173706960018,1,85.39,0.8539173706960018,1,85.39,BUY,0.6861,0.3723,Bullish,0.5,0.0,unavailable_no_point_in_time_source,False,3579.3,3579.300048828125,2026-09-09,3534.39990234375,-1.2544,0,2026-09-11,3533.39990234375,-1.2824,0.0,2026-09-16,3508.89990234375,-1.9669,0.0,2026-09-23,3568.10009765625,-0.3129,0.0,1,0,0,0,0,0,-1.2544,0,0.0,0.0,0.0,0.0,0.0,-1.2824,0.0,0.0,0.0,0.0,0.0,0.0,-1.9669,0.0,0.0,0.0,0.0,0.0,0.0,-0.3129,0.0,85-90,85-90
ALEMBICLTD.NS|2026-09-08|ensemble_lr0.20_rf0.30_xgb0.50,ALEMBICLTD.NS,2026-09-08,ensemble_lr0.20_rf0.30_xgb0.50,2025-09-09,2026-09-08,2026-09-07,2025-10-07,2026-09-07,2026-09-08,227,2026-09-08,False,0,0.5,0.835912813438253,0.66,0.6003591418266296,0.6653621336009654,1,66.54,0.6653621336009654,1,66.54,BUY,0.7064,0.4128,High Volatility,0.835,0.0,unavailable_no_point_in_time_source,False,109.73,109.7300033569336,2026-09-09,106.94999694824219,-2.5335,0,2026-09-11,104.33000183105469,-4.9212,0.0,2026-09-16,98.94999694824219,-9.8241,0.0,2026-09-23,106.04000091552734,-3.3628,0.0,1,0,0,1,0,0,-2.5335,0,0.0,0.0,1.0,0.0,0.0,-4.9212,0.0,0.0,0.0,1.0,0.0,0.0,-9.8241,0.0,0.0,0.0,1.0,0.0,0.0,-3.3628,0.0,65-70,65-70
ALKEM.NS|2026-09-08|ensemble_lr0.20_rf0.30_xgb0.50,ALKEM.NS,2026-09-08,ensemble_lr0.20_rf0.30_xgb0.50,2025-09-09,2026-09-08,2026-09-07,2025-10-07,2026-09-07,2026-09-08,227,2026-09-08,False,0,0.43478260869565216,0.6947727681121069,0.44,0.5426084995269775,0.5422588033859101,1,54.23,0.5422588033859101,1,54.23,SELL,0.4176,-0.1648,Bearish,-0.665,0.0,unavailable_no_point_in_time_source,False,5181.0,5181.0,2026-09-09,5139.0,-0.8107,0,2026-09-11,5087.5,-1.8047,0.0,2026-09-16,5175.0,-0.1158,0.0,2026-09-23,5417.5,4.5648,1.0,0,0,0,1,1,1,-0.8107,1,0.0,0.0,1.0,1.0,1.0,-1.8047,1.0,0.0,0.0,1.0,1.0,1.0,-0.1158,1.0,1.0,1.0,0.0,0.0,0.0,4.5648,0.0,50-55,50-55
AMBER.NS|2026-09-08|ensemble_lr0.20_rf0.30_xgb0.50,AMBER.NS,2026-09-08,ensemble_lr0.20_rf0.30_xgb0.50,2025-09-09,2026-09-08,2026-09-07,2025-10-07,2026-09-07,2026-09-08,227,2026-09-08,False,0,0.4492753623188406,0.5063297956908916,0.34,0.22012019157409668,0.3133260549252267,0,68.67,0.3133260549252267,0,68.67,SELL,0.3598,-0.2803,Sideways,-0.165,0.0,unavailable_no_point_in_time_source,False,7308.0,7308.0,2026-09-09,7210.0,-1.341,0,2026-09-11,7245.0,-0.8621,0.0,2026-09-16,6930.0,-5.1724,0.0,2026-09-23,7064.5,-3.332,0.0,0,1,1,1,1,1,-1.341,1,1.0,1.0,1.0,1.0,1.0,-0.8621,1.0,1.0,1.0,1.0,1.0,1.0,-5.1724,1.0,1.0,1.0,1.0,1.0,1.0,-3.332,1.0,65-70,65-70
ANGELONE.NS|2026-09-08|ensemble_lr0.20_rf0.30_xgb0.50,ANGELONE.NS,2026-09-08,ensemble_lr0.20_rf0.30_xgb0.50,2025-09-09,2026-09-08,2026-09-07,2025-10-07,2026-09-07,2026-09-08,227,2026-09-08,False,0,0.5797101449275361,0.35868707167699415,0.18,0.21101638674736023,0.23124560770907895,0,76.88,0.23124560770907895,0,76.88,HOLD,0.4368,-0.1263,High Volatility,0.0,0.0,unavailable_no_point_in_time_source,True,298.0,298.0,2026-09-09,299.04998779296875,0.3523,1,2026-09-11,305.0,2.349,1.0,2026-09-16,293.5,-1.5101,0.0,2026-09-23,300.0,0.6711,1.0,0,0,0,0,0,1,0.3523,1,0.0,0.0,0.0,0.0,1.0,2.349,1.0,1.0,1.0,1.0,1.0,1.0,-1.5101,1.0,0.0,0.0,0.0,0.0,1.0,0.6711,1.0,75-80,75-80
APARINDS.NS|2026-09-08|ensemble_lr0.20_rf0.30_xgb0.50,APARINDS.NS,2026-09-08,ensemble_lr0.20_rf0.30_xgb0.50,2025-09-09,2026-09-08,2026-09-07,2025-10-07,2026-09-07,2026-09-08,227,2026-09-08,False,1,0.5579710144927535,0.391034584644147,0.28,0.42014968395233154,0.37228175890499515,0,62.77,0.37228175890499515,0,62.77,HOLD,0.512,0.0241,High Volatility,0.5,0.0,unavailable_no_point_in_time_source,False,17573.99,17573.986328125,2026-09-09,17387.6328125,-1.0604,0,2026-09-11,17500.0,-0.421,0.0,2026-09-16,17075.0,-2.8393,0.0,2026-09-23,17876.0,1.7185,1.0,0,1,1,0,1,1,-1.0604,1,1.0,1.0,0.0,1.0,1.0,-0.421,1.0,1.0,1.0,0.0,1.0,1.0,-2.8394,1.0,0.0,0.0,1.0,0.0,1.0,1.7185,1.0,60-65,60-65
APOLLOHOSP.NS|2026-09-08|ensemble_lr0.20_rf0.30_xgb0.50,APOLLOHOSP.NS,2026-09-08,ensemble_lr0.20_rf0.30_xgb0.50,2025-09-09,2026-09-08,2026-09-07,2025-10-07,2026-09-07,2026-09-08,227,2026-09-08,False,0,0.5579710144927537,0.40900397106667946,0.52,0.5252259373664856,0.5004137628965787,1,50.04,0.5004137628965787,1,50.04,HOLD,0.5788,0.1575,Sideways,0.0,0.0,unavailable_no_point_in_time_source,False,8837.5,8837.5,2026-09-09,8967.0,1.4653,1,2026-09-11,8836.0,-0.017,0.0,2026-09-16,8696.5,-1.5955,0.0,2026-09-23,9069.0,2.6195,1.0,1,1,1,0,1,1,1.4653,1,0.0,0.0,1.0,0.0,1.0,-0.017,1.0,0.0,0.0,1.0,0.0,1.0,-1.5955,1.0,1.0,1.0,0.0,1.0,1.0,2.6195,1.0,50-55,50-55
APOLLOTYRE.NS|2026-09-08|ensemble_lr0.20_rf0.30_xgb0.50,APOLLOTYRE.NS,2026-09-08,ensemble_lr0.20_rf0.30_xgb0.50,2025-09-09,2026-09-08,2026-09-07,2025-10-07,2026-09-07,2026-09-08,227,2026-09-08,False,0,0.43478260869565216,0.6879583519882233,0.46,0.28407981991767883,0.41763158035648407,0,58.24,0.41763158035648407,0,58.24,HOLD,0.4332,-0.1335,Sideways,-0.335,0.0,unavailable_no_point_in_time_source,True,411.5,411.5,2026-09-09,422.25,2.6124,1,2026-09-11,417.6499938964844,1.4945,1.0,2026-09-16,411.95001220703125,0.1094,1.0,2026-09-23,405.70001220703125,-1.4095,0.0,0,0,0,0,0,1,2.6124,1,0.0,0.0,0.0,0.0,1.0,1.4945,1.0,0.0,0.0,0.0,0.0,1.0,0.1094,1.0,1.0,1.0,1.0,1.0,1.0,-1.4095,1.0,55-60,55-60
ASHOKLEY.NS|2026-09-08|ensemble_lr0.20_rf0.30_xgb0.50,ASHOKLEY.NS,2026-09-08,ensemble_lr0.20_rf0.30_xgb0.50,2025-09-09,2026-09-08,2026-09-07,2025-10-07,2026-09-07,2026-09-08,227,2026-09-08,False,1,0.5072463768115942,0.39438258153412864,0.44,0.33178484439849854,0.376768938506075,0,62.32,0.376768938506075,0,62.32,HOLD,0.4933,-0.0134,Sideways,0.335,0.0,unavailable_no_point_in_time_source,True,169.0,169.0,2026-09-09,167.0,-1.1834,0,2026-09-11,163.75,-3.1065,0.0,2026-09-16,156.5,-7.3964,0.0,2026-09-23,162.88999938964844,-3.6154,0.0,0,1,1,0,1,1,-1.1834,1,1.0,1.0,0.0,1.0,0.0,-3.1065,0.0,1.0,1.0,0.0,1.0,0.0,-7.3964,0.0,1.0,1.0,0.0,1.0,0.0,-3.6154,0.0,60-65,60-65
ASIANPAINT.NS|2026-09-08|ensemble_lr0.20_rf0.30_xgb0.50,ASIANPAINT.NS,2026-09-08,ensemble_lr0.20_rf0.30_xgb0.50,2025-09-09,2026-09-08,2026-09-07,2025-10-07,2026-09-07,2026-09-08,227,2026-09-08,False,1,0.5652173913043478,0.2365546962270536,0.4,0.3208898603916168,0.32775586944121915,0,67.22,0.32775586944121915,0,67.22,SELL,0.3377,-0.3246,Bearish,-0.5,0.0,unavailable_no_point_in_time_source,True,2481.6,2481.60009765625,2026-09-09,2489.0,0.2982,1,2026-09-11,2472.5,-0.3667,0.0,2026-09-16,2416.60009765625,-2.6193,0.0,2026-09-23,2455.0,-1.0719,0.0,0,0,0,1,0,0,0.2982,0,1.0,1.0,0.0,1.0,1.0,-0.3667,1.0,1.0,1.0,0.0,1.0,1.0,-2.6193,1.0,1.0,1.0,0.0,1.0,1.0,-1.0719,1.0,65-70,65-70
ASTRAL.NS|2026-09-08|ensemble_lr0.20_rf0.30_xgb0.50,ASTRAL.NS,2026-09-08,ensemble_lr0.20_rf0.30_xgb0.50,2025-09-09,2026-09-08,2026-09-07,2025-10-07,2026-09-07,2026-09-08,227,2026-09-08,False,1,0.6014492753623188,0.5067638367636568,0.6,0.6255077123641968,0.5941066235348298,1,59.41,0.5941066235348298,1,59.41,BUY,0.5844,0.1688,Sideways,0.165,0.0,unavailable_no_point_in_time_source,True,1500.8,1500.800048828125,2026-09-09,1474.800048828125,-1.7324,0,2026-09-11,1411.4000244140625,-5.9568,0.0,2026-09-16,1382.5,-7.8825,0.0,2026-09-23,1394.800048828125,-7.0629,0.0,1,0,0,0,0,0,-1.7324,0,0.0,0.0,0.0,0.0,0.0,-5.9568,0.0,0.0,0.0,0.0,0.0,0.0,-7.8825,0.0,0.0,0.0,0.0,0.0,0.0,-7.0629,0.0,55-60,55-60
AUBANK.NS|2026-09-08|ensemble_lr0.20_rf0.30_xgb0.50,AUBANK.NS,2026-09-08,ensemble_lr0.20_rf0.30_xgb0.50,2025-09-09,2026-09-08,2026-09-07,2025-10-07,2026-09-07,2026-09-08,227,2026-09-08,False,1,0.5144927536231885,0.4293208701953418,0.36,0.260074645280838,0.32390149667948737,0,67.61,0.32390149667948737,0,67.61,HOLD,0.4526,-0.0948,Sideways,0.0,0.0,unavailable_no_point_in_time_source,True,1073.7,1073.699951171875,2026-09-09,1060.5,-1.2294,0,2026-09-11,1058.9000244140625,-1.3784,0.0,2026-09-16,1033.199951171875,-3.772,0.0,2026-09-23,1053.0,-1.9279,0.0,1,1,1,0,0,1,-1.2294,1,1.0,1.0,0.0,0.0,1.0,-1.3784,1.0,1.0,1.0,0.0,0.0,0.0,-3.772,0.0,1.0,1.0,0.0,0.0,1.0,-1.9279,1.0,65-70,65-70
AXISBANK.NS|2026-09-08|ensemble_lr0.20_rf0.30_xgb0.50,AXISBANK.NS,2026-09-08,ensemble_lr0.20_rf0.30_xgb0.50,2025-09-09,2026-09-08,2026-09-07,2025-10-07,2026-09-07,2026-09-08,227,2026-09-08,False,1,0.5217391304347826,0.4044994533055754,0.7,0.7824018001556396,0.6821007907389349,1,68.21,0.6821007907389349,1,68.21,HOLD,0.51,0.02,Bearish,0.165,0.0,unavailable_no_point_in_time_source,True,1244.9,1244.9000244140625,2026-09-09,1238.5,-0.5141,0,2026-09-11,1246.0,0.0884,1.0,2026-09-16,1241.0,-0.3133,0.0,2026-09-23,1243.199951171875,-0.1366,0.0,0,0,0,0,1,1,-0.5141,1,1.0,1.0,1.0,0.0,1.0,0.0884,1.0,0.0,0.0,0.0,1.0,1.0,-0.3133,1.0,0.0,0.0,0.0,1.0,1.0,-0.1366,1.0,65-70,65-70
BAJAJ-AUTO.NS|2026-09-08|ensemble_lr0.20_rf0.30_xgb0.50,BAJAJ-AUTO.NS,2026-09-08,ensemble_lr0.20_rf0.30_xgb0.50,2025-09-09,2026-09-08,2026-09-07,2025-10-07,2026-09-07,2026-09-08,227,2026-09-08,False,1,0.41304347826086957,0.5397683977957302,0.46,0.4732712507247925,0.4825893049215423,0,51.74,0.4825893049215423,0,51.74,HOLD,0.5659,0.1318,Bullish,0.5,0.0,unavailable_no_point_in_time_source,False,11880.0,11880.0,2026-09-09,11790.0,-0.7576,0,2026-09-11,11678.0,-1.7003,0.0,2026-09-16,11593.0,-2.4158,0.0,2026-09-23,11400.0,-4.0404,0.0,1,1,1,0,0,1,-0.7576,1,1.0,1.0,0.0,0.0,1.0,-1.7003,1.0,1.0,1.0,0.0,0.0,1.0,-2.4158,1.0,1.0,1.0,0.0,0.0,0.0,-4.0404,0.0,50-55,50-55
BAJAJFINSV.NS|2026-09-08|ensemble_lr0.20_rf0.30_xgb0.50,BAJAJFINSV.NS,2026-09-08,ensemble_lr0.20_rf0.30_xgb0.50,2025-09-09,2026-09-08,2026-09-07,2025-10-07,2026-09-07,2026-09-08,227,2026-09-08,False,0,0.5289855072463768,0.29294204049759653,0.28,0.22098101675510406,0.25307891647707137,0,74.69,0.25307891647707137,0,74.69,SELL,0.42,-0.16,Bearish,0.165,0.0,unavailable_no_point_in_time_source,True,1938.1,1938.0999755859375,2026-09-09,1927.0,-0.5727,0,2026-09-11,1913.5,-1.2693,0.0,2026-09-16,1837.0,-5.2164,0.0,2026-09-23,1846.5,-4.7263,0.0,0,1,1,1,1,1,-0.5727,1,1.0,1.0,1.0,1.0,1.0,-1.2693,1.0,1.0,1.0,1.0,1.0,1.0,-5.2164,1.0,1.0,1.0,1.0,1.0,1.0,-4.7263,1.0,70-75,70-75
BAJFINANCE.NS|2026-09-08|ensemble_lr0.20_rf0.30_xgb0.50,BAJFINANCE.NS,2026-09-08,ensemble_lr0.20_rf0.30_xgb0.50,2025-09-09,2026-09-08,2026-09-07,2025-10-07,2026-09-07,2026-09-08,227,2026-09-08,False,0,0.5144927536231884,0.1860906386479607,0.22,0.446377694606781,0.32640697503298266,0,67.36,0.32640697503298266,0,67.36,HOLD,0.4853,-0.0294,Sideways,0.335,0.0,unavailable_no_point_in_time_source,True,1054.1,1054.0999755859375,2026-09-09,1039.300048828125,-1.404,0,2026-09-11,1034.5,-1.8594,0.0,2026-09-16,1006.2000122070312,-4.5442,0.0,2026-09-23,1043.199951171875,-1.0341,0.0,0,1,1,1,1,1,-1.404,1,1.0,1.0,1.0,1.0,1.0,-1.8594,1.0,1.0,1.0,1.0,1.0,0.0,-4.5442,0.0,1.0,1.0,1.0,1.0,1.0,-1.0341,1.0,65-70,65-70
BEL.NS|2026-09-08|ensemble_lr0.20_rf0.30_xgb0.50,BEL.NS,2026-09-08,ensemble_lr0.20_rf0.30_xgb0.50,2025-09-09,2026-09-08,2026-09-07,2025-10-07,2026-09-07,2026-09-08,227,2026-09-08,False,0,0.4492753623188406,0.3134032967372169,0.34,0.5788546800613403,0.4541079993781135,0,54.59,0.4541079993781135,0,54.59,HOLD,0.4398,-0.1205,Sideways,-0.165,0.0,unavailable_no_point_in_time_source,False,410.55,410.54998779296875,2026-09-09,406.0,-1.1083,0,2026-09-11,404.3500061035156,-1.5102,0.0,2026-09-16,385.75,-6.0407,0.0,2026-09-23,396.04998779296875,-3.5318,0.0,1,1,1,1,0,1,-1.1083,1,1.0,1.0,1.0,0.0,1.0,-1.5102,1.0,1.0,1.0,1.0,0.0,0.0,-6.0407,0.0,1.0,1.0,1.0,0.0,0.0,-3.5319,0.0,50-55,50-55
BPCL.NS|2026-09-08|ensemble_lr0.20_rf0.30_xgb0.50,BPCL.NS,2026-09-08,ensemble_lr0.20_rf0.30_xgb0.50,2025-09-09,2026-09-08,2026-09-07,2025-10-07,2026-09-07,2026-09-08,227,2026-09-08,False,0,0.5217391304347826,0.6471460016848545,0.6,0.30540359020233154,0.4621309954381366,0,53.79,0.4621309954381366,0,53.79,HOLD,0.4522,-0.0957,Sideways,-0.17,0.0,unavailable_no_point_in_time_source,False,303.85,303.8500061035156,2026-09-09,303.54998779296875,-0.0987,0,2026-09-11,304.5,0.2139,1.0,2026-09-16,303.3500061035156,-0.1646,0.0,2026-09-23,315.75,3.9164,1.0,0,1,1,1,1,1,-0.0987,1,0.0,0.0,0.0,0.0,1.0,0.2139,1.0,1.0,1.0,1.0,1.0,1.0,-0.1646,1.0,0.0,0.0,0.0,0.0,0.0,3.9164,0.0,50-55,50-55
AARTIIND.NS|2026-09-16|ensemble_lr0.20_rf0.30_xgb0.50,AARTIIND.NS,2026-09-16,ensemble_lr0.20_rf0.30_xgb0.50,2025-09-17,2026-09-16,2026-09-14,2025-10-15,2026-09-14,2026-09-15,226,2026-09-16,False,0,0.5507246376811595,0.49120655467904284,0.32,0.4772335886955261,0.4328581052835716,0,56.71,0.4328581052835716,0,56.71,SELL,0.4038,-0.1924,High Volatility,-0.335,0.0,unavailable_no_point_in_time_source,True,472.85,472.8500061035156,2026-09-17,476.6000061035156,0.7931,1,2026-09-21,499.79998779296875,5.6995,1.0,2026-09-23,491.3500061035156,3.9124,1.0,2026-09-30,475.70001220703125,0.6027,1.0,1,0,0,0,1,0,0.7931,0,0.0,0.0,0.0,1.0,0.0,5.6995,0.0,0.0,0.0,0.0,1.0,0.0,3.9124,0.0,0.0,0.0,0.0,1.0,0.0,0.6027,0.0,55-60,55-60
AAVAS.NS|2026-09-16|ensemble_lr0.20_rf0.30_xgb0.50,AAVAS.NS,2026-09-16,ensemble_lr0.20_rf0.30_xgb0.50,2025-09-17,2026-09-16,2026-09-14,2025-10-15,2026-09-14,2026-09-15,226,2026-09-16,False,0,0.572463768115942,0.397998782626236,0.26,0.18911416828632355,0.252156840668409,0,74.78,0.252156840668409,0,74.78,SELL,0.3862,-0.2276,Sideways,-0.335,0.0,unavailable_no_point_in_time_source,False,1282.5,1282.5,2026-09-17,1291.800048828125,0.7252,1,2026-09-21,1321.199951171875,3.0175,1.0,2026-09-23,1285.800048828125,0.2573,1.0,2026-09-30,1211.9000244140625,-5.5049,0.0,1,0,0,0,1,0,0.7252,0,0.0,0.0,0.0,1.0,0.0,3.0175,0.0,0.0,0.0,0.0,1.0,0.0,0.2573,0.0,1.0,1.0,1.0,0.0,1.0,-5.5049,1.0,70-75,70-75
ABCAPITAL.NS|2026-09-16|ensemble_lr0.20_rf0.30_xgb0.50,ABCAPITAL.NS,2026-09-16,ensemble_lr0.20_rf0.30_xgb0.50,2025-09-17,2026-09-16,2026-09-14,2025-10-15,2026-09-14,2026-09-15,226,2026-09-16,False,0,0.6231884057971014,0.525745181963658,0.6,0.6457002758979797,0.6079991743417215,1,60.8,0.6079991743417215,1,60.8,HOLD,0.5449,0.0898,Sideways,-0.335,0.0,unavailable_no_point_in_time_source,True,381.3,381.29998779296875,2026-09-17,390.0,2.2817,1,2026-09-21,403.3999938964844,5.796,1.0,2026-09-23,402.45001220703125,5.5468,1.0,2026-09-30,380.6000061035156,-0.1836,0.0,1,1,1,0,1,1,2.2817,1,1.0,1.0,0.0,1.0,0.0,5.796,0.0,1.0,1.0,0.0,1.0,0.0,5.5468,0.0,0.0,0.0,1.0,0.0,1.0,-0.1836,1.0,60-65,60-65
ABFRL.NS|2026-09-16|ensemble_lr0.20_rf0.30_xgb0.50,ABFRL.NS,2026-09-16,ensemble_lr0.20_rf0.30_xgb0.50,2025-09-17,2026-09-16,2026-09-14,2025-10-15,2026-09-14,2026-09-15,226,2026-09-16,False,0,0.34057971014492755,0.38421026995142327,0.36,0.3907473683357239,0.3802157381581466,0,61.98,0.3802157381581466,0,61.98,SELL,0.3671,-0.2659,High Volatility,-1.0,0.0,unavailable_no_point_in_time_source,True,49.74,49.7400016784668,2026-09-17,50.45000076293945,1.4274,1,2026-09-21,49.849998474121094,0.2211,1.0,2026-09-23,49.09000015258789,-1.3068,0.0,2026-09-30,46.31999969482422,-6.8758,0.0,1,0,0,0,1,0,1.4274,0,0.0,0.0,0.0,1.0,0.0,0.2211,0.0,1.0,1.0,1.0,0.0,1.0,-1.3068,1.0,1.0,1.0,1.0,0.0,1.0,-6.8758,1.0,60-65,60-65
ACC.NS|2026-09-16|ensemble_lr0.20_rf0.30_xgb0.50,ACC.NS,2026-09-16,ensemble_lr0.20_rf0.30_xgb0.50,2025-09-17,2026-09-16,2026-09-14,2025-10-15,2026-09-14,2026-09-15,226,2026-09-16,False,0,0.4057971014492754,0.3633425323566472,0.24,0.2742384374141693,0.2817877251784141,0,71.82,0.2817877251784141,0,71.82,SELL,0.3036,-0.3928,Bearish,-1.0,0.0,unavailable_no_point_in_time_source,False,1226.6,1226.5999755859375,2026-09-17,1232.5,0.481,1,2026-09-21,1256.300048828125,2.4213,1.0,2026-09-23,1251.4000244140625,2.0219,1.0,2026-09-30,1204.0999755859375,-1.8343,0.0,1,0,0,0,1,0,0.481,0,0.0,0.0,0.0,1.0,0.0,2.4213,0.0,0.0,0.0,0.0,1.0,0.0,2.0219,0.0,1.0,1.0,1.0,0.0,1.0,-1.8343,1.0,70-75,70-75
ADANIENT.NS|2026-09-16|ensemble_lr0.20_rf0.30_xgb0.50,ADANIENT.NS,2026-09-16,ensemble_lr0.20_rf0.30_xgb0.50,2025-09-17,2026-09-16,2026-09-14,2025-10-15,2026-09-14,2026-09-15,226,2026-09-16,False,0,0.6086956521739131,0.7487398452630233,0.66,0.8744668364524841,0.7849813872788467,1,78.5,0.7849813872788467,1,78.5,HOLD,0.5264,0.0527,Sideways,-0.165,0.0,unavailable_no_point_in_time_source,True,2920.0,2920.0,2026-09-17,2923.199951171875,0.1096,1,2026-09-21,2975.0,1.8836,1.0,2026-09-23,2993.199951171875,2.5068,1.0,2026-09-30,2903.39990234375,-0.5685,0.0,0,1,1,0,0,1,0.1096,1,1.0,1.0,0.0,0.0,1.0,1.8836,1.0,1.0,1.0,0.0,0.0,1.0,2.5068,1.0,0.0,0.0,1.0,1.0,1.0,-0.5685,1.0,75-80,75-80
ADANIPORTS.NS|2026-09-16|ensemble_lr0.20_rf0.30_xgb0.50,ADANIPORTS.NS,2026-09-16,ensemble_lr0.20_rf0.30_xgb0.50,2025-09-17,2026-09-16,2026-09-14,2025-10-15,2026-09-14,2026-09-15,226,2026-09-16,False,0,0.4855072463768116,0.41351383106657824,0.34,0.48870849609375,0.42905701426019066,0,57.09,0.42905701426019066,0,57.09,HOLD,0.4561,-0.0877,Sideways,0.165,0.0,unavailable_no_point_in_time_source,True,1723.8,1723.800048828125,2026-09-17,1738.300048828125,0.8412,1,2026-09-21,1787.0999755859375,3.6721,1.0,2026-09-23,1807.300048828125,4.8439,1.0,2026-09-30,1798.300048828125,4.3218,1.0,1,0,0,0,1,1,0.8412,1,0.0,0.0,0.0,1.0,0.0,3.6721,0.0,0.0,0.0,0.0,1.0,0.0,4.844,0.0,0.0,0.0,0.0,1.0,0.0,4.3218,0.0,55-60,55-60
AETHER.NS|2026-09-16|ensemble_lr0.20_rf0.30_xgb0.50,AETHER.NS,2026-09-16,ensemble_lr0.20_rf0.30_xgb0.50,2025-09-17,2026-09-16,2026-09-14,2025-10-15,2026-09-14,2026-09-15,226,2026-09-16,False,0,0.5144927536231884,0.34772551658966017,0.66,0.44404786825180054,0.4895690374438323,0,51.04,0.4895690374438323,0,51.04,HOLD,0.5156,0.0313,High Volatility,0.5,0.0,unavailable_no_point_in_time_source,False,1603.1,1603.0999755859375,2026-09-17,1623.300048828125,1.2601,1,2026-09-21,1639.5999755859375,2.2768,1.0,2026-09-23,1648.199951171875,2.8133,1.0,2026-09-30,1699.300048828125,6.0009,1.0,1,0,0,0,1,1,1.2601,1,0.0,0.0,0.0,1.0,1.0,2.2768,1.0,0.0,0.0,0.0,1.0,1.0,2.8133,1.0,0.0,0.0,0.0,1.0,0.0,6.0009,0.0,50-55,50-55
AIAENG.NS|2026-09-16|ensemble_lr0.20_rf0.30_xgb0.50,AIAENG.NS,2026-09-16,ensemble_lr0.20_rf0.30_xgb0.50,2025-09-17,2026-09-16,2026-09-14,2025-10-15,2026-09-15,2026-09-16,226,2026-09-16,False,1,0.5289855072463768,0.48764429868409226,0.36,0.795540988445282,0.6032993539594594,1,60.33,0.6032993539594594,1,60.33,HOLD,0.4725,-0.055,High Volatility,-0.665,0.0,unavailable_no_point_in_time_source,False,3805.8,3805.800048828125,2026-09-17,3983.39990234375,4.6666,1,2026-09-21,3941.0,3.5525,1.0,2026-09-23,3970.0,4.3145,1.0,2026-09-30,3869.0,1.6606,1.0,0,1,1,1,0,0,4.6666,0,1.0,1.0,1.0,0.0,0.0,3.5525,0.0,1.0,1.0,1.0,0.0,0.0,4.3145,0.0,1.0,1.0,1.0,0.0,1.0,1.6606,1.0,60-65,60-65
AJANTPHARM.NS|2026-09-16|ensemble_lr0.20_rf0.30_xgb0.50,AJANTPHARM.NS,2026-09-16,ensemble_lr0.20_rf0.30_xgb0.50,2025-09-17,2026-09-16,2026-09-14,2025-10-15,2026-09-14,2026-09-15,226,2026-09-16,False,0,0.6159420289855073,0.49143419316422543,0.58,0.8316060304641724,0.6880898538649313,1,68.81,0.6880898538649313,1,68.81,BUY,0.6153,0.2307,Sideways,0.5,0.0,unavailable_no_point_in_time_source,False,3508.9,3508.89990234375,2026-09-17,3500.5,-0.2394,0,2026-09-21,3542.10009765625,0.9462,1.0,2026-09-23,3568.10009765625,1.6871,1.0,2026-09-30,3620.800048828125,3.189,1.0,0,0,0,1,1,0,-0.2394,0,1.0,1.0,0.0,0.0,1.0,0.9462,1.0,1.0,1.0,0.0,0.0,1.0,1.6871,1.0,1.0,1.0,0.0,0.0,1.0,3.189,1.0,65-70,65-70
ALEMBICLTD.NS|2026-09-16|ensemble_lr0.20_rf0.30_xgb0.50,ALEMBICLTD.NS,2026-09-16,ensemble_lr0.20_rf0.30_xgb0.50,2025-09-17,2026-09-16,2026-09-14,2025-10-15,2026-09-14,2026-09-15,226,2026-09-16,False,0,0.5579710144927535,0.12547880531098377,0.34,0.1477573662996292,0.20097444421201138,0,79.9,0.20097444421201138,0,79.9,HOLD,0.4879,-0.0242,High Volatility,0.165,0.0,unavailable_no_point_in_time_source,True,98.95,98.94999694824219,2026-09-17,102.72000122070312,3.81,1,2026-09-21,103.54000091552734,4.6387,1.0,2026-09-23,106.04000091552734,7.1652,1.0,2026-09-30,107.2300033569336,8.3679,1.0,0,0,0,0,0,0,3.81,0,0.0,0.0,0.0,0.0,0.0,4.6387,0.0,0.0,0.0,0.0,0.0,0.0,7.1652,0.0,0.0,0.0,0.0,0.0,0.0,8.3679,0.0,75-80,75-80
ALKEM.NS|2026-09-16|ensemble_lr0.20_rf0.30_xgb0.50,ALKEM.NS,2026-09-16,ensemble_lr0.20_rf0.30_xgb0.50,2025-09-17,2026-09-16,2026-09-14,2025-10-15,2026-09-14,2026-09-15,226,2026-09-16,False,0,0.4275362318840579,0.5453178437738345,0.48,0.4865807294845581,0.49635393349704593,0,50.36,0.49635393349704593,0,50.36,SELL,0.3275,-0.345,Bearish,-0.665,0.0,unavailable_no_point_in_time_source,False,5175.0,5175.0,2026-09-17,5348.5,3.3527,1,2026-09-21,5364.0,3.6522,1.0,2026-09-23,5417.5,4.686,1.0,2026-09-30,5163.5,-0.2222,0.0,1,0,0,0,1,0,3.3527,0,0.0,0.0,0.0,1.0,0.0,3.6522,0.0,0.0,0.0,0.0,1.0,0.0,4.686,0.0,1.0,1.0,1.0,0.0,1.0,-0.2222,1.0,50-55,50-55
AMBER.NS|2026-09-16|ensemble_lr0.20_rf0.30_xgb0.50,AMBER.NS,2026-09-16,ensemble_lr0.20_rf0.30_xgb0.50,2025-09-17,2026-09-16,2026-09-14,2025-10-15,2026-09-14,2026-09-15,226,2026-09-16,False,0,0.4855072463768116,0.1809330964184702,0.24,0.32438796758651733,0.27038060307695266,0,72.96,0.27038060307695266,0,72.96,SELL,0.3207,-0.3586,Bearish,-0.5,0.0,unavailable_no_point_in_time_source,False,6930.0,6930.0,2026-09-17,7046.0,1.6739,1,2026-09-21,7098.0,2.4242,1.0,2026-09-23,7064.5,1.9408,1.0,2026-09-30,6672.5,-3.7157,0.0,0,0,0,0,0,0,1.6739,0,0.0,0.0,0.0,0.0,0.0,2.4242,0.0,0.0,0.0,0.0,0.0,0.0,1.9408,0.0,1.0,1.0,1.0,1.0,1.0,-3.7157,1.0,70-75,70-75
ANGELONE.NS|2026-09-16|ensemble_lr0.20_rf0.30_xgb0.50,ANGELONE.NS,2026-09-16,ensemble_lr0.20_rf0.30_xgb0.50,2025-09-17,2026-09-16,2026-09-14,2025-10-15,2026-09-14,2026-09-15,226,2026-09-16,False,0,0.5362318840579711,0.36345757475643703,0.32,0.21770745515823364,0.27754524253040425,0,72.25,0.27754524253040425,0,72.25,HOLD,0.4235,-0.1531,High Volatility,0.0,0.0,unavailable_no_point_in_time_source,True,293.5,293.5,2026-09-17,295.0,0.5111,1,2026-09-21,296.1499938964844,0.9029,1.0,2026-09-23,300.0,2.2147,1.0,2026-09-30,274.0,-6.644,0.0,0,0,0,0,0,1,0.5111,1,0.0,0.0,0.0,0.0,1.0,0.9029,1.0,0.0,0.0,0.0,0.0,1.0,2.2147,1.0,1.0,1.0,1.0,1.0,0.0,-6.644,0.0,70-75,70-75
APARINDS.NS|2026-09-16|ensemble_lr0.20_rf0.30_xgb0.50,APARINDS.NS,2026-09-16,ensemble_lr0.20_rf0.30_xgb0.50,2025-09-17,2026-09-16,2026-09-14,2025-10-15,2026-09-14,2026-09-15,226,2026-09-16,False,1,0.536231884057971,0.31101874659106116,0.7,0.7760034203529358,0.6602054594946801,1,66.02,0.6602054594946801,1,66.02,BUY,0.6091,0.2182,High Volatility,0.5,0.0,unavailable_no_point_in_time_source,False,17075.0,17075.0,2026-09-17,17801.0,4.2518,1,2026-09-21,18945.0,10.9517,1.0,2026-09-23,17876.0,4.6911,1.0,2026-09-30,17384.0,1.8097,1.0,1,1,1,1,1,1,4.2518,1,1.0,1.0,1.0,1.0,1.0,10.9517,1.0,1.0,1.0,1.0,1.0,1.0,4.6911,1.0,1.0,1.0,1.0,1.0,1.0,1.8097,1.0,65-70,65-70
APOLLOHOSP.NS|2026-09-16|ensemble_lr0.20_rf0.30_xgb0.50,APOLLOHOSP.NS,2026-09-16,ensemble_lr0.20_rf0.30_xgb0.50,2025-09-17,2026-09-16,2026-09-14,2025-10-15,2026-09-14,2026-09-15,226,2026-09-16,False,0,0.5,0.48185375277642123,0.44,0.30054718255996704,0.3786443418352678,0,62.14,0.3786443418352678,0,62.14,SELL,0.4121,-0.1757,Sideways,-0.165,0.0,unavailable_no_point_in_time_source,False,8696.5,8696.5,2026-09-17,8768.5,0.8279,1,2026-09-21,8912.0,2.478,1.0,2026-09-23,9069.0,4.2833,1.0,2026-09-30,8165.5,-6.1059,0.0,0,0,0,0,0,0,0.8279,0,0.0,0.0,0.0,0.0,0.0,2.478,0.0,0.0,0.0,0.0,0.0,0.0,4.2833,0.0,1.0,1.0,1.0,1.0,1.0,-6.1059,1.0,60-65,60-65
APOLLOTYRE.NS|2026-09-16|ensemble_lr0.20_rf0.30_xgb0.50,APOLLOTYRE.NS,2026-09-16,ensemble_lr0.20_rf0.30_xgb0.50,2025-09-17,2026-09-16,2026-09-14,2025-10-15,2026-09-14,2026-09-15,226,2026-09-16,False,0,0.47826086956521746,0.9048270184527079,0.38,0.48279663920402527,0.5363637232925542,1,53.64,0.5363637232925542,1,53.64,HOLD,0.4774,-0.0452,Bearish,-0.335,0.0,unavailable_no_point_in_time_source,False,411.95,411.95001220703125,2026-09-17,412.1499938964844,0.0485,1,2026-09-21,409.29998779296875,-0.6433,0.0,2026-09-23,405.70001220703125,-1.5172,0.0,2026-09-30,404.70001220703125,-1.7599,0.0,1,1,1,0,1,1,0.0485,1,0.0,0.0,1.0,0.0,1.0,-0.6433,1.0,0.0,0.0,1.0,0.0,1.0,-1.5172,1.0,0.0,0.0,1.0,0.0,1.0,-1.7599,1.0,50-55,50-55
ASHOKLEY.NS|2026-09-16|ensemble_lr0.20_rf0.30_xgb0.50,ASHOKLEY.NS,2026-09-16,ensemble_lr0.20_rf0.30_xgb0.50,2025-09-17,2026-09-16,2026-09-14,2025-10-15,2026-09-14,2026-09-15,226,2026-09-16,False,1,0.572463768115942,0.5647950274166695,0.44,0.5040028691291809,0.4969604400479244,0,50.3,0.4969604400479244,0,50.3,HOLD,0.4511,-0.0977,Sideways,0.0,0.0,unavailable_no_point_in_time_source,False,156.5,156.5,2026-09-17,158.6199951171875,1.3546,1,2026-09-21,161.75,3.3546,1.0,2026-09-23,162.88999938964844,4.0831,1.0,2026-09-30,154.19000244140625,-1.476,0.0,0,0,0,1,0,1,1.3546,1,0.0,0.0,1.0,0.0,0.0,3.3546,0.0,0.0,0.0,1.0,0.0,0.0,4.0831,0.0,1.0,1.0,0.0,1.0,1.0,-1.476,1.0,50-55,50-55
ASIANPAINT.NS|2026-09-16|ensemble_lr0.20_rf0.30_xgb0.50,ASIANPAINT.NS,2026-09-16,ensemble_lr0.20_rf0.30_xgb0.50,2025-09-17,2026-09-16,2026-09-14,2025-10-15,2026-09-14,2026-09-15,226,2026-09-16,False,0,0.5,0.3798277666155879,0.42,0.455885648727417,0.4299083776868261,0,57.01,0.4299083776868261,0,57.01,SELL,0.3189,-0.3622,Bearish,-0.835,0.0,unavailable_no_point_in_time_source,True,2416.6,2416.60009765625,2026-09-17,2454.0,1.5476,1,2026-09-21,2440.300048828125,0.9807,1.0,2026-09-23,2455.0,1.589,1.0,2026-09-30,2402.60009765625,-0.5793,0.0,1,0,0,0,1,0,1.5476,0,0.0,0.0,0.0,1.0,0.0,0.9807,0.0,0.0,0.0,0.0,1.0,0.0,1.589,0.0,1.0,1.0,1.0,0.0,1.0,-0.5793,1.0,55-60,55-60
ASTRAL.NS|2026-09-16|ensemble_lr0.20_rf0.30_xgb0.50,ASTRAL.NS,2026-09-16,ensemble_lr0.20_rf0.30_xgb0.50,2025-09-17,2026-09-16,2026-09-14,2025-10-15,2026-09-14,2026-09-15,226,2026-09-16,False,1,0.5652173913043478,0.48265135982303253,0.6,0.47027820348739624,0.5116693737083047,1,51.17,0.5116693737083047,1,51.17,HOLD,0.4364,-0.1272,Bearish,-0.67,0.0,unavailable_no_point_in_time_source,False,1382.5,1382.5,2026-09-17,1398.9000244140625,1.1863,1,2026-09-21,1400.9000244140625,1.3309,1.0,2026-09-23,1394.800048828125,0.8897,1.0,2026-09-30,1370.4000244140625,-0.8752,0.0,1,1,1,1,1,1,1.1863,1,1.0,1.0,1.0,1.0,1.0,1.3309,1.0,1.0,1.0,1.0,1.0,1.0,0.8897,1.0,0.0,0.0,0.0,0.0,1.0,-0.8752,1.0,50-55,50-55
AUBANK.NS|2026-09-16|ensemble_lr0.20_rf0.30_xgb0.50,AUBANK.NS,2026-09-16,ensemble_lr0.20_rf0.30_xgb0.50,2025-09-17,2026-09-16,2026-09-14,2025-10-15,2026-09-14,2026-09-15,226,2026-09-16,False,0,0.5362318840579711,0.7183741813630524,0.74,0.48109400272369385,0.6062218376344575,1,60.62,0.6062218376344575,1,60.62,HOLD,0.5498,0.0997,Sideways,-0.335,0.0,unavailable_no_point_in_time_source,True,1033.2,1033.199951171875,2026-09-17,1039.300048828125,0.5904,1,2026-09-21,1038.0,0.4646,1.0,2026-09-23,1053.0,1.9164,1.0,2026-09-30,1010.2999877929688,-2.2164,0.0,1,1,1,0,1,1,0.5904,1,1.0,1.0,0.0,1.0,1.0,0.4646,1.0,1.0,1.0,0.0,1.0,1.0,1.9164,1.0,0.0,0.0,1.0,0.0,1.0,-2.2164,1.0,60-65,60-65
AXISBANK.NS|2026-09-16|ensemble_lr0.20_rf0.30_xgb0.50,AXISBANK.NS,2026-09-16,ensemble_lr0.20_rf0.30_xgb0.50,2025-09-17,2026-09-16,2026-09-14,2025-10-15,2026-09-14,2026-09-15,226,2026-09-16,False,0,0.5144927536231885,0.5369459940100758,0.54,0.5201836824417114,0.5294810400228709,1,52.95,0.5294810400228709,1,52.95,HOLD,0.5025,0.0051,Sideways,-0.33,0.0,unavailable_no_point_in_time_source,False,1241.0,1241.0,2026-09-17,1240.0,-0.0806,0,2026-09-21,1250.0,0.7252,1.0,2026-09-23,1243.199951171875,0.1773,1.0,2026-09-30,1226.0,-1.2087,0.0,1,0,0,1,0,1,-0.0806,1,1.0,1.0,0.0,1.0,1.0,0.7252,1.0,1.0,1.0,0.0,1.0,1.0,0.1773,1.0,0.0,0.0,1.0,0.0,1.0,-1.2087,1.0,50-55,50-55
BAJAJ-AUTO.NS|2026-09-16|ensemble_lr0.20_rf0.30_xgb0.50,BAJAJ-AUTO.NS,2026-09-16,ensemble_lr0.20_rf0.30_xgb0.50,2025-09-17,2026-09-16,2026-09-14,2025-10-15,2026-09-14,2026-09-15,226,2026-09-16,False,1,0.49275362318840576,0.30908921976898013,0.22,0.39407262206077576,0.3248541549841839,0,67.51,0.3248541549841839,0,67.51,HOLD,0.4899,-0.0203,Sideways,0.5,0.0,unavailable_no_point_in_time_source,False,11593.0,11593.0,2026-09-17,11500.0,-0.8022,0,2026-09-21,11460.0,-1.1472,0.0,2026-09-23,11400.0,-1.6648,0.0,2026-09-30,10874.0,-6.202,0.0,1,1,1,0,0,1,-0.8022,1,1.0,1.0,0.0,0.0,1.0,-1.1472,1.0,1.0,1.0,0.0,0.0,1.0,-1.6648,1.0,1.0,1.0,0.0,0.0,0.0,-6.202,0.0,65-70,65-70
BAJAJFINSV.NS|2026-09-16|ensemble_lr0.20_rf0.30_xgb0.50,BAJAJFINSV.NS,2026-09-16,ensemble_lr0.20_rf0.30_xgb0.50,2025-09-17,2026-09-16,2026-09-14,2025-10-15,2026-09-14,2026-09-15,226,2026-09-16,False,0,0.608695652173913,0.23605127013225627,0.38,0.4218445420265198,0.37213252503971117,0,62.79,0.37213252503971117,0,62.79,HOLD,0.4208,-0.1585,Bearish,-0.17,0.0,unavailable_no_point_in_time_source,True,1837.0,1837.0,2026-09-17,1859.199951171875,1.2085,1,2026-09-21,1849.800048828125,0.6968,1.0,2026-09-23,1846.5,0.5171,1.0,2026-09-30,1731.0,-5.7703,0.0,0,0,0,0,0,1,1.2085,1,0.0,0.0,0.0,0.0,1.0,0.6968,1.0,0.0,0.0,0.0,0.0,1.0,0.5171,1.0,1.0,1.0,1.0,1.0,0.0,-5.7703,0.0,60-65,60-65
BAJFINANCE.NS|2026-09-16|ensemble_lr0.20_rf0.30_xgb0.50,BAJFINANCE.NS,2026-09-16,ensemble_lr0.20_rf0.30_xgb0.50,2025-09-17,2026-09-16,2026-09-14,2025-10-15,2026-09-14,2026-09-15,226,2026-09-16,False,0,0.5652173913043478,0.18062096075011094,0.6,0.6244707107543945,0.5283595475272195,1,52.84,0.5283595475272195,1,52.84,HOLD,0.4971,-0.0058,Bearish,-0.335,0.0,unavailable_no_point_in_time_source,False,1006.2,1006.2000122070312,2026-09-17,1015.0,0.8746,1,2026-09-21,1021.2999877929688,1.5007,1.0,2026-09-23,1043.199951171875,3.6772,1.0,2026-09-30,959.4000244140625,-4.6512,0.0,0,1,1,0,0,1,0.8746,1,1.0,1.0,0.0,0.0,1.0,1.5007,1.0,1.0,1.0,0.0,0.0,0.0,3.6772,0.0,0.0,0.0,1.0,1.0,0.0,-4.6512,0.0,50-55,50-55
BEL.NS|2026-09-16|ensemble_lr0.20_rf0.30_xgb0.50,BEL.NS,2026-09-16,ensemble_lr0.20_rf0.30_xgb0.50,2025-09-17,2026-09-16,2026-09-14,2025-10-15,2026-09-14,2026-09-15,226,2026-09-16,False,0,0.4855072463768116,0.40706066815454345,0.42,0.49033430218696594,0.4525792847243917,0,54.74,0.4525792847243917,0,54.74,SELL,0.3945,-0.2111,Sideways,-0.335,0.0,unavailable_no_point_in_time_source,False,385.75,385.75,2026-09-17,395.45001220703125,2.5146,1,2026-09-21,398.5,3.3052,1.0,2026-09-23,396.04998779296875,2.6701,1.0,2026-09-30,388.29998779296875,0.661,1.0,1,0,0,0,1,0,2.5146,0,0.0,0.0,0.0,1.0,0.0,3.3052,0.0,0.0,0.0,0.0,1.0,0.0,2.6701,0.0,0.0,0.0,0.0,1.0,0.0,0.661,0.0,50-55,50-55
BPCL.NS|2026-09-16|ensemble_lr0.20_rf0.30_xgb0.50,BPCL.NS,2026-09-16,ensemble_lr0.20_rf0.30_xgb0.50,2025-09-17,2026-09-16,2026-09-14,2025-10-15,2026-09-14,2026-09-15,226,2026-09-16,False,0,0.47826086956521735,0.5582013149747408,0.4,0.3969419598579407,0.4301112429239185,0,56.99,0.4301112429239185,0,56.99,SELL,0.3501,-0.2999,Bearish,0.0,0.0,unavailable_no_point_in_time_source,True,303.35,303.3500061035156,2026-09-17,307.0,1.2032,1,2026-09-21,312.75,3.0987,1.0,2026-09-23,315.75,4.0877,1.0,2026-09-30,303.20001220703125,-0.0494,0.0,1,0,0,0,1,0,1.2032,0,0.0,0.0,0.0,1.0,0.0,3.0987,0.0,0.0,0.0,0.0,1.0,0.0,4.0877,0.0,1.0,1.0,1.0,0.0,1.0,-0.0494,1.0,55-60,55-60
AARTIIND.NS|2026-09-23|ensemble_lr0.20_rf0.30_xgb0.50,AARTIIND.NS,2026-09-23,ensemble_lr0.20_rf0.30_xgb0.50,2025-09-24,2026-09-23,2026-09-21,2025-10-23,2026-09-22,2026-09-23,226,2026-09-23,False,0,0.4855072463768116,0.5989466577626081,0.34,0.5607129335403442,0.5021457983226938,1,50.21,0.5021457983226938,1,50.21,HOLD,0.5014,0.0029,High Volatility,-0.165,0.0,unavailable_no_point_in_time_source,False,491.35,491.3500061035156,2026-09-24,489.45001220703125,-0.3867,0,2026-09-28,476.6000061035156,-3.0019,0.0,2026-09-30,475.70001220703125,-3.1851,0.0,,,,,0,0,0,1,1,1,-0.3867,1,0.0,0.0,1.0,1.0,0.0,-3.0019,0.0,0.0,0.0,1.0,1.0,0.0,-3.1851,0.0,,,,,,,,50-55,50-55
AAVAS.NS|2026-09-23|ensemble_lr0.20_rf0.30_xgb0.50,AAVAS.NS,2026-09-23,ensemble_lr0.20_rf0.30_xgb0.50,2025-09-24,2026-09-23,2026-09-21,2025-10-23,2026-09-22,2026-09-23,226,2026-09-23,False,0,0.5579710144927535,0.2879918504637253,0.26,0.06650985032320023,0.16885329525434517,0,83.11,0.16885329525434517,0,83.11,SELL,0.3833,-0.2334,Sideways,-0.335,0.0,unavailable_no_point_in_time_source,False,1285.8,1285.800048828125,2026-09-24,1256.4000244140625,-2.2865,0,2026-09-28,1282.4000244140625,-0.2644,0.0,2026-09-30,1211.9000244140625,-5.7474,0.0,,,,,0,1,1,1,1,1,-2.2865,1,1.0,1.0,1.0,1.0,1.0,-0.2644,1.0,1.0,1.0,1.0,1.0,1.0,-5.7474,1.0,,,,,,,,80-85,80-85
ABCAPITAL.NS|2026-09-23|ensemble_lr0.20_rf0.30_xgb0.50,ABCAPITAL.NS,2026-09-23,ensemble_lr0.20_rf0.30_xgb0.50,2025-09-24,2026-09-23,2026-09-21,2025-10-23,2026-09-22,2026-09-23,226,2026-09-23,False,0,0.5869565217391304,0.3769620137096685,0.28,0.3235290050506592,0.3211569052672633,0,67.88,0.3211569052672633,0,67.88,HOLD,0.5024,0.0047,Sideways,0.165,0.0,unavailable_no_point_in_time_source,True,402.45,402.45001220703125,2026-09-24,390.1000061035156,-3.0687,0,2026-09-28,382.70001220703125,-4.9074,0.0,2026-09-30,380.6000061035156,-5.4292,0.0,,,,,1,1,1,1,0,0,-3.0687,0,1.0,1.0,1.0,0.0,0.0,-4.9074,0.0,1.0,1.0,1.0,0.0,0.0,-5.4292,0.0,,,,,,,,65-70,65-70
ABFRL.NS|2026-09-23|ensemble_lr0.20_rf0.30_xgb0.50,ABFRL.NS,2026-09-23,ensemble_lr0.20_rf0.30_xgb0.50,2025-09-24,2026-09-23,2026-09-21,2025-10-23,2026-09-22,2026-09-23,226,2026-09-23,False,0,0.36231884057971014,0.3477073159420574,0.16,0.1872541904449463,0.2111685584108846,0,78.88,0.2111685584108846,0,78.88,SELL,0.328,-0.344,Bearish,-0.665,0.0,unavailable_no_point_in_time_source,True,49.09,49.09000015258789,2026-09-24,48.060001373291016,-2.0982,0,2026-09-28,47.59000015258789,-3.0556,0.0,2026-09-30,46.31999969482422,-5.6427,0.0,,,,,0,1,1,1,1,1,-2.0982,1,1.0,1.0,1.0,1.0,1.0,-3.0556,1.0,1.0,1.0,1.0,1.0,1.0,-5.6427,1.0,,,,,,,,75-80,75-80
ACC.NS|2026-09-23|ensemble_lr0.20_rf0.30_xgb0.50,ACC.NS,2026-09-23,ensemble_lr0.20_rf0.30_xgb0.50,2025-09-24,2026-09-23,2026-09-21,2025-10-23,2026-09-22,2026-09-23,226,2026-09-23,False,0,0.41304347826086957,0.513336065529999,0.44,0.32154783606529236,0.395441131138646,0,60.46,0.395441131138646,0,60.46,SELL,0.404,-0.1921,Sideways,-0.165,0.0,unavailable_no_point_in_time_source,False,1251.4,1251.4000244140625,2026-09-24,1236.0999755859375,-1.2226,0,2026-09-28,1213.5,-3.0286,0.0,2026-09-30,1204.0999755859375,-3.7798,0.0,,,,,1,1,1,1,0,1,-1.2226,1,1.0,1.0,1.0,0.0,1.0,-3.0286,1.0,1.0,1.0,1.0,0.0,1.0,-3.7798,1.0,,,,,,,,60-65,60-65
ADANIENT.NS|2026-09-23|ensemble_lr0.20_rf0.30_xgb0.50,ADANIENT.NS,2026-09-23,ensemble_lr0.20_rf0.30_xgb0.50,2025-09-24,2026-09-23,2026-09-21,2025-10-23,2026-09-22,2026-09-23,226,2026-09-23,False,0,0.5434782608695651,0.3829727731966824,0.28,0.3565557897090912,0.33887244949388207,0,66.11,0.33887244949388207,0,66.11,HOLD,0.498,-0.004,Sideways,0.165,0.0,unavailable_no_point_in_time_source,True,2993.2,2993.199951171875,2026-09-24,2900.0,-3.1137,0,2026-09-28,2831.10009765625,-5.4156,0.0,2026-09-30,2903.39990234375,-3.0001,0.0,,,,,0,1,1,1,1,0,-3.1137,0,1.0,1.0,1.0,1.0,0.0,-5.4156,0.0,1.0,1.0,1.0,1.0,0.0,-3.0001,0.0,,,,,,,,65-70,65-70
ADANIPORTS.NS|2026-09-23|ensemble_lr0.20_rf0.30_xgb0.50,ADANIPORTS.NS,2026-09-23,ensemble_lr0.20_rf0.30_xgb0.50,2025-09-24,2026-09-23,2026-09-21,2025-10-23,2026-09-22,2026-09-23,226,2026-09-23,False,0,0.5289855072463768,0.3249354996002847,0.48,0.5637487173080444,0.49086145857407915,0,50.91,0.49086145857407915,0,50.91,HOLD,0.5784,0.1569,Bullish,0.5,0.0,unavailable_no_point_in_time_source,False,1807.3,1807.300048828125,2026-09-24,1785.300048828125,-1.2173,0,2026-09-28,1743.699951171875,-3.5191,0.0,2026-09-30,1798.300048828125,-0.498,0.0,,,,,1,1,1,1,0,1,-1.2173,1,1.0,1.0,1.0,0.0,0.0,-3.5191,0.0,1.0,1.0,1.0,0.0,1.0,-0.498,1.0,,,,,,,,50-55,50-55
AETHER.NS|2026-09-23|ensemble_lr0.20_rf0.30_xgb0.50,AETHER.NS,2026-09-23,ensemble_lr0.20_rf0.30_xgb0.50,2025-09-24,2026-09-23,2026-09-21,2025-10-23,2026-09-22,2026-09-23,226,2026-09-23,False,0,0.45652173913043476,0.6983502689160642,0.7,0.7908738851547241,0.7451069963605749,1,74.51,0.7451069963605749,1,74.51,BUY,0.6198,0.2397,High Volatility,0.5,0.0,unavailable_no_point_in_time_source,False,1648.2,1648.199951171875,2026-09-24,1646.199951171875,-0.1213,0,2026-09-28,1739.199951171875,5.5212,1.0,2026-09-30,1699.300048828125,3.1004,1.0,,,,,1,0,0,1,0,0,-0.1213,0,1.0,1.0,0.0,1.0,1.0,5.5212,1.0,1.0,1.0,0.0,1.0,1.0,3.1004,1.0,,,,,,,,70-75,70-75
AIAENG.NS|2026-09-23|ensemble_lr0.20_rf0.30_xgb0.50,AIAENG.NS,2026-09-23,ensemble_lr0.20_rf0.30_xgb0.50,2025-09-24,2026-09-23,2026-09-21,2025-10-23,2026-09-22,2026-09-23,226,2026-09-23,False,1,0.5144927536231885,0.35427152959719127,0.4,0.3878684639930725,0.3847885379159745,0,61.52,0.3847885379159745,0,61.52,SELL,0.356,-0.2881,High Volatility,-0.5,0.0,unavailable_no_point_in_time_source,False,3970.0,3970.0,2026-09-24,3953.39990234375,-0.4181,0,2026-09-28,3841.39990234375,-3.2393,0.0,2026-09-30,3869.0,-2.5441,0.0,,,,,1,1,1,0,0,1,-0.4181,1,1.0,1.0,0.0,0.0,1.0,-3.2393,1.0,1.0,1.0,0.0,0.0,1.0,-2.5441,1.0,,,,,,,,60-65,60-65
AJANTPHARM.NS|2026-09-23|ensemble_lr0.20_rf0.30_xgb0.50,AJANTPHARM.NS,2026-09-23,ensemble_lr0.20_rf0.30_xgb0.50,2025-09-24,2026-09-23,2026-09-21,2025-10-23,2026-09-22,2026-09-23,226,2026-09-23,False,0,0.5289855072463768,0.6248288045058564,0.38,0.4149633049964905,0.4464474133994165,0,55.36,0.4464474133994165,0,55.36,HOLD,0.5044,0.0087,Sideways,0.5,0.0,unavailable_no_point_in_time_source,False,3568.1,3568.10009765625,2026-09-24,3539.5,-0.8015,0,2026-09-28,3525.199951171875,-1.2023,0.0,2026-09-30,3620.800048828125,1.477,1.0,,,,,1,1,1,1,0,1,-0.8015,1,1.0,1.0,1.0,0.0,1.0,-1.2023,1.0,0.0,0.0,0.0,1.0,1.0,1.477,1.0,,,,,,,,55-60,55-60
ALEMBICLTD.NS|2026-09-23|ensemble_lr0.20_rf0.30_xgb0.50,ALEMBICLTD.NS,2026-09-23,ensemble_lr0.20_rf0.30_xgb0.50,2025-09-24,2026-09-23,2026-09-21,2025-10-23,2026-09-22,2026-09-23,226,2026-09-23,False,0,0.4855072463768116,0.5626571825956971,0.48,0.5351932048797607,0.5241280389590197,1,52.41,0.5241280389590197,1,52.41,BUY,0.6653,0.3307,High Volatility,0.5,0.0,unavailable_no_point_in_time_source,False,106.04,106.04000091552734,2026-09-24,107.18000030517578,1.0751,1,2026-09-28,106.91000366210938,0.8204,1.0,2026-09-30,107.2300033569336,1.1222,1.0,,,,,1,1,1,0,1,1,1.0751,1,1.0,1.0,0.0,1.0,1.0,0.8204,1.0,1.0,1.0,0.0,1.0,1.0,1.1222,1.0,,,,,,,,50-55,50-55
ALKEM.NS|2026-09-23|ensemble_lr0.20_rf0.30_xgb0.50,ALKEM.NS,2026-09-23,ensemble_lr0.20_rf0.30_xgb0.50,2025-09-24,2026-09-23,2026-09-21,2025-10-23,2026-09-22,2026-09-23,226,2026-09-23,False,0,0.4710144927536232,0.5429582987299829,0.64,0.5883700847625732,0.5947767021272832,1,59.48,0.5947767021272832,1,59.48,BUY,0.5822,0.1644,Bullish,-0.165,0.0,unavailable_no_point_in_time_source,False,5417.5,5417.5,2026-09-24,5326.0,-1.689,0,2026-09-28,5175.0,-4.4762,0.0,2026-09-30,5163.5,-4.6885,0.0,,,,,1,0,0,1,0,0,-1.689,0,0.0,0.0,1.0,0.0,0.0,-4.4762,0.0,0.0,0.0,1.0,0.0,0.0,-4.6885,0.0,,,,,,,,55-60,55-60
AMBER.NS|2026-09-23|ensemble_lr0.20_rf0.30_xgb0.50,AMBER.NS,2026-09-23,ensemble_lr0.20_rf0.30_xgb0.50,2025-09-24,2026-09-23,2026-09-21,2025-10-23,2026-09-22,2026-09-23,226,2026-09-23,False,0,0.5,0.2997191617060234,0.4,0.21587030589580536,0.2878789852891074,0,71.21,0.2878789852891074,0,71.21,SELL,0.315,-0.3701,Bearish,-0.335,0.0,unavailable_no_point_in_time_source,False,7064.5,7064.5,2026-09-24,6911.0,-2.1728,0,2026-09-28,6990.0,-1.0546,0.0,2026-09-30,6672.5,-5.5489,0.0,,,,,1,1,1,1,0,1,-2.1728,1,1.0,1.0,1.0,0.0,1.0,-1.0546,1.0,1.0,1.0,1.0,0.0,1.0,-5.5489,1.0,,,,,,,,70-75,70-75
ANGELONE.NS|2026-09-23|ensemble_lr0.20_rf0.30_xgb0.50,ANGELONE.NS,2026-09-23,ensemble_lr0.20_rf0.30_xgb0.50,2025-09-24,2026-09-23,2026-09-21,2025-10-23,2026-09-22,2026-09-23,226,2026-09-23,False,0,0.4492753623188406,0.39699514243798273,0.3,0.4181378483772278,0.3784679526762105,0,62.15,0.3784679526762105,0,62.15,HOLD,0.452,-0.096,Sideways,0.0,0.0,unavailable_no_point_in_time_source,True,300.0,300.0,2026-09-24,290.70001220703125,-3.1,0,2026-09-28,279.20001220703125,-6.9333,0.0,2026-09-30,274.0,-8.6667,0.0,,,,,1,1,1,1,0,0,-3.1,0,1.0,1.0,1.0,0.0,0.0,-6.9333,0.0,1.0,1.0,1.0,0.0,0.0,-8.6667,0.0,,,,,,,,60-65,60-65
APARINDS.NS|2026-09-23|ensemble_lr0.20_rf0.30_xgb0.50,APARINDS.NS,2026-09-23,ensemble_lr0.20_rf0.30_xgb0.50,2025-09-24,2026-09-23,2026-09-21,2025-10-23,2026-09-22,2026-09-23,226,2026-09-23,False,1,0.5434782608695652,0.5821455351410554,0.38,0.3764348030090332,0.41864650853272767,0,58.14,0.41864650853272767,0,58.14,HOLD,0.556,0.1121,High Volatility,0.835,0.0,unavailable_no_point_in_time_source,False,17876.0,17876.0,2026-09-24,17804.0,-0.4028,0,2026-09-28,17263.0,-3.4292,0.0,2026-09-30,17384.0,-2.7523,0.0,,,,,0,1,1,0,1,1,-0.4028,1,1.0,1.0,0.0,1.0,0.0,-3.4292,0.0,1.0,1.0,0.0,1.0,1.0,-2.7523,1.0,,,,,,,,55-60,55-60
APOLLOHOSP.NS|2026-09-23|ensemble_lr0.20_rf0.30_xgb0.50,APOLLOHOSP.NS,2026-09-23,ensemble_lr0.20_rf0.30_xgb0.50,2025-09-24,2026-09-23,2026-09-21,2025-10-23,2026-09-22,2026-09-23,226,2026-09-23,False,0,0.4492753623188406,0.23008329920465495,0.16,0.021478677168488503,0.10475599842517525,0,89.52,0.10475599842517525,0,89.52,HOLD,0.5449,0.0898,Sideways,0.5,0.0,unavailable_no_point_in_time_source,False,9069.0,9069.0,2026-09-24,8888.5,-1.9903,0,2026-09-28,8860.0,-2.3046,0.0,2026-09-30,8165.5,-9.9625,0.0,,,,,1,1,1,1,0,1,-1.9903,1,1.0,1.0,1.0,0.0,1.0,-2.3046,1.0,1.0,1.0,1.0,0.0,0.0,-9.9625,0.0,,,,,,,,85-90,85-90
APOLLOTYRE.NS|2026-09-23|ensemble_lr0.20_rf0.30_xgb0.50,APOLLOTYRE.NS,2026-09-23,ensemble_lr0.20_rf0.30_xgb0.50,2025-09-24,2026-09-23,2026-09-21,2025-10-23,2026-09-22,2026-09-23,226,2026-09-23,False,0,0.47826086956521746,0.5335805319799154,0.46,0.24809303879737854,0.36876262579467234,0,63.12,0.36876262579467234,0,63.12,SELL,0.3353,-0.3294,Sideways,-0.835,0.0,unavailable_no_point_in_time_source,True,405.7,405.70001220703125,2026-09-24,397.95001220703125,-1.9103,0,2026-09-28,389.6000061035156,-3.9685,0.0,2026-09-30,404.70001220703125,-0.2465,0.0,,,,,1,1,1,1,0,1,-1.9103,1,1.0,1.0,1.0,0.0,1.0,-3.9684,1.0,1.0,1.0,1.0,0.0,1.0,-0.2465,1.0,,,,,,,,60-65,60-65
ASHOKLEY.NS|2026-09-23|ensemble_lr0.20_rf0.30_xgb0.50,ASHOKLEY.NS,2026-09-23,ensemble_lr0.20_rf0.30_xgb0.50,2025-09-24,2026-09-23,2026-09-21,2025-10-23,2026-09-22,2026-09-23,226,2026-09-23,False,1,0.5362318840579711,0.3977236244124827,0.46,0.34919339418411255,0.3921414219745528,0,60.79,0.3921414219745528,0,60.79,SELL,0.3565,-0.2871,Bearish,0.17,0.0,unavailable_no_point_in_time_source,True,162.89,162.88999938964844,2026-09-24,157.3000030517578,-3.4318,0,2026-09-28,155.22000122070312,-4.7087,0.0,2026-09-30,154.19000244140625,-5.341,0.0,,,,,1,1,1,0,0,1,-3.4318,1,1.0,1.0,0.0,0.0,1.0,-4.7087,1.0,1.0,1.0,0.0,0.0,1.0,-5.341,1.0,,,,,,,,60-65,60-65
ASIANPAINT.NS|2026-09-23|ensemble_lr0.20_rf0.30_xgb0.50,ASIANPAINT.NS,2026-09-23,ensemble_lr0.20_rf0.30_xgb0.50,2025-09-24,2026-09-23,2026-09-21,2025-10-23,2026-09-22,2026-09-23,226,2026-09-23,False,0,0.5289855072463768,0.2865931611608201,0.54,0.5437297821044922,0.4911835232844101,0,50.88,0.4911835232844101,0,50.88,SELL,0.3679,-0.2641,Bearish,-0.33,0.0,unavailable_no_point_in_time_source,False,2455.0,2455.0,2026-09-24,2392.699951171875,-2.5377,0,2026-09-28,2420.0,-1.4257,0.0,2026-09-30,2402.60009765625,-2.1344,0.0,,,,,1,1,1,1,0,1,-2.5377,1,1.0,1.0,1.0,0.0,1.0,-1.4257,1.0,1.0,1.0,1.0,0.0,1.0,-2.1344,1.0,,,,,,,,50-55,50-55
ASTRAL.NS|2026-09-23|ensemble_lr0.20_rf0.30_xgb0.50,ASTRAL.NS,2026-09-23,ensemble_lr0.20_rf0.30_xgb0.50,2025-09-24,2026-09-23,2026-09-21,2025-10-23,2026-09-22,2026-09-23,226,2026-09-23,False,1,0.6086956521739131,0.5655778655085874,0.54,0.58307284116745,0.5666519936854424,1,56.67,0.5666519936854424,1,56.67,SELL,0.3922,-0.2156,Bearish,-0.835,0.0,unavailable_no_point_in_time_source,True,1394.8,1394.800048828125,2026-09-24,1392.0,-0.2007,0,2026-09-28,1370.5,-1.7422,0.0,2026-09-30,1370.4000244140625,-1.7494,0.0,,,,,1,0,0,0,0,1,-0.2007,1,0.0,0.0,0.0,0.0,1.0,-1.7422,1.0,0.0,0.0,0.0,0.0,1.0,-1.7494,1.0,,,,,,,,55-60,55-60
AUBANK.NS|2026-09-23|ensemble_lr0.20_rf0.30_xgb0.50,AUBANK.NS,2026-09-23,ensemble_lr0.20_rf0.30_xgb0.50,2025-09-24,2026-09-23,2026-09-21,2025-10-23,2026-09-22,2026-09-23,226,2026-09-23,False,0,0.608695652173913,0.5860588233072985,0.32,0.35930532217025757,0.39286442574658853,0,60.71,0.39286442574658853,0,60.71,HOLD,0.4676,-0.0647,Sideways,-0.165,0.0,unavailable_no_point_in_time_source,True,1053.0,1053.0,2026-09-24,1000.0999755859375,-5.0237,0,2026-09-28,995.2999877929688,-5.4796,0.0,2026-09-30,1010.2999877929688,-4.0551,0.0,,,,,1,1,1,1,0,0,-5.0237,0,1.0,1.0,1.0,0.0,0.0,-5.4796,0.0,1.0,1.0,1.0,0.0,0.0,-4.0551,0.0,,,,,,,,60-65,60-65
AXISBANK.NS|2026-09-23|ensemble_lr0.20_rf0.30_xgb0.50,AXISBANK.NS,2026-09-23,ensemble_lr0.20_rf0.30_xgb0.50,2025-09-24,2026-09-23,2026-09-21,2025-10-23,2026-09-22,2026-09-23,226,2026-09-23,False,0,0.5,0.35656150061449227,0.58,0.31200045347213745,0.4013125268589672,0,59.87,0.4013125268589672,0,59.87,SELL,0.3805,-0.2389,Sideways,-0.33,0.0,unavailable_no_point_in_time_source,True,1243.2,1243.199951171875,2026-09-24,1186.5,-4.5608,0,2026-09-28,1209.9000244140625,-2.6786,0.0,2026-09-30,1226.0,-1.3835,0.0,,,,,1,1,1,1,0,1,-4.5608,1,1.0,1.0,1.0,0.0,1.0,-2.6786,1.0,1.0,1.0,1.0,0.0,1.0,-1.3835,1.0,,,,,,,,55-60,55-60
BAJAJ-AUTO.NS|2026-09-23|ensemble_lr0.20_rf0.30_xgb0.50,BAJAJ-AUTO.NS,2026-09-23,ensemble_lr0.20_rf0.30_xgb0.50,2025-09-24,2026-09-23,2026-09-21,2025-10-23,2026-09-22,2026-09-23,226,2026-09-23,False,1,0.5289855072463768,0.41473421751596384,0.64,0.33236774802207947,0.4411307175142325,0,55.89,0.4411307175142325,0,55.89,HOLD,0.4554,-0.0891,Bearish,0.5,0.0,unavailable_no_point_in_time_source,False,11400.0,11400.0,2026-09-24,11208.0,-1.6842,0,2026-09-28,11024.0,-3.2982,0.0,2026-09-30,10874.0,-4.614,0.0,,,,,1,1,1,0,0,1,-1.6842,1,1.0,1.0,0.0,0.0,0.0,-3.2982,0.0,1.0,1.0,0.0,0.0,0.0,-4.614,0.0,,,,,,,,55-60,55-60
BAJAJFINSV.NS|2026-09-23|ensemble_lr0.20_rf0.30_xgb0.50,BAJAJFINSV.NS,2026-09-23,ensemble_lr0.20_rf0.30_xgb0.50,2025-09-24,2026-09-23,2026-09-21,2025-10-23,2026-09-22,2026-09-23,226,2026-09-23,False,0,0.5362318840579711,0.2017402176088465,0.26,0.28188008069992065,0.25928808387172964,0,74.07,0.25928808387172964,0,74.07,SELL,0.3051,-0.3898,Bearish,-0.5,0.0,unavailable_no_point_in_time_source,True,1846.5,1846.5,2026-09-24,1762.300048828125,-4.56,0,2026-09-28,1752.0,-5.1178,0.0,2026-09-30,1731.0,-6.2551,0.0,,,,,1,1,1,1,0,1,-4.56,1,1.0,1.0,1.0,0.0,1.0,-5.1178,1.0,1.0,1.0,1.0,0.0,1.0,-6.2551,1.0,,,,,,,,70-75,70-75
BAJFINANCE.NS|2026-09-23|ensemble_lr0.20_rf0.30_xgb0.50,BAJFINANCE.NS,2026-09-23,ensemble_lr0.20_rf0.30_xgb0.50,2025-09-24,2026-09-23,2026-09-21,2025-10-23,2026-09-22,2026-09-23,226,2026-09-23,False,0,0.608695652173913,0.1807008702246048,0.32,0.3481982946395874,0.30623932136471466,0,69.38,0.30623932136471466,0,69.38,SELL,0.3846,-0.2308,Bearish,-0.165,0.0,unavailable_no_point_in_time_source,True,1043.2,1043.199951171875,2026-09-24,982.0,-5.8666,0,2026-09-28,985.0,-5.579,0.0,2026-09-30,959.4000244140625,-8.033,0.0,,,,,1,1,1,1,0,1,-5.8666,1,1.0,1.0,1.0,0.0,1.0,-5.579,1.0,1.0,1.0,1.0,0.0,1.0,-8.033,1.0,,,,,,,,65-70,65-70
BEL.NS|2026-09-23|ensemble_lr0.20_rf0.30_xgb0.50,BEL.NS,2026-09-23,ensemble_lr0.20_rf0.30_xgb0.50,2025-09-24,2026-09-23,2026-09-21,2025-10-23,2026-09-22,2026-09-23,226,2026-09-23,False,0,0.4710144927536231,0.47959537664174895,0.3,0.456641286611557,0.4142397186341283,0,58.58,0.4142397186341283,0,58.58,SELL,0.3747,-0.2505,Sideways,-0.33,0.0,unavailable_no_point_in_time_source,True,396.05,396.04998779296875,2026-09-24,392.0,-1.0226,0,2026-09-28,385.5,-2.6638,0.0,2026-09-30,388.29998779296875,-1.9568,0.0,,,,,0,1,1,1,1,1,-1.0226,1,1.0,1.0,1.0,1.0,1.0,-2.6638,1.0,1.0,1.0,1.0,1.0,1.0,-1.9568,1.0,,,,,,,,55-60,55-60
BPCL.NS|2026-09-23|ensemble_lr0.20_rf0.30_xgb0.50,BPCL.NS,2026-09-23,ensemble_lr0.20_rf0.30_xgb0.50,2025-09-24,2026-09-23,2026-09-21,2025-10-23,2026-09-22,2026-09-23,226,2026-09-23,False,0,0.5144927536231884,0.7431664287648846,0.72,0.6792153120040894,0.7042409417550216,1,70.42,0.7042409417550216,1,70.42,BUY,0.6331,0.2663,Bullish,0.33,0.0,unavailable_no_point_in_time_source,True,315.75,315.75,2026-09-24,307.1000061035156,-2.7395,0,2026-09-28,302.25,-4.2755,0.0,2026-09-30,303.20001220703125,-3.9747,0.0,,,,,1,0,0,1,0,0,-2.7395,0,0.0,0.0,1.0,0.0,0.0,-4.2755,0.0,0.0,0.0,1.0,0.0,0.0,-3.9747,0.0,,,,,,,,70-75,70-75
AARTIIND.NS|2026-09-30|ensemble_lr0.20_rf0.30_xgb0.50,AARTIIND.NS,2026-09-30,ensemble_lr0.20_rf0.30_xgb0.50,2025-10-01,2026-09-30,2026-09-28,2025-10-30,2026-09-29,2026-09-30,226,2026-09-30,False,0,0.5434782608695653,0.26665291794234247,0.42,0.5914514660835266,0.4750563166302318,0,52.49,0.4750563166302318,0,52.49,SELL,0.3968,-0.2065,High Volatility,-0.165,0.0,unavailable_no_point_in_time_source,False,475.7,475.70001220703125,2026-10-01,465.1000061035156,-2.2283,0,,,,,,,,,,,,,1,1,1,1,0,1,-2.2283,1,,,,,,,,,,,,,,,,,,,,,,50-55,50-55
AAVAS.NS|2026-09-30|ensemble_lr0.20_rf0.30_xgb0.50,AAVAS.NS,2026-09-30,ensemble_lr0.20_rf0.30_xgb0.50,2025-10-01,2026-09-30,2026-09-28,2025-10-30,2026-09-29,2026-09-30,226,2026-09-30,False,0,0.4565217391304348,0.4694866204636936,0.28,0.10425212234258652,0.230023385264032,0,77.0,0.230023385264032,0,77.0,SELL,0.318,-0.3639,High Volatility,-1.0,0.0,unavailable_no_point_in_time_source,False,1211.9,1211.9000244140625,2026-10-01,1190.9000244140625,-1.7328,0,,,,,,,,,,,,,0,1,1,1,1,1,-1.7328,1,,,,,,,,,,,,,,,,,,,,,,75-80,75-80
ABCAPITAL.NS|2026-09-30|ensemble_lr0.20_rf0.30_xgb0.50,ABCAPITAL.NS,2026-09-30,ensemble_lr0.20_rf0.30_xgb0.50,2025-10-01,2026-09-30,2026-09-28,2025-10-30,2026-09-29,2026-09-30,226,2026-09-30,False,0,0.6014492753623188,0.5273305587383061,0.58,0.34635618329048157,0.452644203392902,0,54.74,0.452644203392902,0,54.74,SELL,0.4147,-0.1706,Sideways,-0.165,0.0,unavailable_no_point_in_time_source,False,380.6,380.6000061035156,2026-10-01,375.04998779296875,-1.4582,0,,,,,,,,,,,,,1,1,1,1,0,1,-1.4582,1,,,,,,,,,,,,,,,,,,,,,,50-55,50-55
ABFRL.NS|2026-09-30|ensemble_lr0.20_rf0.30_xgb0.50,ABFRL.NS,2026-09-30,ensemble_lr0.20_rf0.30_xgb0.50,2025-10-01,2026-09-30,2026-09-28,2025-10-30,2026-09-29,2026-09-30,226,2026-09-30,False,0,0.34057971014492755,0.2773174558658197,0.66,0.5090674757957458,0.5079972290710368,1,50.8,0.5079972290710368,1,50.8,HOLD,0.4643,-0.0714,High Volatility,-1.0,0.0,unavailable_no_point_in_time_source,False,46.32,46.31999969482422,2026-10-01,44.529998779296875,-3.8644,0,,,,,,,,,,,,,1,0,0,1,0,0,-3.8644,0,,,,,,,,,,,,,,,,,,,,,,50-55,50-55
ACC.NS|2026-09-30|ensemble_lr0.20_rf0.30_xgb0.50,ACC.NS,2026-09-30,ensemble_lr0.20_rf0.30_xgb0.50,2025-10-01,2026-09-30,2026-09-28,2025-10-30,2026-09-29,2026-09-30,226,2026-09-30,False,0,0.3768115942028986,0.5392375784615379,0.5,0.6426025032997131,0.5791487673421641,1,57.91,0.5791487673421641,1,57.91,HOLD,0.449,-0.102,Sideways,-1.0,0.0,unavailable_no_point_in_time_source,False,1204.1,1204.0999755859375,2026-10-01,1182.800048828125,-1.769,0,,,,,,,,,,,,,1,0,0,1,0,1,-1.769,1,,,,,,,,,,,,,,,,,,,,,,55-60,55-60
ADANIENT.NS|2026-09-30|ensemble_lr0.20_rf0.30_xgb0.50,ADANIENT.NS,2026-09-30,ensemble_lr0.20_rf0.30_xgb0.50,2025-10-01,2026-09-30,2026-09-28,2025-10-30,2026-09-29,2026-09-30,226,2026-09-30,False,0,0.572463768115942,0.34413110569689376,0.7,0.852583646774292,0.7051180445265247,1,70.51,0.7051180445265247,1,70.51,HOLD,0.5136,0.0271,Sideways,-0.165,0.0,unavailable_no_point_in_time_source,True,2903.4,2903.39990234375,2026-10-01,2816.800048828125,-2.9827,0,,,,,,,,,,,,,0,0,0,1,1,1,-2.9827,1,,,,,,,,,,,,,,,,,,,,,,70-75,70-75
ADANIPORTS.NS|2026-09-30|ensemble_lr0.20_rf0.30_xgb0.50,ADANIPORTS.NS,2026-09-30,ensemble_lr0.20_rf0.30_xgb0.50,2025-10-01,2026-09-30,2026-09-28,2025-10-30,2026-09-29,2026-09-30,226,2026-09-30,False,0,0.6159420289855072,0.5743952474916799,0.58,0.5666580200195312,0.5722080595081016,1,57.22,0.5722080595081016,1,57.22,BUY,0.6788,0.3576,Sideways,0.5,0.0,unavailable_no_point_in_time_source,True,1798.3,1798.300048828125,2026-10-01,1737.800048828125,-3.3643,0,,,,,,,,,,,,,0,0,0,1,1,0,-3.3643,0,,,,,,,,,,,,,,,,,,,,,,55-60,55-60
AETHER.NS|2026-09-30|ensemble_lr0.20_rf0.30_xgb0.50,AETHER.NS,2026-09-30,ensemble_lr0.20_rf0.30_xgb0.50,2025-10-01,2026-09-30,2026-09-28,2025-10-30,2026-09-29,2026-09-30,226,2026-09-30,False,0,0.4565217391304348,0.7402185492998514,0.62,0.7715476751327515,0.719817547426346,1,71.98,0.719817547426346,1,71.98,BUY,0.6716,0.3431,High Volatility,0.835,0.0,unavailable_no_point_in_time_source,False,1699.3,1699.300048828125,2026-10-01,1670.0,-1.7242,0,,,,,,,,,,,,,0,0,0,1,1,0,-1.7242,0,,,,,,,,,,,,,,,,,,,,,,70-75,70-75
AIAENG.NS|2026-09-30|ensemble_lr0.20_rf0.30_xgb0.50,AIAENG.NS,2026-09-30,ensemble_lr0.20_rf0.30_xgb0.50,2025-10-01,2026-09-30,2026-09-28,2025-10-30,2026-09-29,2026-09-30,226,2026-09-30,False,1,0.572463768115942,0.2890562626558485,0.44,0.11138790845870972,0.24550520676052456,0,75.45,0.24550520676052456,0,75.45,SELL,0.3601,-0.2798,Bearish,-0.33,0.0,unavailable_no_point_in_time_source,False,3869.0,3869.0,2026-10-01,3824.39990234375,-1.1528,0,,,,,,,,,,,,,1,1,1,0,0,1,-1.1528,1,,,,,,,,,,,,,,,,,,,,,,75-80,75-80
AJANTPHARM.NS|2026-09-30|ensemble_lr0.20_rf0.30_xgb0.50,AJANTPHARM.NS,2026-09-30,ensemble_lr0.20_rf0.30_xgb0.50,2025-10-01,2026-09-30,2026-09-28,2025-10-30,2026-09-29,2026-09-30,226,2026-09-30,False,1,0.5434782608695652,0.22570393059259103,0.36,0.3656030297279358,0.3359423009824861,0,66.41,0.3359423009824861,0,66.41,BUY,0.5819,0.1638,Sideways,0.835,0.0,unavailable_no_point_in_time_source,False,3620.8,3620.800048828125,2026-10-01,3581.0,-1.0992,0,,,,,,,,,,,,,1,1,1,0,0,0,-1.0992,0,,,,,,,,,,,,,,,,,,,,,,65-70,65-70
ALEMBICLTD.NS|2026-09-30|ensemble_lr0.20_rf0.30_xgb0.50,ALEMBICLTD.NS,2026-09-30,ensemble_lr0.20_rf0.30_xgb0.50,2025-10-01,2026-09-30,2026-09-28,2025-10-30,2026-09-29,2026-09-30,226,2026-09-30,False,0,0.4420289855072464,0.724610074982992,0.48,0.4233381450176239,0.5005910875054104,1,50.06,0.5005910875054104,1,50.06,BUY,0.6769,0.3538,High Volatility,0.665,0.0,unavailable_no_point_in_time_source,False,107.23,107.2300033569336,2026-10-01,104.11000061035156,-2.9096,0,,,,,,,,,,,,,0,0,0,1,1,0,-2.9096,0,,,,,,,,,,,,,,,,,,,,,,50-55,50-55
ALKEM.NS|2026-09-30|ensemble_lr0.20_rf0.30_xgb0.50,ALKEM.NS,2026-09-30,ensemble_lr0.20_rf0.30_xgb0.50,2025-10-01,2026-09-30,2026-09-28,2025-10-30,2026-09-29,2026-09-30,226,2026-09-30,False,0,0.4057971014492754,0.6286869754896782,0.58,0.6822859048843384,0.6408803475401048,1,64.09,0.6408803475401048,1,64.09,HOLD,0.4726,-0.0549,Bearish,-0.165,0.0,unavailable_no_point_in_time_source,False,5163.5,5163.5,2026-10-01,5220.0,1.0942,1,,,,,,,,,,,,,0,1,1,0,0,1,1.0942,1,,,,,,,,,,,,,,,,,,,,,,60-65,60-65
AMBER.NS|2026-09-30|ensemble_lr0.20_rf0.30_xgb0.50,AMBER.NS,2026-09-30,ensemble_lr0.20_rf0.30_xgb0.50,2025-10-01,2026-09-30,2026-09-28,2025-10-30,2026-09-29,2026-09-30,226,2026-09-30,False,0,0.5072463768115942,0.5032230266149657,0.58,0.558014452457428,0.5536518315517072,1,55.37,0.5536518315517072,1,55.37,SELL,0.418,-0.164,Bearish,-0.665,0.0,unavailable_no_point_in_time_source,False,6672.5,6672.5,2026-10-01,6500.0,-2.5852,0,,,,,,,,,,,,,1,0,0,1,0,1,-2.5852,1,,,,,,,,,,,,,,,,,,,,,,55-60,55-60
ANGELONE.NS|2026-09-30|ensemble_lr0.20_rf0.30_xgb0.50,ANGELONE.NS,2026-09-30,ensemble_lr0.20_rf0.30_xgb0.50,2025-10-01,2026-09-30,2026-09-28,2025-10-30,2026-09-29,2026-09-30,226,2026-09-30,False,0,0.4855072463768116,0.5125372974159765,0.48,0.36440980434417725,0.4287123616552839,0,57.13,0.4287123616552839,0,57.13,SELL,0.3263,-0.3475,Bearish,-0.5,0.0,unavailable_no_point_in_time_source,True,274.0,274.0,2026-10-01,276.79998779296875,1.0219,1,,,,,,,,,,,,,1,0,0,0,1,0,1.0219,0,,,,,,,,,,,,,,,,,,,,,,55-60,55-60
APARINDS.NS|2026-09-30|ensemble_lr0.20_rf0.30_xgb0.50,APARINDS.NS,2026-09-30,ensemble_lr0.20_rf0.30_xgb0.50,2025-10-01,2026-09-30,2026-09-28,2025-10-30,2026-09-29,2026-09-30,226,2026-09-30,False,1,0.5507246376811595,0.4878681789810563,0.48,0.8193261623382568,0.6512367169653397,1,65.12,0.6512367169653397,1,65.12,BUY,0.6065,0.2131,High Volatility,0.5,0.0,unavailable_no_point_in_time_source,False,17384.0,17384.0,2026-10-01,17648.0,1.5186,1,,,,,,,,,,,,,0,1,1,1,0,1,1.5186,1,,,,,,,,,,,,,,,,,,,,,,65-70,65-70
APOLLOHOSP.NS|2026-09-30|ensemble_lr0.20_rf0.30_xgb0.50,APOLLOHOSP.NS,2026-09-30,ensemble_lr0.20_rf0.30_xgb0.50,2025-10-01,2026-09-30,2026-09-28,2025-10-30,2026-09-29,2026-09-30,226,2026-09-30,False,0,0.4202898550724638,0.7025301227365396,0.76,0.6863362789154053,0.7116741640050106,1,71.17,0.7116741640050106,1,71.17,HOLD,0.561,0.1221,Sideways,-0.335,0.0,unavailable_no_point_in_time_source,False,8165.5,8165.5,2026-10-01,8133.5,-0.3919,0,,,,,,,,,,,,,0,0,0,1,1,1,-0.3919,1,,,,,,,,,,,,,,,,,,,,,,70-75,70-75
APOLLOTYRE.NS|2026-09-30|ensemble_lr0.20_rf0.30_xgb0.50,APOLLOTYRE.NS,2026-09-30,ensemble_lr0.20_rf0.30_xgb0.50,2025-10-01,2026-09-30,2026-09-28,2025-10-30,2026-09-29,2026-09-30,226,2026-09-30,False,0,0.5072463768115942,0.3212671894134167,0.26,0.2616116404533386,0.27305925810935266,0,72.69,0.27305925810935266,0,72.69,SELL,0.2943,-0.4114,Bearish,-0.67,0.0,unavailable_no_point_in_time_source,True,404.7,404.70001220703125,2026-10-01,404.75,0.0124,1,,,,,,,,,,,,,0,0,0,0,0,0,0.0124,0,,,,,,,,,,,,,,,,,,,,,,70-75,70-75
ASHOKLEY.NS|2026-09-30|ensemble_lr0.20_rf0.30_xgb0.50,ASHOKLEY.NS,2026-09-30,ensemble_lr0.20_rf0.30_xgb0.50,2025-10-01,2026-09-30,2026-09-28,2025-10-30,2026-09-29,2026-09-30,226,2026-09-30,False,1,0.572463768115942,0.22689911258256149,0.38,0.5040045976638794,0.411382121348452,0,58.86,0.411382121348452,0,58.86,SELL,0.3556,-0.2887,Bearish,-0.5,0.0,unavailable_no_point_in_time_source,True,154.19,154.19000244140625,2026-10-01,150.47999572753906,-2.4061,0,,,,,,,,,,,,,1,1,1,0,0,1,-2.4061,1,,,,,,,,,,,,,,,,,,,,,,55-60,55-60
ASIANPAINT.NS|2026-09-30|ensemble_lr0.20_rf0.30_xgb0.50,ASIANPAINT.NS,2026-09-30,ensemble_lr0.20_rf0.30_xgb0.50,2025-10-01,2026-09-30,2026-09-28,2025-10-30,2026-09-29,2026-09-30,226,2026-09-30,False,0,0.572463768115942,0.316229415023498,0.32,0.3695230484008789,0.34400740720513906,0,65.6,0.34400740720513906,0,65.6,SELL,0.35,-0.2999,Bearish,-0.5,0.0,unavailable_no_point_in_time_source,True,2402.6,2402.60009765625,2026-10-01,2407.0,0.1831,1,,,,,,,,,,,,,0,0,0,0,0,0,0.1831,0,,,,,,,,,,,,,,,,,,,,,,65-70,65-70
ASTRAL.NS|2026-09-30|ensemble_lr0.20_rf0.30_xgb0.50,ASTRAL.NS,2026-09-30,ensemble_lr0.20_rf0.30_xgb0.50,2025-10-01,2026-09-30,2026-09-28,2025-10-30,2026-09-29,2026-09-30,226,2026-09-30,False,0,0.5797101449275363,0.6085322616882608,0.6,0.8838540315628052,0.7436334681190547,1,74.36,0.7436334681190547,1,74.36,SELL,0.3984,-0.2032,Bearish,-0.835,0.0,unavailable_no_point_in_time_source,True,1370.4,1370.4000244140625,2026-10-01,1344.0,-1.9264,0,,,,,,,,,,,,,0,0,0,1,1,1,-1.9264,1,,,,,,,,,,,,,,,,,,,,,,70-75,70-75
AUBANK.NS|2026-09-30|ensemble_lr0.20_rf0.30_xgb0.50,AUBANK.NS,2026-09-30,ensemble_lr0.20_rf0.30_xgb0.50,2025-10-01,2026-09-30,2026-09-28,2025-10-30,2026-09-29,2026-09-30,226,2026-09-30,False,0,0.6086956521739131,0.6808110234674741,0.54,0.5920543074607849,0.5941893584238873,1,59.42,0.5941893584238873,1,59.42,HOLD,0.4672,-0.0657,Bearish,-0.165,0.0,unavailable_no_point_in_time_source,True,1010.3,1010.2999877929688,2026-10-01,987.0,-2.3062,0,,,,,,,,,,,,,1,0,0,1,0,1,-2.3062,1,,,,,,,,,,,,,,,,,,,,,,55-60,55-60
AXISBANK.NS|2026-09-30|ensemble_lr0.20_rf0.30_xgb0.50,AXISBANK.NS,2026-09-30,ensemble_lr0.20_rf0.30_xgb0.50,2025-10-01,2026-09-30,2026-09-28,2025-10-30,2026-09-29,2026-09-30,226,2026-09-30,False,0,0.5072463768115942,0.545549667267746,0.76,0.7447248697280884,0.7094723683175934,1,70.95,0.7094723683175934,1,70.95,HOLD,0.4461,-0.1078,Bearish,-0.5,0.0,unavailable_no_point_in_time_source,True,1226.0,1226.0,2026-10-01,1217.0999755859375,-0.7259,0,,,,,,,,,,,,,1,0,0,1,0,1,-0.7259,1,,,,,,,,,,,,,,,,,,,,,,70-75,70-75
BAJAJ-AUTO.NS|2026-09-30|ensemble_lr0.20_rf0.30_xgb0.50,BAJAJ-AUTO.NS,2026-09-30,ensemble_lr0.20_rf0.30_xgb0.50,2025-10-01,2026-09-30,2026-09-28,2025-10-30,2026-09-29,2026-09-30,226,2026-09-30,False,1,0.4855072463768116,0.6639712727955149,0.64,0.6873283982276917,0.6684584536729488,1,66.85,0.6684584536729488,1,66.85,HOLD,0.5008,0.0015,Bearish,-0.335,0.0,unavailable_no_point_in_time_source,False,10874.0,10874.0,2026-10-01,10045.0,-7.6237,0,,,,,,,,,,,,,1,0,0,0,0,0,-7.6237,0,,,,,,,,,,,,,,,,,,,,,,65-70,65-70
BAJAJFINSV.NS|2026-09-30|ensemble_lr0.20_rf0.30_xgb0.50,BAJAJFINSV.NS,2026-09-30,ensemble_lr0.20_rf0.30_xgb0.50,2025-10-01,2026-09-30,2026-09-28,2025-10-30,2026-09-29,2026-09-30,226,2026-09-30,False,0,0.6666666666666666,0.19998540202365483,0.22,0.2683011591434479,0.2401476599764549,0,75.99,0.2401476599764549,0,75.99,SELL,0.2898,-0.4204,Bearish,-0.835,0.0,unavailable_no_point_in_time_source,True,1731.0,1731.0,2026-10-01,1732.5999755859375,0.0924,1,,,,,,,,,,,,,0,0,0,0,0,0,0.0924,0,,,,,,,,,,,,,,,,,,,,,,75-80,75-80
BAJFINANCE.NS|2026-09-30|ensemble_lr0.20_rf0.30_xgb0.50,BAJFINANCE.NS,2026-09-30,ensemble_lr0.20_rf0.30_xgb0.50,2025-10-01,2026-09-30,2026-09-28,2025-10-30,2026-09-29,2026-09-30,226,2026-09-30,False,0,0.5652173913043478,0.5853472084574304,0.56,0.7602190375328064,0.6651789604578893,1,66.52,0.6651789604578893,1,66.52,HOLD,0.4393,-0.1214,Bearish,-0.5,0.0,unavailable_no_point_in_time_source,True,959.4,959.4000244140625,2026-10-01,948.2999877929688,-1.157,0,,,,,,,,,,,,,0,0,0,1,1,1,-1.157,1,,,,,,,,,,,,,,,,,,,,,,65-70,65-70
BEL.NS|2026-09-30|ensemble_lr0.20_rf0.30_xgb0.50,BEL.NS,2026-09-30,ensemble_lr0.20_rf0.30_xgb0.50,2025-10-01,2026-09-30,2026-09-28,2025-10-30,2026-09-29,2026-09-30,226,2026-09-30,False,0,0.5362318840579711,0.6292130779166641,0.58,0.41299372911453247,0.506339480140599,1,50.63,0.506339480140599,1,50.63,HOLD,0.4202,-0.1596,Bearish,-0.5,0.0,unavailable_no_point_in_time_source,False,388.3,388.29998779296875,2026-10-01,383.1000061035156,-1.3392,0,,,,,,,,,,,,,1,0,0,1,0,1,-1.3392,1,,,,,,,,,,,,,,,,,,,,,,50-55,50-55
BPCL.NS|2026-09-30|ensemble_lr0.20_rf0.30_xgb0.50,BPCL.NS,2026-09-30,ensemble_lr0.20_rf0.30_xgb0.50,2025-10-01,2026-09-30,2026-09-28,2025-10-30,2026-09-29,2026-09-30,226,2026-09-30,False,0,0.5144927536231884,0.610768530665529,0.62,0.5752935409545898,0.5958004766104008,1,59.58,0.5958004766104008,1,59.58,HOLD,0.4684,-0.0633,Bearish,0.0,0.0,unavailable_no_point_in_time_source,True,303.2,303.20001220703125,2026-10-01,300.6000061035156,-0.8575,0,,,,,,,,,,,,,1,0,0,1,0,1,-0.8575,1,,,,,,,,,,,,,,,,,,,,,,55-60,55-60
