prediction_id,symbol,prediction_timestamp,model_version,daily_window_start,daily_window_end,weekly_window_end,training_start_timestamp,training_end_timestamp,training_label_end_timestamp,n_training_rows,feature_row_timestamp,prediction_row_in_training_set,majority_class_training,production_accuracy_fast,logistic_probability,rf_probability,xgb_probability,ensemble_probability,predicted_direction,confidence,forward_row_ensemble_probability,forward_row_predicted_direction,forward_row_confidence,signal,confluence,weighted_score,market_regime,timeframe_score,news_score,news_status,passes_quality_filters,production_cmp,prediction_price,outcome_date_1d,actual_price_1d,return_1d,outcome_1d,outcome_date_3d,actual_price_3d,return_3d,outcome_3d,outcome_date_5d,actual_price_5d,return_5d,outcome_5d,outcome_date_10d,actual_price_10d,return_10d,outcome_10d,realized_issue_move,correct_1d,forward_row_correct_1d,baseline_majority_correct_1d,baseline_prev_direction_correct_1d,signal_success_1d,legacy_cmp_return_1d,legacy_cmp_signal_success_1d,correct_3d,forward_row_correct_3d,baseline_majority_correct_3d,baseline_prev_direction_correct_3d,signal_success_3d,legacy_cmp_return_3d,legacy_cmp_signal_success_3d,correct_5d,forward_row_correct_5d,baseline_majority_correct_5d,baseline_prev_direction_correct_5d,signal_success_5d,legacy_cmp_return_5d,legacy_cmp_signal_success_5d,correct_10d,forward_row_correct_10d,baseline_majority_correct_10d,baseline_prev_direction_correct_10d,signal_success_10d,legacy_cmp_return_10d,legacy_cmp_signal_success_10d,confidence_bucket,forward_row_confidence_bucket
ABFRL.NS|2025-10-01|ensemble_lr0.20_rf0.30_xgb0.50,ABFRL.NS,2025-10-01,ensemble_lr0.20_rf0.30_xgb0.50,2024-10-03,2025-10-01,2025-09-29,2024-10-30,2025-09-30,2025-10-01,228,2025-10-01,False,0,0.49275362318840576,0.566790314330856,0.42,0.3354939818382263,0.4071050537852844,0,59.29,0.4071050537852844,0,59.29,SELL,0.368,-0.264,High Volatility,-0.5,0.0,unavailable_no_point_in_time_source,True,86.39,86.38999938964844,2025-10-03,87.98999786376953,1.8521,1,2025-10-07,85.69999694824219,-0.7987,0.0,2025-10-09,84.56999969482422,-2.1067,0.0,2025-10-16,83.69000244140625,-3.1254,0.0,1,0,0,0,1,0,1.8521,0,1.0,1.0,1.0,0.0,1.0,-0.7987,1.0,1.0,1.0,1.0,0.0,1.0,-2.1067,1.0,1.0,1.0,1.0,0.0,1.0,-3.1254,1.0,55-60,55-60
ADANIENT.NS|2025-10-01|ensemble_lr0.20_rf0.30_xgb0.50,ADANIENT.NS,2025-10-01,ensemble_lr0.20_rf0.30_xgb0.50,2024-10-03,2025-10-01,2025-09-29,2024-10-30,2025-09-30,2025-10-01,228,2025-10-01,False,0,0.536231884057971,0.4584386644584058,0.5,0.3991430103778839,0.4412592380806231,0,55.87,0.4412592380806231,0,55.87,BUY,0.6394,0.2789,Bullish,0.5,0.0,unavailable_no_point_in_time_source,True,2591.54,2591.541259765625,2025-10-03,2588.742431640625,-0.108,0,2025-10-07,2541.063720703125,-1.9478,0.0,2025-10-09,2541.263671875,-1.9401,0.0,2025-10-16,2556.45703125,-1.3538,0.0,1,1,1,1,0,0,-0.108,0,1.0,1.0,1.0,0.0,0.0,-1.9477,0.0,1.0,1.0,1.0,0.0,0.0,-1.94,0.0,1.0,1.0,1.0,0.0,0.0,-1.3537,0.0,55-60,55-60
ADANIPORTS.NS|2025-10-01|ensemble_lr0.20_rf0.30_xgb0.50,ADANIPORTS.NS,2025-10-01,ensemble_lr0.20_rf0.30_xgb0.50,2024-10-03,2025-10-01,2025-09-29,2024-10-30,2025-09-30,2025-10-01,228,2025-10-01,False,0,0.6014492753623188,0.5229255056811135,0.76,0.831024169921875,0.7480971860971601,1,74.81,0.7480971860971601,1,74.81,BUY,0.6201,0.2401,Bullish,-0.165,0.0,unavailable_no_point_in_time_source,True,1416.73,1416.729248046875,2025-10-03,1413.1444091796875,-0.253,0,2025-10-07,1393.6265869140625,-1.6307,0.0,2025-10-09,1389.742919921875,-1.9048,0.0,2025-10-16,1473.2908935546875,3.9924,1.0,1,0,0,1,0,0,-0.2531,0,0.0,0.0,1.0,0.0,0.0,-1.6308,0.0,0.0,0.0,1.0,0.0,0.0,-1.9049,0.0,1.0,1.0,0.0,1.0,1.0,3.9924,1.0,70-75,70-75
APOLLOTYRE.NS|2025-10-01|ensemble_lr0.20_rf0.30_xgb0.50,APOLLOTYRE.NS,2025-10-01,ensemble_lr0.20_rf0.30_xgb0.50,2024-10-03,2025-10-01,2025-09-29,2024-10-30,2025-09-30,2025-10-01,228,2025-10-01,False,0,0.5797101449275363,0.40040547525488407,0.3,0.3779851496219635,0.35907366986195854,0,64.09,0.35907366986195854,0,64.09,HOLD,0.4237,-0.1526,Bearish,0.165,0.0,unavailable_no_point_in_time_source,True,461.77,461.7741394042969,2025-10-03,467.20501708984375,1.1761,1,2025-10-07,472.48779296875,2.3201,1.0,2025-10-09,478.7580261230469,3.678,1.0,2025-10-16,483.7939758300781,4.7685,1.0,0,0,0,0,0,1,1.177,1,0.0,0.0,0.0,0.0,1.0,2.321,1.0,0.0,0.0,0.0,0.0,0.0,3.6789,0.0,0.0,0.0,0.0,0.0,0.0,4.7695,0.0,60-65,60-65
ASHOKLEY.NS|2025-10-01|ensemble_lr0.20_rf0.30_xgb0.50,ASHOKLEY.NS,2025-10-01,ensemble_lr0.20_rf0.30_xgb0.50,2024-10-03,2025-10-01,2025-09-29,2024-10-30,2025-09-30,2025-10-01,228,2025-10-01,False,1,0.47826086956521735,0.43657291018572614,0.52,0.7323419451713562,0.6094855546228233,1,60.95,0.6094855546228233,1,60.95,STRONG BUY,0.7828,0.5657,Bullish,1.0,0.0,unavailable_no_point_in_time_source,True,137.93,137.92575073242188,2025-10-03,136.51943969726562,-1.0196,0,2025-10-07,136.5585174560547,-0.9913,0.0,2025-10-09,135.39634704589844,-1.8339,0.0,2025-10-16,134.02911376953125,-2.8252,0.0,0,0,0,0,1,0,-1.0227,0,0.0,0.0,0.0,1.0,0.0,-0.9943,0.0,0.0,0.0,0.0,1.0,0.0,-1.8369,0.0,0.0,0.0,0.0,1.0,0.0,-2.8282,0.0,60-65,60-65
ASIANPAINT.NS|2025-10-01|ensemble_lr0.20_rf0.30_xgb0.50,ASIANPAINT.NS,2025-10-01,ensemble_lr0.20_rf0.30_xgb0.50,2024-10-03,2025-10-01,2025-09-29,2024-10-30,2025-09-30,2025-10-01,228,2025-10-01,False,0,0.4275362318840579,0.5865063731135695,0.38,0.654551088809967,0.5585768190276974,1,55.86,0.5585768190276974,1,55.86,HOLD,0.4381,-0.1239,Bearish,-0.67,0.0,unavailable_no_point_in_time_source,True,2312.1,2312.1005859375,2025-10-03,2333.877197265625,0.9419,1,2025-10-07,2328.927978515625,0.7278,1.0,2025-10-09,2312.6943359375,0.0257,1.0,2025-10-16,2385.250732421875,3.1638,1.0,0,1,1,0,0,1,0.9419,1,1.0,1.0,0.0,0.0,1.0,0.7278,1.0,1.0,1.0,0.0,0.0,1.0,0.0257,1.0,1.0,1.0,0.0,0.0,0.0,3.1638,0.0,55-60,55-60
ASTRAL.NS|2025-10-01|ensemble_lr0.20_rf0.30_xgb0.50,ASTRAL.NS,2025-10-01,ensemble_lr0.20_rf0.30_xgb0.50,2024-10-03,2025-10-01,2025-09-29,2024-10-30,2025-09-30,2025-10-01,228,2025-10-01,False,0,0.5652173913043479,0.22953297037270032,0.44,0.13725495338439941,0.24653407076673978,0,75.35,0.24653407076673978,0,75.35,SELL,0.3323,-0.3355,Bearish,-0.335,0.0,unavailable_no_point_in_time_source,True,1372.92,1372.92431640625,2025-10-03,1380.1060791015625,0.5231,1,2025-10-07,1415.815673828125,3.1241,1.0,2025-10-09,1402.54931640625,2.1578,1.0,2025-10-16,1441.151611328125,4.9695,1.0,1,0,0,0,1,0,0.5234,0,0.0,0.0,0.0,1.0,0.0,3.1244,0.0,0.0,0.0,0.0,1.0,0.0,2.1581,0.0,0.0,0.0,0.0,1.0,0.0,4.9698,0.0,75-80,75-80
AUBANK.NS|2025-10-01|ensemble_lr0.20_rf0.30_xgb0.50,AUBANK.NS,2025-10-01,ensemble_lr0.20_rf0.30_xgb0.50,2024-10-03,2025-10-01,2025-09-29,2024-10-30,2025-09-30,2025-10-01,228,2025-10-01,False,0,0.5144927536231885,0.31023056973253527,0.3,0.5274671912193298,0.41577970955617194,0,58.42,0.41577970955617194,0,58.42,HOLD,0.4532,-0.0936,Sideways,0.165,0.0,unavailable_no_point_in_time_source,True,723.85,723.8470458984375,2025-10-03,741.1802368164062,2.3946,1,2025-10-07,763.2587890625,5.4448,1.0,2025-10-09,759.2626342773438,4.8927,1.0,2025-10-16,797.7252807617188,10.2063,1.0,0,0,0,0,0,1,2.3942,1,0.0,0.0,0.0,0.0,0.0,5.4443,0.0,0.0,0.0,0.0,0.0,0.0,4.8923,0.0,0.0,0.0,0.0,0.0,0.0,10.2059,0.0,55-60,55-60
AXISBANK.NS|2025-10-01|ensemble_lr0.20_rf0.30_xgb0.50,AXISBANK.NS,2025-10-01,ensemble_lr0.20_rf0.30_xgb0.50,2024-10-03,2025-10-01,2025-09-29,2024-10-30,2025-09-30,2025-10-01,228,2025-10-01,False,0,0.5,0.3101980134640564,0.38,0.2850789725780487,0.3185790889818356,0,68.14,0.3185790889818356,0,68.14,BUY,0.655,0.3101,Bullish,0.665,0.0,unavailable_no_point_in_time_source,True,1158.61,1158.6064453125,2025-10-03,1180.08984375,1.8542,1,2025-10-07,1185.885498046875,2.3545,1.0,2025-10-09,1166.5003662109375,0.6813,1.0,2025-10-16,1195.378173828125,3.1738,1.0,1,0,0,0,1,1,1.8539,1,0.0,0.0,0.0,1.0,1.0,2.3542,1.0,0.0,0.0,0.0,1.0,1.0,0.681,1.0,0.0,0.0,0.0,1.0,1.0,3.1735,1.0,65-70,65-70
BEL.NS|2025-10-01|ensemble_lr0.20_rf0.30_xgb0.50,BEL.NS,2025-10-01,ensemble_lr0.20_rf0.30_xgb0.50,2024-10-03,2025-10-01,2025-09-29,2024-10-30,2025-09-30,2025-10-01,228,2025-10-01,False,0,0.5507246376811593,0.598172595762256,0.66,0.612821102142334,0.6240450702236182,1,62.4,0.6240450702236182,1,62.4,BUY,0.6931,0.3862,Bullish,0.5,0.0,unavailable_no_point_in_time_source,True,404.23,404.22802734375,2025-10-03,410.3436584472656,1.5129,1,2025-10-07,408.00677490234375,0.9348,1.0,2025-10-09,407.0621032714844,0.7011,1.0,2025-10-16,409.4983825683594,1.3038,1.0,1,1,1,0,1,1,1.5124,1,1.0,1.0,0.0,1.0,1.0,0.9343,1.0,1.0,1.0,0.0,1.0,1.0,0.7006,1.0,1.0,1.0,0.0,1.0,1.0,1.3033,1.0,60-65,60-65
ABFRL.NS|2025-10-09|ensemble_lr0.20_rf0.30_xgb0.50,ABFRL.NS,2025-10-09,ensemble_lr0.20_rf0.30_xgb0.50,2024-10-10,2025-10-09,2025-10-06,2024-11-06,2025-10-08,2025-10-09,228,2025-10-09,False,0,0.463768115942029,0.5267222216302527,0.42,0.42198944091796875,0.44233916478503493,0,55.77,0.44233916478503493,0,55.77,SELL,0.3692,-0.2615,High Volatility,-0.5,0.0,unavailable_no_point_in_time_source,True,84.57,84.56999969482422,2025-10-10,83.19000244140625,-1.6318,0,2025-10-14,80.13999938964844,-5.2383,0.0,2025-10-16,83.69000244140625,-1.0406,0.0,2025-10-24,81.93000030517578,-3.1217,0.0,0,1,1,1,1,1,-1.6318,1,1.0,1.0,1.0,1.0,1.0,-5.2383,1.0,1.0,1.0,1.0,1.0,1.0,-1.0406,1.0,1.0,1.0,1.0,1.0,1.0,-3.1217,1.0,55-60,55-60
ADANIENT.NS|2025-10-09|ensemble_lr0.20_rf0.30_xgb0.50,ADANIENT.NS,2025-10-09,ensemble_lr0.20_rf0.30_xgb0.50,2024-10-10,2025-10-09,2025-10-06,2024-11-06,2025-10-08,2025-10-09,228,2025-10-09,False,0,0.5942028985507247,0.36817808145898195,0.38,0.3913210332393646,0.3832961329114787,0,61.67,0.3832961329114787,0,61.67,HOLD,0.5447,0.0893,Bullish,0.0,0.0,unavailable_no_point_in_time_source,True,2541.26,2541.263671875,2025-10-10,2549.759765625,0.3343,1,2025-10-14,2515.875,-0.9991,0.0,2025-10-16,2556.45703125,0.5979,1.0,2025-10-24,2503.080810546875,-1.5025,0.0,1,0,0,0,1,1,0.3345,1,1.0,1.0,1.0,0.0,1.0,-0.9989,1.0,0.0,0.0,0.0,1.0,1.0,0.598,1.0,1.0,1.0,1.0,0.0,1.0,-1.5024,1.0,60-65,60-65
ADANIPORTS.NS|2025-10-09|ensemble_lr0.20_rf0.30_xgb0.50,ADANIPORTS.NS,2025-10-09,ensemble_lr0.20_rf0.30_xgb0.50,2024-10-10,2025-10-09,2025-10-06,2024-11-06,2025-10-08,2025-10-09,228,2025-10-09,False,0,0.6014492753623188,0.31342061596324605,0.6,0.6542704105377197,0.5698193284615091,1,56.98,0.5698193284615091,1,56.98,HOLD,0.5588,0.1176,Sideways,-0.165,0.0,unavailable_no_point_in_time_source,True,1389.74,1389.742919921875,2025-10-10,1403.485107421875,0.9888,1,2025-10-14,1423.0028076171875,2.3932,1.0,2025-10-16,1473.2908935546875,6.0118,1.0,2025-10-24,1423.0028076171875,2.3932,1.0,1,1,1,0,1,1,0.989,1,1.0,1.0,0.0,1.0,1.0,2.3935,1.0,1.0,1.0,0.0,1.0,0.0,6.012,0.0,1.0,1.0,0.0,1.0,1.0,2.3935,1.0,55-60,55-60
ANGELONE.NS|2025-10-09|ensemble_lr0.20_rf0.30_xgb0.50,ANGELONE.NS,2025-10-09,ensemble_lr0.20_rf0.30_xgb0.50,2024-10-10,2025-10-09,2025-10-06,2024-11-06,2025-10-08,2025-10-09,228,2025-10-09,False,0,0.44202898550724634,0.5398148599393136,0.38,0.3575294017791748,0.4007276728774501,0,59.93,0.4007276728774501,0,59.93,SELL,0.4126,-0.1747,Sideways,-0.335,0.0,unavailable_no_point_in_time_source,True,222.17,222.1712646484375,2025-10-10,225.9679718017578,1.7089,1,2025-10-14,235.9061279296875,6.1821,1.0,2025-10-16,243.5583953857422,9.6264,1.0,2025-10-24,246.68797302246094,11.035,1.0,1,0,0,0,1,0,1.7095,0,0.0,0.0,0.0,1.0,0.0,6.1827,0.0,0.0,0.0,0.0,1.0,0.0,9.627,0.0,0.0,0.0,0.0,1.0,0.0,11.0357,0.0,55-60,55-60
APOLLOTYRE.NS|2025-10-09|ensemble_lr0.20_rf0.30_xgb0.50,APOLLOTYRE.NS,2025-10-09,ensemble_lr0.20_rf0.30_xgb0.50,2024-10-10,2025-10-09,2025-10-06,2024-11-06,2025-10-08,2025-10-09,228,2025-10-09,False,0,0.5217391304347826,0.4445530531005798,0.34,0.2609349191188812,0.32137807017955655,0,67.86,0.32137807017955655,0,67.86,HOLD,0.4749,-0.0503,Sideways,0.165,0.0,unavailable_no_point_in_time_source,True,478.76,478.7580261230469,2025-10-10,482.11529541015625,0.7012,1,2025-10-14,474.6601867675781,-0.8559,0.0,2025-10-16,483.7939758300781,1.0519,1.0,2025-10-24,493.5201721191406,3.0834,1.0,0,0,0,0,0,1,0.7008,1,1.0,1.0,1.0,1.0,1.0,-0.8563,1.0,0.0,0.0,0.0,0.0,1.0,1.0515,1.0,0.0,0.0,0.0,0.0,0.0,3.083,0.0,65-70,65-70
ASHOKLEY.NS|2025-10-09|ensemble_lr0.20_rf0.30_xgb0.50,ASHOKLEY.NS,2025-10-09,ensemble_lr0.20_rf0.30_xgb0.50,2024-10-10,2025-10-09,2025-10-06,2024-11-06,2025-10-08,2025-10-09,228,2025-10-09,False,0,0.5217391304347826,0.49855623530812093,0.42,0.3956342339515686,0.4235283640374085,0,57.65,0.4235283640374085,0,57.65,HOLD,0.5588,0.1176,Bullish,0.5,0.0,unavailable_no_point_in_time_source,True,135.4,135.39634704589844,2025-10-10,134.33184814453125,-0.7862,0,2025-10-14,132.24192810058594,-2.3298,0.0,2025-10-16,134.02911376953125,-1.0098,0.0,2025-10-24,133.15992736816406,-1.6518,0.0,0,1,1,1,1,1,-0.7889,1,1.0,1.0,1.0,1.0,1.0,-2.3324,1.0,1.0,1.0,1.0,1.0,1.0,-1.0125,1.0,1.0,1.0,1.0,1.0,1.0,-1.6544,1.0,55-60,55-60
ASIANPAINT.NS|2025-10-09|ensemble_lr0.20_rf0.30_xgb0.50,ASIANPAINT.NS,2025-10-09,ensemble_lr0.20_rf0.30_xgb0.50,2024-10-10,2025-10-09,2025-10-06,2024-11-06,2025-10-08,2025-10-09,228,2025-10-09,False,0,0.5,0.34590629207454454,0.4,0.24285325407981873,0.31060788545481827,0,68.94,0.31060788545481827,0,68.94,STRONG SELL,0.2692,-0.4615,Bearish,-0.835,0.0,unavailable_no_point_in_time_source,True,2312.69,2312.6943359375,2025-10-10,2316.455810546875,0.1626,1,2025-10-14,2294.580322265625,-0.7832,0.0,2025-10-16,2385.250732421875,3.1373,1.0,2025-10-24,2476.21826171875,7.0707,1.0,1,0,0,0,1,0,0.1628,0,1.0,1.0,1.0,0.0,1.0,-0.7831,1.0,0.0,0.0,0.0,1.0,0.0,3.1375,0.0,0.0,0.0,0.0,1.0,0.0,7.0709,0.0,65-70,65-70
ASTRAL.NS|2025-10-09|ensemble_lr0.20_rf0.30_xgb0.50,ASTRAL.NS,2025-10-09,ensemble_lr0.20_rf0.30_xgb0.50,2024-10-10,2025-10-09,2025-10-06,2024-11-06,2025-10-08,2025-10-09,228,2025-10-09,False,0,0.5289855072463768,0.3411145713959344,0.52,0.21887049078941345,0.3336581596738936,0,66.63,0.3336581596738936,0,66.63,SELL,0.3956,-0.2089,Sideways,-0.165,0.0,unavailable_no_point_in_time_source,True,1402.55,1402.54931640625,2025-10-10,1423.49609375,1.4935,1,2025-10-14,1415.0177001953125,0.889,1.0,2025-10-16,1441.151611328125,2.7523,1.0,2025-10-24,1427.1868896484375,1.7566,1.0,1,0,0,0,1,0,1.4934,0,0.0,0.0,0.0,1.0,0.0,0.8889,0.0,0.0,0.0,0.0,1.0,0.0,2.7522,0.0,0.0,0.0,0.0,1.0,0.0,1.7566,0.0,65-70,65-70
AXISBANK.NS|2025-10-09|ensemble_lr0.20_rf0.30_xgb0.50,AXISBANK.NS,2025-10-09,ensemble_lr0.20_rf0.30_xgb0.50,2024-10-10,2025-10-09,2025-10-06,2024-11-06,2025-10-08,2025-10-09,228,2025-10-09,False,0,0.4492753623188406,0.549613977413653,0.18,0.155372753739357,0.2416091723524091,0,75.84,0.2416091723524091,0,75.84,BUY,0.6145,0.2289,Bullish,0.5,0.0,unavailable_no_point_in_time_source,True,1166.5,1166.5003662109375,2025-10-10,1179.4903564453125,1.1136,1,2025-10-14,1175.8931884765625,0.8052,1.0,2025-10-16,1195.378173828125,2.4756,1.0,2025-10-24,1240.9429931640625,6.3817,1.0,0,0,0,0,0,1,1.1136,1,0.0,0.0,0.0,0.0,1.0,0.8052,1.0,0.0,0.0,0.0,0.0,1.0,2.4756,1.0,0.0,0.0,0.0,0.0,1.0,6.3817,1.0,75-80,75-80
BAJAJFINSV.NS|2025-10-09|ensemble_lr0.20_rf0.30_xgb0.50,BAJAJFINSV.NS,2025-10-09,ensemble_lr0.20_rf0.30_xgb0.50,2024-10-10,2025-10-09,2025-10-06,2024-11-06,2025-10-08,2025-10-09,228,2025-10-09,False,0,0.47826086956521735,0.4490223295784827,0.64,0.6871351599693298,0.6253720459003614,1,62.54,0.6253720459003614,1,62.54,HOLD,0.5508,0.1015,Sideways,-0.165,0.0,unavailable_no_point_in_time_source,True,2012.88,2012.88232421875,2025-10-10,2002.5911865234375,-0.5113,0,2025-10-14,2017.6783447265625,0.2383,1.0,2025-10-16,2088.41796875,3.7526,1.0,2025-10-24,2157.658935546875,7.1925,1.0,1,0,0,1,0,1,-0.5111,1,1.0,1.0,0.0,1.0,1.0,0.2384,1.0,1.0,1.0,0.0,1.0,0.0,3.7527,0.0,1.0,1.0,0.0,1.0,0.0,7.1926,0.0,60-65,60-65
BEL.NS|2025-10-09|ensemble_lr0.20_rf0.30_xgb0.50,BEL.NS,2025-10-09,ensemble_lr0.20_rf0.30_xgb0.50,2024-10-10,2025-10-09,2025-10-06,2024-11-06,2025-10-08,2025-10-09,228,2025-10-09,False,0,0.5,0.47895533081648173,0.5,0.3147056996822357,0.40314391600441424,0,59.69,0.40314391600441424,0,59.69,HOLD,0.5754,0.1507,Bullish,0.5,0.0,unavailable_no_point_in_time_source,True,407.06,407.0621032714844,2025-10-10,411.18890380859375,1.0138,1,2025-10-14,400.15093994140625,-1.6978,0.0,2025-10-16,409.4983825683594,0.5985,1.0,2025-10-24,419.69110107421875,3.1025,1.0,1,0,0,0,1,1,1.0143,1,1.0,1.0,1.0,0.0,1.0,-1.6973,1.0,0.0,0.0,0.0,1.0,1.0,0.599,1.0,0.0,0.0,0.0,1.0,0.0,3.103,0.0,55-60,55-60
BPCL.NS|2025-10-09|ensemble_lr0.20_rf0.30_xgb0.50,BPCL.NS,2025-10-09,ensemble_lr0.20_rf0.30_xgb0.50,2024-10-10,2025-10-09,2025-10-06,2024-11-06,2025-10-08,2025-10-09,228,2025-10-09,False,0,0.5,0.29284683922739596,0.38,0.3428340554237366,0.34398639555734745,0,65.6,0.34398639555734745,0,65.6,BUY,0.6555,0.3111,Bullish,1.0,0.0,unavailable_no_point_in_time_source,True,327.74,327.74298095703125,2025-10-10,322.6934509277344,-1.5407,0,2025-10-14,316.73883056640625,-3.3576,0.0,2025-10-16,320.0257568359375,-2.3547,0.0,2025-10-24,314.8333435058594,-3.939,0.0,0,1,1,1,1,0,-1.5398,0,1.0,1.0,1.0,1.0,0.0,-3.3567,0.0,1.0,1.0,1.0,1.0,0.0,-2.3538,0.0,1.0,1.0,1.0,1.0,0.0,-3.9381,0.0,65-70,65-70
ABFRL.NS|2025-10-16|ensemble_lr0.20_rf0.30_xgb0.50,ABFRL.NS,2025-10-16,ensemble_lr0.20_rf0.30_xgb0.50,2024-10-17,2025-10-16,2025-10-13,2024-11-13,2025-10-15,2025-10-16,228,2025-10-16,False,0,0.5217391304347826,0.5026343559155094,0.46,0.21761420369148254,0.34733397302884317,0,65.27,0.34733397302884317,0,65.27,SELL,0.3659,-0.2682,High Volatility,-0.5,0.0,unavailable_no_point_in_time_source,True,83.69,83.69000244140625,2025-10-17,82.27999877929688,-1.6848,0,2025-10-21,83.6500015258789,-0.0478,0.0,2025-10-24,81.93000030517578,-2.103,0.0,2025-10-31,81.63999938964844,-2.4495,0.0,1,1,1,1,0,1,-1.6848,1,1.0,1.0,1.0,0.0,1.0,-0.0478,1.0,1.0,1.0,1.0,0.0,1.0,-2.103,1.0,1.0,1.0,1.0,0.0,1.0,-2.4495,1.0,65-70,65-70
ADANIENT.NS|2025-10-16|ensemble_lr0.20_rf0.30_xgb0.50,ADANIENT.NS,2025-10-16,ensemble_lr0.20_rf0.30_xgb0.50,2024-10-17,2025-10-16,2025-10-13,2024-11-13,2025-10-15,2025-10-16,228,2025-10-16,False,0,0.5869565217391305,0.5545749533212265,0.62,0.5195338726043701,0.5566819269664304,1,55.67,0.5566819269664304,1,55.67,BUY,0.6257,0.2515,Bullish,0.0,0.0,unavailable_no_point_in_time_source,True,2556.46,2556.45703125,2025-10-17,2548.260498046875,-0.3206,0,2025-10-21,2548.76025390625,-0.3011,0.0,2025-10-24,2503.080810546875,-2.0879,0.0,2025-10-31,2479.89111328125,-2.995,0.0,1,0,0,1,0,0,-0.3207,0,0.0,0.0,1.0,0.0,0.0,-0.3012,0.0,0.0,0.0,1.0,0.0,0.0,-2.088,0.0,0.0,0.0,1.0,0.0,0.0,-2.9951,0.0,55-60,55-60
ADANIPORTS.NS|2025-10-16|ensemble_lr0.20_rf0.30_xgb0.50,ADANIPORTS.NS,2025-10-16,ensemble_lr0.20_rf0.30_xgb0.50,2024-10-17,2025-10-16,2025-10-13,2024-11-13,2025-10-15,2025-10-16,228,2025-10-16,False,0,0.5579710144927535,0.46219903448085314,0.42,0.3472076654434204,0.39204363961788086,0,60.8,0.39204363961788086,0,60.8,BUY,0.6425,0.2849,Bullish,1.0,0.0,unavailable_no_point_in_time_source,True,1473.29,1473.2908935546875,2025-10-17,1473.1912841796875,-0.0068,0,2025-10-21,1467.3160400390625,-0.4055,0.0,2025-10-24,1423.0028076171875,-3.4133,0.0,2025-10-31,1445.408447265625,-1.8925,0.0,1,1,1,1,0,0,-0.0067,0,1.0,1.0,1.0,0.0,0.0,-0.4055,0.0,1.0,1.0,1.0,0.0,0.0,-3.4133,0.0,1.0,1.0,1.0,0.0,0.0,-1.8925,0.0,60-65,60-65
ANGELONE.NS|2025-10-16|ensemble_lr0.20_rf0.30_xgb0.50,ANGELONE.NS,2025-10-16,ensemble_lr0.20_rf0.30_xgb0.50,2024-10-17,2025-10-16,2025-10-13,2024-11-13,2025-10-15,2025-10-16,228,2025-10-16,False,1,0.5,0.7352377313079904,0.78,0.6569803953170776,0.7095377439201369,1,70.95,0.7095377439201369,1,70.95,BUY,0.6558,0.3117,Bullish,-0.17,0.0,unavailable_no_point_in_time_source,True,243.56,243.5583953857422,2025-10-17,244.9220733642578,0.5599,1,2025-10-21,245.04962158203125,0.6123,1.0,2025-10-24,246.68797302246094,1.2849,1.0,2025-10-31,244.5198516845703,0.3948,1.0,1,1,1,1,1,1,0.5592,1,1.0,1.0,1.0,1.0,1.0,0.6116,1.0,1.0,1.0,1.0,1.0,1.0,1.2843,1.0,1.0,1.0,1.0,1.0,1.0,0.3941,1.0,70-75,70-75
ASIANPAINT.NS|2025-10-16|ensemble_lr0.20_rf0.30_xgb0.50,ASIANPAINT.NS,2025-10-16,ensemble_lr0.20_rf0.30_xgb0.50,2024-10-17,2025-10-16,2025-10-13,2024-11-13,2025-10-15,2025-10-16,228,2025-10-16,False,0,0.5217391304347826,0.45122507212475965,0.7,0.5777620673179626,0.5891260480839333,1,58.91,0.5891260480839333,1,58.91,HOLD,0.545,0.09,Sideways,-0.335,0.0,unavailable_no_point_in_time_source,True,2385.25,2385.250732421875,2025-10-17,2482.35546875,4.071,1,2025-10-21,2479.187744140625,3.9382,1.0,2025-10-24,2476.21826171875,3.8138,1.0,2025-10-31,2485.324951171875,4.1955,1.0,1,1,1,0,1,0,4.0711,0,1.0,1.0,0.0,1.0,0.0,3.9383,0.0,1.0,1.0,0.0,1.0,0.0,3.8138,0.0,1.0,1.0,0.0,1.0,0.0,4.1956,0.0,55-60,55-60
ASTRAL.NS|2025-10-16|ensemble_lr0.20_rf0.30_xgb0.50,ASTRAL.NS,2025-10-16,ensemble_lr0.20_rf0.30_xgb0.50,2024-10-17,2025-10-16,2025-10-13,2024-11-13,2025-10-15,2025-10-16,228,2025-10-16,False,0,0.5434782608695653,0.4656270857363767,0.56,0.37495505809783936,0.448602946196195,0,55.14,0.448602946196195,0,55.14,HOLD,0.4618,-0.0763,Sideways,0.165,0.0,unavailable_no_point_in_time_source,True,1441.15,1441.151611328125,2025-10-17,1438.7576904296875,-0.1661,0,2025-10-21,1443.046630859375,0.1315,1.0,2025-10-24,1427.1868896484375,-0.969,0.0,2025-10-31,1446.4381103515625,0.3668,1.0,1,1,1,1,0,1,-0.166,1,0.0,0.0,0.0,1.0,1.0,0.1316,1.0,1.0,1.0,1.0,0.0,1.0,-0.9689,1.0,0.0,0.0,0.0,1.0,1.0,0.3669,1.0,55-60,55-60
BAJAJFINSV.NS|2025-10-16|ensemble_lr0.20_rf0.30_xgb0.50,BAJAJFINSV.NS,2025-10-16,ensemble_lr0.20_rf0.30_xgb0.50,2024-10-17,2025-10-16,2025-10-13,2024-11-13,2025-10-15,2025-10-16,228,2025-10-16,False,0,0.5797101449275363,0.21119271514269297,0.4,0.2233142852783203,0.27389568566769873,0,72.61,0.27389568566769873,0,72.61,HOLD,0.5585,0.1169,Sideways,0.835,0.0,unavailable_no_point_in_time_source,True,2088.42,2088.41796875,2025-10-17,2081.92333984375,-0.311,0,2025-10-21,2167.250732421875,3.7748,1.0,2025-10-24,2157.658935546875,3.3155,1.0,2025-10-31,2086.51953125,-0.0909,0.0,1,1,1,1,0,1,-0.3111,1,0.0,0.0,0.0,1.0,0.0,3.7747,0.0,0.0,0.0,0.0,1.0,0.0,3.3154,0.0,1.0,1.0,1.0,0.0,1.0,-0.091,1.0,70-75,70-75
BEL.NS|2025-10-16|ensemble_lr0.20_rf0.30_xgb0.50,BEL.NS,2025-10-16,ensemble_lr0.20_rf0.30_xgb0.50,2024-10-17,2025-10-16,2025-10-13,2024-11-13,2025-10-15,2025-10-16,228,2025-10-16,False,0,0.5,0.5146498925799761,0.52,0.3596600294113159,0.43875999322165316,0,56.12,0.43875999322165316,0,56.12,HOLD,0.484,-0.032,Sideways,0.165,0.0,unavailable_no_point_in_time_source,True,409.5,409.4983825683594,2025-10-17,410.4927978515625,0.2428,1,2025-10-21,415.3654479980469,1.4327,1.0,2025-10-24,419.69110107421875,2.4891,1.0,2025-10-31,423.7184753417969,3.4726,1.0,1,0,0,0,1,1,0.2424,1,0.0,0.0,0.0,1.0,1.0,1.4323,1.0,0.0,0.0,0.0,1.0,1.0,2.4887,1.0,0.0,0.0,0.0,1.0,0.0,3.4722,0.0,55-60,55-60
BPCL.NS|2025-10-16|ensemble_lr0.20_rf0.30_xgb0.50,BPCL.NS,2025-10-16,ensemble_lr0.20_rf0.30_xgb0.50,2024-10-17,2025-10-16,2025-10-13,2024-11-13,2025-10-15,2025-10-16,228,2025-10-16,False,0,0.5797101449275363,0.42704341443885363,0.32,0.34483855962753296,0.3538279627015372,0,64.62,0.3538279627015372,0,64.62,HOLD,0.5614,0.1228,Bullish,0.5,0.0,unavailable_no_point_in_time_source,True,320.03,320.0257568359375,2025-10-17,319.9781188964844,-0.0149,0,2025-10-21,323.0268859863281,0.9378,1.0,2025-10-24,314.8333435058594,-1.6225,0.0,2025-10-31,339.93804931640625,6.2221,1.0,0,1,1,1,1,1,-0.0162,1,0.0,0.0,0.0,0.0,1.0,0.9364,1.0,1.0,1.0,1.0,1.0,1.0,-1.6238,1.0,0.0,0.0,0.0,0.0,0.0,6.2207,0.0,60-65,60-65
ABCAPITAL.NS|2025-10-24|ensemble_lr0.20_rf0.30_xgb0.50,ABCAPITAL.NS,2025-10-24,ensemble_lr0.20_rf0.30_xgb0.50,2024-10-25,2025-10-24,2025-10-20,2024-11-25,2025-10-23,2025-10-24,227,2025-10-24,False,1,0.49275362318840576,0.2829898856374236,0.32,0.28016963601112366,0.29268279513304657,0,70.73,0.29268279513304657,0,70.73,HOLD,0.574,0.148,Sideways,1.0,0.0,unavailable_no_point_in_time_source,True,306.15,306.1499938964844,2025-10-27,310.75,1.5025,1,2025-10-29,310.79998779296875,1.5189,1.0,2025-10-31,324.20001220703125,5.8958,1.0,2025-11-10,333.54998779296875,8.9499,1.0,0,0,0,1,0,1,1.5025,1,0.0,0.0,1.0,0.0,1.0,1.5189,1.0,0.0,0.0,1.0,0.0,0.0,5.8958,0.0,0.0,0.0,1.0,0.0,0.0,8.9499,0.0,70-75,70-75
ADANIPORTS.NS|2025-10-24|ensemble_lr0.20_rf0.30_xgb0.50,ADANIPORTS.NS,2025-10-24,ensemble_lr0.20_rf0.30_xgb0.50,2024-10-25,2025-10-24,2025-10-20,2024-11-25,2025-10-23,2025-10-24,227,2025-10-24,False,0,0.5652173913043478,0.4511045543539994,0.34,0.3944903016090393,0.38946606167531955,0,61.05,0.38946606167531955,0,61.05,HOLD,0.5776,0.1553,Bullish,0.67,0.0,unavailable_no_point_in_time_source,True,1423.0,1423.0028076171875,2025-10-27,1414.6380615234375,-0.5878,0,2025-10-29,1448.694580078125,1.8055,1.0,2025-10-31,1445.408447265625,1.5745,1.0,2025-11-10,1438.836181640625,1.1127,1.0,0,1,1,1,1,1,-0.5876,1,0.0,0.0,0.0,0.0,1.0,1.8057,1.0,0.0,0.0,0.0,0.0,1.0,1.5747,1.0,0.0,0.0,0.0,0.0,1.0,1.1129,1.0,60-65,60-65
APOLLOTYRE.NS|2025-10-24|ensemble_lr0.20_rf0.30_xgb0.50,APOLLOTYRE.NS,2025-10-24,ensemble_lr0.20_rf0.30_xgb0.50,2024-10-25,2025-10-24,2025-10-20,2024-11-25,2025-10-23,2025-10-24,227,2025-10-24,False,0,0.5289855072463768,0.4631244635108169,0.36,0.295428067445755,0.3483389264250409,0,65.17,0.3483389264250409,0,65.17,BUY,0.6036,0.2071,Bullish,0.835,0.0,unavailable_no_point_in_time_source,True,493.52,493.5201721191406,2025-10-27,499.19793701171875,1.1505,1,2025-10-29,499.19793701171875,1.1505,1.0,2025-10-31,495.1988220214844,0.3401,1.0,2025-11-10,515.4412841796875,4.4418,1.0,0,0,0,0,0,1,1.1505,1,0.0,0.0,0.0,0.0,1.0,1.1505,1.0,0.0,0.0,0.0,0.0,1.0,0.3402,1.0,0.0,0.0,0.0,0.0,1.0,4.4418,1.0,65-70,65-70
ASHOKLEY.NS|2025-10-24|ensemble_lr0.20_rf0.30_xgb0.50,ASHOKLEY.NS,2025-10-24,ensemble_lr0.20_rf0.30_xgb0.50,2024-10-25,2025-10-24,2025-10-20,2024-11-25,2025-10-23,2025-10-24,227,2025-10-24,False,0,0.5289855072463768,0.532176907669482,0.5,0.6191808581352234,0.5660258106015081,1,56.6,0.5660258106015081,1,56.6,BUY,0.5986,0.1971,Sideways,0.5,0.0,unavailable_no_point_in_time_source,True,133.16,133.15992736816406,2025-10-27,137.5155792236328,3.271,1,2025-10-29,136.21670532226562,2.2956,1.0,2025-10-31,138.21873474121094,3.799,1.0,2025-11-10,138.95118713378906,4.3491,1.0,0,1,1,0,0,1,3.2709,1,1.0,1.0,0.0,0.0,1.0,2.2955,1.0,1.0,1.0,0.0,0.0,1.0,3.799,1.0,1.0,1.0,0.0,0.0,1.0,4.349,1.0,55-60,55-60
ASIANPAINT.NS|2025-10-24|ensemble_lr0.20_rf0.30_xgb0.50,ASIANPAINT.NS,2025-10-24,ensemble_lr0.20_rf0.30_xgb0.50,2024-10-25,2025-10-24,2025-10-20,2024-11-25,2025-10-23,2025-10-24,227,2025-10-24,False,0,0.5072463768115942,0.16429022710649854,0.18,0.3089459240436554,0.2413310074431274,0,75.87,0.2413310074431274,0,75.87,HOLD,0.5123,0.0246,Bullish,0.335,0.0,unavailable_no_point_in_time_source,True,2476.22,2476.21826171875,2025-10-27,2493.243896484375,0.6876,1,2025-10-29,2512.94189453125,1.4831,1.0,2025-10-31,2485.324951171875,0.3678,1.0,2025-11-10,2623.508544921875,5.9482,1.0,0,0,0,0,0,1,0.6875,1,0.0,0.0,0.0,0.0,1.0,1.483,1.0,0.0,0.0,0.0,0.0,1.0,0.3677,1.0,0.0,0.0,0.0,0.0,0.0,5.9481,0.0,75-80,75-80
AXISBANK.NS|2025-10-24|ensemble_lr0.20_rf0.30_xgb0.50,AXISBANK.NS,2025-10-24,ensemble_lr0.20_rf0.30_xgb0.50,2024-10-25,2025-10-24,2025-10-20,2024-11-25,2025-10-23,2025-10-24,227,2025-10-24,False,0,0.45652173913043476,0.6799001004492939,0.34,0.27986037731170654,0.3779102087457121,0,62.21,0.3779102087457121,0,62.21,BUY,0.6217,0.2435,Bullish,1.0,0.0,unavailable_no_point_in_time_source,True,1240.94,1240.9429931640625,2025-10-27,1253.133544921875,0.9824,1,2025-10-29,1247.837646484375,0.5556,1.0,2025-10-31,1231.8499755859375,-0.7328,0.0,2025-11-10,1216.0621337890625,-2.005,0.0,0,0,0,0,0,1,0.9826,1,0.0,0.0,0.0,0.0,1.0,0.5558,1.0,1.0,1.0,1.0,1.0,0.0,-0.7325,0.0,1.0,1.0,1.0,1.0,0.0,-2.0048,0.0,60-65,60-65
BAJAJFINSV.NS|2025-10-24|ensemble_lr0.20_rf0.30_xgb0.50,BAJAJFINSV.NS,2025-10-24,ensemble_lr0.20_rf0.30_xgb0.50,2024-10-25,2025-10-24,2025-10-20,2024-11-25,2025-10-23,2025-10-24,227,2025-10-24,False,1,0.5072463768115942,0.3865279730076804,0.68,0.6721912026405334,0.6174011959218029,1,61.74,0.6174011959218029,1,61.74,STRONG BUY,0.7254,0.4507,Bullish,1.0,0.0,unavailable_no_point_in_time_source,True,2157.66,2157.658935546875,2025-10-27,2168.349609375,0.4955,1,2025-10-29,2135.177978515625,-1.0419,0.0,2025-10-31,2086.51953125,-3.2971,0.0,2025-11-10,2116.493896484375,-1.9079,0.0,0,1,1,1,0,1,0.4954,1,0.0,0.0,0.0,1.0,0.0,-1.042,0.0,0.0,0.0,0.0,1.0,0.0,-3.2971,0.0,0.0,0.0,0.0,1.0,0.0,-1.9079,0.0,60-65,60-65
ABCAPITAL.NS|2025-10-31|ensemble_lr0.20_rf0.30_xgb0.50,ABCAPITAL.NS,2025-10-31,ensemble_lr0.20_rf0.30_xgb0.50,2024-11-01,2025-10-31,2025-10-27,2024-12-02,2025-10-30,2025-10-31,227,2025-10-31,False,0,0.5144927536231884,0.6983676952951474,0.34,0.34223273396492004,0.4127899060414895,0,58.72,0.4127899060414895,0,58.72,BUY,0.6557,0.3114,Bullish,1.0,0.0,unavailable_no_point_in_time_source,True,324.2,324.20001220703125,2025-11-03,334.25,3.0999,1,2025-11-06,327.04998779296875,0.8791,1.0,2025-11-10,333.54998779296875,2.884,1.0,2025-11-17,334.79998779296875,3.2696,1.0,0,0,0,0,0,1,3.0999,1,0.0,0.0,0.0,0.0,1.0,0.8791,1.0,0.0,0.0,0.0,0.0,1.0,2.884,1.0,0.0,0.0,0.0,0.0,1.0,3.2696,1.0,55-60,55-60
ABFRL.NS|2025-10-31|ensemble_lr0.20_rf0.30_xgb0.50,ABFRL.NS,2025-10-31,ensemble_lr0.20_rf0.30_xgb0.50,2024-11-01,2025-10-31,2025-10-27,2024-12-02,2025-10-30,2025-10-31,227,2025-10-31,False,0,0.5217391304347826,0.6294571263367147,0.32,0.2224554419517517,0.3331191462432188,0,66.69,0.3331191462432188,0,66.69,SELL,0.3404,-0.3192,Sideways,-0.5,0.0,unavailable_no_point_in_time_source,True,81.64,81.63999938964844,2025-11-03,85.37999725341797,4.5811,1,2025-11-06,78.08000183105469,-4.3606,0.0,2025-11-10,80.05999755859375,-1.9353,0.0,2025-11-17,78.22000122070312,-4.1891,0.0,0,0,0,0,0,0,4.5811,0,1.0,1.0,1.0,1.0,1.0,-4.3606,1.0,1.0,1.0,1.0,1.0,1.0,-1.9353,1.0,1.0,1.0,1.0,1.0,1.0,-4.1891,1.0,65-70,65-70
ADANIENT.NS|2025-10-31|ensemble_lr0.20_rf0.30_xgb0.50,ADANIENT.NS,2025-10-31,ensemble_lr0.20_rf0.30_xgb0.50,2024-11-01,2025-10-31,2025-10-27,2024-12-02,2025-10-30,2025-10-31,227,2025-10-31,False,0,0.5652173913043478,0.5658580834165238,0.58,0.5823703408241272,0.5783567870953683,1,57.84,0.5783567870953683,1,57.84,HOLD,0.574,0.148,Sideways,0.0,0.0,unavailable_no_point_in_time_source,True,2479.89,2479.89111328125,2025-11-03,2465.8974609375,-0.5643,0,2025-11-06,2313.265869140625,-6.7191,0.0,2025-11-10,2297.3310546875,-7.3616,0.0,2025-11-17,2460.899658203125,-0.7658,0.0,0,0,0,1,1,1,-0.5642,1,0.0,0.0,1.0,1.0,0.0,-6.719,0.0,0.0,0.0,1.0,1.0,0.0,-7.3616,0.0,0.0,0.0,1.0,1.0,1.0,-0.7658,1.0,55-60,55-60
ADANIPORTS.NS|2025-10-31|ensemble_lr0.20_rf0.30_xgb0.50,ADANIPORTS.NS,2025-10-31,ensemble_lr0.20_rf0.30_xgb0.50,2024-11-01,2025-10-31,2025-10-27,2024-12-02,2025-10-30,2025-10-31,227,2025-10-31,False,0,0.572463768115942,0.453699489077119,0.44,0.382332980632782,0.4139063881318148,0,58.61,0.4139063881318148,0,58.61,HOLD,0.5409,0.0817,Bullish,0.335,0.0,unavailable_no_point_in_time_source,True,1445.41,1445.408447265625,2025-11-03,1438.6368408203125,-0.4685,0,2025-11-06,1430.7701416015625,-1.0127,0.0,2025-11-10,1438.836181640625,-0.4547,0.0,2025-11-17,1501.27294921875,3.865,1.0,0,1,1,1,1,1,-0.4686,1,1.0,1.0,1.0,1.0,1.0,-1.0129,1.0,1.0,1.0,1.0,1.0,1.0,-0.4548,1.0,0.0,0.0,0.0,0.0,0.0,3.8649,0.0,55-60,55-60
APOLLOTYRE.NS|2025-10-31|ensemble_lr0.20_rf0.30_xgb0.50,APOLLOTYRE.NS,2025-10-31,ensemble_lr0.20_rf0.30_xgb0.50,2024-11-01,2025-10-31,2025-10-27,2024-12-02,2025-10-30,2025-10-31,227,2025-10-31,False,0,0.463768115942029,0.5164891438618556,0.36,0.38777434825897217,0.4051850029018572,0,59.48,0.4051850029018572,0,59.48,BUY,0.6006,0.2011,Bullish,0.835,0.0,unavailable_no_point_in_time_source,True,495.2,495.1988220214844,2025-11-03,503.0489501953125,1.5852,1,2025-11-06,499.44476318359375,0.8574,1.0,2025-11-10,515.4412841796875,4.0877,1.0,2025-11-17,507.541748046875,2.4925,1.0,0,0,0,0,0,1,1.585,1,0.0,0.0,0.0,0.0,1.0,0.8572,1.0,0.0,0.0,0.0,0.0,1.0,4.0875,1.0,0.0,0.0,0.0,0.0,1.0,2.4923,1.0,55-60,55-60
ASHOKLEY.NS|2025-10-31|ensemble_lr0.20_rf0.30_xgb0.50,ASHOKLEY.NS,2025-10-31,ensemble_lr0.20_rf0.30_xgb0.50,2024-11-01,2025-10-31,2025-10-27,2024-12-02,2025-10-30,2025-10-31,227,2025-10-31,False,0,0.47826086956521746,0.652027412609032,0.46,0.6203029751777649,0.5785569701106889,1,57.86,0.5785569701106889,1,57.86,STRONG BUY,0.7266,0.4533,Bullish,0.835,0.0,unavailable_no_point_in_time_source,True,138.22,138.21873474121094,2025-11-03,136.5585174560547,-1.2012,0,2025-11-06,137.92575073242188,-0.212,0.0,2025-11-10,138.95118713378906,0.5299,1.0,2025-11-17,144.97683715820312,4.8894,1.0,1,0,0,1,0,0,-1.2021,0,0.0,0.0,1.0,0.0,0.0,-0.2129,0.0,1.0,1.0,0.0,1.0,1.0,0.529,1.0,1.0,1.0,0.0,1.0,1.0,4.8885,1.0,55-60,55-60
ASIANPAINT.NS|2025-10-31|ensemble_lr0.20_rf0.30_xgb0.50,ASIANPAINT.NS,2025-10-31,ensemble_lr0.20_rf0.30_xgb0.50,2024-11-01,2025-10-31,2025-10-27,2024-12-02,2025-10-30,2025-10-31,227,2025-10-31,False,0,0.4927536231884058,0.2305517085956718,0.36,0.29144230484962463,0.29983149414394666,0,70.02,0.29983149414394666,0,70.02,HOLD,0.5516,0.1032,Bullish,0.165,0.0,unavailable_no_point_in_time_source,True,2485.32,2485.324951171875,2025-11-03,2486.710693359375,0.0558,1,2025-11-06,2576.490478515625,3.6682,1.0,2025-11-10,2623.508544921875,5.56,1.0,2025-11-17,2858.5986328125,15.0191,1.0,0,0,0,0,0,1,0.056,1,0.0,0.0,0.0,0.0,0.0,3.6684,0.0,0.0,0.0,0.0,0.0,0.0,5.5602,0.0,0.0,0.0,0.0,0.0,0.0,15.0193,0.0,70-75,70-75
ASTRAL.NS|2025-10-31|ensemble_lr0.20_rf0.30_xgb0.50,ASTRAL.NS,2025-10-31,ensemble_lr0.20_rf0.30_xgb0.50,2024-11-01,2025-10-31,2025-10-27,2024-12-02,2025-10-30,2025-10-31,227,2025-10-31,False,0,0.4202898550724638,0.4731261013413261,0.38,0.4560132324695587,0.4366318365030446,0,56.34,0.4366318365030446,0,56.34,HOLD,0.5064,0.0128,Sideways,0.165,0.0,unavailable_no_point_in_time_source,True,1446.44,1446.4381103515625,2025-11-03,1476.9608154296875,2.1102,1,2025-11-06,1562.1451416015625,7.9994,1.0,2025-11-10,1564.439453125,8.1581,1.0,2025-11-17,1463.3983154296875,1.1725,1.0,0,0,0,0,0,1,2.1101,1,0.0,0.0,0.0,0.0,0.0,7.9993,0.0,0.0,0.0,0.0,0.0,0.0,8.1579,0.0,0.0,0.0,0.0,0.0,1.0,1.1724,1.0,55-60,55-60
AXISBANK.NS|2025-10-31|ensemble_lr0.20_rf0.30_xgb0.50,AXISBANK.NS,2025-10-31,ensemble_lr0.20_rf0.30_xgb0.50,2024-11-01,2025-10-31,2025-10-27,2024-12-02,2025-10-30,2025-10-31,227,2025-10-31,False,0,0.47826086956521735,0.37226460112734006,0.26,0.5336388945579529,0.41927236750444447,0,58.07,0.41927236750444447,0,58.07,HOLD,0.5666,0.1331,Bullish,0.665,0.0,unavailable_no_point_in_time_source,True,1231.85,1231.8499755859375,2025-11-03,1232.749267578125,0.073,1,2025-11-06,1227.55322265625,-0.3488,0.0,2025-11-10,1216.0621337890625,-1.2816,0.0,2025-11-17,1248.636962890625,1.3627,1.0,0,0,0,0,0,1,0.073,1,1.0,1.0,1.0,1.0,1.0,-0.3488,1.0,1.0,1.0,1.0,1.0,1.0,-1.2816,1.0,0.0,0.0,0.0,0.0,1.0,1.3627,1.0,55-60,55-60
BAJAJFINSV.NS|2025-10-31|ensemble_lr0.20_rf0.30_xgb0.50,BAJAJFINSV.NS,2025-10-31,ensemble_lr0.20_rf0.30_xgb0.50,2024-11-01,2025-10-31,2025-10-27,2024-12-02,2025-10-30,2025-10-31,227,2025-10-31,False,0,0.5217391304347826,0.43481129288652276,0.34,0.3375511169433594,0.3577378170489842,0,64.23,0.3577378170489842,0,64.23,HOLD,0.4701,-0.0597,Sideways,0.335,0.0,unavailable_no_point_in_time_source,True,2086.52,2086.51953125,2025-11-03,2079.825439453125,-0.3208,0,2025-11-06,2061.44091796875,-1.2019,0.0,2025-11-10,2116.493896484375,1.4366,1.0,2025-11-17,2077.8271484375,-0.4166,0.0,0,1,1,1,1,1,-0.3208,1,1.0,1.0,1.0,1.0,1.0,-1.202,1.0,0.0,0.0,0.0,0.0,1.0,1.4365,1.0,1.0,1.0,1.0,1.0,1.0,-0.4166,1.0,60-65,60-65
BPCL.NS|2025-10-31|ensemble_lr0.20_rf0.30_xgb0.50,BPCL.NS,2025-10-31,ensemble_lr0.20_rf0.30_xgb0.50,2024-11-01,2025-10-31,2025-10-27,2024-12-02,2025-10-30,2025-10-31,227,2025-10-31,False,0,0.5217391304347826,0.3660035278174961,0.28,0.11160439997911453,0.2130029055530565,0,78.7,0.2130029055530565,0,78.7,BUY,0.6112,0.2224,Bullish,1.0,0.0,unavailable_no_point_in_time_source,True,339.94,339.93804931640625,2025-11-03,349.94183349609375,2.9428,1,2025-11-06,350.5611267089844,3.125,1.0,2025-11-10,355.1321716308594,4.4697,1.0,2025-11-17,363.9825134277344,7.0732,1.0,0,0,0,0,0,1,2.9422,1,0.0,0.0,0.0,0.0,1.0,3.1244,1.0,0.0,0.0,0.0,0.0,1.0,4.4691,1.0,0.0,0.0,0.0,0.0,1.0,7.0726,1.0,75-80,75-80
AARTIIND.NS|2025-11-10|ensemble_lr0.20_rf0.30_xgb0.50,AARTIIND.NS,2025-11-10,ensemble_lr0.20_rf0.30_xgb0.50,2024-11-11,2025-11-10,2025-11-10,2024-12-10,2025-11-07,2025-11-10,226,2025-11-10,False,0,0.5434782608695653,0.5033459921919639,0.68,0.7278953194618225,0.668616858169304,1,66.86,0.668616858169304,1,66.86,BUY,0.5873,0.1746,Sideways,0.335,0.0,unavailable_no_point_in_time_source,True,391.87,391.8710021972656,2025-11-11,385.7830810546875,-1.5536,0,2025-11-13,392.51971435546875,0.1655,1.0,2025-11-17,394.5157470703125,0.6749,1.0,2025-11-24,380.04449462890625,-3.018,0.0,1,0,0,1,0,0,-1.5533,0,1.0,1.0,0.0,1.0,1.0,0.1658,1.0,1.0,1.0,0.0,1.0,1.0,0.6752,1.0,0.0,0.0,1.0,0.0,0.0,-3.0177,0.0,65-70,65-70
ABCAPITAL.NS|2025-11-10|ensemble_lr0.20_rf0.30_xgb0.50,ABCAPITAL.NS,2025-11-10,ensemble_lr0.20_rf0.30_xgb0.50,2024-11-11,2025-11-10,2025-11-10,2024-12-10,2025-11-07,2025-11-10,226,2025-11-10,False,0,0.5144927536231885,0.36580287572298187,0.4,0.4518612027168274,0.4190911765030101,0,58.09,0.4190911765030101,0,58.09,BUY,0.6532,0.3063,Bullish,1.0,0.0,unavailable_no_point_in_time_source,True,333.55,333.54998779296875,2025-11-11,329.3500061035156,-1.2592,0,2025-11-13,331.79998779296875,-0.5247,0.0,2025-11-17,334.79998779296875,0.3748,1.0,2025-11-24,331.8500061035156,-0.5097,0.0,0,1,1,1,1,0,-1.2592,0,1.0,1.0,1.0,1.0,0.0,-0.5247,0.0,0.0,0.0,0.0,0.0,1.0,0.3748,1.0,1.0,1.0,1.0,1.0,0.0,-0.5097,0.0,55-60,55-60
ABFRL.NS|2025-11-10|ensemble_lr0.20_rf0.30_xgb0.50,ABFRL.NS,2025-11-10,ensemble_lr0.20_rf0.30_xgb0.50,2024-11-11,2025-11-10,2025-11-10,2024-12-10,2025-11-07,2025-11-10,226,2025-11-10,False,0,0.4927536231884058,0.6503054732301528,0.66,0.6932699680328369,0.674696078662449,1,67.47,0.674696078662449,1,67.47,HOLD,0.4949,-0.0103,High Volatility,-0.5,0.0,unavailable_no_point_in_time_source,True,80.06,80.05999755859375,2025-11-11,78.70999908447266,-1.6862,0,2025-11-13,79.58000183105469,-0.5995,0.0,2025-11-17,78.22000122070312,-2.2983,0.0,2025-11-24,75.66000366210938,-5.4959,0.0,1,0,0,1,0,1,-1.6862,1,0.0,0.0,1.0,0.0,1.0,-0.5995,1.0,0.0,0.0,1.0,0.0,1.0,-2.2983,1.0,0.0,0.0,1.0,0.0,0.0,-5.4959,0.0,65-70,65-70
ADANIPORTS.NS|2025-11-10|ensemble_lr0.20_rf0.30_xgb0.50,ADANIPORTS.NS,2025-11-10,ensemble_lr0.20_rf0.30_xgb0.50,2024-11-11,2025-11-10,2025-11-10,2024-12-10,2025-11-07,2025-11-10,226,2025-11-10,False,0,0.5797101449275363,0.34930297511446284,0.34,0.16940276324748993,0.25656197664663755,0,74.34,0.25656197664663755,0,74.34,HOLD,0.4854,-0.0293,Sideways,0.335,0.0,unavailable_no_point_in_time_source,True,1438.84,1438.836181640625,2025-11-11,1468.2122802734375,2.0417,1,2025-11-13,1492.7091064453125,3.7442,1.0,2025-11-17,1501.27294921875,4.3394,1.0,2025-11-24,1479.6640625,2.8376,1.0,0,0,0,0,0,1,2.0414,1,0.0,0.0,0.0,0.0,0.0,3.7439,0.0,0.0,0.0,0.0,0.0,0.0,4.3391,0.0,0.0,0.0,0.0,0.0,1.0,2.8373,1.0,70-75,70-75
ANGELONE.NS|2025-11-10|ensemble_lr0.20_rf0.30_xgb0.50,ANGELONE.NS,2025-11-10,ensemble_lr0.20_rf0.30_xgb0.50,2024-11-11,2025-11-10,2025-11-10,2024-12-10,2025-11-07,2025-11-10,226,2025-11-10,False,0,0.5072463768115941,0.5182095801911645,0.44,0.377768337726593,0.42452608490152943,0,57.55,0.42452608490152943,0,57.55,BUY,0.5909,0.1817,High Volatility,0.5,0.0,unavailable_no_point_in_time_source,True,255.7,255.70394897460938,2025-11-11,259.1376953125,1.3429,1,2025-11-13,266.21112060546875,4.1091,1.0,2025-11-17,279.3475036621094,9.2465,1.0,2025-11-24,262.7774353027344,2.7663,1.0,0,0,0,0,0,1,1.3444,1,0.0,0.0,0.0,0.0,1.0,4.1107,1.0,0.0,0.0,0.0,0.0,1.0,9.2481,1.0,0.0,0.0,0.0,0.0,1.0,2.7679,1.0,55-60,55-60
AXISBANK.NS|2025-11-10|ensemble_lr0.20_rf0.30_xgb0.50,AXISBANK.NS,2025-11-10,ensemble_lr0.20_rf0.30_xgb0.50,2024-11-11,2025-11-10,2025-11-10,2024-12-10,2025-11-07,2025-11-10,226,2025-11-10,False,0,0.4565217391304348,0.5600011413110657,0.34,0.36563724279403687,0.3968188496592316,0,60.32,0.3968188496592316,0,60.32,HOLD,0.5579,0.1158,Bullish,0.5,0.0,unavailable_no_point_in_time_source,True,1216.06,1216.0621337890625,2025-11-11,1221.557861328125,0.4519,1,2025-11-13,1224.2557373046875,0.6738,1.0,2025-11-17,1248.636962890625,2.6787,1.0,2025-11-24,1268.0220947265625,4.2728,1.0,0,0,0,0,0,1,0.4521,1,0.0,0.0,0.0,0.0,1.0,0.674,1.0,0.0,0.0,0.0,0.0,1.0,2.6789,1.0,0.0,0.0,0.0,0.0,0.0,4.273,0.0,60-65,60-65
BAJAJFINSV.NS|2025-11-10|ensemble_lr0.20_rf0.30_xgb0.50,BAJAJFINSV.NS,2025-11-10,ensemble_lr0.20_rf0.30_xgb0.50,2024-11-11,2025-11-10,2025-11-10,2024-12-10,2025-11-07,2025-11-10,226,2025-11-10,False,0,0.5072463768115942,0.42375165929391917,0.44,0.197947159409523,0.31572391156354535,0,68.43,0.31572391156354535,0,68.43,HOLD,0.4924,-0.0152,Sideways,0.335,0.0,unavailable_no_point_in_time_source,True,2116.49,2116.493896484375,2025-11-11,1987.703857421875,-6.0851,0,2025-11-13,2054.44677734375,-2.9316,0.0,2025-11-17,2077.8271484375,-1.8269,0.0,2025-11-24,2029.068603515625,-4.1307,0.0,1,1,1,1,0,0,-6.0849,0,1.0,1.0,1.0,0.0,1.0,-2.9314,1.0,1.0,1.0,1.0,0.0,1.0,-1.8267,1.0,1.0,1.0,1.0,0.0,0.0,-4.1305,0.0,65-70,65-70
AARTIIND.NS|2025-11-17|ensemble_lr0.20_rf0.30_xgb0.50,AARTIIND.NS,2025-11-17,ensemble_lr0.20_rf0.30_xgb0.50,2024-11-18,2025-11-17,2025-11-17,2024-12-16,2025-11-14,2025-11-17,227,2025-11-17,False,0,0.5289855072463768,0.4723611663164268,0.38,0.36164286732673645,0.38929366692665357,0,61.07,0.38929366692665357,0,61.07,HOLD,0.4898,-0.0205,Bullish,0.165,0.0,unavailable_no_point_in_time_source,True,394.52,394.5157470703125,2025-11-18,389.0266418457031,-1.3914,0,2025-11-20,386.08251953125,-2.1376,0.0,2025-11-24,380.04449462890625,-3.6681,0.0,2025-12-01,379.6952209472656,-3.7566,0.0,1,1,1,1,0,1,-1.3924,1,1.0,1.0,1.0,0.0,1.0,-2.1387,1.0,1.0,1.0,1.0,0.0,0.0,-3.6691,0.0,1.0,1.0,1.0,0.0,0.0,-3.7577,0.0,60-65,60-65
ABCAPITAL.NS|2025-11-17|ensemble_lr0.20_rf0.30_xgb0.50,ABCAPITAL.NS,2025-11-17,ensemble_lr0.20_rf0.30_xgb0.50,2024-11-18,2025-11-17,2025-11-17,2024-12-16,2025-11-14,2025-11-17,227,2025-11-17,False,1,0.5797101449275363,0.6070405453025284,0.44,0.39077046513557434,0.4487933416282929,0,55.12,0.4487933416282929,0,55.12,BUY,0.6722,0.3444,Bullish,1.0,0.0,unavailable_no_point_in_time_source,True,334.8,334.79998779296875,2025-11-18,333.1000061035156,-0.5078,0,2025-11-20,327.8500061035156,-2.0759,0.0,2025-11-24,331.8500061035156,-0.8811,0.0,2025-12-01,356.1000061035156,6.362,1.0,1,1,1,0,0,0,-0.5078,0,1.0,1.0,0.0,0.0,0.0,-2.0759,0.0,1.0,1.0,0.0,0.0,0.0,-0.8811,0.0,0.0,0.0,1.0,1.0,1.0,6.362,1.0,55-60,55-60
ABFRL.NS|2025-11-17|ensemble_lr0.20_rf0.30_xgb0.50,ABFRL.NS,2025-11-17,ensemble_lr0.20_rf0.30_xgb0.50,2024-11-18,2025-11-17,2025-11-17,2024-12-16,2025-11-14,2025-11-17,227,2025-11-17,False,0,0.4202898550724638,0.4797957364504779,0.22,0.4052447974681854,0.3645815460241883,0,63.54,0.3645815460241883,0,63.54,SELL,0.374,-0.252,High Volatility,-0.5,0.0,unavailable_no_point_in_time_source,True,78.22,78.22000122070312,2025-11-18,77.83000183105469,-0.4986,0,2025-11-20,78.37999725341797,0.2045,1.0,2025-11-24,75.66000366210938,-3.2728,0.0,2025-12-01,76.61000061035156,-2.0583,0.0,0,1,1,1,1,1,-0.4986,1,0.0,0.0,0.0,0.0,0.0,0.2045,0.0,1.0,1.0,1.0,1.0,1.0,-3.2728,1.0,1.0,1.0,1.0,1.0,1.0,-2.0583,1.0,60-65,60-65
ADANIENT.NS|2025-11-17|ensemble_lr0.20_rf0.30_xgb0.50,ADANIENT.NS,2025-11-17,ensemble_lr0.20_rf0.30_xgb0.50,2024-11-18,2025-11-17,2025-11-17,2024-12-16,2025-11-14,2025-11-17,227,2025-11-17,False,0,0.5434782608695653,0.574139743402038,0.6,0.668164074420929,0.6289099858908721,1,62.89,0.6289099858908721,1,62.89,HOLD,0.5509,0.1018,Sideways,-0.165,0.0,unavailable_no_point_in_time_source,True,2460.9,2460.899658203125,2025-11-18,2435.7109375,-1.0236,0,2025-11-20,2445.0068359375,-0.6458,0.0,2025-11-24,2398.127685546875,-2.5508,0.0,2025-12-01,2260.989013671875,-8.1235,0.0,1,0,0,1,0,1,-1.0236,1,0.0,0.0,1.0,0.0,1.0,-0.6458,1.0,0.0,0.0,1.0,0.0,1.0,-2.5508,1.0,0.0,0.0,1.0,0.0,0.0,-8.1235,0.0,60-65,60-65
ADANIPORTS.NS|2025-11-17|ensemble_lr0.20_rf0.30_xgb0.50,ADANIPORTS.NS,2025-11-17,ensemble_lr0.20_rf0.30_xgb0.50,2024-11-18,2025-11-17,2025-11-17,2024-12-16,2025-11-14,2025-11-17,227,2025-11-17,False,0,0.5072463768115941,0.15631547609146634,0.42,0.2845665514469147,0.29954637094175063,0,70.05,0.29954637094175063,0,70.05,BUY,0.6142,0.2285,Bullish,1.0,0.0,unavailable_no_point_in_time_source,True,1501.27,1501.27294921875,2025-11-18,1488.725830078125,-0.8358,0,2025-11-20,1484.8421630859375,-1.0945,0.0,2025-11-24,1479.6640625,-1.4394,0.0,2025-12-01,1524.076904296875,1.519,1.0,0,1,1,1,1,0,-0.8356,0,1.0,1.0,1.0,1.0,0.0,-1.0943,0.0,1.0,1.0,1.0,1.0,0.0,-1.4392,0.0,0.0,0.0,0.0,0.0,1.0,1.5192,1.0,70-75,70-75
ASTRAL.NS|2025-11-17|ensemble_lr0.20_rf0.30_xgb0.50,ASTRAL.NS,2025-11-17,ensemble_lr0.20_rf0.30_xgb0.50,2024-11-18,2025-11-17,2025-11-17,2024-12-16,2025-11-14,2025-11-17,227,2025-11-17,False,0,0.391304347826087,0.5652205816114837,0.66,0.9235748648643494,0.7728315487544715,1,77.28,0.7728315487544715,1,77.28,HOLD,0.552,0.1041,Sideways,0.0,0.0,unavailable_no_point_in_time_source,True,1463.4,1463.3983154296875,2025-11-18,1447.5233154296875,-1.0848,0,2025-11-20,1460.103515625,-0.2251,0.0,2025-11-24,1470.886474609375,0.5117,1.0,2025-12-01,1438.2379150390625,-1.7193,0.0,0,0,0,1,1,1,-1.0849,1,0.0,0.0,1.0,1.0,1.0,-0.2253,1.0,1.0,1.0,0.0,0.0,1.0,0.5116,1.0,0.0,0.0,1.0,1.0,1.0,-1.7194,1.0,75-80,75-80
BAJAJFINSV.NS|2025-11-17|ensemble_lr0.20_rf0.30_xgb0.50,BAJAJFINSV.NS,2025-11-17,ensemble_lr0.20_rf0.30_xgb0.50,2024-11-18,2025-11-17,2025-11-17,2024-12-16,2025-11-14,2025-11-17,227,2025-11-17,False,0,0.5362318840579711,0.46124234693050803,0.62,0.22281669080257416,0.3896568147873887,0,61.03,0.3896568147873887,0,61.03,HOLD,0.5326,0.0653,Bullish,0.17,0.0,unavailable_no_point_in_time_source,True,2077.83,2077.8271484375,2025-11-18,2048.451904296875,-1.4137,0,2025-11-20,2093.8134765625,0.7694,1.0,2025-11-24,2029.068603515625,-2.3466,0.0,2025-12-01,2080.025146484375,0.1058,1.0,1,1,1,1,0,1,-1.4139,1,0.0,0.0,0.0,1.0,1.0,0.7692,1.0,1.0,1.0,1.0,0.0,1.0,-2.3467,1.0,0.0,0.0,0.0,1.0,1.0,0.1056,1.0,60-65,60-65
BEL.NS|2025-11-17|ensemble_lr0.20_rf0.30_xgb0.50,BEL.NS,2025-11-17,ensemble_lr0.20_rf0.30_xgb0.50,2024-11-18,2025-11-17,2025-11-17,2024-12-16,2025-11-14,2025-11-17,227,2025-11-17,False,0,0.463768115942029,0.39229584401695594,0.3,0.31547272205352783,0.3261955298301551,0,67.38,0.3261955298301551,0,67.38,HOLD,0.5277,0.0553,Sideways,0.5,0.0,unavailable_no_point_in_time_source,True,422.18,422.1771240234375,2025-11-18,418.54754638671875,-0.8597,0,2025-11-20,420.63580322265625,-0.3651,0.0,2025-11-24,401.5431213378906,-4.8875,0.0,2025-12-01,414.9179382324219,-1.7195,0.0,0,1,1,1,1,1,-0.8604,1,1.0,1.0,1.0,1.0,1.0,-0.3658,1.0,1.0,1.0,1.0,1.0,0.0,-4.8882,0.0,1.0,1.0,1.0,1.0,1.0,-1.7201,1.0,65-70,65-70
AARTIIND.NS|2025-11-24|ensemble_lr0.20_rf0.30_xgb0.50,AARTIIND.NS,2025-11-24,ensemble_lr0.20_rf0.30_xgb0.50,2024-11-25,2025-11-24,2025-11-24,2024-12-20,2025-11-21,2025-11-24,228,2025-11-24,False,0,0.4855072463768116,0.5485472232400015,0.2,0.23864644765853882,0.2890326684772697,0,71.1,0.2890326684772697,0,71.1,SELL,0.3465,-0.307,Bearish,-0.165,0.0,unavailable_no_point_in_time_source,True,380.04,380.04449462890625,2025-11-25,378.9966125488281,-0.2757,0,2025-11-27,380.04449462890625,0.0,0.0,2025-12-01,379.6952209472656,-0.0919,0.0,2025-12-08,350.4533386230469,-7.7862,0.0,0,1,1,1,1,1,-0.2745,1,1.0,1.0,1.0,1.0,0.0,0.0012,0.0,1.0,1.0,1.0,1.0,1.0,-0.0907,1.0,1.0,1.0,1.0,1.0,1.0,-7.7851,1.0,70-75,70-75
ABCAPITAL.NS|2025-11-24|ensemble_lr0.20_rf0.30_xgb0.50,ABCAPITAL.NS,2025-11-24,ensemble_lr0.20_rf0.30_xgb0.50,2024-11-25,2025-11-24,2025-11-24,2024-12-20,2025-11-21,2025-11-24,228,2025-11-24,False,1,0.5869565217391304,0.48694992398042514,0.3,0.09436289221048355,0.23457143090132682,0,76.54,0.23457143090132682,0,76.54,BUY,0.6126,0.2252,Bullish,0.665,0.0,unavailable_no_point_in_time_source,True,331.85,331.8500061035156,2025-11-25,345.45001220703125,4.0982,1,2025-11-27,351.75,5.9967,1.0,2025-12-01,356.1000061035156,7.3075,1.0,2025-12-08,357.1000061035156,7.6089,1.0,1,0,0,1,1,1,4.0982,1,0.0,0.0,1.0,1.0,1.0,5.9967,1.0,0.0,0.0,1.0,1.0,1.0,7.3075,1.0,0.0,0.0,1.0,1.0,1.0,7.6089,1.0,75-80,75-80
ADANIPORTS.NS|2025-11-24|ensemble_lr0.20_rf0.30_xgb0.50,ADANIPORTS.NS,2025-11-24,ensemble_lr0.20_rf0.30_xgb0.50,2024-11-25,2025-11-24,2025-11-24,2024-12-20,2025-11-21,2025-11-24,228,2025-11-24,False,0,0.5362318840579711,0.5793888304131799,0.56,0.6805225610733032,0.6241390466192875,1,62.41,0.6241390466192875,1,62.41,BUY,0.6082,0.2164,Sideways,0.335,0.0,unavailable_no_point_in_time_source,True,1479.66,1479.6640625,2025-11-25,1477.6724853515625,-0.1346,0,2025-11-27,1502.7666015625,1.5613,1.0,2025-12-01,1524.076904296875,3.0015,1.0,2025-12-08,1474.2867431640625,-0.3634,0.0,1,0,0,1,0,0,-0.1343,0,1.0,1.0,0.0,1.0,1.0,1.5616,1.0,1.0,1.0,0.0,1.0,1.0,3.0018,1.0,0.0,0.0,1.0,0.0,0.0,-0.3631,0.0,60-65,60-65
ANGELONE.NS|2025-11-24|ensemble_lr0.20_rf0.30_xgb0.50,ANGELONE.NS,2025-11-24,ensemble_lr0.20_rf0.30_xgb0.50,2024-11-25,2025-11-24,2025-11-24,2024-12-20,2025-11-21,2025-11-24,228,2025-11-24,False,1,0.45652173913043476,0.5760881083889959,0.24,0.242050901055336,0.3082430722054672,0,69.18,0.3082430722054672,0,69.18,HOLD,0.5072,0.0143,Bullish,0.165,0.0,unavailable_no_point_in_time_source,True,262.78,262.7774353027344,2025-11-25,263.6799621582031,0.3435,1,2025-11-27,271.1850891113281,3.1995,1.0,2025-12-01,271.1065979003906,3.1697,1.0,2025-12-08,249.4447784423828,-5.0737,0.0,0,0,0,1,0,1,0.3425,1,0.0,0.0,1.0,0.0,0.0,3.1985,0.0,0.0,0.0,1.0,0.0,0.0,3.1687,0.0,1.0,1.0,0.0,1.0,0.0,-5.0747,0.0,65-70,65-70
APOLLOTYRE.NS|2025-11-24|ensemble_lr0.20_rf0.30_xgb0.50,APOLLOTYRE.NS,2025-11-24,ensemble_lr0.20_rf0.30_xgb0.50,2024-11-25,2025-11-24,2025-11-24,2024-12-20,2025-11-21,2025-11-24,228,2025-11-24,False,0,0.4275362318840579,0.6150405008035855,0.4,0.3652726411819458,0.42564442075169,0,57.44,0.42564442075169,0,57.44,HOLD,0.5661,0.1323,Bullish,0.5,0.0,unavailable_no_point_in_time_source,True,521.51,521.5139770507812,2025-11-25,515.4906005859375,-1.155,0,2025-11-27,512.4295654296875,-1.7419,0.0,2025-12-01,509.8622131347656,-2.2342,0.0,2025-12-08,513.8119506835938,-1.4769,0.0,1,1,1,1,0,1,-1.1542,1,1.0,1.0,1.0,0.0,1.0,-1.7412,1.0,1.0,1.0,1.0,0.0,1.0,-2.2335,1.0,1.0,1.0,1.0,0.0,1.0,-1.4761,1.0,55-60,55-60
ASHOKLEY.NS|2025-11-24|ensemble_lr0.20_rf0.30_xgb0.50,ASHOKLEY.NS,2025-11-24,ensemble_lr0.20_rf0.30_xgb0.50,2024-11-25,2025-11-24,2025-11-24,2024-12-20,2025-11-21,2025-11-24,228,2025-11-24,False,1,0.4855072463768116,0.14168942988408964,0.24,0.3964217007160187,0.29854873633482726,0,70.15,0.29854873633482726,0,70.15,HOLD,0.5369,0.0739,Bullish,0.5,0.0,unavailable_no_point_in_time_source,True,142.16,142.16481018066406,2025-11-25,143.38401794433594,0.8576,1,2025-11-27,157.07054138183594,10.4848,1.0,2025-12-01,157.61131286621094,10.8652,1.0,2025-12-08,156.60841369628906,10.1598,1.0,0,0,0,1,0,1,0.861,1,0.0,0.0,1.0,0.0,0.0,10.4886,0.0,0.0,0.0,1.0,0.0,0.0,10.869,0.0,0.0,0.0,1.0,0.0,0.0,10.1635,0.0,70-75,70-75
BAJAJFINSV.NS|2025-11-24|ensemble_lr0.20_rf0.30_xgb0.50,BAJAJFINSV.NS,2025-11-24,ensemble_lr0.20_rf0.30_xgb0.50,2024-11-25,2025-11-24,2025-11-24,2024-12-20,2025-11-21,2025-11-24,228,2025-11-24,False,0,0.5362318840579711,0.5469928951333679,0.48,0.14358052611351013,0.32518884208342863,0,67.48,0.32518884208342863,0,67.48,HOLD,0.429,-0.142,Sideways,-0.165,0.0,unavailable_no_point_in_time_source,True,2029.07,2029.068603515625,2025-11-25,2028.468994140625,-0.0296,0,2025-11-27,2101.40673828125,3.5651,1.0,2025-12-01,2080.025146484375,2.5113,1.0,2025-12-08,2057.4443359375,1.3985,1.0,0,1,1,1,1,1,-0.0296,1,0.0,0.0,0.0,0.0,0.0,3.565,0.0,0.0,0.0,0.0,0.0,1.0,2.5113,1.0,0.0,0.0,0.0,0.0,1.0,1.3984,1.0,65-70,65-70
BEL.NS|2025-11-24|ensemble_lr0.20_rf0.30_xgb0.50,BEL.NS,2025-11-24,ensemble_lr0.20_rf0.30_xgb0.50,2024-11-25,2025-11-24,2025-11-24,2024-12-20,2025-11-21,2025-11-24,228,2025-11-24,False,0,0.47826086956521735,0.6784214882752849,0.42,0.6958104968070984,0.6095895460586062,1,60.96,0.6095895460586062,1,60.96,BUY,0.5826,0.1652,Sideways,0.0,0.0,unavailable_no_point_in_time_source,True,401.54,401.5431213378906,2025-11-25,407.9570617675781,1.5973,1,2025-11-27,410.7414245605469,2.2907,1.0,2025-12-01,414.9179382324219,3.3309,1.0,2025-12-08,384.2403869628906,-4.3091,0.0,0,1,1,0,0,1,1.5981,1,1.0,1.0,0.0,0.0,1.0,2.2915,1.0,1.0,1.0,0.0,0.0,1.0,3.3317,1.0,0.0,0.0,1.0,1.0,0.0,-4.3083,0.0,60-65,60-65
AARTIIND.NS|2025-12-01|ensemble_lr0.20_rf0.30_xgb0.50,AARTIIND.NS,2025-12-01,ensemble_lr0.20_rf0.30_xgb0.50,2024-12-02,2025-12-01,2025-12-01,2024-12-30,2025-11-28,2025-12-01,228,2025-12-01,False,0,0.5072463768115942,0.5012566674901319,0.28,0.18454815447330475,0.27652541073467873,0,72.35,0.27652541073467873,0,72.35,SELL,0.3461,-0.3079,Bearish,-0.165,0.0,unavailable_no_point_in_time_source,True,379.7,379.6952209472656,2025-12-02,376.35186767578125,-0.8805,0,2025-12-04,368.9166259765625,-2.8387,0.0,2025-12-08,350.4533386230469,-7.7014,0.0,2025-12-15,375.5534362792969,-1.0908,0.0,0,1,1,1,1,1,-0.8818,1,1.0,1.0,1.0,1.0,1.0,-2.84,1.0,1.0,1.0,1.0,1.0,1.0,-7.7026,1.0,1.0,1.0,1.0,1.0,1.0,-1.0921,1.0,70-75,70-75
ABFRL.NS|2025-12-01|ensemble_lr0.20_rf0.30_xgb0.50,ABFRL.NS,2025-12-01,ensemble_lr0.20_rf0.30_xgb0.50,2024-12-02,2025-12-01,2025-12-01,2024-12-30,2025-11-28,2025-12-01,228,2025-12-01,False,0,0.4492753623188406,0.4351977888452729,0.5,0.7125377655029297,0.5933084405205195,1,59.33,0.5933084405205195,1,59.33,HOLD,0.4659,-0.0682,Bearish,-0.165,0.0,unavailable_no_point_in_time_source,True,76.61,76.61000061035156,2025-12-02,77.08000183105469,0.6135,1,2025-12-04,76.37999725341797,-0.3002,0.0,2025-12-08,74.58000183105469,-2.6498,0.0,2025-12-15,75.43000030517578,-1.5403,0.0,0,1,1,0,0,1,0.6135,1,0.0,0.0,1.0,1.0,1.0,-0.3002,1.0,0.0,0.0,1.0,1.0,1.0,-2.6498,1.0,0.0,0.0,1.0,1.0,1.0,-1.5403,1.0,55-60,55-60
ADANIENT.NS|2025-12-01|ensemble_lr0.20_rf0.30_xgb0.50,ADANIENT.NS,2025-12-01,ensemble_lr0.20_rf0.30_xgb0.50,2024-12-02,2025-12-01,2025-12-01,2024-12-30,2025-11-28,2025-12-01,228,2025-12-01,False,0,0.45652173913043476,0.4406097638729579,0.58,0.8004660606384277,0.6623549830938055,1,66.24,0.6623549830938055,1,66.24,HOLD,0.4643,-0.0714,Sideways,-0.835,0.0,unavailable_no_point_in_time_source,True,2260.99,2260.989013671875,2025-12-02,2238.59912109375,-0.9903,0,2025-12-04,2216.90869140625,-1.9496,0.0,2025-12-08,2215.20947265625,-2.0248,0.0,2025-12-15,2277.88134765625,0.7471,1.0,0,0,0,1,1,1,-0.9903,1,0.0,0.0,1.0,1.0,1.0,-1.9496,1.0,0.0,0.0,1.0,1.0,1.0,-2.0248,1.0,1.0,1.0,0.0,0.0,1.0,0.7471,1.0,65-70,65-70
AETHER.NS|2025-12-01|ensemble_lr0.20_rf0.30_xgb0.50,AETHER.NS,2025-12-01,ensemble_lr0.20_rf0.30_xgb0.50,2024-12-02,2025-12-01,2025-12-01,2024-12-30,2025-11-28,2025-12-01,228,2025-12-01,False,0,0.4565217391304348,0.18664016922444662,0.38,0.2806535065174103,0.2916547871035945,0,70.83,0.2916547871035945,0,70.83,BUY,0.6043,0.2087,High Volatility,0.835,0.0,unavailable_no_point_in_time_source,True,902.35,902.3499755859375,2025-12-02,868.0999755859375,-3.7956,0,2025-12-04,864.4000244140625,-4.2057,0.0,2025-12-08,815.9000244140625,-9.5805,0.0,2025-12-15,879.6500244140625,-2.5156,0.0,1,1,1,1,0,0,-3.7956,0,1.0,1.0,1.0,0.0,0.0,-4.2057,0.0,1.0,1.0,1.0,0.0,0.0,-9.5805,0.0,1.0,1.0,1.0,0.0,0.0,-2.5157,0.0,70-75,70-75
APOLLOTYRE.NS|2025-12-01|ensemble_lr0.20_rf0.30_xgb0.50,APOLLOTYRE.NS,2025-12-01,ensemble_lr0.20_rf0.30_xgb0.50,2024-12-02,2025-12-01,2025-12-01,2024-12-30,2025-11-28,2025-12-01,228,2025-12-01,False,0,0.4855072463768116,0.3959811064137617,0.42,0.1751704216003418,0.29278143208292323,0,70.72,0.29278143208292323,0,70.72,HOLD,0.484,-0.032,Sideways,0.5,0.0,unavailable_no_point_in_time_source,True,509.86,509.8622131347656,2025-12-02,512.7257690429688,0.5616,1,2025-12-04,523.9331665039062,2.7598,1.0,2025-12-08,513.8119506835938,0.7747,1.0,2025-12-15,500.1360168457031,-1.9076,0.0,1,0,0,0,1,1,0.5621,1,0.0,0.0,0.0,1.0,1.0,2.7602,1.0,0.0,0.0,0.0,1.0,1.0,0.7751,1.0,1.0,1.0,1.0,0.0,1.0,-1.9072,1.0,70-75,70-75
ASTRAL.NS|2025-12-01|ensemble_lr0.20_rf0.30_xgb0.50,ASTRAL.NS,2025-12-01,ensemble_lr0.20_rf0.30_xgb0.50,2024-12-02,2025-12-01,2025-12-01,2024-12-30,2025-11-28,2025-12-01,228,2025-12-01,False,0,0.4275362318840579,0.5280352937592288,0.3,0.2906568944454193,0.3409355059745554,0,65.91,0.3409355059745554,0,65.91,HOLD,0.4246,-0.1509,Sideways,-0.165,0.0,unavailable_no_point_in_time_source,True,1438.24,1438.2379150390625,2025-12-02,1417.4705810546875,-1.4439,0,2025-12-04,1438.4375,0.0139,1.0,2025-12-08,1431.04931640625,-0.4998,0.0,2025-12-15,1428.3533935546875,-0.6873,0.0,0,1,1,1,1,1,-1.4441,1,0.0,0.0,0.0,0.0,1.0,0.0137,1.0,1.0,1.0,1.0,1.0,1.0,-0.5,1.0,1.0,1.0,1.0,1.0,1.0,-0.6874,1.0,65-70,65-70
AXISBANK.NS|2025-12-01|ensemble_lr0.20_rf0.30_xgb0.50,AXISBANK.NS,2025-12-01,ensemble_lr0.20_rf0.30_xgb0.50,2024-12-02,2025-12-01,2025-12-01,2024-12-30,2025-11-28,2025-12-01,228,2025-12-01,False,0,0.4565217391304348,0.21268136471926655,0.26,0.3137674331665039,0.2774199895271053,0,72.26,0.2774199895271053,0,72.26,HOLD,0.5666,0.1332,Bullish,0.665,0.0,unavailable_no_point_in_time_source,True,1274.72,1274.7169189453125,2025-12-02,1257.030517578125,-1.3875,0,2025-12-04,1279.0135498046875,0.3371,1.0,2025-12-08,1272.8184814453125,-0.1489,0.0,2025-12-15,1283.8099365234375,0.7133,1.0,0,1,1,1,1,1,-1.3877,1,0.0,0.0,0.0,0.0,1.0,0.3368,1.0,1.0,1.0,1.0,1.0,1.0,-0.1492,1.0,0.0,0.0,0.0,0.0,1.0,0.7131,1.0,70-75,70-75
BAJAJFINSV.NS|2025-12-01|ensemble_lr0.20_rf0.30_xgb0.50,BAJAJFINSV.NS,2025-12-01,ensemble_lr0.20_rf0.30_xgb0.50,2024-12-02,2025-12-01,2025-12-01,2024-12-30,2025-11-28,2025-12-01,228,2025-12-01,False,0,0.5289855072463768,0.48025386880314624,0.12,0.15799516439437866,0.2110483559578186,0,78.9,0.2110483559578186,0,78.9,HOLD,0.4935,-0.013,Sideways,0.165,0.0,unavailable_no_point_in_time_source,True,2080.03,2080.025146484375,2025-12-02,2064.138427734375,-0.7638,0,2025-12-04,2047.452880859375,-1.566,0.0,2025-12-08,2057.4443359375,-1.0856,0.0,2025-12-15,2068.734619140625,-0.5428,0.0,0,1,1,1,1,1,-0.764,1,1.0,1.0,1.0,1.0,1.0,-1.5662,1.0,1.0,1.0,1.0,1.0,1.0,-1.0858,1.0,1.0,1.0,1.0,1.0,1.0,-0.543,1.0,75-80,75-80
BAJFINANCE.NS|2025-12-01|ensemble_lr0.20_rf0.30_xgb0.50,BAJFINANCE.NS,2025-12-01,ensemble_lr0.20_rf0.30_xgb0.50,2024-12-02,2025-12-01,2025-12-01,2024-12-30,2025-11-28,2025-12-01,228,2025-12-01,False,1,0.4275362318840579,0.6939208512176304,0.46,0.32105791568756104,0.4373131280873066,0,56.27,0.4373131280873066,0,56.27,HOLD,0.5102,0.0204,Sideways,0.165,0.0,unavailable_no_point_in_time_source,True,1014.86,1014.8613891601562,2025-12-02,1019.2345581054688,0.4309,1,2025-12-04,1022.8125,0.7835,1.0,2025-12-08,1020.1290893554688,0.5191,1.0,2025-12-15,1006.5127563476562,-0.8226,0.0,0,0,0,1,0,1,0.4311,1,0.0,0.0,1.0,0.0,1.0,0.7836,1.0,0.0,0.0,1.0,0.0,1.0,0.5192,1.0,1.0,1.0,0.0,1.0,1.0,-0.8225,1.0,55-60,55-60
BPCL.NS|2025-12-01|ensemble_lr0.20_rf0.30_xgb0.50,BPCL.NS,2025-12-01,ensemble_lr0.20_rf0.30_xgb0.50,2024-12-02,2025-12-01,2025-12-01,2024-12-30,2025-11-28,2025-12-01,228,2025-12-01,False,0,0.5797101449275363,0.4588180210386996,0.38,0.4083126187324524,0.4099199135739661,0,59.01,0.4099199135739661,0,59.01,HOLD,0.4968,-0.0063,Sideways,0.5,0.0,unavailable_no_point_in_time_source,True,344.29,344.2880859375,2025-12-02,348.9077453613281,1.3418,1,2025-12-04,346.23321533203125,0.565,1.0,2025-12-08,347.74066162109375,1.0028,1.0,2025-12-15,356.9314270019531,3.6723,1.0,0,0,0,0,0,1,1.3412,1,0.0,0.0,0.0,0.0,1.0,0.5644,1.0,0.0,0.0,0.0,0.0,1.0,1.0023,1.0,0.0,0.0,0.0,0.0,0.0,3.6717,0.0,55-60,55-60
ABCAPITAL.NS|2025-12-08|ensemble_lr0.20_rf0.30_xgb0.50,ABCAPITAL.NS,2025-12-08,ensemble_lr0.20_rf0.30_xgb0.50,2024-12-09,2025-12-08,2025-12-08,2025-01-06,2025-12-05,2025-12-08,228,2025-12-08,False,1,0.5797101449275361,0.5215429203136337,0.38,0.4054548144340515,0.4210359912797525,0,57.9,0.4210359912797525,0,57.9,BUY,0.6282,0.2565,Bullish,1.0,0.0,unavailable_no_point_in_time_source,True,357.1,357.1000061035156,2025-12-09,364.04998779296875,1.9462,1,2025-12-11,354.45001220703125,-0.7421,0.0,2025-12-15,351.79998779296875,-1.4842,0.0,2025-12-22,346.1000061035156,-3.0804,0.0,0,0,0,1,0,1,1.9462,1,1.0,1.0,0.0,1.0,0.0,-0.7421,0.0,1.0,1.0,0.0,1.0,0.0,-1.4842,0.0,1.0,1.0,0.0,1.0,0.0,-3.0804,0.0,55-60,55-60
ABFRL.NS|2025-12-08|ensemble_lr0.20_rf0.30_xgb0.50,ABFRL.NS,2025-12-08,ensemble_lr0.20_rf0.30_xgb0.50,2024-12-09,2025-12-08,2025-12-08,2025-01-06,2025-12-05,2025-12-08,228,2025-12-08,False,0,0.4565217391304348,0.42337542869632444,0.68,0.8474916815757751,0.7124209265271525,1,71.24,0.7124209265271525,1,71.24,HOLD,0.4814,-0.0371,Bearish,-0.33,0.0,unavailable_no_point_in_time_source,True,74.58,74.58000183105469,2025-12-09,75.88999938964844,1.7565,1,2025-12-11,75.44999694824219,1.1665,1.0,2025-12-15,75.43000030517578,1.1397,1.0,2025-12-22,77.44999694824219,3.8482,1.0,0,1,1,0,0,1,1.7565,1,1.0,1.0,0.0,0.0,1.0,1.1665,1.0,1.0,1.0,0.0,0.0,1.0,1.1397,1.0,1.0,1.0,0.0,0.0,0.0,3.8482,0.0,70-75,70-75
ADANIPORTS.NS|2025-12-08|ensemble_lr0.20_rf0.30_xgb0.50,ADANIPORTS.NS,2025-12-08,ensemble_lr0.20_rf0.30_xgb0.50,2024-12-09,2025-12-08,2025-12-08,2025-01-06,2025-12-05,2025-12-08,228,2025-12-08,False,0,0.5362318840579711,0.4589237592098841,0.48,0.68178790807724,0.5766787058805968,1,57.67,0.5766787058805968,1,57.67,BUY,0.6053,0.2106,Sideways,0.335,0.0,unavailable_no_point_in_time_source,True,1474.29,1474.2867431640625,2025-12-09,1490.91650390625,1.128,1,2025-12-11,1497.6881103515625,1.5873,1.0,2025-12-15,1506.251953125,2.1682,1.0,2025-12-22,1502.3682861328125,1.9048,1.0,0,1,1,0,0,1,1.1278,1,1.0,1.0,0.0,0.0,1.0,1.5871,1.0,1.0,1.0,0.0,0.0,1.0,2.168,1.0,1.0,1.0,0.0,0.0,1.0,1.9045,1.0,55-60,55-60
AETHER.NS|2025-12-08|ensemble_lr0.20_rf0.30_xgb0.50,AETHER.NS,2025-12-08,ensemble_lr0.20_rf0.30_xgb0.50,2024-12-09,2025-12-08,2025-12-08,2025-01-06,2025-12-05,2025-12-08,228,2025-12-08,False,0,0.5362318840579711,0.14446381035620368,0.6,0.36430278420448303,0.39104415417348226,0,60.9,0.39104415417348226,0,60.9,HOLD,0.4811,-0.0379,High Volatility,0.165,0.0,unavailable_no_point_in_time_source,True,815.9,815.9000244140625,2025-12-09,849.25,4.0875,1,2025-12-11,872.5,6.9371,1.0,2025-12-15,879.6500244140625,7.8135,1.0,2025-12-22,862.4000244140625,5.6992,1.0,0,0,0,0,0,0,4.0875,0,0.0,0.0,0.0,0.0,0.0,6.9371,0.0,0.0,0.0,0.0,0.0,0.0,7.8135,0.0,0.0,0.0,0.0,0.0,0.0,5.6992,0.0,60-65,60-65
APOLLOTYRE.NS|2025-12-08|ensemble_lr0.20_rf0.30_xgb0.50,APOLLOTYRE.NS,2025-12-08,ensemble_lr0.20_rf0.30_xgb0.50,2024-12-09,2025-12-08,2025-12-08,2025-01-06,2025-12-05,2025-12-08,228,2025-12-08,False,0,0.5,0.3234114036189947,0.22,0.2797054052352905,0.2705349833414442,0,72.95,0.2705349833414442,0,72.95,HOLD,0.4982,-0.0036,Sideways,0.5,0.0,unavailable_no_point_in_time_source,True,513.81,513.8119506835938,2025-12-09,518.0086059570312,0.8168,1,2025-12-11,507.6405029296875,-1.2011,0.0,2025-12-15,500.1360168457031,-2.6617,0.0,2025-12-22,503.34515380859375,-2.0371,0.0,0,0,0,0,0,1,0.8172,1,1.0,1.0,1.0,1.0,1.0,-1.2007,1.0,1.0,1.0,1.0,1.0,1.0,-2.6613,1.0,1.0,1.0,1.0,1.0,1.0,-2.0367,1.0,70-75,70-75
ASHOKLEY.NS|2025-12-08|ensemble_lr0.20_rf0.30_xgb0.50,ASHOKLEY.NS,2025-12-08,ensemble_lr0.20_rf0.30_xgb0.50,2024-12-09,2025-12-08,2025-12-08,2025-01-06,2025-12-05,2025-12-08,228,2025-12-08,False,0,0.5797101449275361,0.2898720309671064,0.36,0.29410484433174133,0.31302682835929196,0,68.7,0.31302682835929196,0,68.7,BUY,0.6675,0.3349,Bullish,1.0,0.0,unavailable_no_point_in_time_source,True,156.61,156.60841369628906,2025-12-09,156.90338134765625,0.1883,1,2025-12-11,157.64080810546875,0.6592,1.0,2025-12-15,164.02195739746094,4.7338,1.0,2025-12-22,174.0803680419922,11.1565,1.0,0,0,0,0,0,1,0.1873,1,0.0,0.0,0.0,0.0,1.0,0.6582,1.0,0.0,0.0,0.0,0.0,1.0,4.7327,1.0,0.0,0.0,0.0,0.0,1.0,11.1553,1.0,65-70,65-70
ASTRAL.NS|2025-12-08|ensemble_lr0.20_rf0.30_xgb0.50,ASTRAL.NS,2025-12-08,ensemble_lr0.20_rf0.30_xgb0.50,2024-12-09,2025-12-08,2025-12-08,2025-01-06,2025-12-05,2025-12-08,228,2025-12-08,False,0,0.4202898550724638,0.642803426083248,0.32,0.3140820860862732,0.3816017282597862,0,61.84,0.3816017282597862,0,61.84,HOLD,0.431,-0.138,Sideways,-0.165,0.0,unavailable_no_point_in_time_source,True,1431.05,1431.04931640625,2025-12-09,1426.156982421875,-0.3419,0,2025-12-11,1404.490966796875,-1.8559,0.0,2025-12-15,1428.3533935546875,-0.1884,0.0,2025-12-22,1405.8887939453125,-1.7582,0.0,0,1,1,1,1,1,-0.3419,1,1.0,1.0,1.0,1.0,1.0,-1.8559,1.0,1.0,1.0,1.0,1.0,1.0,-0.1884,1.0,1.0,1.0,1.0,1.0,1.0,-1.7582,1.0,60-65,60-65
BAJAJFINSV.NS|2025-12-08|ensemble_lr0.20_rf0.30_xgb0.50,BAJAJFINSV.NS,2025-12-08,ensemble_lr0.20_rf0.30_xgb0.50,2024-12-09,2025-12-08,2025-12-08,2025-01-06,2025-12-05,2025-12-08,228,2025-12-08,False,0,0.5579710144927537,0.507936423414582,0.42,0.384673535823822,0.4199240525948274,0,58.01,0.4199240525948274,0,58.01,HOLD,0.4908,-0.0184,Sideways,0.165,0.0,unavailable_no_point_in_time_source,True,2057.44,2057.4443359375,2025-12-09,2067.735595703125,0.5002,1,2025-12-11,2064.038818359375,0.3205,1.0,2025-12-15,2068.734619140625,0.5488,1.0,2025-12-22,2048.052490234375,-0.4565,0.0,0,0,0,0,0,1,0.5004,1,0.0,0.0,0.0,0.0,1.0,0.3207,1.0,0.0,0.0,0.0,0.0,1.0,0.549,1.0,1.0,1.0,1.0,1.0,1.0,-0.4563,1.0,55-60,55-60
BEL.NS|2025-12-08|ensemble_lr0.20_rf0.30_xgb0.50,BEL.NS,2025-12-08,ensemble_lr0.20_rf0.30_xgb0.50,2024-12-09,2025-12-08,2025-12-08,2025-01-06,2025-12-05,2025-12-08,228,2025-12-08,False,0,0.5289855072463768,0.5731511309952502,0.66,0.7408456802368164,0.6830530663174583,1,68.31,0.6830530663174583,1,68.31,HOLD,0.51,0.0201,Bearish,-0.335,0.0,unavailable_no_point_in_time_source,True,384.24,384.2403869628906,2025-12-09,387.2733459472656,0.7893,1,2025-12-11,385.334228515625,0.2847,1.0,2025-12-15,388.5660400390625,1.1258,1.0,2025-12-22,396.7202453613281,3.2479,1.0,0,1,1,0,0,1,0.7894,1,1.0,1.0,0.0,0.0,1.0,0.2848,1.0,1.0,1.0,0.0,0.0,1.0,1.1259,1.0,1.0,1.0,0.0,0.0,0.0,3.248,0.0,65-70,65-70
BPCL.NS|2025-12-08|ensemble_lr0.20_rf0.30_xgb0.50,BPCL.NS,2025-12-08,ensemble_lr0.20_rf0.30_xgb0.50,2024-12-09,2025-12-08,2025-12-08,2025-01-06,2025-12-05,2025-12-08,228,2025-12-08,False,0,0.5797101449275363,0.17719633537291443,0.26,0.3463103771209717,0.2865944556350687,0,71.34,0.2865944556350687,0,71.34,HOLD,0.4988,-0.0024,Sideways,0.5,0.0,unavailable_no_point_in_time_source,True,347.74,347.74066162109375,2025-12-09,345.30926513671875,-0.6992,0,2025-12-11,341.6621398925781,-1.748,0.0,2025-12-15,356.9314270019531,2.643,1.0,2025-12-22,359.7518615722656,3.4541,1.0,0,1,1,1,1,1,-0.699,1,1.0,1.0,1.0,1.0,1.0,-1.7478,1.0,0.0,0.0,0.0,0.0,1.0,2.6432,1.0,0.0,0.0,0.0,0.0,0.0,3.4543,0.0,70-75,70-75
AARTIIND.NS|2025-12-15|ensemble_lr0.20_rf0.30_xgb0.50,AARTIIND.NS,2025-12-15,ensemble_lr0.20_rf0.30_xgb0.50,2024-12-16,2025-12-15,2025-12-15,2025-01-13,2025-12-12,2025-12-15,228,2025-12-15,False,0,0.5362318840579711,0.9845901079521869,0.76,0.7313288450241089,0.7905824441024918,1,79.06,0.7905824441024918,1,79.06,HOLD,0.5338,0.0676,Sideways,-0.335,0.0,unavailable_no_point_in_time_source,True,375.55,375.5534362792969,2025-12-16,371.760986328125,-1.0098,0,2025-12-18,363.4774475097656,-3.2155,0.0,2025-12-22,374.2061462402344,-0.3587,0.0,2025-12-30,367.3697204589844,-2.1791,0.0,1,0,0,1,0,1,-1.0089,1,0.0,0.0,1.0,0.0,0.0,-3.2146,0.0,0.0,0.0,1.0,0.0,1.0,-0.3578,1.0,0.0,0.0,1.0,0.0,1.0,-2.1782,1.0,75-80,75-80
ABFRL.NS|2025-12-15|ensemble_lr0.20_rf0.30_xgb0.50,ABFRL.NS,2025-12-15,ensemble_lr0.20_rf0.30_xgb0.50,2024-12-16,2025-12-15,2025-12-15,2025-01-13,2025-12-12,2025-12-15,228,2025-12-15,False,0,0.5652173913043478,0.466534530905059,0.8,0.7152659296989441,0.6909398710304838,1,69.09,0.6909398710304838,1,69.09,HOLD,0.4743,-0.0514,Bearish,-0.165,0.0,unavailable_no_point_in_time_source,True,75.43,75.43000030517578,2025-12-16,74.16000366210938,-1.6837,0,2025-12-18,75.41999816894531,-0.0133,0.0,2025-12-22,77.44999694824219,2.678,1.0,2025-12-30,76.0199966430664,0.7822,1.0,0,0,0,1,1,1,-1.6837,1,0.0,0.0,1.0,1.0,1.0,-0.0133,1.0,1.0,1.0,0.0,0.0,1.0,2.678,1.0,1.0,1.0,0.0,0.0,1.0,0.7822,1.0,65-70,65-70
ANGELONE.NS|2025-12-15|ensemble_lr0.20_rf0.30_xgb0.50,ANGELONE.NS,2025-12-15,ensemble_lr0.20_rf0.30_xgb0.50,2024-12-16,2025-12-15,2025-12-15,2025-01-13,2025-12-12,2025-12-15,228,2025-12-15,False,1,0.3695652173913044,0.6369093375682652,0.54,0.6194018125534058,0.5990827737903559,1,59.91,0.5990827737903559,1,59.91,HOLD,0.5746,0.1492,High Volatility,0.165,0.0,unavailable_no_point_in_time_source,True,253.36,253.35922241210938,2025-12-16,248.444091796875,-1.94,0,2025-12-18,243.2150421142578,-4.0039,0.0,2025-12-22,253.27093505859375,-0.0348,0.0,2025-12-30,230.26502990722656,-9.1152,0.0,0,0,0,0,1,1,-1.9403,1,0.0,0.0,0.0,1.0,0.0,-4.0042,0.0,0.0,0.0,0.0,1.0,1.0,-0.0352,1.0,0.0,0.0,0.0,1.0,0.0,-9.1155,0.0,55-60,55-60
APOLLOTYRE.NS|2025-12-15|ensemble_lr0.20_rf0.30_xgb0.50,APOLLOTYRE.NS,2025-12-15,ensemble_lr0.20_rf0.30_xgb0.50,2024-12-16,2025-12-15,2025-12-15,2025-01-13,2025-12-12,2025-12-15,228,2025-12-15,False,0,0.463768115942029,0.396386244257048,0.32,0.24662716686725616,0.2985908322850377,0,70.14,0.2985908322850377,0,70.14,HOLD,0.4793,-0.0413,Sideways,0.335,0.0,unavailable_no_point_in_time_source,True,500.14,500.1360168457031,2025-12-16,504.5794372558594,0.8884,1,2025-12-18,489.71856689453125,-2.0829,0.0,2025-12-22,503.34515380859375,0.6417,1.0,2025-12-30,487.89178466796875,-2.4482,0.0,0,0,0,0,0,1,0.8876,1,1.0,1.0,1.0,1.0,1.0,-2.0837,1.0,0.0,0.0,0.0,0.0,1.0,0.6409,1.0,1.0,1.0,1.0,1.0,1.0,-2.449,1.0,70-75,70-75
ASIANPAINT.NS|2025-12-15|ensemble_lr0.20_rf0.30_xgb0.50,ASIANPAINT.NS,2025-12-15,ensemble_lr0.20_rf0.30_xgb0.50,2024-12-16,2025-12-15,2025-12-15,2025-01-13,2025-12-12,2025-12-15,228,2025-12-15,False,1,0.4420289855072464,0.5773029618636286,0.6,0.5711686611175537,0.5810449229315026,1,58.1,0.5810449229315026,1,58.1,BUY,0.6188,0.2377,Sideways,0.5,0.0,unavailable_no_point_in_time_source,True,2756.29,2756.286376953125,2025-12-16,2766.894287109375,0.3849,1,2025-12-18,2735.962646484375,-0.7374,0.0,2025-12-22,2783.450927734375,0.9855,1.0,2025-12-30,2734.574951171875,-0.7877,0.0,1,1,1,1,1,1,0.3847,1,0.0,0.0,0.0,0.0,0.0,-0.7375,0.0,1.0,1.0,1.0,1.0,1.0,0.9854,1.0,0.0,0.0,0.0,0.0,0.0,-0.7878,0.0,55-60,55-60
ASTRAL.NS|2025-12-15|ensemble_lr0.20_rf0.30_xgb0.50,ASTRAL.NS,2025-12-15,ensemble_lr0.20_rf0.30_xgb0.50,2024-12-16,2025-12-15,2025-12-15,2025-01-13,2025-12-12,2025-12-15,228,2025-12-15,False,0,0.42753623188405804,0.43434989102272614,0.6,0.599575936794281,0.5666579466016857,1,56.67,0.5666579466016857,1,56.67,HOLD,0.5037,0.0074,Sideways,-0.165,0.0,unavailable_no_point_in_time_source,True,1428.35,1428.3533935546875,2025-12-16,1460.602783203125,2.2578,1,2025-12-18,1405.6890869140625,-1.5867,0.0,2025-12-22,1405.8887939453125,-1.5728,0.0,2025-12-30,1358.1639404296875,-4.914,0.0,1,1,1,0,1,1,2.258,1,0.0,0.0,1.0,0.0,1.0,-1.5865,1.0,0.0,0.0,1.0,0.0,1.0,-1.5725,1.0,0.0,0.0,1.0,0.0,0.0,-4.9138,0.0,55-60,55-60
AUBANK.NS|2025-12-15|ensemble_lr0.20_rf0.30_xgb0.50,AUBANK.NS,2025-12-15,ensemble_lr0.20_rf0.30_xgb0.50,2024-12-16,2025-12-15,2025-12-15,2025-01-13,2025-12-12,2025-12-15,228,2025-12-15,False,1,0.4710144927536232,0.7681978606107372,0.66,0.6604862213134766,0.6818826827788858,1,68.19,0.6818826827788858,1,68.19,BUY,0.6902,0.3805,Bullish,0.665,0.0,unavailable_no_point_in_time_source,True,978.1,978.1001586914062,2025-12-16,979.6486206054688,0.1583,1,2025-12-18,986.6918334960938,0.8784,1.0,2025-12-22,983.4949340820312,0.5516,1.0,2025-12-30,995.4832763671875,1.7772,1.0,1,1,1,1,1,1,0.1583,1,1.0,1.0,1.0,1.0,1.0,0.8784,1.0,1.0,1.0,1.0,1.0,1.0,0.5516,1.0,1.0,1.0,1.0,1.0,1.0,1.7772,1.0,65-70,65-70
AXISBANK.NS|2025-12-15|ensemble_lr0.20_rf0.30_xgb0.50,AXISBANK.NS,2025-12-15,ensemble_lr0.20_rf0.30_xgb0.50,2024-12-16,2025-12-15,2025-12-15,2025-01-13,2025-12-12,2025-12-15,228,2025-12-15,False,0,0.463768115942029,0.40129651418584183,0.26,0.34231066703796387,0.3294146363561503,0,67.06,0.3294146363561503,0,67.06,BUY,0.5859,0.1718,Bullish,0.665,0.0,unavailable_no_point_in_time_source,True,1283.81,1283.8099365234375,2025-12-16,1218.66015625,-5.0747,0,2025-12-18,1228.852294921875,-4.2808,0.0,2025-12-22,1232.2496337890625,-4.0162,0.0,2025-12-30,1245.039794921875,-3.0199,0.0,0,1,1,1,1,0,-5.0747,0,1.0,1.0,1.0,1.0,0.0,-4.2808,0.0,1.0,1.0,1.0,1.0,0.0,-4.0162,0.0,1.0,1.0,1.0,1.0,0.0,-3.0199,0.0,65-70,65-70
BAJAJFINSV.NS|2025-12-15|ensemble_lr0.20_rf0.30_xgb0.50,BAJAJFINSV.NS,2025-12-15,ensemble_lr0.20_rf0.30_xgb0.50,2024-12-16,2025-12-15,2025-12-15,2025-01-13,2025-12-12,2025-12-15,228,2025-12-15,False,0,0.6014492753623188,0.3351191786846532,0.16,0.168867826461792,0.19945774896782664,0,80.05,0.19945774896782664,0,80.05,HOLD,0.4931,-0.0138,Sideways,0.165,0.0,unavailable_no_point_in_time_source,True,2068.73,2068.734619140625,2025-12-16,2033.4647216796875,-1.7049,0,2025-12-18,2024.572509765625,-2.1347,0.0,2025-12-22,2048.052490234375,-0.9997,0.0,2025-12-30,2024.67236328125,-2.1299,0.0,0,1,1,1,1,1,-1.7047,1,1.0,1.0,1.0,1.0,1.0,-2.1345,1.0,1.0,1.0,1.0,1.0,1.0,-0.9995,1.0,1.0,1.0,1.0,1.0,1.0,-2.1297,1.0,80-85,80-85
BAJFINANCE.NS|2025-12-15|ensemble_lr0.20_rf0.30_xgb0.50,BAJFINANCE.NS,2025-12-15,ensemble_lr0.20_rf0.30_xgb0.50,2024-12-16,2025-12-15,2025-12-15,2025-01-13,2025-12-12,2025-12-15,228,2025-12-15,False,1,0.5362318840579711,0.5860939580532508,0.56,0.7253285050392151,0.6478830441302577,1,64.79,0.6478830441302577,1,64.79,HOLD,0.5516,0.1031,Sideways,-0.165,0.0,unavailable_no_point_in_time_source,True,1006.51,1006.5127563476562,2025-12-16,992.3001708984375,-1.4121,0,2025-12-18,994.1884765625,-1.2245,0.0,2025-12-22,1001.6427001953125,-0.4839,0.0,2025-12-30,983.2556762695312,-2.3107,0.0,0,0,0,0,1,1,-1.4118,1,0.0,0.0,0.0,1.0,1.0,-1.2242,1.0,0.0,0.0,0.0,1.0,1.0,-0.4836,1.0,0.0,0.0,0.0,1.0,1.0,-2.3104,1.0,60-65,60-65
BEL.NS|2025-12-15|ensemble_lr0.20_rf0.30_xgb0.50,BEL.NS,2025-12-15,ensemble_lr0.20_rf0.30_xgb0.50,2024-12-16,2025-12-15,2025-12-15,2025-01-13,2025-12-12,2025-12-15,228,2025-12-15,False,0,0.5289855072463768,0.6824790269931167,0.5,0.593517541885376,0.5832545763413113,1,58.33,0.5832545763413113,1,58.33,HOLD,0.4353,-0.1294,Bearish,-0.335,0.0,unavailable_no_point_in_time_source,True,388.57,388.5660400390625,2025-12-16,385.8314514160156,-0.7038,0,2025-12-18,381.306884765625,-1.8682,0.0,2025-12-22,396.7202453613281,2.0985,1.0,2025-12-30,391.1017761230469,0.6526,1.0,1,0,0,1,0,1,-0.7048,1,0.0,0.0,1.0,0.0,1.0,-1.8692,1.0,1.0,1.0,0.0,1.0,1.0,2.0975,1.0,1.0,1.0,0.0,1.0,1.0,0.6516,1.0,55-60,55-60
ADANIENT.NS|2025-12-22|ensemble_lr0.20_rf0.30_xgb0.50,ADANIENT.NS,2025-12-22,ensemble_lr0.20_rf0.30_xgb0.50,2024-12-23,2025-12-22,2025-12-22,2025-01-20,2025-12-19,2025-12-22,228,2025-12-22,False,0,0.38405797101449274,0.6284992066896448,0.8,0.5299311280250549,0.6306654053504565,1,63.07,0.6306654053504565,1,63.07,HOLD,0.4657,-0.0686,Bearish,-0.335,0.0,unavailable_no_point_in_time_source,True,2262.49,2262.488525390625,2025-12-23,2247.794921875,-0.6494,0,2025-12-26,2228.9033203125,-1.4844,0.0,2025-12-30,2213.710205078125,-2.156,0.0,2026-01-06,2258.090576171875,-0.1944,0.0,1,0,0,1,0,1,-0.6495,1,0.0,0.0,1.0,0.0,1.0,-1.4845,1.0,0.0,0.0,1.0,0.0,1.0,-2.156,1.0,0.0,0.0,1.0,0.0,1.0,-0.1945,1.0,60-65,60-65
ADANIPORTS.NS|2025-12-22|ensemble_lr0.20_rf0.30_xgb0.50,ADANIPORTS.NS,2025-12-22,ensemble_lr0.20_rf0.30_xgb0.50,2024-12-23,2025-12-22,2025-12-22,2025-01-20,2025-12-19,2025-12-22,228,2025-12-22,False,0,0.5507246376811594,0.7591994343430172,0.68,0.8216359615325928,0.7666578676348998,1,76.67,0.7666578676348998,1,76.67,BUY,0.6082,0.2164,Sideways,0.335,0.0,unavailable_no_point_in_time_source,True,1502.37,1502.3682861328125,2025-12-23,1487.3316650390625,-1.0009,0,2025-12-26,1480.8590087890625,-1.4317,0.0,2025-12-30,1455.067626953125,-3.1484,0.0,2026-01-06,1467.017333984375,-2.353,0.0,1,0,0,1,0,0,-1.001,0,0.0,0.0,1.0,0.0,0.0,-1.4318,0.0,0.0,0.0,1.0,0.0,0.0,-3.1485,0.0,0.0,0.0,1.0,0.0,0.0,-2.3531,0.0,75-80,75-80
APOLLOTYRE.NS|2025-12-22|ensemble_lr0.20_rf0.30_xgb0.50,APOLLOTYRE.NS,2025-12-22,ensemble_lr0.20_rf0.30_xgb0.50,2024-12-23,2025-12-22,2025-12-22,2025-01-20,2025-12-19,2025-12-22,228,2025-12-22,False,0,0.49275362318840576,0.3684869330320888,0.62,0.5910167098045349,0.5552057415086853,1,55.52,0.5552057415086853,1,55.52,HOLD,0.5734,0.1469,Sideways,0.17,0.0,unavailable_no_point_in_time_source,True,503.35,503.34515380859375,2025-12-23,505.66558837890625,0.461,1,2025-12-26,499.44476318359375,-0.7749,0.0,2025-12-30,487.89178466796875,-3.0701,0.0,2026-01-06,512.97265625,1.9127,1.0,1,1,1,0,1,1,0.46,1,0.0,0.0,1.0,0.0,1.0,-0.7758,1.0,0.0,0.0,1.0,0.0,0.0,-3.0711,0.0,1.0,1.0,0.0,1.0,1.0,1.9117,1.0,55-60,55-60
ASTRAL.NS|2025-12-22|ensemble_lr0.20_rf0.30_xgb0.50,ASTRAL.NS,2025-12-22,ensemble_lr0.20_rf0.30_xgb0.50,2024-12-23,2025-12-22,2025-12-22,2025-01-20,2025-12-19,2025-12-22,228,2025-12-22,False,0,0.4202898550724638,0.4380864108373836,0.6,0.31538715958595276,0.4253108619604531,0,57.47,0.4253108619604531,0,57.47,SELL,0.3574,-0.2852,Sideways,-0.5,0.0,unavailable_no_point_in_time_source,True,1405.89,1405.8887939453125,2025-12-23,1414.7747802734375,0.6321,1,2025-12-26,1387.8172607421875,-1.2854,0.0,2025-12-30,1358.1639404296875,-3.3946,0.0,2026-01-06,1484.864501953125,5.6175,1.0,0,0,0,0,0,0,0.632,0,1.0,1.0,1.0,1.0,1.0,-1.2855,1.0,1.0,1.0,1.0,1.0,1.0,-3.3947,1.0,0.0,0.0,0.0,0.0,0.0,5.6174,0.0,55-60,55-60
AUBANK.NS|2025-12-22|ensemble_lr0.20_rf0.30_xgb0.50,AUBANK.NS,2025-12-22,ensemble_lr0.20_rf0.30_xgb0.50,2024-12-23,2025-12-22,2025-12-22,2025-01-20,2025-12-19,2025-12-22,228,2025-12-22,False,1,0.47826086956521735,0.6213842420207455,0.18,0.3287821114063263,0.34266790410731224,0,65.73,0.34266790410731224,0,65.73,BUY,0.5914,0.1827,Bullish,0.665,0.0,unavailable_no_point_in_time_source,True,983.49,983.4949340820312,2025-12-23,979.3988647460938,-0.4165,0,2025-12-26,974.004150390625,-0.965,0.0,2025-12-30,995.4832763671875,1.219,1.0,2026-01-06,1007.7713012695312,2.4684,1.0,0,1,1,0,1,0,-0.416,0,1.0,1.0,0.0,1.0,0.0,-0.9645,0.0,0.0,0.0,1.0,0.0,1.0,1.2195,1.0,0.0,0.0,1.0,0.0,1.0,2.4689,1.0,65-70,65-70
AXISBANK.NS|2025-12-22|ensemble_lr0.20_rf0.30_xgb0.50,AXISBANK.NS,2025-12-22,ensemble_lr0.20_rf0.30_xgb0.50,2024-12-23,2025-12-22,2025-12-22,2025-01-20,2025-12-19,2025-12-22,228,2025-12-22,False,0,0.4492753623188406,0.4311016054193391,0.64,0.29634714126586914,0.4263938917168024,0,57.36,0.4263938917168024,0,57.36,HOLD,0.4375,-0.1249,Bearish,0.335,0.0,unavailable_no_point_in_time_source,True,1232.25,1232.2496337890625,2025-12-23,1224.0560302734375,-0.6649,0,2025-12-26,1227.25341796875,-0.4055,0.0,2025-12-30,1245.039794921875,1.038,1.0,2026-01-06,1292.802978515625,4.914,1.0,1,1,1,1,0,1,-0.665,1,1.0,1.0,1.0,0.0,1.0,-0.4055,1.0,0.0,0.0,0.0,1.0,1.0,1.0379,1.0,0.0,0.0,0.0,1.0,0.0,4.914,0.0,55-60,55-60
BAJAJFINSV.NS|2025-12-22|ensemble_lr0.20_rf0.30_xgb0.50,BAJAJFINSV.NS,2025-12-22,ensemble_lr0.20_rf0.30_xgb0.50,2024-12-23,2025-12-22,2025-12-22,2025-01-20,2025-12-19,2025-12-22,228,2025-12-22,False,0,0.5507246376811595,0.5252510439101513,0.78,0.7022785544395447,0.6901894860018025,1,69.02,0.6901894860018025,1,69.02,HOLD,0.5205,0.0411,Sideways,-0.165,0.0,unavailable_no_point_in_time_source,True,2048.05,2048.052490234375,2025-12-23,2045.854248046875,-0.1073,0,2025-12-26,2015.8797607421875,-1.5709,0.0,2025-12-30,2024.67236328125,-1.1416,0.0,2026-01-06,2042.8568115234375,-0.2537,0.0,1,0,0,1,0,1,-0.1072,1,0.0,0.0,1.0,0.0,1.0,-1.5708,1.0,0.0,0.0,1.0,0.0,1.0,-1.1415,1.0,0.0,0.0,1.0,0.0,1.0,-0.2536,1.0,65-70,65-70
BAJFINANCE.NS|2025-12-22|ensemble_lr0.20_rf0.30_xgb0.50,BAJFINANCE.NS,2025-12-22,ensemble_lr0.20_rf0.30_xgb0.50,2024-12-23,2025-12-22,2025-12-22,2025-01-20,2025-12-19,2025-12-22,228,2025-12-22,False,1,0.45652173913043476,0.6261951037673666,0.46,0.6412389278411865,0.5838584846740666,1,58.39,0.5838584846740666,1,58.39,HOLD,0.5043,0.0086,Sideways,-0.165,0.0,unavailable_no_point_in_time_source,True,1001.64,1001.6427001953125,2025-12-23,1005.220703125,0.3572,1,2025-12-26,993.8903198242188,-0.774,0.0,2025-12-30,983.2556762695312,-1.8357,0.0,2026-01-06,971.3787231445312,-3.0214,0.0,0,1,1,1,0,1,0.3575,1,0.0,0.0,0.0,1.0,1.0,-0.7737,1.0,0.0,0.0,0.0,1.0,1.0,-1.8354,1.0,0.0,0.0,0.0,1.0,0.0,-3.0212,0.0,55-60,55-60
BPCL.NS|2025-12-22|ensemble_lr0.20_rf0.30_xgb0.50,BPCL.NS,2025-12-22,ensemble_lr0.20_rf0.30_xgb0.50,2024-12-23,2025-12-22,2025-12-22,2025-01-20,2025-12-19,2025-12-22,228,2025-12-22,False,0,0.5362318840579711,0.6529078414196873,0.48,0.07278396934270859,0.3109735529552917,0,68.9,0.3109735529552917,0,68.9,HOLD,0.5323,0.0645,Sideways,0.835,0.0,unavailable_no_point_in_time_source,True,359.75,359.7518615722656,2025-12-23,359.84912109375,0.027,1,2025-12-26,355.9588623046875,-1.0543,0.0,2025-12-30,359.3628234863281,-0.1081,0.0,2026-01-06,360.6271667480469,0.2433,1.0,1,0,0,0,1,1,0.0276,1,1.0,1.0,1.0,0.0,1.0,-1.0538,1.0,1.0,1.0,1.0,0.0,1.0,-0.1076,1.0,0.0,0.0,0.0,1.0,1.0,0.2438,1.0,65-70,65-70
AARTIIND.NS|2025-12-30|ensemble_lr0.20_rf0.30_xgb0.50,AARTIIND.NS,2025-12-30,ensemble_lr0.20_rf0.30_xgb0.50,2024-12-31,2025-12-30,2025-12-29,2025-01-27,2025-12-29,2025-12-30,228,2025-12-30,False,0,0.48550724637681153,0.36920916472854076,0.4,0.4827393591403961,0.43521151251590623,0,56.48,0.43521151251590623,0,56.48,SELL,0.379,-0.242,Bearish,0.0,0.0,unavailable_no_point_in_time_source,True,367.37,367.3697204589844,2025-12-31,373.158203125,1.5757,1,2026-01-02,376.2021789550781,2.4042,1.0,2026-01-06,374.305908203125,1.8881,1.0,2026-01-13,362.2798156738281,-1.3855,0.0,0,0,0,0,0,0,1.5756,0,0.0,0.0,0.0,0.0,0.0,2.4042,0.0,0.0,0.0,0.0,0.0,0.0,1.888,0.0,1.0,1.0,1.0,1.0,1.0,-1.3856,1.0,55-60,55-60
ABFRL.NS|2025-12-30|ensemble_lr0.20_rf0.30_xgb0.50,ABFRL.NS,2025-12-30,ensemble_lr0.20_rf0.30_xgb0.50,2024-12-31,2025-12-30,2025-12-29,2025-01-27,2025-12-29,2025-12-30,228,2025-12-30,False,0,0.5,0.5235092218571181,0.6,0.5928093791007996,0.5811065339218234,1,58.11,0.5811065339218234,1,58.11,HOLD,0.5267,0.0534,Sideways,-0.165,0.0,unavailable_no_point_in_time_source,True,76.02,76.0199966430664,2025-12-31,76.77999877929688,0.9997,1,2026-01-02,78.16000366210938,2.8151,1.0,2026-01-06,77.44999694824219,1.8811,1.0,2026-01-13,73.31999969482422,-3.5517,0.0,0,1,1,0,0,1,0.9997,1,1.0,1.0,0.0,0.0,1.0,2.8151,1.0,1.0,1.0,0.0,0.0,1.0,1.8811,1.0,0.0,0.0,1.0,1.0,0.0,-3.5517,0.0,55-60,55-60
ADANIENT.NS|2025-12-30|ensemble_lr0.20_rf0.30_xgb0.50,ADANIENT.NS,2025-12-30,ensemble_lr0.20_rf0.30_xgb0.50,2024-12-31,2025-12-30,2025-12-29,2025-01-27,2025-12-29,2025-12-30,228,2025-12-30,False,0,0.4057971014492754,0.6745397852812627,0.7,0.8930931687355042,0.7914545414240046,1,79.15,0.7914545414240046,1,79.15,HOLD,0.4527,-0.0946,Bearish,-0.5,0.0,unavailable_no_point_in_time_source,True,2213.71,2213.710205078125,2025-12-31,2238.698974609375,1.1288,1,2026-01-02,2278.78125,2.9395,1.0,2026-01-06,2258.090576171875,2.0048,1.0,2026-01-13,2157.535400390625,-2.5376,0.0,1,1,1,0,1,1,1.1288,1,1.0,1.0,0.0,1.0,1.0,2.9395,1.0,1.0,1.0,0.0,1.0,1.0,2.0048,1.0,0.0,0.0,1.0,0.0,1.0,-2.5376,1.0,75-80,75-80
APOLLOTYRE.NS|2025-12-30|ensemble_lr0.20_rf0.30_xgb0.50,APOLLOTYRE.NS,2025-12-30,ensemble_lr0.20_rf0.30_xgb0.50,2024-12-31,2025-12-30,2025-12-29,2025-01-27,2025-12-29,2025-12-30,228,2025-12-30,False,0,0.463768115942029,0.2915159815462431,0.2,0.3887198865413666,0.3126631395799319,0,68.73,0.3126631395799319,0,68.73,HOLD,0.4346,-0.1309,Sideways,-0.335,0.0,unavailable_no_point_in_time_source,True,487.89,487.89178466796875,2025-12-31,493.7176818847656,1.1941,1,2026-01-02,491.002197265625,0.6375,1.0,2026-01-06,512.97265625,5.1407,1.0,2026-01-13,513.9601440429688,5.3431,1.0,0,0,0,0,0,1,1.1945,1,0.0,0.0,0.0,0.0,1.0,0.6379,1.0,0.0,0.0,0.0,0.0,0.0,5.141,0.0,0.0,0.0,0.0,0.0,0.0,5.3434,0.0,65-70,65-70
ASIANPAINT.NS|2025-12-30|ensemble_lr0.20_rf0.30_xgb0.50,ASIANPAINT.NS,2025-12-30,ensemble_lr0.20_rf0.30_xgb0.50,2024-12-31,2025-12-30,2025-12-29,2025-01-27,2025-12-29,2025-12-30,228,2025-12-30,False,1,0.45652173913043476,0.7225575721661764,0.62,0.6283522248268127,0.6446876268466417,1,64.47,0.6446876268466417,1,64.47,BUY,0.5802,0.1604,Sideways,0.335,0.0,unavailable_no_point_in_time_source,True,2734.57,2734.574951171875,2025-12-31,2745.678466796875,0.406,1,2026-01-02,2748.751953125,0.5184,1.0,2026-01-06,2821.322265625,3.1722,1.0,2026-01-13,2861.473876953125,4.6405,1.0,0,1,1,1,0,1,0.4062,1,1.0,1.0,1.0,0.0,1.0,0.5186,1.0,1.0,1.0,1.0,0.0,1.0,3.1724,1.0,1.0,1.0,1.0,0.0,1.0,4.6407,1.0,60-65,60-65
ASTRAL.NS|2025-12-30|ensemble_lr0.20_rf0.30_xgb0.50,ASTRAL.NS,2025-12-30,ensemble_lr0.20_rf0.30_xgb0.50,2024-12-31,2025-12-30,2025-12-29,2025-01-27,2025-12-29,2025-12-30,228,2025-12-30,False,0,0.48550724637681153,0.3047505321103521,0.38,0.40044689178466797,0.3751735523144044,0,62.48,0.3751735523144044,0,62.48,SELL,0.3618,-0.2765,Sideways,-0.835,0.0,unavailable_no_point_in_time_source,True,1358.16,1358.1639404296875,2025-12-31,1386.319580078125,2.0731,1,2026-01-02,1451.11767578125,6.8441,1.0,2026-01-06,1484.864501953125,9.3288,1.0,2026-01-13,1436.2410888671875,5.7487,1.0,0,0,0,0,0,0,2.0734,0,0.0,0.0,0.0,0.0,0.0,6.8444,0.0,0.0,0.0,0.0,0.0,0.0,9.3291,0.0,0.0,0.0,0.0,0.0,0.0,5.749,0.0,60-65,60-65
AUBANK.NS|2025-12-30|ensemble_lr0.20_rf0.30_xgb0.50,AUBANK.NS,2025-12-30,ensemble_lr0.20_rf0.30_xgb0.50,2024-12-31,2025-12-30,2025-12-29,2025-01-27,2025-12-29,2025-12-30,228,2025-12-30,False,1,0.5144927536231885,0.14953248873880612,0.42,0.5493342280387878,0.43057361176715514,0,56.94,0.43057361176715514,0,56.94,BUY,0.6014,0.2029,Bullish,0.665,0.0,unavailable_no_point_in_time_source,True,995.48,995.4832763671875,2025-12-31,993.53515625,-0.1957,0,2026-01-02,998.430419921875,0.2961,1.0,2026-01-06,1007.7713012695312,1.2344,1.0,2026-01-13,971.0070190429688,-2.4587,0.0,1,1,1,0,0,0,-0.1954,0,0.0,0.0,1.0,1.0,1.0,0.2964,1.0,0.0,0.0,1.0,1.0,1.0,1.2347,1.0,1.0,1.0,0.0,0.0,0.0,-2.4584,0.0,55-60,55-60
AXISBANK.NS|2025-12-30|ensemble_lr0.20_rf0.30_xgb0.50,AXISBANK.NS,2025-12-30,ensemble_lr0.20_rf0.30_xgb0.50,2024-12-31,2025-12-30,2025-12-29,2025-01-27,2025-12-29,2025-12-30,228,2025-12-30,False,0,0.4927536231884058,0.5788301623069126,0.8,0.682029128074646,0.6967805964987055,1,69.68,0.6967805964987055,1,69.68,BUY,0.6159,0.2318,Sideways,0.17,0.0,unavailable_no_point_in_time_source,True,1245.04,1245.039794921875,2025-12-31,1268.4217529296875,1.878,1,2026-01-02,1265.9237060546875,1.6774,1.0,2026-01-06,1292.802978515625,3.8363,1.0,2026-01-13,1261.0274658203125,1.2841,1.0,1,1,1,0,1,1,1.878,1,1.0,1.0,0.0,1.0,1.0,1.6774,1.0,1.0,1.0,0.0,1.0,1.0,3.8363,1.0,1.0,1.0,0.0,1.0,1.0,1.2841,1.0,65-70,65-70
BAJAJFINSV.NS|2025-12-30|ensemble_lr0.20_rf0.30_xgb0.50,BAJAJFINSV.NS,2025-12-30,ensemble_lr0.20_rf0.30_xgb0.50,2024-12-31,2025-12-30,2025-12-29,2025-01-27,2025-12-29,2025-12-30,228,2025-12-30,False,0,0.47826086956521746,0.475854552631952,0.52,0.7082715034484863,0.6053066622506336,1,60.53,0.6053066622506336,1,60.53,HOLD,0.5238,0.0476,Sideways,-0.165,0.0,unavailable_no_point_in_time_source,True,2024.67,2024.67236328125,2025-12-31,2038.160888671875,0.6662,1,2026-01-02,2036.662109375,0.5922,1.0,2026-01-06,2042.8568115234375,0.8981,1.0,2026-01-13,2009.4852294921875,-0.7501,0.0,1,1,1,0,1,1,0.6663,1,1.0,1.0,0.0,1.0,1.0,0.5923,1.0,1.0,1.0,0.0,1.0,1.0,0.8983,1.0,0.0,0.0,1.0,0.0,1.0,-0.75,1.0,60-65,60-65
BAJFINANCE.NS|2025-12-30|ensemble_lr0.20_rf0.30_xgb0.50,BAJFINANCE.NS,2025-12-30,ensemble_lr0.20_rf0.30_xgb0.50,2024-12-31,2025-12-30,2025-12-29,2025-01-27,2025-12-29,2025-12-30,228,2025-12-30,False,1,0.4710144927536232,0.40214042155385327,0.52,0.3324795365333557,0.4026678525774485,0,59.73,0.4026678525774485,0,59.73,SELL,0.4002,-0.1996,Sideways,-0.335,0.0,unavailable_no_point_in_time_source,True,983.26,983.2556762695312,2025-12-31,980.77099609375,-0.2527,0,2026-01-02,984.398681640625,0.1162,1.0,2026-01-06,971.3787231445312,-1.2079,0.0,2026-01-13,943.2019653320312,-4.0736,0.0,0,1,1,0,1,1,-0.2531,1,0.0,0.0,1.0,0.0,0.0,0.1158,0.0,1.0,1.0,0.0,1.0,1.0,-1.2084,1.0,1.0,1.0,0.0,1.0,1.0,-4.074,1.0,55-60,55-60
BEL.NS|2025-12-30|ensemble_lr0.20_rf0.30_xgb0.50,BEL.NS,2025-12-30,ensemble_lr0.20_rf0.30_xgb0.50,2024-12-31,2025-12-30,2025-12-29,2025-01-27,2025-12-29,2025-12-30,228,2025-12-30,False,0,0.5144927536231884,0.4225106360880998,0.48,0.39755359292030334,0.42727892367777165,0,57.27,0.42727892367777165,0,57.27,SELL,0.3975,-0.2051,Bearish,0.0,0.0,unavailable_no_point_in_time_source,True,391.1,391.1017761230469,2025-12-31,397.3666076660156,1.6018,1,2026-01-02,400.8967590332031,2.5045,1.0,2026-01-06,410.7911682128906,5.0343,1.0,2026-01-13,411.3878173828125,5.1869,1.0,1,0,0,0,1,0,1.6023,0,0.0,0.0,0.0,1.0,0.0,2.5049,0.0,0.0,0.0,0.0,1.0,0.0,5.0348,0.0,0.0,0.0,0.0,1.0,0.0,5.1874,0.0,55-60,55-60
BPCL.NS|2025-12-30|ensemble_lr0.20_rf0.30_xgb0.50,BPCL.NS,2025-12-30,ensemble_lr0.20_rf0.30_xgb0.50,2024-12-31,2025-12-30,2025-12-29,2025-01-27,2025-12-29,2025-12-30,228,2025-12-30,False,0,0.5217391304347826,0.6283702999748899,0.44,0.20235654711723328,0.35885233355359464,0,64.11,0.35885233355359464,0,64.11,HOLD,0.5614,0.1229,Sideways,0.835,0.0,unavailable_no_point_in_time_source,True,359.36,359.3628234863281,2025-12-31,373.46502685546875,3.9242,1,2026-01-02,370.9849853515625,3.2341,1.0,2026-01-06,360.6271667480469,0.3518,1.0,2026-01-13,345.35791015625,-3.8972,0.0,0,0,0,0,0,0,3.925,0,0.0,0.0,0.0,0.0,0.0,3.2349,0.0,0.0,0.0,0.0,0.0,1.0,0.3526,1.0,1.0,1.0,1.0,1.0,0.0,-3.8964,0.0,60-65,60-65
AARTIIND.NS|2026-01-06|ensemble_lr0.20_rf0.30_xgb0.50,AARTIIND.NS,2026-01-06,ensemble_lr0.20_rf0.30_xgb0.50,2025-01-07,2026-01-06,2026-01-05,2025-02-01,2026-01-05,2026-01-06,228,2026-01-06,False,0,0.5,0.40870739277051776,0.56,0.3257453441619873,0.4126141506350972,0,58.74,0.4126141506350972,0,58.74,HOLD,0.4556,-0.0889,Sideways,0.165,0.0,unavailable_no_point_in_time_source,True,374.31,374.305908203125,2026-01-07,375.15423583984375,0.2266,1,2026-01-09,360.9324951171875,-3.5729,0.0,2026-01-13,362.2798156738281,-3.2129,0.0,2026-01-21,339.3254699707031,-9.3454,0.0,1,0,0,0,1,1,0.2255,1,1.0,1.0,1.0,0.0,0.0,-3.5739,0.0,1.0,1.0,1.0,0.0,0.0,-3.214,0.0,1.0,1.0,1.0,0.0,0.0,-9.3464,0.0,55-60,55-60
ABCAPITAL.NS|2026-01-06|ensemble_lr0.20_rf0.30_xgb0.50,ABCAPITAL.NS,2026-01-06,ensemble_lr0.20_rf0.30_xgb0.50,2025-01-07,2026-01-06,2026-01-05,2025-02-01,2026-01-05,2026-01-06,228,2026-01-06,False,1,0.5507246376811594,0.3608808099029852,0.28,0.21706385910511017,0.2647080915331521,0,73.53,0.2647080915331521,0,73.53,BUY,0.6408,0.2815,Bullish,1.0,0.0,unavailable_no_point_in_time_source,True,360.65,360.6499938964844,2026-01-07,361.1000061035156,0.1248,1,2026-01-09,353.8500061035156,-1.8855,0.0,2026-01-13,350.8500061035156,-2.7173,0.0,2026-01-21,346.25,-3.9928,0.0,0,0,0,1,0,1,0.1248,1,1.0,1.0,0.0,1.0,0.0,-1.8855,0.0,1.0,1.0,0.0,1.0,0.0,-2.7173,0.0,1.0,1.0,0.0,1.0,0.0,-3.9928,0.0,70-75,70-75
ABFRL.NS|2026-01-06|ensemble_lr0.20_rf0.30_xgb0.50,ABFRL.NS,2026-01-06,ensemble_lr0.20_rf0.30_xgb0.50,2025-01-07,2026-01-06,2026-01-05,2025-02-01,2026-01-05,2026-01-06,228,2026-01-06,False,0,0.463768115942029,0.46568838169540355,0.48,0.36186280846595764,0.4180690805720595,0,58.19,0.4180690805720595,0,58.19,HOLD,0.441,-0.118,Sideways,-0.165,0.0,unavailable_no_point_in_time_source,True,77.45,77.44999694824219,2026-01-07,77.29000091552734,-0.2066,0,2026-01-09,74.54000091552734,-3.7573,0.0,2026-01-13,73.31999969482422,-5.3325,0.0,2026-01-21,64.72000122070312,-16.4364,0.0,1,1,1,1,0,1,-0.2066,1,1.0,1.0,1.0,0.0,0.0,-3.7573,0.0,1.0,1.0,1.0,0.0,0.0,-5.3325,0.0,1.0,1.0,1.0,0.0,0.0,-16.4364,0.0,55-60,55-60
ADANIENT.NS|2026-01-06|ensemble_lr0.20_rf0.30_xgb0.50,ADANIENT.NS,2026-01-06,ensemble_lr0.20_rf0.30_xgb0.50,2025-01-07,2026-01-06,2026-01-05,2025-02-01,2026-01-05,2026-01-06,228,2026-01-06,False,0,0.4420289855072464,0.7614623863347164,0.4,0.5738242864608765,0.5592046204973815,1,55.92,0.5592046204973815,1,55.92,HOLD,0.5232,0.0464,Sideways,-0.335,0.0,unavailable_no_point_in_time_source,True,2258.09,2258.090576171875,2026-01-07,2273.083740234375,0.664,1,2026-01-09,2152.737548828125,-4.6656,0.0,2026-01-13,2157.535400390625,-4.4531,0.0,2026-01-21,2031.291748046875,-10.0438,0.0,0,1,1,0,0,1,0.664,1,0.0,0.0,1.0,1.0,0.0,-4.6656,0.0,0.0,0.0,1.0,1.0,0.0,-4.4531,0.0,0.0,0.0,1.0,1.0,0.0,-10.0438,0.0,55-60,55-60
ADANIPORTS.NS|2026-01-06|ensemble_lr0.20_rf0.30_xgb0.50,ADANIPORTS.NS,2026-01-06,ensemble_lr0.20_rf0.30_xgb0.50,2025-01-07,2026-01-06,2026-01-05,2025-02-01,2026-01-05,2026-01-06,228,2026-01-06,False,1,0.4927536231884058,0.42528039520071226,0.52,0.4160141050815582,0.4490631315809216,0,55.09,0.4490631315809216,0,55.09,HOLD,0.4521,-0.0958,Sideways,-0.165,0.0,unavailable_no_point_in_time_source,True,1467.02,1467.017333984375,2026-01-07,1459.1505126953125,-0.5362,0,2026-01-09,1429.8739013671875,-2.5319,0.0,2026-01-13,1422.6044921875,-3.0274,0.0,2026-01-21,1372.8143310546875,-6.4214,0.0,0,1,1,0,1,1,-0.5364,1,1.0,1.0,0.0,1.0,1.0,-2.5321,1.0,1.0,1.0,0.0,1.0,0.0,-3.0276,0.0,1.0,1.0,0.0,1.0,0.0,-6.4216,0.0,55-60,55-60
ANGELONE.NS|2026-01-06|ensemble_lr0.20_rf0.30_xgb0.50,ANGELONE.NS,2026-01-06,ensemble_lr0.20_rf0.30_xgb0.50,2025-01-07,2026-01-06,2026-01-05,2025-02-01,2026-01-05,2026-01-06,228,2026-01-06,False,1,0.48550724637681153,0.6110890058224876,0.66,0.5276437997817993,0.5840397010553973,1,58.4,0.5840397010553973,1,58.4,SELL,0.4052,-0.1896,Bearish,-0.67,0.0,unavailable_no_point_in_time_source,True,236.56,236.56344604492188,2026-01-07,242.38111877441406,2.4592,1,2026-01-09,228.9307861328125,-3.2265,0.0,2026-01-13,239.31040954589844,1.1612,1.0,2026-01-21,250.5816192626953,5.9258,1.0,1,1,1,1,1,0,2.4607,0,0.0,0.0,0.0,0.0,1.0,-3.2251,1.0,1.0,1.0,1.0,1.0,0.0,1.1627,0.0,1.0,1.0,1.0,1.0,0.0,5.9273,0.0,55-60,55-60
ASIANPAINT.NS|2026-01-06|ensemble_lr0.20_rf0.30_xgb0.50,ASIANPAINT.NS,2026-01-06,ensemble_lr0.20_rf0.30_xgb0.50,2025-01-07,2026-01-06,2026-01-05,2025-02-01,2026-01-05,2026-01-06,228,2026-01-06,False,1,0.49275362318840576,0.9147890653084694,0.56,0.6865744590759277,0.6942450425996578,1,69.42,0.6942450425996578,1,69.42,BUY,0.6744,0.3488,Sideways,0.835,0.0,unavailable_no_point_in_time_source,True,2821.32,2821.322265625,2026-01-07,2785.235107421875,-1.2791,0,2026-01-09,2801.19677734375,-0.7133,0.0,2026-01-13,2861.473876953125,1.4231,1.0,2026-01-21,2638.2109375,-6.4903,0.0,1,0,0,0,0,0,-1.279,0,0.0,0.0,0.0,0.0,0.0,-0.7133,0.0,1.0,1.0,1.0,1.0,1.0,1.4232,1.0,0.0,0.0,0.0,0.0,0.0,-6.4902,0.0,65-70,65-70
AXISBANK.NS|2026-01-06|ensemble_lr0.20_rf0.30_xgb0.50,AXISBANK.NS,2026-01-06,ensemble_lr0.20_rf0.30_xgb0.50,2025-01-07,2026-01-06,2026-01-05,2025-02-01,2026-01-05,2026-01-06,228,2026-01-06,False,0,0.4710144927536232,0.4896123289025284,0.66,0.768044650554657,0.6799447910578342,1,67.99,0.6799447910578342,1,67.99,STRONG BUY,0.7575,0.5151,Bullish,1.0,0.0,unavailable_no_point_in_time_source,True,1292.8,1292.802978515625,2026-01-07,1294.501708984375,0.1314,1,2026-01-09,1271.019775390625,-1.685,0.0,2026-01-13,1261.0274658203125,-2.4579,0.0,2026-01-21,1283.9097900390625,-0.6879,0.0,1,1,1,0,1,1,0.1316,1,0.0,0.0,1.0,0.0,0.0,-1.6847,0.0,0.0,0.0,1.0,0.0,0.0,-2.4577,0.0,0.0,0.0,1.0,0.0,0.0,-0.6877,0.0,65-70,65-70
BAJFINANCE.NS|2026-01-06|ensemble_lr0.20_rf0.30_xgb0.50,BAJFINANCE.NS,2026-01-06,ensemble_lr0.20_rf0.30_xgb0.50,2025-01-07,2026-01-06,2026-01-05,2025-02-01,2026-01-05,2026-01-06,228,2026-01-06,False,1,0.4565217391304348,0.4127812500248052,0.48,0.7174888253211975,0.5853006626655598,1,58.53,0.5853006626655598,1,58.53,HOLD,0.5116,0.0232,Sideways,-0.335,0.0,unavailable_no_point_in_time_source,True,971.38,971.3787231445312,2026-01-07,962.8809814453125,-0.8748,0,2026-01-09,953.7371215820312,-1.8161,0.0,2026-01-13,943.2019653320312,-2.9007,0.0,2026-01-21,930.5298461914062,-4.2052,0.0,0,0,0,0,1,1,-0.8749,1,0.0,0.0,0.0,1.0,1.0,-1.8163,1.0,0.0,0.0,0.0,1.0,1.0,-2.9008,1.0,0.0,0.0,0.0,1.0,0.0,-4.2054,0.0,55-60,55-60
BEL.NS|2026-01-06|ensemble_lr0.20_rf0.30_xgb0.50,BEL.NS,2026-01-06,ensemble_lr0.20_rf0.30_xgb0.50,2025-01-07,2026-01-06,2026-01-05,2025-02-01,2026-01-05,2026-01-06,228,2026-01-06,False,0,0.5362318840579711,0.4616205489680126,0.34,0.41511136293411255,0.4018797912606588,0,59.81,0.4018797912606588,0,59.81,HOLD,0.5229,0.0459,Bullish,0.335,0.0,unavailable_no_point_in_time_source,True,410.79,410.7911682128906,2026-01-07,413.3268737792969,0.6173,1,2026-01-09,416.31011962890625,1.3435,1.0,2026-01-13,411.3878173828125,0.1452,1.0,2026-01-21,400.3995361328125,-2.5297,0.0,0,0,0,0,0,1,0.6176,1,0.0,0.0,0.0,0.0,1.0,1.3438,1.0,0.0,0.0,0.0,0.0,1.0,0.1455,1.0,1.0,1.0,1.0,1.0,1.0,-2.5294,1.0,55-60,55-60
ABFRL.NS|2026-01-13|ensemble_lr0.20_rf0.30_xgb0.50,ABFRL.NS,2026-01-13,ensemble_lr0.20_rf0.30_xgb0.50,2025-01-14,2026-01-13,2026-01-12,2025-02-07,2026-01-12,2026-01-13,228,2026-01-13,False,0,0.5,0.5130956114403307,0.5,0.8346246480941772,0.6699314463351548,1,66.99,0.6699314463351548,1,66.99,HOLD,0.4773,-0.0454,High Volatility,-0.665,0.0,unavailable_no_point_in_time_source,True,73.32,73.31999969482422,2026-01-14,72.80000305175781,-0.7092,0,2026-01-19,71.88999938964844,-1.9504,0.0,2026-01-21,64.72000122070312,-11.7294,0.0,2026-01-29,64.31999969482422,-12.275,0.0,0,0,0,1,1,1,-0.7092,1,0.0,0.0,1.0,1.0,1.0,-1.9504,1.0,0.0,0.0,1.0,1.0,0.0,-11.7294,0.0,0.0,0.0,1.0,1.0,0.0,-12.275,0.0,65-70,65-70
ASHOKLEY.NS|2026-01-13|ensemble_lr0.20_rf0.30_xgb0.50,ASHOKLEY.NS,2026-01-13,ensemble_lr0.20_rf0.30_xgb0.50,2025-01-14,2026-01-13,2026-01-12,2025-02-07,2026-01-12,2026-01-13,228,2026-01-13,False,1,0.5144927536231885,0.7654480189502182,0.22,0.18027754127979279,0.30922837442994006,0,69.08,0.30922837442994006,0,69.08,BUY,0.6152,0.2304,Bullish,0.665,0.0,unavailable_no_point_in_time_source,True,182.59,182.5852813720703,2026-01-14,183.7553253173828,0.6408,1,2026-01-19,184.8270263671875,1.2278,1.0,2026-01-21,178.20008850097656,-2.4017,0.0,2026-01-29,190.8050537109375,4.5019,1.0,0,0,0,1,0,1,0.6382,1,0.0,0.0,1.0,0.0,1.0,1.2252,1.0,1.0,1.0,0.0,1.0,0.0,-2.4042,0.0,0.0,0.0,1.0,0.0,1.0,4.4992,1.0,65-70,65-70
AUBANK.NS|2026-01-13|ensemble_lr0.20_rf0.30_xgb0.50,AUBANK.NS,2026-01-13,ensemble_lr0.20_rf0.30_xgb0.50,2025-01-14,2026-01-13,2026-01-12,2025-02-07,2026-01-12,2026-01-13,228,2026-01-13,False,1,0.5579710144927537,0.16042257457439724,0.26,0.13409480452537537,0.17713191717756713,0,82.29,0.17713191717756713,0,82.29,HOLD,0.5072,0.0144,Sideways,0.5,0.0,unavailable_no_point_in_time_source,True,971.01,971.0070190429688,2026-01-14,975.4027099609375,0.4527,1,2026-01-19,1019.95947265625,5.0414,1.0,2026-01-21,993.934814453125,2.3612,1.0,2026-01-29,986.9415893554688,1.641,1.0,0,0,0,1,0,1,0.4524,1,0.0,0.0,1.0,0.0,0.0,5.0411,0.0,0.0,0.0,1.0,0.0,1.0,2.3609,1.0,0.0,0.0,1.0,0.0,1.0,1.6407,1.0,80-85,80-85
BAJAJFINSV.NS|2026-01-13|ensemble_lr0.20_rf0.30_xgb0.50,BAJAJFINSV.NS,2026-01-13,ensemble_lr0.20_rf0.30_xgb0.50,2025-01-14,2026-01-13,2026-01-12,2025-02-07,2026-01-12,2026-01-13,228,2026-01-13,False,0,0.572463768115942,0.6170004752280662,0.74,0.7684141397476196,0.7296071649194231,1,72.96,0.7296071649194231,1,72.96,HOLD,0.5032,0.0063,Sideways,-0.165,0.0,unavailable_no_point_in_time_source,True,2009.49,2009.4852294921875,2026-01-14,1999.194091796875,-0.5121,0,2026-01-19,2016.0797119140625,0.3282,1.0,2026-01-21,1958.22900390625,-2.5507,0.0,2026-01-29,1946.4390869140625,-3.1374,0.0,1,0,0,1,0,1,-0.5124,1,1.0,1.0,0.0,1.0,1.0,0.3279,1.0,0.0,0.0,1.0,0.0,1.0,-2.5509,1.0,0.0,0.0,1.0,0.0,0.0,-3.1377,0.0,70-75,70-75
BEL.NS|2026-01-13|ensemble_lr0.20_rf0.30_xgb0.50,BEL.NS,2026-01-13,ensemble_lr0.20_rf0.30_xgb0.50,2025-01-14,2026-01-13,2026-01-12,2025-02-07,2026-01-12,2026-01-13,228,2026-01-13,False,0,0.572463768115942,0.37234397600461316,0.32,0.20623339712619781,0.2735854937640215,0,72.64,0.2735854937640215,0,72.64,HOLD,0.5507,0.1014,Bullish,0.165,0.0,unavailable_no_point_in_time_source,True,411.39,411.3878173828125,2026-01-14,415.2660217285156,0.9427,1,2026-01-19,410.4927978515625,-0.2176,0.0,2026-01-21,400.3995361328125,-2.671,0.0,2026-01-29,442.0156555175781,7.445,1.0,0,0,0,0,0,1,0.9422,1,1.0,1.0,1.0,1.0,1.0,-0.2181,1.0,1.0,1.0,1.0,1.0,1.0,-2.6715,1.0,0.0,0.0,0.0,0.0,0.0,7.4444,0.0,70-75,70-75
ABCAPITAL.NS|2026-01-21|ensemble_lr0.20_rf0.30_xgb0.50,ABCAPITAL.NS,2026-01-21,ensemble_lr0.20_rf0.30_xgb0.50,2025-01-22,2026-01-21,2026-01-19,2025-02-17,2026-01-20,2026-01-21,227,2026-01-21,False,1,0.5362318840579711,0.5893019151358788,0.66,0.803913950920105,0.7178173584872283,1,71.78,0.7178173584872283,1,71.78,HOLD,0.5487,0.0975,Bearish,0.165,0.0,unavailable_no_point_in_time_source,True,346.25,346.25,2026-01-22,354.5,2.3827,1,2026-01-27,348.8999938964844,0.7653,1.0,2026-01-29,344.29998779296875,-0.5632,0.0,2026-02-05,344.6499938964844,-0.4621,0.0,0,1,1,1,0,1,2.3827,1,1.0,1.0,1.0,0.0,1.0,0.7653,1.0,0.0,0.0,0.0,1.0,1.0,-0.5632,1.0,0.0,0.0,0.0,1.0,1.0,-0.4621,1.0,70-75,70-75
ABFRL.NS|2026-01-21|ensemble_lr0.20_rf0.30_xgb0.50,ABFRL.NS,2026-01-21,ensemble_lr0.20_rf0.30_xgb0.50,2025-01-22,2026-01-21,2026-01-19,2025-02-17,2026-01-20,2026-01-21,227,2026-01-21,False,0,0.47826086956521735,0.42888541497151095,0.42,0.2983645498752594,0.3609593579319319,0,63.9,0.3609593579319319,0,63.9,SELL,0.359,-0.282,High Volatility,-0.665,0.0,unavailable_no_point_in_time_source,True,64.72,64.72000122070312,2026-01-22,63.689998626708984,-1.5915,0,2026-01-27,61.869998931884766,-4.4036,0.0,2026-01-29,64.31999969482422,-0.618,0.0,2026-02-05,70.88999938964844,9.5334,1.0,0,1,1,1,1,1,-1.5915,1,1.0,1.0,1.0,1.0,1.0,-4.4036,1.0,1.0,1.0,1.0,1.0,1.0,-0.618,1.0,0.0,0.0,0.0,0.0,0.0,9.5334,0.0,60-65,60-65
ADANIENT.NS|2026-01-21|ensemble_lr0.20_rf0.30_xgb0.50,ADANIENT.NS,2026-01-21,ensemble_lr0.20_rf0.30_xgb0.50,2025-01-22,2026-01-21,2026-01-19,2025-02-17,2026-01-20,2026-01-21,227,2026-01-21,False,0,0.4202898550724638,0.7871956807684132,0.46,0.5485255122184753,0.5697018922629203,1,56.97,0.5697018922629203,1,56.97,SELL,0.3962,-0.2076,Bearish,-1.0,0.0,unavailable_no_point_in_time_source,True,2031.29,2031.291748046875,2026-01-22,2085.467529296875,2.6671,1,2026-01-27,1958.624267578125,-3.5774,0.0,2026-01-29,2018.2974853515625,-0.6397,0.0,2026-02-05,2235.6005859375,10.0581,1.0,0,1,1,0,0,0,2.6671,0,0.0,0.0,1.0,1.0,1.0,-3.5773,1.0,0.0,0.0,1.0,1.0,1.0,-0.6396,1.0,1.0,1.0,0.0,0.0,0.0,10.0582,0.0,55-60,55-60
ANGELONE.NS|2026-01-21|ensemble_lr0.20_rf0.30_xgb0.50,ANGELONE.NS,2026-01-21,ensemble_lr0.20_rf0.30_xgb0.50,2025-01-22,2026-01-21,2026-01-19,2025-02-17,2026-01-20,2026-01-21,227,2026-01-21,False,1,0.47826086956521735,0.46841777561305503,0.56,0.24864479899406433,0.38600595461964315,0,61.4,0.38600595461964315,0,61.4,HOLD,0.472,-0.056,High Volatility,0.33,0.0,unavailable_no_point_in_time_source,True,250.58,250.5816192626953,2026-01-22,254.015869140625,1.3705,1,2026-01-27,251.6900634765625,0.4423,1.0,2026-01-29,256.17340087890625,2.2315,1.0,2026-02-05,261.77508544921875,4.467,1.0,0,0,0,1,0,1,1.3712,1,0.0,0.0,1.0,0.0,1.0,0.443,1.0,0.0,0.0,1.0,0.0,1.0,2.2322,1.0,0.0,0.0,1.0,0.0,0.0,4.4677,0.0,60-65,60-65
APOLLOTYRE.NS|2026-01-21|ensemble_lr0.20_rf0.30_xgb0.50,APOLLOTYRE.NS,2026-01-21,ensemble_lr0.20_rf0.30_xgb0.50,2025-01-22,2026-01-21,2026-01-19,2025-02-17,2026-01-20,2026-01-21,227,2026-01-21,False,0,0.391304347826087,0.4486554195682637,0.44,0.19667458534240723,0.3200683765848564,0,67.99,0.3200683765848564,0,67.99,SELL,0.4101,-0.1798,Sideways,-0.165,0.0,unavailable_no_point_in_time_source,True,495.69,495.6925354003906,2026-01-22,497.5193176269531,0.3685,1,2026-01-27,500.5803527832031,0.9861,1.0,2026-01-29,485.5713195800781,-2.0418,0.0,2026-02-05,501.4690246582031,1.1653,1.0,0,0,0,0,0,0,0.369,0,0.0,0.0,0.0,0.0,0.0,0.9866,0.0,1.0,1.0,1.0,1.0,1.0,-2.0413,1.0,0.0,0.0,0.0,0.0,0.0,1.1659,0.0,65-70,65-70
ASHOKLEY.NS|2026-01-21|ensemble_lr0.20_rf0.30_xgb0.50,ASHOKLEY.NS,2026-01-21,ensemble_lr0.20_rf0.30_xgb0.50,2025-01-22,2026-01-21,2026-01-19,2025-02-17,2026-01-20,2026-01-21,227,2026-01-21,False,1,0.48550724637681153,0.7758065178758246,0.84,0.8665348887443542,0.840428747947342,1,84.04,0.840428747947342,1,84.04,BUY,0.6329,0.2658,Sideways,0.5,0.0,unavailable_no_point_in_time_source,True,178.2,178.20008850097656,2026-01-22,187.0884552001953,4.9879,1,2026-01-27,189.76283264160156,6.4886,1.0,2026-01-29,190.8050537109375,7.0735,1.0,2026-02-05,198.12026977539062,11.1785,1.0,1,1,1,1,1,1,4.9879,1,1.0,1.0,1.0,1.0,1.0,6.4887,1.0,1.0,1.0,1.0,1.0,1.0,7.0735,1.0,1.0,1.0,1.0,1.0,1.0,11.1786,1.0,80-85,80-85
ASIANPAINT.NS|2026-01-21|ensemble_lr0.20_rf0.30_xgb0.50,ASIANPAINT.NS,2026-01-21,ensemble_lr0.20_rf0.30_xgb0.50,2025-01-22,2026-01-21,2026-01-19,2025-02-17,2026-01-20,2026-01-21,227,2026-01-21,False,1,0.45652173913043476,0.3492045902909426,0.22,0.47047922015190125,0.37108052813413916,0,62.89,0.37108052813413916,0,62.89,HOLD,0.4366,-0.1268,Sideways,-0.335,0.0,unavailable_no_point_in_time_source,True,2638.21,2638.2109375,2026-01-22,2680.543701171875,1.6046,1,2026-01-27,2600.240478515625,-1.4393,0.0,2026-01-29,2395.218994140625,-9.2105,0.0,2026-02-05,2411.1806640625,-8.6055,0.0,0,0,0,1,0,1,1.6046,1,1.0,1.0,0.0,1.0,1.0,-1.4392,1.0,1.0,1.0,0.0,1.0,0.0,-9.2104,0.0,1.0,1.0,0.0,1.0,0.0,-8.6054,0.0,60-65,60-65
AUBANK.NS|2026-01-21|ensemble_lr0.20_rf0.30_xgb0.50,AUBANK.NS,2026-01-21,ensemble_lr0.20_rf0.30_xgb0.50,2025-01-22,2026-01-21,2026-01-19,2025-02-17,2026-01-20,2026-01-21,227,2026-01-21,False,1,0.5217391304347826,0.48155620405338756,0.28,0.19764330983161926,0.27913289572648714,0,72.09,0.27913289572648714,0,72.09,HOLD,0.5663,0.1325,Bullish,0.5,0.0,unavailable_no_point_in_time_source,True,993.93,993.934814453125,2026-01-22,999.5792846679688,0.5679,1,2026-01-27,962.6151733398438,-3.1511,0.0,2026-01-29,986.9415893554688,-0.7036,0.0,2026-02-05,985.0433959960938,-0.8946,0.0,0,0,0,1,0,1,0.5684,1,1.0,1.0,0.0,1.0,0.0,-3.1506,0.0,1.0,1.0,0.0,1.0,1.0,-0.7031,1.0,1.0,1.0,0.0,1.0,1.0,-0.8941,1.0,70-75,70-75
BAJAJFINSV.NS|2026-01-21|ensemble_lr0.20_rf0.30_xgb0.50,BAJAJFINSV.NS,2026-01-21,ensemble_lr0.20_rf0.30_xgb0.50,2025-01-22,2026-01-21,2026-01-19,2025-02-17,2026-01-20,2026-01-21,227,2026-01-21,False,0,0.5434782608695653,0.6838095064050599,0.8,0.7640002369880676,0.7587620197750458,1,75.88,0.7587620197750458,1,75.88,HOLD,0.4978,-0.0044,Sideways,-0.5,0.0,unavailable_no_point_in_time_source,True,1958.23,1958.22900390625,2026-01-22,1991.400634765625,1.694,1,2026-01-27,1916.06494140625,-2.1532,0.0,2026-01-29,1946.4390869140625,-0.6021,0.0,2026-02-05,1998.394775390625,2.0511,1.0,1,1,1,0,1,1,1.6939,1,0.0,0.0,1.0,0.0,1.0,-2.1532,1.0,0.0,0.0,1.0,0.0,1.0,-0.6021,1.0,1.0,1.0,0.0,1.0,1.0,2.0511,1.0,75-80,75-80
BEL.NS|2026-01-21|ensemble_lr0.20_rf0.30_xgb0.50,BEL.NS,2026-01-21,ensemble_lr0.20_rf0.30_xgb0.50,2025-01-22,2026-01-21,2026-01-19,2025-02-17,2026-01-20,2026-01-21,227,2026-01-21,False,0,0.49275362318840576,0.3534320307510927,0.58,0.7165191769599915,0.6029459946302143,1,60.29,0.6029459946302143,1,60.29,HOLD,0.5325,0.065,Sideways,-0.165,0.0,unavailable_no_point_in_time_source,True,400.4,400.3995361328125,2026-01-22,414.9676513671875,3.6384,1,2026-01-27,413.6252136230469,3.3031,1.0,2026-01-29,442.0156555175781,10.3936,1.0,2026-02-05,430.48046875,7.5127,1.0,0,1,1,0,0,0,3.6383,0,1.0,1.0,0.0,0.0,0.0,3.303,0.0,1.0,1.0,0.0,0.0,0.0,10.3935,0.0,1.0,1.0,0.0,0.0,0.0,7.5126,0.0,60-65,60-65
BPCL.NS|2026-01-21|ensemble_lr0.20_rf0.30_xgb0.50,BPCL.NS,2026-01-21,ensemble_lr0.20_rf0.30_xgb0.50,2025-01-22,2026-01-21,2026-01-19,2025-02-17,2026-01-20,2026-01-21,227,2026-01-21,False,0,0.5144927536231884,0.3183870678084806,0.4,0.457977831363678,0.4126663292435351,0,58.73,0.4126663292435351,0,58.73,HOLD,0.4381,-0.1239,Sideways,-0.335,0.0,unavailable_no_point_in_time_source,True,342.29,342.2943115234375,2026-01-22,344.4339599609375,0.6251,1,2026-01-27,347.59478759765625,1.5485,1.0,2026-01-29,356.8828125,4.262,1.0,2026-02-05,382.04998779296875,11.6145,1.0,0,0,0,0,0,1,0.6264,1,0.0,0.0,0.0,0.0,1.0,1.5498,1.0,0.0,0.0,0.0,0.0,0.0,4.2633,0.0,0.0,0.0,0.0,0.0,0.0,11.6159,0.0,55-60,55-60
ABFRL.NS|2026-01-29|ensemble_lr0.20_rf0.30_xgb0.50,ABFRL.NS,2026-01-29,ensemble_lr0.20_rf0.30_xgb0.50,2025-01-30,2026-01-29,2026-01-26,2025-02-25,2026-01-28,2026-01-29,226,2026-01-29,False,0,0.43478260869565216,0.24202461671249495,0.34,0.2703954875469208,0.2856026671159594,0,71.44,0.2856026671159594,0,71.44,SELL,0.3289,-0.3423,High Volatility,-0.665,0.0,unavailable_no_point_in_time_source,True,64.32,64.31999969482422,2026-01-30,66.41000366210938,3.2494,1,2026-02-03,65.73999786376953,2.2077,1.0,2026-02-05,70.88999938964844,10.2146,1.0,2026-02-12,70.04000091552734,8.893,1.0,0,0,0,0,0,0,3.2494,0,0.0,0.0,0.0,0.0,0.0,2.2077,0.0,0.0,0.0,0.0,0.0,0.0,10.2146,0.0,0.0,0.0,0.0,0.0,0.0,8.893,0.0,70-75,70-75
ADANIENT.NS|2026-01-29|ensemble_lr0.20_rf0.30_xgb0.50,ADANIENT.NS,2026-01-29,ensemble_lr0.20_rf0.30_xgb0.50,2025-01-30,2026-01-29,2026-01-26,2025-02-25,2026-01-28,2026-01-29,226,2026-01-29,False,0,0.4710144927536232,0.7214158320011681,0.8,0.9284078478813171,0.8484870903408922,1,84.85,0.8484870903408922,1,84.85,HOLD,0.4357,-0.1286,High Volatility,-1.0,0.0,unavailable_no_point_in_time_source,True,2018.3,2018.2974853515625,2026-01-30,2019.4970703125,0.0594,1,2026-02-03,2201.61572265625,9.0828,1.0,2026-02-05,2235.6005859375,10.7667,1.0,2026-02-12,2210.8115234375,9.5384,1.0,1,1,1,0,1,1,0.0593,1,1.0,1.0,0.0,1.0,0.0,9.0827,0.0,1.0,1.0,0.0,1.0,0.0,10.7665,0.0,1.0,1.0,0.0,1.0,0.0,9.5383,0.0,80-85,80-85
ADANIPORTS.NS|2026-01-29|ensemble_lr0.20_rf0.30_xgb0.50,ADANIPORTS.NS,2026-01-29,ensemble_lr0.20_rf0.30_xgb0.50,2025-01-30,2026-01-29,2026-01-26,2025-02-25,2026-01-28,2026-01-29,226,2026-01-29,False,1,0.5144927536231884,0.6296622627440873,0.84,0.9301111102104187,0.8429880076540268,1,84.3,0.8429880076540268,1,84.3,HOLD,0.4956,-0.0087,Bearish,-0.335,0.0,unavailable_no_point_in_time_source,True,1411.85,1411.849853515625,2026-01-30,1413.8414306640625,0.1411,1,2026-02-03,1524.3756103515625,7.9701,1.0,2026-02-05,1563.6102294921875,10.749,1.0,2026-02-12,1537.221435546875,8.88,1.0,1,1,1,1,1,1,0.1411,1,1.0,1.0,1.0,1.0,0.0,7.9701,0.0,1.0,1.0,1.0,1.0,0.0,10.749,0.0,1.0,1.0,1.0,1.0,0.0,8.8799,0.0,80-85,80-85
APOLLOTYRE.NS|2026-01-29|ensemble_lr0.20_rf0.30_xgb0.50,APOLLOTYRE.NS,2026-01-29,ensemble_lr0.20_rf0.30_xgb0.50,2025-01-30,2026-01-29,2026-01-26,2025-02-25,2026-01-28,2026-01-29,226,2026-01-29,False,0,0.47826086956521746,0.43854932952024894,0.46,0.7285951972007751,0.5900074645044373,1,59.0,0.5900074645044373,1,59.0,HOLD,0.517,0.034,Sideways,-0.165,0.0,unavailable_no_point_in_time_source,True,485.57,485.5713195800781,2026-01-30,485.96630859375,0.0813,1,2026-02-03,498.55609130859375,2.6741,1.0,2026-02-05,501.4690246582031,3.274,1.0,2026-02-12,495.9139404296875,2.13,1.0,0,1,1,0,0,1,0.0816,1,1.0,1.0,0.0,0.0,1.0,2.6744,1.0,1.0,1.0,0.0,0.0,0.0,3.2743,0.0,1.0,1.0,0.0,0.0,1.0,2.1303,1.0,55-60,55-60
ASHOKLEY.NS|2026-01-29|ensemble_lr0.20_rf0.30_xgb0.50,ASHOKLEY.NS,2026-01-29,ensemble_lr0.20_rf0.30_xgb0.50,2025-01-30,2026-01-29,2026-01-26,2025-02-25,2026-01-28,2026-01-29,226,2026-01-29,False,1,0.4855072463768116,0.8074768114178389,0.62,0.4581812620162964,0.576585993291716,1,57.66,0.576585993291716,1,57.66,BUY,0.7116,0.4231,Bullish,0.665,0.0,unavailable_no_point_in_time_source,True,190.81,190.8050537109375,2026-01-30,193.3909454345703,1.3553,1,2026-02-03,196.51760864257812,2.9939,1.0,2026-02-05,198.12026977539062,3.8339,1.0,2026-02-12,207.4805908203125,8.7396,1.0,0,1,1,1,0,1,1.3526,1,1.0,1.0,1.0,0.0,1.0,2.9913,1.0,1.0,1.0,1.0,0.0,1.0,3.8312,1.0,1.0,1.0,1.0,0.0,1.0,8.7367,1.0,55-60,55-60
AXISBANK.NS|2026-01-29|ensemble_lr0.20_rf0.30_xgb0.50,AXISBANK.NS,2026-01-29,ensemble_lr0.20_rf0.30_xgb0.50,2025-01-30,2026-01-29,2026-01-26,2025-02-25,2026-01-28,2026-01-29,226,2026-01-29,False,0,0.463768115942029,0.12756152855691158,0.58,0.7031748294830322,0.5510997204528985,1,55.11,0.5510997204528985,1,55.11,STRONG BUY,0.783,0.5661,Bullish,1.0,0.0,unavailable_no_point_in_time_source,True,1362.65,1362.6490478515625,2026-01-30,1369.343994140625,0.4913,1,2026-02-03,1355.15478515625,-0.55,0.0,2026-02-05,1329.5745849609375,-2.4272,0.0,2026-02-12,1338.9674072265625,-1.7379,0.0,1,1,1,0,1,1,0.4912,1,0.0,0.0,1.0,0.0,0.0,-0.55,0.0,0.0,0.0,1.0,0.0,0.0,-2.4273,0.0,0.0,0.0,1.0,0.0,0.0,-1.738,0.0,55-60,55-60
BAJAJFINSV.NS|2026-01-29|ensemble_lr0.20_rf0.30_xgb0.50,BAJAJFINSV.NS,2026-01-29,ensemble_lr0.20_rf0.30_xgb0.50,2025-01-30,2026-01-29,2026-01-26,2025-02-25,2026-01-28,2026-01-29,226,2026-01-29,False,0,0.5072463768115942,0.6296604076420199,0.68,0.7661578059196472,0.7130109844882276,1,71.3,0.7130109844882276,1,71.3,HOLD,0.4912,-0.0176,Sideways,-0.5,0.0,unavailable_no_point_in_time_source,True,1946.44,1946.4390869140625,2026-01-30,1950.9351806640625,0.231,1,2026-02-03,2010.9840087890625,3.3161,1.0,2026-02-05,1998.394775390625,2.6693,1.0,2026-02-12,2035.3631591796875,4.5686,1.0,1,1,1,0,1,1,0.2309,1,1.0,1.0,0.0,1.0,0.0,3.316,0.0,1.0,1.0,0.0,1.0,1.0,2.6692,1.0,1.0,1.0,0.0,1.0,0.0,4.5685,0.0,70-75,70-75
BAJFINANCE.NS|2026-01-29|ensemble_lr0.20_rf0.30_xgb0.50,BAJFINANCE.NS,2026-01-29,ensemble_lr0.20_rf0.30_xgb0.50,2025-01-30,2026-01-29,2026-01-26,2025-02-25,2026-01-28,2026-01-29,226,2026-01-29,False,1,0.3913043478260869,0.5481401205885669,0.32,0.2628130316734314,0.3370345399544291,0,66.3,0.3370345399544291,0,66.3,SELL,0.3217,-0.3567,Bearish,-0.335,0.0,unavailable_no_point_in_time_source,True,929.44,929.4365844726562,2026-01-30,924.1688842773438,-0.5668,0,2026-02-03,958.5078735351562,3.1278,1.0,2026-02-05,958.855712890625,3.1653,1.0,2026-02-12,992.995849609375,6.8385,1.0,0,1,1,0,1,1,-0.5671,1,0.0,0.0,1.0,0.0,0.0,3.1275,0.0,0.0,0.0,1.0,0.0,0.0,3.1649,0.0,0.0,0.0,1.0,0.0,0.0,6.8381,0.0,65-70,65-70
BEL.NS|2026-01-29|ensemble_lr0.20_rf0.30_xgb0.50,BEL.NS,2026-01-29,ensemble_lr0.20_rf0.30_xgb0.50,2025-01-30,2026-01-29,2026-01-26,2025-02-25,2026-01-28,2026-01-29,226,2026-01-29,False,0,0.5217391304347826,0.7293372091174815,0.46,0.6591863632202148,0.6134606234336037,1,61.35,0.6134606234336037,1,61.35,BUY,0.6926,0.3852,Sideways,0.665,0.0,unavailable_no_point_in_time_source,True,442.02,442.0156555175781,2026-01-30,446.4905090332031,1.0124,1,2026-02-03,436.4966735839844,-1.2486,0.0,2026-02-05,430.48046875,-2.6097,0.0,2026-02-12,441.4189758300781,-0.135,0.0,0,1,1,0,0,1,1.0114,1,0.0,0.0,1.0,1.0,0.0,-1.2496,0.0,0.0,0.0,1.0,1.0,0.0,-2.6106,0.0,0.0,0.0,1.0,1.0,0.0,-0.136,0.0,60-65,60-65
ABCAPITAL.NS|2026-02-05|ensemble_lr0.20_rf0.30_xgb0.50,ABCAPITAL.NS,2026-02-05,ensemble_lr0.20_rf0.30_xgb0.50,2025-02-06,2026-02-05,2026-02-02,2025-03-06,2026-02-04,2026-02-05,225,2026-02-05,False,1,0.5407407407407407,0.7241441084960197,0.48,0.691977858543396,0.6348177509709019,1,63.48,0.6348177509709019,1,63.48,HOLD,0.576,0.1519,High Volatility,0.0,0.0,unavailable_no_point_in_time_source,True,344.65,344.6499938964844,2026-02-06,347.75,0.8995,1,2026-02-10,353.75,2.6404,1.0,2026-02-12,344.6499938964844,0.0,0.0,2026-02-19,344.29998779296875,-0.1016,0.0,0,1,1,1,0,1,0.8995,1,1.0,1.0,1.0,0.0,1.0,2.6404,1.0,0.0,0.0,0.0,1.0,1.0,-0.0,1.0,0.0,0.0,0.0,1.0,1.0,-0.1016,1.0,60-65,60-65
ABFRL.NS|2026-02-05|ensemble_lr0.20_rf0.30_xgb0.50,ABFRL.NS,2026-02-05,ensemble_lr0.20_rf0.30_xgb0.50,2025-02-06,2026-02-05,2026-02-02,2025-03-06,2026-02-04,2026-02-05,225,2026-02-05,False,0,0.48148148148148145,0.3468505769964622,0.7,0.6641331315040588,0.6114366811513219,1,61.14,0.6114366811513219,1,61.14,HOLD,0.5428,0.0855,High Volatility,-0.165,0.0,unavailable_no_point_in_time_source,True,70.89,70.88999938964844,2026-02-06,68.81999969482422,-2.92,0,2026-02-10,72.98999786376953,2.9623,1.0,2026-02-12,70.04000091552734,-1.199,0.0,2026-02-19,70.08000183105469,-1.1426,0.0,1,0,0,1,0,1,-2.92,1,1.0,1.0,0.0,1.0,1.0,2.9623,1.0,0.0,0.0,1.0,0.0,1.0,-1.199,1.0,0.0,0.0,1.0,0.0,1.0,-1.1426,1.0,60-65,60-65
ANGELONE.NS|2026-02-05|ensemble_lr0.20_rf0.30_xgb0.50,ANGELONE.NS,2026-02-05,ensemble_lr0.20_rf0.30_xgb0.50,2025-02-06,2026-02-05,2026-02-02,2025-03-06,2026-02-04,2026-02-05,225,2026-02-05,False,1,0.3925925925925926,0.40885261956420826,0.26,0.42543068528175354,0.3724858665537184,0,62.75,0.3724858665537184,0,62.75,HOLD,0.5415,0.0831,High Volatility,0.33,0.0,unavailable_no_point_in_time_source,True,261.78,261.77508544921875,2026-02-06,261.47821044921875,-0.1134,0,2026-02-10,275.43292236328125,5.2174,1.0,2026-02-12,272.3648681640625,4.0454,1.0,2026-02-19,248.3745880126953,-5.1191,0.0,0,1,1,0,1,1,-0.1153,1,0.0,0.0,1.0,0.0,0.0,5.2154,0.0,0.0,0.0,1.0,0.0,0.0,4.0434,0.0,1.0,1.0,0.0,1.0,0.0,-5.1209,0.0,60-65,60-65
AUBANK.NS|2026-02-05|ensemble_lr0.20_rf0.30_xgb0.50,AUBANK.NS,2026-02-05,ensemble_lr0.20_rf0.30_xgb0.50,2025-02-06,2026-02-05,2026-02-02,2025-03-06,2026-02-04,2026-02-05,225,2026-02-05,False,1,0.5037037037037037,0.5169037583661401,0.54,0.7311182022094727,0.6309398527779644,1,63.09,0.6309398527779644,1,63.09,BUY,0.6407,0.2814,Bullish,0.165,0.0,unavailable_no_point_in_time_source,True,985.04,985.0433959960938,2026-02-06,990.0885009765625,0.5122,1,2026-02-10,1000.1787109375,1.5365,1.0,2026-02-12,999.6292114257812,1.4807,1.0,2026-02-19,1016.063232421875,3.1491,1.0,1,1,1,1,1,1,0.5125,1,1.0,1.0,1.0,1.0,1.0,1.5369,1.0,1.0,1.0,1.0,1.0,1.0,1.4811,1.0,1.0,1.0,1.0,1.0,1.0,3.1494,1.0,60-65,60-65
BAJAJFINSV.NS|2026-02-05|ensemble_lr0.20_rf0.30_xgb0.50,BAJAJFINSV.NS,2026-02-05,ensemble_lr0.20_rf0.30_xgb0.50,2025-02-06,2026-02-05,2026-02-02,2025-03-06,2026-02-04,2026-02-05,225,2026-02-05,False,0,0.48148148148148145,0.3694614937828461,0.42,0.2787140905857086,0.33924934404942353,0,66.08,0.33924934404942353,0,66.08,HOLD,0.4406,-0.1188,Sideways,0.0,0.0,unavailable_no_point_in_time_source,True,1998.39,1998.394775390625,2026-02-06,2022.47412109375,1.2049,1,2026-02-10,2026.1710205078125,1.3899,1.0,2026-02-12,2035.3631591796875,1.8499,1.0,2026-02-19,2031.4664306640625,1.6549,1.0,0,0,0,0,0,1,1.2052,1,0.0,0.0,0.0,0.0,1.0,1.3902,1.0,0.0,0.0,0.0,0.0,1.0,1.8501,1.0,0.0,0.0,0.0,0.0,1.0,1.6552,1.0,65-70,65-70
BAJFINANCE.NS|2026-02-05|ensemble_lr0.20_rf0.30_xgb0.50,BAJFINANCE.NS,2026-02-05,ensemble_lr0.20_rf0.30_xgb0.50,2025-02-06,2026-02-05,2026-02-02,2025-03-06,2026-02-04,2026-02-05,225,2026-02-05,False,1,0.4296296296296296,0.6455023591267063,0.5,0.6212611794471741,0.5897310615489283,1,58.97,0.5897310615489283,1,58.97,HOLD,0.5694,0.1388,Sideways,0.0,0.0,unavailable_no_point_in_time_source,True,958.86,958.855712890625,2026-02-06,975.7021484375,1.7569,1,2026-02-10,959.7005004882812,0.0881,1.0,2026-02-12,992.995849609375,3.5605,1.0,2026-02-19,1010.836181640625,5.4211,1.0,1,1,1,1,1,1,1.7565,1,1.0,1.0,1.0,1.0,1.0,0.0877,1.0,1.0,1.0,1.0,1.0,0.0,3.56,0.0,1.0,1.0,1.0,1.0,0.0,5.4206,0.0,55-60,55-60
BEL.NS|2026-02-05|ensemble_lr0.20_rf0.30_xgb0.50,BEL.NS,2026-02-05,ensemble_lr0.20_rf0.30_xgb0.50,2025-02-06,2026-02-05,2026-02-02,2025-03-06,2026-02-04,2026-02-05,225,2026-02-05,False,0,0.5259259259259259,0.644560663171753,0.38,0.15332558751106262,0.31957492638988194,0,68.04,0.31957492638988194,0,68.04,HOLD,0.5476,0.0951,High Volatility,0.835,0.0,unavailable_no_point_in_time_source,True,430.48,430.48046875,2026-02-06,427.2486267089844,-0.7508,0,2026-02-10,434.8558654785156,1.0164,1.0,2026-02-12,441.4189758300781,2.541,1.0,2026-02-19,432.9167785644531,0.566,1.0,0,1,1,1,1,1,-0.7506,1,0.0,0.0,0.0,0.0,1.0,1.0165,1.0,0.0,0.0,0.0,0.0,1.0,2.5411,1.0,0.0,0.0,0.0,0.0,1.0,0.5661,1.0,65-70,65-70
ABCAPITAL.NS|2026-02-12|ensemble_lr0.20_rf0.30_xgb0.50,ABCAPITAL.NS,2026-02-12,ensemble_lr0.20_rf0.30_xgb0.50,2025-02-13,2026-02-12,2026-02-09,2025-03-13,2026-02-11,2026-02-12,225,2026-02-12,False,1,0.5407407407407407,0.822017276180812,0.74,0.6623212099075317,0.7175640601899282,1,71.76,0.7175640601899282,1,71.76,HOLD,0.5402,0.0805,High Volatility,-0.165,0.0,unavailable_no_point_in_time_source,True,344.65,344.6499938964844,2026-02-13,336.20001220703125,-2.4518,0,2026-02-17,348.95001220703125,1.2476,1.0,2026-02-19,344.29998779296875,-0.1016,0.0,2026-02-26,356.1499938964844,3.3367,1.0,1,0,0,0,0,1,-2.4518,1,1.0,1.0,1.0,1.0,1.0,1.2476,1.0,0.0,0.0,0.0,0.0,1.0,-0.1016,1.0,1.0,1.0,1.0,1.0,0.0,3.3367,0.0,70-75,70-75
ABFRL.NS|2026-02-12|ensemble_lr0.20_rf0.30_xgb0.50,ABFRL.NS,2026-02-12,ensemble_lr0.20_rf0.30_xgb0.50,2025-02-13,2026-02-12,2026-02-09,2025-03-13,2026-02-11,2026-02-12,225,2026-02-12,False,0,0.5111111111111111,0.3547811645869332,0.3,0.20116357505321503,0.26153802044399416,0,73.85,0.26153802044399416,0,73.85,HOLD,0.4255,-0.1489,High Volatility,-0.165,0.0,unavailable_no_point_in_time_source,True,70.04,70.04000091552734,2026-02-13,73.80000305175781,5.3684,1,2026-02-17,72.06999969482422,2.8983,1.0,2026-02-19,70.08000183105469,0.0571,1.0,2026-02-26,68.55000305175781,-2.1274,0.0,0,0,0,0,0,0,5.3684,0,0.0,0.0,0.0,0.0,1.0,2.8983,1.0,0.0,0.0,0.0,0.0,1.0,0.0571,1.0,1.0,1.0,1.0,1.0,1.0,-2.1274,1.0,70-75,70-75
ADANIENT.NS|2026-02-12|ensemble_lr0.20_rf0.30_xgb0.50,ADANIENT.NS,2026-02-12,ensemble_lr0.20_rf0.30_xgb0.50,2025-02-13,2026-02-12,2026-02-09,2025-03-13,2026-02-11,2026-02-12,225,2026-02-12,False,0,0.5481481481481482,0.20319299909956956,0.62,0.7051610946655273,0.5792191471526775,1,57.92,0.5792191471526775,1,57.92,HOLD,0.5789,0.1578,Bullish,-0.335,0.0,unavailable_no_point_in_time_source,True,2210.81,2210.8115234375,2026-02-13,2135.645263671875,-3.3999,0,2026-02-17,2241.8974609375,1.4061,1.0,2026-02-19,2155.736083984375,-2.4912,0.0,2026-02-26,2215.409423828125,0.208,1.0,0,0,0,1,1,0,-3.3999,0,1.0,1.0,0.0,0.0,1.0,1.4062,1.0,0.0,0.0,1.0,1.0,1.0,-2.4911,1.0,1.0,1.0,0.0,0.0,1.0,0.208,1.0,55-60,55-60
ADANIPORTS.NS|2026-02-12|ensemble_lr0.20_rf0.30_xgb0.50,ADANIPORTS.NS,2026-02-12,ensemble_lr0.20_rf0.30_xgb0.50,2025-02-13,2026-02-12,2026-02-09,2025-03-13,2026-02-11,2026-02-12,225,2026-02-12,False,1,0.5703703703703704,0.5205328789831555,0.24,0.16485118865966797,0.25853217012646507,0,74.15,0.25853217012646507,0,74.15,HOLD,0.5653,0.1306,Sideways,0.5,0.0,unavailable_no_point_in_time_source,True,1537.22,1537.221435546875,2026-02-13,1512.6251220703125,-1.6001,0,2026-02-17,1559.7266845703125,1.464,1.0,2026-02-19,1506.9490966796875,-1.9693,0.0,2026-02-26,1544.092529296875,0.447,1.0,0,1,1,0,1,1,-1.6,1,0.0,0.0,1.0,0.0,1.0,1.4641,1.0,1.0,1.0,0.0,1.0,1.0,-1.9692,1.0,0.0,0.0,1.0,0.0,1.0,0.4471,1.0,70-75,70-75
APOLLOTYRE.NS|2026-02-12|ensemble_lr0.20_rf0.30_xgb0.50,APOLLOTYRE.NS,2026-02-12,ensemble_lr0.20_rf0.30_xgb0.50,2025-02-13,2026-02-12,2026-02-09,2025-03-13,2026-02-11,2026-02-12,225,2026-02-12,False,0,0.5037037037037037,0.5699519740672144,0.56,0.5631345510482788,0.5635576703375823,1,56.36,0.5635576703375823,1,56.36,HOLD,0.5509,0.1017,High Volatility,0.165,0.0,unavailable_no_point_in_time_source,True,495.91,495.9139404296875,2026-02-13,486.86566162109375,-1.8246,0,2026-02-17,475.6796569824219,-4.0802,0.0,2026-02-19,459.7209167480469,-7.2982,0.0,2026-02-26,458.2294616699219,-7.599,0.0,0,0,0,1,1,1,-1.8238,1,0.0,0.0,1.0,1.0,0.0,-4.0794,0.0,0.0,0.0,1.0,1.0,0.0,-7.2975,0.0,0.0,0.0,1.0,1.0,0.0,-7.5983,0.0,55-60,55-60
ASIANPAINT.NS|2026-02-12|ensemble_lr0.20_rf0.30_xgb0.50,ASIANPAINT.NS,2026-02-12,ensemble_lr0.20_rf0.30_xgb0.50,2025-02-13,2026-02-12,2026-02-09,2025-03-13,2026-02-11,2026-02-12,225,2026-02-12,False,1,0.4962962962962963,0.567293233800402,0.34,0.30610886216163635,0.3685130778408986,0,63.15,0.3685130778408986,0,63.15,STRONG SELL,0.2754,-0.4492,Bearish,-0.5,0.0,unavailable_no_point_in_time_source,True,2389.77,2389.766357421875,2026-02-13,2346.045654296875,-1.8295,0,2026-02-17,2416.434814453125,1.1159,1.0,2026-02-19,2380.14990234375,-0.4024,0.0,2026-02-26,2374.300537109375,-0.6472,0.0,1,1,1,0,0,1,-1.8296,1,0.0,0.0,1.0,1.0,0.0,1.1158,0.0,1.0,1.0,0.0,0.0,1.0,-0.4026,1.0,1.0,1.0,0.0,0.0,1.0,-0.6473,1.0,60-65,60-65
AUBANK.NS|2026-02-12|ensemble_lr0.20_rf0.30_xgb0.50,AUBANK.NS,2026-02-12,ensemble_lr0.20_rf0.30_xgb0.50,2025-02-13,2026-02-12,2026-02-09,2025-03-13,2026-02-11,2026-02-12,225,2026-02-12,False,1,0.5481481481481482,0.6098062227176518,0.14,0.11717163771390915,0.22254706340048494,0,77.75,0.22254706340048494,0,77.75,HOLD,0.524,0.0481,Sideways,0.5,0.0,unavailable_no_point_in_time_source,True,999.63,999.6292114257812,2026-02-13,993.934814453125,-0.5697,0,2026-02-17,998.780029296875,-0.0849,0.0,2026-02-19,1016.063232421875,1.644,1.0,2026-02-26,971.7562866210938,-2.7883,0.0,1,1,1,0,0,1,-0.5697,1,1.0,1.0,0.0,0.0,1.0,-0.085,1.0,0.0,0.0,1.0,1.0,1.0,1.6439,1.0,1.0,1.0,0.0,0.0,1.0,-2.7884,1.0,75-80,75-80
AXISBANK.NS|2026-02-12|ensemble_lr0.20_rf0.30_xgb0.50,AXISBANK.NS,2026-02-12,ensemble_lr0.20_rf0.30_xgb0.50,2025-02-13,2026-02-12,2026-02-09,2025-03-13,2026-02-11,2026-02-12,225,2026-02-12,False,1,0.48148148148148157,0.2005985914846809,0.34,0.8660945296287537,0.5751669831113131,1,57.52,0.5751669831113131,1,57.52,BUY,0.5951,0.1903,Sideways,0.5,0.0,unavailable_no_point_in_time_source,True,1338.97,1338.9674072265625,2026-02-13,1331.2733154296875,-0.5746,0,2026-02-17,1356.154052734375,1.2836,1.0,2026-02-19,1355.5545654296875,1.2388,1.0,2026-02-26,1394.424560546875,4.1418,1.0,0,0,0,0,1,0,-0.5748,0,1.0,1.0,1.0,0.0,1.0,1.2834,1.0,1.0,1.0,1.0,0.0,1.0,1.2386,1.0,1.0,1.0,1.0,0.0,1.0,4.1416,1.0,55-60,55-60
BAJAJFINSV.NS|2026-02-12|ensemble_lr0.20_rf0.30_xgb0.50,BAJAJFINSV.NS,2026-02-12,ensemble_lr0.20_rf0.30_xgb0.50,2025-02-13,2026-02-12,2026-02-09,2025-03-13,2026-02-11,2026-02-12,225,2026-02-12,False,1,0.45925925925925926,0.45050487723206645,0.32,0.275137335062027,0.3236696429774268,0,67.63,0.3236696429774268,0,67.63,HOLD,0.4375,-0.1251,Sideways,0.165,0.0,unavailable_no_point_in_time_source,True,2035.36,2035.3631591796875,2026-02-13,2021.4749755859375,-0.6823,0,2026-02-17,2042.656982421875,0.3584,1.0,2026-02-19,2031.4664306640625,-0.1915,0.0,2026-02-26,2039.5596923828125,0.2062,1.0,1,1,1,0,0,1,-0.6822,1,0.0,0.0,1.0,1.0,1.0,0.3585,1.0,1.0,1.0,0.0,0.0,1.0,-0.1913,1.0,0.0,0.0,1.0,1.0,1.0,0.2063,1.0,65-70,65-70
BEL.NS|2026-02-12|ensemble_lr0.20_rf0.30_xgb0.50,BEL.NS,2026-02-12,ensemble_lr0.20_rf0.30_xgb0.50,2025-02-13,2026-02-12,2026-02-09,2025-03-13,2026-02-11,2026-02-12,225,2026-02-12,False,0,0.5777777777777777,0.6920609686525016,0.54,0.274693101644516,0.4377587445527583,0,56.22,0.4377587445527583,0,56.22,BUY,0.6528,0.3056,Bullish,1.0,0.0,unavailable_no_point_in_time_source,True,441.42,441.4189758300781,2026-02-13,433.11566162109375,-1.8811,0,2026-02-17,444.3525085449219,0.6646,1.0,2026-02-19,432.9167785644531,-1.9261,0.0,2026-02-26,446.5401916503906,1.1602,1.0,1,1,1,1,0,0,-1.8813,0,0.0,0.0,0.0,1.0,1.0,0.6643,1.0,1.0,1.0,1.0,0.0,0.0,-1.9263,0.0,0.0,0.0,0.0,1.0,1.0,1.1599,1.0,55-60,55-60
AARTIIND.NS|2026-02-19|ensemble_lr0.20_rf0.30_xgb0.50,AARTIIND.NS,2026-02-19,ensemble_lr0.20_rf0.30_xgb0.50,2025-02-20,2026-02-19,2026-02-16,2025-03-21,2026-02-18,2026-02-19,226,2026-02-19,False,0,0.4710144927536232,0.5194572152148694,0.54,0.5863863229751587,0.5590846045305533,1,55.91,0.5590846045305533,1,55.91,BUY,0.7059,0.4119,High Volatility,0.665,0.0,unavailable_no_point_in_time_source,True,453.55,453.54840087890625,2026-02-20,449.75592041015625,-0.8362,0,2026-02-24,448.9076232910156,-1.0232,0.0,2026-02-26,454.7959289550781,0.2751,1.0,2026-03-06,418.5180358886719,-7.7236,0.0,0,0,0,1,1,0,-0.8365,0,0.0,0.0,1.0,1.0,0.0,-1.0236,0.0,1.0,1.0,0.0,0.0,1.0,0.2747,1.0,0.0,0.0,1.0,1.0,0.0,-7.7239,0.0,55-60,55-60
ABCAPITAL.NS|2026-02-19|ensemble_lr0.20_rf0.30_xgb0.50,ABCAPITAL.NS,2026-02-19,ensemble_lr0.20_rf0.30_xgb0.50,2025-02-20,2026-02-19,2026-02-16,2025-03-21,2026-02-18,2026-02-19,226,2026-02-19,False,1,0.48550724637681153,0.7259786442334181,0.64,0.7729969620704651,0.7236942098819161,1,72.37,0.7236942098819161,1,72.37,BUY,0.6065,0.2129,High Volatility,0.165,0.0,unavailable_no_point_in_time_source,True,344.3,344.29998779296875,2026-02-20,344.8500061035156,0.1597,1,2026-02-24,349.29998779296875,1.4522,1.0,2026-02-26,356.1499938964844,3.4418,1.0,2026-03-06,326.54998779296875,-5.1554,0.0,0,1,1,1,0,1,0.1597,1,1.0,1.0,1.0,0.0,1.0,1.4522,1.0,1.0,1.0,1.0,0.0,1.0,3.4418,1.0,0.0,0.0,0.0,1.0,0.0,-5.1554,0.0,70-75,70-75
ABFRL.NS|2026-02-19|ensemble_lr0.20_rf0.30_xgb0.50,ABFRL.NS,2026-02-19,ensemble_lr0.20_rf0.30_xgb0.50,2025-02-20,2026-02-19,2026-02-16,2025-03-21,2026-02-18,2026-02-19,226,2026-02-19,False,0,0.4565217391304348,0.3544284059592537,0.62,0.7008658051490784,0.6073185837663899,1,60.73,0.6073185837663899,1,60.73,HOLD,0.5576,0.1153,High Volatility,-0.165,0.0,unavailable_no_point_in_time_source,True,70.08,70.08000183105469,2026-02-20,69.8499984741211,-0.3282,0,2026-02-24,68.80000305175781,-1.8265,0.0,2026-02-26,68.55000305175781,-2.1832,0.0,2026-03-06,62.41999816894531,-10.9304,0.0,0,0,0,1,1,1,-0.3282,1,0.0,0.0,1.0,1.0,1.0,-1.8265,1.0,0.0,0.0,1.0,1.0,1.0,-2.1832,1.0,0.0,0.0,1.0,1.0,0.0,-10.9304,0.0,60-65,60-65
ADANIENT.NS|2026-02-19|ensemble_lr0.20_rf0.30_xgb0.50,ADANIENT.NS,2026-02-19,ensemble_lr0.20_rf0.30_xgb0.50,2025-02-20,2026-02-19,2026-02-16,2025-03-21,2026-02-18,2026-02-19,226,2026-02-19,False,0,0.5289855072463768,0.4280528334219761,0.4,0.17010082304477692,0.29066097820678366,0,70.93,0.29066097820678366,0,70.93,SELL,0.3988,-0.2024,High Volatility,-0.335,0.0,unavailable_no_point_in_time_source,True,2155.74,2155.736083984375,2026-02-20,2159.83447265625,0.1901,1,2026-02-24,2182.0244140625,1.2195,1.0,2026-02-26,2215.409423828125,2.7681,1.0,2026-03-06,2038.9884033203125,-5.4157,0.0,0,0,0,0,0,0,0.1899,0,0.0,0.0,0.0,0.0,0.0,1.2193,0.0,0.0,0.0,0.0,0.0,0.0,2.7679,0.0,1.0,1.0,1.0,1.0,1.0,-5.4158,1.0,70-75,70-75
ANGELONE.NS|2026-02-19|ensemble_lr0.20_rf0.30_xgb0.50,ANGELONE.NS,2026-02-19,ensemble_lr0.20_rf0.30_xgb0.50,2025-02-20,2026-02-19,2026-02-16,2025-03-21,2026-02-18,2026-02-19,226,2026-02-19,False,1,0.4202898550724637,0.3350985500339683,0.42,0.4240913391113281,0.40506537956245775,0,59.49,0.40506537956245775,0,59.49,HOLD,0.4566,-0.0869,High Volatility,0.165,0.0,unavailable_no_point_in_time_source,True,248.37,248.3745880126953,2026-02-20,247.05828857421875,-0.53,0,2026-02-24,243.48548889160156,-1.9684,0.0,2026-02-26,243.96054077148438,-1.7772,0.0,2026-03-06,217.29806518554688,-12.512,0.0,0,1,1,0,1,1,-0.5281,1,1.0,1.0,0.0,1.0,1.0,-1.9666,1.0,1.0,1.0,0.0,1.0,1.0,-1.7754,1.0,1.0,1.0,0.0,1.0,0.0,-12.5103,0.0,55-60,55-60
APOLLOTYRE.NS|2026-02-19|ensemble_lr0.20_rf0.30_xgb0.50,APOLLOTYRE.NS,2026-02-19,ensemble_lr0.20_rf0.30_xgb0.50,2025-02-20,2026-02-19,2026-02-16,2025-03-21,2026-02-18,2026-02-19,226,2026-02-19,False,0,0.4275362318840579,0.5819270259567717,0.52,0.34603944420814514,0.4454051272954269,0,55.46,0.4454051272954269,0,55.46,SELL,0.3645,-0.2711,High Volatility,-0.665,0.0,unavailable_no_point_in_time_source,True,459.72,459.7209167480469,2026-02-20,452.7607421875,-1.514,0,2026-02-24,452.16412353515625,-1.6438,0.0,2026-02-26,458.2294616699219,-0.3244,0.0,2026-03-06,437.2494201660156,-4.8881,0.0,0,1,1,1,1,1,-1.5138,1,1.0,1.0,1.0,1.0,1.0,-1.6436,1.0,1.0,1.0,1.0,1.0,1.0,-0.3242,1.0,1.0,1.0,1.0,1.0,1.0,-4.8879,1.0,55-60,55-60
ASHOKLEY.NS|2026-02-19|ensemble_lr0.20_rf0.30_xgb0.50,ASHOKLEY.NS,2026-02-19,ensemble_lr0.20_rf0.30_xgb0.50,2025-02-20,2026-02-19,2026-02-16,2025-03-21,2026-02-18,2026-02-19,226,2026-02-19,False,1,0.5144927536231884,0.9273469642834599,0.54,0.7688073515892029,0.7318730686512934,1,73.19,0.7318730686512934,1,73.19,BUY,0.7046,0.4092,Bullish,0.5,0.0,unavailable_no_point_in_time_source,True,200.08,200.07688903808594,2026-02-20,205.3470001220703,2.634,1,2026-02-24,206.65467834472656,3.2876,1.0,2026-02-26,208.36549377441406,4.1427,1.0,2026-03-06,191.4048309326172,-4.3344,0.0,0,1,1,1,0,1,2.6324,1,1.0,1.0,1.0,0.0,1.0,3.286,1.0,1.0,1.0,1.0,0.0,1.0,4.1411,1.0,0.0,0.0,0.0,1.0,0.0,-4.3359,0.0,70-75,70-75
ASTRAL.NS|2026-02-19|ensemble_lr0.20_rf0.30_xgb0.50,ASTRAL.NS,2026-02-19,ensemble_lr0.20_rf0.30_xgb0.50,2025-02-20,2026-02-19,2026-02-16,2025-03-21,2026-02-18,2026-02-19,226,2026-02-19,False,0,0.5434782608695653,0.19224580316622863,0.18,0.13686007261276245,0.16087919693962696,0,83.91,0.16087919693962696,0,83.91,BUY,0.6143,0.2285,Bullish,0.665,0.0,unavailable_no_point_in_time_source,True,1618.45,1618.4544677734375,2026-02-20,1634.0299072265625,0.9624,1,2026-02-24,1661.386962890625,2.6527,1.0,2026-02-26,1681.55517578125,3.8988,1.0,2026-03-06,1686.54736328125,4.2073,1.0,0,0,0,0,0,1,0.9626,1,0.0,0.0,0.0,0.0,1.0,2.653,1.0,0.0,0.0,0.0,0.0,1.0,3.8991,1.0,0.0,0.0,0.0,0.0,1.0,4.2076,1.0,80-85,80-85
AUBANK.NS|2026-02-19|ensemble_lr0.20_rf0.30_xgb0.50,AUBANK.NS,2026-02-19,ensemble_lr0.20_rf0.30_xgb0.50,2025-02-20,2026-02-19,2026-02-16,2025-03-21,2026-02-18,2026-02-19,226,2026-02-19,False,1,0.47826086956521746,0.5186004623126765,0.16,0.10818693041801453,0.20581355767154258,0,79.42,0.20581355767154258,0,79.42,HOLD,0.5585,0.1169,Bullish,0.5,0.0,unavailable_no_point_in_time_source,True,1016.06,1016.063232421875,2026-02-20,1028.651123046875,1.2389,1,2026-02-24,1001.2277221679688,-1.4601,0.0,2026-02-26,971.7562866210938,-4.3606,0.0,2026-03-06,963.3145141601562,-5.1915,0.0,0,0,0,1,0,1,1.2392,1,1.0,1.0,0.0,1.0,1.0,-1.4598,1.0,1.0,1.0,0.0,1.0,0.0,-4.3603,0.0,1.0,1.0,0.0,1.0,0.0,-5.1912,0.0,75-80,75-80
AXISBANK.NS|2026-02-19|ensemble_lr0.20_rf0.30_xgb0.50,AXISBANK.NS,2026-02-19,ensemble_lr0.20_rf0.30_xgb0.50,2025-02-20,2026-02-19,2026-02-16,2025-03-21,2026-02-18,2026-02-19,226,2026-02-19,False,0,0.5289855072463768,0.2850212758513586,0.38,0.25106364488601685,0.29653607761328016,0,70.35,0.29653607761328016,0,70.35,HOLD,0.5468,0.0935,Sideways,0.835,0.0,unavailable_no_point_in_time_source,True,1355.55,1355.5545654296875,2026-02-20,1367.24560546875,0.8625,1,2026-02-24,1386.5306396484375,2.2851,1.0,2026-02-26,1394.424560546875,2.8675,1.0,2026-03-06,1314.7860107421875,-3.0075,0.0,0,0,0,0,0,1,0.8628,1,0.0,0.0,0.0,0.0,1.0,2.2855,1.0,0.0,0.0,0.0,0.0,1.0,2.8678,1.0,1.0,1.0,1.0,1.0,0.0,-3.0072,0.0,70-75,70-75
BAJAJFINSV.NS|2026-02-19|ensemble_lr0.20_rf0.30_xgb0.50,BAJAJFINSV.NS,2026-02-19,ensemble_lr0.20_rf0.30_xgb0.50,2025-02-20,2026-02-19,2026-02-16,2025-03-21,2026-02-18,2026-02-19,226,2026-02-19,False,1,0.5,0.4082196473297821,0.28,0.2575324475765228,0.2944101532542178,0,70.56,0.2944101532542178,0,70.56,HOLD,0.4514,-0.0971,Sideways,0.165,0.0,unavailable_no_point_in_time_source,True,2031.47,2031.4664306640625,2026-02-20,2056.744873046875,1.2443,1,2026-02-24,2041.5579833984375,0.4968,1.0,2026-02-26,2039.5596923828125,0.3984,1.0,2026-03-06,1867.306640625,-8.0809,0.0,0,0,0,1,0,1,1.2442,1,0.0,0.0,1.0,0.0,1.0,0.4966,1.0,0.0,0.0,1.0,0.0,1.0,0.3982,1.0,1.0,1.0,0.0,1.0,0.0,-8.081,0.0,70-75,70-75
BAJFINANCE.NS|2026-02-19|ensemble_lr0.20_rf0.30_xgb0.50,BAJFINANCE.NS,2026-02-19,ensemble_lr0.20_rf0.30_xgb0.50,2025-02-20,2026-02-19,2026-02-16,2025-03-21,2026-02-18,2026-02-19,226,2026-02-19,False,1,0.44202898550724634,0.27994707382855294,0.4,0.2902272939682007,0.32110306174981096,0,67.89,0.32110306174981096,0,67.89,BUY,0.5951,0.1902,Bullish,0.335,0.0,unavailable_no_point_in_time_source,True,1010.84,1010.836181640625,2026-02-20,1023.90576171875,1.2929,1,2026-02-24,1017.2964477539062,0.6391,1.0,2026-02-26,1006.76123046875,-0.4031,0.0,2026-03-06,944.3945922851562,-6.5729,0.0,0,0,0,1,0,1,1.2926,1,0.0,0.0,1.0,0.0,1.0,0.6387,1.0,1.0,1.0,0.0,1.0,0.0,-0.4035,0.0,1.0,1.0,0.0,1.0,0.0,-6.5733,0.0,65-70,65-70
BEL.NS|2026-02-19|ensemble_lr0.20_rf0.30_xgb0.50,BEL.NS,2026-02-19,ensemble_lr0.20_rf0.30_xgb0.50,2025-02-20,2026-02-19,2026-02-16,2025-03-21,2026-02-18,2026-02-19,226,2026-02-19,False,0,0.5507246376811593,0.5984620459581874,0.72,0.9465631246566772,0.8089739715199761,1,80.9,0.8089739715199761,1,80.9,BUY,0.6833,0.3666,Bullish,0.5,0.0,unavailable_no_point_in_time_source,True,432.92,432.9167785644531,2026-02-20,438.6843566894531,1.3323,1,2026-02-24,432.6184387207031,-0.0689,0.0,2026-02-26,446.5401916503906,3.1469,1.0,2026-03-06,467.81494140625,8.0612,1.0,0,1,1,0,0,1,1.3315,1,0.0,0.0,1.0,1.0,0.0,-0.0697,0.0,1.0,1.0,0.0,0.0,1.0,3.1461,1.0,1.0,1.0,0.0,0.0,1.0,8.0604,1.0,80-85,80-85
BPCL.NS|2026-02-19|ensemble_lr0.20_rf0.30_xgb0.50,BPCL.NS,2026-02-19,ensemble_lr0.20_rf0.30_xgb0.50,2025-02-20,2026-02-19,2026-02-16,2025-03-21,2026-02-18,2026-02-19,226,2026-02-19,False,0,0.3913043478260869,0.38228366263149605,0.48,0.3028034269809723,0.37185844601678536,0,62.81,0.37185844601678536,0,62.81,HOLD,0.4506,-0.0987,Sideways,0.335,0.0,unavailable_no_point_in_time_source,True,367.65,367.6499938964844,2026-02-20,366.29998779296875,-0.3672,0,2026-02-24,374.45001220703125,1.8496,1.0,2026-02-26,386.0,4.9912,1.0,2026-03-06,352.75,-4.0528,0.0,0,1,1,1,1,1,-0.3672,1,0.0,0.0,0.0,0.0,1.0,1.8496,1.0,0.0,0.0,0.0,0.0,0.0,4.9912,0.0,1.0,1.0,1.0,1.0,0.0,-4.0528,0.0,60-65,60-65
AARTIIND.NS|2026-02-26|ensemble_lr0.20_rf0.30_xgb0.50,AARTIIND.NS,2026-02-26,ensemble_lr0.20_rf0.30_xgb0.50,2025-02-27,2026-02-26,2026-02-23,2025-03-27,2026-02-25,2026-02-26,227,2026-02-26,False,0,0.5217391304347826,0.3928655101661069,0.36,0.32719796895980835,0.35017208651312554,0,64.98,0.35017208651312554,0,64.98,HOLD,0.5415,0.083,High Volatility,0.33,0.0,unavailable_no_point_in_time_source,True,454.8,454.7959289550781,2026-02-27,446.26287841796875,-1.8762,0,2026-03-04,411.6816101074219,-9.4799,0.0,2026-03-06,418.5180358886719,-7.9767,0.0,2026-03-13,419.9152526855469,-7.6695,0.0,0,1,1,1,1,1,-1.8771,1,1.0,1.0,1.0,1.0,0.0,-9.4807,0.0,1.0,1.0,1.0,1.0,0.0,-7.9776,0.0,1.0,1.0,1.0,1.0,0.0,-7.6703,0.0,60-65,60-65
ABCAPITAL.NS|2026-02-26|ensemble_lr0.20_rf0.30_xgb0.50,ABCAPITAL.NS,2026-02-26,ensemble_lr0.20_rf0.30_xgb0.50,2025-02-27,2026-02-26,2026-02-23,2025-03-27,2026-02-25,2026-02-26,227,2026-02-26,False,1,0.5652173913043478,0.8028177789166991,0.56,0.5285193920135498,0.5928232517901147,1,59.28,0.5928232517901147,1,59.28,BUY,0.6142,0.2285,Sideways,0.33,0.0,unavailable_no_point_in_time_source,True,356.15,356.1499938964844,2026-02-27,344.45001220703125,-3.2851,0,2026-03-04,321.54998779296875,-9.715,0.0,2026-03-06,326.54998779296875,-8.3111,0.0,2026-03-13,310.75,-12.7474,0.0,1,0,0,0,0,0,-3.2851,0,0.0,0.0,0.0,0.0,0.0,-9.715,0.0,0.0,0.0,0.0,0.0,0.0,-8.3111,0.0,0.0,0.0,0.0,0.0,0.0,-12.7474,0.0,55-60,55-60
ABFRL.NS|2026-02-26|ensemble_lr0.20_rf0.30_xgb0.50,ABFRL.NS,2026-02-26,ensemble_lr0.20_rf0.30_xgb0.50,2025-02-27,2026-02-26,2026-02-23,2025-03-27,2026-02-25,2026-02-26,227,2026-02-26,False,0,0.4202898550724637,0.4026502031429009,0.34,0.3283213675022125,0.34669072437968645,0,65.33,0.34669072437968645,0,65.33,SELL,0.3546,-0.2907,High Volatility,-0.5,0.0,unavailable_no_point_in_time_source,True,68.55,68.55000305175781,2026-02-27,66.93000030517578,-2.3632,0,2026-03-04,64.08999633789062,-6.5062,0.0,2026-03-06,62.41999816894531,-8.9424,0.0,2026-03-13,59.279998779296875,-13.523,0.0,0,1,1,1,1,1,-2.3632,1,1.0,1.0,1.0,1.0,1.0,-6.5062,1.0,1.0,1.0,1.0,1.0,1.0,-8.9424,1.0,1.0,1.0,1.0,1.0,1.0,-13.523,1.0,65-70,65-70
ADANIENT.NS|2026-02-26|ensemble_lr0.20_rf0.30_xgb0.50,ADANIENT.NS,2026-02-26,ensemble_lr0.20_rf0.30_xgb0.50,2025-02-27,2026-02-26,2026-02-23,2025-03-27,2026-02-25,2026-02-26,227,2026-02-26,False,0,0.5797101449275363,0.4805051791750889,0.38,0.4661504626274109,0.4431762671487232,0,55.68,0.4431762671487232,0,55.68,HOLD,0.4615,-0.077,Sideways,-0.17,0.0,unavailable_no_point_in_time_source,True,2215.41,2215.409423828125,2026-02-27,2160.833984375,-2.4634,0,2026-03-04,2075.572021484375,-6.312,0.0,2026-03-06,2038.9884033203125,-7.9634,0.0,2026-03-13,1960.2235107421875,-11.5187,0.0,0,1,1,1,1,1,-2.4635,1,1.0,1.0,1.0,1.0,0.0,-6.3121,0.0,1.0,1.0,1.0,1.0,0.0,-7.9634,0.0,1.0,1.0,1.0,1.0,0.0,-11.5187,0.0,55-60,55-60
ADANIPORTS.NS|2026-02-26|ensemble_lr0.20_rf0.30_xgb0.50,ADANIPORTS.NS,2026-02-26,ensemble_lr0.20_rf0.30_xgb0.50,2025-02-27,2026-02-26,2026-02-23,2025-03-27,2026-02-25,2026-02-26,227,2026-02-26,False,1,0.572463768115942,0.6460818448753256,0.36,0.25246408581733704,0.36344841188373367,0,63.66,0.36344841188373367,0,63.66,HOLD,0.5191,0.0382,Sideways,0.335,0.0,unavailable_no_point_in_time_source,True,1544.09,1544.092529296875,2026-02-27,1514.61669921875,-1.9089,0,2026-03-04,1428.380126953125,-7.4939,0.0,2026-03-06,1471.29931640625,-4.7143,0.0,2026-03-13,1357.4788818359375,-12.0857,0.0,1,1,1,0,0,1,-1.9088,1,1.0,1.0,0.0,0.0,0.0,-7.4937,0.0,1.0,1.0,0.0,0.0,0.0,-4.7141,0.0,1.0,1.0,0.0,0.0,0.0,-12.0855,0.0,60-65,60-65
ASHOKLEY.NS|2026-02-26|ensemble_lr0.20_rf0.30_xgb0.50,ASHOKLEY.NS,2026-02-26,ensemble_lr0.20_rf0.30_xgb0.50,2025-02-27,2026-02-26,2026-02-23,2025-03-27,2026-02-25,2026-02-26,227,2026-02-26,False,1,0.6521739130434783,0.6855659010445547,0.74,0.4872625172138214,0.6027444388158216,1,60.27,0.6027444388158216,1,60.27,BUY,0.7125,0.4249,Bullish,0.665,0.0,unavailable_no_point_in_time_source,True,208.37,208.36549377441406,2026-02-27,207.5592498779297,-0.3869,0,2026-03-04,197.09771728515625,-5.4077,0.0,2026-03-06,191.4048309326172,-8.1399,0.0,2026-03-13,167.78770446777344,-19.4743,0.0,1,0,0,0,0,0,-0.3891,0,0.0,0.0,0.0,0.0,0.0,-5.4097,0.0,0.0,0.0,0.0,0.0,0.0,-8.1418,0.0,0.0,0.0,0.0,0.0,0.0,-19.4761,0.0,60-65,60-65
AUBANK.NS|2026-02-26|ensemble_lr0.20_rf0.30_xgb0.50,AUBANK.NS,2026-02-26,ensemble_lr0.20_rf0.30_xgb0.50,2025-02-27,2026-02-26,2026-02-23,2025-03-27,2026-02-25,2026-02-26,227,2026-02-26,False,1,0.4710144927536232,0.4547844097818293,0.32,0.4729028344154358,0.42340829916408373,0,57.66,0.42340829916408373,0,57.66,HOLD,0.4711,-0.0579,Sideways,0.0,0.0,unavailable_no_point_in_time_source,True,971.76,971.7562866210938,2026-02-27,957.4202270507812,-1.4753,0,2026-03-04,945.1820678710938,-2.7347,0.0,2026-03-06,963.3145141601562,-0.8687,0.0,2026-03-13,883.4920043945312,-9.083,0.0,0,1,1,0,1,1,-1.4756,1,1.0,1.0,0.0,1.0,1.0,-2.735,1.0,1.0,1.0,0.0,1.0,1.0,-0.8691,1.0,1.0,1.0,0.0,1.0,0.0,-9.0833,0.0,55-60,55-60
BPCL.NS|2026-02-26|ensemble_lr0.20_rf0.30_xgb0.50,BPCL.NS,2026-02-26,ensemble_lr0.20_rf0.30_xgb0.50,2025-02-27,2026-02-26,2026-02-23,2025-03-27,2026-02-25,2026-02-26,227,2026-02-26,False,0,0.43478260869565216,0.5128045941212414,0.44,0.37137335538864136,0.42024759651856897,0,57.98,0.42024759651856897,0,57.98,HOLD,0.5658,0.1317,Sideways,0.665,0.0,unavailable_no_point_in_time_source,True,386.0,386.0,2026-02-27,385.3999938964844,-0.1554,0,2026-03-04,356.3999938964844,-7.6684,0.0,2026-03-06,352.75,-8.614,0.0,2026-03-13,319.29998779296875,-17.2798,0.0,1,1,1,1,0,1,-0.1554,1,1.0,1.0,1.0,0.0,0.0,-7.6684,0.0,1.0,1.0,1.0,0.0,0.0,-8.614,0.0,1.0,1.0,1.0,0.0,0.0,-17.2798,0.0,55-60,55-60
AARTIIND.NS|2026-03-06|ensemble_lr0.20_rf0.30_xgb0.50,AARTIIND.NS,2026-03-06,ensemble_lr0.20_rf0.30_xgb0.50,2025-03-07,2026-03-06,2026-03-02,2025-04-07,2026-03-05,2026-03-06,226,2026-03-06,False,0,0.49999999999999994,0.8013189861771352,0.46,0.5560489892959595,0.5762882918834068,1,57.63,0.5762882918834068,1,57.63,BUY,0.5912,0.1823,High Volatility,0.0,0.0,unavailable_no_point_in_time_source,True,418.52,418.5180358886719,2026-03-09,408.4380798339844,-2.4085,0,2026-03-11,429.2966003417969,2.5754,1.0,2026-03-13,419.9152526855469,0.3338,1.0,2026-03-20,426.5021667480469,1.9077,1.0,0,0,0,1,1,0,-2.4089,0,1.0,1.0,0.0,0.0,1.0,2.5749,1.0,1.0,1.0,0.0,0.0,1.0,0.3334,1.0,1.0,1.0,0.0,0.0,1.0,1.9072,1.0,55-60,55-60
ABCAPITAL.NS|2026-03-06|ensemble_lr0.20_rf0.30_xgb0.50,ABCAPITAL.NS,2026-03-06,ensemble_lr0.20_rf0.30_xgb0.50,2025-03-07,2026-03-06,2026-03-02,2025-04-07,2026-03-05,2026-03-06,226,2026-03-06,False,1,0.5289855072463768,0.6437933370106518,0.34,0.6985516548156738,0.5800344948099673,1,58.0,0.5800344948099673,1,58.0,HOLD,0.4989,-0.0022,High Volatility,-0.335,0.0,unavailable_no_point_in_time_source,True,326.55,326.54998779296875,2026-03-09,324.29998779296875,-0.689,0,2026-03-11,323.79998779296875,-0.8421,0.0,2026-03-13,310.75,-4.8385,0.0,2026-03-20,311.25,-4.6853,0.0,0,0,0,0,1,1,-0.689,1,0.0,0.0,0.0,1.0,1.0,-0.8421,1.0,0.0,0.0,0.0,1.0,0.0,-4.8385,0.0,0.0,0.0,0.0,1.0,0.0,-4.6853,0.0,55-60,55-60
ABFRL.NS|2026-03-06|ensemble_lr0.20_rf0.30_xgb0.50,ABFRL.NS,2026-03-06,ensemble_lr0.20_rf0.30_xgb0.50,2025-03-07,2026-03-06,2026-03-02,2025-04-07,2026-03-05,2026-03-06,226,2026-03-06,False,0,0.39855072463768115,0.4731177397929246,0.64,0.6403817534446716,0.6068144246809207,1,60.68,0.6068144246809207,1,60.68,HOLD,0.4451,-0.1098,High Volatility,-0.665,0.0,unavailable_no_point_in_time_source,True,62.42,62.41999816894531,2026-03-09,60.58000183105469,-2.9478,0,2026-03-11,61.7400016784668,-1.0894,0.0,2026-03-13,59.279998779296875,-5.0304,0.0,2026-03-20,59.97999954223633,-3.909,0.0,0,0,0,1,1,1,-2.9478,1,0.0,0.0,1.0,1.0,1.0,-1.0894,1.0,0.0,0.0,1.0,1.0,0.0,-5.0304,0.0,0.0,0.0,1.0,1.0,0.0,-3.909,0.0,60-65,60-65
ADANIENT.NS|2026-03-06|ensemble_lr0.20_rf0.30_xgb0.50,ADANIENT.NS,2026-03-06,ensemble_lr0.20_rf0.30_xgb0.50,2025-03-07,2026-03-06,2026-03-02,2025-04-07,2026-03-05,2026-03-06,226,2026-03-06,False,0,0.5507246376811594,0.5303533118050108,0.6,0.6227462887763977,0.597443806749201,1,59.74,0.597443806749201,1,59.74,HOLD,0.4745,-0.0509,High Volatility,-0.835,0.0,unavailable_no_point_in_time_source,True,2038.99,2038.9884033203125,2026-03-09,1998.3065185546875,-1.9952,0,2026-03-11,1973.8173828125,-3.1962,0.0,2026-03-13,1960.2235107421875,-3.8629,0.0,2026-03-20,1926.23876953125,-5.5297,0.0,0,0,0,1,1,1,-1.9953,1,0.0,0.0,1.0,1.0,0.0,-3.1963,0.0,0.0,0.0,1.0,1.0,0.0,-3.863,0.0,0.0,0.0,1.0,1.0,0.0,-5.5298,0.0,55-60,55-60
ADANIPORTS.NS|2026-03-06|ensemble_lr0.20_rf0.30_xgb0.50,ADANIPORTS.NS,2026-03-06,ensemble_lr0.20_rf0.30_xgb0.50,2025-03-07,2026-03-06,2026-03-02,2025-04-07,2026-03-05,2026-03-06,226,2026-03-06,False,0,0.5289855072463768,0.7288103180544292,0.46,0.1804199069738388,0.37397201709780525,0,62.6,0.37397201709780525,0,62.6,HOLD,0.4607,-0.0786,High Volatility,-0.165,0.0,unavailable_no_point_in_time_source,True,1471.3,1471.29931640625,2026-03-09,1415.335205078125,-3.8037,0,2026-03-11,1404.8792724609375,-4.5144,0.0,2026-03-13,1357.4788818359375,-7.736,0.0,2026-03-20,1359.6697998046875,-7.5871,0.0,0,1,1,1,1,0,-3.8038,0,1.0,1.0,1.0,1.0,0.0,-4.5144,0.0,1.0,1.0,1.0,1.0,0.0,-7.7361,0.0,1.0,1.0,1.0,1.0,0.0,-7.5872,0.0,60-65,60-65
ANGELONE.NS|2026-03-06|ensemble_lr0.20_rf0.30_xgb0.50,ANGELONE.NS,2026-03-06,ensemble_lr0.20_rf0.30_xgb0.50,2025-03-07,2026-03-06,2026-03-02,2025-04-07,2026-03-05,2026-03-06,226,2026-03-06,False,1,0.5072463768115941,0.8098869527041671,0.54,0.6628251671791077,0.6553899741303872,1,65.54,0.6553899741303872,1,65.54,HOLD,0.4593,-0.0814,High Volatility,-0.665,0.0,unavailable_no_point_in_time_source,True,217.3,217.29806518554688,2026-03-09,216.70425415039062,-0.2733,0,2026-03-11,216.2786865234375,-0.4691,0.0,2026-03-13,213.35906982421875,-1.8127,0.0,2026-03-20,228.9369354248047,5.3562,1.0,0,0,0,0,1,1,-0.2742,1,0.0,0.0,0.0,1.0,1.0,-0.47,1.0,0.0,0.0,0.0,1.0,1.0,-1.8136,1.0,1.0,1.0,1.0,0.0,0.0,5.3552,0.0,65-70,65-70
APOLLOTYRE.NS|2026-03-06|ensemble_lr0.20_rf0.30_xgb0.50,APOLLOTYRE.NS,2026-03-06,ensemble_lr0.20_rf0.30_xgb0.50,2025-03-07,2026-03-06,2026-03-02,2025-04-07,2026-03-05,2026-03-06,226,2026-03-06,False,0,0.5289855072463768,0.3689660905091724,0.34,0.3702787756919861,0.3609326059478275,0,63.91,0.3609326059478275,0,63.91,SELL,0.3238,-0.3525,High Volatility,-0.835,0.0,unavailable_no_point_in_time_source,True,437.25,437.2494201660156,2026-03-09,428.1514587402344,-2.0807,0,2026-03-11,431.78070068359375,-1.2507,0.0,2026-03-13,398.02374267578125,-8.971,0.0,2026-03-20,418.4569091796875,-4.2979,0.0,0,1,1,1,1,1,-2.0809,1,1.0,1.0,1.0,1.0,1.0,-1.2508,1.0,1.0,1.0,1.0,1.0,1.0,-8.9711,1.0,1.0,1.0,1.0,1.0,1.0,-4.298,1.0,60-65,60-65
ASHOKLEY.NS|2026-03-06|ensemble_lr0.20_rf0.30_xgb0.50,ASHOKLEY.NS,2026-03-06,ensemble_lr0.20_rf0.30_xgb0.50,2025-03-07,2026-03-06,2026-03-02,2025-04-07,2026-03-05,2026-03-06,226,2026-03-06,False,1,0.6014492753623188,0.9535836406057514,0.78,0.9173808693885803,0.8834071628154404,1,88.34,0.8834071628154404,1,88.34,BUY,0.6334,0.2668,High Volatility,0.5,0.0,unavailable_no_point_in_time_source,True,191.4,191.4048309326172,2026-03-09,183.8044891357422,-3.9708,0,2026-03-11,181.56272888183594,-5.142,0.0,2026-03-13,167.78770446777344,-12.3388,0.0,2026-03-20,166.05723571777344,-13.2429,0.0,0,0,0,0,1,0,-3.9684,0,0.0,0.0,0.0,1.0,0.0,-5.1396,0.0,0.0,0.0,0.0,1.0,0.0,-12.3366,0.0,0.0,0.0,0.0,1.0,0.0,-13.2407,0.0,85-90,85-90
AUBANK.NS|2026-03-06|ensemble_lr0.20_rf0.30_xgb0.50,AUBANK.NS,2026-03-06,ensemble_lr0.20_rf0.30_xgb0.50,2025-03-07,2026-03-06,2026-03-02,2025-04-07,2026-03-05,2026-03-06,226,2026-03-06,False,1,0.5217391304347826,0.22415170336696688,0.54,0.7304254770278931,0.5720430791873399,1,57.2,0.5720430791873399,1,57.2,HOLD,0.5489,0.0978,High Volatility,-0.165,0.0,unavailable_no_point_in_time_source,True,963.31,963.3145141601562,2026-03-09,930.7461547851562,-3.3809,0,2026-03-11,917.509033203125,-4.755,0.0,2026-03-13,883.4920043945312,-8.2862,0.0,2026-03-20,900.6253662109375,-6.5077,0.0,0,0,0,0,1,0,-3.3804,0,0.0,0.0,0.0,1.0,0.0,-4.7545,0.0,0.0,0.0,0.0,1.0,0.0,-8.2858,0.0,0.0,0.0,0.0,1.0,0.0,-6.5072,0.0,55-60,55-60
AXISBANK.NS|2026-03-06|ensemble_lr0.20_rf0.30_xgb0.50,AXISBANK.NS,2026-03-06,ensemble_lr0.20_rf0.30_xgb0.50,2025-03-07,2026-03-06,2026-03-02,2025-04-07,2026-03-05,2026-03-06,226,2026-03-06,False,0,0.5869565217391304,0.6870211119126955,0.56,0.802044689655304,0.706426567210191,1,70.64,0.706426567210191,1,70.64,BUY,0.6111,0.2222,Sideways,0.335,0.0,unavailable_no_point_in_time_source,True,1314.79,1314.7860107421875,2026-03-09,1287.3072509765625,-2.09,0,2026-03-11,1254.832275390625,-4.56,0.0,2026-03-13,1196.3773193359375,-9.0059,0.0,2026-03-20,1202.9722900390625,-8.5043,0.0,0,0,0,1,1,0,-2.0903,0,0.0,0.0,1.0,1.0,0.0,-4.5603,0.0,0.0,0.0,1.0,1.0,0.0,-9.0062,0.0,0.0,0.0,1.0,1.0,0.0,-8.5046,0.0,70-75,70-75
BAJAJFINSV.NS|2026-03-06|ensemble_lr0.20_rf0.30_xgb0.50,BAJAJFINSV.NS,2026-03-06,ensemble_lr0.20_rf0.30_xgb0.50,2025-03-07,2026-03-06,2026-03-02,2025-04-07,2026-03-05,2026-03-06,226,2026-03-06,False,0,0.5434782608695653,0.8158207878440363,0.76,0.7555252313613892,0.7689267732495019,1,76.89,0.7689267732495019,1,76.89,HOLD,0.5083,0.0166,Sideways,-0.665,0.0,unavailable_no_point_in_time_source,True,1867.31,1867.306640625,2026-03-09,1839.929931640625,-1.4661,0,2026-03-11,1793.7694091796875,-3.9381,0.0,2026-03-13,1736.5181884765625,-7.0041,0.0,2026-03-20,1708.8419189453125,-8.4863,0.0,0,0,0,1,1,1,-1.4663,1,0.0,0.0,1.0,1.0,0.0,-3.9383,0.0,0.0,0.0,1.0,1.0,0.0,-7.0043,0.0,0.0,0.0,1.0,1.0,0.0,-8.4864,0.0,75-80,75-80
BEL.NS|2026-03-06|ensemble_lr0.20_rf0.30_xgb0.50,BEL.NS,2026-03-06,ensemble_lr0.20_rf0.30_xgb0.50,2025-03-07,2026-03-06,2026-03-02,2025-04-07,2026-03-05,2026-03-06,226,2026-03-06,False,1,0.5362318840579711,0.2515278106096514,0.6,0.28267401456832886,0.3716425694060947,0,62.84,0.3716425694060947,0,62.84,BUY,0.6718,0.3435,Bullish,1.0,0.0,unavailable_no_point_in_time_source,True,467.81,467.81494140625,2026-03-09,456.72998046875,-2.3695,0,2026-03-11,453.484375,-3.0633,0.0,2026-03-13,438.8042907714844,-6.2013,0.0,2026-03-20,425.5223388671875,-9.0405,0.0,1,1,1,0,0,0,-2.3685,0,1.0,1.0,0.0,0.0,0.0,-3.0623,0.0,1.0,1.0,0.0,0.0,0.0,-6.2003,0.0,1.0,1.0,0.0,0.0,0.0,-9.0395,0.0,60-65,60-65
BPCL.NS|2026-03-06|ensemble_lr0.20_rf0.30_xgb0.50,BPCL.NS,2026-03-06,ensemble_lr0.20_rf0.30_xgb0.50,2025-03-07,2026-03-06,2026-03-02,2025-04-07,2026-03-05,2026-03-06,226,2026-03-06,False,0,0.45652173913043476,0.6729130046511166,0.52,0.7124412655830383,0.6468032337217424,1,64.68,0.6468032337217424,1,64.68,HOLD,0.5715,0.143,Sideways,-0.165,0.0,unavailable_no_point_in_time_source,True,352.75,352.75,2026-03-09,331.1499938964844,-6.1233,0,2026-03-11,325.04998779296875,-7.8526,0.0,2026-03-13,319.29998779296875,-9.4826,0.0,2026-03-20,287.79998779296875,-18.4125,0.0,0,0,0,1,1,0,-6.1233,0,0.0,0.0,1.0,1.0,0.0,-7.8526,0.0,0.0,0.0,1.0,1.0,0.0,-9.4826,0.0,0.0,0.0,1.0,1.0,0.0,-18.4125,0.0,60-65,60-65
AARTIIND.NS|2026-03-13|ensemble_lr0.20_rf0.30_xgb0.50,AARTIIND.NS,2026-03-13,ensemble_lr0.20_rf0.30_xgb0.50,2025-03-17,2026-03-13,2026-03-09,2025-04-16,2026-03-12,2026-03-13,226,2026-03-13,False,0,0.5144927536231884,0.9607189395956566,0.48,0.43533509969711304,0.5538113377676879,1,55.38,0.5538113377676879,1,55.38,HOLD,0.5731,0.1463,High Volatility,0.0,0.0,unavailable_no_point_in_time_source,True,419.92,419.9152526855469,2026-03-16,424.3065185546875,1.0458,1,2026-03-18,432.0411376953125,2.8877,1.0,2026-03-20,426.5021667480469,1.5686,1.0,2026-03-30,398.25830078125,-5.1575,0.0,0,1,1,0,0,1,1.0446,1,1.0,1.0,0.0,0.0,1.0,2.8865,1.0,1.0,1.0,0.0,0.0,1.0,1.5675,1.0,0.0,0.0,1.0,1.0,0.0,-5.1585,0.0,55-60,55-60
ABFRL.NS|2026-03-13|ensemble_lr0.20_rf0.30_xgb0.50,ABFRL.NS,2026-03-13,ensemble_lr0.20_rf0.30_xgb0.50,2025-03-17,2026-03-13,2026-03-09,2025-04-16,2026-03-12,2026-03-13,226,2026-03-13,False,0,0.43478260869565216,0.48662196027601196,0.78,0.650052011013031,0.6563503975617179,1,65.64,0.6563503975617179,1,65.64,HOLD,0.4668,-0.0663,High Volatility,-0.665,0.0,unavailable_no_point_in_time_source,True,59.28,59.279998779296875,2026-03-16,58.4900016784668,-1.3327,0,2026-03-18,59.22999954223633,-0.0843,0.0,2026-03-20,59.97999954223633,1.1808,1.0,2026-03-30,53.88999938964844,-9.0924,0.0,0,0,0,1,1,1,-1.3327,1,0.0,0.0,1.0,1.0,1.0,-0.0843,1.0,1.0,1.0,0.0,0.0,1.0,1.1808,1.0,0.0,0.0,1.0,1.0,0.0,-9.0924,0.0,65-70,65-70
ADANIENT.NS|2026-03-13|ensemble_lr0.20_rf0.30_xgb0.50,ADANIENT.NS,2026-03-13,ensemble_lr0.20_rf0.30_xgb0.50,2025-03-17,2026-03-13,2026-03-09,2025-04-16,2026-03-12,2026-03-13,226,2026-03-13,False,0,0.5,0.4865197869821959,0.48,0.7565964460372925,0.6196021804150854,1,61.96,0.6196021804150854,1,61.96,HOLD,0.4254,-0.1491,High Volatility,-1.0,0.0,unavailable_no_point_in_time_source,True,1960.22,1960.2235107421875,2026-03-16,1977.115966796875,0.8618,1,2026-03-18,2006.3028564453125,2.3507,1.0,2026-03-20,1926.23876953125,-1.7337,0.0,2026-03-30,1758.0140380859375,-10.3156,0.0,0,1,1,0,0,1,0.8619,1,1.0,1.0,0.0,0.0,1.0,2.3509,1.0,0.0,0.0,1.0,1.0,1.0,-1.7335,1.0,0.0,0.0,1.0,1.0,0.0,-10.3155,0.0,60-65,60-65
ADANIPORTS.NS|2026-03-13|ensemble_lr0.20_rf0.30_xgb0.50,ADANIPORTS.NS,2026-03-13,ensemble_lr0.20_rf0.30_xgb0.50,2025-03-17,2026-03-13,2026-03-09,2025-04-16,2026-03-12,2026-03-13,226,2026-03-13,False,0,0.48550724637681153,0.5011713663377393,0.68,0.9522606730461121,0.7803646097906038,1,78.04,0.7803646097906038,1,78.04,HOLD,0.4809,-0.0381,High Volatility,-0.335,0.0,unavailable_no_point_in_time_source,True,1357.48,1357.4788818359375,2026-03-16,1368.134033203125,0.7849,1,2026-03-18,1396.0166015625,2.8389,1.0,2026-03-20,1359.6697998046875,0.1614,1.0,2026-03-30,1307.09130859375,-3.7118,0.0,0,1,1,0,0,1,0.7848,1,1.0,1.0,0.0,0.0,1.0,2.8388,1.0,1.0,1.0,0.0,0.0,1.0,0.1613,1.0,0.0,0.0,1.0,1.0,0.0,-3.7119,0.0,75-80,75-80
ANGELONE.NS|2026-03-13|ensemble_lr0.20_rf0.30_xgb0.50,ANGELONE.NS,2026-03-13,ensemble_lr0.20_rf0.30_xgb0.50,2025-03-17,2026-03-13,2026-03-09,2025-04-16,2026-03-12,2026-03-13,226,2026-03-13,False,0,0.5507246376811595,0.5950807649189481,0.6,0.8233374953269958,0.7106849006472875,1,71.07,0.7106849006472875,1,71.07,HOLD,0.4361,-0.1278,High Volatility,-1.0,0.0,unavailable_no_point_in_time_source,True,213.36,213.35906982421875,2026-03-16,214.3982696533203,0.4871,1,2026-03-18,233.77655029296875,9.5695,1.0,2026-03-20,228.9369354248047,7.3012,1.0,2026-03-30,226.8284912109375,6.313,1.0,1,1,1,0,1,1,0.4866,1,1.0,1.0,0.0,1.0,0.0,9.5691,0.0,1.0,1.0,0.0,1.0,0.0,7.3008,0.0,1.0,1.0,0.0,1.0,0.0,6.3126,0.0,70-75,70-75
ASIANPAINT.NS|2026-03-13|ensemble_lr0.20_rf0.30_xgb0.50,ASIANPAINT.NS,2026-03-13,ensemble_lr0.20_rf0.30_xgb0.50,2025-03-17,2026-03-13,2026-03-09,2025-04-16,2026-03-12,2026-03-13,226,2026-03-13,False,0,0.4492753623188406,0.29858141373028935,0.32,0.4637008607387543,0.387566713115435,0,61.24,0.387566713115435,0,61.24,SELL,0.3174,-0.3651,Bearish,-0.835,0.0,unavailable_no_point_in_time_source,True,2177.9,2177.904541015625,2026-03-16,2198.624755859375,0.9514,1,2026-03-18,2242.642822265625,2.9725,1.0,2026-03-20,2176.516357421875,-0.0637,0.0,2026-03-30,2146.576171875,-1.4385,0.0,0,0,0,0,0,0,0.9516,0,0.0,0.0,0.0,0.0,0.0,2.9727,0.0,1.0,1.0,1.0,1.0,1.0,-0.0635,1.0,1.0,1.0,1.0,1.0,1.0,-1.4383,1.0,60-65,60-65
ASTRAL.NS|2026-03-13|ensemble_lr0.20_rf0.30_xgb0.50,ASTRAL.NS,2026-03-13,ensemble_lr0.20_rf0.30_xgb0.50,2025-03-17,2026-03-13,2026-03-09,2025-04-16,2026-03-12,2026-03-13,226,2026-03-13,False,1,0.5144927536231884,0.6293579191739611,0.64,0.8425372838973999,0.7391402257834921,1,73.91,0.7391402257834921,1,73.91,BUY,0.5982,0.1965,High Volatility,0.165,0.0,unavailable_no_point_in_time_source,True,1609.27,1609.2689208984375,2026-03-16,1617.156494140625,0.4901,1,2026-03-18,1665.780029296875,3.5116,1.0,2026-03-20,1629.237548828125,1.2409,1.0,2026-03-30,1596.489013671875,-0.7941,0.0,0,1,1,1,0,1,0.4901,1,1.0,1.0,1.0,0.0,1.0,3.5115,1.0,1.0,1.0,1.0,0.0,1.0,1.2408,1.0,0.0,0.0,0.0,1.0,0.0,-0.7942,0.0,70-75,70-75
AUBANK.NS|2026-03-13|ensemble_lr0.20_rf0.30_xgb0.50,AUBANK.NS,2026-03-13,ensemble_lr0.20_rf0.30_xgb0.50,2025-03-17,2026-03-13,2026-03-09,2025-04-16,2026-03-12,2026-03-13,226,2026-03-13,False,1,0.4855072463768116,0.15789680583790047,0.44,0.5322276949882507,0.42969320866170546,0,57.03,0.42969320866170546,0,57.03,SELL,0.3463,-0.3074,High Volatility,-0.5,0.0,unavailable_no_point_in_time_source,True,883.49,883.4920043945312,2026-03-16,884.4411010742188,0.1074,1,2026-03-18,929.2476196289062,5.179,1.0,2026-03-20,900.6253662109375,1.9393,1.0,2026-03-30,841.8824462890625,-4.7097,0.0,0,0,0,1,0,0,0.1077,0,0.0,0.0,1.0,0.0,0.0,5.1792,0.0,0.0,0.0,1.0,0.0,0.0,1.9395,0.0,1.0,1.0,0.0,1.0,1.0,-4.7095,1.0,55-60,55-60
BEL.NS|2026-03-13|ensemble_lr0.20_rf0.30_xgb0.50,BEL.NS,2026-03-13,ensemble_lr0.20_rf0.30_xgb0.50,2025-03-17,2026-03-13,2026-03-09,2025-04-16,2026-03-12,2026-03-13,226,2026-03-13,False,0,0.5434782608695651,0.7618765168898479,0.5,0.8229179978370667,0.7138343022965029,1,71.38,0.7138343022965029,1,71.38,HOLD,0.5776,0.1552,High Volatility,0.335,0.0,unavailable_no_point_in_time_source,True,438.8,438.8042907714844,2026-03-16,428.917724609375,-2.2531,0,2026-03-18,441.9999694824219,0.7283,1.0,2026-03-20,425.5223388671875,-3.0269,0.0,2026-03-30,400.1068420410156,-8.8188,0.0,0,0,0,1,1,1,-2.2521,1,1.0,1.0,0.0,0.0,1.0,0.7293,1.0,0.0,0.0,1.0,1.0,0.0,-3.0259,0.0,0.0,0.0,1.0,1.0,0.0,-8.8179,0.0,70-75,70-75
AARTIIND.NS|2026-03-20|ensemble_lr0.20_rf0.30_xgb0.50,AARTIIND.NS,2026-03-20,ensemble_lr0.20_rf0.30_xgb0.50,2025-03-21,2026-03-20,2026-03-16,2025-04-23,2026-03-19,2026-03-20,227,2026-03-20,False,0,0.5289855072463768,0.7728935634557522,0.46,0.28386375308036804,0.43451058923133445,0,56.55,0.43451058923133445,0,56.55,HOLD,0.464,-0.0721,High Volatility,0.0,0.0,unavailable_no_point_in_time_source,True,426.5,426.5021667480469,2026-03-23,404.34619140625,-5.1948,0,2026-03-25,430.3944396972656,0.9126,1.0,2026-03-30,398.25830078125,-6.6222,0.0,2026-04-08,420.8633728027344,-1.3221,0.0,1,1,1,1,0,0,-5.1943,0,0.0,0.0,0.0,1.0,1.0,0.9131,1.0,1.0,1.0,1.0,0.0,0.0,-6.6217,0.0,1.0,1.0,1.0,0.0,1.0,-1.3216,1.0,55-60,55-60
ABFRL.NS|2026-03-20|ensemble_lr0.20_rf0.30_xgb0.50,ABFRL.NS,2026-03-20,ensemble_lr0.20_rf0.30_xgb0.50,2025-03-21,2026-03-20,2026-03-16,2025-04-23,2026-03-19,2026-03-20,227,2026-03-20,False,0,0.3913043478260869,0.16938690419935726,0.42,0.27271339297294617,0.29623407732634455,0,70.38,0.29623407732634455,0,70.38,SELL,0.3405,-0.319,High Volatility,-0.665,0.0,unavailable_no_point_in_time_source,True,59.98,59.97999954223633,2026-03-23,56.939998626708984,-5.0684,0,2026-03-25,58.849998474121094,-1.884,0.0,2026-03-30,53.88999938964844,-10.1534,0.0,2026-04-08,59.470001220703125,-0.8503,0.0,1,1,1,1,0,1,-5.0684,1,1.0,1.0,1.0,0.0,1.0,-1.884,1.0,1.0,1.0,1.0,0.0,1.0,-10.1534,1.0,1.0,1.0,1.0,0.0,1.0,-0.8503,1.0,70-75,70-75
ADANIENT.NS|2026-03-20|ensemble_lr0.20_rf0.30_xgb0.50,ADANIENT.NS,2026-03-20,ensemble_lr0.20_rf0.30_xgb0.50,2025-03-21,2026-03-20,2026-03-16,2025-04-23,2026-03-19,2026-03-20,227,2026-03-20,False,0,0.4710144927536232,0.5774278421970983,0.5,0.6630280017852783,0.5969995693320589,1,59.7,0.5969995693320589,1,59.7,HOLD,0.4246,-0.1507,High Volatility,-1.0,0.0,unavailable_no_point_in_time_source,True,1926.24,1926.23876953125,2026-03-23,1832.1807861328125,-4.883,0,2026-03-25,1885.7568359375,-2.1016,0.0,2026-03-30,1758.0140380859375,-8.7333,0.0,2026-04-08,2042.8865966796875,6.0557,1.0,0,0,0,1,1,0,-4.883,0,0.0,0.0,1.0,1.0,1.0,-2.1017,1.0,0.0,0.0,1.0,1.0,0.0,-8.7334,0.0,1.0,1.0,0.0,0.0,0.0,6.0557,0.0,55-60,55-60
ADANIPORTS.NS|2026-03-20|ensemble_lr0.20_rf0.30_xgb0.50,ADANIPORTS.NS,2026-03-20,ensemble_lr0.20_rf0.30_xgb0.50,2025-03-21,2026-03-20,2026-03-16,2025-04-23,2026-03-19,2026-03-20,227,2026-03-20,False,0,0.4855072463768116,0.5656464716240329,0.72,0.8033546805381775,0.7308066345938953,1,73.08,0.7308066345938953,1,73.08,HOLD,0.5031,0.0062,High Volatility,-0.5,0.0,unavailable_no_point_in_time_source,True,1359.67,1359.6697998046875,2026-03-23,1298.1290283203125,-4.5262,0,2026-03-25,1370.125732421875,0.769,1.0,2026-03-30,1307.09130859375,-3.867,0.0,2026-04-08,1447.200927734375,6.4377,1.0,1,0,0,1,0,0,-4.5262,0,1.0,1.0,0.0,1.0,1.0,0.769,1.0,0.0,0.0,1.0,0.0,0.0,-3.867,0.0,1.0,1.0,0.0,1.0,0.0,6.4377,0.0,70-75,70-75
ASIANPAINT.NS|2026-03-20|ensemble_lr0.20_rf0.30_xgb0.50,ASIANPAINT.NS,2026-03-20,ensemble_lr0.20_rf0.30_xgb0.50,2025-03-21,2026-03-20,2026-03-16,2025-04-23,2026-03-19,2026-03-20,227,2026-03-20,False,0,0.5072463768115942,0.46866503629954454,0.84,0.6967776417732239,0.6941218281465209,1,69.41,0.6941218281465209,1,69.41,HOLD,0.4324,-0.1352,Bearish,-0.665,0.0,unavailable_no_point_in_time_source,True,2176.52,2176.516357421875,2026-03-23,2103.053955078125,-3.3752,0,2026-03-25,2250.673095703125,3.4071,1.0,2026-03-30,2146.576171875,-1.3756,0.0,2026-04-08,2262.76806640625,3.9628,1.0,1,0,0,1,0,0,-3.3754,0,1.0,1.0,0.0,1.0,0.0,3.407,0.0,0.0,0.0,1.0,0.0,1.0,-1.3758,1.0,1.0,1.0,0.0,1.0,0.0,3.9627,0.0,65-70,65-70
ASTRAL.NS|2026-03-20|ensemble_lr0.20_rf0.30_xgb0.50,ASTRAL.NS,2026-03-20,ensemble_lr0.20_rf0.30_xgb0.50,2025-03-21,2026-03-20,2026-03-16,2025-04-23,2026-03-19,2026-03-20,227,2026-03-20,False,1,0.5,0.47645913883946944,0.4,0.339911550283432,0.3852476029096099,0,61.48,0.3852476029096099,0,61.48,HOLD,0.4872,-0.0255,High Volatility,0.5,0.0,unavailable_no_point_in_time_source,True,1629.24,1629.237548828125,2026-03-23,1553.8560791015625,-4.6268,0,2026-03-25,1644.0142822265625,0.907,1.0,2026-03-30,1596.489013671875,-2.0101,0.0,2026-04-08,1523.1044921875,-6.5143,0.0,0,1,1,0,1,0,-4.6269,0,0.0,0.0,1.0,0.0,1.0,0.9068,1.0,1.0,1.0,0.0,1.0,1.0,-2.0102,1.0,1.0,1.0,0.0,1.0,0.0,-6.5144,0.0,60-65,60-65
AUBANK.NS|2026-03-20|ensemble_lr0.20_rf0.30_xgb0.50,AUBANK.NS,2026-03-20,ensemble_lr0.20_rf0.30_xgb0.50,2025-03-21,2026-03-20,2026-03-16,2025-04-23,2026-03-19,2026-03-20,227,2026-03-20,False,1,0.5507246376811593,0.18622641864379735,0.26,0.1566258668899536,0.19355821717373628,0,80.64,0.19355821717373628,0,80.64,SELL,0.3228,-0.3544,High Volatility,-0.5,0.0,unavailable_no_point_in_time_source,True,900.63,900.6253662109375,2026-03-23,848.7257690429688,-5.7626,0,2026-03-25,909.5167846679688,0.9872,1.0,2026-03-30,841.8824462890625,-6.5225,0.0,2026-04-08,966.8610229492188,7.3544,1.0,0,1,1,0,1,1,-5.7631,1,0.0,0.0,1.0,0.0,0.0,0.9867,0.0,1.0,1.0,0.0,1.0,1.0,-6.5229,1.0,0.0,0.0,1.0,0.0,0.0,7.3539,0.0,80-85,80-85
AXISBANK.NS|2026-03-20|ensemble_lr0.20_rf0.30_xgb0.50,AXISBANK.NS,2026-03-20,ensemble_lr0.20_rf0.30_xgb0.50,2025-03-21,2026-03-20,2026-03-16,2025-04-23,2026-03-19,2026-03-20,227,2026-03-20,False,0,0.572463768115942,0.5744875339587071,0.28,0.37272942066192627,0.3852622171227046,0,61.47,0.3852622171227046,0,61.47,SELL,0.2997,-0.4005,Bearish,-0.5,0.0,unavailable_no_point_in_time_source,True,1202.97,1202.9722900390625,2026-03-23,1169.6978759765625,-2.766,0,2026-03-25,1221.158203125,1.5117,1.0,2026-03-30,1160.4051513671875,-3.5385,0.0,2026-04-08,1331.9727783203125,10.7235,1.0,0,1,1,1,1,1,-2.7658,1,0.0,0.0,0.0,0.0,0.0,1.5119,0.0,1.0,1.0,1.0,1.0,1.0,-3.5383,1.0,0.0,0.0,0.0,0.0,0.0,10.7237,0.0,60-65,60-65
BAJAJFINSV.NS|2026-03-20|ensemble_lr0.20_rf0.30_xgb0.50,BAJAJFINSV.NS,2026-03-20,ensemble_lr0.20_rf0.30_xgb0.50,2025-03-21,2026-03-20,2026-03-16,2025-04-23,2026-03-19,2026-03-20,227,2026-03-20,False,0,0.5,0.7299176282694966,0.58,0.8045249581336975,0.7222460047207481,1,72.22,0.7222460047207481,1,72.22,SELL,0.4117,-0.1767,Bearish,-0.835,0.0,unavailable_no_point_in_time_source,True,1708.84,1708.8419189453125,2026-03-23,1674.071533203125,-2.0347,0,2026-03-25,1744.711181640625,2.099,1.0,2026-03-30,1630.4088134765625,-4.5898,0.0,2026-04-08,1783.0784912109375,4.3443,1.0,0,0,0,1,1,1,-2.0346,1,1.0,1.0,0.0,0.0,0.0,2.0992,0.0,0.0,0.0,1.0,1.0,1.0,-4.5897,1.0,1.0,1.0,0.0,0.0,0.0,4.3444,0.0,70-75,70-75
BAJFINANCE.NS|2026-03-20|ensemble_lr0.20_rf0.30_xgb0.50,BAJFINANCE.NS,2026-03-20,ensemble_lr0.20_rf0.30_xgb0.50,2025-03-21,2026-03-20,2026-03-16,2025-04-23,2026-03-19,2026-03-20,227,2026-03-20,False,1,0.5579710144927535,0.10263847876775416,0.26,0.22908522188663483,0.21307030669686824,0,78.69,0.21307030669686824,0,78.69,SELL,0.3516,-0.2968,High Volatility,-0.665,0.0,unavailable_no_point_in_time_source,True,825.48,825.4755859375,2026-03-23,807.63525390625,-2.1612,0,2026-03-25,877.356689453125,6.285,1.0,2026-03-30,796.6527709960938,-3.4917,0.0,2026-04-08,909.4593505859375,10.174,1.0,0,1,1,0,1,1,-2.1617,1,0.0,0.0,1.0,0.0,0.0,6.2844,0.0,1.0,1.0,0.0,1.0,1.0,-3.4922,1.0,0.0,0.0,1.0,0.0,0.0,10.1734,0.0,75-80,75-80
BEL.NS|2026-03-20|ensemble_lr0.20_rf0.30_xgb0.50,BEL.NS,2026-03-20,ensemble_lr0.20_rf0.30_xgb0.50,2025-03-21,2026-03-20,2026-03-16,2025-04-23,2026-03-19,2026-03-20,227,2026-03-20,False,0,0.5289855072463768,0.5075111018164091,0.62,0.2711150050163269,0.4230597228714453,0,57.69,0.4230597228714453,0,57.69,HOLD,0.4887,-0.0226,High Volatility,0.335,0.0,unavailable_no_point_in_time_source,True,425.52,425.5223388671875,2026-03-23,404.95025634765625,-4.8345,0,2026-03-25,412.8894958496094,-2.9688,0.0,2026-03-30,400.1068420410156,-5.9728,0.0,2026-04-08,432.5128479003906,1.6428,1.0,0,1,1,1,1,0,-4.834,0,1.0,1.0,1.0,1.0,1.0,-2.9683,1.0,1.0,1.0,1.0,1.0,0.0,-5.9723,0.0,0.0,0.0,0.0,0.0,1.0,1.6434,1.0,55-60,55-60
AARTIIND.NS|2026-03-30|ensemble_lr0.20_rf0.30_xgb0.50,AARTIIND.NS,2026-03-30,ensemble_lr0.20_rf0.30_xgb0.50,2025-04-01,2026-03-30,2026-03-30,2025-05-02,2026-03-27,2026-03-30,226,2026-03-30,False,0,0.4710144927536232,0.6832518637105711,0.66,0.7228579521179199,0.6960793488010741,1,69.61,0.6960793488010741,1,69.61,HOLD,0.5481,0.0962,High Volatility,0.0,0.0,unavailable_no_point_in_time_source,True,398.26,398.25830078125,2026-04-01,410.58380126953125,3.0949,1,2026-04-06,403.3981018066406,1.2906,1.0,2026-04-08,420.8633728027344,5.676,1.0,2026-04-16,437.0312194824219,9.7356,1.0,0,1,1,0,0,0,3.0944,0,1.0,1.0,0.0,0.0,1.0,1.2901,1.0,1.0,1.0,0.0,0.0,0.0,5.6755,0.0,1.0,1.0,0.0,0.0,0.0,9.7352,0.0,65-70,65-70
ABCAPITAL.NS|2026-03-30|ensemble_lr0.20_rf0.30_xgb0.50,ABCAPITAL.NS,2026-03-30,ensemble_lr0.20_rf0.30_xgb0.50,2025-04-01,2026-03-30,2026-03-30,2025-05-02,2026-03-27,2026-03-30,226,2026-03-30,False,1,0.5,0.6541958281784299,0.6,0.7989969849586487,0.7103376581150103,1,71.03,0.7103376581150103,1,71.03,HOLD,0.4487,-0.1025,High Volatility,-0.665,0.0,unavailable_no_point_in_time_source,True,292.25,292.25,2026-04-01,302.8999938964844,3.6441,1,2026-04-06,311.29998779296875,6.5184,1.0,2026-04-08,338.3999938964844,15.7913,1.0,2026-04-16,337.95001220703125,15.6373,1.0,0,1,1,1,0,0,3.6441,0,1.0,1.0,1.0,0.0,0.0,6.5184,0.0,1.0,1.0,1.0,0.0,0.0,15.7913,0.0,1.0,1.0,1.0,0.0,0.0,15.6373,0.0,70-75,70-75
ABFRL.NS|2026-03-30|ensemble_lr0.20_rf0.30_xgb0.50,ABFRL.NS,2026-03-30,ensemble_lr0.20_rf0.30_xgb0.50,2025-04-01,2026-03-30,2026-03-30,2025-05-02,2026-03-27,2026-03-30,226,2026-03-30,False,0,0.5869565217391304,0.5410723279470088,0.72,0.7310670614242554,0.6897479963015294,1,68.97,0.6897479963015294,1,68.97,HOLD,0.4605,-0.079,High Volatility,-0.665,0.0,unavailable_no_point_in_time_source,True,53.89,53.88999938964844,2026-04-01,58.04999923706055,7.7194,1,2026-04-06,58.939998626708984,9.3709,1.0,2026-04-08,59.470001220703125,10.3544,1.0,2026-04-16,63.779998779296875,18.3522,1.0,0,1,1,0,0,0,7.7194,0,1.0,1.0,0.0,0.0,0.0,9.3709,0.0,1.0,1.0,0.0,0.0,0.0,10.3544,0.0,1.0,1.0,0.0,0.0,0.0,18.3522,0.0,65-70,65-70
ADANIENT.NS|2026-03-30|ensemble_lr0.20_rf0.30_xgb0.50,ADANIENT.NS,2026-03-30,ensemble_lr0.20_rf0.30_xgb0.50,2025-04-01,2026-03-30,2026-03-30,2025-05-02,2026-03-27,2026-03-30,226,2026-03-30,False,0,0.49275362318840576,0.4374383772464024,0.38,0.2533583641052246,0.3281668575018928,0,67.18,0.3281668575018928,0,67.18,SELL,0.3305,-0.339,High Volatility,-1.0,0.0,unavailable_no_point_in_time_source,True,1758.01,1758.0140380859375,2026-04-01,1841.676513671875,4.7589,1,2026-04-06,1901.349853515625,8.1533,1.0,2026-04-08,2042.8865966796875,16.2042,1.0,2026-04-16,2202.715087890625,25.2956,1.0,0,0,0,0,0,0,4.7592,0,0.0,0.0,0.0,0.0,0.0,8.1535,0.0,0.0,0.0,0.0,0.0,0.0,16.2045,0.0,0.0,0.0,0.0,0.0,0.0,25.2959,0.0,65-70,65-70
ADANIPORTS.NS|2026-03-30|ensemble_lr0.20_rf0.30_xgb0.50,ADANIPORTS.NS,2026-03-30,ensemble_lr0.20_rf0.30_xgb0.50,2025-04-01,2026-03-30,2026-03-30,2025-05-02,2026-03-27,2026-03-30,226,2026-03-30,False,0,0.47826086956521735,0.6130820138482823,0.54,0.5587785243988037,0.5640056649690584,1,56.4,0.5640056649690584,1,56.4,HOLD,0.4486,-0.1028,High Volatility,-0.665,0.0,unavailable_no_point_in_time_source,True,1307.09,1307.09130859375,2026-04-01,1379.5858154296875,5.5462,1,2026-04-06,1381.2786865234375,5.6758,1.0,2026-04-08,1447.200927734375,10.7192,1.0,2026-04-16,1543.2958984375,18.071,1.0,0,1,1,0,0,0,5.5464,0,1.0,1.0,0.0,0.0,0.0,5.6759,0.0,1.0,1.0,0.0,0.0,0.0,10.7193,0.0,1.0,1.0,0.0,0.0,0.0,18.0711,0.0,55-60,55-60
ANGELONE.NS|2026-03-30|ensemble_lr0.20_rf0.30_xgb0.50,ANGELONE.NS,2026-03-30,ensemble_lr0.20_rf0.30_xgb0.50,2025-04-01,2026-03-30,2026-03-30,2025-05-02,2026-03-27,2026-03-30,226,2026-03-30,False,1,0.5289855072463768,0.36472472600734734,0.34,0.24111007153987885,0.2954999809714089,0,70.45,0.2954999809714089,0,70.45,SELL,0.404,-0.1921,High Volatility,-0.335,0.0,unavailable_no_point_in_time_source,True,226.83,226.8284912109375,2026-04-01,239.85821533203125,5.7443,1,2026-04-06,245.29139709472656,8.1396,1.0,2026-04-08,266.7948913574219,17.6197,1.0,2026-04-16,291.70782470703125,28.6028,1.0,0,0,0,1,0,0,5.7436,0,0.0,0.0,1.0,0.0,0.0,8.1389,0.0,0.0,0.0,1.0,0.0,0.0,17.6189,0.0,0.0,0.0,1.0,0.0,0.0,28.602,0.0,70-75,70-75
APOLLOTYRE.NS|2026-03-30|ensemble_lr0.20_rf0.30_xgb0.50,APOLLOTYRE.NS,2026-03-30,ensemble_lr0.20_rf0.30_xgb0.50,2025-04-01,2026-03-30,2026-03-30,2025-05-02,2026-03-27,2026-03-30,226,2026-03-30,False,0,0.4275362318840579,0.48674956470443076,0.42,0.27916839718818665,0.36293411153497945,0,63.71,0.36293411153497945,0,63.71,SELL,0.3358,-0.3283,High Volatility,-0.665,0.0,unavailable_no_point_in_time_source,True,409.96,409.95550537109375,2026-04-01,412.88873291015625,0.7155,1,2026-04-06,408.5634765625,-0.3396,0.0,2026-04-08,433.62017822265625,5.7725,1.0,2026-04-16,441.12725830078125,7.6037,1.0,0,0,0,0,0,0,0.7144,0,1.0,1.0,1.0,1.0,1.0,-0.3406,1.0,0.0,0.0,0.0,0.0,0.0,5.7713,0.0,0.0,0.0,0.0,0.0,0.0,7.6025,0.0,60-65,60-65
ASIANPAINT.NS|2026-03-30|ensemble_lr0.20_rf0.30_xgb0.50,ASIANPAINT.NS,2026-03-30,ensemble_lr0.20_rf0.30_xgb0.50,2025-04-01,2026-03-30,2026-03-30,2025-05-02,2026-03-27,2026-03-30,226,2026-03-30,False,0,0.5652173913043478,0.3669215119780547,0.38,0.28664496541023254,0.3307067851007272,0,66.93,0.3307067851007272,0,66.93,SELL,0.3372,-0.3256,Bearish,-0.665,0.0,unavailable_no_point_in_time_source,True,2146.58,2146.576171875,2026-04-01,2206.655029296875,2.7988,1,2026-04-06,2165.511962890625,0.8821,1.0,2026-04-08,2262.76806640625,5.4129,1.0,2026-04-16,2419.31005859375,12.7055,1.0,0,0,0,0,0,0,2.7986,0,0.0,0.0,0.0,0.0,0.0,0.882,0.0,0.0,0.0,0.0,0.0,0.0,5.4127,0.0,0.0,0.0,0.0,0.0,0.0,12.7053,0.0,65-70,65-70
AUBANK.NS|2026-03-30|ensemble_lr0.20_rf0.30_xgb0.50,AUBANK.NS,2026-03-30,ensemble_lr0.20_rf0.30_xgb0.50,2025-04-01,2026-03-30,2026-03-30,2025-05-02,2026-03-27,2026-03-30,226,2026-03-30,False,0,0.5434782608695652,0.368668651182291,0.34,0.3470417261123657,0.3492545932926411,0,65.07,0.3492545932926411,0,65.07,SELL,0.3432,-0.3135,High Volatility,-0.5,0.0,unavailable_no_point_in_time_source,True,841.88,841.8824462890625,2026-04-01,874.0512084960938,3.8211,1,2026-04-06,882.6928100585938,4.8475,1.0,2026-04-08,966.8610229492188,14.8451,1.0,2026-04-16,982.9954223632812,16.7616,1.0,0,0,0,0,0,0,3.8214,0,0.0,0.0,0.0,0.0,0.0,4.8478,0.0,0.0,0.0,0.0,0.0,0.0,14.8455,0.0,0.0,0.0,0.0,0.0,0.0,16.7619,0.0,65-70,65-70
AXISBANK.NS|2026-03-30|ensemble_lr0.20_rf0.30_xgb0.50,AXISBANK.NS,2026-03-30,ensemble_lr0.20_rf0.30_xgb0.50,2025-04-01,2026-03-30,2026-03-30,2025-05-02,2026-03-27,2026-03-30,226,2026-03-30,False,0,0.5507246376811594,0.4295178147937827,0.66,0.7441352009773254,0.6559711634474192,1,65.6,0.6559711634474192,1,65.6,HOLD,0.4717,-0.0566,High Volatility,-0.5,0.0,unavailable_no_point_in_time_source,True,1160.41,1160.4051513671875,2026-04-01,1192.1805419921875,2.7383,1,2026-04-06,1244.34033203125,7.2333,1.0,2026-04-08,1331.9727783203125,14.7851,1.0,2026-04-16,1348.5599365234375,16.2146,1.0,0,1,1,0,0,1,2.7379,1,1.0,1.0,0.0,0.0,0.0,7.2328,0.0,1.0,1.0,0.0,0.0,0.0,14.7847,0.0,1.0,1.0,0.0,0.0,0.0,16.2141,0.0,65-70,65-70
BAJAJFINSV.NS|2026-03-30|ensemble_lr0.20_rf0.30_xgb0.50,BAJAJFINSV.NS,2026-03-30,ensemble_lr0.20_rf0.30_xgb0.50,2025-04-01,2026-03-30,2026-03-30,2025-05-02,2026-03-27,2026-03-30,226,2026-03-30,False,0,0.47826086956521735,0.6089893893084906,0.38,0.32123038172721863,0.3964130687253074,0,60.36,0.3964130687253074,0,60.36,SELL,0.3329,-0.3343,High Volatility,-1.0,0.0,unavailable_no_point_in_time_source,True,1630.41,1630.4088134765625,2026-04-01,1645.5958251953125,0.9315,1,2026-04-06,1670.874267578125,2.4819,1.0,2026-04-08,1783.0784912109375,9.3639,1.0,2026-04-16,1828.33984375,12.14,1.0,0,0,0,0,0,0,0.9314,0,0.0,0.0,0.0,0.0,0.0,2.4818,0.0,0.0,0.0,0.0,0.0,0.0,9.3638,0.0,0.0,0.0,0.0,0.0,0.0,12.1399,0.0,60-65,60-65
BEL.NS|2026-03-30|ensemble_lr0.20_rf0.30_xgb0.50,BEL.NS,2026-03-30,ensemble_lr0.20_rf0.30_xgb0.50,2025-04-01,2026-03-30,2026-03-30,2025-05-02,2026-03-27,2026-03-30,226,2026-03-30,False,0,0.5507246376811595,0.660588671611081,0.2,0.26788330078125,0.32605938471284124,0,67.39,0.32605938471284124,0,67.39,SELL,0.36,-0.2799,High Volatility,-0.335,0.0,unavailable_no_point_in_time_source,True,400.11,400.1068420410156,2026-04-01,418.13238525390625,4.5052,1,2026-04-06,426.5708923339844,6.6142,1.0,2026-04-08,432.5128479003906,8.0993,1.0,2026-04-16,455.0322570800781,13.7277,1.0,0,0,0,0,0,0,4.5044,0,0.0,0.0,0.0,0.0,0.0,6.6134,0.0,0.0,0.0,0.0,0.0,0.0,8.0985,0.0,0.0,0.0,0.0,0.0,0.0,13.7268,0.0,65-70,65-70
AARTIIND.NS|2026-04-08|ensemble_lr0.20_rf0.30_xgb0.50,AARTIIND.NS,2026-04-08,ensemble_lr0.20_rf0.30_xgb0.50,2025-04-09,2026-04-08,2026-04-06,2025-05-12,2026-04-07,2026-04-08,225,2026-04-08,False,0,0.4296296296296296,0.4783908077634432,0.3,0.14762449264526367,0.2594904078753205,0,74.05,0.2594904078753205,0,74.05,HOLD,0.448,-0.1041,High Volatility,-0.165,0.0,unavailable_no_point_in_time_source,True,420.86,420.8633728027344,2026-04-09,420.7136535644531,-0.0356,0,2026-04-13,423.45819091796875,0.6165,1.0,2026-04-16,437.0312194824219,3.8416,1.0,2026-04-23,464.9756774902344,10.4814,1.0,1,1,1,1,0,1,-0.0348,1,0.0,0.0,0.0,1.0,1.0,0.6174,1.0,0.0,0.0,0.0,1.0,0.0,3.8424,0.0,0.0,0.0,0.0,1.0,0.0,10.4823,0.0,70-75,70-75
ABCAPITAL.NS|2026-04-08|ensemble_lr0.20_rf0.30_xgb0.50,ABCAPITAL.NS,2026-04-08,ensemble_lr0.20_rf0.30_xgb0.50,2025-04-09,2026-04-08,2026-04-06,2025-05-12,2026-04-07,2026-04-08,225,2026-04-08,False,1,0.5037037037037037,0.05621892994070134,0.28,0.2314857840538025,0.2109866780150415,0,78.9,0.2109866780150415,0,78.9,HOLD,0.4511,-0.0977,High Volatility,0.0,0.0,unavailable_no_point_in_time_source,True,338.4,338.3999938964844,2026-04-09,334.54998779296875,-1.1377,0,2026-04-13,337.45001220703125,-0.2807,0.0,2026-04-16,337.95001220703125,-0.133,0.0,2026-04-23,349.75,3.354,1.0,1,1,1,0,0,1,-1.1377,1,1.0,1.0,0.0,0.0,1.0,-0.2807,1.0,1.0,1.0,0.0,0.0,1.0,-0.133,1.0,0.0,0.0,1.0,1.0,0.0,3.354,0.0,75-80,75-80
ABFRL.NS|2026-04-08|ensemble_lr0.20_rf0.30_xgb0.50,ABFRL.NS,2026-04-08,ensemble_lr0.20_rf0.30_xgb0.50,2025-04-09,2026-04-08,2026-04-06,2025-05-12,2026-04-07,2026-04-08,225,2026-04-08,False,0,0.5851851851851851,0.3192726585767147,0.28,0.4017946720123291,0.3487518677215075,0,65.12,0.3487518677215075,0,65.12,SELL,0.4186,-0.1628,High Volatility,-0.165,0.0,unavailable_no_point_in_time_source,True,59.47,59.470001220703125,2026-04-09,58.43000030517578,-1.7488,0,2026-04-13,61.959999084472656,4.187,1.0,2026-04-16,63.779998779296875,7.2473,1.0,2026-04-23,63.20000076293945,6.2721,1.0,1,1,1,1,0,1,-1.7488,1,0.0,0.0,0.0,1.0,0.0,4.187,0.0,0.0,0.0,0.0,1.0,0.0,7.2473,0.0,0.0,0.0,0.0,1.0,0.0,6.2721,0.0,65-70,65-70
ADANIPORTS.NS|2026-04-08|ensemble_lr0.20_rf0.30_xgb0.50,ADANIPORTS.NS,2026-04-08,ensemble_lr0.20_rf0.30_xgb0.50,2025-04-09,2026-04-08,2026-04-06,2025-05-12,2026-04-07,2026-04-08,225,2026-04-08,False,0,0.4666666666666666,0.49612324389730195,0.56,0.7243496179580688,0.6293994577584948,1,62.94,0.6293994577584948,1,62.94,HOLD,0.5708,0.1416,High Volatility,0.0,0.0,unavailable_no_point_in_time_source,True,1447.2,1447.200927734375,2026-04-09,1441.32568359375,-0.406,0,2026-04-13,1459.1505126953125,0.8257,1.0,2026-04-16,1543.2958984375,6.6401,1.0,2026-04-23,1596.1729736328125,10.2938,1.0,1,0,0,1,0,1,-0.4059,1,1.0,1.0,0.0,1.0,1.0,0.8258,1.0,1.0,1.0,0.0,1.0,0.0,6.6401,0.0,1.0,1.0,0.0,1.0,0.0,10.2939,0.0,60-65,60-65
ANGELONE.NS|2026-04-08|ensemble_lr0.20_rf0.30_xgb0.50,ANGELONE.NS,2026-04-08,ensemble_lr0.20_rf0.30_xgb0.50,2025-04-09,2026-04-08,2026-04-06,2025-05-12,2026-04-07,2026-04-08,225,2026-04-08,False,1,0.6,0.6320864128382891,0.64,0.14305658638477325,0.38994557576004446,0,61.01,0.38994557576004446,0,61.01,HOLD,0.5475,0.095,High Volatility,0.335,0.0,unavailable_no_point_in_time_source,True,266.79,266.7948913574219,2026-04-09,280.93115234375,5.2986,1,2026-04-13,279.5953063964844,4.7978,1.0,2026-04-16,291.70782470703125,9.3379,1.0,2026-04-23,320.21966552734375,20.0247,1.0,1,0,0,1,1,0,5.3005,0,0.0,0.0,1.0,1.0,0.0,4.7998,0.0,0.0,0.0,1.0,1.0,0.0,9.3399,0.0,0.0,0.0,1.0,1.0,0.0,20.0269,0.0,60-65,60-65
ASIANPAINT.NS|2026-04-08|ensemble_lr0.20_rf0.30_xgb0.50,ASIANPAINT.NS,2026-04-08,ensemble_lr0.20_rf0.30_xgb0.50,2025-04-09,2026-04-08,2026-04-06,2025-05-12,2026-04-07,2026-04-08,225,2026-04-08,False,0,0.5555555555555555,0.4578095853759089,0.5,0.8523619771003723,0.6677429056253679,1,66.77,0.6677429056253679,1,66.77,HOLD,0.547,0.094,High Volatility,-0.335,0.0,unavailable_no_point_in_time_source,True,2262.77,2262.76806640625,2026-04-09,2250.078369140625,-0.5608,0,2026-04-13,2332.166015625,3.0669,1.0,2026-04-16,2419.31005859375,6.9182,1.0,2026-04-23,2499.71240234375,10.4714,1.0,1,0,0,1,0,1,-0.5609,1,1.0,1.0,0.0,1.0,0.0,3.0669,0.0,1.0,1.0,0.0,1.0,0.0,6.9181,0.0,1.0,1.0,0.0,1.0,0.0,10.4713,0.0,65-70,65-70
AUBANK.NS|2026-04-08|ensemble_lr0.20_rf0.30_xgb0.50,AUBANK.NS,2026-04-08,ensemble_lr0.20_rf0.30_xgb0.50,2025-04-09,2026-04-08,2026-04-06,2025-05-12,2026-04-07,2026-04-08,225,2026-04-08,False,1,0.6222222222222222,0.0394779339788236,0.34,0.4291534721851349,0.32447232288833217,0,67.55,0.32447232288833217,0,67.55,HOLD,0.4529,-0.0943,High Volatility,0.0,0.0,unavailable_no_point_in_time_source,True,966.86,966.8610229492188,2026-04-09,962.0657348632812,-0.496,0,2026-04-13,978.1001586914062,1.1624,1.0,2026-04-16,982.9954223632812,1.6687,1.0,2026-04-23,1055.2252197265625,9.1393,1.0,1,1,1,0,0,1,-0.4959,1,0.0,0.0,1.0,1.0,1.0,1.1625,1.0,0.0,0.0,1.0,1.0,1.0,1.6688,1.0,0.0,0.0,1.0,1.0,0.0,9.1394,0.0,65-70,65-70
BAJAJFINSV.NS|2026-04-08|ensemble_lr0.20_rf0.30_xgb0.50,BAJAJFINSV.NS,2026-04-08,ensemble_lr0.20_rf0.30_xgb0.50,2025-04-09,2026-04-08,2026-04-06,2025-05-12,2026-04-07,2026-04-08,225,2026-04-08,False,0,0.5037037037037037,0.5328176262984138,0.46,0.6173937916755676,0.5532604210974665,1,55.33,0.5532604210974665,1,55.33,HOLD,0.5337,0.0675,High Volatility,-0.335,0.0,unavailable_no_point_in_time_source,True,1783.08,1783.0784912109375,2026-04-09,1766.19287109375,-0.947,0,2026-04-13,1786.775390625,0.2073,1.0,2026-04-16,1828.33984375,2.5384,1.0,2026-04-23,1791.0716552734375,0.4483,1.0,1,0,0,1,0,1,-0.9471,1,1.0,1.0,0.0,1.0,1.0,0.2072,1.0,1.0,1.0,0.0,1.0,1.0,2.5383,1.0,1.0,1.0,0.0,1.0,1.0,0.4482,1.0,55-60,55-60
BAJFINANCE.NS|2026-04-08|ensemble_lr0.20_rf0.30_xgb0.50,BAJFINANCE.NS,2026-04-08,ensemble_lr0.20_rf0.30_xgb0.50,2025-04-09,2026-04-08,2026-04-06,2025-05-12,2026-04-07,2026-04-08,225,2026-04-08,False,1,0.5111111111111111,0.8818592126673362,0.66,0.8439797759056091,0.7963617304862718,1,79.64,0.7963617304862718,1,79.64,HOLD,0.5392,0.0785,High Volatility,-0.165,0.0,unavailable_no_point_in_time_source,True,909.46,909.4593505859375,2026-04-09,897.7314453125,-1.2895,0,2026-04-13,893.457763671875,-1.7595,0.0,2026-04-16,900.3652954101562,-0.9999,0.0,2026-04-23,912.7391967773438,0.3606,1.0,1,0,0,0,0,1,-1.2896,1,0.0,0.0,0.0,0.0,1.0,-1.7595,1.0,0.0,0.0,0.0,0.0,1.0,-1.0,1.0,1.0,1.0,1.0,1.0,1.0,0.3606,1.0,75-80,75-80
BEL.NS|2026-04-08|ensemble_lr0.20_rf0.30_xgb0.50,BEL.NS,2026-04-08,ensemble_lr0.20_rf0.30_xgb0.50,2025-04-09,2026-04-08,2026-04-06,2025-05-12,2026-04-07,2026-04-08,225,2026-04-08,False,0,0.5259259259259258,0.8182253899936153,0.6,0.5341209173202515,0.6107055366588487,1,61.07,0.6107055366588487,1,61.07,BUY,0.5912,0.1825,High Volatility,0.165,0.0,unavailable_no_point_in_time_source,True,432.51,432.5128479003906,2026-04-09,439.1538391113281,1.5354,1,2026-04-13,440.9513854980469,1.951,1.0,2026-04-16,455.0322570800781,5.2066,1.0,2026-04-23,449.3399963378906,3.8906,1.0,1,1,1,0,1,1,1.5361,1,1.0,1.0,0.0,1.0,1.0,1.9517,1.0,1.0,1.0,0.0,1.0,1.0,5.2073,1.0,1.0,1.0,0.0,1.0,1.0,3.8912,1.0,60-65,60-65
BPCL.NS|2026-04-08|ensemble_lr0.20_rf0.30_xgb0.50,BPCL.NS,2026-04-08,ensemble_lr0.20_rf0.30_xgb0.50,2025-04-09,2026-04-08,2026-04-06,2025-05-12,2026-04-07,2026-04-08,225,2026-04-08,False,0,0.5481481481481482,0.6927962575541498,0.56,0.5716633200645447,0.5923909115431023,1,59.24,0.5923909115431023,1,59.24,HOLD,0.5237,0.0475,High Volatility,0.0,0.0,unavailable_no_point_in_time_source,True,298.1,298.1000061035156,2026-04-09,297.3500061035156,-0.2516,0,2026-04-13,292.95001220703125,-1.7276,0.0,2026-04-16,307.95001220703125,3.3043,1.0,2026-04-23,309.79998779296875,3.9249,1.0,1,0,0,1,0,1,-0.2516,1,0.0,0.0,1.0,0.0,1.0,-1.7276,1.0,1.0,1.0,0.0,1.0,0.0,3.3043,0.0,1.0,1.0,0.0,1.0,0.0,3.9249,0.0,55-60,55-60
ABFRL.NS|2026-04-16|ensemble_lr0.20_rf0.30_xgb0.50,ABFRL.NS,2026-04-16,ensemble_lr0.20_rf0.30_xgb0.50,2025-04-17,2026-04-16,2026-04-13,2025-05-16,2026-04-15,2026-04-16,226,2026-04-16,False,0,0.5434782608695653,0.3790036811958201,0.24,0.2057657092809677,0.25068359087964787,0,74.93,0.25068359087964787,0,74.93,SELL,0.4151,-0.1697,High Volatility,-0.165,0.0,unavailable_no_point_in_time_source,True,63.78,63.779998779296875,2026-04-17,64.11000061035156,0.5174,1,2026-04-21,64.44999694824219,1.0505,1.0,2026-04-23,63.20000076293945,-0.9094,0.0,2026-04-30,64.19999694824219,0.6585,1.0,0,0,0,0,0,0,0.5174,0,0.0,0.0,0.0,0.0,0.0,1.0505,0.0,1.0,1.0,1.0,1.0,1.0,-0.9094,1.0,0.0,0.0,0.0,0.0,0.0,0.6585,0.0,70-75,70-75
APOLLOTYRE.NS|2026-04-16|ensemble_lr0.20_rf0.30_xgb0.50,APOLLOTYRE.NS,2026-04-16,ensemble_lr0.20_rf0.30_xgb0.50,2025-04-17,2026-04-16,2026-04-13,2025-05-16,2026-04-15,2026-04-16,226,2026-04-16,False,0,0.4202898550724638,0.5494360213878504,0.72,0.5516620874404907,0.6017182479978155,1,60.17,0.6017182479978155,1,60.17,HOLD,0.5497,0.0994,High Volatility,-0.335,0.0,unavailable_no_point_in_time_source,True,441.13,441.12725830078125,2026-04-17,442.8673095703125,0.3945,1,2026-04-21,439.4369201660156,-0.3832,0.0,2026-04-23,429.990966796875,-2.5245,0.0,2026-04-30,406.07769775390625,-7.9455,0.0,1,1,1,0,1,1,0.3938,1,0.0,0.0,1.0,0.0,1.0,-0.3838,1.0,0.0,0.0,1.0,0.0,1.0,-2.5251,1.0,0.0,0.0,1.0,0.0,0.0,-7.946,0.0,60-65,60-65
ASTRAL.NS|2026-04-16|ensemble_lr0.20_rf0.30_xgb0.50,ASTRAL.NS,2026-04-16,ensemble_lr0.20_rf0.30_xgb0.50,2025-04-17,2026-04-16,2026-04-13,2025-05-16,2026-04-15,2026-04-16,226,2026-04-16,False,1,0.463768115942029,0.5494471652494128,0.28,0.38537219166755676,0.386575528883661,0,61.34,0.386575528883661,0,61.34,HOLD,0.5223,0.0446,High Volatility,0.5,0.0,unavailable_no_point_in_time_source,True,1576.22,1576.2208251953125,2026-04-17,1602.4796142578125,1.6659,1,2026-04-21,1580.014892578125,0.2407,1.0,2026-04-23,1572.4268798828125,-0.2407,0.0,2026-04-30,1527.2978515625,-3.1038,0.0,0,0,0,1,0,1,1.666,1,0.0,0.0,1.0,0.0,1.0,0.2408,1.0,1.0,1.0,0.0,1.0,1.0,-0.2406,1.0,1.0,1.0,0.0,1.0,0.0,-3.1038,0.0,60-65,60-65
BAJAJFINSV.NS|2026-04-16|ensemble_lr0.20_rf0.30_xgb0.50,BAJAJFINSV.NS,2026-04-16,ensemble_lr0.20_rf0.30_xgb0.50,2025-04-17,2026-04-16,2026-04-13,2025-05-16,2026-04-15,2026-04-16,226,2026-04-16,False,0,0.5144927536231884,0.6441363771054797,0.68,0.5570392608642578,0.6113469058532248,1,61.13,0.6113469058532248,1,61.13,HOLD,0.525,0.05,Sideways,-0.335,0.0,unavailable_no_point_in_time_source,True,1828.34,1828.33984375,2026-04-17,1837.3321533203125,0.4918,1,2026-04-21,1849.821533203125,1.1749,1.0,2026-04-23,1791.0716552734375,-2.0384,0.0,2026-04-30,1745.7103271484375,-4.5194,0.0,1,1,1,0,1,1,0.4918,1,1.0,1.0,0.0,1.0,1.0,1.1749,1.0,0.0,0.0,1.0,0.0,1.0,-2.0384,1.0,0.0,0.0,1.0,0.0,0.0,-4.5194,0.0,60-65,60-65
BAJFINANCE.NS|2026-04-16|ensemble_lr0.20_rf0.30_xgb0.50,BAJFINANCE.NS,2026-04-16,ensemble_lr0.20_rf0.30_xgb0.50,2025-04-17,2026-04-16,2026-04-13,2025-05-16,2026-04-15,2026-04-16,226,2026-04-16,False,1,0.4420289855072464,0.7164696737862496,0.58,0.7609151601791382,0.697751514846819,1,69.78,0.697751514846819,1,69.78,HOLD,0.5508,0.1016,High Volatility,-0.165,0.0,unavailable_no_point_in_time_source,True,900.37,900.3652954101562,2026-04-17,902.700927734375,0.2594,1,2026-04-21,933.1139526367188,3.6373,1.0,2026-04-23,912.7391967773438,1.3743,1.0,2026-04-30,931.2752685546875,3.433,1.0,0,1,1,1,0,1,0.2589,1,1.0,1.0,1.0,0.0,0.0,3.6367,0.0,1.0,1.0,1.0,0.0,1.0,1.3738,1.0,1.0,1.0,1.0,0.0,0.0,3.4325,0.0,65-70,65-70
BEL.NS|2026-04-16|ensemble_lr0.20_rf0.30_xgb0.50,BEL.NS,2026-04-16,ensemble_lr0.20_rf0.30_xgb0.50,2025-04-17,2026-04-16,2026-04-13,2025-05-16,2026-04-15,2026-04-16,226,2026-04-16,False,0,0.5072463768115941,0.3486614206743128,0.46,0.45601412653923035,0.43573934740447773,0,56.43,0.43573934740447773,0,56.43,HOLD,0.5191,0.0382,Sideways,0.335,0.0,unavailable_no_point_in_time_source,True,455.03,455.0322570800781,2026-04-17,462.1226501464844,1.5582,1,2026-04-21,450.8879089355469,-0.9108,0.0,2026-04-23,449.3399963378906,-1.251,0.0,2026-04-30,430.71527099609375,-5.344,0.0,1,0,0,0,1,1,1.5587,1,1.0,1.0,1.0,0.0,1.0,-0.9103,1.0,1.0,1.0,1.0,0.0,1.0,-1.2505,1.0,1.0,1.0,1.0,0.0,0.0,-5.3435,0.0,55-60,55-60
BPCL.NS|2026-04-16|ensemble_lr0.20_rf0.30_xgb0.50,BPCL.NS,2026-04-16,ensemble_lr0.20_rf0.30_xgb0.50,2025-04-17,2026-04-16,2026-04-13,2025-05-16,2026-04-15,2026-04-16,226,2026-04-16,False,0,0.5144927536231884,0.8085323093492927,0.38,0.7503196597099304,0.6508662917248238,1,65.09,0.6508662917248238,1,65.09,HOLD,0.5443,0.0886,High Volatility,0.0,0.0,unavailable_no_point_in_time_source,True,307.95,307.95001220703125,2026-04-17,312.1000061035156,1.3476,1,2026-04-21,318.04998779296875,3.2797,1.0,2026-04-23,309.79998779296875,0.6007,1.0,2026-04-30,300.45001220703125,-2.4355,0.0,0,1,1,0,0,1,1.3476,1,1.0,1.0,0.0,0.0,0.0,3.2797,0.0,1.0,1.0,0.0,0.0,1.0,0.6007,1.0,0.0,0.0,1.0,1.0,1.0,-2.4355,1.0,65-70,65-70
AARTIIND.NS|2026-04-23|ensemble_lr0.20_rf0.30_xgb0.50,AARTIIND.NS,2026-04-23,ensemble_lr0.20_rf0.30_xgb0.50,2025-04-24,2026-04-23,2026-04-20,2025-05-22,2026-04-22,2026-04-23,227,2026-04-23,False,0,0.5579710144927537,0.5114906024757292,0.38,0.2767953872680664,0.35469581412917905,0,64.53,0.35469581412917905,0,64.53,BUY,0.5838,0.1676,High Volatility,0.835,0.0,unavailable_no_point_in_time_source,True,464.98,464.9756774902344,2026-04-24,471.8121032714844,1.4703,1,2026-04-28,500.7046813964844,7.6841,1.0,2026-04-30,506.4931640625,8.929,1.0,2026-05-08,484.4869079589844,4.1962,1.0,0,0,0,0,0,1,1.4693,1,0.0,0.0,0.0,0.0,1.0,7.6831,1.0,0.0,0.0,0.0,0.0,1.0,8.9279,1.0,0.0,0.0,0.0,0.0,1.0,4.1952,1.0,60-65,60-65
ABCAPITAL.NS|2026-04-23|ensemble_lr0.20_rf0.30_xgb0.50,ABCAPITAL.NS,2026-04-23,ensemble_lr0.20_rf0.30_xgb0.50,2025-04-24,2026-04-23,2026-04-20,2025-05-22,2026-04-22,2026-04-23,227,2026-04-23,False,1,0.5072463768115942,0.756377391085736,0.48,0.7777494192123413,0.6841501878233178,1,68.42,0.6841501878233178,1,68.42,BUY,0.6628,0.3256,High Volatility,0.335,0.0,unavailable_no_point_in_time_source,True,349.75,349.75,2026-04-24,340.6000061035156,-2.6162,0,2026-04-28,338.29998779296875,-3.2738,0.0,2026-04-30,345.5,-1.2152,0.0,2026-05-08,362.95001220703125,3.7741,1.0,0,0,0,0,1,0,-2.6162,0,0.0,0.0,0.0,1.0,0.0,-3.2738,0.0,0.0,0.0,0.0,1.0,0.0,-1.2152,0.0,1.0,1.0,1.0,0.0,1.0,3.7741,1.0,65-70,65-70
ABFRL.NS|2026-04-23|ensemble_lr0.20_rf0.30_xgb0.50,ABFRL.NS,2026-04-23,ensemble_lr0.20_rf0.30_xgb0.50,2025-04-24,2026-04-23,2026-04-20,2025-05-22,2026-04-22,2026-04-23,227,2026-04-23,False,0,0.5362318840579711,0.5073211141888697,0.44,0.37739861011505127,0.4221635278952996,0,57.78,0.4221635278952996,0,57.78,HOLD,0.4312,-0.1377,High Volatility,-0.165,0.0,unavailable_no_point_in_time_source,True,63.2,63.20000076293945,2026-04-24,61.790000915527344,-2.231,0,2026-04-28,63.58000183105469,0.6013,1.0,2026-04-30,64.19999694824219,1.5823,1.0,2026-05-08,66.33000183105469,4.9525,1.0,0,1,1,1,1,1,-2.231,1,0.0,0.0,0.0,0.0,1.0,0.6013,1.0,0.0,0.0,0.0,0.0,1.0,1.5823,1.0,0.0,0.0,0.0,0.0,0.0,4.9525,0.0,55-60,55-60
ADANIPORTS.NS|2026-04-23|ensemble_lr0.20_rf0.30_xgb0.50,ADANIPORTS.NS,2026-04-23,ensemble_lr0.20_rf0.30_xgb0.50,2025-04-24,2026-04-23,2026-04-20,2025-05-22,2026-04-22,2026-04-23,227,2026-04-23,False,0,0.49275362318840576,0.23242399879634876,0.44,0.4904218018054962,0.4236957006620179,0,57.63,0.4236957006620179,0,57.63,BUY,0.6636,0.3272,Bullish,1.0,0.0,unavailable_no_point_in_time_source,True,1596.17,1596.1729736328125,2026-04-24,1578.4476318359375,-1.1105,0,2026-04-28,1630.7274169921875,2.1648,1.0,2026-04-30,1650.3447265625,3.3939,1.0,2026-05-08,1753.0120849609375,9.8259,1.0,1,1,1,1,0,0,-1.1103,0,0.0,0.0,0.0,1.0,1.0,2.165,1.0,0.0,0.0,0.0,1.0,1.0,3.394,1.0,0.0,0.0,0.0,1.0,1.0,9.8262,1.0,55-60,55-60
APOLLOTYRE.NS|2026-04-23|ensemble_lr0.20_rf0.30_xgb0.50,APOLLOTYRE.NS,2026-04-23,ensemble_lr0.20_rf0.30_xgb0.50,2025-04-24,2026-04-23,2026-04-20,2025-05-22,2026-04-22,2026-04-23,227,2026-04-23,False,0,0.4202898550724638,0.5144431842700575,0.38,0.3198060989379883,0.37679168632300564,0,62.32,0.37679168632300564,0,62.32,SELL,0.4018,-0.1964,Sideways,-0.335,0.0,unavailable_no_point_in_time_source,True,429.99,429.990966796875,2026-04-24,421.4398498535156,-1.9887,0,2026-04-28,421.240966796875,-2.0349,0.0,2026-04-30,406.07769775390625,-5.5613,0.0,2026-05-08,406.9228515625,-5.3648,0.0,0,1,1,1,1,1,-1.9885,1,1.0,1.0,1.0,1.0,1.0,-2.0347,1.0,1.0,1.0,1.0,1.0,1.0,-5.5611,1.0,1.0,1.0,1.0,1.0,1.0,-5.3646,1.0,60-65,60-65
ASHOKLEY.NS|2026-04-23|ensemble_lr0.20_rf0.30_xgb0.50,ASHOKLEY.NS,2026-04-23,ensemble_lr0.20_rf0.30_xgb0.50,2025-04-24,2026-04-23,2026-04-20,2025-05-22,2026-04-22,2026-04-23,227,2026-04-23,False,1,0.5579710144927535,0.6843531182522399,0.58,0.23470112681388855,0.4282211870573922,0,57.18,0.4282211870573922,0,57.18,HOLD,0.4337,-0.1325,High Volatility,0.0,0.0,unavailable_no_point_in_time_source,True,167.77,167.76805114746094,2026-04-24,167.05027770996094,-0.4278,0,2026-04-28,164.71022033691406,-1.8227,0.0,2026-04-30,159.37127685546875,-5.005,0.0,2026-05-08,165.7425994873047,-1.2073,0.0,0,1,1,0,1,1,-0.429,1,1.0,1.0,0.0,1.0,1.0,-1.8238,1.0,1.0,1.0,0.0,1.0,0.0,-5.0061,0.0,1.0,1.0,0.0,1.0,1.0,-1.2084,1.0,55-60,55-60
ASIANPAINT.NS|2026-04-23|ensemble_lr0.20_rf0.30_xgb0.50,ASIANPAINT.NS,2026-04-23,ensemble_lr0.20_rf0.30_xgb0.50,2025-04-24,2026-04-23,2026-04-20,2025-05-22,2026-04-22,2026-04-23,227,2026-04-23,False,1,0.463768115942029,0.635489870011214,0.58,0.5107446312904358,0.5564702896474607,1,55.65,0.5564702896474607,1,55.65,BUY,0.693,0.386,Bullish,0.0,0.0,unavailable_no_point_in_time_source,True,2499.71,2499.71240234375,2026-04-24,2463.724853515625,-1.4397,0,2026-04-28,2441.41845703125,-2.332,0.0,2026-04-30,2423.473876953125,-3.0499,0.0,2026-05-08,2577.537109375,3.1133,1.0,0,0,0,0,1,0,-1.4396,0,0.0,0.0,0.0,1.0,0.0,-2.3319,0.0,0.0,0.0,0.0,1.0,0.0,-3.0498,0.0,1.0,1.0,1.0,0.0,1.0,3.1134,1.0,55-60,55-60
ASTRAL.NS|2026-04-23|ensemble_lr0.20_rf0.30_xgb0.50,ASTRAL.NS,2026-04-23,ensemble_lr0.20_rf0.30_xgb0.50,2025-04-24,2026-04-23,2026-04-20,2025-05-22,2026-04-22,2026-04-23,227,2026-04-23,False,0,0.5362318840579711,0.49362790535543866,0.5,0.3127076327800751,0.40507939746112526,0,59.49,0.40507939746112526,0,59.49,HOLD,0.4444,-0.1111,High Volatility,0.17,0.0,unavailable_no_point_in_time_source,True,1572.43,1572.4268798828125,2026-04-24,1560.7452392578125,-0.7429,0,2026-04-28,1546.4677734375,-1.6509,0.0,2026-04-30,1527.2978515625,-2.87,0.0,2026-05-08,1567.3349609375,-0.3238,0.0,0,1,1,1,1,1,-0.7431,1,1.0,1.0,1.0,1.0,1.0,-1.6511,1.0,1.0,1.0,1.0,1.0,1.0,-2.8702,1.0,1.0,1.0,1.0,1.0,1.0,-0.324,1.0,55-60,55-60
AXISBANK.NS|2026-04-23|ensemble_lr0.20_rf0.30_xgb0.50,AXISBANK.NS,2026-04-23,ensemble_lr0.20_rf0.30_xgb0.50,2025-04-24,2026-04-23,2026-04-20,2025-05-22,2026-04-22,2026-04-23,227,2026-04-23,False,1,0.49275362318840576,0.2720707923183908,0.4,0.49075695872306824,0.41979263782521226,0,58.02,0.41979263782521226,0,58.02,BUY,0.6634,0.3269,Bullish,1.0,0.0,unavailable_no_point_in_time_source,True,1368.54,1368.5445556640625,2026-04-24,1364.847412109375,-0.2702,0,2026-04-28,1288.0067138671875,-5.8849,0.0,2026-04-30,1267.3226318359375,-7.3963,0.0,2026-05-08,1267.3226318359375,-7.3963,0.0,0,1,1,0,1,0,-0.2698,0,1.0,1.0,0.0,1.0,0.0,-5.8846,0.0,1.0,1.0,0.0,1.0,0.0,-7.396,0.0,1.0,1.0,0.0,1.0,0.0,-7.396,0.0,55-60,55-60
BAJFINANCE.NS|2026-04-23|ensemble_lr0.20_rf0.30_xgb0.50,BAJFINANCE.NS,2026-04-23,ensemble_lr0.20_rf0.30_xgb0.50,2025-04-24,2026-04-23,2026-04-20,2025-05-22,2026-04-22,2026-04-23,227,2026-04-23,False,1,0.5652173913043478,0.69035438902488,0.56,0.572701632976532,0.592421694293242,1,59.24,0.592421694293242,1,59.24,HOLD,0.5771,0.1542,High Volatility,-0.165,0.0,unavailable_no_point_in_time_source,True,912.74,912.7391967773438,2026-04-24,915.9196166992188,0.3484,1,2026-04-28,918.0068359375,0.5771,1.0,2026-04-30,931.2752685546875,2.0308,1.0,2026-05-08,949.5131225585938,4.029,1.0,0,1,1,1,0,1,0.3484,1,1.0,1.0,1.0,0.0,1.0,0.577,1.0,1.0,1.0,1.0,0.0,1.0,2.0307,1.0,1.0,1.0,1.0,0.0,0.0,4.0289,0.0,55-60,55-60
BEL.NS|2026-04-23|ensemble_lr0.20_rf0.30_xgb0.50,BEL.NS,2026-04-23,ensemble_lr0.20_rf0.30_xgb0.50,2025-04-24,2026-04-23,2026-04-20,2025-05-22,2026-04-22,2026-04-23,227,2026-04-23,False,0,0.5144927536231884,0.5873598305806129,0.52,0.6016463041305542,0.5742951181813997,1,57.43,0.5742951181813997,1,57.43,BUY,0.6541,0.3082,Sideways,0.67,0.0,unavailable_no_point_in_time_source,True,449.34,449.3399963378906,2026-04-24,443.84747314453125,-1.2224,0,2026-04-28,435.15924072265625,-3.1559,0.0,2026-04-30,430.71527099609375,-4.1449,0.0,2026-05-08,439.1039123535156,-2.278,0.0,1,0,0,1,0,0,-1.2224,0,0.0,0.0,1.0,0.0,0.0,-3.1559,0.0,0.0,0.0,1.0,0.0,0.0,-4.1449,0.0,0.0,0.0,1.0,0.0,0.0,-2.278,0.0,55-60,55-60
BPCL.NS|2026-04-23|ensemble_lr0.20_rf0.30_xgb0.50,BPCL.NS,2026-04-23,ensemble_lr0.20_rf0.30_xgb0.50,2025-04-24,2026-04-23,2026-04-20,2025-05-22,2026-04-22,2026-04-23,227,2026-04-23,False,0,0.5,0.7499732894997386,0.54,0.6422185897827148,0.6331039527913052,1,63.31,0.6331039527913052,1,63.31,HOLD,0.5559,0.1118,High Volatility,0.0,0.0,unavailable_no_point_in_time_source,True,309.8,309.79998779296875,2026-04-24,308.1000061035156,-0.5487,0,2026-04-28,307.75,-0.6617,0.0,2026-04-30,300.45001220703125,-3.0181,0.0,2026-05-08,302.75,-2.2757,0.0,0,0,0,1,1,1,-0.5487,1,0.0,0.0,1.0,1.0,1.0,-0.6617,1.0,0.0,0.0,1.0,1.0,0.0,-3.0181,0.0,0.0,0.0,1.0,1.0,1.0,-2.2757,1.0,60-65,60-65
ABCAPITAL.NS|2026-04-30|ensemble_lr0.20_rf0.30_xgb0.50,ABCAPITAL.NS,2026-04-30,ensemble_lr0.20_rf0.30_xgb0.50,2025-05-02,2026-04-30,2026-04-27,2025-05-29,2026-04-29,2026-04-30,227,2026-04-30,False,1,0.4927536231884058,0.6630163255021465,0.62,0.7288709282875061,0.6830387292441824,1,68.3,0.6830387292441824,1,68.3,BUY,0.65,0.3001,High Volatility,0.165,0.0,unavailable_no_point_in_time_source,True,345.5,345.5,2026-05-04,345.8500061035156,0.1013,1,2026-05-06,369.29998779296875,6.8886,1.0,2026-05-08,362.95001220703125,5.0507,1.0,2026-05-15,357.1499938964844,3.3719,1.0,0,1,1,1,0,1,0.1013,1,1.0,1.0,1.0,0.0,1.0,6.8886,1.0,1.0,1.0,1.0,0.0,1.0,5.0507,1.0,1.0,1.0,1.0,0.0,1.0,3.3719,1.0,65-70,65-70
ANGELONE.NS|2026-04-30|ensemble_lr0.20_rf0.30_xgb0.50,ANGELONE.NS,2026-04-30,ensemble_lr0.20_rf0.30_xgb0.50,2025-05-02,2026-04-30,2026-04-27,2025-05-29,2026-04-29,2026-04-30,227,2026-04-30,False,0,0.5507246376811593,0.6282675761966667,0.26,0.4521224796772003,0.4297147550779335,0,57.03,0.4297147550779335,0,57.03,HOLD,0.5469,0.0938,High Volatility,0.665,0.0,unavailable_no_point_in_time_source,True,307.76,307.7582092285156,2026-05-04,306.7513427734375,-0.3272,0,2026-05-06,315.87310791015625,2.6368,1.0,2026-05-08,324.9949035644531,5.6007,1.0,2026-05-15,305.9039611816406,-0.6025,0.0,0,1,1,1,1,1,-0.3277,1,0.0,0.0,0.0,0.0,1.0,2.6362,1.0,0.0,0.0,0.0,0.0,0.0,5.6001,0.0,1.0,1.0,1.0,1.0,1.0,-0.6031,1.0,55-60,55-60
APOLLOTYRE.NS|2026-04-30|ensemble_lr0.20_rf0.30_xgb0.50,APOLLOTYRE.NS,2026-04-30,ensemble_lr0.20_rf0.30_xgb0.50,2025-05-02,2026-04-30,2026-04-27,2025-05-29,2026-04-29,2026-04-30,227,2026-04-30,False,0,0.463768115942029,0.7956687241072877,0.66,0.8239719271659851,0.7691197084044501,1,76.91,0.7691197084044501,1,76.91,HOLD,0.4682,-0.0637,High Volatility,-1.0,0.0,unavailable_no_point_in_time_source,True,406.08,406.07769775390625,2026-05-04,407.1217346191406,0.2571,1,2026-05-06,410.30352783203125,1.0406,1.0,2026-05-08,406.9228515625,0.2081,1.0,2026-05-15,392.2567443847656,-3.4035,0.0,0,1,1,0,0,1,0.2565,1,1.0,1.0,0.0,0.0,1.0,1.0401,1.0,1.0,1.0,0.0,0.0,1.0,0.2076,1.0,0.0,0.0,1.0,1.0,0.0,-3.4041,0.0,75-80,75-80
ASHOKLEY.NS|2026-04-30|ensemble_lr0.20_rf0.30_xgb0.50,ASHOKLEY.NS,2026-04-30,ensemble_lr0.20_rf0.30_xgb0.50,2025-05-02,2026-04-30,2026-04-27,2025-05-29,2026-04-29,2026-04-30,227,2026-04-30,False,1,0.463768115942029,0.22496812828767773,0.44,0.4899204969406128,0.42195387412784197,0,57.8,0.42195387412784197,0,57.8,SELL,0.3435,-0.313,High Volatility,-0.5,0.0,unavailable_no_point_in_time_source,True,159.37,159.37127685546875,2026-05-04,158.07342529296875,-0.8144,0,2026-05-06,164.9855194091797,3.5227,1.0,2026-05-08,165.7425994873047,3.9978,1.0,2026-05-15,150.5615692138672,-5.5278,0.0,0,1,1,0,1,1,-0.8136,1,0.0,0.0,1.0,0.0,0.0,3.5236,0.0,0.0,0.0,1.0,0.0,0.0,3.9986,0.0,1.0,1.0,0.0,1.0,1.0,-5.527,1.0,55-60,55-60
ASIANPAINT.NS|2026-04-30|ensemble_lr0.20_rf0.30_xgb0.50,ASIANPAINT.NS,2026-04-30,ensemble_lr0.20_rf0.30_xgb0.50,2025-05-02,2026-04-30,2026-04-27,2025-05-29,2026-04-29,2026-04-30,227,2026-04-30,False,1,0.5217391304347826,0.4129694276107533,0.2,0.21715551614761353,0.25117164359595745,0,74.88,0.25117164359595745,0,74.88,HOLD,0.5749,0.1498,Bullish,0.165,0.0,unavailable_no_point_in_time_source,True,2423.47,2423.473876953125,2026-05-04,2427.04296875,0.1473,1,2026-05-06,2497.333251953125,3.0477,1.0,2026-05-08,2577.537109375,6.3571,1.0,2026-05-15,2583.1884765625,6.5903,1.0,0,0,0,1,0,1,0.1474,1,0.0,0.0,1.0,0.0,0.0,3.0478,0.0,0.0,0.0,1.0,0.0,0.0,6.3573,0.0,0.0,0.0,1.0,0.0,0.0,6.5905,0.0,70-75,70-75
ASTRAL.NS|2026-04-30|ensemble_lr0.20_rf0.30_xgb0.50,ASTRAL.NS,2026-04-30,ensemble_lr0.20_rf0.30_xgb0.50,2025-05-02,2026-04-30,2026-04-27,2025-05-29,2026-04-29,2026-04-30,227,2026-04-30,False,0,0.5217391304347826,0.5088951122246331,0.6,0.8751594424247742,0.7193587436573137,1,71.94,0.7193587436573137,1,71.94,HOLD,0.5166,0.0331,High Volatility,-0.165,0.0,unavailable_no_point_in_time_source,True,1527.3,1527.2978515625,2026-05-04,1557.15087890625,1.9546,1,2026-05-06,1573.625,3.0333,1.0,2026-05-08,1567.3349609375,2.6214,1.0,2026-05-15,1548.36474609375,1.3794,1.0,0,1,1,0,0,1,1.9545,1,1.0,1.0,0.0,0.0,0.0,3.0331,0.0,1.0,1.0,0.0,0.0,1.0,2.6213,1.0,1.0,1.0,0.0,0.0,1.0,1.3792,1.0,70-75,70-75
AUBANK.NS|2026-04-30|ensemble_lr0.20_rf0.30_xgb0.50,AUBANK.NS,2026-04-30,ensemble_lr0.20_rf0.30_xgb0.50,2025-05-02,2026-04-30,2026-04-27,2025-05-29,2026-04-29,2026-04-30,227,2026-04-30,False,1,0.5797101449275363,0.7660402328235122,0.3,0.25500062108039856,0.3707083571049017,0,62.93,0.3707083571049017,0,62.93,HOLD,0.5418,0.0837,High Volatility,0.335,0.0,unavailable_no_point_in_time_source,True,1014.96,1014.96435546875,2026-05-04,1014.0152587890625,-0.0935,0,2026-05-06,1023.0065307617188,0.7924,1.0,2026-05-08,1049.3809814453125,3.3909,1.0,2026-05-15,989.5390014648438,-2.505,0.0,0,1,1,0,1,1,-0.0931,1,0.0,0.0,1.0,0.0,1.0,0.7928,1.0,0.0,0.0,1.0,0.0,0.0,3.3914,0.0,1.0,1.0,0.0,1.0,1.0,-2.5046,1.0,60-65,60-65
AXISBANK.NS|2026-04-30|ensemble_lr0.20_rf0.30_xgb0.50,AXISBANK.NS,2026-04-30,ensemble_lr0.20_rf0.30_xgb0.50,2025-05-02,2026-04-30,2026-04-27,2025-05-29,2026-04-29,2026-04-30,227,2026-04-30,False,0,0.49275362318840576,0.3080523383698785,0.46,0.33101654052734375,0.3651187379376476,0,63.49,0.3651187379376476,0,63.49,SELL,0.4179,-0.1642,Bearish,-0.165,0.0,unavailable_no_point_in_time_source,True,1267.32,1267.3226318359375,2026-05-04,1274.1173095703125,0.5361,1,2026-05-06,1293.20263671875,2.0421,1.0,2026-05-08,1267.3226318359375,0.0,0.0,2026-05-15,1243.8408203125,-1.8529,0.0,0,0,0,0,0,0,0.5364,0,0.0,0.0,0.0,0.0,0.0,2.0423,0.0,1.0,1.0,1.0,1.0,0.0,0.0002,0.0,1.0,1.0,1.0,1.0,1.0,-1.8527,1.0,60-65,60-65
BAJAJFINSV.NS|2026-04-30|ensemble_lr0.20_rf0.30_xgb0.50,BAJAJFINSV.NS,2026-04-30,ensemble_lr0.20_rf0.30_xgb0.50,2025-05-02,2026-04-30,2026-04-27,2025-05-29,2026-04-29,2026-04-30,227,2026-04-30,False,0,0.5,0.35784728496952906,0.5,0.7021991610527039,0.5726690375202577,1,57.27,0.5726690375202577,1,57.27,HOLD,0.4362,-0.1277,Sideways,-0.835,0.0,unavailable_no_point_in_time_source,True,1745.71,1745.7103271484375,2026-05-04,1768.890625,1.3278,1,2026-05-06,1834.5345458984375,5.0881,1.0,2026-05-08,1816.749755859375,4.0694,1.0,2026-05-15,1726.6265869140625,-1.0932,0.0,0,1,1,0,0,1,1.3279,1,1.0,1.0,0.0,0.0,0.0,5.0882,0.0,1.0,1.0,0.0,0.0,0.0,4.0694,0.0,0.0,0.0,1.0,1.0,1.0,-1.0932,1.0,55-60,55-60
BAJFINANCE.NS|2026-04-30|ensemble_lr0.20_rf0.30_xgb0.50,BAJFINANCE.NS,2026-04-30,ensemble_lr0.20_rf0.30_xgb0.50,2025-05-02,2026-04-30,2026-04-27,2025-05-29,2026-04-29,2026-04-30,227,2026-04-30,False,1,0.5072463768115942,0.5485157974427569,0.58,0.6820061206817627,0.6247062198294328,1,62.47,0.6247062198294328,1,62.47,BUY,0.6156,0.2312,High Volatility,0.0,0.0,unavailable_no_point_in_time_source,True,931.28,931.2752685546875,2026-05-04,944.3945922851562,1.4087,1,2026-05-06,974.7579345703125,4.6692,1.0,2026-05-08,949.5131225585938,1.9584,1.0,2026-05-15,904.887451171875,-2.8335,0.0,1,1,1,1,1,1,1.4082,1,1.0,1.0,1.0,1.0,1.0,4.6686,1.0,1.0,1.0,1.0,1.0,1.0,1.9579,1.0,0.0,0.0,0.0,0.0,0.0,-2.834,0.0,60-65,60-65
BPCL.NS|2026-04-30|ensemble_lr0.20_rf0.30_xgb0.50,BPCL.NS,2026-04-30,ensemble_lr0.20_rf0.30_xgb0.50,2025-05-02,2026-04-30,2026-04-27,2025-05-29,2026-04-29,2026-04-30,227,2026-04-30,False,0,0.5289855072463768,0.45251648837323544,0.44,0.3264073133468628,0.3857069543480785,0,61.43,0.3857069543480785,0,61.43,SELL,0.4086,-0.1828,High Volatility,-0.165,0.0,unavailable_no_point_in_time_source,True,300.45,300.45001220703125,2026-05-04,301.70001220703125,0.416,1,2026-05-06,314.04998779296875,4.5265,1.0,2026-05-08,302.75,0.7655,1.0,2026-05-15,284.45001220703125,-5.3253,0.0,0,0,0,0,0,0,0.416,0,0.0,0.0,0.0,0.0,0.0,4.5265,0.0,0.0,0.0,0.0,0.0,0.0,0.7655,0.0,1.0,1.0,1.0,1.0,1.0,-5.3253,1.0,60-65,60-65
AARTIIND.NS|2026-05-08|ensemble_lr0.20_rf0.30_xgb0.50,AARTIIND.NS,2026-05-08,ensemble_lr0.20_rf0.30_xgb0.50,2025-05-09,2026-05-08,2026-05-04,2025-06-05,2026-05-07,2026-05-08,227,2026-05-08,False,0,0.463768115942029,0.27998083888492026,0.22,0.2667516767978668,0.2553720061759175,0,74.46,0.2553720061759175,0,74.46,HOLD,0.5089,0.0179,High Volatility,0.5,0.0,unavailable_no_point_in_time_source,True,484.49,484.4869079589844,2026-05-11,486.4829406738281,0.412,1,2026-05-13,467.62042236328125,-3.4813,0.0,2026-05-15,465.3249816894531,-3.9551,0.0,2026-05-22,475.2552490234375,-1.9055,0.0,0,0,0,0,0,1,0.4113,1,1.0,1.0,1.0,1.0,0.0,-3.4819,0.0,1.0,1.0,1.0,1.0,0.0,-3.9557,0.0,1.0,1.0,1.0,1.0,1.0,-1.9061,1.0,70-75,70-75
ABCAPITAL.NS|2026-05-08|ensemble_lr0.20_rf0.30_xgb0.50,ABCAPITAL.NS,2026-05-08,ensemble_lr0.20_rf0.30_xgb0.50,2025-05-09,2026-05-08,2026-05-04,2025-06-05,2026-05-07,2026-05-08,227,2026-05-08,False,1,0.463768115942029,0.42730708267435563,0.32,0.31547364592552185,0.33919823949763206,0,66.08,0.33919823949763206,0,66.08,HOLD,0.5606,0.1212,High Volatility,1.0,0.0,unavailable_no_point_in_time_source,True,362.95,362.95001220703125,2026-05-11,352.95001220703125,-2.7552,0,2026-05-13,344.29998779296875,-5.1385,0.0,2026-05-15,357.1499938964844,-1.598,0.0,2026-05-22,357.29998779296875,-1.5567,0.0,0,1,1,0,1,1,-2.7552,1,1.0,1.0,0.0,1.0,0.0,-5.1385,0.0,1.0,1.0,0.0,1.0,1.0,-1.598,1.0,1.0,1.0,0.0,1.0,1.0,-1.5567,1.0,65-70,65-70
ABFRL.NS|2026-05-08|ensemble_lr0.20_rf0.30_xgb0.50,ABFRL.NS,2026-05-08,ensemble_lr0.20_rf0.30_xgb0.50,2025-05-09,2026-05-08,2026-05-04,2025-06-05,2026-05-07,2026-05-08,227,2026-05-08,False,0,0.5507246376811594,0.5192871548207523,0.54,0.6810532808303833,0.6063840713793421,1,60.64,0.6063840713793421,1,60.64,BUY,0.6323,0.2647,High Volatility,0.165,0.0,unavailable_no_point_in_time_source,True,66.33,66.33000183105469,2026-05-11,64.98999786376953,-2.0202,0,2026-05-13,63.59000015258789,-4.1309,0.0,2026-05-15,62.65999984741211,-5.5329,0.0,2026-05-22,67.3499984741211,1.5378,1.0,0,0,0,1,1,0,-2.0202,0,0.0,0.0,1.0,1.0,0.0,-4.1309,0.0,0.0,0.0,1.0,1.0,0.0,-5.5329,0.0,1.0,1.0,0.0,0.0,1.0,1.5378,1.0,60-65,60-65
ANGELONE.NS|2026-05-08|ensemble_lr0.20_rf0.30_xgb0.50,ANGELONE.NS,2026-05-08,ensemble_lr0.20_rf0.30_xgb0.50,2025-05-09,2026-05-08,2026-05-04,2025-06-05,2026-05-07,2026-05-08,227,2026-05-08,False,0,0.5434782608695653,0.4490860266452369,0.54,0.6832367777824402,0.5934355942202675,1,59.34,0.5934355942202675,1,59.34,BUY,0.7051,0.4103,High Volatility,0.665,0.0,unavailable_no_point_in_time_source,True,324.99,324.9949035644531,2026-05-11,316.2220458984375,-2.6994,0,2026-05-13,297.23077392578125,-8.5429,0.0,2026-05-15,305.9039611816406,-5.8742,0.0,2026-05-22,338.3037414550781,4.0951,1.0,1,0,0,1,0,0,-2.6979,0,0.0,0.0,1.0,0.0,0.0,-8.5416,0.0,0.0,0.0,1.0,0.0,0.0,-5.8728,0.0,1.0,1.0,0.0,1.0,1.0,4.0967,1.0,55-60,55-60
APOLLOTYRE.NS|2026-05-08|ensemble_lr0.20_rf0.30_xgb0.50,APOLLOTYRE.NS,2026-05-08,ensemble_lr0.20_rf0.30_xgb0.50,2025-05-09,2026-05-08,2026-05-04,2025-06-05,2026-05-07,2026-05-08,227,2026-05-08,False,0,0.4275362318840579,0.4828088969845293,0.36,0.38413205742836,0.39662780811108583,0,60.34,0.39662780811108583,0,60.34,SELL,0.3363,-0.3275,Sideways,-0.835,0.0,unavailable_no_point_in_time_source,True,406.92,406.9228515625,2026-05-11,403.39306640625,-0.8674,0,2026-05-13,394.1956481933594,-3.1277,0.0,2026-05-15,392.2567443847656,-3.6041,0.0,2026-05-22,369.685791015625,-9.1509,0.0,0,1,1,1,1,1,-0.8667,1,1.0,1.0,1.0,1.0,1.0,-3.127,1.0,1.0,1.0,1.0,1.0,1.0,-3.6035,1.0,1.0,1.0,1.0,1.0,1.0,-9.1503,1.0,60-65,60-65
AUBANK.NS|2026-05-08|ensemble_lr0.20_rf0.30_xgb0.50,AUBANK.NS,2026-05-08,ensemble_lr0.20_rf0.30_xgb0.50,2025-05-09,2026-05-08,2026-05-04,2025-06-05,2026-05-07,2026-05-08,227,2026-05-08,False,1,0.4710144927536232,0.42186001970072035,0.54,0.36623841524124146,0.4294912115607648,0,57.05,0.4294912115607648,0,57.05,BUY,0.6012,0.2023,Bullish,0.665,0.0,unavailable_no_point_in_time_source,True,1049.38,1049.3809814453125,2026-05-11,1020.4090576171875,-2.7609,0,2026-05-13,993.8348388671875,-5.2932,0.0,2026-05-15,989.5390014648438,-5.7026,0.0,2026-05-22,976.9512939453125,-6.9021,0.0,1,1,1,0,0,0,-2.7608,0,1.0,1.0,0.0,0.0,0.0,-5.2931,0.0,1.0,1.0,0.0,0.0,0.0,-5.7025,0.0,1.0,1.0,0.0,0.0,0.0,-6.902,0.0,55-60,55-60
AXISBANK.NS|2026-05-08|ensemble_lr0.20_rf0.30_xgb0.50,AXISBANK.NS,2026-05-08,ensemble_lr0.20_rf0.30_xgb0.50,2025-05-09,2026-05-08,2026-05-04,2025-06-05,2026-05-07,2026-05-08,227,2026-05-08,False,0,0.4275362318840579,0.6583901008696188,0.4,0.6160469651222229,0.5597015027350352,1,55.97,0.5597015027350352,1,55.97,HOLD,0.561,0.1219,Sideways,-0.165,0.0,unavailable_no_point_in_time_source,True,1267.32,1267.3226318359375,2026-05-11,1271.319580078125,0.3154,1,2026-05-13,1254.7322998046875,-0.9935,0.0,2026-05-15,1243.8408203125,-1.8529,0.0,2026-05-22,1284.409423828125,1.3483,1.0,0,1,1,0,0,1,0.3156,1,0.0,0.0,1.0,1.0,1.0,-0.9933,1.0,0.0,0.0,1.0,1.0,1.0,-1.8527,1.0,1.0,1.0,0.0,0.0,1.0,1.3485,1.0,55-60,55-60
BAJAJFINSV.NS|2026-05-08|ensemble_lr0.20_rf0.30_xgb0.50,BAJAJFINSV.NS,2026-05-08,ensemble_lr0.20_rf0.30_xgb0.50,2025-05-09,2026-05-08,2026-05-04,2025-06-05,2026-05-07,2026-05-08,227,2026-05-08,False,0,0.47826086956521735,0.42956361774131224,0.36,0.41295579075813293,0.4003906189273289,0,59.96,0.4003906189273289,0,59.96,SELL,0.4176,-0.1647,Sideways,-0.335,0.0,unavailable_no_point_in_time_source,True,1816.75,1816.749755859375,2026-05-11,1792.6702880859375,-1.3254,0,2026-05-13,1727.426025390625,-4.9167,0.0,2026-05-15,1726.6265869140625,-4.9607,0.0,2026-05-22,1764.494384765625,-2.8763,0.0,0,1,1,1,1,1,-1.3254,1,1.0,1.0,1.0,1.0,1.0,-4.9167,1.0,1.0,1.0,1.0,1.0,1.0,-4.9607,1.0,1.0,1.0,1.0,1.0,1.0,-2.8763,1.0,55-60,55-60
BAJFINANCE.NS|2026-05-08|ensemble_lr0.20_rf0.30_xgb0.50,BAJFINANCE.NS,2026-05-08,ensemble_lr0.20_rf0.30_xgb0.50,2025-05-09,2026-05-08,2026-05-04,2025-06-05,2026-05-07,2026-05-08,227,2026-05-08,False,1,0.5434782608695653,0.6688131985916862,0.66,0.7457031011581421,0.7046141902974083,1,70.46,0.7046141902974083,1,70.46,BUY,0.6782,0.3563,Bullish,0.33,0.0,unavailable_no_point_in_time_source,True,949.51,949.5131225585938,2026-05-11,930.3310546875,-2.0202,0,2026-05-13,890.6748657226562,-6.1967,0.0,2026-05-15,904.887451171875,-4.6998,0.0,2026-05-22,910.9501953125,-4.0613,0.0,0,0,0,0,1,0,-2.0199,0,0.0,0.0,0.0,1.0,0.0,-6.1964,0.0,0.0,0.0,0.0,1.0,0.0,-4.6995,0.0,0.0,0.0,0.0,1.0,0.0,-4.061,0.0,70-75,70-75
BEL.NS|2026-05-08|ensemble_lr0.20_rf0.30_xgb0.50,BEL.NS,2026-05-08,ensemble_lr0.20_rf0.30_xgb0.50,2025-05-09,2026-05-08,2026-05-04,2025-06-05,2026-05-07,2026-05-08,227,2026-05-08,False,0,0.5579710144927535,0.5150500079083674,0.68,0.7099573016166687,0.6619886523900078,1,66.2,0.6619886523900078,1,66.2,HOLD,0.572,0.1441,Sideways,-0.165,0.0,unavailable_no_point_in_time_source,True,439.1,439.1039123535156,2026-05-11,431.3644104003906,-1.7626,0,2026-05-13,427.6694030761719,-2.6041,0.0,2026-05-15,423.0756530761719,-3.6502,0.0,2026-05-22,415.9852600097656,-5.265,0.0,1,0,0,1,0,1,-1.7617,1,0.0,0.0,1.0,0.0,1.0,-2.6032,1.0,0.0,0.0,1.0,0.0,0.0,-3.6494,0.0,0.0,0.0,1.0,0.0,0.0,-5.2641,0.0,65-70,65-70
BPCL.NS|2026-05-08|ensemble_lr0.20_rf0.30_xgb0.50,BPCL.NS,2026-05-08,ensemble_lr0.20_rf0.30_xgb0.50,2025-05-09,2026-05-08,2026-05-04,2025-06-05,2026-05-07,2026-05-08,227,2026-05-08,False,0,0.47826086956521735,0.296159101076983,0.3,0.22892160713672638,0.2636926237837598,0,73.63,0.2636926237837598,0,73.63,SELL,0.4156,-0.1688,High Volatility,-0.165,0.0,unavailable_no_point_in_time_source,True,302.75,302.75,2026-05-11,294.45001220703125,-2.7415,0,2026-05-13,297.1000061035156,-1.8662,0.0,2026-05-15,284.45001220703125,-6.0446,0.0,2026-05-22,295.6000061035156,-2.3617,0.0,0,1,1,1,1,1,-2.7415,1,1.0,1.0,1.0,1.0,1.0,-1.8662,1.0,1.0,1.0,1.0,1.0,1.0,-6.0446,1.0,1.0,1.0,1.0,1.0,1.0,-2.3617,1.0,70-75,70-75
AARTIIND.NS|2026-05-15|ensemble_lr0.20_rf0.30_xgb0.50,AARTIIND.NS,2026-05-15,ensemble_lr0.20_rf0.30_xgb0.50,2025-05-16,2026-05-15,2026-05-11,2025-06-12,2026-05-14,2026-05-15,227,2026-05-15,False,0,0.5072463768115942,0.31895393170261344,0.4,0.3474581241607666,0.357519848420906,0,64.25,0.357519848420906,0,64.25,HOLD,0.4739,-0.0522,High Volatility,0.335,0.0,unavailable_no_point_in_time_source,True,465.32,465.3249816894531,2026-05-18,460.2850036621094,-1.0831,0,2026-05-20,462.4307556152344,-0.622,0.0,2026-05-22,475.2552490234375,2.134,1.0,2026-06-01,469.96575927734375,0.9973,1.0,0,1,1,1,1,1,-1.0821,1,1.0,1.0,1.0,1.0,1.0,-0.6209,1.0,0.0,0.0,0.0,0.0,1.0,2.1351,1.0,0.0,0.0,0.0,0.0,1.0,0.9984,1.0,60-65,60-65
ABCAPITAL.NS|2026-05-15|ensemble_lr0.20_rf0.30_xgb0.50,ABCAPITAL.NS,2026-05-15,ensemble_lr0.20_rf0.30_xgb0.50,2025-05-16,2026-05-15,2026-05-11,2025-06-12,2026-05-14,2026-05-15,227,2026-05-15,False,1,0.5,0.6481546285910277,0.36,0.3681595027446747,0.4217106770905429,0,57.83,0.4217106770905429,0,57.83,HOLD,0.5085,0.017,High Volatility,0.5,0.0,unavailable_no_point_in_time_source,True,357.15,357.1499938964844,2026-05-18,350.1000061035156,-1.974,0,2026-05-20,353.1000061035156,-1.134,0.0,2026-05-22,357.29998779296875,0.042,1.0,2026-06-01,350.54998779296875,-1.848,0.0,1,1,1,0,0,1,-1.974,1,1.0,1.0,0.0,0.0,1.0,-1.134,1.0,0.0,0.0,1.0,1.0,1.0,0.042,1.0,1.0,1.0,0.0,0.0,1.0,-1.848,1.0,55-60,55-60
ABFRL.NS|2026-05-15|ensemble_lr0.20_rf0.30_xgb0.50,ABFRL.NS,2026-05-15,ensemble_lr0.20_rf0.30_xgb0.50,2025-05-16,2026-05-15,2026-05-11,2025-06-12,2026-05-14,2026-05-15,227,2026-05-15,False,0,0.6014492753623188,0.5161594212777693,0.22,0.14598236978054047,0.2422230691458241,0,75.78,0.2422230691458241,0,75.78,SELL,0.375,-0.25,High Volatility,-0.33,0.0,unavailable_no_point_in_time_source,True,62.66,62.65999984741211,2026-05-18,61.959999084472656,-1.1171,0,2026-05-20,62.529998779296875,-0.2075,0.0,2026-05-22,67.3499984741211,7.4848,1.0,2026-06-01,62.7599983215332,0.1596,1.0,0,1,1,1,1,1,-1.1171,1,1.0,1.0,1.0,1.0,1.0,-0.2075,1.0,0.0,0.0,0.0,0.0,0.0,7.4848,0.0,0.0,0.0,0.0,0.0,0.0,0.1596,0.0,75-80,75-80
ANGELONE.NS|2026-05-15|ensemble_lr0.20_rf0.30_xgb0.50,ANGELONE.NS,2026-05-15,ensemble_lr0.20_rf0.30_xgb0.50,2025-05-16,2026-05-15,2026-05-11,2025-06-12,2026-05-14,2026-05-15,227,2026-05-15,False,1,0.5,0.19715587942587046,0.48,0.45158252120018005,0.40922243648526413,0,59.08,0.40922243648526413,0,59.08,HOLD,0.5031,0.0061,High Volatility,0.5,0.0,unavailable_no_point_in_time_source,True,305.9,305.9039611816406,2026-05-18,303.0129089355469,-0.9451,0,2026-05-20,323.99798583984375,5.9149,1.0,2026-05-22,338.3037414550781,10.5915,1.0,2026-06-01,334.5653076171875,9.3694,1.0,1,1,1,0,0,1,-0.9438,1,0.0,0.0,1.0,1.0,0.0,5.9163,0.0,0.0,0.0,1.0,1.0,0.0,10.5929,0.0,0.0,0.0,1.0,1.0,0.0,9.3708,0.0,55-60,55-60
APOLLOTYRE.NS|2026-05-15|ensemble_lr0.20_rf0.30_xgb0.50,APOLLOTYRE.NS,2026-05-15,ensemble_lr0.20_rf0.30_xgb0.50,2025-05-16,2026-05-15,2026-05-11,2025-06-12,2026-05-14,2026-05-15,227,2026-05-15,False,0,0.45652173913043476,0.09580313638971576,0.28,0.15759247541427612,0.18195686498508123,0,81.8,0.18195686498508123,0,81.8,SELL,0.3126,-0.3748,High Volatility,-1.0,0.0,unavailable_no_point_in_time_source,True,392.26,392.2567443847656,2026-05-18,373.0167541503906,-4.9049,0,2026-05-20,373.76251220703125,-4.7148,0.0,2026-05-22,369.685791015625,-5.7541,0.0,2026-06-01,383.1090393066406,-2.3321,0.0,0,1,1,1,1,1,-4.9057,1,1.0,1.0,1.0,1.0,1.0,-4.7156,1.0,1.0,1.0,1.0,1.0,1.0,-5.7549,1.0,1.0,1.0,1.0,1.0,1.0,-2.3329,1.0,80-85,80-85
ASHOKLEY.NS|2026-05-15|ensemble_lr0.20_rf0.30_xgb0.50,ASHOKLEY.NS,2026-05-15,ensemble_lr0.20_rf0.30_xgb0.50,2025-05-16,2026-05-15,2026-05-11,2025-06-12,2026-05-14,2026-05-15,227,2026-05-15,False,1,0.41304347826086957,0.4917195589269272,0.46,0.6970441341400146,0.5848659788553927,1,58.49,0.5848659788553927,1,58.49,HOLD,0.4617,-0.0766,High Volatility,-0.5,0.0,unavailable_no_point_in_time_source,True,150.56,150.5615692138672,2026-05-18,148.60494995117188,-1.2995,0,2026-05-20,151.0335235595703,0.3135,1.0,2026-05-22,155.55636596679688,3.3174,1.0,2026-06-01,147.26776123046875,-2.1877,0.0,0,0,0,0,1,1,-1.2985,1,1.0,1.0,1.0,0.0,1.0,0.3145,1.0,1.0,1.0,1.0,0.0,0.0,3.3185,0.0,0.0,0.0,0.0,1.0,1.0,-2.1867,1.0,55-60,55-60
ASIANPAINT.NS|2026-05-15|ensemble_lr0.20_rf0.30_xgb0.50,ASIANPAINT.NS,2026-05-15,ensemble_lr0.20_rf0.30_xgb0.50,2025-05-16,2026-05-15,2026-05-11,2025-06-12,2026-05-14,2026-05-15,227,2026-05-15,False,1,0.5,0.5505405350354176,0.28,0.3631739020347595,0.3756950580244633,0,62.43,0.3756950580244633,0,62.43,HOLD,0.5744,0.1488,Bullish,0.5,0.0,unavailable_no_point_in_time_source,True,2583.19,2583.1884765625,2026-05-18,2591.51611328125,0.3224,1,2026-05-20,2576.24853515625,-0.2687,0.0,2026-05-22,2617.09423828125,1.3126,1.0,2026-06-01,2609.757568359375,1.0285,1.0,0,0,0,1,0,1,0.3223,1,1.0,1.0,0.0,1.0,1.0,-0.2687,1.0,0.0,0.0,1.0,0.0,1.0,1.3125,1.0,0.0,0.0,1.0,0.0,1.0,1.0285,1.0,60-65,60-65
ASTRAL.NS|2026-05-15|ensemble_lr0.20_rf0.30_xgb0.50,ASTRAL.NS,2026-05-15,ensemble_lr0.20_rf0.30_xgb0.50,2025-05-16,2026-05-15,2026-05-11,2025-06-12,2026-05-14,2026-05-15,227,2026-05-15,False,0,0.5362318840579711,0.48357572118933884,0.46,0.36816951632499695,0.41879990240036624,0,58.12,0.41879990240036624,0,58.12,HOLD,0.4408,-0.1184,High Volatility,0.165,0.0,unavailable_no_point_in_time_source,True,1548.36,1548.36474609375,2026-05-18,1543.272705078125,-0.3289,0,2026-05-20,1441.432861328125,-6.9061,0.0,2026-05-22,1539.2789306640625,-0.5868,0.0,2026-06-01,1530.6925048828125,-1.1413,0.0,0,1,1,1,1,1,-0.3286,1,1.0,1.0,1.0,1.0,0.0,-6.9058,0.0,1.0,1.0,1.0,1.0,1.0,-0.5865,1.0,1.0,1.0,1.0,1.0,1.0,-1.141,1.0,55-60,55-60
AUBANK.NS|2026-05-15|ensemble_lr0.20_rf0.30_xgb0.50,AUBANK.NS,2026-05-15,ensemble_lr0.20_rf0.30_xgb0.50,2025-05-16,2026-05-15,2026-05-11,2025-06-12,2026-05-14,2026-05-15,227,2026-05-15,False,0,0.5144927536231884,0.4259494990628419,0.56,0.37485241889953613,0.44061610926233646,0,55.94,0.44061610926233646,0,55.94,HOLD,0.5005,0.0011,Sideways,0.335,0.0,unavailable_no_point_in_time_source,True,989.54,989.5390014648438,2026-05-18,978.0501708984375,-1.161,0,2026-05-20,973.0550537109375,-1.6658,0.0,2026-05-22,976.9512939453125,-1.2721,0.0,2026-06-01,968.2097778320312,-2.1555,0.0,0,1,1,1,1,1,-1.1611,1,1.0,1.0,1.0,1.0,1.0,-1.6659,1.0,1.0,1.0,1.0,1.0,1.0,-1.2722,1.0,1.0,1.0,1.0,1.0,1.0,-2.1556,1.0,55-60,55-60
BAJAJFINSV.NS|2026-05-15|ensemble_lr0.20_rf0.30_xgb0.50,BAJAJFINSV.NS,2026-05-15,ensemble_lr0.20_rf0.30_xgb0.50,2025-05-16,2026-05-15,2026-05-11,2025-06-12,2026-05-14,2026-05-15,227,2026-05-15,False,0,0.4202898550724638,0.44695872218558796,0.28,0.36678189039230347,0.3567826896332693,0,64.32,0.3567826896332693,0,64.32,SELL,0.3611,-0.2778,Sideways,-0.835,0.0,unavailable_no_point_in_time_source,True,1726.63,1726.6265869140625,2026-05-18,1751.6053466796875,1.4467,1,2026-05-20,1770.4892578125,2.5404,1.0,2026-05-22,1764.494384765625,2.1932,1.0,2026-06-01,1757.400390625,1.7823,1.0,0,0,0,0,0,0,1.4465,0,0.0,0.0,0.0,0.0,0.0,2.5402,0.0,0.0,0.0,0.0,0.0,0.0,2.193,0.0,0.0,0.0,0.0,0.0,0.0,1.7821,0.0,60-65,60-65
BAJFINANCE.NS|2026-05-15|ensemble_lr0.20_rf0.30_xgb0.50,BAJFINANCE.NS,2026-05-15,ensemble_lr0.20_rf0.30_xgb0.50,2025-05-16,2026-05-15,2026-05-11,2025-06-12,2026-05-14,2026-05-15,227,2026-05-15,False,1,0.5507246376811595,0.5348086052182635,0.4,0.2636287212371826,0.358776081662244,0,64.12,0.358776081662244,0,64.12,HOLD,0.4488,-0.1024,Sideways,0.0,0.0,unavailable_no_point_in_time_source,True,904.89,904.887451171875,2026-05-18,915.4723510742188,1.1697,1,2026-05-20,917.4601440429688,1.3894,1.0,2026-05-22,910.9501953125,0.67,1.0,2026-06-01,883.6182250976562,-2.3505,0.0,0,0,0,1,0,1,1.1695,1,0.0,0.0,1.0,0.0,1.0,1.3891,1.0,0.0,0.0,1.0,0.0,1.0,0.6697,1.0,1.0,1.0,0.0,1.0,1.0,-2.3508,1.0,60-65,60-65
BEL.NS|2026-05-15|ensemble_lr0.20_rf0.30_xgb0.50,BEL.NS,2026-05-15,ensemble_lr0.20_rf0.30_xgb0.50,2025-05-16,2026-05-15,2026-05-11,2025-06-12,2026-05-14,2026-05-15,227,2026-05-15,False,0,0.4855072463768116,0.5766646994406002,0.48,0.27573537826538086,0.39720062902081044,0,60.28,0.39720062902081044,0,60.28,SELL,0.4003,-0.1994,Sideways,-0.165,0.0,unavailable_no_point_in_time_source,True,423.08,423.0756530761719,2026-05-18,426.02166748046875,0.6963,1,2026-05-20,412.73968505859375,-2.4431,0.0,2026-05-22,415.9852600097656,-1.6759,0.0,2026-06-01,406.6479797363281,-3.8829,0.0,0,0,0,0,0,0,0.6953,0,1.0,1.0,1.0,1.0,1.0,-2.4441,1.0,1.0,1.0,1.0,1.0,1.0,-1.6769,1.0,1.0,1.0,1.0,1.0,1.0,-3.8839,1.0,60-65,60-65
AARTIIND.NS|2026-05-22|ensemble_lr0.20_rf0.30_xgb0.50,AARTIIND.NS,2026-05-22,ensemble_lr0.20_rf0.30_xgb0.50,2025-05-23,2026-05-22,2026-05-18,2025-06-19,2026-05-21,2026-05-22,227,2026-05-22,False,0,0.5,0.3176520844354676,0.22,0.359976589679718,0.30951871172695256,0,69.05,0.30951871172695256,0,69.05,HOLD,0.4996,-0.0008,High Volatility,0.5,0.0,unavailable_no_point_in_time_source,True,475.26,475.2552490234375,2026-05-25,481.6425476074219,1.344,1,2026-05-27,499.75653076171875,5.1554,1.0,2026-06-01,469.96575927734375,-1.113,0.0,2026-06-08,431.69183349609375,-9.1663,0.0,0,0,0,0,0,1,1.343,1,0.0,0.0,0.0,0.0,0.0,5.1543,0.0,1.0,1.0,1.0,1.0,1.0,-1.114,1.0,1.0,1.0,1.0,1.0,0.0,-9.1672,0.0,65-70,65-70
ABCAPITAL.NS|2026-05-22|ensemble_lr0.20_rf0.30_xgb0.50,ABCAPITAL.NS,2026-05-22,ensemble_lr0.20_rf0.30_xgb0.50,2025-05-23,2026-05-22,2026-05-18,2025-06-19,2026-05-21,2026-05-22,227,2026-05-22,False,1,0.5434782608695653,0.4194057755932154,0.42,0.27566230297088623,0.3477123066040862,0,65.23,0.3477123066040862,0,65.23,HOLD,0.5009,0.0018,High Volatility,0.5,0.0,unavailable_no_point_in_time_source,True,357.3,357.29998779296875,2026-05-25,363.6499938964844,1.7772,1,2026-05-27,364.8999938964844,2.1271,1.0,2026-06-01,350.54998779296875,-1.8892,0.0,2026-06-08,344.0,-3.7224,0.0,1,0,0,1,1,1,1.7772,1,0.0,0.0,1.0,1.0,1.0,2.1271,1.0,1.0,1.0,0.0,0.0,1.0,-1.8892,1.0,1.0,1.0,0.0,0.0,0.0,-3.7224,0.0,65-70,65-70
ABFRL.NS|2026-05-22|ensemble_lr0.20_rf0.30_xgb0.50,ABFRL.NS,2026-05-22,ensemble_lr0.20_rf0.30_xgb0.50,2025-05-23,2026-05-22,2026-05-18,2025-06-19,2026-05-21,2026-05-22,227,2026-05-22,False,0,0.463768115942029,0.5934979543659813,0.32,0.3492949306964874,0.38934705622143995,0,61.07,0.38934705622143995,0,61.07,HOLD,0.5363,0.0725,High Volatility,0.335,0.0,unavailable_no_point_in_time_source,True,67.35,67.3499984741211,2026-05-25,67.36000061035156,0.0149,1,2026-05-27,64.05999755859375,-4.8849,0.0,2026-06-01,62.7599983215332,-6.8151,0.0,2026-06-08,59.290000915527344,-11.9673,0.0,1,0,0,0,1,1,0.0148,1,1.0,1.0,1.0,0.0,0.0,-4.8849,0.0,1.0,1.0,1.0,0.0,0.0,-6.8151,0.0,1.0,1.0,1.0,0.0,0.0,-11.9673,0.0,60-65,60-65
ADANIENT.NS|2026-05-22|ensemble_lr0.20_rf0.30_xgb0.50,ADANIENT.NS,2026-05-22,ensemble_lr0.20_rf0.30_xgb0.50,2025-05-23,2026-05-22,2026-05-18,2025-06-19,2026-05-21,2026-05-22,227,2026-05-22,False,0,0.49275362318840576,0.49655680561996596,0.44,0.21547025442123413,0.33904648833461026,0,66.1,0.33904648833461026,0,66.1,HOLD,0.5572,0.1145,High Volatility,0.665,0.0,unavailable_no_point_in_time_source,True,2716.09,2716.085693359375,2026-05-25,2848.42626953125,4.8725,1,2026-05-27,2971.771484375,9.4138,1.0,2026-06-01,2908.099609375,7.0695,1.0,2026-06-08,2968.672607421875,9.2997,1.0,1,0,0,0,1,0,4.8723,0,0.0,0.0,0.0,1.0,0.0,9.4136,0.0,0.0,0.0,0.0,1.0,0.0,7.0693,0.0,0.0,0.0,0.0,1.0,0.0,9.2995,0.0,65-70,65-70
AMBER.NS|2026-05-22|ensemble_lr0.20_rf0.30_xgb0.50,AMBER.NS,2026-05-22,ensemble_lr0.20_rf0.30_xgb0.50,2025-05-23,2026-05-22,2026-05-18,2025-06-19,2026-05-21,2026-05-22,227,2026-05-22,False,1,0.572463768115942,0.5131792978511561,0.36,0.6976825594902039,0.5594771393153332,1,55.95,0.5594771393153332,1,55.95,BUY,0.606,0.2119,High Volatility,0.335,0.0,unavailable_no_point_in_time_source,True,7359.0,7359.0,2026-05-25,7461.5,1.3929,1,2026-05-27,7516.0,2.1334,1.0,2026-06-01,7623.5,3.5942,1.0,2026-06-08,7750.0,5.3132,1.0,0,1,1,1,0,1,1.3929,1,1.0,1.0,1.0,0.0,1.0,2.1334,1.0,1.0,1.0,1.0,0.0,1.0,3.5942,1.0,1.0,1.0,1.0,0.0,1.0,5.3132,1.0,55-60,55-60
ANGELONE.NS|2026-05-22|ensemble_lr0.20_rf0.30_xgb0.50,ANGELONE.NS,2026-05-22,ensemble_lr0.20_rf0.30_xgb0.50,2025-05-23,2026-05-22,2026-05-18,2025-06-19,2026-05-21,2026-05-22,227,2026-05-22,False,1,0.5362318840579711,0.21688821023943908,0.4,0.2958763539791107,0.3113158190374432,0,68.87,0.3113158190374432,0,68.87,BUY,0.5909,0.1818,High Volatility,1.0,0.0,unavailable_no_point_in_time_source,True,338.3,338.3037414550781,2026-05-25,345.3818664550781,2.0922,1,2026-05-27,335.9111633300781,-0.7072,0.0,2026-06-01,334.5653076171875,-1.1051,0.0,2026-06-08,324.6958312988281,-4.0224,0.0,0,0,0,1,0,1,2.0934,1,1.0,1.0,0.0,1.0,0.0,-0.7061,0.0,1.0,1.0,0.0,1.0,0.0,-1.104,0.0,1.0,1.0,0.0,1.0,0.0,-4.0213,0.0,65-70,65-70
APOLLOTYRE.NS|2026-05-22|ensemble_lr0.20_rf0.30_xgb0.50,APOLLOTYRE.NS,2026-05-22,ensemble_lr0.20_rf0.30_xgb0.50,2025-05-23,2026-05-22,2026-05-18,2025-06-19,2026-05-21,2026-05-22,227,2026-05-22,False,0,0.4855072463768116,0.3583440308592769,0.2,0.3401646316051483,0.30175112197442955,0,69.82,0.30175112197442955,0,69.82,SELL,0.3193,-0.3614,High Volatility,-1.0,0.0,unavailable_no_point_in_time_source,True,369.69,369.685791015625,2026-05-25,386.1417236328125,4.4513,1,2026-05-27,397.4768981933594,7.5175,1.0,2026-06-01,383.1090393066406,3.631,1.0,2026-06-08,382.66162109375,3.51,1.0,0,0,0,0,0,0,4.4501,0,0.0,0.0,0.0,0.0,0.0,7.5163,0.0,0.0,0.0,0.0,0.0,0.0,3.6298,0.0,0.0,0.0,0.0,0.0,0.0,3.5088,0.0,65-70,65-70
ASHOKLEY.NS|2026-05-22|ensemble_lr0.20_rf0.30_xgb0.50,ASHOKLEY.NS,2026-05-22,ensemble_lr0.20_rf0.30_xgb0.50,2025-05-23,2026-05-22,2026-05-18,2025-06-19,2026-05-21,2026-05-22,227,2026-05-22,False,1,0.5072463768115942,0.43378121798514263,0.56,0.6393494606018066,0.5744309738979319,1,57.44,0.5744309738979319,1,57.44,HOLD,0.4962,-0.0075,High Volatility,-0.335,0.0,unavailable_no_point_in_time_source,True,155.56,155.55636596679688,2026-05-25,161.32791137695312,3.7103,1,2026-05-27,160.87562561035156,3.4195,1.0,2026-06-01,147.26776123046875,-5.3284,0.0,2026-06-08,141.02000427246094,-9.3448,0.0,1,1,1,1,1,0,3.7078,0,1.0,1.0,1.0,1.0,0.0,3.4171,0.0,0.0,0.0,0.0,0.0,0.0,-5.3306,0.0,0.0,0.0,0.0,0.0,0.0,-9.3469,0.0,55-60,55-60
ASIANPAINT.NS|2026-05-22|ensemble_lr0.20_rf0.30_xgb0.50,ASIANPAINT.NS,2026-05-22,ensemble_lr0.20_rf0.30_xgb0.50,2025-05-23,2026-05-22,2026-05-18,2025-06-19,2026-05-21,2026-05-22,227,2026-05-22,False,1,0.4492753623188406,0.3758168595422504,0.6,0.3830755650997162,0.44670115445830816,0,55.33,0.44670115445830816,0,55.33,BUY,0.6193,0.2385,Bullish,0.665,0.0,unavailable_no_point_in_time_source,True,2617.09,2617.09423828125,2026-05-25,2634.939453125,0.6819,1,2026-05-27,2648.91796875,1.216,1.0,2026-06-01,2609.757568359375,-0.2803,0.0,2026-06-08,2636.3271484375,0.7349,1.0,1,0,0,1,1,1,0.682,1,0.0,0.0,1.0,1.0,1.0,1.2162,1.0,1.0,1.0,0.0,0.0,0.0,-0.2802,0.0,0.0,0.0,1.0,1.0,1.0,0.7351,1.0,55-60,55-60
ASTRAL.NS|2026-05-22|ensemble_lr0.20_rf0.30_xgb0.50,ASTRAL.NS,2026-05-22,ensemble_lr0.20_rf0.30_xgb0.50,2025-05-23,2026-05-22,2026-05-18,2025-06-19,2026-05-21,2026-05-22,227,2026-05-22,False,0,0.45652173913043476,0.37002237026882384,0.52,0.6853830814361572,0.5726960147718434,1,57.27,0.5726960147718434,1,57.27,HOLD,0.5362,0.0723,High Volatility,-0.335,0.0,unavailable_no_point_in_time_source,True,1539.28,1539.2789306640625,2026-05-25,1549.8624267578125,0.6876,1,2026-05-27,1596.089599609375,3.6907,1.0,2026-06-01,1530.6925048828125,-0.5578,0.0,2026-06-08,1508.826904296875,-1.9783,0.0,1,1,1,0,1,1,0.6875,1,1.0,1.0,0.0,1.0,0.0,3.6907,0.0,0.0,0.0,1.0,0.0,1.0,-0.5579,1.0,0.0,0.0,1.0,0.0,1.0,-1.9784,1.0,55-60,55-60
AUBANK.NS|2026-05-22|ensemble_lr0.20_rf0.30_xgb0.50,AUBANK.NS,2026-05-22,ensemble_lr0.20_rf0.30_xgb0.50,2025-05-23,2026-05-22,2026-05-18,2025-06-19,2026-05-21,2026-05-22,227,2026-05-22,False,0,0.5362318840579711,0.2730593464447663,0.34,0.4509364366531372,0.38208008761552187,0,61.79,0.38208008761552187,0,61.79,HOLD,0.4422,-0.1155,Sideways,-0.165,0.0,unavailable_no_point_in_time_source,True,976.95,976.9512939453125,2026-05-25,998.3305053710938,2.1884,1,2026-05-27,1004.0249633789062,2.7712,1.0,2026-06-01,968.2097778320312,-0.8948,0.0,2026-06-08,957.9697265625,-1.9429,0.0,1,0,0,0,1,1,2.1885,1,0.0,0.0,0.0,1.0,1.0,2.7714,1.0,1.0,1.0,1.0,0.0,1.0,-0.8946,1.0,1.0,1.0,1.0,0.0,1.0,-1.9428,1.0,60-65,60-65
AXISBANK.NS|2026-05-22|ensemble_lr0.20_rf0.30_xgb0.50,AXISBANK.NS,2026-05-22,ensemble_lr0.20_rf0.30_xgb0.50,2025-05-23,2026-05-22,2026-05-18,2025-06-19,2026-05-21,2026-05-22,227,2026-05-22,False,0,0.4710144927536232,0.3385164631950602,0.52,0.8103662133216858,0.6288863992998549,1,62.89,0.6288863992998549,1,62.89,HOLD,0.5259,0.0518,Sideways,-0.165,0.0,unavailable_no_point_in_time_source,True,1284.41,1284.409423828125,2026-05-25,1310.189453125,2.0072,1,2026-05-27,1303.094970703125,1.4548,1.0,2026-06-01,1274.916748046875,-0.7391,0.0,2026-06-08,1267.1226806640625,-1.3459,0.0,1,1,1,0,1,1,2.0071,1,1.0,1.0,0.0,1.0,1.0,1.4548,1.0,0.0,0.0,1.0,0.0,1.0,-0.7391,1.0,0.0,0.0,1.0,0.0,1.0,-1.3459,1.0,60-65,60-65
BAJAJFINSV.NS|2026-05-22|ensemble_lr0.20_rf0.30_xgb0.50,BAJAJFINSV.NS,2026-05-22,ensemble_lr0.20_rf0.30_xgb0.50,2025-05-23,2026-05-22,2026-05-18,2025-06-19,2026-05-21,2026-05-22,227,2026-05-22,False,0,0.4710144927536232,0.46251325590557496,0.6,0.6558857560157776,0.6004455291890038,1,60.04,0.6004455291890038,1,60.04,HOLD,0.467,-0.066,Sideways,-0.67,0.0,unavailable_no_point_in_time_source,True,1764.49,1764.494384765625,2026-05-25,1805.8590087890625,2.3443,1,2026-05-27,1807.5576171875,2.4405,1.0,2026-06-01,1757.400390625,-0.402,0.0,2026-06-08,1673.1722412109375,-5.1755,0.0,1,1,1,0,1,1,2.3445,1,1.0,1.0,0.0,1.0,1.0,2.4408,1.0,0.0,0.0,1.0,0.0,1.0,-0.4018,1.0,0.0,0.0,1.0,0.0,0.0,-5.1753,0.0,60-65,60-65
BAJFINANCE.NS|2026-05-22|ensemble_lr0.20_rf0.30_xgb0.50,BAJFINANCE.NS,2026-05-22,ensemble_lr0.20_rf0.30_xgb0.50,2025-05-23,2026-05-22,2026-05-18,2025-06-19,2026-05-21,2026-05-22,227,2026-05-22,False,1,0.5652173913043478,0.6597220932883153,0.78,0.5641657710075378,0.648027304161432,1,64.8,0.648027304161432,1,64.8,HOLD,0.5189,0.0379,Sideways,0.0,0.0,unavailable_no_point_in_time_source,True,910.95,910.9501953125,2026-05-25,936.1453247070312,2.7658,1,2026-05-27,925.4609985351562,1.5929,1.0,2026-06-01,883.6182250976562,-3.0004,0.0,2026-06-08,865.77783203125,-4.9588,0.0,1,1,1,1,1,1,2.7658,1,1.0,1.0,1.0,1.0,1.0,1.593,1.0,0.0,0.0,0.0,0.0,0.0,-3.0004,0.0,0.0,0.0,0.0,0.0,0.0,-4.9588,0.0,60-65,60-65
BEL.NS|2026-05-22|ensemble_lr0.20_rf0.30_xgb0.50,BEL.NS,2026-05-22,ensemble_lr0.20_rf0.30_xgb0.50,2025-05-23,2026-05-22,2026-05-18,2025-06-19,2026-05-21,2026-05-22,227,2026-05-22,False,0,0.5289855072463768,0.5933074322372061,0.44,0.33183518052101135,0.4165790767079469,0,58.34,0.4165790767079469,0,58.34,SELL,0.351,-0.2981,Bearish,-0.165,0.0,unavailable_no_point_in_time_source,True,415.99,415.9852600097656,2026-05-25,421.2781066894531,1.2724,1,2026-05-27,418.5318298339844,0.6122,1.0,2026-06-01,406.6479797363281,-2.2446,0.0,2026-06-08,412.3901672363281,-0.8642,0.0,0,0,0,0,0,0,1.2712,0,0.0,0.0,0.0,0.0,0.0,0.611,0.0,1.0,1.0,1.0,1.0,1.0,-2.2457,1.0,1.0,1.0,1.0,1.0,1.0,-0.8654,1.0,55-60,55-60
ABCAPITAL.NS|2026-06-01|ensemble_lr0.20_rf0.30_xgb0.50,ABCAPITAL.NS,2026-06-01,ensemble_lr0.20_rf0.30_xgb0.50,2025-06-02,2026-06-01,2026-06-01,2025-06-27,2026-05-28,2026-05-29,226,2026-06-01,False,0,0.5362318840579711,0.8005906337691729,0.4,0.5438910722732544,0.5520636628904618,1,55.21,0.5520636628904618,1,55.21,HOLD,0.5669,0.1339,Sideways,0.335,0.0,unavailable_no_point_in_time_source,True,350.55,350.54998779296875,2026-06-02,351.29998779296875,0.2139,1,2026-06-04,353.6499938964844,0.8843,1.0,2026-06-08,344.0,-1.8685,0.0,2026-06-15,368.20001220703125,5.035,1.0,0,1,1,0,0,1,0.2139,1,1.0,1.0,0.0,0.0,1.0,0.8843,1.0,0.0,0.0,1.0,1.0,1.0,-1.8685,1.0,1.0,1.0,0.0,0.0,0.0,5.0349,0.0,55-60,55-60
ABFRL.NS|2026-06-01|ensemble_lr0.20_rf0.30_xgb0.50,ABFRL.NS,2026-06-01,ensemble_lr0.20_rf0.30_xgb0.50,2025-06-02,2026-06-01,2026-06-01,2025-06-27,2026-05-28,2026-05-29,226,2026-06-01,False,0,0.5217391304347826,0.6689721878244295,0.5,0.779011607170105,0.6733002411499384,1,67.33,0.6733002411499384,1,67.33,HOLD,0.5524,0.1049,High Volatility,-0.165,0.0,unavailable_no_point_in_time_source,True,62.76,62.7599983215332,2026-06-02,61.900001525878906,-1.3703,0,2026-06-04,61.029998779296875,-2.7565,0.0,2026-06-08,59.290000915527344,-5.529,0.0,2026-06-15,61.040000915527344,-2.7406,0.0,0,0,0,1,1,1,-1.3703,1,0.0,0.0,1.0,1.0,1.0,-2.7565,1.0,0.0,0.0,1.0,1.0,0.0,-5.529,0.0,0.0,0.0,1.0,1.0,1.0,-2.7406,1.0,65-70,65-70
AMBER.NS|2026-06-01|ensemble_lr0.20_rf0.30_xgb0.50,AMBER.NS,2026-06-01,ensemble_lr0.20_rf0.30_xgb0.50,2025-06-02,2026-06-01,2026-06-01,2025-06-27,2026-05-28,2026-05-29,226,2026-06-01,False,1,0.5579710144927535,0.5646715170753749,0.62,0.7200216054916382,0.6589451061608941,1,65.89,0.6589451061608941,1,65.89,BUY,0.5944,0.1889,High Volatility,0.335,0.0,unavailable_no_point_in_time_source,True,7623.5,7623.5,2026-06-02,7591.5,-0.4198,0,2026-06-04,7617.0,-0.0853,0.0,2026-06-08,7750.0,1.6593,1.0,2026-06-15,7620.0,-0.0459,0.0,1,0,0,0,0,0,-0.4198,0,0.0,0.0,0.0,0.0,0.0,-0.0853,0.0,1.0,1.0,1.0,1.0,1.0,1.6593,1.0,0.0,0.0,0.0,0.0,0.0,-0.0459,0.0,65-70,65-70
ANGELONE.NS|2026-06-01|ensemble_lr0.20_rf0.30_xgb0.50,ANGELONE.NS,2026-06-01,ensemble_lr0.20_rf0.30_xgb0.50,2025-06-02,2026-06-01,2026-06-01,2025-06-27,2026-05-28,2026-05-29,226,2026-06-01,False,0,0.47826086956521735,0.1720625991561789,0.48,0.4235997200012207,0.3902123798318461,0,60.98,0.3902123798318461,0,60.98,HOLD,0.546,0.0921,High Volatility,0.665,0.0,unavailable_no_point_in_time_source,True,334.57,334.5653076171875,2026-06-02,341.59356689453125,2.1007,1,2026-06-04,336.6588439941406,0.6257,1.0,2026-06-08,324.6958312988281,-2.9499,0.0,2026-06-15,351.21380615234375,4.9762,1.0,0,0,0,0,0,1,2.0993,1,0.0,0.0,0.0,0.0,1.0,0.6243,1.0,1.0,1.0,1.0,1.0,1.0,-2.9513,1.0,0.0,0.0,0.0,0.0,0.0,4.9747,0.0,60-65,60-65
APOLLOTYRE.NS|2026-06-01|ensemble_lr0.20_rf0.30_xgb0.50,APOLLOTYRE.NS,2026-06-01,ensemble_lr0.20_rf0.30_xgb0.50,2025-06-02,2026-06-01,2026-06-01,2025-06-27,2026-05-28,2026-05-29,226,2026-06-01,False,0,0.5217391304347826,0.518010910419612,0.5,0.2330077737569809,0.3701060689624128,0,62.99,0.3701060689624128,0,62.99,SELL,0.378,-0.2441,High Volatility,-0.5,0.0,unavailable_no_point_in_time_source,True,383.11,383.1090393066406,2026-06-02,389.5223693847656,1.674,1,2026-06-04,393.4996337890625,2.7122,1.0,2026-06-08,382.66162109375,-0.1168,0.0,2026-06-15,411.9938659667969,7.5396,1.0,0,0,0,0,0,0,1.6738,0,0.0,0.0,0.0,0.0,0.0,2.7119,0.0,1.0,1.0,1.0,1.0,1.0,-0.117,1.0,0.0,0.0,0.0,0.0,0.0,7.5393,0.0,60-65,60-65
ASIANPAINT.NS|2026-06-01|ensemble_lr0.20_rf0.30_xgb0.50,ASIANPAINT.NS,2026-06-01,ensemble_lr0.20_rf0.30_xgb0.50,2025-06-02,2026-06-01,2026-06-01,2025-06-27,2026-05-28,2026-05-29,226,2026-06-01,False,0,0.5072463768115942,0.7979756535638158,0.5,0.504942774772644,0.5620665180990851,1,56.21,0.5620665180990851,1,56.21,BUY,0.632,0.2641,Bullish,0.165,0.0,unavailable_no_point_in_time_source,True,2609.76,2609.757568359375,2026-06-02,2637.814208984375,1.0751,1,2026-06-04,2638.706787109375,1.1093,1.0,2026-06-08,2636.3271484375,1.0181,1.0,2026-06-15,2715.73828125,4.0609,1.0,0,1,1,0,0,1,1.075,1,1.0,1.0,0.0,0.0,1.0,1.1092,1.0,1.0,1.0,0.0,0.0,1.0,1.018,1.0,1.0,1.0,0.0,0.0,1.0,4.0608,1.0,55-60,55-60
AUBANK.NS|2026-06-01|ensemble_lr0.20_rf0.30_xgb0.50,AUBANK.NS,2026-06-01,ensemble_lr0.20_rf0.30_xgb0.50,2025-06-02,2026-06-01,2026-06-01,2025-06-27,2026-05-28,2026-05-29,226,2026-06-01,False,0,0.5434782608695653,0.6125772592904741,0.54,0.5891815423965454,0.5791062230563675,1,57.91,0.5791062230563675,1,57.91,HOLD,0.5616,0.1233,Sideways,-0.165,0.0,unavailable_no_point_in_time_source,True,968.21,968.2097778320312,2026-06-02,975.502685546875,0.7532,1,2026-06-04,961.1166381835938,-0.7326,0.0,2026-06-08,957.9697265625,-1.0576,0.0,2026-06-15,1032.59716796875,6.6501,1.0,0,1,1,0,0,1,0.7532,1,0.0,0.0,1.0,1.0,1.0,-0.7326,1.0,0.0,0.0,1.0,1.0,1.0,-1.0577,1.0,1.0,1.0,0.0,0.0,0.0,6.6501,0.0,55-60,55-60
AXISBANK.NS|2026-06-01|ensemble_lr0.20_rf0.30_xgb0.50,AXISBANK.NS,2026-06-01,ensemble_lr0.20_rf0.30_xgb0.50,2025-06-02,2026-06-01,2026-06-01,2025-06-27,2026-05-28,2026-05-29,226,2026-06-01,False,0,0.5507246376811595,0.34152130327017355,0.56,0.19498462975025177,0.3337965755291606,0,66.62,0.3337965755291606,0,66.62,HOLD,0.4378,-0.1244,Sideways,0.165,0.0,unavailable_no_point_in_time_source,True,1274.92,1274.916748046875,2026-06-02,1250.1358642578125,-1.9437,0,2026-06-04,1252.334228515625,-1.7713,0.0,2026-06-08,1267.1226806640625,-0.6113,0.0,2026-06-15,1367.24560546875,7.242,1.0,0,1,1,1,1,1,-1.944,1,1.0,1.0,1.0,1.0,1.0,-1.7715,1.0,1.0,1.0,1.0,1.0,1.0,-0.6116,1.0,0.0,0.0,0.0,0.0,0.0,7.2417,0.0,65-70,65-70
BAJAJFINSV.NS|2026-06-01|ensemble_lr0.20_rf0.30_xgb0.50,BAJAJFINSV.NS,2026-06-01,ensemble_lr0.20_rf0.30_xgb0.50,2025-06-02,2026-06-01,2026-06-01,2025-06-27,2026-05-28,2026-05-29,226,2026-06-01,False,0,0.4710144927536231,0.5610236714412035,0.7,0.7488409876823425,0.696625228129412,1,69.66,0.696625228129412,1,69.66,HOLD,0.5431,0.0863,Sideways,0.0,0.0,unavailable_no_point_in_time_source,True,1757.4,1757.400390625,2026-06-02,1739.915283203125,-0.9949,0,2026-06-04,1708.34228515625,-2.7915,0.0,2026-06-08,1673.1722412109375,-4.7928,0.0,2026-06-15,1748.707763671875,-0.4946,0.0,0,0,0,1,1,1,-0.9949,1,0.0,0.0,1.0,1.0,1.0,-2.7915,1.0,0.0,0.0,1.0,1.0,0.0,-4.7927,0.0,0.0,0.0,1.0,1.0,1.0,-0.4946,1.0,65-70,65-70
BAJFINANCE.NS|2026-06-01|ensemble_lr0.20_rf0.30_xgb0.50,BAJFINANCE.NS,2026-06-01,ensemble_lr0.20_rf0.30_xgb0.50,2025-06-02,2026-06-01,2026-06-01,2025-06-27,2026-05-28,2026-05-29,226,2026-06-01,False,1,0.49275362318840576,0.898464831388431,0.66,0.9222924709320068,0.8388392017436896,1,83.88,0.8388392017436896,1,83.88,HOLD,0.5134,0.0267,Sideways,-0.33,0.0,unavailable_no_point_in_time_source,True,883.62,883.6182250976562,2026-06-02,876.6112670898438,-0.793,0,2026-06-04,869.0577392578125,-1.6478,0.0,2026-06-08,865.77783203125,-2.019,0.0,2026-06-15,936.5428466796875,5.9895,1.0,0,0,0,0,1,1,-0.7932,1,0.0,0.0,0.0,1.0,1.0,-1.648,1.0,0.0,0.0,0.0,1.0,1.0,-2.0192,1.0,1.0,1.0,1.0,0.0,0.0,5.9893,0.0,80-85,80-85
BEL.NS|2026-06-01|ensemble_lr0.20_rf0.30_xgb0.50,BEL.NS,2026-06-01,ensemble_lr0.20_rf0.30_xgb0.50,2025-06-02,2026-06-01,2026-06-01,2025-06-27,2026-05-28,2026-05-29,226,2026-06-01,False,0,0.5072463768115942,0.41360809417007427,0.48,0.7428978085517883,0.598170523109909,1,59.82,0.598170523109909,1,59.82,HOLD,0.4497,-0.1006,Bearish,-0.5,0.0,unavailable_no_point_in_time_source,True,406.65,406.6479797363281,2026-06-02,407.2970886230469,0.1596,1,2026-06-04,409.34429931640625,0.6631,1.0,2026-06-08,412.3901672363281,1.4121,1.0,2026-06-15,408.9947509765625,0.5771,1.0,0,1,1,0,0,1,0.1591,1,1.0,1.0,0.0,0.0,1.0,0.6626,1.0,1.0,1.0,0.0,0.0,1.0,1.4116,1.0,1.0,1.0,0.0,0.0,1.0,0.5766,1.0,55-60,55-60
BPCL.NS|2026-06-01|ensemble_lr0.20_rf0.30_xgb0.50,BPCL.NS,2026-06-01,ensemble_lr0.20_rf0.30_xgb0.50,2025-06-02,2026-06-01,2026-06-01,2025-06-27,2026-05-28,2026-05-29,226,2026-06-01,False,0,0.572463768115942,0.6502784902088298,0.52,0.7891663908958435,0.6806388934896876,1,68.06,0.6806388934896876,1,68.06,HOLD,0.5174,0.0349,High Volatility,-0.335,0.0,unavailable_no_point_in_time_source,True,296.85,296.8500061035156,2026-06-02,294.3999938964844,-0.8253,0,2026-06-04,295.1499938964844,-0.5727,0.0,2026-06-08,285.1499938964844,-3.9414,0.0,2026-06-15,310.6000061035156,4.632,1.0,0,0,0,1,1,1,-0.8253,1,0.0,0.0,1.0,1.0,1.0,-0.5727,1.0,0.0,0.0,1.0,1.0,0.0,-3.9414,0.0,1.0,1.0,0.0,0.0,0.0,4.632,0.0,65-70,65-70
AARTIIND.NS|2026-06-08|ensemble_lr0.20_rf0.30_xgb0.50,AARTIIND.NS,2026-06-08,ensemble_lr0.20_rf0.30_xgb0.50,2025-06-09,2026-06-08,2026-06-08,2025-07-04,2026-06-05,2026-06-08,226,2026-06-08,False,0,0.5217391304347826,0.46572571689286446,0.54,0.8062046766281128,0.6582474816926294,1,65.82,0.6582474816926294,1,65.82,HOLD,0.5344,0.0688,High Volatility,-0.165,0.0,unavailable_no_point_in_time_source,True,431.69,431.69183349609375,2026-06-09,439.5262756347656,1.8148,1,2026-06-11,427.0011901855469,-1.0866,0.0,2026-06-15,497.16168212890625,15.1659,1.0,2026-06-22,485.23541259765625,12.4032,1.0,0,1,1,0,0,1,1.8153,1,0.0,0.0,1.0,1.0,1.0,-1.0862,1.0,1.0,1.0,0.0,0.0,0.0,15.1664,0.0,1.0,1.0,0.0,0.0,0.0,12.4037,0.0,65-70,65-70
ABCAPITAL.NS|2026-06-08|ensemble_lr0.20_rf0.30_xgb0.50,ABCAPITAL.NS,2026-06-08,ensemble_lr0.20_rf0.30_xgb0.50,2025-06-09,2026-06-08,2026-06-08,2025-07-04,2026-06-05,2026-06-08,226,2026-06-08,False,0,0.5869565217391305,0.8269332710545213,0.7,0.6772922277450562,0.7140327680834323,1,71.4,0.7140327680834323,1,71.4,BUY,0.5989,0.1977,High Volatility,0.335,0.0,unavailable_no_point_in_time_source,True,344.0,344.0,2026-06-09,351.3500061035156,2.1366,1,2026-06-11,336.6000061035156,-2.1512,0.0,2026-06-15,368.20001220703125,7.0349,1.0,2026-06-22,391.95001220703125,13.939,1.0,0,1,1,0,0,1,2.1366,1,0.0,0.0,1.0,1.0,0.0,-2.1512,0.0,1.0,1.0,0.0,0.0,1.0,7.0349,1.0,1.0,1.0,0.0,0.0,1.0,13.939,1.0,70-75,70-75
ADANIENT.NS|2026-06-08|ensemble_lr0.20_rf0.30_xgb0.50,ADANIENT.NS,2026-06-08,ensemble_lr0.20_rf0.30_xgb0.50,2025-06-09,2026-06-08,2026-06-08,2025-07-04,2026-06-05,2026-06-08,226,2026-06-08,False,0,0.49275362318840576,0.5615730026647345,0.72,0.8645429015159607,0.7605860512909273,1,76.06,0.7605860512909273,1,76.06,BUY,0.7135,0.427,Bullish,0.665,0.0,unavailable_no_point_in_time_source,True,2968.67,2968.672607421875,2026-06-09,2978.568115234375,0.3333,1,2026-06-11,2907.5,-2.0606,0.0,2026-06-15,2942.5,-0.8816,0.0,2026-06-22,3059.60009765625,3.0629,1.0,0,1,1,0,0,1,0.3334,1,0.0,0.0,1.0,1.0,0.0,-2.0605,0.0,0.0,0.0,1.0,1.0,0.0,-0.8815,0.0,1.0,1.0,0.0,0.0,1.0,3.063,1.0,75-80,75-80
ADANIPORTS.NS|2026-06-08|ensemble_lr0.20_rf0.30_xgb0.50,ADANIPORTS.NS,2026-06-08,ensemble_lr0.20_rf0.30_xgb0.50,2025-06-09,2026-06-08,2026-06-08,2025-07-04,2026-06-05,2026-06-08,226,2026-06-08,False,0,0.4492753623188406,0.39020917703869,0.28,0.44345980882644653,0.3837717398209613,0,61.62,0.3837717398209613,0,61.62,HOLD,0.5572,0.1144,Bullish,0.5,0.0,unavailable_no_point_in_time_source,True,1797.42,1797.4248046875,2026-06-09,1818.735107421875,1.1856,1,2026-06-11,1779.5999755859375,-0.9917,0.0,2026-06-15,1804.800048828125,0.4103,1.0,2026-06-22,1827.199951171875,1.6565,1.0,0,0,0,0,0,1,1.1859,1,1.0,1.0,1.0,1.0,1.0,-0.9914,1.0,0.0,0.0,0.0,0.0,1.0,0.4106,1.0,0.0,0.0,0.0,0.0,1.0,1.6568,1.0,60-65,60-65
AMBER.NS|2026-06-08|ensemble_lr0.20_rf0.30_xgb0.50,AMBER.NS,2026-06-08,ensemble_lr0.20_rf0.30_xgb0.50,2025-06-09,2026-06-08,2026-06-08,2025-07-04,2026-06-05,2026-06-08,226,2026-06-08,False,1,0.5942028985507246,0.6216036597398712,0.7,0.7378954291343689,0.7032684465151586,1,70.33,0.7032684465151586,1,70.33,BUY,0.6109,0.2217,High Volatility,0.5,0.0,unavailable_no_point_in_time_source,True,7750.0,7750.0,2026-06-09,7726.0,-0.3097,0,2026-06-11,7290.0,-5.9355,0.0,2026-06-15,7620.0,-1.6774,0.0,2026-06-22,7906.5,2.0194,1.0,0,0,0,0,1,0,-0.3097,0,0.0,0.0,0.0,1.0,0.0,-5.9355,0.0,0.0,0.0,0.0,1.0,0.0,-1.6774,0.0,1.0,1.0,1.0,0.0,1.0,2.0194,1.0,70-75,70-75
ANGELONE.NS|2026-06-08|ensemble_lr0.20_rf0.30_xgb0.50,ANGELONE.NS,2026-06-08,ensemble_lr0.20_rf0.30_xgb0.50,2025-06-09,2026-06-08,2026-06-08,2025-07-04,2026-06-05,2026-06-08,226,2026-06-08,False,0,0.5,0.393276884197246,0.46,0.6696536540985107,0.5514822038887046,1,55.15,0.5514822038887046,1,55.15,BUY,0.5981,0.1961,High Volatility,0.5,0.0,unavailable_no_point_in_time_source,True,324.7,324.6958312988281,2026-06-09,336.50927734375,3.6383,1,2026-06-11,322.7518310546875,-0.5987,0.0,2026-06-15,351.21380615234375,8.167,1.0,2026-06-22,353.7060852050781,8.9346,1.0,0,1,1,0,0,1,3.637,1,0.0,0.0,1.0,1.0,0.0,-0.6,0.0,1.0,1.0,0.0,0.0,1.0,8.1656,1.0,1.0,1.0,0.0,0.0,1.0,8.9332,1.0,55-60,55-60
APOLLOTYRE.NS|2026-06-08|ensemble_lr0.20_rf0.30_xgb0.50,APOLLOTYRE.NS,2026-06-08,ensemble_lr0.20_rf0.30_xgb0.50,2025-06-09,2026-06-08,2026-06-08,2025-07-04,2026-06-05,2026-06-08,226,2026-06-08,False,0,0.47826086956521735,0.5300555261944341,0.6,0.5939468145370483,0.582984512507411,1,58.3,0.582984512507411,1,58.3,HOLD,0.4904,-0.0192,Sideways,-0.5,0.0,unavailable_no_point_in_time_source,True,382.66,382.66162109375,2026-06-09,389.1246643066406,1.689,1,2026-06-11,378.1374816894531,-1.1823,0.0,2026-06-15,411.9938659667969,7.6653,1.0,2026-06-22,425.71539306640625,11.2511,1.0,0,1,1,0,0,1,1.6894,1,0.0,0.0,1.0,1.0,1.0,-1.1819,1.0,1.0,1.0,0.0,0.0,0.0,7.6658,0.0,1.0,1.0,0.0,0.0,0.0,11.2516,0.0,55-60,55-60
ASHOKLEY.NS|2026-06-08|ensemble_lr0.20_rf0.30_xgb0.50,ASHOKLEY.NS,2026-06-08,ensemble_lr0.20_rf0.30_xgb0.50,2025-06-09,2026-06-08,2026-06-08,2025-07-04,2026-06-05,2026-06-08,226,2026-06-08,False,1,0.5,0.3490780433439298,0.64,0.6726765632629395,0.5981538903002557,1,59.82,0.5981538903002557,1,59.82,HOLD,0.4498,-0.1004,High Volatility,-0.665,0.0,unavailable_no_point_in_time_source,True,141.02,141.02000427246094,2026-06-09,143.8000030517578,1.9714,1,2026-06-11,138.5800018310547,-1.7303,0.0,2026-06-15,157.6999969482422,11.8281,1.0,2026-06-22,157.19000244140625,11.4665,1.0,0,1,1,1,0,1,1.9714,1,0.0,0.0,0.0,1.0,1.0,-1.7302,1.0,1.0,1.0,1.0,0.0,0.0,11.8281,0.0,1.0,1.0,1.0,0.0,0.0,11.4665,0.0,55-60,55-60
ASIANPAINT.NS|2026-06-08|ensemble_lr0.20_rf0.30_xgb0.50,ASIANPAINT.NS,2026-06-08,ensemble_lr0.20_rf0.30_xgb0.50,2025-06-09,2026-06-08,2026-06-08,2025-07-04,2026-06-05,2026-06-08,226,2026-06-08,False,0,0.5217391304347826,0.4910639150251505,0.56,0.842266857624054,0.6873462118170571,1,68.73,0.6873462118170571,1,68.73,BUY,0.6833,0.3666,Bullish,0.33,0.0,unavailable_no_point_in_time_source,True,2636.33,2636.3271484375,2026-06-09,2684.806640625,1.8389,1,2026-06-11,2667.75439453125,1.1921,1.0,2026-06-15,2715.73828125,3.0122,1.0,2026-06-22,2651.0,0.5566,1.0,0,1,1,0,0,1,1.8388,1,1.0,1.0,0.0,0.0,1.0,1.192,1.0,1.0,1.0,0.0,0.0,1.0,3.0121,1.0,1.0,1.0,0.0,0.0,1.0,0.5565,1.0,65-70,65-70
ASTRAL.NS|2026-06-08|ensemble_lr0.20_rf0.30_xgb0.50,ASTRAL.NS,2026-06-08,ensemble_lr0.20_rf0.30_xgb0.50,2025-06-09,2026-06-08,2026-06-08,2025-07-04,2026-06-05,2026-06-08,226,2026-06-08,False,0,0.5507246376811593,0.5491644141353362,0.44,0.2578788697719574,0.370772317713046,0,62.92,0.370772317713046,0,62.92,SELL,0.3495,-0.301,High Volatility,-0.33,0.0,unavailable_no_point_in_time_source,True,1508.83,1508.826904296875,2026-06-09,1523.6036376953125,0.9794,1,2026-06-11,1487.85986328125,-1.3896,0.0,2026-06-15,1542.3741455078125,2.2234,1.0,2026-06-22,1555.353759765625,3.0836,1.0,0,0,0,0,0,0,0.9791,0,1.0,1.0,1.0,1.0,1.0,-1.3898,1.0,0.0,0.0,0.0,0.0,0.0,2.2232,0.0,0.0,0.0,0.0,0.0,0.0,3.0834,0.0,60-65,60-65
AUBANK.NS|2026-06-08|ensemble_lr0.20_rf0.30_xgb0.50,AUBANK.NS,2026-06-08,ensemble_lr0.20_rf0.30_xgb0.50,2025-06-09,2026-06-08,2026-06-08,2025-07-04,2026-06-05,2026-06-08,226,2026-06-08,False,0,0.5217391304347826,0.43553820455931275,0.72,0.7118369340896606,0.6590261079566928,1,65.9,0.6590261079566928,1,65.9,HOLD,0.5644,0.1289,Sideways,-0.165,0.0,unavailable_no_point_in_time_source,True,957.97,957.9697265625,2026-06-09,977.5506591796875,2.044,1,2026-06-11,962.3654174804688,0.4589,1.0,2026-06-15,1032.59716796875,7.7902,1.0,2026-06-22,1044.0361328125,8.9843,1.0,0,1,1,0,0,1,2.044,1,1.0,1.0,0.0,0.0,1.0,0.4588,1.0,1.0,1.0,0.0,0.0,0.0,7.7901,0.0,1.0,1.0,0.0,0.0,0.0,8.9842,0.0,65-70,65-70
AXISBANK.NS|2026-06-08|ensemble_lr0.20_rf0.30_xgb0.50,AXISBANK.NS,2026-06-08,ensemble_lr0.20_rf0.30_xgb0.50,2025-06-09,2026-06-08,2026-06-08,2025-07-04,2026-06-05,2026-06-08,226,2026-06-08,False,0,0.4710144927536232,0.2518536219967865,0.48,0.8063845634460449,0.5975630061223798,1,59.76,0.5975630061223798,1,59.76,HOLD,0.5098,0.0196,Sideways,-0.165,0.0,unavailable_no_point_in_time_source,True,1267.12,1267.1226806640625,2026-06-09,1291.404052734375,1.9163,1,2026-06-11,1316.284912109375,3.8798,1.0,2026-06-15,1367.24560546875,7.9016,1.0,2026-06-22,1357.552978515625,7.1367,1.0,0,1,1,0,0,1,1.9165,1,1.0,1.0,0.0,0.0,0.0,3.8801,0.0,1.0,1.0,0.0,0.0,0.0,7.9018,0.0,1.0,1.0,0.0,0.0,0.0,7.1369,0.0,55-60,55-60
BAJFINANCE.NS|2026-06-08|ensemble_lr0.20_rf0.30_xgb0.50,BAJFINANCE.NS,2026-06-08,ensemble_lr0.20_rf0.30_xgb0.50,2025-06-09,2026-06-08,2026-06-08,2025-07-04,2026-06-05,2026-06-08,226,2026-06-08,False,1,0.5289855072463768,0.7176860582920548,0.6,0.7967732548713684,0.7219238390940952,1,72.19,0.7219238390940952,1,72.19,HOLD,0.4841,-0.0317,Sideways,-0.665,0.0,unavailable_no_point_in_time_source,True,865.78,865.77783203125,2026-06-09,881.4813842773438,1.8138,1,2026-06-11,865.231201171875,-0.0631,0.0,2026-06-15,936.5428466796875,8.1736,1.0,2026-06-22,962.384033203125,11.1583,1.0,0,1,1,1,0,1,1.8136,1,0.0,0.0,0.0,1.0,1.0,-0.0634,1.0,1.0,1.0,1.0,0.0,0.0,8.1733,0.0,1.0,1.0,1.0,0.0,0.0,11.158,0.0,70-75,70-75
BEL.NS|2026-06-08|ensemble_lr0.20_rf0.30_xgb0.50,BEL.NS,2026-06-08,ensemble_lr0.20_rf0.30_xgb0.50,2025-06-09,2026-06-08,2026-06-08,2025-07-04,2026-06-05,2026-06-08,226,2026-06-08,False,0,0.5217391304347826,0.18232905083757192,0.4,0.543867290019989,0.4283994551775089,0,57.16,0.4283994551775089,0,57.16,SELL,0.3249,-0.3503,Bearish,-0.335,0.0,unavailable_no_point_in_time_source,True,412.39,412.3901672363281,2026-06-09,411.4913635253906,-0.2179,0,2026-06-11,401.75457763671875,-2.579,0.0,2026-06-15,408.9947509765625,-0.8234,0.0,2026-06-22,430.9150085449219,4.4921,1.0,1,1,1,1,0,1,-0.2179,1,1.0,1.0,1.0,0.0,1.0,-2.579,1.0,1.0,1.0,1.0,0.0,1.0,-0.8233,1.0,0.0,0.0,0.0,1.0,0.0,4.4921,0.0,55-60,55-60
BPCL.NS|2026-06-08|ensemble_lr0.20_rf0.30_xgb0.50,BPCL.NS,2026-06-08,ensemble_lr0.20_rf0.30_xgb0.50,2025-06-09,2026-06-08,2026-06-08,2025-07-04,2026-06-05,2026-06-08,226,2026-06-08,False,0,0.4710144927536231,0.580975981855835,0.56,0.6651548147201538,0.616772603731244,1,61.68,0.616772603731244,1,61.68,HOLD,0.4627,-0.0746,Sideways,-0.835,0.0,unavailable_no_point_in_time_source,True,285.15,285.1499938964844,2026-06-09,289.1000061035156,1.3852,1,2026-06-11,286.3500061035156,0.4208,1.0,2026-06-15,310.6000061035156,8.9251,1.0,2026-06-22,308.6000061035156,8.2237,1.0,0,1,1,0,0,1,1.3852,1,1.0,1.0,0.0,0.0,1.0,0.4208,1.0,1.0,1.0,0.0,0.0,0.0,8.9251,0.0,1.0,1.0,0.0,0.0,0.0,8.2237,0.0,60-65,60-65
ABCAPITAL.NS|2026-06-15|ensemble_lr0.20_rf0.30_xgb0.50,ABCAPITAL.NS,2026-06-15,ensemble_lr0.20_rf0.30_xgb0.50,2025-06-16,2026-06-15,2026-06-15,2025-07-11,2026-06-12,2026-06-15,226,2026-06-15,False,0,0.5652173913043478,0.6238924277246078,0.36,0.6649107933044434,0.5652338821971432,1,56.52,0.5652338821971432,1,56.52,BUY,0.6035,0.2071,High Volatility,0.5,0.0,unavailable_no_point_in_time_source,True,368.2,368.20001220703125,2026-06-16,373.79998779296875,1.5209,1,2026-06-18,370.6000061035156,0.6518,1.0,2026-06-22,391.95001220703125,6.4503,1.0,2026-06-30,391.95001220703125,6.4503,1.0,1,1,1,0,1,1,1.5209,1,1.0,1.0,0.0,1.0,1.0,0.6518,1.0,1.0,1.0,0.0,1.0,1.0,6.4503,1.0,1.0,1.0,0.0,1.0,1.0,6.4503,1.0,55-60,55-60
ABFRL.NS|2026-06-15|ensemble_lr0.20_rf0.30_xgb0.50,ABFRL.NS,2026-06-15,ensemble_lr0.20_rf0.30_xgb0.50,2025-06-16,2026-06-15,2026-06-15,2025-07-11,2026-06-12,2026-06-15,226,2026-06-15,False,0,0.5072463768115942,0.5806787791497181,0.42,0.36601242423057556,0.4251419679452314,0,57.49,0.4251419679452314,0,57.49,SELL,0.386,-0.228,High Volatility,-0.335,0.0,unavailable_no_point_in_time_source,True,61.04,61.040000915527344,2026-06-16,60.970001220703125,-0.1147,0,2026-06-18,61.540000915527344,0.8191,1.0,2026-06-22,60.720001220703125,-0.5242,0.0,2026-06-30,58.060001373291016,-4.882,0.0,1,1,1,1,0,1,-0.1147,1,0.0,0.0,0.0,1.0,0.0,0.8191,0.0,1.0,1.0,1.0,0.0,1.0,-0.5242,1.0,1.0,1.0,1.0,0.0,1.0,-4.882,1.0,55-60,55-60
ADANIPORTS.NS|2026-06-15|ensemble_lr0.20_rf0.30_xgb0.50,ADANIPORTS.NS,2026-06-15,ensemble_lr0.20_rf0.30_xgb0.50,2025-06-16,2026-06-15,2026-06-15,2025-07-11,2026-06-12,2026-06-15,226,2026-06-15,False,0,0.43478260869565216,0.3906284178627039,0.34,0.37168073654174805,0.3659660518434148,0,63.4,0.3659660518434148,0,63.4,HOLD,0.5516,0.1031,Bullish,0.5,0.0,unavailable_no_point_in_time_source,True,1804.8,1804.800048828125,2026-06-16,1822.0,0.953,1,2026-06-18,1842.0999755859375,2.0667,1.0,2026-06-22,1827.199951171875,1.2411,1.0,2026-06-30,1810.199951171875,0.2992,1.0,0,0,0,0,0,1,0.953,1,0.0,0.0,0.0,0.0,1.0,2.0667,1.0,0.0,0.0,0.0,0.0,1.0,1.2411,1.0,0.0,0.0,0.0,0.0,1.0,0.2992,1.0,60-65,60-65
ANGELONE.NS|2026-06-15|ensemble_lr0.20_rf0.30_xgb0.50,ANGELONE.NS,2026-06-15,ensemble_lr0.20_rf0.30_xgb0.50,2025-06-16,2026-06-15,2026-06-15,2025-07-11,2026-06-12,2026-06-15,226,2026-06-15,False,0,0.5144927536231884,0.4485244160821857,0.46,0.18251629173755646,0.3189630290852154,0,68.1,0.3189630290852154,0,68.1,HOLD,0.5723,0.1446,High Volatility,0.665,0.0,unavailable_no_point_in_time_source,True,351.21,351.21380615234375,2026-06-16,347.1763000488281,-1.1496,0,2026-06-18,351.7122802734375,0.1419,1.0,2026-06-22,353.7060852050781,0.7096,1.0,2026-06-30,329.63055419921875,-6.1453,0.0,1,1,1,1,0,1,-1.1485,1,0.0,0.0,0.0,1.0,1.0,0.143,1.0,0.0,0.0,0.0,1.0,1.0,0.7107,1.0,1.0,1.0,1.0,0.0,0.0,-6.1443,0.0,65-70,65-70
APOLLOTYRE.NS|2026-06-15|ensemble_lr0.20_rf0.30_xgb0.50,APOLLOTYRE.NS,2026-06-15,ensemble_lr0.20_rf0.30_xgb0.50,2025-06-16,2026-06-15,2026-06-15,2025-07-11,2026-06-12,2026-06-15,226,2026-06-15,False,0,0.47826086956521746,0.29092125111302947,0.48,0.43914395570755005,0.4217562280763809,0,57.82,0.4217562280763809,0,57.82,HOLD,0.4334,-0.1332,Sideways,-0.335,0.0,unavailable_no_point_in_time_source,True,411.99,411.9938659667969,2026-06-16,414.0819396972656,0.5068,1,2026-06-18,425.5662536621094,3.2943,1.0,2026-06-22,425.71539306640625,3.3305,1.0,2026-06-30,427.7537536621094,3.8253,1.0,1,0,0,0,1,1,0.5078,1,0.0,0.0,0.0,1.0,0.0,3.2953,0.0,0.0,0.0,0.0,1.0,0.0,3.3315,0.0,0.0,0.0,0.0,1.0,0.0,3.8262,0.0,55-60,55-60
ASHOKLEY.NS|2026-06-15|ensemble_lr0.20_rf0.30_xgb0.50,ASHOKLEY.NS,2026-06-15,ensemble_lr0.20_rf0.30_xgb0.50,2025-06-16,2026-06-15,2026-06-15,2025-07-11,2026-06-12,2026-06-15,226,2026-06-15,False,1,0.49275362318840576,0.12703511674518334,0.44,0.2501278519630432,0.2824709493305583,0,71.75,0.2824709493305583,0,71.75,HOLD,0.4686,-0.0627,High Volatility,0.0,0.0,unavailable_no_point_in_time_source,True,157.7,157.6999969482422,2026-06-16,158.5,0.5073,1,2026-06-18,158.4499969482422,0.4756,1.0,2026-06-22,157.19000244140625,-0.3234,0.0,2026-06-30,157.6999969482422,0.0,0.0,1,0,0,1,1,1,0.5073,1,0.0,0.0,1.0,1.0,1.0,0.4756,1.0,1.0,1.0,0.0,0.0,1.0,-0.3234,1.0,1.0,1.0,0.0,0.0,1.0,-0.0,1.0,70-75,70-75
ASTRAL.NS|2026-06-15|ensemble_lr0.20_rf0.30_xgb0.50,ASTRAL.NS,2026-06-15,ensemble_lr0.20_rf0.30_xgb0.50,2025-06-16,2026-06-15,2026-06-15,2025-07-11,2026-06-12,2026-06-15,226,2026-06-15,False,0,0.5579710144927537,0.5624184697780413,0.56,0.805300235748291,0.6831338118297539,1,68.31,0.6831338118297539,1,68.31,HOLD,0.5154,0.0308,Sideways,-0.33,0.0,unavailable_no_point_in_time_source,True,1542.37,1542.3741455078125,2026-06-16,1561.5439453125,1.2429,1,2026-06-18,1563.2412109375,1.3529,1.0,2026-06-22,1555.353759765625,0.8415,1.0,2026-06-30,1333.5025634765625,-13.5422,0.0,1,1,1,0,1,1,1.2431,1,1.0,1.0,0.0,1.0,1.0,1.3532,1.0,1.0,1.0,0.0,1.0,1.0,0.8418,1.0,0.0,0.0,1.0,0.0,0.0,-13.542,0.0,65-70,65-70
AXISBANK.NS|2026-06-15|ensemble_lr0.20_rf0.30_xgb0.50,AXISBANK.NS,2026-06-15,ensemble_lr0.20_rf0.30_xgb0.50,2025-06-16,2026-06-15,2026-06-15,2025-07-11,2026-06-12,2026-06-15,226,2026-06-15,False,1,0.5072463768115941,0.7511488170990288,0.62,0.6181759834289551,0.6453177551342832,1,64.53,0.6453177551342832,1,64.53,BUY,0.6866,0.3732,Sideways,0.67,0.0,unavailable_no_point_in_time_source,True,1367.25,1367.24560546875,2026-06-16,1364.6474609375,-0.19,0,2026-06-18,1359.0518798828125,-0.5993,0.0,2026-06-22,1357.552978515625,-0.7089,0.0,2026-06-30,1344.6629638671875,-1.6517,0.0,1,0,0,0,0,0,-0.1903,0,0.0,0.0,0.0,0.0,0.0,-0.5996,0.0,0.0,0.0,0.0,0.0,0.0,-0.7092,0.0,0.0,0.0,0.0,0.0,0.0,-1.652,0.0,60-65,60-65
BAJAJFINSV.NS|2026-06-15|ensemble_lr0.20_rf0.30_xgb0.50,BAJAJFINSV.NS,2026-06-15,ensemble_lr0.20_rf0.30_xgb0.50,2025-06-16,2026-06-15,2026-06-15,2025-07-11,2026-06-12,2026-06-15,226,2026-06-15,False,0,0.3913043478260869,0.4728677076935985,0.5,0.3650112450122833,0.42707916404486135,0,57.29,0.42707916404486135,0,57.29,SELL,0.3909,-0.2181,Sideways,-0.67,0.0,unavailable_no_point_in_time_source,True,1748.71,1748.707763671875,2026-06-16,1785.7762451171875,2.1198,1,2026-06-18,1770.189453125,1.2284,1.0,2026-06-22,1780.680419921875,1.8284,1.0,2026-06-30,1780.199951171875,1.8009,1.0,1,0,0,0,1,0,2.1196,0,0.0,0.0,0.0,1.0,0.0,1.2283,0.0,0.0,0.0,0.0,1.0,0.0,1.8282,0.0,0.0,0.0,0.0,1.0,0.0,1.8008,0.0,55-60,55-60
BEL.NS|2026-06-15|ensemble_lr0.20_rf0.30_xgb0.50,BEL.NS,2026-06-15,ensemble_lr0.20_rf0.30_xgb0.50,2025-06-16,2026-06-15,2026-06-15,2025-07-11,2026-06-12,2026-06-15,226,2026-06-15,False,0,0.6086956521739131,0.13179545049573735,0.34,0.289160817861557,0.272939499029926,0,72.71,0.272939499029926,0,72.71,SELL,0.3851,-0.2299,Bearish,0.0,0.0,unavailable_no_point_in_time_source,True,408.99,408.9947509765625,2026-06-16,406.9974670410156,-0.4883,0,2026-06-18,428.0189514160156,4.6515,1.0,2026-06-22,430.9150085449219,5.3595,1.0,2026-06-30,411.24169921875,0.5494,1.0,1,1,1,1,0,1,-0.4872,1,0.0,0.0,0.0,1.0,0.0,4.6527,0.0,0.0,0.0,0.0,1.0,0.0,5.3608,0.0,0.0,0.0,0.0,1.0,0.0,0.5506,0.0,70-75,70-75
BPCL.NS|2026-06-15|ensemble_lr0.20_rf0.30_xgb0.50,BPCL.NS,2026-06-15,ensemble_lr0.20_rf0.30_xgb0.50,2025-06-16,2026-06-15,2026-06-15,2025-07-11,2026-06-12,2026-06-15,226,2026-06-15,False,0,0.5797101449275363,0.2939387408852543,0.44,0.505889892578125,0.44373269446611335,0,55.63,0.44373269446611335,0,55.63,HOLD,0.4642,-0.0717,Sideways,-0.335,0.0,unavailable_no_point_in_time_source,True,310.6,310.6000061035156,2026-06-16,312.1000061035156,0.4829,1,2026-06-18,316.29998779296875,1.8352,1.0,2026-06-22,308.6000061035156,-0.6439,0.0,2026-06-30,303.54998779296875,-2.2698,0.0,1,0,0,0,1,1,0.4829,1,0.0,0.0,0.0,1.0,1.0,1.8352,1.0,1.0,1.0,1.0,0.0,1.0,-0.6439,1.0,1.0,1.0,1.0,0.0,1.0,-2.2698,1.0,55-60,55-60
ABCAPITAL.NS|2026-06-22|ensemble_lr0.20_rf0.30_xgb0.50,ABCAPITAL.NS,2026-06-22,ensemble_lr0.20_rf0.30_xgb0.50,2025-06-23,2026-06-22,2026-06-22,2025-07-18,2026-06-19,2026-06-22,226,2026-06-22,False,1,0.572463768115942,0.28910917336925707,0.42,0.1095634400844574,0.2386035547160801,0,76.14,0.2386035547160801,0,76.14,BUY,0.6171,0.2342,Sideways,1.0,0.0,unavailable_no_point_in_time_source,True,391.95,391.95001220703125,2026-06-23,383.75,-2.0921,0,2026-06-25,390.79998779296875,-0.2934,0.0,2026-06-30,391.95001220703125,0.0,0.0,2026-07-07,405.3999938964844,3.4316,1.0,1,1,1,0,0,0,-2.0921,0,1.0,1.0,0.0,0.0,0.0,-0.2934,0.0,1.0,1.0,0.0,0.0,0.0,0.0,0.0,0.0,0.0,1.0,1.0,1.0,3.4316,1.0,75-80,75-80
ANGELONE.NS|2026-06-22|ensemble_lr0.20_rf0.30_xgb0.50,ANGELONE.NS,2026-06-22,ensemble_lr0.20_rf0.30_xgb0.50,2025-06-23,2026-06-22,2026-06-22,2025-07-18,2026-06-19,2026-06-22,226,2026-06-22,False,1,0.47826086956521735,0.6853103168804553,0.72,0.7879765629768372,0.7470503448645096,1,74.71,0.7470503448645096,1,74.71,BUY,0.6799,0.3598,High Volatility,1.0,0.0,unavailable_no_point_in_time_source,True,353.71,353.7060852050781,2026-06-23,341.0452880859375,-3.5795,0,2026-06-25,334.2164001464844,-5.5101,0.0,2026-06-30,329.63055419921875,-6.8066,0.0,2026-07-07,334.7646789550781,-5.3551,0.0,1,0,0,0,0,0,-3.5805,0,0.0,0.0,0.0,0.0,0.0,-5.5112,0.0,0.0,0.0,0.0,0.0,0.0,-6.8077,0.0,0.0,0.0,0.0,0.0,0.0,-5.3562,0.0,70-75,70-75
APOLLOTYRE.NS|2026-06-22|ensemble_lr0.20_rf0.30_xgb0.50,APOLLOTYRE.NS,2026-06-22,ensemble_lr0.20_rf0.30_xgb0.50,2025-06-23,2026-06-22,2026-06-22,2025-07-18,2026-06-19,2026-06-22,226,2026-06-22,False,0,0.463768115942029,0.45644752949025624,0.46,0.4257742762565613,0.4421766440263319,0,55.78,0.4421766440263319,0,55.78,HOLD,0.5244,0.0487,Sideways,0.335,0.0,unavailable_no_point_in_time_source,True,425.72,425.71539306640625,2026-06-23,421.0918273925781,-1.0861,0,2026-06-25,428.201171875,0.5839,1.0,2026-06-30,427.7537536621094,0.4788,1.0,2026-07-07,451.76641845703125,6.1194,1.0,1,1,1,1,0,1,-1.0871,1,0.0,0.0,0.0,1.0,1.0,0.5828,1.0,0.0,0.0,0.0,1.0,1.0,0.4777,1.0,0.0,0.0,0.0,1.0,0.0,6.1182,0.0,55-60,55-60
ASHOKLEY.NS|2026-06-22|ensemble_lr0.20_rf0.30_xgb0.50,ASHOKLEY.NS,2026-06-22,ensemble_lr0.20_rf0.30_xgb0.50,2025-06-23,2026-06-22,2026-06-22,2025-07-18,2026-06-19,2026-06-22,226,2026-06-22,False,1,0.4710144927536232,0.2847082393611033,0.46,0.3677568733692169,0.37882008455682914,0,62.12,0.37882008455682914,0,62.12,HOLD,0.442,-0.116,High Volatility,0.0,0.0,unavailable_no_point_in_time_source,True,157.19,157.19000244140625,2026-06-23,151.4600067138672,-3.6453,0,2026-06-25,160.67999267578125,2.2202,1.0,2026-06-30,157.6999969482422,0.3244,1.0,2026-07-07,164.16000366210938,4.4341,1.0,1,1,1,0,0,0,-3.6453,0,0.0,0.0,1.0,1.0,1.0,2.2202,1.0,0.0,0.0,1.0,1.0,1.0,0.3244,1.0,0.0,0.0,1.0,1.0,0.0,4.4341,0.0,60-65,60-65
ASIANPAINT.NS|2026-06-22|ensemble_lr0.20_rf0.30_xgb0.50,ASIANPAINT.NS,2026-06-22,ensemble_lr0.20_rf0.30_xgb0.50,2025-06-23,2026-06-22,2026-06-22,2025-07-18,2026-06-19,2026-06-22,226,2026-06-22,False,1,0.5217391304347826,0.5505128543488458,0.54,0.6119081974029541,0.5780566695712462,1,57.81,0.5780566695712462,1,57.81,BUY,0.6039,0.2077,Sideways,0.335,0.0,unavailable_no_point_in_time_source,True,2651.0,2651.0,2026-06-23,2661.199951171875,0.3848,1,2026-06-25,2645.199951171875,-0.2188,0.0,2026-06-30,2635.699951171875,-0.5771,0.0,2026-07-07,2731.39990234375,3.0328,1.0,0,1,1,1,0,1,0.3848,1,0.0,0.0,0.0,1.0,0.0,-0.2188,0.0,0.0,0.0,0.0,1.0,0.0,-0.5771,0.0,1.0,1.0,1.0,0.0,1.0,3.0328,1.0,55-60,55-60
AUBANK.NS|2026-06-22|ensemble_lr0.20_rf0.30_xgb0.50,AUBANK.NS,2026-06-22,ensemble_lr0.20_rf0.30_xgb0.50,2025-06-23,2026-06-22,2026-06-22,2025-07-18,2026-06-19,2026-06-22,226,2026-06-22,False,0,0.47826086956521746,0.5753590584824992,0.66,0.5653959512710571,0.5957697873320285,1,59.58,0.5957697873320285,1,59.58,BUY,0.6672,0.3345,Sideways,0.835,0.0,unavailable_no_point_in_time_source,True,1044.04,1044.0361328125,2026-06-23,1025.354248046875,-1.7894,0,2026-06-25,1032.846923828125,-1.0717,0.0,2026-06-30,1036.0439453125,-0.7655,0.0,2026-07-07,1065.864990234375,2.0908,1.0,1,0,0,1,0,0,-1.7898,0,0.0,0.0,1.0,0.0,0.0,-1.0721,0.0,0.0,0.0,1.0,0.0,0.0,-0.7659,0.0,1.0,1.0,0.0,1.0,1.0,2.0904,1.0,55-60,55-60
AXISBANK.NS|2026-06-22|ensemble_lr0.20_rf0.30_xgb0.50,AXISBANK.NS,2026-06-22,ensemble_lr0.20_rf0.30_xgb0.50,2025-06-23,2026-06-22,2026-06-22,2025-07-18,2026-06-19,2026-06-22,226,2026-06-22,False,1,0.5289855072463768,0.3868393537081256,0.4,0.17549291253089905,0.2851143270070746,0,71.49,0.2851143270070746,0,71.49,HOLD,0.5614,0.1227,Sideways,0.835,0.0,unavailable_no_point_in_time_source,True,1357.55,1357.552978515625,2026-06-23,1362.44921875,0.3607,1,2026-06-25,1376.138671875,1.3691,1.0,2026-06-30,1344.6629638671875,-0.9495,0.0,2026-07-07,1339.966552734375,-1.2955,0.0,1,0,0,1,1,1,0.3609,1,0.0,0.0,1.0,1.0,1.0,1.3693,1.0,1.0,1.0,0.0,0.0,1.0,-0.9493,1.0,1.0,1.0,0.0,0.0,1.0,-1.2952,1.0,70-75,70-75
BAJAJFINSV.NS|2026-06-22|ensemble_lr0.20_rf0.30_xgb0.50,BAJAJFINSV.NS,2026-06-22,ensemble_lr0.20_rf0.30_xgb0.50,2025-06-23,2026-06-22,2026-06-22,2025-07-18,2026-06-19,2026-06-22,226,2026-06-22,False,0,0.4202898550724638,0.7480283726489382,0.54,0.25807806849479675,0.44064470877718603,0,55.94,0.44064470877718603,0,55.94,HOLD,0.5242,0.0483,Bullish,0.0,0.0,unavailable_no_point_in_time_source,True,1780.68,1780.680419921875,2026-06-23,1763.4952392578125,-0.9651,0,2026-06-25,1763.095458984375,-0.9875,0.0,2026-06-30,1780.199951171875,-0.027,0.0,2026-07-07,1885.300048828125,5.8753,1.0,1,1,1,1,0,1,-0.9651,1,1.0,1.0,1.0,0.0,1.0,-0.9875,1.0,1.0,1.0,1.0,0.0,1.0,-0.027,1.0,0.0,0.0,0.0,1.0,0.0,5.8753,0.0,55-60,55-60
BAJFINANCE.NS|2026-06-22|ensemble_lr0.20_rf0.30_xgb0.50,BAJFINANCE.NS,2026-06-22,ensemble_lr0.20_rf0.30_xgb0.50,2025-06-23,2026-06-22,2026-06-22,2025-07-18,2026-06-19,2026-06-22,226,2026-06-22,False,1,0.5072463768115941,0.8274363878514929,0.84,0.7614299058914185,0.7982022305160078,1,79.82,0.7982022305160078,1,79.82,BUY,0.6442,0.2884,Sideways,0.5,0.0,unavailable_no_point_in_time_source,True,962.38,962.384033203125,2026-06-23,956.5200805664062,-0.6093,0,2026-06-25,974.4100952148438,1.2496,1.0,2026-06-30,1004.75,4.4022,1.0,2026-07-07,1042.5,8.3247,1.0,1,0,0,0,0,0,-0.6089,0,1.0,1.0,1.0,1.0,1.0,1.25,1.0,1.0,1.0,1.0,1.0,1.0,4.4026,1.0,1.0,1.0,1.0,1.0,1.0,8.3252,1.0,75-80,75-80
BEL.NS|2026-06-22|ensemble_lr0.20_rf0.30_xgb0.50,BEL.NS,2026-06-22,ensemble_lr0.20_rf0.30_xgb0.50,2025-06-23,2026-06-22,2026-06-22,2025-07-18,2026-06-19,2026-06-22,226,2026-06-22,False,0,0.572463768115942,0.12233961459770583,0.46,0.5602819323539734,0.44260888909652785,0,55.74,0.44260888909652785,0,55.74,HOLD,0.5116,0.0232,Bullish,0.165,0.0,unavailable_no_point_in_time_source,True,430.92,430.9150085449219,2026-06-23,419.43060302734375,-2.6651,0,2026-06-25,406.6479797363281,-5.6315,0.0,2026-06-30,411.24169921875,-4.5655,0.0,2026-07-07,418.5817565917969,-2.8621,0.0,1,1,1,1,0,1,-2.6662,1,1.0,1.0,1.0,0.0,0.0,-5.6326,0.0,1.0,1.0,1.0,0.0,0.0,-4.5666,0.0,1.0,1.0,1.0,0.0,1.0,-2.8632,1.0,55-60,55-60
AARTIIND.NS|2026-06-30|ensemble_lr0.20_rf0.30_xgb0.50,AARTIIND.NS,2026-06-30,ensemble_lr0.20_rf0.30_xgb0.50,2025-07-01,2026-06-30,2026-06-29,2025-07-28,2026-06-26,2026-06-29,225,2026-06-30,False,0,0.5629629629629629,0.21478733434343397,0.32,0.17659980058670044,0.227257367162037,0,77.27,0.227257367162037,0,77.27,HOLD,0.4318,-0.1363,High Volatility,-0.165,0.0,unavailable_no_point_in_time_source,True,457.39,457.3907470703125,2026-07-01,466.67230224609375,2.0292,1,2026-07-03,486.7324523925781,6.415,1.0,2026-07-07,477.50079345703125,4.3967,1.0,2026-07-14,482.0916442871094,5.4004,1.0,1,0,0,0,1,1,2.0294,1,0.0,0.0,0.0,1.0,0.0,6.4152,0.0,0.0,0.0,0.0,1.0,0.0,4.3969,0.0,0.0,0.0,0.0,1.0,0.0,5.4006,0.0,75-80,75-80
ABCAPITAL.NS|2026-06-30|ensemble_lr0.20_rf0.30_xgb0.50,ABCAPITAL.NS,2026-06-30,ensemble_lr0.20_rf0.30_xgb0.50,2025-07-01,2026-06-30,2026-06-29,2025-07-28,2026-06-26,2026-06-29,225,2026-06-30,False,0,0.5555555555555556,0.179571575026684,0.34,0.04042656347155571,0.15812759674111465,0,84.19,0.15812759674111465,0,84.19,BUY,0.6468,0.2936,Bullish,1.0,0.0,unavailable_no_point_in_time_source,True,391.95,391.95001220703125,2026-07-01,393.1499938964844,0.3062,1,2026-07-03,401.25,2.3727,1.0,2026-07-07,405.3999938964844,3.4316,1.0,2026-07-14,399.25,1.8625,1.0,1,0,0,0,1,1,0.3062,1,0.0,0.0,0.0,1.0,1.0,2.3728,1.0,0.0,0.0,0.0,1.0,1.0,3.4316,1.0,0.0,0.0,0.0,1.0,1.0,1.8625,1.0,80-85,80-85
ABFRL.NS|2026-06-30|ensemble_lr0.20_rf0.30_xgb0.50,ABFRL.NS,2026-06-30,ensemble_lr0.20_rf0.30_xgb0.50,2025-07-01,2026-06-30,2026-06-29,2025-07-28,2026-06-26,2026-06-29,225,2026-06-30,False,0,0.5925925925925926,0.537391126934412,0.66,0.7584978938102722,0.6847271722920185,1,68.47,0.6847271722920185,1,68.47,HOLD,0.4778,-0.0443,High Volatility,-0.665,0.0,unavailable_no_point_in_time_source,True,58.06,58.060001373291016,2026-07-01,58.66999816894531,1.0506,1,2026-07-03,62.470001220703125,7.5956,1.0,2026-07-07,59.630001068115234,2.7041,1.0,2026-07-14,58.93000030517578,1.4984,1.0,0,1,1,0,0,1,1.0506,1,1.0,1.0,0.0,0.0,0.0,7.5956,0.0,1.0,1.0,0.0,0.0,1.0,2.7041,1.0,1.0,1.0,0.0,0.0,1.0,1.4985,1.0,65-70,65-70
ADANIPORTS.NS|2026-06-30|ensemble_lr0.20_rf0.30_xgb0.50,ADANIPORTS.NS,2026-06-30,ensemble_lr0.20_rf0.30_xgb0.50,2025-07-01,2026-06-30,2026-06-29,2025-07-28,2026-06-26,2026-06-29,225,2026-06-30,False,0,0.48888888888888893,0.212011593034181,0.34,0.15393634140491486,0.22137048930929365,0,77.86,0.22137048930929365,0,77.86,HOLD,0.5015,0.003,Sideways,0.5,0.0,unavailable_no_point_in_time_source,True,1810.2,1810.199951171875,2026-07-01,1848.199951171875,2.0992,1,2026-07-03,1874.199951171875,3.5355,1.0,2026-07-07,1833.9000244140625,1.3093,1.0,2026-07-14,1821.9000244140625,0.6463,1.0,1,0,0,0,1,1,2.0992,1,0.0,0.0,0.0,1.0,0.0,3.5355,0.0,0.0,0.0,0.0,1.0,1.0,1.3092,1.0,0.0,0.0,0.0,1.0,1.0,0.6463,1.0,75-80,75-80
ANGELONE.NS|2026-06-30|ensemble_lr0.20_rf0.30_xgb0.50,ANGELONE.NS,2026-06-30,ensemble_lr0.20_rf0.30_xgb0.50,2025-07-01,2026-06-30,2026-06-29,2025-07-28,2026-06-26,2026-06-29,225,2026-06-30,False,0,0.4888888888888889,0.15053014011558397,0.44,0.32398268580436707,0.32409737092530033,0,67.59,0.32409737092530033,0,67.59,HOLD,0.4851,-0.0298,High Volatility,0.5,0.0,unavailable_no_point_in_time_source,True,329.63,329.63055419921875,2026-07-01,339.3504943847656,2.9487,1,2026-07-03,351.1639709472656,6.5326,1.0,2026-07-07,334.7646789550781,1.5575,1.0,2026-07-14,332.5216064453125,0.8771,1.0,1,0,0,0,1,1,2.9489,1,0.0,0.0,0.0,1.0,0.0,6.5328,0.0,0.0,0.0,0.0,1.0,1.0,1.5577,1.0,0.0,0.0,0.0,1.0,1.0,0.8772,1.0,65-70,65-70
APOLLOTYRE.NS|2026-06-30|ensemble_lr0.20_rf0.30_xgb0.50,APOLLOTYRE.NS,2026-06-30,ensemble_lr0.20_rf0.30_xgb0.50,2025-07-01,2026-06-30,2026-06-29,2025-07-28,2026-06-26,2026-06-29,225,2026-06-30,False,0,0.5111111111111111,0.1998926882906839,0.34,0.2249729335308075,0.25446500442354053,0,74.55,0.25446500442354053,0,74.55,BUY,0.6028,0.2056,Bullish,0.335,0.0,unavailable_no_point_in_time_source,True,427.75,427.7537536621094,2026-07-01,429.19549560546875,0.337,1,2026-07-03,445.9496765136719,4.2538,1.0,2026-07-07,451.76641845703125,5.6137,1.0,2026-07-14,425.8500061035156,-0.4451,0.0,1,0,0,0,1,1,0.3379,1,0.0,0.0,0.0,1.0,1.0,4.2547,1.0,0.0,0.0,0.0,1.0,1.0,5.6146,1.0,1.0,1.0,1.0,0.0,0.0,-0.4442,0.0,70-75,70-75
ASHOKLEY.NS|2026-06-30|ensemble_lr0.20_rf0.30_xgb0.50,ASHOKLEY.NS,2026-06-30,ensemble_lr0.20_rf0.30_xgb0.50,2025-07-01,2026-06-30,2026-06-29,2025-07-28,2026-06-26,2026-06-29,225,2026-06-30,False,1,0.4222222222222222,0.2292736293536747,0.22,0.2802872657775879,0.2519983587595289,0,74.8,0.2519983587595289,0,74.8,HOLD,0.4426,-0.1149,Sideways,0.0,0.0,unavailable_no_point_in_time_source,True,157.7,157.6999969482422,2026-07-01,162.32000732421875,2.9296,1,2026-07-03,164.35000610351562,4.2169,1.0,2026-07-07,164.16000366210938,4.0964,1.0,2026-07-14,155.19000244140625,-1.5916,0.0,1,0,0,1,1,1,2.9296,1,0.0,0.0,1.0,1.0,0.0,4.2169,0.0,0.0,0.0,1.0,1.0,0.0,4.0964,0.0,1.0,1.0,0.0,0.0,1.0,-1.5916,1.0,70-75,70-75
ASIANPAINT.NS|2026-06-30|ensemble_lr0.20_rf0.30_xgb0.50,ASIANPAINT.NS,2026-06-30,ensemble_lr0.20_rf0.30_xgb0.50,2025-07-01,2026-06-30,2026-06-29,2025-07-28,2026-06-26,2026-06-29,225,2026-06-30,False,1,0.4740740740740741,0.6083067253006739,0.26,0.3752993941307068,0.38731104212548817,0,61.27,0.38731104212548817,0,61.27,HOLD,0.4797,-0.0406,Sideways,0.335,0.0,unavailable_no_point_in_time_source,True,2635.7,2635.699951171875,2026-07-01,2716.39990234375,3.0618,1,2026-07-03,2737.800048828125,3.8737,1.0,2026-07-07,2731.39990234375,3.6309,1.0,2026-07-14,2641.0,0.2011,1.0,0,0,0,1,0,0,3.0618,0,0.0,0.0,1.0,0.0,0.0,3.8737,0.0,0.0,0.0,1.0,0.0,0.0,3.6309,0.0,0.0,0.0,1.0,0.0,1.0,0.2011,1.0,60-65,60-65
ASTRAL.NS|2026-06-30|ensemble_lr0.20_rf0.30_xgb0.50,ASTRAL.NS,2026-06-30,ensemble_lr0.20_rf0.30_xgb0.50,2025-07-01,2026-06-30,2026-06-29,2025-07-28,2026-06-26,2026-06-29,225,2026-06-30,False,0,0.5185185185185185,0.96429396506468,0.72,0.8196014165878296,0.8186595013068508,1,81.87,0.8186595013068508,1,81.87,HOLD,0.4673,-0.0654,High Volatility,-0.835,0.0,unavailable_no_point_in_time_source,True,1333.5,1333.5025634765625,2026-07-01,1359.9610595703125,1.9841,1,2026-07-03,1382.8250732421875,3.6987,1.0,2026-07-07,1357.3651123046875,1.7895,1.0,2026-07-14,1356.36669921875,1.7146,1.0,0,1,1,0,0,1,1.9843,1,1.0,1.0,0.0,0.0,0.0,3.6989,0.0,1.0,1.0,0.0,0.0,1.0,1.7897,1.0,1.0,1.0,0.0,0.0,1.0,1.7148,1.0,80-85,80-85
AUBANK.NS|2026-06-30|ensemble_lr0.20_rf0.30_xgb0.50,AUBANK.NS,2026-06-30,ensemble_lr0.20_rf0.30_xgb0.50,2025-07-01,2026-06-30,2026-06-29,2025-07-28,2026-06-26,2026-06-29,225,2026-06-30,False,0,0.4962962962962963,0.34918802481590877,0.22,0.08930688351392746,0.1804910467201455,0,81.95,0.1804910467201455,0,81.95,BUY,0.5853,0.1706,Bullish,0.67,0.0,unavailable_no_point_in_time_source,True,1036.04,1036.0439453125,2026-07-01,1050.3800048828125,1.3837,1,2026-07-03,1057.3731689453125,2.0587,1.0,2026-07-07,1065.864990234375,2.8784,1.0,2026-07-14,1037.292724609375,0.1205,1.0,1,0,0,0,1,1,1.3841,1,0.0,0.0,0.0,1.0,1.0,2.0591,1.0,0.0,0.0,0.0,1.0,1.0,2.8787,1.0,0.0,0.0,0.0,1.0,1.0,0.1209,1.0,80-85,80-85
AXISBANK.NS|2026-06-30|ensemble_lr0.20_rf0.30_xgb0.50,AXISBANK.NS,2026-06-30,ensemble_lr0.20_rf0.30_xgb0.50,2025-07-01,2026-06-30,2026-06-29,2025-07-28,2026-06-26,2026-06-29,225,2026-06-30,False,1,0.5185185185185185,0.4234744215115668,0.34,0.20556415617465973,0.28947696238964327,0,71.05,0.28947696238964327,0,71.05,HOLD,0.5228,0.0455,Bullish,0.335,0.0,unavailable_no_point_in_time_source,True,1344.66,1344.6629638671875,2026-07-01,1367.6451416015625,1.7091,1,2026-07-03,1341.065673828125,-0.2675,0.0,2026-07-07,1339.966552734375,-0.3493,0.0,2026-07-14,1317.5999755859375,-2.0126,0.0,0,0,0,1,0,1,1.7094,1,1.0,1.0,0.0,1.0,1.0,-0.2673,1.0,1.0,1.0,0.0,1.0,1.0,-0.349,1.0,1.0,1.0,0.0,1.0,1.0,-2.0124,1.0,70-75,70-75
BAJAJFINSV.NS|2026-06-30|ensemble_lr0.20_rf0.30_xgb0.50,BAJAJFINSV.NS,2026-06-30,ensemble_lr0.20_rf0.30_xgb0.50,2025-07-01,2026-06-30,2026-06-29,2025-07-28,2026-06-26,2026-06-29,225,2026-06-30,False,0,0.45925925925925926,0.289043797042627,0.36,0.08632131665945053,0.20896941773825067,0,79.1,0.20896941773825067,0,79.1,HOLD,0.5034,0.0069,Bullish,0.165,0.0,unavailable_no_point_in_time_source,True,1780.2,1780.199951171875,2026-07-01,1797.5999755859375,0.9774,1,2026-07-03,1895.5999755859375,6.4824,1.0,2026-07-07,1885.300048828125,5.9038,1.0,2026-07-14,1869.199951171875,4.9994,1.0,1,0,0,0,1,1,0.9774,1,0.0,0.0,0.0,1.0,0.0,6.4824,0.0,0.0,0.0,0.0,1.0,0.0,5.9038,0.0,0.0,0.0,0.0,1.0,0.0,4.9994,0.0,75-80,75-80
BEL.NS|2026-06-30|ensemble_lr0.20_rf0.30_xgb0.50,BEL.NS,2026-06-30,ensemble_lr0.20_rf0.30_xgb0.50,2025-07-01,2026-06-30,2026-06-29,2025-07-28,2026-06-26,2026-06-29,225,2026-06-30,False,0,0.48148148148148145,0.3745535190025415,0.48,0.4382764995098114,0.438048953555414,0,56.2,0.438048953555414,0,56.2,SELL,0.3177,-0.3646,Bearish,-0.335,0.0,unavailable_no_point_in_time_source,True,411.24,411.24169921875,2026-07-01,415.6856994628906,1.0806,1,2026-07-03,417.4832458496094,1.5177,1.0,2026-07-07,418.5817565917969,1.7849,1.0,2026-07-14,409.5440368652344,-0.4128,0.0,1,0,0,0,1,0,1.081,0,0.0,0.0,0.0,1.0,0.0,1.5182,0.0,0.0,0.0,0.0,1.0,0.0,1.7853,0.0,1.0,1.0,1.0,0.0,1.0,-0.4124,1.0,55-60,55-60
BPCL.NS|2026-06-30|ensemble_lr0.20_rf0.30_xgb0.50,BPCL.NS,2026-06-30,ensemble_lr0.20_rf0.30_xgb0.50,2025-07-01,2026-06-30,2026-06-29,2025-07-28,2026-06-26,2026-06-29,225,2026-06-30,False,0,0.562962962962963,0.2125034636044203,0.16,0.20310494303703308,0.1920531642394006,0,80.79,0.1920531642394006,0,80.79,SELL,0.3668,-0.2663,Sideways,-0.165,0.0,unavailable_no_point_in_time_source,True,303.55,303.54998779296875,2026-07-01,304.20001220703125,0.2141,1,2026-07-03,308.1499938964844,1.5154,1.0,2026-07-07,313.95001220703125,3.4261,1.0,2026-07-14,305.3500061035156,0.593,1.0,1,0,0,0,1,0,0.2141,0,0.0,0.0,0.0,1.0,0.0,1.5154,0.0,0.0,0.0,0.0,1.0,0.0,3.4261,0.0,0.0,0.0,0.0,1.0,0.0,0.593,0.0,80-85,80-85
AARTIIND.NS|2026-07-07|ensemble_lr0.20_rf0.30_xgb0.50,AARTIIND.NS,2026-07-07,ensemble_lr0.20_rf0.30_xgb0.50,2025-07-08,2026-07-07,2026-07-06,2025-08-04,2026-07-06,2026-07-07,225,2026-07-07,False,0,0.4962962962962963,0.5636067028703857,0.66,0.7241803407669067,0.6728115109575306,1,67.28,0.6728115109575306,1,67.28,BUY,0.6825,0.3651,High Volatility,0.67,0.0,unavailable_no_point_in_time_source,True,477.5,477.50079345703125,2026-07-08,464.57647705078125,-2.7067,0,2026-07-10,483.13958740234375,1.1809,1.0,2026-07-14,482.0916442871094,0.9614,1.0,2026-07-21,498.509033203125,4.3996,1.0,0,0,0,1,1,0,-2.7065,0,1.0,1.0,0.0,0.0,1.0,1.1811,1.0,1.0,1.0,0.0,0.0,1.0,0.9616,1.0,1.0,1.0,0.0,0.0,1.0,4.3998,1.0,65-70,65-70
ABCAPITAL.NS|2026-07-07|ensemble_lr0.20_rf0.30_xgb0.50,ABCAPITAL.NS,2026-07-07,ensemble_lr0.20_rf0.30_xgb0.50,2025-07-08,2026-07-07,2026-07-06,2025-08-04,2026-07-06,2026-07-07,225,2026-07-07,False,1,0.5481481481481482,0.2333905235703771,0.4,0.49313077330589294,0.4132434913670219,0,58.68,0.4132434913670219,0,58.68,BUY,0.678,0.3559,Bullish,1.0,0.0,unavailable_no_point_in_time_source,True,405.4,405.3999938964844,2026-07-08,385.75,-4.8471,0,2026-07-10,408.29998779296875,0.7153,1.0,2026-07-14,399.25,-1.517,0.0,2026-07-21,409.04998779296875,0.9003,1.0,0,1,1,0,1,0,-4.8471,0,0.0,0.0,1.0,0.0,1.0,0.7153,1.0,1.0,1.0,0.0,1.0,0.0,-1.517,0.0,0.0,0.0,1.0,0.0,1.0,0.9003,1.0,55-60,55-60
ABFRL.NS|2026-07-07|ensemble_lr0.20_rf0.30_xgb0.50,ABFRL.NS,2026-07-07,ensemble_lr0.20_rf0.30_xgb0.50,2025-07-08,2026-07-07,2026-07-06,2025-08-04,2026-07-06,2026-07-07,225,2026-07-07,False,0,0.5555555555555556,0.5355195463499227,0.46,0.3541743755340576,0.42219109703701335,0,57.78,0.42219109703701335,0,57.78,HOLD,0.4212,-0.1577,High Volatility,-0.165,0.0,unavailable_no_point_in_time_source,True,59.63,59.630001068115234,2026-07-08,58.310001373291016,-2.2137,0,2026-07-10,60.02000045776367,0.654,1.0,2026-07-14,58.93000030517578,-1.1739,0.0,2026-07-21,57.40999984741211,-3.723,0.0,0,1,1,1,1,1,-2.2136,1,0.0,0.0,0.0,0.0,1.0,0.654,1.0,1.0,1.0,1.0,1.0,1.0,-1.1739,1.0,1.0,1.0,1.0,1.0,0.0,-3.723,0.0,55-60,55-60
ADANIPORTS.NS|2026-07-07|ensemble_lr0.20_rf0.30_xgb0.50,ADANIPORTS.NS,2026-07-07,ensemble_lr0.20_rf0.30_xgb0.50,2025-07-08,2026-07-07,2026-07-06,2025-08-04,2026-07-06,2026-07-07,225,2026-07-07,False,0,0.5555555555555556,0.3460710292078976,0.28,0.22555696964263916,0.2659926906628991,0,73.4,0.2659926906628991,0,73.4,HOLD,0.5507,0.1014,Sideways,0.835,0.0,unavailable_no_point_in_time_source,True,1833.9,1833.9000244140625,2026-07-08,1791.699951171875,-2.3011,0,2026-07-10,1828.0999755859375,-0.3163,0.0,2026-07-14,1821.9000244140625,-0.6543,0.0,2026-07-21,1846.5,0.6871,1.0,0,1,1,1,1,1,-2.3011,1,1.0,1.0,1.0,1.0,1.0,-0.3163,1.0,1.0,1.0,1.0,1.0,1.0,-0.6543,1.0,0.0,0.0,0.0,0.0,1.0,0.6871,1.0,70-75,70-75
ANGELONE.NS|2026-07-07|ensemble_lr0.20_rf0.30_xgb0.50,ANGELONE.NS,2026-07-07,ensemble_lr0.20_rf0.30_xgb0.50,2025-07-08,2026-07-07,2026-07-06,2025-08-04,2026-07-06,2026-07-07,225,2026-07-07,False,0,0.48888888888888893,0.17186916233438496,0.2,0.05837605148553848,0.12356185820964624,0,87.64,0.12356185820964624,0,87.64,HOLD,0.4707,-0.0586,High Volatility,0.335,0.0,unavailable_no_point_in_time_source,True,334.76,334.7646789550781,2026-07-08,330.17889404296875,-1.3699,0,2026-07-10,344.9830627441406,3.0524,1.0,2026-07-14,332.5216064453125,-0.67,0.0,2026-07-21,321.8999938964844,-3.8429,0.0,0,1,1,1,1,1,-1.3685,1,0.0,0.0,0.0,0.0,0.0,3.0538,0.0,1.0,1.0,1.0,1.0,1.0,-0.6687,1.0,1.0,1.0,1.0,1.0,0.0,-3.8416,0.0,85-90,85-90
APOLLOTYRE.NS|2026-07-07|ensemble_lr0.20_rf0.30_xgb0.50,APOLLOTYRE.NS,2026-07-07,ensemble_lr0.20_rf0.30_xgb0.50,2025-07-08,2026-07-07,2026-07-06,2025-08-04,2026-07-06,2026-07-07,225,2026-07-07,False,0,0.5185185185185185,0.30905178812632716,0.22,0.32068243622779846,0.28815157573916467,0,71.18,0.28815157573916467,0,71.18,BUY,0.6213,0.2427,Bullish,0.5,0.0,unavailable_no_point_in_time_source,True,451.77,451.76641845703125,2026-07-08,437.0505676269531,-3.2574,0,2026-07-10,440.1000061035156,-2.5824,0.0,2026-07-14,425.8500061035156,-5.7367,0.0,2026-07-21,428.5,-5.1501,0.0,0,1,1,1,1,0,-3.2582,0,1.0,1.0,1.0,1.0,0.0,-2.5832,0.0,1.0,1.0,1.0,1.0,0.0,-5.7374,0.0,1.0,1.0,1.0,1.0,0.0,-5.1509,0.0,70-75,70-75
ASHOKLEY.NS|2026-07-07|ensemble_lr0.20_rf0.30_xgb0.50,ASHOKLEY.NS,2026-07-07,ensemble_lr0.20_rf0.30_xgb0.50,2025-07-08,2026-07-07,2026-07-06,2025-08-04,2026-07-06,2026-07-07,225,2026-07-07,False,1,0.48148148148148145,0.43087315702632084,0.48,0.2935848534107208,0.3769670581106246,0,62.3,0.3769670581106246,0,62.3,HOLD,0.5493,0.0986,Sideways,0.165,0.0,unavailable_no_point_in_time_source,True,164.16,164.16000366210938,2026-07-08,156.22000122070312,-4.8367,0,2026-07-10,157.49000549316406,-4.0631,0.0,2026-07-14,155.19000244140625,-5.4642,0.0,2026-07-21,153.94000244140625,-6.2256,0.0,0,1,1,0,1,0,-4.8367,0,1.0,1.0,0.0,1.0,0.0,-4.0631,0.0,1.0,1.0,0.0,1.0,0.0,-5.4642,0.0,1.0,1.0,0.0,1.0,0.0,-6.2256,0.0,60-65,60-65
ASIANPAINT.NS|2026-07-07|ensemble_lr0.20_rf0.30_xgb0.50,ASIANPAINT.NS,2026-07-07,ensemble_lr0.20_rf0.30_xgb0.50,2025-07-08,2026-07-07,2026-07-06,2025-08-04,2026-07-06,2026-07-07,225,2026-07-07,False,1,0.5333333333333333,0.4724978490757409,0.46,0.40493243932724,0.4349657894787682,0,56.5,0.4349657894787682,0,56.5,BUY,0.6114,0.2227,Bullish,0.835,0.0,unavailable_no_point_in_time_source,True,2731.4,2731.39990234375,2026-07-08,2665.89990234375,-2.398,0,2026-07-10,2677.800048828125,-1.9624,0.0,2026-07-14,2641.0,-3.3097,0.0,2026-07-21,2692.39990234375,-1.4278,0.0,0,1,1,0,1,0,-2.398,0,1.0,1.0,0.0,1.0,0.0,-1.9624,0.0,1.0,1.0,0.0,1.0,0.0,-3.3097,0.0,1.0,1.0,0.0,1.0,0.0,-1.4278,0.0,55-60,55-60
ASTRAL.NS|2026-07-07|ensemble_lr0.20_rf0.30_xgb0.50,ASTRAL.NS,2026-07-07,ensemble_lr0.20_rf0.30_xgb0.50,2025-07-08,2026-07-07,2026-07-06,2025-08-04,2026-07-06,2026-07-07,225,2026-07-07,False,0,0.6,0.834341354201868,0.66,0.84355229139328,0.7866444165370137,1,78.66,0.7866444165370137,1,78.66,HOLD,0.4437,-0.1127,High Volatility,-0.835,0.0,unavailable_no_point_in_time_source,True,1357.37,1357.3651123046875,2026-07-08,1333.9019775390625,-1.7286,0,2026-07-10,1331.70556640625,-1.8904,0.0,2026-07-14,1356.36669921875,-0.0736,0.0,2026-07-21,1412.8778076171875,4.0897,1.0,0,0,0,1,1,1,-1.7289,1,0.0,0.0,1.0,1.0,1.0,-1.8907,1.0,0.0,0.0,1.0,1.0,1.0,-0.0739,1.0,1.0,1.0,0.0,0.0,0.0,4.0894,0.0,75-80,75-80
AUBANK.NS|2026-07-07|ensemble_lr0.20_rf0.30_xgb0.50,AUBANK.NS,2026-07-07,ensemble_lr0.20_rf0.30_xgb0.50,2025-07-08,2026-07-07,2026-07-06,2025-08-04,2026-07-06,2026-07-07,225,2026-07-07,False,1,0.4740740740740741,0.46770582667791866,0.74,0.4946364164352417,0.5628593735532046,1,56.29,0.5628593735532046,1,56.29,STRONG BUY,0.7535,0.5069,Bullish,1.0,0.0,unavailable_no_point_in_time_source,True,1065.86,1065.864990234375,2026-07-08,1037.792236328125,-2.6338,0,2026-07-10,1071.059814453125,0.4874,1.0,2026-07-14,1037.292724609375,-2.6807,0.0,2026-07-21,1002.3265991210938,-5.9612,0.0,1,0,0,0,0,0,-2.6333,0,1.0,1.0,1.0,1.0,1.0,0.4879,1.0,0.0,0.0,0.0,0.0,0.0,-2.6802,0.0,0.0,0.0,0.0,0.0,0.0,-5.9608,0.0,55-60,55-60
AXISBANK.NS|2026-07-07|ensemble_lr0.20_rf0.30_xgb0.50,AXISBANK.NS,2026-07-07,ensemble_lr0.20_rf0.30_xgb0.50,2025-07-08,2026-07-07,2026-07-06,2025-08-04,2026-07-06,2026-07-07,225,2026-07-07,False,1,0.5259259259259259,0.47217589799972903,0.44,0.4266289174556732,0.4397496383277824,0,56.03,0.4397496383277824,0,56.03,HOLD,0.4818,-0.0365,Sideways,0.335,0.0,unavailable_no_point_in_time_source,True,1339.97,1339.966552734375,2026-07-08,1308.4908447265625,-2.349,0,2026-07-10,1323.699951171875,-1.214,0.0,2026-07-14,1317.5999755859375,-1.6692,0.0,2026-07-21,1258.199951171875,-6.1021,0.0,1,1,1,0,0,1,-2.3492,1,1.0,1.0,0.0,0.0,1.0,-1.2142,1.0,1.0,1.0,0.0,0.0,1.0,-1.6694,1.0,1.0,1.0,0.0,0.0,0.0,-6.1024,0.0,55-60,55-60
BAJAJFINSV.NS|2026-07-07|ensemble_lr0.20_rf0.30_xgb0.50,BAJAJFINSV.NS,2026-07-07,ensemble_lr0.20_rf0.30_xgb0.50,2025-07-08,2026-07-07,2026-07-06,2025-08-04,2026-07-06,2026-07-07,225,2026-07-07,False,0,0.45925925925925926,0.5258165525666115,0.44,0.28564590215682983,0.3799862615917372,0,62.0,0.3799862615917372,0,62.0,BUY,0.5972,0.1944,Bullish,0.335,0.0,unavailable_no_point_in_time_source,True,1885.3,1885.300048828125,2026-07-08,1854.9000244140625,-1.6125,0,2026-07-10,1916.0,1.6284,1.0,2026-07-14,1869.199951171875,-0.854,0.0,2026-07-21,1900.5999755859375,0.8115,1.0,1,1,1,1,0,0,-1.6125,0,0.0,0.0,0.0,1.0,1.0,1.6284,1.0,1.0,1.0,1.0,0.0,0.0,-0.854,0.0,0.0,0.0,0.0,1.0,1.0,0.8115,1.0,60-65,60-65
BEL.NS|2026-07-07|ensemble_lr0.20_rf0.30_xgb0.50,BEL.NS,2026-07-07,ensemble_lr0.20_rf0.30_xgb0.50,2025-07-08,2026-07-07,2026-07-06,2025-08-04,2026-07-06,2026-07-07,225,2026-07-07,False,0,0.47407407407407404,0.5630773417824695,0.44,0.6351233720779419,0.5621771543954648,1,56.22,0.5621771543954648,1,56.22,HOLD,0.5658,0.1316,Sideways,0.165,0.0,unavailable_no_point_in_time_source,True,418.58,418.5817565917969,2026-07-08,407.04742431640625,-2.7556,0,2026-07-10,414.28759765625,-1.0259,0.0,2026-07-14,409.5440368652344,-2.1591,0.0,2026-07-21,409.49407958984375,-2.1711,0.0,0,0,0,1,1,1,-2.7552,1,0.0,0.0,1.0,1.0,1.0,-1.0255,1.0,0.0,0.0,1.0,1.0,1.0,-2.1587,1.0,0.0,0.0,1.0,1.0,1.0,-2.1707,1.0,55-60,55-60
BPCL.NS|2026-07-07|ensemble_lr0.20_rf0.30_xgb0.50,BPCL.NS,2026-07-07,ensemble_lr0.20_rf0.30_xgb0.50,2025-07-08,2026-07-07,2026-07-06,2025-08-04,2026-07-06,2026-07-07,225,2026-07-07,False,0,0.5555555555555555,0.48839230184694793,0.22,0.3929814100265503,0.36016916538266475,0,63.98,0.36016916538266475,0,63.98,HOLD,0.5525,0.105,Sideways,0.165,0.0,unavailable_no_point_in_time_source,True,313.95,313.95001220703125,2026-07-08,303.54998779296875,-3.3126,0,2026-07-10,309.75,-1.3378,0.0,2026-07-14,305.3500061035156,-2.7393,0.0,2026-07-21,319.3500061035156,1.72,1.0,1,1,1,1,0,0,-3.3126,0,1.0,1.0,1.0,0.0,1.0,-1.3378,1.0,1.0,1.0,1.0,0.0,1.0,-2.7393,1.0,0.0,0.0,0.0,1.0,1.0,1.72,1.0,60-65,60-65
AARTIIND.NS|2026-07-14|ensemble_lr0.20_rf0.30_xgb0.50,AARTIIND.NS,2026-07-14,ensemble_lr0.20_rf0.30_xgb0.50,2025-07-15,2026-07-14,2026-07-13,2025-08-11,2026-07-13,2026-07-14,225,2026-07-14,False,0,0.5333333333333333,0.3494249470500785,0.34,0.31053659319877625,0.32715328600940385,0,67.28,0.32715328600940385,0,67.28,HOLD,0.5355,0.0709,High Volatility,0.67,0.0,unavailable_no_point_in_time_source,True,482.09,482.0916442871094,2026-07-15,499.7066650390625,3.6539,1,2026-07-17,492.97003173828125,2.2565,1.0,2026-07-21,498.509033203125,3.4054,1.0,2026-07-28,475.8041687011719,-1.3042,0.0,0,0,0,0,0,0,3.6542,0,0.0,0.0,0.0,0.0,1.0,2.2568,1.0,0.0,0.0,0.0,0.0,0.0,3.4058,0.0,1.0,1.0,1.0,1.0,1.0,-1.3039,1.0,65-70,65-70
ABCAPITAL.NS|2026-07-14|ensemble_lr0.20_rf0.30_xgb0.50,ABCAPITAL.NS,2026-07-14,ensemble_lr0.20_rf0.30_xgb0.50,2025-07-15,2026-07-14,2026-07-13,2025-08-11,2026-07-13,2026-07-14,225,2026-07-14,False,1,0.5555555555555555,0.45945114685476446,0.7,0.5492980480194092,0.5765392533806575,1,57.65,0.5765392533806575,1,57.65,BUY,0.6877,0.3754,Bullish,0.5,0.0,unavailable_no_point_in_time_source,True,399.25,399.25,2026-07-15,404.29998779296875,1.2649,1,2026-07-17,401.54998779296875,0.5761,1.0,2026-07-21,409.04998779296875,2.4546,1.0,2026-07-28,391.3500061035156,-1.9787,0.0,0,1,1,1,0,1,1.2649,1,1.0,1.0,1.0,0.0,1.0,0.5761,1.0,1.0,1.0,1.0,0.0,1.0,2.4546,1.0,0.0,0.0,0.0,1.0,0.0,-1.9787,0.0,55-60,55-60
ABFRL.NS|2026-07-14|ensemble_lr0.20_rf0.30_xgb0.50,ABFRL.NS,2026-07-14,ensemble_lr0.20_rf0.30_xgb0.50,2025-07-15,2026-07-14,2026-07-13,2025-08-11,2026-07-13,2026-07-14,225,2026-07-14,False,0,0.47407407407407404,0.5428540205580784,0.74,0.7104408740997314,0.6857912411614814,1,68.58,0.6857912411614814,1,68.58,HOLD,0.5191,0.0383,High Volatility,-0.165,0.0,unavailable_no_point_in_time_source,True,58.93,58.93000030517578,2026-07-15,59.2599983215332,0.56,1,2026-07-17,57.849998474121094,-1.8327,0.0,2026-07-21,57.40999984741211,-2.5793,0.0,2026-07-28,56.70000076293945,-3.7841,0.0,0,1,1,0,0,1,0.56,1,0.0,0.0,1.0,1.0,1.0,-1.8327,1.0,0.0,0.0,1.0,1.0,1.0,-2.5793,1.0,0.0,0.0,1.0,1.0,0.0,-3.7841,0.0,65-70,65-70
ADANIPORTS.NS|2026-07-14|ensemble_lr0.20_rf0.30_xgb0.50,ADANIPORTS.NS,2026-07-14,ensemble_lr0.20_rf0.30_xgb0.50,2025-07-15,2026-07-14,2026-07-13,2025-08-11,2026-07-13,2026-07-14,225,2026-07-14,False,0,0.5703703703703703,0.2694302522211501,0.36,0.3870908319950104,0.3554314664417352,0,64.46,0.3554314664417352,0,64.46,HOLD,0.5062,0.0124,Sideways,0.5,0.0,unavailable_no_point_in_time_source,True,1821.9,1821.9000244140625,2026-07-15,1829.0999755859375,0.3952,1,2026-07-17,1837.4000244140625,0.8508,1.0,2026-07-21,1846.5,1.3502,1.0,2026-07-28,1774.699951171875,-2.5907,0.0,1,0,0,0,1,1,0.3952,1,0.0,0.0,0.0,1.0,1.0,0.8508,1.0,0.0,0.0,0.0,1.0,1.0,1.3502,1.0,1.0,1.0,1.0,0.0,1.0,-2.5907,1.0,60-65,60-65
AETHER.NS|2026-07-14|ensemble_lr0.20_rf0.30_xgb0.50,AETHER.NS,2026-07-14,ensemble_lr0.20_rf0.30_xgb0.50,2025-07-15,2026-07-14,2026-07-13,2025-08-11,2026-07-13,2026-07-14,225,2026-07-14,False,1,0.45925925925925926,0.24343876243001278,0.54,0.3331737816333771,0.3772746433026911,0,62.27,0.3772746433026911,0,62.27,BUY,0.6397,0.2794,High Volatility,1.0,0.0,unavailable_no_point_in_time_source,True,1439.9,1439.9000244140625,2026-07-15,1477.199951171875,2.5905,1,2026-07-17,1475.300048828125,2.4585,1.0,2026-07-21,1449.699951171875,0.6806,1.0,2026-07-28,1464.699951171875,1.7223,1.0,0,0,0,1,0,1,2.5905,1,0.0,0.0,1.0,0.0,1.0,2.4585,1.0,0.0,0.0,1.0,0.0,1.0,0.6806,1.0,0.0,0.0,1.0,0.0,1.0,1.7223,1.0,60-65,60-65
ANGELONE.NS|2026-07-14|ensemble_lr0.20_rf0.30_xgb0.50,ANGELONE.NS,2026-07-14,ensemble_lr0.20_rf0.30_xgb0.50,2025-07-15,2026-07-14,2026-07-13,2025-08-11,2026-07-13,2026-07-14,225,2026-07-14,False,0,0.4962962962962963,0.14650510369511274,0.44,0.35533204674720764,0.33896704411262635,0,66.1,0.33896704411262635,0,66.1,HOLD,0.4782,-0.0435,High Volatility,0.335,0.0,unavailable_no_point_in_time_source,True,332.52,332.5216064453125,2026-07-15,342.34124755859375,2.9531,1,2026-07-17,327.9358215332031,-1.3791,0.0,2026-07-21,321.8999938964844,-3.1943,0.0,2026-07-28,302.6000061035156,-8.9984,0.0,0,0,0,0,0,1,2.9536,1,1.0,1.0,1.0,1.0,1.0,-1.3786,1.0,1.0,1.0,1.0,1.0,0.0,-3.1938,0.0,1.0,1.0,1.0,1.0,0.0,-8.998,0.0,65-70,65-70
APOLLOTYRE.NS|2026-07-14|ensemble_lr0.20_rf0.30_xgb0.50,APOLLOTYRE.NS,2026-07-14,ensemble_lr0.20_rf0.30_xgb0.50,2025-07-15,2026-07-14,2026-07-13,2025-08-11,2026-07-13,2026-07-14,225,2026-07-14,False,0,0.5185185185185185,0.794752832179036,0.56,0.4908871650695801,0.5723941489705973,1,57.24,0.5723941489705973,1,57.24,HOLD,0.5563,0.1126,Sideways,0.0,0.0,unavailable_no_point_in_time_source,True,425.85,425.8500061035156,2026-07-15,427.0,0.27,1,2026-07-17,430.6499938964844,1.1272,1.0,2026-07-21,428.5,0.6223,1.0,2026-07-28,423.8500061035156,-0.4696,0.0,0,1,1,0,0,1,0.27,1,1.0,1.0,0.0,0.0,1.0,1.1272,1.0,1.0,1.0,0.0,0.0,1.0,0.6223,1.0,0.0,0.0,1.0,1.0,1.0,-0.4696,1.0,55-60,55-60
ASHOKLEY.NS|2026-07-14|ensemble_lr0.20_rf0.30_xgb0.50,ASHOKLEY.NS,2026-07-14,ensemble_lr0.20_rf0.30_xgb0.50,2025-07-15,2026-07-14,2026-07-13,2025-08-11,2026-07-13,2026-07-14,225,2026-07-14,False,1,0.5555555555555556,0.44170888659741514,0.7,0.7499521970748901,0.673317875856928,1,67.33,0.673317875856928,1,67.33,HOLD,0.5124,0.0249,High Volatility,-0.165,0.0,unavailable_no_point_in_time_source,True,155.19,155.19000244140625,2026-07-15,156.52000427246094,0.857,1,2026-07-17,155.22999572753906,0.0258,1.0,2026-07-21,153.94000244140625,-0.8055,0.0,2026-07-28,157.5,1.4885,1.0,0,1,1,1,0,1,0.857,1,1.0,1.0,1.0,0.0,1.0,0.0258,1.0,0.0,0.0,0.0,1.0,1.0,-0.8055,1.0,1.0,1.0,1.0,0.0,1.0,1.4885,1.0,65-70,65-70
ASIANPAINT.NS|2026-07-14|ensemble_lr0.20_rf0.30_xgb0.50,ASIANPAINT.NS,2026-07-14,ensemble_lr0.20_rf0.30_xgb0.50,2025-07-15,2026-07-14,2026-07-13,2025-08-11,2026-07-13,2026-07-14,225,2026-07-14,False,1,0.5111111111111111,0.3368249930096945,0.26,0.22670425474643707,0.25871712597515745,0,74.13,0.25871712597515745,0,74.13,HOLD,0.4654,-0.0691,Sideways,0.335,0.0,unavailable_no_point_in_time_source,True,2641.0,2641.0,2026-07-15,2670.0,1.0981,1,2026-07-17,2689.0,1.8175,1.0,2026-07-21,2692.39990234375,1.9462,1.0,2026-07-28,2736.199951171875,3.6047,1.0,0,0,0,1,0,1,1.0981,1,0.0,0.0,1.0,0.0,1.0,1.8175,1.0,0.0,0.0,1.0,0.0,1.0,1.9462,1.0,0.0,0.0,1.0,0.0,0.0,3.6047,0.0,70-75,70-75
ASTRAL.NS|2026-07-14|ensemble_lr0.20_rf0.30_xgb0.50,ASTRAL.NS,2026-07-14,ensemble_lr0.20_rf0.30_xgb0.50,2025-07-15,2026-07-14,2026-07-13,2025-08-11,2026-07-13,2026-07-14,225,2026-07-14,False,1,0.5555555555555556,0.4673108152019326,0.36,0.762906014919281,0.5829151705000271,1,58.29,0.5829151705000271,1,58.29,SELL,0.3639,-0.2722,Bearish,-1.0,0.0,unavailable_no_point_in_time_source,True,1356.37,1356.36669921875,2026-07-15,1357.6646728515625,0.0957,1,2026-07-17,1375.636474609375,1.4207,1.0,2026-07-21,1412.8778076171875,4.1664,1.0,2026-07-28,1469.0894775390625,8.3106,1.0,1,1,1,1,1,0,0.0955,0,1.0,1.0,1.0,1.0,0.0,1.4204,0.0,1.0,1.0,1.0,1.0,0.0,4.1661,0.0,1.0,1.0,1.0,1.0,0.0,8.3104,0.0,55-60,55-60
AUBANK.NS|2026-07-14|ensemble_lr0.20_rf0.30_xgb0.50,AUBANK.NS,2026-07-14,ensemble_lr0.20_rf0.30_xgb0.50,2025-07-15,2026-07-14,2026-07-13,2025-08-11,2026-07-13,2026-07-14,225,2026-07-14,False,1,0.5037037037037037,0.6976250471330228,0.58,0.5462609529495239,0.5866554859013665,1,58.67,0.5866554859013665,1,58.67,HOLD,0.5782,0.1563,Sideways,0.335,0.0,unavailable_no_point_in_time_source,True,1037.29,1037.292724609375,2026-07-15,1039.5904541015625,0.2215,1,2026-07-17,1029.200439453125,-0.7801,0.0,2026-07-21,1002.3265991210938,-3.3709,0.0,2026-07-28,1046.6834716796875,0.9053,1.0,0,1,1,1,0,1,0.2218,1,0.0,0.0,0.0,1.0,1.0,-0.7799,1.0,0.0,0.0,0.0,1.0,0.0,-3.3706,0.0,1.0,1.0,1.0,0.0,1.0,0.9056,1.0,55-60,55-60
AXISBANK.NS|2026-07-14|ensemble_lr0.20_rf0.30_xgb0.50,AXISBANK.NS,2026-07-14,ensemble_lr0.20_rf0.30_xgb0.50,2025-07-15,2026-07-14,2026-07-13,2025-08-11,2026-07-13,2026-07-14,225,2026-07-14,False,1,0.4962962962962963,0.4293002311984198,0.34,0.15415138006210327,0.26493573627073563,0,73.51,0.26493573627073563,0,73.51,HOLD,0.432,-0.136,Bearish,0.17,0.0,unavailable_no_point_in_time_source,True,1317.6,1317.5999755859375,2026-07-15,1312.300048828125,-0.4022,0,2026-07-17,1328.5,0.8273,1.0,2026-07-21,1258.199951171875,-4.5082,0.0,2026-07-28,1223.5,-7.1418,0.0,0,1,1,0,1,1,-0.4022,1,0.0,0.0,1.0,0.0,1.0,0.8273,1.0,1.0,1.0,0.0,1.0,0.0,-4.5082,0.0,1.0,1.0,0.0,1.0,0.0,-7.1418,0.0,70-75,70-75
BAJAJFINSV.NS|2026-07-14|ensemble_lr0.20_rf0.30_xgb0.50,BAJAJFINSV.NS,2026-07-14,ensemble_lr0.20_rf0.30_xgb0.50,2025-07-15,2026-07-14,2026-07-13,2025-08-11,2026-07-13,2026-07-14,225,2026-07-14,False,0,0.4518518518518519,0.4144349284862176,0.42,0.442972332239151,0.430373151816819,0,56.96,0.430373151816819,0,56.96,HOLD,0.5764,0.1529,Bullish,0.335,0.0,unavailable_no_point_in_time_source,True,1869.2,1869.199951171875,2026-07-15,1849.5999755859375,-1.0486,0,2026-07-17,1854.0,-0.8132,0.0,2026-07-21,1900.5999755859375,1.6799,1.0,2026-07-28,1927.9000244140625,3.1404,1.0,0,1,1,1,1,1,-1.0486,1,1.0,1.0,1.0,1.0,1.0,-0.8132,1.0,0.0,0.0,0.0,0.0,1.0,1.6799,1.0,0.0,0.0,0.0,0.0,0.0,3.1404,0.0,55-60,55-60
BPCL.NS|2026-07-14|ensemble_lr0.20_rf0.30_xgb0.50,BPCL.NS,2026-07-14,ensemble_lr0.20_rf0.30_xgb0.50,2025-07-15,2026-07-14,2026-07-13,2025-08-11,2026-07-13,2026-07-14,225,2026-07-14,False,0,0.45925925925925926,0.4596134517542961,0.4,0.16843697428703308,0.29614117749437574,0,70.39,0.29614117749437574,0,70.39,HOLD,0.4467,-0.1065,Sideways,-0.165,0.0,unavailable_no_point_in_time_source,True,305.35,305.3500061035156,2026-07-15,309.6000061035156,1.3918,1,2026-07-17,315.54998779296875,3.3404,1.0,2026-07-21,319.3500061035156,4.5849,1.0,2026-07-28,320.04998779296875,4.8141,1.0,0,0,0,0,0,1,1.3918,1,0.0,0.0,0.0,0.0,0.0,3.3404,0.0,0.0,0.0,0.0,0.0,0.0,4.5849,0.0,0.0,0.0,0.0,0.0,0.0,4.8141,0.0,70-75,70-75
AARTIIND.NS|2026-07-21|ensemble_lr0.20_rf0.30_xgb0.50,AARTIIND.NS,2026-07-21,ensemble_lr0.20_rf0.30_xgb0.50,2025-07-22,2026-07-21,2026-07-20,2025-08-19,2026-07-20,2026-07-21,225,2026-07-21,False,0,0.48888888888888893,0.43747084599876807,0.64,0.6273868680000305,0.5931876031997689,1,59.32,0.5931876031997689,1,59.32,BUY,0.6471,0.2943,High Volatility,0.835,0.0,unavailable_no_point_in_time_source,True,498.51,498.509033203125,2026-07-22,494.966064453125,-0.7107,0,2026-07-24,476.85205078125,-4.3444,0.0,2026-07-28,475.8041687011719,-4.5546,0.0,2026-08-04,480.79425048828125,-3.5536,0.0,1,0,0,1,0,0,-0.7109,0,0.0,0.0,1.0,0.0,0.0,-4.3445,0.0,0.0,0.0,1.0,0.0,0.0,-4.5547,0.0,0.0,0.0,1.0,0.0,0.0,-3.5537,0.0,55-60,55-60
ABCAPITAL.NS|2026-07-21|ensemble_lr0.20_rf0.30_xgb0.50,ABCAPITAL.NS,2026-07-21,ensemble_lr0.20_rf0.30_xgb0.50,2025-07-22,2026-07-21,2026-07-20,2025-08-19,2026-07-20,2026-07-21,225,2026-07-21,False,0,0.5481481481481482,0.48228059455882377,0.24,0.2662312388420105,0.30157173833277,0,69.84,0.30157173833277,0,69.84,HOLD,0.5167,0.0334,Sideways,0.665,0.0,unavailable_no_point_in_time_source,True,409.05,409.04998779296875,2026-07-22,400.6000061035156,-2.0658,0,2026-07-24,393.8500061035156,-3.7159,0.0,2026-07-28,391.3500061035156,-4.3271,0.0,2026-08-04,420.0,2.6769,1.0,1,1,1,1,0,1,-2.0658,1,1.0,1.0,1.0,0.0,0.0,-3.7159,0.0,1.0,1.0,1.0,0.0,0.0,-4.3271,0.0,0.0,0.0,0.0,1.0,1.0,2.6769,1.0,65-70,65-70
ABFRL.NS|2026-07-21|ensemble_lr0.20_rf0.30_xgb0.50,ABFRL.NS,2026-07-21,ensemble_lr0.20_rf0.30_xgb0.50,2025-07-22,2026-07-21,2026-07-20,2025-08-19,2026-07-20,2026-07-21,225,2026-07-21,False,0,0.5555555555555556,0.6060173049177607,0.5,0.667693555355072,0.6050502386610881,1,60.51,0.6050502386610881,1,60.51,HOLD,0.4874,-0.0251,High Volatility,-0.5,0.0,unavailable_no_point_in_time_source,True,57.41,57.40999984741211,2026-07-22,57.04999923706055,-0.6271,0,2026-07-24,56.25,-2.0206,0.0,2026-07-28,56.70000076293945,-1.2367,0.0,2026-08-04,61.0,6.2533,1.0,1,0,0,1,0,1,-0.6271,1,0.0,0.0,1.0,0.0,1.0,-2.0206,1.0,0.0,0.0,1.0,0.0,1.0,-1.2367,1.0,1.0,1.0,0.0,1.0,0.0,6.2533,0.0,60-65,60-65
ADANIPORTS.NS|2026-07-21|ensemble_lr0.20_rf0.30_xgb0.50,ADANIPORTS.NS,2026-07-21,ensemble_lr0.20_rf0.30_xgb0.50,2025-07-22,2026-07-21,2026-07-20,2025-08-19,2026-07-20,2026-07-21,225,2026-07-21,False,0,0.5037037037037037,0.38173186796440933,0.72,0.5526401400566101,0.5686664436211869,1,56.87,0.5686664436211869,1,56.87,BUY,0.6187,0.2373,Sideways,0.5,0.0,unavailable_no_point_in_time_source,True,1846.5,1846.5,2026-07-22,1819.4000244140625,-1.4676,0,2026-07-24,1768.300048828125,-4.235,0.0,2026-07-28,1774.699951171875,-3.8884,0.0,2026-08-04,1706.699951171875,-7.5711,0.0,1,0,0,1,0,0,-1.4676,0,0.0,0.0,1.0,0.0,0.0,-4.235,0.0,0.0,0.0,1.0,0.0,0.0,-3.8884,0.0,0.0,0.0,1.0,0.0,0.0,-7.5711,0.0,55-60,55-60
AETHER.NS|2026-07-21|ensemble_lr0.20_rf0.30_xgb0.50,AETHER.NS,2026-07-21,ensemble_lr0.20_rf0.30_xgb0.50,2025-07-22,2026-07-21,2026-07-20,2025-08-19,2026-07-20,2026-07-21,225,2026-07-21,False,0,0.40740740740740744,0.19646306355386683,0.24,0.1863468736410141,0.20446604953128042,0,79.55,0.20446604953128042,0,79.55,HOLD,0.539,0.0781,High Volatility,0.665,0.0,unavailable_no_point_in_time_source,True,1449.7,1449.699951171875,2026-07-22,1462.800048828125,0.9036,1,2026-07-24,1427.5,-1.5313,0.0,2026-07-28,1464.699951171875,1.0347,1.0,2026-08-04,1578.300048828125,8.8708,1.0,0,0,0,0,0,1,0.9036,1,1.0,1.0,1.0,1.0,1.0,-1.5314,1.0,0.0,0.0,0.0,0.0,1.0,1.0347,1.0,0.0,0.0,0.0,0.0,0.0,8.8708,0.0,75-80,75-80
ANGELONE.NS|2026-07-21|ensemble_lr0.20_rf0.30_xgb0.50,ANGELONE.NS,2026-07-21,ensemble_lr0.20_rf0.30_xgb0.50,2025-07-22,2026-07-21,2026-07-20,2025-08-19,2026-07-20,2026-07-21,225,2026-07-21,False,0,0.5555555555555555,0.20942775413711964,0.32,0.3033756613731384,0.28957338151399314,0,71.04,0.28957338151399314,0,71.04,HOLD,0.4589,-0.0822,High Volatility,0.0,0.0,unavailable_no_point_in_time_source,True,321.9,321.8999938964844,2026-07-22,312.3999938964844,-2.9512,0,2026-07-24,307.95001220703125,-4.3336,0.0,2026-07-28,302.6000061035156,-5.9956,0.0,2026-08-04,300.3500061035156,-6.6946,0.0,0,1,1,1,1,1,-2.9512,1,1.0,1.0,1.0,1.0,0.0,-4.3336,0.0,1.0,1.0,1.0,1.0,0.0,-5.9956,0.0,1.0,1.0,1.0,1.0,0.0,-6.6946,0.0,70-75,70-75
APOLLOTYRE.NS|2026-07-21|ensemble_lr0.20_rf0.30_xgb0.50,APOLLOTYRE.NS,2026-07-21,ensemble_lr0.20_rf0.30_xgb0.50,2025-07-22,2026-07-21,2026-07-20,2025-08-19,2026-07-20,2026-07-21,225,2026-07-21,False,0,0.5037037037037037,0.5258219883238406,0.14,0.19194592535495758,0.24313736034224692,0,75.69,0.24313736034224692,0,75.69,HOLD,0.4448,-0.1105,Sideways,0.0,0.0,unavailable_no_point_in_time_source,True,428.5,428.5,2026-07-22,426.6000061035156,-0.4434,0,2026-07-24,419.6499938964844,-2.0653,0.0,2026-07-28,423.8500061035156,-1.0852,0.0,2026-08-04,438.3500061035156,2.2987,1.0,0,1,1,1,1,1,-0.4434,1,1.0,1.0,1.0,1.0,1.0,-2.0653,1.0,1.0,1.0,1.0,1.0,1.0,-1.0852,1.0,0.0,0.0,0.0,0.0,1.0,2.2987,1.0,75-80,75-80
ASHOKLEY.NS|2026-07-21|ensemble_lr0.20_rf0.30_xgb0.50,ASHOKLEY.NS,2026-07-21,ensemble_lr0.20_rf0.30_xgb0.50,2025-07-22,2026-07-21,2026-07-20,2025-08-19,2026-07-20,2026-07-21,225,2026-07-21,False,1,0.5407407407407407,0.39533962894210956,0.38,0.37955644726753235,0.3828461494221881,0,61.72,0.3828461494221881,0,61.72,SELL,0.3923,-0.2155,Sideways,-0.165,0.0,unavailable_no_point_in_time_source,True,153.94,153.94000244140625,2026-07-22,152.49000549316406,-0.9419,0,2026-07-24,151.07000732421875,-1.8644,0.0,2026-07-28,157.5,2.3126,1.0,2026-08-04,172.0800018310547,11.7838,1.0,0,1,1,0,1,1,-0.9419,1,1.0,1.0,0.0,1.0,1.0,-1.8644,1.0,0.0,0.0,1.0,0.0,0.0,2.3126,0.0,0.0,0.0,1.0,0.0,0.0,11.7838,0.0,60-65,60-65
ASIANPAINT.NS|2026-07-21|ensemble_lr0.20_rf0.30_xgb0.50,ASIANPAINT.NS,2026-07-21,ensemble_lr0.20_rf0.30_xgb0.50,2025-07-22,2026-07-21,2026-07-20,2025-08-19,2026-07-20,2026-07-21,225,2026-07-21,False,1,0.4666666666666666,0.5175712731106046,0.7,0.7849030494689941,0.705965779356618,1,70.6,0.705965779356618,1,70.6,BUY,0.6611,0.3222,Bullish,0.335,0.0,unavailable_no_point_in_time_source,True,2692.4,2692.39990234375,2026-07-22,2692.800048828125,0.0149,1,2026-07-24,2637.89990234375,-2.0242,0.0,2026-07-28,2736.199951171875,1.6268,1.0,2026-08-04,2775.0,3.0679,1.0,1,1,1,1,1,1,0.0149,1,0.0,0.0,0.0,0.0,0.0,-2.0242,0.0,1.0,1.0,1.0,1.0,1.0,1.6268,1.0,1.0,1.0,1.0,1.0,1.0,3.0679,1.0,70-75,70-75
ASTRAL.NS|2026-07-21|ensemble_lr0.20_rf0.30_xgb0.50,ASTRAL.NS,2026-07-21,ensemble_lr0.20_rf0.30_xgb0.50,2025-07-22,2026-07-21,2026-07-20,2025-08-19,2026-07-20,2026-07-21,225,2026-07-21,False,1,0.5777777777777778,0.5542894153315281,0.82,0.8375629186630249,0.7756393423978181,1,77.56,0.7756393423978181,1,77.56,HOLD,0.5583,0.1165,Sideways,-0.335,0.0,unavailable_no_point_in_time_source,True,1412.88,1412.8778076171875,2026-07-22,1428.55322265625,1.1095,1,2026-07-24,1465.7945556640625,3.7453,1.0,2026-07-28,1469.0894775390625,3.9785,1.0,2026-08-04,1445.7261962890625,2.3249,1.0,1,1,1,1,1,1,1.1093,1,1.0,1.0,1.0,1.0,0.0,3.7452,0.0,1.0,1.0,1.0,1.0,0.0,3.9784,0.0,1.0,1.0,1.0,1.0,1.0,2.3248,1.0,75-80,75-80
AUBANK.NS|2026-07-21|ensemble_lr0.20_rf0.30_xgb0.50,AUBANK.NS,2026-07-21,ensemble_lr0.20_rf0.30_xgb0.50,2025-07-22,2026-07-21,2026-07-20,2025-08-19,2026-07-20,2026-07-21,225,2026-07-21,False,1,0.5185185185185185,0.4480019569594659,0.5,0.3387833535671234,0.40899206817545486,0,59.1,0.40899206817545486,0,59.1,SELL,0.4081,-0.1839,Bearish,0.0,0.0,unavailable_no_point_in_time_source,True,1002.33,1002.3265991210938,2026-07-22,979.2490234375,-2.3024,0,2026-07-24,1003.0259399414062,0.0698,1.0,2026-07-28,1046.6834716796875,4.4254,1.0,2026-08-04,1059.0,5.6542,1.0,1,1,1,0,0,1,-2.3027,1,0.0,0.0,1.0,1.0,0.0,0.0694,0.0,0.0,0.0,1.0,1.0,0.0,4.425,0.0,0.0,0.0,1.0,1.0,0.0,5.6538,0.0,55-60,55-60
BEL.NS|2026-07-21|ensemble_lr0.20_rf0.30_xgb0.50,BEL.NS,2026-07-21,ensemble_lr0.20_rf0.30_xgb0.50,2025-07-22,2026-07-21,2026-07-20,2025-08-19,2026-07-20,2026-07-21,225,2026-07-21,False,0,0.4740740740740741,0.5991305849506473,0.42,0.8805990815162659,0.6861256577482624,1,68.61,0.6861256577482624,1,68.61,HOLD,0.4951,-0.0097,Sideways,-0.335,0.0,unavailable_no_point_in_time_source,True,409.49,409.49407958984375,2026-07-22,406.1985778808594,-0.8048,0,2026-07-24,404.450927734375,-1.2316,0.0,2026-07-28,388.4726257324219,-5.1335,0.0,2026-08-04,390.96923828125,-4.5238,0.0,1,0,0,1,0,1,-0.8038,1,0.0,0.0,1.0,0.0,1.0,-1.2306,1.0,0.0,0.0,1.0,0.0,0.0,-5.1326,0.0,0.0,0.0,1.0,0.0,0.0,-4.5229,0.0,65-70,65-70
BPCL.NS|2026-07-21|ensemble_lr0.20_rf0.30_xgb0.50,BPCL.NS,2026-07-21,ensemble_lr0.20_rf0.30_xgb0.50,2025-07-22,2026-07-21,2026-07-20,2025-08-19,2026-07-20,2026-07-21,225,2026-07-21,False,0,0.47407407407407404,0.7367039340507383,0.76,0.8834543824195862,0.8170679780199408,1,81.71,0.8170679780199408,1,81.71,BUY,0.6375,0.2749,Sideways,0.335,0.0,unavailable_no_point_in_time_source,True,319.35,319.3500061035156,2026-07-22,314.0,-1.6753,0,2026-07-24,310.1499938964844,-2.8809,0.0,2026-07-28,320.04998779296875,0.2192,1.0,2026-08-04,324.0,1.4561,1.0,1,0,0,1,0,0,-1.6753,0,0.0,0.0,1.0,0.0,0.0,-2.8809,0.0,1.0,1.0,0.0,1.0,1.0,0.2192,1.0,1.0,1.0,0.0,1.0,1.0,1.4561,1.0,80-85,80-85
AARTIIND.NS|2026-07-28|ensemble_lr0.20_rf0.30_xgb0.50,AARTIIND.NS,2026-07-28,ensemble_lr0.20_rf0.30_xgb0.50,2025-07-29,2026-07-28,2026-07-27,2025-08-26,2026-07-27,2026-07-28,225,2026-07-28,False,0,0.4518518518518519,0.3810337829874974,0.48,0.3483363389968872,0.39437492609594305,0,60.56,0.39437492609594305,0,60.56,HOLD,0.4501,-0.0999,High Volatility,0.0,0.0,unavailable_no_point_in_time_source,True,475.8,475.8041687011719,2026-07-29,484.53680419921875,1.8353,1,2026-07-31,488.1296691894531,2.5905,1.0,2026-08-04,480.79425048828125,1.0488,1.0,2026-08-11,504.2975158691406,5.9885,1.0,0,0,0,0,0,1,1.8362,1,0.0,0.0,0.0,0.0,1.0,2.5914,1.0,0.0,0.0,0.0,0.0,1.0,1.0497,1.0,0.0,0.0,0.0,0.0,0.0,5.9894,0.0,60-65,60-65
ABCAPITAL.NS|2026-07-28|ensemble_lr0.20_rf0.30_xgb0.50,ABCAPITAL.NS,2026-07-28,ensemble_lr0.20_rf0.30_xgb0.50,2025-07-29,2026-07-28,2026-07-27,2025-08-26,2026-07-27,2026-07-28,225,2026-07-28,False,1,0.562962962962963,0.8365291325799381,0.72,0.9167605042457581,0.8416860786388667,1,84.17,0.8416860786388667,1,84.17,BUY,0.632,0.2639,Sideways,0.5,0.0,unavailable_no_point_in_time_source,True,391.35,391.3500061035156,2026-07-29,397.6000061035156,1.597,1,2026-07-31,404.29998779296875,3.3091,1.0,2026-08-04,420.0,7.3208,1.0,2026-08-11,407.1499938964844,4.0373,1.0,0,1,1,1,0,1,1.597,1,1.0,1.0,1.0,0.0,1.0,3.3091,1.0,1.0,1.0,1.0,0.0,1.0,7.3208,1.0,1.0,1.0,1.0,0.0,1.0,4.0373,1.0,80-85,80-85
ADANIENT.NS|2026-07-28|ensemble_lr0.20_rf0.30_xgb0.50,ADANIENT.NS,2026-07-28,ensemble_lr0.20_rf0.30_xgb0.50,2025-07-29,2026-07-28,2026-07-27,2025-08-26,2026-07-27,2026-07-28,225,2026-07-28,False,0,0.4666666666666666,0.5424930216814274,0.54,0.5851686596870422,0.5630829341798066,1,56.31,0.5630829341798066,1,56.31,BUY,0.596,0.1919,Sideways,0.5,0.0,unavailable_no_point_in_time_source,True,3002.3,3002.300048828125,2026-07-29,3024.5,0.7394,1,2026-07-31,3009.5,0.2398,1.0,2026-08-04,3050.0,1.5888,1.0,2026-08-11,2995.5,-0.2265,0.0,0,1,1,0,0,1,0.7394,1,1.0,1.0,0.0,0.0,1.0,0.2398,1.0,1.0,1.0,0.0,0.0,1.0,1.5888,1.0,0.0,0.0,1.0,1.0,0.0,-0.2265,0.0,55-60,55-60
ADANIPORTS.NS|2026-07-28|ensemble_lr0.20_rf0.30_xgb0.50,ADANIPORTS.NS,2026-07-28,ensemble_lr0.20_rf0.30_xgb0.50,2025-07-29,2026-07-28,2026-07-27,2025-08-26,2026-07-27,2026-07-28,225,2026-07-28,False,1,0.5037037037037037,0.5605153288140312,0.88,0.627298891544342,0.6897525115349773,1,68.98,0.6897525115349773,1,68.98,HOLD,0.5779,0.1558,Sideways,0.0,0.0,unavailable_no_point_in_time_source,True,1774.7,1774.699951171875,2026-07-29,1719.699951171875,-3.0991,0,2026-07-31,1696.5,-4.4064,0.0,2026-08-04,1706.699951171875,-3.8316,0.0,2026-08-11,1668.199951171875,-6.001,0.0,1,0,0,0,0,0,-3.0991,0,0.0,0.0,0.0,0.0,0.0,-4.4064,0.0,0.0,0.0,0.0,0.0,0.0,-3.8316,0.0,0.0,0.0,0.0,0.0,0.0,-6.001,0.0,65-70,65-70
ANGELONE.NS|2026-07-28|ensemble_lr0.20_rf0.30_xgb0.50,ANGELONE.NS,2026-07-28,ensemble_lr0.20_rf0.30_xgb0.50,2025-07-29,2026-07-28,2026-07-27,2025-08-26,2026-07-27,2026-07-28,225,2026-07-28,False,0,0.5555555555555555,0.3639990732726572,0.3,0.3178824782371521,0.32174105377310747,0,67.83,0.32174105377310747,0,67.83,SELL,0.3849,-0.2302,High Volatility,-0.335,0.0,unavailable_no_point_in_time_source,True,302.6,302.6000061035156,2026-07-29,302.5,-0.033,0,2026-07-31,297.95001220703125,-1.5367,0.0,2026-08-04,300.3500061035156,-0.7436,0.0,2026-08-11,291.3999938964844,-3.7013,0.0,0,1,1,1,1,1,-0.033,1,1.0,1.0,1.0,1.0,1.0,-1.5367,1.0,1.0,1.0,1.0,1.0,1.0,-0.7436,1.0,1.0,1.0,1.0,1.0,1.0,-3.7013,1.0,65-70,65-70
APOLLOTYRE.NS|2026-07-28|ensemble_lr0.20_rf0.30_xgb0.50,APOLLOTYRE.NS,2026-07-28,ensemble_lr0.20_rf0.30_xgb0.50,2025-07-29,2026-07-28,2026-07-27,2025-08-26,2026-07-27,2026-07-28,225,2026-07-28,False,0,0.43703703703703706,0.5074019601129893,0.32,0.38967975974082947,0.3923202718930126,0,60.77,0.3923202718930126,0,60.77,HOLD,0.45,-0.1,Sideways,0.0,0.0,unavailable_no_point_in_time_source,True,423.85,423.8500061035156,2026-07-29,424.1000061035156,0.059,1,2026-07-31,428.1499938964844,1.0145,1.0,2026-08-04,438.3500061035156,3.421,1.0,2026-08-11,443.0,4.5181,1.0,1,0,0,0,1,1,0.059,1,0.0,0.0,0.0,1.0,1.0,1.0145,1.0,0.0,0.0,0.0,1.0,0.0,3.421,0.0,0.0,0.0,0.0,1.0,0.0,4.5181,0.0,60-65,60-65
ASHOKLEY.NS|2026-07-28|ensemble_lr0.20_rf0.30_xgb0.50,ASHOKLEY.NS,2026-07-28,ensemble_lr0.20_rf0.30_xgb0.50,2025-07-29,2026-07-28,2026-07-27,2025-08-26,2026-07-27,2026-07-28,225,2026-07-28,False,1,0.5185185185185185,0.5096235480013639,0.64,0.5624527931213379,0.5751511061609418,1,57.52,0.5751511061609418,1,57.52,HOLD,0.524,0.048,Sideways,-0.165,0.0,unavailable_no_point_in_time_source,True,157.5,157.5,2026-07-29,157.9600067138672,0.2921,1,2026-07-31,166.17999267578125,5.5111,1.0,2026-08-04,172.0800018310547,9.2571,1.0,2026-08-11,174.8300018310547,11.0032,1.0,1,1,1,1,1,1,0.2921,1,1.0,1.0,1.0,1.0,0.0,5.5111,0.0,1.0,1.0,1.0,1.0,0.0,9.2571,0.0,1.0,1.0,1.0,1.0,0.0,11.0032,0.0,55-60,55-60
ASIANPAINT.NS|2026-07-28|ensemble_lr0.20_rf0.30_xgb0.50,ASIANPAINT.NS,2026-07-28,ensemble_lr0.20_rf0.30_xgb0.50,2025-07-29,2026-07-28,2026-07-27,2025-08-26,2026-07-27,2026-07-28,225,2026-07-28,False,1,0.5037037037037037,0.31153836505902005,0.52,0.751183271408081,0.5938993087158445,1,59.39,0.5938993087158445,1,59.39,BUY,0.6959,0.3918,Sideways,0.835,0.0,unavailable_no_point_in_time_source,True,2736.2,2736.199951171875,2026-07-29,2758.39990234375,0.8113,1,2026-07-31,2747.300048828125,0.4057,1.0,2026-08-04,2775.0,1.418,1.0,2026-08-11,2735.5,-0.0256,0.0,1,1,1,1,1,1,0.8113,1,1.0,1.0,1.0,1.0,1.0,0.4057,1.0,1.0,1.0,1.0,1.0,1.0,1.418,1.0,0.0,0.0,0.0,0.0,0.0,-0.0256,0.0,55-60,55-60
ASTRAL.NS|2026-07-28|ensemble_lr0.20_rf0.30_xgb0.50,ASTRAL.NS,2026-07-28,ensemble_lr0.20_rf0.30_xgb0.50,2025-07-29,2026-07-28,2026-07-27,2025-08-26,2026-07-27,2026-07-28,225,2026-07-28,False,1,0.5481481481481482,0.6023336536426674,0.48,0.22904276847839355,0.37898811496773027,0,62.1,0.37898811496773027,0,62.1,HOLD,0.4819,-0.0362,Bullish,-0.335,0.0,unavailable_no_point_in_time_source,True,1469.09,1469.0894775390625,2026-07-29,1473.981689453125,0.333,1,2026-07-31,1446.3251953125,-1.5496,0.0,2026-08-04,1445.7261962890625,-1.5903,0.0,2026-08-11,1422.6624755859375,-3.1603,0.0,1,0,0,1,1,1,0.333,1,1.0,1.0,0.0,0.0,1.0,-1.5496,1.0,1.0,1.0,0.0,0.0,1.0,-1.5904,1.0,1.0,1.0,0.0,0.0,0.0,-3.1603,0.0,60-65,60-65
AUBANK.NS|2026-07-28|ensemble_lr0.20_rf0.30_xgb0.50,AUBANK.NS,2026-07-28,ensemble_lr0.20_rf0.30_xgb0.50,2025-07-29,2026-07-28,2026-07-27,2025-08-26,2026-07-27,2026-07-28,225,2026-07-28,False,1,0.5333333333333333,0.43444731428450833,0.46,0.37414267659187317,0.4119608011528383,0,58.8,0.4119608011528383,0,58.8,HOLD,0.5083,0.0166,Bullish,-0.165,0.0,unavailable_no_point_in_time_source,True,1046.68,1046.6834716796875,2026-07-29,1041.288818359375,-0.5154,0,2026-07-31,1047.300048828125,0.0589,1.0,2026-08-04,1059.0,1.1767,1.0,2026-08-11,1070.9000244140625,2.3136,1.0,0,1,1,0,1,1,-0.5151,1,0.0,0.0,1.0,0.0,1.0,0.0592,1.0,0.0,0.0,1.0,0.0,1.0,1.1771,1.0,0.0,0.0,1.0,0.0,1.0,2.314,1.0,55-60,55-60
BAJAJFINSV.NS|2026-07-28|ensemble_lr0.20_rf0.30_xgb0.50,BAJAJFINSV.NS,2026-07-28,ensemble_lr0.20_rf0.30_xgb0.50,2025-07-29,2026-07-28,2026-07-27,2025-08-26,2026-07-27,2026-07-28,225,2026-07-28,False,0,0.47407407407407404,0.7520693556023675,0.56,0.548271894454956,0.5925498183479516,1,59.25,0.5925498183479516,1,59.25,STRONG BUY,0.7407,0.4815,Bullish,0.5,0.0,unavailable_no_point_in_time_source,True,1927.9,1927.9000244140625,2026-07-29,1924.4000244140625,-0.1815,0,2026-07-31,2029.0999755859375,5.2492,1.0,2026-08-04,2105.0,9.1862,1.0,2026-08-11,2032.0,5.3997,1.0,1,0,0,1,0,0,-0.1815,0,1.0,1.0,0.0,1.0,1.0,5.2492,1.0,1.0,1.0,0.0,1.0,1.0,9.1862,1.0,1.0,1.0,0.0,1.0,1.0,5.3997,1.0,55-60,55-60
BAJFINANCE.NS|2026-07-28|ensemble_lr0.20_rf0.30_xgb0.50,BAJFINANCE.NS,2026-07-28,ensemble_lr0.20_rf0.30_xgb0.50,2025-07-29,2026-07-28,2026-07-27,2025-08-26,2026-07-27,2026-07-28,225,2026-07-28,False,1,0.5185185185185185,0.7067695493893501,0.72,0.8280385136604309,0.7713731667080854,1,77.14,0.7713731667080854,1,77.14,BUY,0.676,0.352,Bullish,0.5,0.0,unavailable_no_point_in_time_source,True,1048.4,1048.4000244140625,2026-07-29,1054.4000244140625,0.5723,1,2026-07-31,1141.199951171875,8.8516,1.0,2026-08-04,1149.0,9.5956,1.0,2026-08-11,1093.300048828125,4.2827,1.0,1,1,1,1,1,1,0.5723,1,1.0,1.0,1.0,1.0,1.0,8.8516,1.0,1.0,1.0,1.0,1.0,1.0,9.5956,1.0,1.0,1.0,1.0,1.0,1.0,4.2827,1.0,75-80,75-80
BEL.NS|2026-07-28|ensemble_lr0.20_rf0.30_xgb0.50,BEL.NS,2026-07-28,ensemble_lr0.20_rf0.30_xgb0.50,2025-07-29,2026-07-28,2026-07-27,2025-08-26,2026-07-27,2026-07-28,225,2026-07-28,False,0,0.48148148148148145,0.7391628437221005,0.64,0.7198825478553772,0.6997738426721087,1,69.98,0.6997738426721087,1,69.98,HOLD,0.5032,0.0065,Sideways,-0.5,0.0,unavailable_no_point_in_time_source,True,388.47,388.4726257324219,2026-07-29,387.02459716796875,-0.3727,0,2026-07-31,387.3241882324219,-0.2956,0.0,2026-08-04,390.96923828125,0.6427,1.0,2026-08-11,405.2998046875,4.3316,1.0,0,0,0,1,1,1,-0.3721,1,0.0,0.0,1.0,1.0,1.0,-0.295,1.0,1.0,1.0,0.0,0.0,1.0,0.6434,1.0,1.0,1.0,0.0,0.0,0.0,4.3323,0.0,65-70,65-70
BPCL.NS|2026-07-28|ensemble_lr0.20_rf0.30_xgb0.50,BPCL.NS,2026-07-28,ensemble_lr0.20_rf0.30_xgb0.50,2025-07-29,2026-07-28,2026-07-27,2025-08-26,2026-07-27,2026-07-28,225,2026-07-28,False,0,0.4962962962962963,0.5968800926163205,0.74,0.8206886053085327,0.7517203211775305,1,75.17,0.7517203211775305,1,75.17,BUY,0.6202,0.2404,Sideways,0.335,0.0,unavailable_no_point_in_time_source,True,320.05,320.04998779296875,2026-07-29,317.3999938964844,-0.828,0,2026-07-31,319.75,-0.0937,0.0,2026-08-04,324.0,1.2342,1.0,2026-08-11,317.79998779296875,-0.703,0.0,1,0,0,1,0,0,-0.828,0,0.0,0.0,1.0,0.0,0.0,-0.0937,0.0,1.0,1.0,0.0,1.0,1.0,1.2342,1.0,0.0,0.0,1.0,0.0,0.0,-0.703,0.0,75-80,75-80
AARTIIND.NS|2026-08-04|ensemble_lr0.20_rf0.30_xgb0.50,AARTIIND.NS,2026-08-04,ensemble_lr0.20_rf0.30_xgb0.50,2025-08-05,2026-08-04,2026-08-03,2025-09-03,2026-08-03,2026-08-04,225,2026-08-04,False,0,0.4222222222222222,0.40992661533908725,0.44,0.6804580688476562,0.5542143574916456,1,55.42,0.5542143574916456,1,55.42,HOLD,0.5606,0.1213,High Volatility,0.0,0.0,unavailable_no_point_in_time_source,True,480.79,480.79425048828125,2026-08-05,484.9859313964844,0.8718,1,2026-08-07,501.1038818359375,4.2242,1.0,2026-08-11,504.2975158691406,4.8884,1.0,2026-08-18,529.0482788085938,10.0363,1.0,0,1,1,0,0,1,0.8727,1,1.0,1.0,0.0,0.0,0.0,4.2251,0.0,1.0,1.0,0.0,0.0,0.0,4.8894,0.0,1.0,1.0,0.0,0.0,0.0,10.0373,0.0,55-60,55-60
ABCAPITAL.NS|2026-08-04|ensemble_lr0.20_rf0.30_xgb0.50,ABCAPITAL.NS,2026-08-04,ensemble_lr0.20_rf0.30_xgb0.50,2025-08-05,2026-08-04,2026-08-03,2025-09-03,2026-08-03,2026-08-04,225,2026-08-04,False,1,0.5185185185185185,0.3617665722457304,0.48,0.3732364773750305,0.40297155313666133,0,59.7,0.40297155313666133,0,59.7,HOLD,0.5679,0.1357,Sideways,1.0,0.0,unavailable_no_point_in_time_source,True,420.0,420.0,2026-08-05,424.70001220703125,1.1191,1,2026-08-07,408.04998779296875,-2.8452,0.0,2026-08-11,407.1499938964844,-3.0595,0.0,2026-08-18,402.0,-4.2857,0.0,0,0,0,1,0,1,1.1191,1,1.0,1.0,0.0,1.0,1.0,-2.8452,1.0,1.0,1.0,0.0,1.0,0.0,-3.0595,0.0,1.0,1.0,0.0,1.0,0.0,-4.2857,0.0,55-60,55-60
ABFRL.NS|2026-08-04|ensemble_lr0.20_rf0.30_xgb0.50,ABFRL.NS,2026-08-04,ensemble_lr0.20_rf0.30_xgb0.50,2025-08-05,2026-08-04,2026-08-03,2025-09-03,2026-08-03,2026-08-04,225,2026-08-04,False,0,0.48148148148148145,0.45240813304653593,0.44,0.34566396474838257,0.3953136089834985,0,60.47,0.3953136089834985,0,60.47,HOLD,0.4326,-0.1348,High Volatility,0.0,0.0,unavailable_no_point_in_time_source,True,61.0,61.0,2026-08-05,62.099998474121094,1.8033,1,2026-08-07,63.33000183105469,3.8197,1.0,2026-08-11,58.630001068115234,-3.8852,0.0,2026-08-18,54.970001220703125,-9.8852,0.0,0,0,0,0,0,1,1.8033,1,0.0,0.0,0.0,0.0,0.0,3.8197,0.0,1.0,1.0,1.0,1.0,0.0,-3.8852,0.0,1.0,1.0,1.0,1.0,0.0,-9.8852,0.0,60-65,60-65
ADANIENT.NS|2026-08-04|ensemble_lr0.20_rf0.30_xgb0.50,ADANIENT.NS,2026-08-04,ensemble_lr0.20_rf0.30_xgb0.50,2025-08-05,2026-08-04,2026-08-03,2025-09-03,2026-08-03,2026-08-04,225,2026-08-04,False,0,0.5259259259259259,0.40297693333250234,0.3,0.23422276973724365,0.2877067715351223,0,71.23,0.2877067715351223,0,71.23,HOLD,0.4738,-0.0524,Sideways,0.5,0.0,unavailable_no_point_in_time_source,True,3050.0,3050.0,2026-08-05,3050.0,0.0,0,2026-08-07,3020.0,-0.9836,0.0,2026-08-11,2995.5,-1.7869,0.0,2026-08-18,3002.5,-1.5574,0.0,0,1,1,1,1,1,0.0,1,1.0,1.0,1.0,1.0,1.0,-0.9836,1.0,1.0,1.0,1.0,1.0,1.0,-1.7869,1.0,1.0,1.0,1.0,1.0,1.0,-1.5574,1.0,70-75,70-75
ADANIPORTS.NS|2026-08-04|ensemble_lr0.20_rf0.30_xgb0.50,ADANIPORTS.NS,2026-08-04,ensemble_lr0.20_rf0.30_xgb0.50,2025-08-05,2026-08-04,2026-08-03,2025-09-03,2026-08-03,2026-08-04,225,2026-08-04,False,1,0.5481481481481482,0.5595831901862067,0.64,0.7729712128639221,0.6904022444692024,1,69.04,0.6904022444692024,1,69.04,HOLD,0.4528,-0.0944,Bearish,-0.335,0.0,unavailable_no_point_in_time_source,True,1706.7,1706.699951171875,2026-08-05,1700.0,-0.3926,0,2026-08-07,1693.5,-0.7734,0.0,2026-08-11,1668.199951171875,-2.2558,0.0,2026-08-18,1682.4000244140625,-1.4238,0.0,1,0,0,0,0,1,-0.3926,1,0.0,0.0,0.0,0.0,1.0,-0.7734,1.0,0.0,0.0,0.0,0.0,1.0,-2.2558,1.0,0.0,0.0,0.0,0.0,1.0,-1.4238,1.0,65-70,65-70
ANGELONE.NS|2026-08-04|ensemble_lr0.20_rf0.30_xgb0.50,ANGELONE.NS,2026-08-04,ensemble_lr0.20_rf0.30_xgb0.50,2025-08-05,2026-08-04,2026-08-03,2025-09-03,2026-08-03,2026-08-04,225,2026-08-04,False,0,0.5555555555555556,0.24334099679293109,0.38,0.4968530237674713,0.4110947112423219,0,58.89,0.4110947112423219,0,58.89,SELL,0.3319,-0.3362,High Volatility,-0.5,0.0,unavailable_no_point_in_time_source,True,300.35,300.3500061035156,2026-08-05,299.20001220703125,-0.3829,0,2026-08-07,292.0,-2.7801,0.0,2026-08-11,291.3999938964844,-2.9799,0.0,2026-08-18,291.75,-2.8633,0.0,0,1,1,1,1,1,-0.3829,1,1.0,1.0,1.0,1.0,1.0,-2.7801,1.0,1.0,1.0,1.0,1.0,1.0,-2.9799,1.0,1.0,1.0,1.0,1.0,1.0,-2.8633,1.0,55-60,55-60
APOLLOTYRE.NS|2026-08-04|ensemble_lr0.20_rf0.30_xgb0.50,APOLLOTYRE.NS,2026-08-04,ensemble_lr0.20_rf0.30_xgb0.50,2025-08-05,2026-08-04,2026-08-03,2025-09-03,2026-08-03,2026-08-04,225,2026-08-04,False,0,0.48148148148148145,0.46088630696587735,0.58,0.18723826110363007,0.35979639194499047,0,64.02,0.35979639194499047,0,64.02,HOLD,0.5476,0.0952,Sideways,0.5,0.0,unavailable_no_point_in_time_source,True,438.35,438.3500061035156,2026-08-05,444.8999938964844,1.4942,1,2026-08-07,445.0,1.5171,1.0,2026-08-11,443.0,1.0608,1.0,2026-08-18,436.0,-0.5361,0.0,1,0,0,0,1,1,1.4942,1,0.0,0.0,0.0,1.0,1.0,1.5171,1.0,0.0,0.0,0.0,1.0,1.0,1.0608,1.0,1.0,1.0,1.0,0.0,1.0,-0.5361,1.0,60-65,60-65
ASHOKLEY.NS|2026-08-04|ensemble_lr0.20_rf0.30_xgb0.50,ASHOKLEY.NS,2026-08-04,ensemble_lr0.20_rf0.30_xgb0.50,2025-08-05,2026-08-04,2026-08-03,2025-09-03,2026-08-03,2026-08-04,225,2026-08-04,False,1,0.4888888888888889,0.46094544180444474,0.44,0.2898557186126709,0.3691169476672244,0,63.09,0.3691169476672244,0,63.09,HOLD,0.5419,0.0838,Sideways,0.67,0.0,unavailable_no_point_in_time_source,True,172.08,172.0800018310547,2026-08-05,177.0,2.8591,1,2026-08-07,177.5,3.1497,1.0,2026-08-11,174.8300018310547,1.5981,1.0,2026-08-18,176.35000610351562,2.4814,1.0,0,0,0,1,0,1,2.8591,1,0.0,0.0,1.0,0.0,0.0,3.1497,0.0,0.0,0.0,1.0,0.0,1.0,1.5981,1.0,0.0,0.0,1.0,0.0,1.0,2.4814,1.0,60-65,60-65
ASIANPAINT.NS|2026-08-04|ensemble_lr0.20_rf0.30_xgb0.50,ASIANPAINT.NS,2026-08-04,ensemble_lr0.20_rf0.30_xgb0.50,2025-08-05,2026-08-04,2026-08-03,2025-09-03,2026-08-03,2026-08-04,225,2026-08-04,False,1,0.43703703703703706,0.39087783230348044,0.36,0.348917156457901,0.3606341446896466,0,63.94,0.3606341446896466,0,63.94,HOLD,0.5664,0.1327,Sideways,1.0,0.0,unavailable_no_point_in_time_source,True,2775.0,2775.0,2026-08-05,2760.0,-0.5405,0,2026-08-07,2735.0,-1.4414,0.0,2026-08-11,2735.5,-1.4234,0.0,2026-08-18,2628.39990234375,-5.2829,0.0,0,1,1,0,1,1,-0.5405,1,1.0,1.0,0.0,1.0,1.0,-1.4414,1.0,1.0,1.0,0.0,1.0,1.0,-1.4234,1.0,1.0,1.0,0.0,1.0,0.0,-5.2829,0.0,60-65,60-65
ASTRAL.NS|2026-08-04|ensemble_lr0.20_rf0.30_xgb0.50,ASTRAL.NS,2026-08-04,ensemble_lr0.20_rf0.30_xgb0.50,2025-08-05,2026-08-04,2026-08-03,2025-09-03,2026-08-03,2026-08-04,225,2026-08-04,False,1,0.6,0.8154228275732125,0.4,0.7834085822105408,0.674788856619913,1,67.48,0.674788856619913,1,67.48,HOLD,0.5422,0.0845,Sideways,-0.335,0.0,unavailable_no_point_in_time_source,True,1445.73,1445.7261962890625,2026-08-05,1432.447021484375,-0.9185,0,2026-08-07,1441.732421875,-0.2762,0.0,2026-08-11,1422.6624755859375,-1.5953,0.0,2026-08-18,1520.0,5.1375,1.0,1,0,0,0,0,1,-0.9188,1,0.0,0.0,0.0,0.0,1.0,-0.2765,1.0,0.0,0.0,0.0,0.0,1.0,-1.5956,1.0,1.0,1.0,1.0,1.0,0.0,5.1372,0.0,65-70,65-70
AXISBANK.NS|2026-08-04|ensemble_lr0.20_rf0.30_xgb0.50,AXISBANK.NS,2026-08-04,ensemble_lr0.20_rf0.30_xgb0.50,2025-08-05,2026-08-04,2026-08-03,2025-09-03,2026-08-03,2026-08-04,225,2026-08-04,False,1,0.5185185185185185,0.7975580023774682,0.6,0.7433109283447266,0.711167064647857,1,71.12,0.711167064647857,1,71.12,HOLD,0.5124,0.0248,Bearish,0.0,0.0,unavailable_no_point_in_time_source,True,1261.8,1261.800048828125,2026-08-05,1253.9000244140625,-0.6261,0,2026-08-07,1238.0,-1.8862,0.0,2026-08-11,1229.800048828125,-2.5361,0.0,2026-08-18,1243.0,-1.4899,0.0,0,0,0,0,1,1,-0.6261,1,0.0,0.0,0.0,1.0,1.0,-1.8862,1.0,0.0,0.0,0.0,1.0,1.0,-2.5361,1.0,0.0,0.0,0.0,1.0,1.0,-1.4899,1.0,70-75,70-75
BEL.NS|2026-08-04|ensemble_lr0.20_rf0.30_xgb0.50,BEL.NS,2026-08-04,ensemble_lr0.20_rf0.30_xgb0.50,2025-08-05,2026-08-04,2026-08-03,2025-09-03,2026-08-03,2026-08-04,225,2026-08-04,False,0,0.45925925925925926,0.4695263469685237,0.44,0.42607617378234863,0.43894335628487907,0,56.11,0.43894335628487907,0,56.11,SELL,0.3629,-0.2743,Sideways,-0.5,0.0,unavailable_no_point_in_time_source,True,390.97,390.96923828125,2026-08-05,389.4712829589844,-0.3831,0,2026-08-07,400.45635986328125,2.4266,1.0,2026-08-11,405.2998046875,3.6654,1.0,2026-08-18,412.0,5.3791,1.0,0,1,1,1,1,1,-0.3833,1,0.0,0.0,0.0,0.0,0.0,2.4264,0.0,0.0,0.0,0.0,0.0,0.0,3.6652,0.0,0.0,0.0,0.0,0.0,0.0,5.3789,0.0,55-60,55-60
BPCL.NS|2026-08-04|ensemble_lr0.20_rf0.30_xgb0.50,BPCL.NS,2026-08-04,ensemble_lr0.20_rf0.30_xgb0.50,2025-08-05,2026-08-04,2026-08-03,2025-09-03,2026-08-03,2026-08-04,225,2026-08-04,False,0,0.4888888888888889,0.5781725796419083,0.34,0.3180307149887085,0.3766498734227359,0,62.34,0.3766498734227359,0,62.34,HOLD,0.5144,0.0289,Sideways,0.5,0.0,unavailable_no_point_in_time_source,True,324.0,324.0,2026-08-05,326.25,0.6944,1,2026-08-07,321.0,-0.9259,0.0,2026-08-11,317.79998779296875,-1.9136,0.0,2026-08-18,310.29998779296875,-4.2284,0.0,0,0,0,0,0,1,0.6944,1,1.0,1.0,1.0,1.0,1.0,-0.9259,1.0,1.0,1.0,1.0,1.0,1.0,-1.9136,1.0,1.0,1.0,1.0,1.0,0.0,-4.2284,0.0,60-65,60-65
AARTIIND.NS|2026-08-11|ensemble_lr0.20_rf0.30_xgb0.50,AARTIIND.NS,2026-08-11,ensemble_lr0.20_rf0.30_xgb0.50,2025-08-12,2026-08-11,2026-08-10,2025-09-10,2026-08-10,2026-08-11,225,2026-08-11,False,0,0.4888888888888889,0.39346756195395394,0.36,0.3512879014015198,0.3623374630915507,0,63.77,0.3623374630915507,0,63.77,HOLD,0.5664,0.1329,Sideways,1.0,0.0,unavailable_no_point_in_time_source,True,504.3,504.2975158691406,2026-08-12,529.8467407226562,5.0663,1,2026-08-14,533.0403442382812,5.6996,1.0,2026-08-18,529.0482788085938,4.908,1.0,2026-08-25,537.8308715820312,6.6495,1.0,1,0,0,0,1,0,5.0658,0,0.0,0.0,0.0,1.0,0.0,5.6991,0.0,0.0,0.0,0.0,1.0,0.0,4.9075,0.0,0.0,0.0,0.0,1.0,0.0,6.649,0.0,60-65,60-65
ABCAPITAL.NS|2026-08-11|ensemble_lr0.20_rf0.30_xgb0.50,ABCAPITAL.NS,2026-08-11,ensemble_lr0.20_rf0.30_xgb0.50,2025-08-12,2026-08-11,2026-08-10,2025-09-10,2026-08-10,2026-08-11,225,2026-08-11,False,0,0.562962962962963,0.4741112253217653,0.22,0.3598960340023041,0.3407702620655051,0,65.92,0.3407702620655051,0,65.92,HOLD,0.4869,-0.0261,Sideways,0.5,0.0,unavailable_no_point_in_time_source,True,407.15,407.1499938964844,2026-08-12,410.95001220703125,0.9333,1,2026-08-14,401.0,-1.5105,0.0,2026-08-18,402.0,-1.2649,0.0,2026-08-25,410.8500061035156,0.9088,1.0,0,0,0,0,0,1,0.9333,1,1.0,1.0,1.0,1.0,1.0,-1.5105,1.0,1.0,1.0,1.0,1.0,1.0,-1.2649,1.0,0.0,0.0,0.0,0.0,1.0,0.9088,1.0,65-70,65-70
ABFRL.NS|2026-08-11|ensemble_lr0.20_rf0.30_xgb0.50,ABFRL.NS,2026-08-11,ensemble_lr0.20_rf0.30_xgb0.50,2025-08-12,2026-08-11,2026-08-10,2025-09-10,2026-08-10,2026-08-11,225,2026-08-11,False,0,0.5333333333333333,0.5258096938771999,0.52,0.6118314266204834,0.5670776520856817,1,56.71,0.5670776520856817,1,56.71,HOLD,0.5635,0.1269,High Volatility,0.165,0.0,unavailable_no_point_in_time_source,True,58.63,58.630001068115234,2026-08-12,57.15999984741211,-2.5073,0,2026-08-14,55.97999954223633,-4.5199,0.0,2026-08-18,54.970001220703125,-6.2425,0.0,2026-08-25,54.47999954223633,-7.0783,0.0,0,0,0,1,1,1,-2.5072,1,0.0,0.0,1.0,1.0,0.0,-4.5199,0.0,0.0,0.0,1.0,1.0,0.0,-6.2425,0.0,0.0,0.0,1.0,1.0,0.0,-7.0783,0.0,55-60,55-60
ADANIENT.NS|2026-08-11|ensemble_lr0.20_rf0.30_xgb0.50,ADANIENT.NS,2026-08-11,ensemble_lr0.20_rf0.30_xgb0.50,2025-08-12,2026-08-11,2026-08-10,2025-09-10,2026-08-10,2026-08-11,225,2026-08-11,False,0,0.5481481481481482,0.36642828386628795,0.2,0.09571516513824463,0.1811432393423799,0,81.89,0.1811432393423799,0,81.89,HOLD,0.4813,-0.0373,Sideways,0.5,0.0,unavailable_no_point_in_time_source,True,2995.5,2995.5,2026-08-12,2985.699951171875,-0.3272,0,2026-08-14,3035.10009765625,1.322,1.0,2026-08-18,3002.5,0.2337,1.0,2026-08-25,3110.0,3.8224,1.0,0,1,1,1,1,1,-0.3272,1,0.0,0.0,0.0,0.0,1.0,1.322,1.0,0.0,0.0,0.0,0.0,1.0,0.2337,1.0,0.0,0.0,0.0,0.0,0.0,3.8224,0.0,80-85,80-85
ADANIPORTS.NS|2026-08-11|ensemble_lr0.20_rf0.30_xgb0.50,ADANIPORTS.NS,2026-08-11,ensemble_lr0.20_rf0.30_xgb0.50,2025-08-12,2026-08-11,2026-08-10,2025-09-10,2026-08-10,2026-08-11,225,2026-08-11,False,0,0.5407407407407407,0.387069462685204,0.34,0.27056992053985596,0.3146988528069688,0,68.53,0.3146988528069688,0,68.53,SELL,0.322,-0.356,Bearish,-0.5,0.0,unavailable_no_point_in_time_source,True,1668.2,1668.199951171875,2026-08-12,1665.0,-0.1918,0,2026-08-14,1700.0,1.9062,1.0,2026-08-18,1682.4000244140625,0.8512,1.0,2026-08-25,1702.699951171875,2.0681,1.0,0,1,1,1,1,1,-0.1918,1,0.0,0.0,0.0,0.0,0.0,1.9062,0.0,0.0,0.0,0.0,0.0,0.0,0.8512,0.0,0.0,0.0,0.0,0.0,0.0,2.0681,0.0,65-70,65-70
APOLLOTYRE.NS|2026-08-11|ensemble_lr0.20_rf0.30_xgb0.50,APOLLOTYRE.NS,2026-08-11,ensemble_lr0.20_rf0.30_xgb0.50,2025-08-12,2026-08-11,2026-08-10,2025-09-10,2026-08-10,2026-08-11,225,2026-08-11,False,0,0.4740740740740741,0.5283949367113148,0.38,0.35531851649284363,0.39733824558868475,0,60.27,0.39733824558868475,0,60.27,HOLD,0.5128,0.0256,Sideways,0.335,0.0,unavailable_no_point_in_time_source,True,443.0,443.0,2026-08-12,445.1499938964844,0.4853,1,2026-08-14,444.1000061035156,0.2483,1.0,2026-08-18,436.0,-1.5801,0.0,2026-08-25,441.3999938964844,-0.3612,0.0,0,0,0,0,0,1,0.4853,1,0.0,0.0,0.0,0.0,1.0,0.2483,1.0,1.0,1.0,1.0,1.0,1.0,-1.5801,1.0,1.0,1.0,1.0,1.0,1.0,-0.3612,1.0,60-65,60-65
ASHOKLEY.NS|2026-08-11|ensemble_lr0.20_rf0.30_xgb0.50,ASHOKLEY.NS,2026-08-11,ensemble_lr0.20_rf0.30_xgb0.50,2025-08-12,2026-08-11,2026-08-10,2025-09-10,2026-08-10,2026-08-11,225,2026-08-11,False,1,0.4444444444444444,0.38868861364551766,0.52,0.29508310556411743,0.38127927551116225,0,61.87,0.38127927551116225,0,61.87,BUY,0.6347,0.2694,Bullish,0.835,0.0,unavailable_no_point_in_time_source,True,174.83,174.8300018310547,2026-08-12,176.6999969482422,1.0696,1,2026-08-14,171.63999938964844,-1.8246,0.0,2026-08-18,176.35000610351562,0.8694,1.0,2026-08-25,174.69000244140625,-0.0801,0.0,1,0,0,1,1,1,1.0696,1,1.0,1.0,0.0,0.0,0.0,-1.8246,0.0,0.0,0.0,1.0,1.0,1.0,0.8694,1.0,1.0,1.0,0.0,0.0,0.0,-0.0801,0.0,60-65,60-65
AUBANK.NS|2026-08-11|ensemble_lr0.20_rf0.30_xgb0.50,AUBANK.NS,2026-08-11,ensemble_lr0.20_rf0.30_xgb0.50,2025-08-12,2026-08-11,2026-08-10,2025-09-10,2026-08-10,2026-08-11,225,2026-08-11,False,1,0.4962962962962963,0.6167338552288155,0.68,0.8174841403961182,0.7360888412438222,1,73.61,0.7360888412438222,1,73.61,STRONG BUY,0.7221,0.4443,Bullish,0.835,0.0,unavailable_no_point_in_time_source,True,1070.9,1070.9000244140625,2026-08-12,1091.4000244140625,1.9143,1,2026-08-14,1081.9000244140625,1.0272,1.0,2026-08-18,1075.699951171875,0.4482,1.0,2026-08-25,1128.5999755859375,5.388,1.0,1,1,1,1,1,1,1.9143,1,1.0,1.0,1.0,1.0,1.0,1.0272,1.0,1.0,1.0,1.0,1.0,1.0,0.4482,1.0,1.0,1.0,1.0,1.0,1.0,5.388,1.0,70-75,70-75
AXISBANK.NS|2026-08-11|ensemble_lr0.20_rf0.30_xgb0.50,AXISBANK.NS,2026-08-11,ensemble_lr0.20_rf0.30_xgb0.50,2025-08-12,2026-08-11,2026-08-10,2025-09-10,2026-08-10,2026-08-11,225,2026-08-11,False,1,0.48148148148148145,0.8021270687733283,0.7,0.6807736158370972,0.7108122216732142,1,71.08,0.7108122216732142,1,71.08,HOLD,0.475,-0.05,Bearish,-0.165,0.0,unavailable_no_point_in_time_source,True,1229.8,1229.800048828125,2026-08-12,1230.0,0.0163,1,2026-08-14,1217.4000244140625,-1.0083,0.0,2026-08-18,1243.0,1.0733,1.0,2026-08-25,1235.0,0.4228,1.0,0,1,1,1,0,1,0.0163,1,0.0,0.0,0.0,1.0,1.0,-1.0083,1.0,1.0,1.0,1.0,0.0,1.0,1.0733,1.0,1.0,1.0,1.0,0.0,1.0,0.4228,1.0,70-75,70-75
BAJFINANCE.NS|2026-08-11|ensemble_lr0.20_rf0.30_xgb0.50,BAJFINANCE.NS,2026-08-11,ensemble_lr0.20_rf0.30_xgb0.50,2025-08-12,2026-08-11,2026-08-10,2025-09-10,2026-08-10,2026-08-11,225,2026-08-11,False,1,0.5333333333333333,0.4240049239820287,0.52,0.6258140206336975,0.5537079951132545,1,55.37,0.5537079951132545,1,55.37,BUY,0.6759,0.3518,Bullish,0.5,0.0,unavailable_no_point_in_time_source,True,1093.3,1093.300048828125,2026-08-12,1094.199951171875,0.0823,1,2026-08-14,1087.0,-0.5762,0.0,2026-08-18,1094.300048828125,0.0915,1.0,2026-08-25,1087.4000244140625,-0.5397,0.0,0,1,1,1,0,1,0.0823,1,0.0,0.0,0.0,1.0,0.0,-0.5762,0.0,1.0,1.0,1.0,0.0,1.0,0.0915,1.0,0.0,0.0,0.0,1.0,0.0,-0.5396,0.0,55-60,55-60
BEL.NS|2026-08-11|ensemble_lr0.20_rf0.30_xgb0.50,BEL.NS,2026-08-11,ensemble_lr0.20_rf0.30_xgb0.50,2025-08-12,2026-08-11,2026-08-10,2025-09-10,2026-08-10,2026-08-11,225,2026-08-11,False,0,0.47407407407407404,0.348331019759345,0.56,0.7275192737579346,0.6014258408308363,1,60.14,0.6014258408308363,1,60.14,HOLD,0.5548,0.1096,Sideways,0.0,0.0,unavailable_no_point_in_time_source,True,405.3,405.2998046875,2026-08-12,405.1499938964844,-0.037,0,2026-08-14,410.79998779296875,1.3571,1.0,2026-08-18,412.0,1.6531,1.0,2026-08-25,413.25,1.9616,1.0,1,0,0,1,0,1,-0.037,1,1.0,1.0,0.0,1.0,1.0,1.357,1.0,1.0,1.0,0.0,1.0,1.0,1.6531,1.0,1.0,1.0,0.0,1.0,1.0,1.9615,1.0,60-65,60-65
BPCL.NS|2026-08-11|ensemble_lr0.20_rf0.30_xgb0.50,BPCL.NS,2026-08-11,ensemble_lr0.20_rf0.30_xgb0.50,2025-08-12,2026-08-11,2026-08-10,2025-09-10,2026-08-10,2026-08-11,225,2026-08-11,False,0,0.48888888888888893,0.5825231512073441,0.58,0.6677193641662598,0.6243643123245988,1,62.44,0.6243643123245988,1,62.44,HOLD,0.5755,0.151,Sideways,0.165,0.0,unavailable_no_point_in_time_source,True,317.8,317.79998779296875,2026-08-12,317.0,-0.2517,0,2026-08-14,319.45001220703125,0.5192,1.0,2026-08-18,310.29998779296875,-2.36,0.0,2026-08-25,318.1000061035156,0.0944,1.0,0,0,0,1,1,1,-0.2517,1,1.0,1.0,0.0,0.0,1.0,0.5192,1.0,0.0,0.0,1.0,1.0,1.0,-2.36,1.0,1.0,1.0,0.0,0.0,1.0,0.0944,1.0,60-65,60-65
AARTIIND.NS|2026-08-18|ensemble_lr0.20_rf0.30_xgb0.50,AARTIIND.NS,2026-08-18,ensemble_lr0.20_rf0.30_xgb0.50,2025-08-19,2026-08-18,2026-08-17,2025-09-16,2026-08-17,2026-08-18,226,2026-08-18,False,0,0.4057971014492754,0.37005162468265124,0.54,0.3405114710330963,0.4062660604530784,0,59.37,0.4062660604530784,0,59.37,HOLD,0.563,0.1259,High Volatility,1.0,0.0,unavailable_no_point_in_time_source,True,529.05,529.0482788085938,2026-08-19,526.0043334960938,-0.5754,0,2026-08-21,526.154052734375,-0.5471,0.0,2026-08-25,537.8308715820312,1.6601,1.0,2026-09-01,523.8087158203125,-0.9904,0.0,1,1,1,1,0,1,-0.5757,1,1.0,1.0,1.0,0.0,1.0,-0.5474,1.0,0.0,0.0,0.0,1.0,1.0,1.6597,1.0,1.0,1.0,1.0,0.0,1.0,-0.9907,1.0,55-60,55-60
ABCAPITAL.NS|2026-08-18|ensemble_lr0.20_rf0.30_xgb0.50,ABCAPITAL.NS,2026-08-18,ensemble_lr0.20_rf0.30_xgb0.50,2025-08-19,2026-08-18,2026-08-17,2025-09-16,2026-08-17,2026-08-18,226,2026-08-18,False,0,0.572463768115942,0.35129723564646625,0.48,0.25990229845046997,0.3442105963545282,0,65.58,0.3442105963545282,0,65.58,HOLD,0.4908,-0.0184,Sideways,0.5,0.0,unavailable_no_point_in_time_source,True,402.0,402.0,2026-08-19,396.0,-1.4925,0,2026-08-21,413.0,2.7363,1.0,2026-08-25,410.8500061035156,2.2015,1.0,2026-09-01,394.45001220703125,-1.8781,0.0,1,1,1,1,0,1,-1.4925,1,0.0,0.0,0.0,1.0,1.0,2.7363,1.0,0.0,0.0,0.0,1.0,1.0,2.2015,1.0,1.0,1.0,1.0,0.0,1.0,-1.8781,1.0,65-70,65-70
ABFRL.NS|2026-08-18|ensemble_lr0.20_rf0.30_xgb0.50,ABFRL.NS,2026-08-18,ensemble_lr0.20_rf0.30_xgb0.50,2025-08-19,2026-08-18,2026-08-17,2025-09-16,2026-08-17,2026-08-18,226,2026-08-18,False,0,0.47826086956521735,0.5171715064906522,0.44,0.36794090270996094,0.41940475265311095,0,58.06,0.41940475265311095,0,58.06,SELL,0.3636,-0.2729,High Volatility,-0.665,0.0,unavailable_no_point_in_time_source,True,54.97,54.970001220703125,2026-08-19,54.470001220703125,-0.9096,0,2026-08-21,54.349998474121094,-1.1279,0.0,2026-08-25,54.47999954223633,-0.8914,0.0,2026-09-01,51.099998474121094,-7.0402,0.0,0,1,1,1,1,1,-0.9096,1,1.0,1.0,1.0,1.0,1.0,-1.1279,1.0,1.0,1.0,1.0,1.0,1.0,-0.8914,1.0,1.0,1.0,1.0,1.0,1.0,-7.0402,1.0,55-60,55-60
ADANIENT.NS|2026-08-18|ensemble_lr0.20_rf0.30_xgb0.50,ADANIENT.NS,2026-08-18,ensemble_lr0.20_rf0.30_xgb0.50,2025-08-19,2026-08-18,2026-08-17,2025-09-16,2026-08-17,2026-08-18,226,2026-08-18,False,0,0.5434782608695651,0.21907520430522184,0.04,0.08820655196905136,0.09991831684557005,0,90.01,0.09991831684557005,0,90.01,HOLD,0.4521,-0.0958,Sideways,0.165,0.0,unavailable_no_point_in_time_source,True,3002.5,3002.5,2026-08-19,2990.300048828125,-0.4063,0,2026-08-21,2997.0,-0.1832,0.0,2026-08-25,3110.0,3.5803,1.0,2026-09-01,2863.89990234375,-4.6162,0.0,0,1,1,1,1,1,-0.4063,1,1.0,1.0,1.0,1.0,1.0,-0.1832,1.0,0.0,0.0,0.0,0.0,0.0,3.5803,0.0,1.0,1.0,1.0,1.0,0.0,-4.6162,0.0,90-95,90-95
ADANIPORTS.NS|2026-08-18|ensemble_lr0.20_rf0.30_xgb0.50,ADANIPORTS.NS,2026-08-18,ensemble_lr0.20_rf0.30_xgb0.50,2025-08-19,2026-08-18,2026-08-17,2025-09-16,2026-08-17,2026-08-18,226,2026-08-18,False,0,0.5217391304347826,0.16231066284371407,0.2,0.15695323050022125,0.17093874781885343,0,82.91,0.17093874781885343,0,82.91,SELL,0.3641,-0.2718,Bearish,-0.165,0.0,unavailable_no_point_in_time_source,True,1682.4,1682.4000244140625,2026-08-19,1681.9000244140625,-0.0297,0,2026-08-21,1700.0,1.0461,1.0,2026-08-25,1702.699951171875,1.2066,1.0,2026-09-01,1647.5,-2.0744,0.0,0,1,1,1,1,1,-0.0297,1,0.0,0.0,0.0,0.0,0.0,1.0461,0.0,0.0,0.0,0.0,0.0,0.0,1.2066,0.0,1.0,1.0,1.0,1.0,1.0,-2.0744,1.0,80-85,80-85
ASHOKLEY.NS|2026-08-18|ensemble_lr0.20_rf0.30_xgb0.50,ASHOKLEY.NS,2026-08-18,ensemble_lr0.20_rf0.30_xgb0.50,2025-08-19,2026-08-18,2026-08-17,2025-09-16,2026-08-17,2026-08-18,226,2026-08-18,False,1,0.463768115942029,0.25427030381124366,0.46,0.3585957884788513,0.3681519550016744,0,63.18,0.3681519550016744,0,63.18,BUY,0.6443,0.2885,Bullish,0.835,0.0,unavailable_no_point_in_time_source,True,176.35,176.35000610351562,2026-08-19,173.10000610351562,-1.8429,0,2026-08-21,173.0,-1.8996,0.0,2026-08-25,174.69000244140625,-0.9413,0.0,2026-09-01,170.52999877929688,-3.3003,0.0,0,1,1,0,1,0,-1.8429,0,1.0,1.0,0.0,1.0,0.0,-1.8996,0.0,1.0,1.0,0.0,1.0,0.0,-0.9413,0.0,1.0,1.0,0.0,1.0,0.0,-3.3003,0.0,60-65,60-65
ASIANPAINT.NS|2026-08-18|ensemble_lr0.20_rf0.30_xgb0.50,ASIANPAINT.NS,2026-08-18,ensemble_lr0.20_rf0.30_xgb0.50,2025-08-19,2026-08-18,2026-08-17,2025-09-16,2026-08-17,2026-08-18,226,2026-08-18,False,1,0.5652173913043478,0.6075485676787387,0.38,0.24190066754817963,0.35646004730983755,0,64.35,0.35646004730983755,0,64.35,HOLD,0.474,-0.052,Sideways,0.17,0.0,unavailable_no_point_in_time_source,True,2628.4,2628.39990234375,2026-08-19,2630.800048828125,0.0913,1,2026-08-21,2640.0,0.4413,1.0,2026-08-25,2639.800048828125,0.4337,1.0,2026-09-01,2575.5,-2.0126,0.0,0,0,0,1,0,1,0.0913,1,0.0,0.0,1.0,0.0,1.0,0.4413,1.0,0.0,0.0,1.0,0.0,1.0,0.4337,1.0,1.0,1.0,0.0,1.0,1.0,-2.0126,1.0,60-65,60-65
ASTRAL.NS|2026-08-18|ensemble_lr0.20_rf0.30_xgb0.50,ASTRAL.NS,2026-08-18,ensemble_lr0.20_rf0.30_xgb0.50,2025-08-19,2026-08-18,2026-08-17,2025-09-16,2026-08-17,2026-08-18,226,2026-08-18,False,0,0.5797101449275363,0.19205449753861698,0.24,0.06100654602050781,0.1409141725179773,0,85.91,0.1409141725179773,0,85.91,HOLD,0.5534,0.1069,Bullish,0.33,0.0,unavailable_no_point_in_time_source,True,1520.0,1520.0,2026-08-19,1544.9000244140625,1.6382,1,2026-08-21,1528.5,0.5592,1.0,2026-08-25,1540.0,1.3158,1.0,2026-09-01,1507.0,-0.8553,0.0,0,0,0,0,0,1,1.6382,1,0.0,0.0,0.0,0.0,1.0,0.5592,1.0,0.0,0.0,0.0,0.0,1.0,1.3158,1.0,1.0,1.0,1.0,1.0,1.0,-0.8553,1.0,85-90,85-90
AXISBANK.NS|2026-08-18|ensemble_lr0.20_rf0.30_xgb0.50,AXISBANK.NS,2026-08-18,ensemble_lr0.20_rf0.30_xgb0.50,2025-08-19,2026-08-18,2026-08-17,2025-09-16,2026-08-17,2026-08-18,226,2026-08-18,False,1,0.5434782608695652,0.7531003964982981,0.8,0.8944498896598816,0.8378450241296004,1,83.78,0.8378450241296004,1,83.78,HOLD,0.5031,0.0061,Bearish,0.0,0.0,unavailable_no_point_in_time_source,True,1243.0,1243.0,2026-08-19,1235.0,-0.6436,0,2026-08-21,1245.800048828125,0.2253,1.0,2026-08-25,1235.0,-0.6436,0.0,2026-09-01,1258.0,1.2068,1.0,1,0,0,0,0,1,-0.6436,1,1.0,1.0,1.0,1.0,1.0,0.2253,1.0,0.0,0.0,0.0,0.0,1.0,-0.6436,1.0,1.0,1.0,1.0,1.0,1.0,1.2068,1.0,80-85,80-85
BAJAJFINSV.NS|2026-08-18|ensemble_lr0.20_rf0.30_xgb0.50,BAJAJFINSV.NS,2026-08-18,ensemble_lr0.20_rf0.30_xgb0.50,2025-08-19,2026-08-18,2026-08-17,2025-09-16,2026-08-17,2026-08-18,226,2026-08-18,False,0,0.5217391304347826,0.4966070747860541,0.68,0.7114574313163757,0.6590501306153986,1,65.91,0.6590501306153986,1,65.91,BUY,0.6544,0.3089,Bullish,0.335,0.0,unavailable_no_point_in_time_source,True,2011.2,2011.199951171875,2026-08-19,2012.0,0.0398,1,2026-08-21,2032.5,1.0591,1.0,2026-08-25,2004.0,-0.358,0.0,2026-09-01,1972.0,-1.9491,0.0,1,1,1,0,1,1,0.0398,1,1.0,1.0,0.0,1.0,1.0,1.0591,1.0,0.0,0.0,1.0,0.0,0.0,-0.358,0.0,0.0,0.0,1.0,0.0,0.0,-1.9491,0.0,65-70,65-70
BAJFINANCE.NS|2026-08-18|ensemble_lr0.20_rf0.30_xgb0.50,BAJFINANCE.NS,2026-08-18,ensemble_lr0.20_rf0.30_xgb0.50,2025-08-19,2026-08-18,2026-08-17,2025-09-16,2026-08-17,2026-08-18,226,2026-08-18,False,1,0.5072463768115942,0.47140143224334363,0.68,0.8539386987686157,0.7252496358329766,1,72.52,0.7252496358329766,1,72.52,BUY,0.6691,0.3383,Bullish,0.5,0.0,unavailable_no_point_in_time_source,True,1094.3,1094.300048828125,2026-08-19,1080.199951171875,-1.2885,0,2026-08-21,1095.0,0.064,1.0,2026-08-25,1087.4000244140625,-0.6305,0.0,2026-09-01,1053.9000244140625,-3.6919,0.0,1,0,0,0,0,0,-1.2885,0,1.0,1.0,1.0,1.0,1.0,0.064,1.0,0.0,0.0,0.0,0.0,0.0,-0.6305,0.0,0.0,0.0,0.0,0.0,0.0,-3.6919,0.0,70-75,70-75
BEL.NS|2026-08-18|ensemble_lr0.20_rf0.30_xgb0.50,BEL.NS,2026-08-18,ensemble_lr0.20_rf0.30_xgb0.50,2025-08-19,2026-08-18,2026-08-17,2025-09-16,2026-08-17,2026-08-18,226,2026-08-18,False,0,0.45652173913043476,0.22293726628932858,0.4,0.38464057445526123,0.35690774048549634,0,64.31,0.35690774048549634,0,64.31,HOLD,0.4386,-0.1228,Sideways,0.165,0.0,unavailable_no_point_in_time_source,True,412.0,412.0,2026-08-19,409.20001220703125,-0.6796,0,2026-08-21,414.0,0.4854,1.0,2026-08-25,413.25,0.3034,1.0,2026-09-01,411.20001220703125,-0.1942,0.0,0,1,1,1,1,1,-0.6796,1,0.0,0.0,0.0,0.0,1.0,0.4854,1.0,0.0,0.0,0.0,0.0,1.0,0.3034,1.0,1.0,1.0,1.0,1.0,1.0,-0.1942,1.0,60-65,60-65
AARTIIND.NS|2026-08-25|ensemble_lr0.20_rf0.30_xgb0.50,AARTIIND.NS,2026-08-25,ensemble_lr0.20_rf0.30_xgb0.50,2025-08-26,2026-08-25,2026-08-24,2025-09-23,2026-08-24,2026-08-25,226,2026-08-25,False,0,0.47826086956521735,0.4430093048041505,0.4,0.14322760701179504,0.28021566446672763,0,71.98,0.28021566446672763,0,71.98,BUY,0.5886,0.1771,High Volatility,1.0,0.0,unavailable_no_point_in_time_source,True,537.83,537.8308715820312,2026-08-26,541.872802734375,0.7515,1,2026-08-28,539.2779541015625,0.2691,1.0,2026-09-01,523.8087158203125,-2.6072,0.0,2026-09-08,502.7007141113281,-6.5318,0.0,0,0,0,0,0,1,0.7517,1,0.0,0.0,0.0,0.0,1.0,0.2692,1.0,1.0,1.0,1.0,1.0,0.0,-2.607,0.0,1.0,1.0,1.0,1.0,0.0,-6.5317,0.0,70-75,70-75
ABCAPITAL.NS|2026-08-25|ensemble_lr0.20_rf0.30_xgb0.50,ABCAPITAL.NS,2026-08-25,ensemble_lr0.20_rf0.30_xgb0.50,2025-08-26,2026-08-25,2026-08-24,2025-09-23,2026-08-24,2026-08-25,226,2026-08-25,False,0,0.6159420289855072,0.33679748789378233,0.36,0.4274057149887085,0.3890623550731107,0,61.09,0.3890623550731107,0,61.09,HOLD,0.5074,0.0147,Sideways,0.5,0.0,unavailable_no_point_in_time_source,True,410.85,410.8500061035156,2026-08-26,410.0,-0.2069,0,2026-08-28,405.54998779296875,-1.29,0.0,2026-09-01,394.45001220703125,-3.9917,0.0,2026-09-08,396.95001220703125,-3.3832,0.0,0,1,1,1,1,1,-0.2069,1,1.0,1.0,1.0,1.0,1.0,-1.29,1.0,1.0,1.0,1.0,1.0,0.0,-3.9917,0.0,1.0,1.0,1.0,1.0,0.0,-3.3832,0.0,60-65,60-65
ABFRL.NS|2026-08-25|ensemble_lr0.20_rf0.30_xgb0.50,ABFRL.NS,2026-08-25,ensemble_lr0.20_rf0.30_xgb0.50,2025-08-26,2026-08-25,2026-08-24,2025-09-23,2026-08-24,2026-08-25,226,2026-08-25,False,0,0.43478260869565216,0.6077750628499071,0.56,0.5895729660987854,0.5843414956193742,1,58.43,0.5843414956193742,1,58.43,HOLD,0.4556,-0.0888,High Volatility,-0.665,0.0,unavailable_no_point_in_time_source,True,54.48,54.47999954223633,2026-08-26,54.52000045776367,0.0734,1,2026-08-28,52.4900016784668,-3.6527,0.0,2026-09-01,51.099998474121094,-6.2041,0.0,2026-09-08,52.2400016784668,-4.1116,0.0,1,1,1,0,1,1,0.0734,1,0.0,0.0,1.0,0.0,0.0,-3.6527,0.0,0.0,0.0,1.0,0.0,0.0,-6.2041,0.0,0.0,0.0,1.0,0.0,0.0,-4.1116,0.0,55-60,55-60
ADANIENT.NS|2026-08-25|ensemble_lr0.20_rf0.30_xgb0.50,ADANIENT.NS,2026-08-25,ensemble_lr0.20_rf0.30_xgb0.50,2025-08-26,2026-08-25,2026-08-24,2025-09-23,2026-08-24,2026-08-25,226,2026-08-25,False,0,0.5362318840579711,0.33423362295107645,0.28,0.1356847882270813,0.21868911870375596,0,78.13,0.21868911870375596,0,78.13,BUY,0.58,0.1601,Sideways,0.665,0.0,unavailable_no_point_in_time_source,True,3110.0,3110.0,2026-08-26,3112.0,0.0643,1,2026-08-28,3168.5,1.881,1.0,2026-09-01,2863.89990234375,-7.9132,0.0,2026-09-08,2953.10009765625,-5.045,0.0,1,0,0,0,1,1,0.0643,1,0.0,0.0,0.0,1.0,1.0,1.881,1.0,1.0,1.0,1.0,0.0,0.0,-7.9132,0.0,1.0,1.0,1.0,0.0,0.0,-5.045,0.0,75-80,75-80
ADANIPORTS.NS|2026-08-25|ensemble_lr0.20_rf0.30_xgb0.50,ADANIPORTS.NS,2026-08-25,ensemble_lr0.20_rf0.30_xgb0.50,2025-08-26,2026-08-25,2026-08-24,2025-09-23,2026-08-24,2026-08-25,226,2026-08-25,False,0,0.4420289855072464,0.4069297986007621,0.5,0.3672240674495697,0.41499799344493726,0,58.5,0.41499799344493726,0,58.5,SELL,0.3783,-0.2434,Bearish,0.0,0.0,unavailable_no_point_in_time_source,True,1702.7,1702.699951171875,2026-08-26,1691.5,-0.6578,0,2026-08-28,1707.5,0.2819,1.0,2026-09-01,1647.5,-3.2419,0.0,2026-09-08,1710.0,0.4287,1.0,1,1,1,1,0,1,-0.6578,1,0.0,0.0,0.0,1.0,0.0,0.2819,0.0,1.0,1.0,1.0,0.0,1.0,-3.2419,1.0,0.0,0.0,0.0,1.0,0.0,0.4287,0.0,55-60,55-60
ANGELONE.NS|2026-08-25|ensemble_lr0.20_rf0.30_xgb0.50,ANGELONE.NS,2026-08-25,ensemble_lr0.20_rf0.30_xgb0.50,2025-08-26,2026-08-25,2026-08-24,2025-09-23,2026-08-24,2026-08-25,226,2026-08-25,False,0,0.5652173913043478,0.7371774364288816,0.34,0.2491147667169571,0.3739928706442549,0,62.6,0.3739928706442549,0,62.6,HOLD,0.4546,-0.0908,High Volatility,0.0,0.0,unavailable_no_point_in_time_source,True,300.9,300.8999938964844,2026-08-26,298.8500061035156,-0.6813,0,2026-08-28,294.0,-2.2931,0.0,2026-09-01,281.54998779296875,-6.4307,0.0,2026-09-08,298.0,-0.9638,0.0,1,1,1,1,0,1,-0.6813,1,1.0,1.0,1.0,0.0,1.0,-2.2931,1.0,1.0,1.0,1.0,0.0,0.0,-6.4307,0.0,1.0,1.0,1.0,0.0,1.0,-0.9638,1.0,60-65,60-65
APOLLOTYRE.NS|2026-08-25|ensemble_lr0.20_rf0.30_xgb0.50,APOLLOTYRE.NS,2026-08-25,ensemble_lr0.20_rf0.30_xgb0.50,2025-08-26,2026-08-25,2026-08-24,2025-09-23,2026-08-24,2026-08-25,226,2026-08-25,False,0,0.44202898550724634,0.37375554478189565,0.36,0.4580551087856293,0.4117786633491938,0,58.82,0.4117786633491938,0,58.82,HOLD,0.4657,-0.0687,Sideways,0.0,0.0,unavailable_no_point_in_time_source,True,441.4,441.3999938964844,2026-08-26,443.04998779296875,0.3738,1,2026-08-28,443.5,0.4758,1.0,2026-09-01,442.70001220703125,0.2945,1.0,2026-09-08,411.5,-6.7739,0.0,0,0,0,0,0,1,0.3738,1,0.0,0.0,0.0,0.0,1.0,0.4758,1.0,0.0,0.0,0.0,0.0,1.0,0.2945,1.0,1.0,1.0,1.0,1.0,0.0,-6.7739,0.0,55-60,55-60
ASIANPAINT.NS|2026-08-25|ensemble_lr0.20_rf0.30_xgb0.50,ASIANPAINT.NS,2026-08-25,ensemble_lr0.20_rf0.30_xgb0.50,2025-08-26,2026-08-25,2026-08-24,2025-09-23,2026-08-24,2026-08-25,226,2026-08-25,False,1,0.49275362318840576,0.49451150271794647,0.3,0.3238403797149658,0.3508224904010722,0,64.92,0.3508224904010722,0,64.92,HOLD,0.4309,-0.1382,Sideways,-0.335,0.0,unavailable_no_point_in_time_source,True,2639.8,2639.800048828125,2026-08-26,2626.5,-0.5038,0,2026-08-28,2608.699951171875,-1.1781,0.0,2026-09-01,2575.5,-2.4358,0.0,2026-09-08,2481.60009765625,-5.9929,0.0,0,1,1,0,1,1,-0.5038,1,1.0,1.0,0.0,1.0,1.0,-1.1781,1.0,1.0,1.0,0.0,1.0,1.0,-2.4358,1.0,1.0,1.0,0.0,1.0,0.0,-5.9929,0.0,60-65,60-65
AUBANK.NS|2026-08-25|ensemble_lr0.20_rf0.30_xgb0.50,AUBANK.NS,2026-08-25,ensemble_lr0.20_rf0.30_xgb0.50,2025-08-26,2026-08-25,2026-08-24,2025-09-23,2026-08-24,2026-08-25,226,2026-08-25,False,1,0.47826086956521735,0.2619816980039536,0.36,0.25677481293678284,0.2887837460691821,0,71.12,0.2887837460691821,0,71.12,BUY,0.6389,0.2777,Bullish,1.0,0.0,unavailable_no_point_in_time_source,True,1128.6,1128.5999755859375,2026-08-26,1113.5,-1.3379,0,2026-08-28,1077.0999755859375,-4.5632,0.0,2026-09-01,1079.199951171875,-4.3771,0.0,2026-09-08,1073.699951171875,-4.8644,0.0,1,1,1,0,0,0,-1.3379,0,1.0,1.0,0.0,0.0,0.0,-4.5632,0.0,1.0,1.0,0.0,0.0,0.0,-4.3771,0.0,1.0,1.0,0.0,0.0,0.0,-4.8644,0.0,70-75,70-75
AXISBANK.NS|2026-08-25|ensemble_lr0.20_rf0.30_xgb0.50,AXISBANK.NS,2026-08-25,ensemble_lr0.20_rf0.30_xgb0.50,2025-08-26,2026-08-25,2026-08-24,2025-09-23,2026-08-24,2026-08-25,226,2026-08-25,False,0,0.463768115942029,0.5697814541273551,0.34,0.4321345388889313,0.4320235602699367,0,56.8,0.4320235602699367,0,56.8,SELL,0.4176,-0.1648,Sideways,0.0,0.0,unavailable_no_point_in_time_source,True,1235.0,1235.0,2026-08-26,1255.0,1.6194,1,2026-08-28,1265.0,2.4291,1.0,2026-09-01,1258.0,1.8623,1.0,2026-09-08,1244.9000244140625,0.8016,1.0,0,0,0,0,0,0,1.6194,0,0.0,0.0,0.0,0.0,0.0,2.4291,0.0,0.0,0.0,0.0,0.0,0.0,1.8623,0.0,0.0,0.0,0.0,0.0,0.0,0.8016,0.0,55-60,55-60
BAJAJFINSV.NS|2026-08-25|ensemble_lr0.20_rf0.30_xgb0.50,BAJAJFINSV.NS,2026-08-25,ensemble_lr0.20_rf0.30_xgb0.50,2025-08-26,2026-08-25,2026-08-24,2025-09-23,2026-08-24,2026-08-25,226,2026-08-25,False,0,0.5289855072463768,0.6605674077842004,0.76,0.7461739182472229,0.7332004406804515,1,73.32,0.7332004406804515,1,73.32,BUY,0.6443,0.2886,Bullish,0.165,0.0,unavailable_no_point_in_time_source,True,2004.0,2004.0,2026-08-26,2010.0,0.2994,1,2026-08-28,2002.0,-0.0998,0.0,2026-09-01,1972.0,-1.5968,0.0,2026-09-08,1938.0999755859375,-3.2884,0.0,1,1,1,0,1,1,0.2994,1,0.0,0.0,1.0,0.0,0.0,-0.0998,0.0,0.0,0.0,1.0,0.0,0.0,-1.5968,0.0,0.0,0.0,1.0,0.0,0.0,-3.2884,0.0,70-75,70-75
BAJFINANCE.NS|2026-08-25|ensemble_lr0.20_rf0.30_xgb0.50,BAJFINANCE.NS,2026-08-25,ensemble_lr0.20_rf0.30_xgb0.50,2025-08-26,2026-08-25,2026-08-24,2025-09-23,2026-08-24,2026-08-25,226,2026-08-25,False,1,0.5507246376811595,0.4677379233561859,0.62,0.5846244096755981,0.5718597895090363,1,57.19,0.5718597895090363,1,57.19,BUY,0.6138,0.2275,Sideways,0.5,0.0,unavailable_no_point_in_time_source,True,1087.4,1087.4000244140625,2026-08-26,1085.0,-0.2207,0,2026-08-28,1079.9000244140625,-0.6897,0.0,2026-09-01,1053.9000244140625,-3.0807,0.0,2026-09-08,1054.0999755859375,-3.0624,0.0,1,0,0,0,0,0,-0.2207,0,0.0,0.0,0.0,0.0,0.0,-0.6897,0.0,0.0,0.0,0.0,0.0,0.0,-3.0807,0.0,0.0,0.0,0.0,0.0,0.0,-3.0624,0.0,55-60,55-60
BEL.NS|2026-08-25|ensemble_lr0.20_rf0.30_xgb0.50,BEL.NS,2026-08-25,ensemble_lr0.20_rf0.30_xgb0.50,2025-08-26,2026-08-25,2026-08-24,2025-09-23,2026-08-24,2026-08-25,226,2026-08-25,False,0,0.5,0.39846121914832056,0.42,0.3777066469192505,0.39454556728928936,0,60.55,0.39454556728928936,0,60.55,HOLD,0.4599,-0.0801,Sideways,0.165,0.0,unavailable_no_point_in_time_source,True,413.25,413.25,2026-08-26,406.8999938964844,-1.5366,0,2026-08-28,411.8999938964844,-0.3267,0.0,2026-09-01,411.20001220703125,-0.4961,0.0,2026-09-08,410.54998779296875,-0.6534,0.0,1,1,1,1,0,1,-1.5366,1,1.0,1.0,1.0,0.0,1.0,-0.3267,1.0,1.0,1.0,1.0,0.0,1.0,-0.4961,1.0,1.0,1.0,1.0,0.0,1.0,-0.6534,1.0,60-65,60-65
BPCL.NS|2026-08-25|ensemble_lr0.20_rf0.30_xgb0.50,BPCL.NS,2026-08-25,ensemble_lr0.20_rf0.30_xgb0.50,2025-08-26,2026-08-25,2026-08-24,2025-09-23,2026-08-24,2026-08-25,226,2026-08-25,False,0,0.49275362318840576,0.5168984506622727,0.48,0.23878294229507446,0.36677116127999176,0,63.32,0.36677116127999176,0,63.32,HOLD,0.4766,-0.0468,Sideways,0.0,0.0,unavailable_no_point_in_time_source,True,318.1,318.1000061035156,2026-08-26,318.0,-0.0314,0,2026-08-28,319.25,0.3615,1.0,2026-09-01,317.6499938964844,-0.1415,0.0,2026-09-08,303.8500061035156,-4.4797,0.0,1,1,1,1,0,1,-0.0314,1,0.0,0.0,0.0,1.0,1.0,0.3615,1.0,1.0,1.0,1.0,0.0,1.0,-0.1415,1.0,1.0,1.0,1.0,0.0,0.0,-4.4797,0.0,60-65,60-65
ABCAPITAL.NS|2026-09-01|ensemble_lr0.20_rf0.30_xgb0.50,ABCAPITAL.NS,2026-09-01,ensemble_lr0.20_rf0.30_xgb0.50,2025-09-02,2026-09-01,2026-08-31,2025-09-29,2026-08-31,2026-09-01,227,2026-09-01,False,0,0.6376811594202899,0.7233966078118362,0.64,0.7538732886314392,0.7136159658780868,1,71.36,0.7136159658780868,1,71.36,HOLD,0.5787,0.1575,Sideways,0.0,0.0,unavailable_no_point_in_time_source,True,394.45,394.45001220703125,2026-09-02,397.04998779296875,0.6591,1,2026-09-04,404.8999938964844,2.6493,1.0,2026-09-08,396.95001220703125,0.6338,1.0,2026-09-16,381.29998779296875,-3.3338,0.0,0,1,1,0,0,1,0.6591,1,1.0,1.0,0.0,0.0,1.0,2.6493,1.0,1.0,1.0,0.0,0.0,1.0,0.6338,1.0,0.0,0.0,1.0,1.0,0.0,-3.3338,0.0,70-75,70-75
ABFRL.NS|2026-09-01|ensemble_lr0.20_rf0.30_xgb0.50,ABFRL.NS,2026-09-01,ensemble_lr0.20_rf0.30_xgb0.50,2025-09-02,2026-09-01,2026-08-31,2025-09-29,2026-08-31,2026-09-01,227,2026-09-01,False,0,0.4202898550724638,0.5417169643423717,0.44,0.7415053844451904,0.6110960850910696,1,61.11,0.6110960850910696,1,61.11,HOLD,0.4351,-0.1297,High Volatility,-1.0,0.0,unavailable_no_point_in_time_source,True,51.1,51.099998474121094,2026-09-02,50.470001220703125,-1.2329,0,2026-09-04,52.970001220703125,3.6595,1.0,2026-09-08,52.2400016784668,2.2309,1.0,2026-09-16,49.7400016784668,-2.6614,0.0,0,0,0,1,1,1,-1.2329,1,1.0,1.0,0.0,0.0,0.0,3.6595,0.0,1.0,1.0,0.0,0.0,1.0,2.2309,1.0,0.0,0.0,1.0,1.0,1.0,-2.6614,1.0,60-65,60-65
ADANIENT.NS|2026-09-01|ensemble_lr0.20_rf0.30_xgb0.50,ADANIENT.NS,2026-09-01,ensemble_lr0.20_rf0.30_xgb0.50,2025-09-02,2026-09-01,2026-08-31,2025-09-29,2026-08-31,2026-09-01,227,2026-09-01,False,0,0.5507246376811594,0.8595225486852208,0.76,0.8767955303192139,0.8383022748966511,1,83.83,0.8383022748966511,1,83.83,HOLD,0.5142,0.0284,Bearish,-0.335,0.0,unavailable_no_point_in_time_source,True,2863.9,2863.89990234375,2026-09-02,2891.800048828125,0.9742,1,2026-09-04,2938.0,2.5874,1.0,2026-09-08,2953.10009765625,3.1146,1.0,2026-09-16,2920.0,1.9589,1.0,1,1,1,0,1,1,0.9742,1,1.0,1.0,0.0,1.0,1.0,2.5874,1.0,1.0,1.0,0.0,1.0,0.0,3.1146,0.0,1.0,1.0,0.0,1.0,1.0,1.9589,1.0,80-85,80-85
ADANIPORTS.NS|2026-09-01|ensemble_lr0.20_rf0.30_xgb0.50,ADANIPORTS.NS,2026-09-01,ensemble_lr0.20_rf0.30_xgb0.50,2025-09-02,2026-09-01,2026-08-31,2025-09-29,2026-08-31,2026-09-01,227,2026-09-01,False,0,0.5434782608695652,0.9398127204851844,0.5,0.484785258769989,0.5803551734820314,1,58.04,0.5803551734820314,1,58.04,HOLD,0.4602,-0.0796,Bearish,-0.335,0.0,unavailable_no_point_in_time_source,True,1647.5,1647.5,2026-09-02,1672.699951171875,1.5296,1,2026-09-04,1707.300048828125,3.6297,1.0,2026-09-08,1710.0,3.7936,1.0,2026-09-16,1723.800048828125,4.6313,1.0,1,1,1,0,1,1,1.5296,1,1.0,1.0,0.0,1.0,0.0,3.6297,0.0,1.0,1.0,0.0,1.0,0.0,3.7936,0.0,1.0,1.0,0.0,1.0,0.0,4.6313,0.0,55-60,55-60
ANGELONE.NS|2026-09-01|ensemble_lr0.20_rf0.30_xgb0.50,ANGELONE.NS,2026-09-01,ensemble_lr0.20_rf0.30_xgb0.50,2025-09-02,2026-09-01,2026-08-31,2025-09-29,2026-08-31,2026-09-01,227,2026-09-01,False,0,0.6014492753623188,0.42969776662845094,0.26,0.21455205976963043,0.27121558321050543,0,72.88,0.27121558321050543,0,72.88,SELL,0.4176,-0.1648,High Volatility,-0.165,0.0,unavailable_no_point_in_time_source,True,281.55,281.54998779296875,2026-09-02,279.25,-0.8169,0,2026-09-04,299.79998779296875,6.482,1.0,2026-09-08,298.0,5.8427,1.0,2026-09-16,293.5,4.2444,1.0,0,1,1,1,1,1,-0.8169,1,0.0,0.0,0.0,0.0,0.0,6.482,0.0,0.0,0.0,0.0,0.0,0.0,5.8427,0.0,0.0,0.0,0.0,0.0,0.0,4.2444,0.0,70-75,70-75
APOLLOTYRE.NS|2026-09-01|ensemble_lr0.20_rf0.30_xgb0.50,APOLLOTYRE.NS,2026-09-01,ensemble_lr0.20_rf0.30_xgb0.50,2025-09-02,2026-09-01,2026-08-31,2025-09-29,2026-08-31,2026-09-01,227,2026-09-01,False,0,0.463768115942029,0.7360433786778973,0.6,0.5573855638504028,0.6059014576607809,1,60.59,0.6059014576607809,1,60.59,HOLD,0.5775,0.1549,Sideways,0.0,0.0,unavailable_no_point_in_time_source,True,442.7,442.70001220703125,2026-09-02,434.1499938964844,-1.9313,0,2026-09-04,429.54998779296875,-2.9704,0.0,2026-09-08,411.5,-7.0477,0.0,2026-09-16,411.95001220703125,-6.946,0.0,1,0,0,1,0,1,-1.9313,1,0.0,0.0,1.0,0.0,1.0,-2.9704,1.0,0.0,0.0,1.0,0.0,0.0,-7.0477,0.0,0.0,0.0,1.0,0.0,0.0,-6.946,0.0,60-65,60-65
ASHOKLEY.NS|2026-09-01|ensemble_lr0.20_rf0.30_xgb0.50,ASHOKLEY.NS,2026-09-01,ensemble_lr0.20_rf0.30_xgb0.50,2025-09-02,2026-09-01,2026-08-31,2025-09-29,2026-08-31,2026-09-01,227,2026-09-01,False,1,0.5144927536231885,0.4615066798263929,0.52,0.7712914943695068,0.633947083150032,1,63.39,0.633947083150032,1,63.39,BUY,0.6123,0.2246,Sideways,0.335,0.0,unavailable_no_point_in_time_source,True,170.53,170.52999877929688,2026-09-02,167.89999389648438,-1.5423,0,2026-09-04,169.0,-0.8972,0.0,2026-09-08,169.0,-0.8972,0.0,2026-09-16,156.5,-8.2273,0.0,0,0,0,0,1,0,-1.5423,0,0.0,0.0,0.0,1.0,0.0,-0.8972,0.0,0.0,0.0,0.0,1.0,0.0,-0.8972,0.0,0.0,0.0,0.0,1.0,0.0,-8.2273,0.0,60-65,60-65
ASIANPAINT.NS|2026-09-01|ensemble_lr0.20_rf0.30_xgb0.50,ASIANPAINT.NS,2026-09-01,ensemble_lr0.20_rf0.30_xgb0.50,2025-09-02,2026-09-01,2026-08-31,2025-09-29,2026-08-31,2026-09-01,227,2026-09-01,False,1,0.5362318840579711,0.294707848724532,0.7,0.7403432726860046,0.6391132060879088,1,63.91,0.6391132060879088,1,63.91,HOLD,0.4635,-0.073,Bearish,-0.335,0.0,unavailable_no_point_in_time_source,True,2575.5,2575.5,2026-09-02,2527.5,-1.8637,0,2026-09-04,2527.300048828125,-1.8715,0.0,2026-09-08,2481.60009765625,-3.6459,0.0,2026-09-16,2416.60009765625,-6.1697,0.0,0,0,0,0,1,1,-1.8637,1,0.0,0.0,0.0,1.0,1.0,-1.8715,1.0,0.0,0.0,0.0,1.0,0.0,-3.6459,0.0,0.0,0.0,0.0,1.0,0.0,-6.1697,0.0,60-65,60-65
AUBANK.NS|2026-09-01|ensemble_lr0.20_rf0.30_xgb0.50,AUBANK.NS,2026-09-01,ensemble_lr0.20_rf0.30_xgb0.50,2025-09-02,2026-09-01,2026-08-31,2025-09-29,2026-08-31,2026-09-01,227,2026-09-01,False,1,0.5072463768115942,0.48594731651366235,0.48,0.6834854483604431,0.5829321874829541,1,58.29,0.5829321874829541,1,58.29,BUY,0.5968,0.1936,Sideways,0.335,0.0,unavailable_no_point_in_time_source,True,1079.2,1079.199951171875,2026-09-02,1077.9000244140625,-0.1205,0,2026-09-04,1065.0,-1.3158,0.0,2026-09-08,1073.699951171875,-0.5096,0.0,2026-09-16,1033.199951171875,-4.2624,0.0,0,0,0,0,1,0,-0.1205,0,0.0,0.0,0.0,1.0,0.0,-1.3158,0.0,0.0,0.0,0.0,1.0,0.0,-0.5096,0.0,0.0,0.0,0.0,1.0,0.0,-4.2624,0.0,55-60,55-60
AXISBANK.NS|2026-09-01|ensemble_lr0.20_rf0.30_xgb0.50,AXISBANK.NS,2026-09-01,ensemble_lr0.20_rf0.30_xgb0.50,2025-09-02,2026-09-01,2026-08-31,2025-09-29,2026-08-31,2026-09-01,227,2026-09-01,False,1,0.5507246376811594,0.4218935604461923,0.64,0.8582837581634521,0.7055205911709646,1,70.55,0.7055205911709646,1,70.55,HOLD,0.5634,0.1269,Sideways,0.0,0.0,unavailable_no_point_in_time_source,True,1258.0,1258.0,2026-09-02,1253.9000244140625,-0.3259,0,2026-09-04,1273.0,1.1924,1.0,2026-09-08,1244.9000244140625,-1.0413,0.0,2026-09-16,1241.0,-1.3514,0.0,0,0,0,0,1,1,-0.3259,1,1.0,1.0,1.0,0.0,1.0,1.1924,1.0,0.0,0.0,0.0,1.0,1.0,-1.0413,1.0,0.0,0.0,0.0,1.0,1.0,-1.3514,1.0,70-75,70-75
BAJFINANCE.NS|2026-09-01|ensemble_lr0.20_rf0.30_xgb0.50,BAJFINANCE.NS,2026-09-01,ensemble_lr0.20_rf0.30_xgb0.50,2025-09-02,2026-09-01,2026-08-31,2025-09-29,2026-08-31,2026-09-01,227,2026-09-01,False,0,0.5,0.18583207453576492,0.4,0.34037521481513977,0.3273540223147229,0,67.26,0.3273540223147229,0,67.26,HOLD,0.4853,-0.0293,Sideways,0.335,0.0,unavailable_no_point_in_time_source,True,1053.9,1053.9000244140625,2026-09-02,1055.9000244140625,0.1898,1,2026-09-04,1060.5,0.6262,1.0,2026-09-08,1054.0999755859375,0.019,1.0,2026-09-16,1006.2000122070312,-4.526,0.0,0,0,0,0,0,1,0.1898,1,0.0,0.0,0.0,0.0,1.0,0.6262,1.0,0.0,0.0,0.0,0.0,1.0,0.019,1.0,1.0,1.0,1.0,1.0,0.0,-4.526,0.0,65-70,65-70
BPCL.NS|2026-09-01|ensemble_lr0.20_rf0.30_xgb0.50,BPCL.NS,2026-09-01,ensemble_lr0.20_rf0.30_xgb0.50,2025-09-02,2026-09-01,2026-08-31,2025-09-29,2026-08-31,2026-09-01,227,2026-09-01,False,0,0.463768115942029,0.6927360545170317,0.42,0.3372003734111786,0.4331473976089957,0,56.69,0.4331473976089957,0,56.69,HOLD,0.5262,0.0523,Sideways,0.33,0.0,unavailable_no_point_in_time_source,True,317.65,317.6499938964844,2026-09-02,319.6000061035156,0.6139,1,2026-09-04,315.70001220703125,-0.6139,0.0,2026-09-08,303.8500061035156,-4.3444,0.0,2026-09-16,303.3500061035156,-4.5018,0.0,0,0,0,0,0,1,0.6139,1,1.0,1.0,1.0,1.0,1.0,-0.6139,1.0,1.0,1.0,1.0,1.0,0.0,-4.3444,0.0,1.0,1.0,1.0,1.0,0.0,-4.5018,0.0,55-60,55-60
AARTIIND.NS|2026-09-08|ensemble_lr0.20_rf0.30_xgb0.50,AARTIIND.NS,2026-09-08,ensemble_lr0.20_rf0.30_xgb0.50,2025-09-09,2026-09-08,2026-09-07,2025-10-07,2026-09-07,2026-09-08,227,2026-09-08,False,0,0.48550724637681153,0.18904659753346686,0.34,0.10503111034631729,0.19232487467985204,0,80.77,0.19232487467985204,0,80.77,HOLD,0.4869,-0.0263,High Volatility,0.335,0.0,unavailable_no_point_in_time_source,True,502.7,502.7007141113281,2026-09-09,495.215576171875,-1.489,0,2026-09-11,492.70001220703125,-1.9894,0.0,2026-09-16,472.8500061035156,-5.9381,0.0,2026-09-23,491.3500061035156,-2.2579,0.0,1,1,1,1,0,1,-1.4888,1,1.0,1.0,1.0,0.0,1.0,-1.9893,1.0,1.0,1.0,1.0,0.0,0.0,-5.9379,0.0,1.0,1.0,1.0,0.0,1.0,-2.2578,1.0,80-85,80-85
ABCAPITAL.NS|2026-09-08|ensemble_lr0.20_rf0.30_xgb0.50,ABCAPITAL.NS,2026-09-08,ensemble_lr0.20_rf0.30_xgb0.50,2025-09-09,2026-09-08,2026-09-07,2025-10-07,2026-09-07,2026-09-08,227,2026-09-08,False,0,0.6304347826086957,0.6440362286132713,0.6,0.7712383270263672,0.6944264092358379,1,69.44,0.6944264092358379,1,69.44,HOLD,0.5781,0.1561,Sideways,0.0,0.0,unavailable_no_point_in_time_source,True,396.95,396.95001220703125,2026-09-09,400.0,0.7684,1,2026-09-11,395.0,-0.4912,0.0,2026-09-16,381.29998779296875,-3.9426,0.0,2026-09-23,402.45001220703125,1.3856,1.0,0,1,1,0,0,1,0.7684,1,0.0,0.0,1.0,1.0,1.0,-0.4912,1.0,0.0,0.0,1.0,1.0,0.0,-3.9426,0.0,1.0,1.0,0.0,0.0,1.0,1.3856,1.0,65-70,65-70
ABFRL.NS|2026-09-08|ensemble_lr0.20_rf0.30_xgb0.50,ABFRL.NS,2026-09-08,ensemble_lr0.20_rf0.30_xgb0.50,2025-09-09,2026-09-08,2026-09-07,2025-10-07,2026-09-07,2026-09-08,227,2026-09-08,False,0,0.47826086956521746,0.8031574401666971,0.54,0.886155366897583,0.7657091714821309,1,76.57,0.7657091714821309,1,76.57,HOLD,0.4732,-0.0537,High Volatility,-0.665,0.0,unavailable_no_point_in_time_source,True,52.24,52.2400016784668,2026-09-09,51.33000183105469,-1.742,0,2026-09-11,50.439998626708984,-3.4456,0.0,2026-09-16,49.7400016784668,-4.7856,0.0,2026-09-23,49.09000015258789,-6.0299,0.0,0,0,0,1,1,1,-1.742,1,0.0,0.0,1.0,1.0,0.0,-3.4456,0.0,0.0,0.0,1.0,1.0,0.0,-4.7856,0.0,0.0,0.0,1.0,1.0,0.0,-6.0299,0.0,75-80,75-80
ADANIENT.NS|2026-09-08|ensemble_lr0.20_rf0.30_xgb0.50,ADANIENT.NS,2026-09-08,ensemble_lr0.20_rf0.30_xgb0.50,2025-09-09,2026-09-08,2026-09-07,2025-10-07,2026-09-07,2026-09-08,227,2026-09-08,False,0,0.5652173913043478,0.6769115472344437,0.82,0.521796703338623,0.6422806611162002,1,64.23,0.6422806611162002,1,64.23,HOLD,0.5014,0.0027,Bearish,-0.165,0.0,unavailable_no_point_in_time_source,True,2953.1,2953.10009765625,2026-09-09,3104.699951171875,5.1336,1,2026-09-11,3060.0,3.6199,1.0,2026-09-16,2920.0,-1.1209,0.0,2026-09-23,2993.199951171875,1.3579,1.0,1,1,1,0,1,0,5.1336,0,1.0,1.0,0.0,1.0,0.0,3.6199,0.0,0.0,0.0,1.0,0.0,1.0,-1.1209,1.0,1.0,1.0,0.0,1.0,1.0,1.3579,1.0,60-65,60-65
ADANIPORTS.NS|2026-09-08|ensemble_lr0.20_rf0.30_xgb0.50,ADANIPORTS.NS,2026-09-08,ensemble_lr0.20_rf0.30_xgb0.50,2025-09-09,2026-09-08,2026-09-07,2025-10-07,2026-09-07,2026-09-08,227,2026-09-08,False,0,0.5217391304347826,0.40068891911046756,0.48,0.337013840675354,0.3926447041597705,0,60.74,0.3926447041597705,0,60.74,HOLD,0.4525,-0.095,Sideways,0.0,0.0,unavailable_no_point_in_time_source,True,1710.0,1710.0,2026-09-09,1775.0,3.8012,1,2026-09-11,1764.5999755859375,3.193,1.0,2026-09-16,1723.800048828125,0.807,1.0,2026-09-23,1807.300048828125,5.6901,1.0,1,0,0,0,1,0,3.8012,0,0.0,0.0,0.0,1.0,0.0,3.193,0.0,0.0,0.0,0.0,1.0,1.0,0.807,1.0,0.0,0.0,0.0,1.0,0.0,5.6901,0.0,60-65,60-65
ANGELONE.NS|2026-09-08|ensemble_lr0.20_rf0.30_xgb0.50,ANGELONE.NS,2026-09-08,ensemble_lr0.20_rf0.30_xgb0.50,2025-09-09,2026-09-08,2026-09-07,2025-10-07,2026-09-07,2026-09-08,227,2026-09-08,False,0,0.5797101449275361,0.35868707167699415,0.18,0.21101638674736023,0.23124560770907895,0,76.88,0.23124560770907895,0,76.88,HOLD,0.4368,-0.1263,High Volatility,0.0,0.0,unavailable_no_point_in_time_source,True,298.0,298.0,2026-09-09,299.04998779296875,0.3523,1,2026-09-11,305.0,2.349,1.0,2026-09-16,293.5,-1.5101,0.0,2026-09-23,300.0,0.6711,1.0,0,0,0,0,0,1,0.3523,1,0.0,0.0,0.0,0.0,1.0,2.349,1.0,1.0,1.0,1.0,1.0,1.0,-1.5101,1.0,0.0,0.0,0.0,0.0,1.0,0.6711,1.0,75-80,75-80
APOLLOTYRE.NS|2026-09-08|ensemble_lr0.20_rf0.30_xgb0.50,APOLLOTYRE.NS,2026-09-08,ensemble_lr0.20_rf0.30_xgb0.50,2025-09-09,2026-09-08,2026-09-07,2025-10-07,2026-09-07,2026-09-08,227,2026-09-08,False,0,0.43478260869565216,0.6879583519882233,0.46,0.28407981991767883,0.41763158035648407,0,58.24,0.41763158035648407,0,58.24,HOLD,0.4332,-0.1335,Sideways,-0.335,0.0,unavailable_no_point_in_time_source,True,411.5,411.5,2026-09-09,422.25,2.6124,1,2026-09-11,417.6499938964844,1.4945,1.0,2026-09-16,411.95001220703125,0.1094,1.0,2026-09-23,405.70001220703125,-1.4095,0.0,0,0,0,0,0,1,2.6124,1,0.0,0.0,0.0,0.0,1.0,1.4945,1.0,0.0,0.0,0.0,0.0,1.0,0.1094,1.0,1.0,1.0,1.0,1.0,1.0,-1.4095,1.0,55-60,55-60
ASHOKLEY.NS|2026-09-08|ensemble_lr0.20_rf0.30_xgb0.50,ASHOKLEY.NS,2026-09-08,ensemble_lr0.20_rf0.30_xgb0.50,2025-09-09,2026-09-08,2026-09-07,2025-10-07,2026-09-07,2026-09-08,227,2026-09-08,False,1,0.5072463768115942,0.39438258153412864,0.44,0.33178484439849854,0.376768938506075,0,62.32,0.376768938506075,0,62.32,HOLD,0.4933,-0.0134,Sideways,0.335,0.0,unavailable_no_point_in_time_source,True,169.0,169.0,2026-09-09,167.0,-1.1834,0,2026-09-11,163.75,-3.1065,0.0,2026-09-16,156.5,-7.3964,0.0,2026-09-23,162.88999938964844,-3.6154,0.0,0,1,1,0,1,1,-1.1834,1,1.0,1.0,0.0,1.0,0.0,-3.1065,0.0,1.0,1.0,0.0,1.0,0.0,-7.3964,0.0,1.0,1.0,0.0,1.0,0.0,-3.6154,0.0,60-65,60-65
ASIANPAINT.NS|2026-09-08|ensemble_lr0.20_rf0.30_xgb0.50,ASIANPAINT.NS,2026-09-08,ensemble_lr0.20_rf0.30_xgb0.50,2025-09-09,2026-09-08,2026-09-07,2025-10-07,2026-09-07,2026-09-08,227,2026-09-08,False,1,0.5652173913043478,0.2365546962270536,0.4,0.3208898603916168,0.32775586944121915,0,67.22,0.32775586944121915,0,67.22,SELL,0.3377,-0.3246,Bearish,-0.5,0.0,unavailable_no_point_in_time_source,True,2481.6,2481.60009765625,2026-09-09,2489.0,0.2982,1,2026-09-11,2472.5,-0.3667,0.0,2026-09-16,2416.60009765625,-2.6193,0.0,2026-09-23,2455.0,-1.0719,0.0,0,0,0,1,0,0,0.2982,0,1.0,1.0,0.0,1.0,1.0,-0.3667,1.0,1.0,1.0,0.0,1.0,1.0,-2.6193,1.0,1.0,1.0,0.0,1.0,1.0,-1.0719,1.0,65-70,65-70
ASTRAL.NS|2026-09-08|ensemble_lr0.20_rf0.30_xgb0.50,ASTRAL.NS,2026-09-08,ensemble_lr0.20_rf0.30_xgb0.50,2025-09-09,2026-09-08,2026-09-07,2025-10-07,2026-09-07,2026-09-08,227,2026-09-08,False,1,0.6014492753623188,0.5067638367636568,0.6,0.6255077123641968,0.5941066235348298,1,59.41,0.5941066235348298,1,59.41,BUY,0.5844,0.1688,Sideways,0.165,0.0,unavailable_no_point_in_time_source,True,1500.8,1500.800048828125,2026-09-09,1474.800048828125,-1.7324,0,2026-09-11,1411.4000244140625,-5.9568,0.0,2026-09-16,1382.5,-7.8825,0.0,2026-09-23,1394.800048828125,-7.0629,0.0,1,0,0,0,0,0,-1.7324,0,0.0,0.0,0.0,0.0,0.0,-5.9568,0.0,0.0,0.0,0.0,0.0,0.0,-7.8825,0.0,0.0,0.0,0.0,0.0,0.0,-7.0629,0.0,55-60,55-60
AUBANK.NS|2026-09-08|ensemble_lr0.20_rf0.30_xgb0.50,AUBANK.NS,2026-09-08,ensemble_lr0.20_rf0.30_xgb0.50,2025-09-09,2026-09-08,2026-09-07,2025-10-07,2026-09-07,2026-09-08,227,2026-09-08,False,1,0.5144927536231885,0.4293208701953418,0.36,0.260074645280838,0.32390149667948737,0,67.61,0.32390149667948737,0,67.61,HOLD,0.4526,-0.0948,Sideways,0.0,0.0,unavailable_no_point_in_time_source,True,1073.7,1073.699951171875,2026-09-09,1060.5,-1.2294,0,2026-09-11,1058.9000244140625,-1.3784,0.0,2026-09-16,1033.199951171875,-3.772,0.0,2026-09-23,1053.0,-1.9279,0.0,1,1,1,0,0,1,-1.2294,1,1.0,1.0,0.0,0.0,1.0,-1.3784,1.0,1.0,1.0,0.0,0.0,0.0,-3.772,0.0,1.0,1.0,0.0,0.0,1.0,-1.9279,1.0,65-70,65-70
AXISBANK.NS|2026-09-08|ensemble_lr0.20_rf0.30_xgb0.50,AXISBANK.NS,2026-09-08,ensemble_lr0.20_rf0.30_xgb0.50,2025-09-09,2026-09-08,2026-09-07,2025-10-07,2026-09-07,2026-09-08,227,2026-09-08,False,1,0.5217391304347826,0.4044994533055754,0.7,0.7824018001556396,0.6821007907389349,1,68.21,0.6821007907389349,1,68.21,HOLD,0.51,0.02,Bearish,0.165,0.0,unavailable_no_point_in_time_source,True,1244.9,1244.9000244140625,2026-09-09,1238.5,-0.5141,0,2026-09-11,1246.0,0.0884,1.0,2026-09-16,1241.0,-0.3133,0.0,2026-09-23,1243.199951171875,-0.1366,0.0,0,0,0,0,1,1,-0.5141,1,1.0,1.0,1.0,0.0,1.0,0.0884,1.0,0.0,0.0,0.0,1.0,1.0,-0.3133,1.0,0.0,0.0,0.0,1.0,1.0,-0.1366,1.0,65-70,65-70
BAJAJFINSV.NS|2026-09-08|ensemble_lr0.20_rf0.30_xgb0.50,BAJAJFINSV.NS,2026-09-08,ensemble_lr0.20_rf0.30_xgb0.50,2025-09-09,2026-09-08,2026-09-07,2025-10-07,2026-09-07,2026-09-08,227,2026-09-08,False,0,0.5289855072463768,0.29294204049759653,0.28,0.22098101675510406,0.25307891647707137,0,74.69,0.25307891647707137,0,74.69,SELL,0.42,-0.16,Bearish,0.165,0.0,unavailable_no_point_in_time_source,True,1938.1,1938.0999755859375,2026-09-09,1927.0,-0.5727,0,2026-09-11,1913.5,-1.2693,0.0,2026-09-16,1837.0,-5.2164,0.0,2026-09-23,1846.5,-4.7263,0.0,0,1,1,1,1,1,-0.5727,1,1.0,1.0,1.0,1.0,1.0,-1.2693,1.0,1.0,1.0,1.0,1.0,1.0,-5.2164,1.0,1.0,1.0,1.0,1.0,1.0,-4.7263,1.0,70-75,70-75
BAJFINANCE.NS|2026-09-08|ensemble_lr0.20_rf0.30_xgb0.50,BAJFINANCE.NS,2026-09-08,ensemble_lr0.20_rf0.30_xgb0.50,2025-09-09,2026-09-08,2026-09-07,2025-10-07,2026-09-07,2026-09-08,227,2026-09-08,False,0,0.5144927536231884,0.1860906386479607,0.22,0.446377694606781,0.32640697503298266,0,67.36,0.32640697503298266,0,67.36,HOLD,0.4853,-0.0294,Sideways,0.335,0.0,unavailable_no_point_in_time_source,True,1054.1,1054.0999755859375,2026-09-09,1039.300048828125,-1.404,0,2026-09-11,1034.5,-1.8594,0.0,2026-09-16,1006.2000122070312,-4.5442,0.0,2026-09-23,1043.199951171875,-1.0341,0.0,0,1,1,1,1,1,-1.404,1,1.0,1.0,1.0,1.0,1.0,-1.8594,1.0,1.0,1.0,1.0,1.0,0.0,-4.5442,0.0,1.0,1.0,1.0,1.0,1.0,-1.0341,1.0,65-70,65-70
AARTIIND.NS|2026-09-16|ensemble_lr0.20_rf0.30_xgb0.50,AARTIIND.NS,2026-09-16,ensemble_lr0.20_rf0.30_xgb0.50,2025-09-17,2026-09-16,2026-09-14,2025-10-15,2026-09-14,2026-09-15,226,2026-09-16,False,0,0.5507246376811595,0.49120655467904284,0.32,0.4772335886955261,0.4328581052835716,0,56.71,0.4328581052835716,0,56.71,SELL,0.4038,-0.1924,High Volatility,-0.335,0.0,unavailable_no_point_in_time_source,True,472.85,472.8500061035156,2026-09-17,476.6000061035156,0.7931,1,2026-09-21,499.79998779296875,5.6995,1.0,2026-09-23,491.3500061035156,3.9124,1.0,2026-09-30,475.70001220703125,0.6027,1.0,1,0,0,0,1,0,0.7931,0,0.0,0.0,0.0,1.0,0.0,5.6995,0.0,0.0,0.0,0.0,1.0,0.0,3.9124,0.0,0.0,0.0,0.0,1.0,0.0,0.6027,0.0,55-60,55-60
ABCAPITAL.NS|2026-09-16|ensemble_lr0.20_rf0.30_xgb0.50,ABCAPITAL.NS,2026-09-16,ensemble_lr0.20_rf0.30_xgb0.50,2025-09-17,2026-09-16,2026-09-14,2025-10-15,2026-09-14,2026-09-15,226,2026-09-16,False,0,0.6231884057971014,0.525745181963658,0.6,0.6457002758979797,0.6079991743417215,1,60.8,0.6079991743417215,1,60.8,HOLD,0.5449,0.0898,Sideways,-0.335,0.0,unavailable_no_point_in_time_source,True,381.3,381.29998779296875,2026-09-17,390.0,2.2817,1,2026-09-21,403.3999938964844,5.796,1.0,2026-09-23,402.45001220703125,5.5468,1.0,2026-09-30,380.6000061035156,-0.1836,0.0,1,1,1,0,1,1,2.2817,1,1.0,1.0,0.0,1.0,0.0,5.796,0.0,1.0,1.0,0.0,1.0,0.0,5.5468,0.0,0.0,0.0,1.0,0.0,1.0,-0.1836,1.0,60-65,60-65
ABFRL.NS|2026-09-16|ensemble_lr0.20_rf0.30_xgb0.50,ABFRL.NS,2026-09-16,ensemble_lr0.20_rf0.30_xgb0.50,2025-09-17,2026-09-16,2026-09-14,2025-10-15,2026-09-14,2026-09-15,226,2026-09-16,False,0,0.34057971014492755,0.38421026995142327,0.36,0.3907473683357239,0.3802157381581466,0,61.98,0.3802157381581466,0,61.98,SELL,0.3671,-0.2659,High Volatility,-1.0,0.0,unavailable_no_point_in_time_source,True,49.74,49.7400016784668,2026-09-17,50.45000076293945,1.4274,1,2026-09-21,49.849998474121094,0.2211,1.0,2026-09-23,49.09000015258789,-1.3068,0.0,2026-09-30,46.31999969482422,-6.8758,0.0,1,0,0,0,1,0,1.4274,0,0.0,0.0,0.0,1.0,0.0,0.2211,0.0,1.0,1.0,1.0,0.0,1.0,-1.3068,1.0,1.0,1.0,1.0,0.0,1.0,-6.8758,1.0,60-65,60-65
ADANIENT.NS|2026-09-16|ensemble_lr0.20_rf0.30_xgb0.50,ADANIENT.NS,2026-09-16,ensemble_lr0.20_rf0.30_xgb0.50,2025-09-17,2026-09-16,2026-09-14,2025-10-15,2026-09-14,2026-09-15,226,2026-09-16,False,0,0.6086956521739131,0.7487398452630233,0.66,0.8744668364524841,0.7849813872788467,1,78.5,0.7849813872788467,1,78.5,HOLD,0.5264,0.0527,Sideways,-0.165,0.0,unavailable_no_point_in_time_source,True,2920.0,2920.0,2026-09-17,2923.199951171875,0.1096,1,2026-09-21,2975.0,1.8836,1.0,2026-09-23,2993.199951171875,2.5068,1.0,2026-09-30,2903.39990234375,-0.5685,0.0,0,1,1,0,0,1,0.1096,1,1.0,1.0,0.0,0.0,1.0,1.8836,1.0,1.0,1.0,0.0,0.0,1.0,2.5068,1.0,0.0,0.0,1.0,1.0,1.0,-0.5685,1.0,75-80,75-80
ADANIPORTS.NS|2026-09-16|ensemble_lr0.20_rf0.30_xgb0.50,ADANIPORTS.NS,2026-09-16,ensemble_lr0.20_rf0.30_xgb0.50,2025-09-17,2026-09-16,2026-09-14,2025-10-15,2026-09-14,2026-09-15,226,2026-09-16,False,0,0.4855072463768116,0.41351383106657824,0.34,0.48870849609375,0.42905701426019066,0,57.09,0.42905701426019066,0,57.09,HOLD,0.4561,-0.0877,Sideways,0.165,0.0,unavailable_no_point_in_time_source,True,1723.8,1723.800048828125,2026-09-17,1738.300048828125,0.8412,1,2026-09-21,1787.0999755859375,3.6721,1.0,2026-09-23,1807.300048828125,4.8439,1.0,2026-09-30,1798.300048828125,4.3218,1.0,1,0,0,0,1,1,0.8412,1,0.0,0.0,0.0,1.0,0.0,3.6721,0.0,0.0,0.0,0.0,1.0,0.0,4.844,0.0,0.0,0.0,0.0,1.0,0.0,4.3218,0.0,55-60,55-60
ALEMBICLTD.NS|2026-09-16|ensemble_lr0.20_rf0.30_xgb0.50,ALEMBICLTD.NS,2026-09-16,ensemble_lr0.20_rf0.30_xgb0.50,2025-09-17,2026-09-16,2026-09-14,2025-10-15,2026-09-14,2026-09-15,226,2026-09-16,False,0,0.5579710144927535,0.12547880531098377,0.34,0.1477573662996292,0.20097444421201138,0,79.9,0.20097444421201138,0,79.9,HOLD,0.4879,-0.0242,High Volatility,0.165,0.0,unavailable_no_point_in_time_source,True,98.95,98.94999694824219,2026-09-17,102.72000122070312,3.81,1,2026-09-21,103.54000091552734,4.6387,1.0,2026-09-23,106.04000091552734,7.1652,1.0,2026-09-30,107.2300033569336,8.3679,1.0,0,0,0,0,0,0,3.81,0,0.0,0.0,0.0,0.0,0.0,4.6387,0.0,0.0,0.0,0.0,0.0,0.0,7.1652,0.0,0.0,0.0,0.0,0.0,0.0,8.3679,0.0,75-80,75-80
ANGELONE.NS|2026-09-16|ensemble_lr0.20_rf0.30_xgb0.50,ANGELONE.NS,2026-09-16,ensemble_lr0.20_rf0.30_xgb0.50,2025-09-17,2026-09-16,2026-09-14,2025-10-15,2026-09-14,2026-09-15,226,2026-09-16,False,0,0.5362318840579711,0.36345757475643703,0.32,0.21770745515823364,0.27754524253040425,0,72.25,0.27754524253040425,0,72.25,HOLD,0.4235,-0.1531,High Volatility,0.0,0.0,unavailable_no_point_in_time_source,True,293.5,293.5,2026-09-17,295.0,0.5111,1,2026-09-21,296.1499938964844,0.9029,1.0,2026-09-23,300.0,2.2147,1.0,2026-09-30,274.0,-6.644,0.0,0,0,0,0,0,1,0.5111,1,0.0,0.0,0.0,0.0,1.0,0.9029,1.0,0.0,0.0,0.0,0.0,1.0,2.2147,1.0,1.0,1.0,1.0,1.0,0.0,-6.644,0.0,70-75,70-75
ASIANPAINT.NS|2026-09-16|ensemble_lr0.20_rf0.30_xgb0.50,ASIANPAINT.NS,2026-09-16,ensemble_lr0.20_rf0.30_xgb0.50,2025-09-17,2026-09-16,2026-09-14,2025-10-15,2026-09-14,2026-09-15,226,2026-09-16,False,0,0.5,0.3798277666155879,0.42,0.455885648727417,0.4299083776868261,0,57.01,0.4299083776868261,0,57.01,SELL,0.3189,-0.3622,Bearish,-0.835,0.0,unavailable_no_point_in_time_source,True,2416.6,2416.60009765625,2026-09-17,2454.0,1.5476,1,2026-09-21,2440.300048828125,0.9807,1.0,2026-09-23,2455.0,1.589,1.0,2026-09-30,2402.60009765625,-0.5793,0.0,1,0,0,0,1,0,1.5476,0,0.0,0.0,0.0,1.0,0.0,0.9807,0.0,0.0,0.0,0.0,1.0,0.0,1.589,0.0,1.0,1.0,1.0,0.0,1.0,-0.5793,1.0,55-60,55-60
AUBANK.NS|2026-09-16|ensemble_lr0.20_rf0.30_xgb0.50,AUBANK.NS,2026-09-16,ensemble_lr0.20_rf0.30_xgb0.50,2025-09-17,2026-09-16,2026-09-14,2025-10-15,2026-09-14,2026-09-15,226,2026-09-16,False,0,0.5362318840579711,0.7183741813630524,0.74,0.48109400272369385,0.6062218376344575,1,60.62,0.6062218376344575,1,60.62,HOLD,0.5498,0.0997,Sideways,-0.335,0.0,unavailable_no_point_in_time_source,True,1033.2,1033.199951171875,2026-09-17,1039.300048828125,0.5904,1,2026-09-21,1038.0,0.4646,1.0,2026-09-23,1053.0,1.9164,1.0,2026-09-30,1010.2999877929688,-2.2164,0.0,1,1,1,0,1,1,0.5904,1,1.0,1.0,0.0,1.0,1.0,0.4646,1.0,1.0,1.0,0.0,1.0,1.0,1.9164,1.0,0.0,0.0,1.0,0.0,1.0,-2.2164,1.0,60-65,60-65
BAJAJFINSV.NS|2026-09-16|ensemble_lr0.20_rf0.30_xgb0.50,BAJAJFINSV.NS,2026-09-16,ensemble_lr0.20_rf0.30_xgb0.50,2025-09-17,2026-09-16,2026-09-14,2025-10-15,2026-09-14,2026-09-15,226,2026-09-16,False,0,0.608695652173913,0.23605127013225627,0.38,0.4218445420265198,0.37213252503971117,0,62.79,0.37213252503971117,0,62.79,HOLD,0.4208,-0.1585,Bearish,-0.17,0.0,unavailable_no_point_in_time_source,True,1837.0,1837.0,2026-09-17,1859.199951171875,1.2085,1,2026-09-21,1849.800048828125,0.6968,1.0,2026-09-23,1846.5,0.5171,1.0,2026-09-30,1731.0,-5.7703,0.0,0,0,0,0,0,1,1.2085,1,0.0,0.0,0.0,0.0,1.0,0.6968,1.0,0.0,0.0,0.0,0.0,1.0,0.5171,1.0,1.0,1.0,1.0,1.0,0.0,-5.7703,0.0,60-65,60-65
BPCL.NS|2026-09-16|ensemble_lr0.20_rf0.30_xgb0.50,BPCL.NS,2026-09-16,ensemble_lr0.20_rf0.30_xgb0.50,2025-09-17,2026-09-16,2026-09-14,2025-10-15,2026-09-14,2026-09-15,226,2026-09-16,False,0,0.47826086956521735,0.5582013149747408,0.4,0.3969419598579407,0.4301112429239185,0,56.99,0.4301112429239185,0,56.99,SELL,0.3501,-0.2999,Bearish,0.0,0.0,unavailable_no_point_in_time_source,True,303.35,303.3500061035156,2026-09-17,307.0,1.2032,1,2026-09-21,312.75,3.0987,1.0,2026-09-23,315.75,4.0877,1.0,2026-09-30,303.20001220703125,-0.0494,0.0,1,0,0,0,1,0,1.2032,0,0.0,0.0,0.0,1.0,0.0,3.0987,0.0,0.0,0.0,0.0,1.0,0.0,4.0877,0.0,1.0,1.0,1.0,0.0,1.0,-0.0494,1.0,55-60,55-60
ABCAPITAL.NS|2026-09-23|ensemble_lr0.20_rf0.30_xgb0.50,ABCAPITAL.NS,2026-09-23,ensemble_lr0.20_rf0.30_xgb0.50,2025-09-24,2026-09-23,2026-09-21,2025-10-23,2026-09-22,2026-09-23,226,2026-09-23,False,0,0.5869565217391304,0.3769620137096685,0.28,0.3235290050506592,0.3211569052672633,0,67.88,0.3211569052672633,0,67.88,HOLD,0.5024,0.0047,Sideways,0.165,0.0,unavailable_no_point_in_time_source,True,402.45,402.45001220703125,2026-09-24,390.1000061035156,-3.0687,0,2026-09-28,382.70001220703125,-4.9074,0.0,2026-09-30,380.6000061035156,-5.4292,0.0,,,,,1,1,1,1,0,0,-3.0687,0,1.0,1.0,1.0,0.0,0.0,-4.9074,0.0,1.0,1.0,1.0,0.0,0.0,-5.4292,0.0,,,,,,,,65-70,65-70
ABFRL.NS|2026-09-23|ensemble_lr0.20_rf0.30_xgb0.50,ABFRL.NS,2026-09-23,ensemble_lr0.20_rf0.30_xgb0.50,2025-09-24,2026-09-23,2026-09-21,2025-10-23,2026-09-22,2026-09-23,226,2026-09-23,False,0,0.36231884057971014,0.3477073159420574,0.16,0.1872541904449463,0.2111685584108846,0,78.88,0.2111685584108846,0,78.88,SELL,0.328,-0.344,Bearish,-0.665,0.0,unavailable_no_point_in_time_source,True,49.09,49.09000015258789,2026-09-24,48.060001373291016,-2.0982,0,2026-09-28,47.59000015258789,-3.0556,0.0,2026-09-30,46.31999969482422,-5.6427,0.0,,,,,0,1,1,1,1,1,-2.0982,1,1.0,1.0,1.0,1.0,1.0,-3.0556,1.0,1.0,1.0,1.0,1.0,1.0,-5.6427,1.0,,,,,,,,75-80,75-80
ADANIENT.NS|2026-09-23|ensemble_lr0.20_rf0.30_xgb0.50,ADANIENT.NS,2026-09-23,ensemble_lr0.20_rf0.30_xgb0.50,2025-09-24,2026-09-23,2026-09-21,2025-10-23,2026-09-22,2026-09-23,226,2026-09-23,False,0,0.5434782608695651,0.3829727731966824,0.28,0.3565557897090912,0.33887244949388207,0,66.11,0.33887244949388207,0,66.11,HOLD,0.498,-0.004,Sideways,0.165,0.0,unavailable_no_point_in_time_source,True,2993.2,2993.199951171875,2026-09-24,2900.0,-3.1137,0,2026-09-28,2831.10009765625,-5.4156,0.0,2026-09-30,2903.39990234375,-3.0001,0.0,,,,,0,1,1,1,1,0,-3.1137,0,1.0,1.0,1.0,1.0,0.0,-5.4156,0.0,1.0,1.0,1.0,1.0,0.0,-3.0001,0.0,,,,,,,,65-70,65-70
ANGELONE.NS|2026-09-23|ensemble_lr0.20_rf0.30_xgb0.50,ANGELONE.NS,2026-09-23,ensemble_lr0.20_rf0.30_xgb0.50,2025-09-24,2026-09-23,2026-09-21,2025-10-23,2026-09-22,2026-09-23,226,2026-09-23,False,0,0.4492753623188406,0.39699514243798273,0.3,0.4181378483772278,0.3784679526762105,0,62.15,0.3784679526762105,0,62.15,HOLD,0.452,-0.096,Sideways,0.0,0.0,unavailable_no_point_in_time_source,True,300.0,300.0,2026-09-24,290.70001220703125,-3.1,0,2026-09-28,279.20001220703125,-6.9333,0.0,2026-09-30,274.0,-8.6667,0.0,,,,,1,1,1,1,0,0,-3.1,0,1.0,1.0,1.0,0.0,0.0,-6.9333,0.0,1.0,1.0,1.0,0.0,0.0,-8.6667,0.0,,,,,,,,60-65,60-65
APOLLOTYRE.NS|2026-09-23|ensemble_lr0.20_rf0.30_xgb0.50,APOLLOTYRE.NS,2026-09-23,ensemble_lr0.20_rf0.30_xgb0.50,2025-09-24,2026-09-23,2026-09-21,2025-10-23,2026-09-22,2026-09-23,226,2026-09-23,False,0,0.47826086956521746,0.5335805319799154,0.46,0.24809303879737854,0.36876262579467234,0,63.12,0.36876262579467234,0,63.12,SELL,0.3353,-0.3294,Sideways,-0.835,0.0,unavailable_no_point_in_time_source,True,405.7,405.70001220703125,2026-09-24,397.95001220703125,-1.9103,0,2026-09-28,389.6000061035156,-3.9685,0.0,2026-09-30,404.70001220703125,-0.2465,0.0,,,,,1,1,1,1,0,1,-1.9103,1,1.0,1.0,1.0,0.0,1.0,-3.9684,1.0,1.0,1.0,1.0,0.0,1.0,-0.2465,1.0,,,,,,,,60-65,60-65
ASHOKLEY.NS|2026-09-23|ensemble_lr0.20_rf0.30_xgb0.50,ASHOKLEY.NS,2026-09-23,ensemble_lr0.20_rf0.30_xgb0.50,2025-09-24,2026-09-23,2026-09-21,2025-10-23,2026-09-22,2026-09-23,226,2026-09-23,False,1,0.5362318840579711,0.3977236244124827,0.46,0.34919339418411255,0.3921414219745528,0,60.79,0.3921414219745528,0,60.79,SELL,0.3565,-0.2871,Bearish,0.17,0.0,unavailable_no_point_in_time_source,True,162.89,162.88999938964844,2026-09-24,157.3000030517578,-3.4318,0,2026-09-28,155.22000122070312,-4.7087,0.0,2026-09-30,154.19000244140625,-5.341,0.0,,,,,1,1,1,0,0,1,-3.4318,1,1.0,1.0,0.0,0.0,1.0,-4.7087,1.0,1.0,1.0,0.0,0.0,1.0,-5.341,1.0,,,,,,,,60-65,60-65
ASTRAL.NS|2026-09-23|ensemble_lr0.20_rf0.30_xgb0.50,ASTRAL.NS,2026-09-23,ensemble_lr0.20_rf0.30_xgb0.50,2025-09-24,2026-09-23,2026-09-21,2025-10-23,2026-09-22,2026-09-23,226,2026-09-23,False,1,0.6086956521739131,0.5655778655085874,0.54,0.58307284116745,0.5666519936854424,1,56.67,0.5666519936854424,1,56.67,SELL,0.3922,-0.2156,Bearish,-0.835,0.0,unavailable_no_point_in_time_source,True,1394.8,1394.800048828125,2026-09-24,1392.0,-0.2007,0,2026-09-28,1370.5,-1.7422,0.0,2026-09-30,1370.4000244140625,-1.7494,0.0,,,,,1,0,0,0,0,1,-0.2007,1,0.0,0.0,0.0,0.0,1.0,-1.7422,1.0,0.0,0.0,0.0,0.0,1.0,-1.7494,1.0,,,,,,,,55-60,55-60
AUBANK.NS|2026-09-23|ensemble_lr0.20_rf0.30_xgb0.50,AUBANK.NS,2026-09-23,ensemble_lr0.20_rf0.30_xgb0.50,2025-09-24,2026-09-23,2026-09-21,2025-10-23,2026-09-22,2026-09-23,226,2026-09-23,False,0,0.608695652173913,0.5860588233072985,0.32,0.35930532217025757,0.39286442574658853,0,60.71,0.39286442574658853,0,60.71,HOLD,0.4676,-0.0647,Sideways,-0.165,0.0,unavailable_no_point_in_time_source,True,1053.0,1053.0,2026-09-24,1000.0999755859375,-5.0237,0,2026-09-28,995.2999877929688,-5.4796,0.0,2026-09-30,1010.2999877929688,-4.0551,0.0,,,,,1,1,1,1,0,0,-5.0237,0,1.0,1.0,1.0,0.0,0.0,-5.4796,0.0,1.0,1.0,1.0,0.0,0.0,-4.0551,0.0,,,,,,,,60-65,60-65
AXISBANK.NS|2026-09-23|ensemble_lr0.20_rf0.30_xgb0.50,AXISBANK.NS,2026-09-23,ensemble_lr0.20_rf0.30_xgb0.50,2025-09-24,2026-09-23,2026-09-21,2025-10-23,2026-09-22,2026-09-23,226,2026-09-23,False,0,0.5,0.35656150061449227,0.58,0.31200045347213745,0.4013125268589672,0,59.87,0.4013125268589672,0,59.87,SELL,0.3805,-0.2389,Sideways,-0.33,0.0,unavailable_no_point_in_time_source,True,1243.2,1243.199951171875,2026-09-24,1186.5,-4.5608,0,2026-09-28,1209.9000244140625,-2.6786,0.0,2026-09-30,1226.0,-1.3835,0.0,,,,,1,1,1,1,0,1,-4.5608,1,1.0,1.0,1.0,0.0,1.0,-2.6786,1.0,1.0,1.0,1.0,0.0,1.0,-1.3835,1.0,,,,,,,,55-60,55-60
BAJAJFINSV.NS|2026-09-23|ensemble_lr0.20_rf0.30_xgb0.50,BAJAJFINSV.NS,2026-09-23,ensemble_lr0.20_rf0.30_xgb0.50,2025-09-24,2026-09-23,2026-09-21,2025-10-23,2026-09-22,2026-09-23,226,2026-09-23,False,0,0.5362318840579711,0.2017402176088465,0.26,0.28188008069992065,0.25928808387172964,0,74.07,0.25928808387172964,0,74.07,SELL,0.3051,-0.3898,Bearish,-0.5,0.0,unavailable_no_point_in_time_source,True,1846.5,1846.5,2026-09-24,1762.300048828125,-4.56,0,2026-09-28,1752.0,-5.1178,0.0,2026-09-30,1731.0,-6.2551,0.0,,,,,1,1,1,1,0,1,-4.56,1,1.0,1.0,1.0,0.0,1.0,-5.1178,1.0,1.0,1.0,1.0,0.0,1.0,-6.2551,1.0,,,,,,,,70-75,70-75
BAJFINANCE.NS|2026-09-23|ensemble_lr0.20_rf0.30_xgb0.50,BAJFINANCE.NS,2026-09-23,ensemble_lr0.20_rf0.30_xgb0.50,2025-09-24,2026-09-23,2026-09-21,2025-10-23,2026-09-22,2026-09-23,226,2026-09-23,False,0,0.608695652173913,0.1807008702246048,0.32,0.3481982946395874,0.30623932136471466,0,69.38,0.30623932136471466,0,69.38,SELL,0.3846,-0.2308,Bearish,-0.165,0.0,unavailable_no_point_in_time_source,True,1043.2,1043.199951171875,2026-09-24,982.0,-5.8666,0,2026-09-28,985.0,-5.579,0.0,2026-09-30,959.4000244140625,-8.033,0.0,,,,,1,1,1,1,0,1,-5.8666,1,1.0,1.0,1.0,0.0,1.0,-5.579,1.0,1.0,1.0,1.0,0.0,1.0,-8.033,1.0,,,,,,,,65-70,65-70
BEL.NS|2026-09-23|ensemble_lr0.20_rf0.30_xgb0.50,BEL.NS,2026-09-23,ensemble_lr0.20_rf0.30_xgb0.50,2025-09-24,2026-09-23,2026-09-21,2025-10-23,2026-09-22,2026-09-23,226,2026-09-23,False,0,0.4710144927536231,0.47959537664174895,0.3,0.456641286611557,0.4142397186341283,0,58.58,0.4142397186341283,0,58.58,SELL,0.3747,-0.2505,Sideways,-0.33,0.0,unavailable_no_point_in_time_source,True,396.05,396.04998779296875,2026-09-24,392.0,-1.0226,0,2026-09-28,385.5,-2.6638,0.0,2026-09-30,388.29998779296875,-1.9568,0.0,,,,,0,1,1,1,1,1,-1.0226,1,1.0,1.0,1.0,1.0,1.0,-2.6638,1.0,1.0,1.0,1.0,1.0,1.0,-1.9568,1.0,,,,,,,,55-60,55-60
BPCL.NS|2026-09-23|ensemble_lr0.20_rf0.30_xgb0.50,BPCL.NS,2026-09-23,ensemble_lr0.20_rf0.30_xgb0.50,2025-09-24,2026-09-23,2026-09-21,2025-10-23,2026-09-22,2026-09-23,226,2026-09-23,False,0,0.5144927536231884,0.7431664287648846,0.72,0.6792153120040894,0.7042409417550216,1,70.42,0.7042409417550216,1,70.42,BUY,0.6331,0.2663,Bullish,0.33,0.0,unavailable_no_point_in_time_source,True,315.75,315.75,2026-09-24,307.1000061035156,-2.7395,0,2026-09-28,302.25,-4.2755,0.0,2026-09-30,303.20001220703125,-3.9747,0.0,,,,,1,0,0,1,0,0,-2.7395,0,0.0,0.0,1.0,0.0,0.0,-4.2755,0.0,0.0,0.0,1.0,0.0,0.0,-3.9747,0.0,,,,,,,,70-75,70-75
ADANIENT.NS|2026-09-30|ensemble_lr0.20_rf0.30_xgb0.50,ADANIENT.NS,2026-09-30,ensemble_lr0.20_rf0.30_xgb0.50,2025-10-01,2026-09-30,2026-09-28,2025-10-30,2026-09-29,2026-09-30,226,2026-09-30,False,0,0.572463768115942,0.34413110569689376,0.7,0.852583646774292,0.7051180445265247,1,70.51,0.7051180445265247,1,70.51,HOLD,0.5136,0.0271,Sideways,-0.165,0.0,unavailable_no_point_in_time_source,True,2903.4,2903.39990234375,2026-10-01,2816.800048828125,-2.9827,0,,,,,,,,,,,,,0,0,0,1,1,1,-2.9827,1,,,,,,,,,,,,,,,,,,,,,,70-75,70-75
ADANIPORTS.NS|2026-09-30|ensemble_lr0.20_rf0.30_xgb0.50,ADANIPORTS.NS,2026-09-30,ensemble_lr0.20_rf0.30_xgb0.50,2025-10-01,2026-09-30,2026-09-28,2025-10-30,2026-09-29,2026-09-30,226,2026-09-30,False,0,0.6159420289855072,0.5743952474916799,0.58,0.5666580200195312,0.5722080595081016,1,57.22,0.5722080595081016,1,57.22,BUY,0.6788,0.3576,Sideways,0.5,0.0,unavailable_no_point_in_time_source,True,1798.3,1798.300048828125,2026-10-01,1737.800048828125,-3.3643,0,,,,,,,,,,,,,0,0,0,1,1,0,-3.3643,0,,,,,,,,,,,,,,,,,,,,,,55-60,55-60
ANGELONE.NS|2026-09-30|ensemble_lr0.20_rf0.30_xgb0.50,ANGELONE.NS,2026-09-30,ensemble_lr0.20_rf0.30_xgb0.50,2025-10-01,2026-09-30,2026-09-28,2025-10-30,2026-09-29,2026-09-30,226,2026-09-30,False,0,0.4855072463768116,0.5125372974159765,0.48,0.36440980434417725,0.4287123616552839,0,57.13,0.4287123616552839,0,57.13,SELL,0.3263,-0.3475,Bearish,-0.5,0.0,unavailable_no_point_in_time_source,True,274.0,274.0,2026-10-01,276.79998779296875,1.0219,1,,,,,,,,,,,,,1,0,0,0,1,0,1.0219,0,,,,,,,,,,,,,,,,,,,,,,55-60,55-60
APOLLOTYRE.NS|2026-09-30|ensemble_lr0.20_rf0.30_xgb0.50,APOLLOTYRE.NS,2026-09-30,ensemble_lr0.20_rf0.30_xgb0.50,2025-10-01,2026-09-30,2026-09-28,2025-10-30,2026-09-29,2026-09-30,226,2026-09-30,False,0,0.5072463768115942,0.3212671894134167,0.26,0.2616116404533386,0.27305925810935266,0,72.69,0.27305925810935266,0,72.69,SELL,0.2943,-0.4114,Bearish,-0.67,0.0,unavailable_no_point_in_time_source,True,404.7,404.70001220703125,2026-10-01,404.75,0.0124,1,,,,,,,,,,,,,0,0,0,0,0,0,0.0124,0,,,,,,,,,,,,,,,,,,,,,,70-75,70-75
ASHOKLEY.NS|2026-09-30|ensemble_lr0.20_rf0.30_xgb0.50,ASHOKLEY.NS,2026-09-30,ensemble_lr0.20_rf0.30_xgb0.50,2025-10-01,2026-09-30,2026-09-28,2025-10-30,2026-09-29,2026-09-30,226,2026-09-30,False,1,0.572463768115942,0.22689911258256149,0.38,0.5040045976638794,0.411382121348452,0,58.86,0.411382121348452,0,58.86,SELL,0.3556,-0.2887,Bearish,-0.5,0.0,unavailable_no_point_in_time_source,True,154.19,154.19000244140625,2026-10-01,150.47999572753906,-2.4061,0,,,,,,,,,,,,,1,1,1,0,0,1,-2.4061,1,,,,,,,,,,,,,,,,,,,,,,55-60,55-60
ASIANPAINT.NS|2026-09-30|ensemble_lr0.20_rf0.30_xgb0.50,ASIANPAINT.NS,2026-09-30,ensemble_lr0.20_rf0.30_xgb0.50,2025-10-01,2026-09-30,2026-09-28,2025-10-30,2026-09-29,2026-09-30,226,2026-09-30,False,0,0.572463768115942,0.316229415023498,0.32,0.3695230484008789,0.34400740720513906,0,65.6,0.34400740720513906,0,65.6,SELL,0.35,-0.2999,Bearish,-0.5,0.0,unavailable_no_point_in_time_source,True,2402.6,2402.60009765625,2026-10-01,2407.0,0.1831,1,,,,,,,,,,,,,0,0,0,0,0,0,0.1831,0,,,,,,,,,,,,,,,,,,,,,,65-70,65-70
ASTRAL.NS|2026-09-30|ensemble_lr0.20_rf0.30_xgb0.50,ASTRAL.NS,2026-09-30,ensemble_lr0.20_rf0.30_xgb0.50,2025-10-01,2026-09-30,2026-09-28,2025-10-30,2026-09-29,2026-09-30,226,2026-09-30,False,0,0.5797101449275363,0.6085322616882608,0.6,0.8838540315628052,0.7436334681190547,1,74.36,0.7436334681190547,1,74.36,SELL,0.3984,-0.2032,Bearish,-0.835,0.0,unavailable_no_point_in_time_source,True,1370.4,1370.4000244140625,2026-10-01,1344.0,-1.9264,0,,,,,,,,,,,,,0,0,0,1,1,1,-1.9264,1,,,,,,,,,,,,,,,,,,,,,,70-75,70-75
AUBANK.NS|2026-09-30|ensemble_lr0.20_rf0.30_xgb0.50,AUBANK.NS,2026-09-30,ensemble_lr0.20_rf0.30_xgb0.50,2025-10-01,2026-09-30,2026-09-28,2025-10-30,2026-09-29,2026-09-30,226,2026-09-30,False,0,0.6086956521739131,0.6808110234674741,0.54,0.5920543074607849,0.5941893584238873,1,59.42,0.5941893584238873,1,59.42,HOLD,0.4672,-0.0657,Bearish,-0.165,0.0,unavailable_no_point_in_time_source,True,1010.3,1010.2999877929688,2026-10-01,987.0,-2.3062,0,,,,,,,,,,,,,1,0,0,1,0,1,-2.3062,1,,,,,,,,,,,,,,,,,,,,,,55-60,55-60
AXISBANK.NS|2026-09-30|ensemble_lr0.20_rf0.30_xgb0.50,AXISBANK.NS,2026-09-30,ensemble_lr0.20_rf0.30_xgb0.50,2025-10-01,2026-09-30,2026-09-28,2025-10-30,2026-09-29,2026-09-30,226,2026-09-30,False,0,0.5072463768115942,0.545549667267746,0.76,0.7447248697280884,0.7094723683175934,1,70.95,0.7094723683175934,1,70.95,HOLD,0.4461,-0.1078,Bearish,-0.5,0.0,unavailable_no_point_in_time_source,True,1226.0,1226.0,2026-10-01,1217.0999755859375,-0.7259,0,,,,,,,,,,,,,1,0,0,1,0,1,-0.7259,1,,,,,,,,,,,,,,,,,,,,,,70-75,70-75
BAJAJFINSV.NS|2026-09-30|ensemble_lr0.20_rf0.30_xgb0.50,BAJAJFINSV.NS,2026-09-30,ensemble_lr0.20_rf0.30_xgb0.50,2025-10-01,2026-09-30,2026-09-28,2025-10-30,2026-09-29,2026-09-30,226,2026-09-30,False,0,0.6666666666666666,0.19998540202365483,0.22,0.2683011591434479,0.2401476599764549,0,75.99,0.2401476599764549,0,75.99,SELL,0.2898,-0.4204,Bearish,-0.835,0.0,unavailable_no_point_in_time_source,True,1731.0,1731.0,2026-10-01,1732.5999755859375,0.0924,1,,,,,,,,,,,,,0,0,0,0,0,0,0.0924,0,,,,,,,,,,,,,,,,,,,,,,75-80,75-80
BAJFINANCE.NS|2026-09-30|ensemble_lr0.20_rf0.30_xgb0.50,BAJFINANCE.NS,2026-09-30,ensemble_lr0.20_rf0.30_xgb0.50,2025-10-01,2026-09-30,2026-09-28,2025-10-30,2026-09-29,2026-09-30,226,2026-09-30,False,0,0.5652173913043478,0.5853472084574304,0.56,0.7602190375328064,0.6651789604578893,1,66.52,0.6651789604578893,1,66.52,HOLD,0.4393,-0.1214,Bearish,-0.5,0.0,unavailable_no_point_in_time_source,True,959.4,959.4000244140625,2026-10-01,948.2999877929688,-1.157,0,,,,,,,,,,,,,0,0,0,1,1,1,-1.157,1,,,,,,,,,,,,,,,,,,,,,,65-70,65-70
BPCL.NS|2026-09-30|ensemble_lr0.20_rf0.30_xgb0.50,BPCL.NS,2026-09-30,ensemble_lr0.20_rf0.30_xgb0.50,2025-10-01,2026-09-30,2026-09-28,2025-10-30,2026-09-29,2026-09-30,226,2026-09-30,False,0,0.5144927536231884,0.610768530665529,0.62,0.5752935409545898,0.5958004766104008,1,59.58,0.5958004766104008,1,59.58,HOLD,0.4684,-0.0633,Bearish,0.0,0.0,unavailable_no_point_in_time_source,True,303.2,303.20001220703125,2026-10-01,300.6000061035156,-0.8575,0,,,,,,,,,,,,,1,0,0,1,0,1,-0.8575,1,,,,,,,,,,,,,,,,,,,,,,55-60,55-60
