prediction_id,symbol,prediction_timestamp,model_version,daily_window_start,daily_window_end,weekly_window_end,training_start_timestamp,training_end_timestamp,training_label_end_timestamp,n_training_rows,feature_row_timestamp,prediction_row_in_training_set,majority_class_training,production_accuracy_fast,logistic_probability,rf_probability,xgb_probability,ensemble_probability,predicted_direction,confidence,forward_row_ensemble_probability,forward_row_predicted_direction,forward_row_confidence,signal,confluence,weighted_score,market_regime,timeframe_score,news_score,news_status,passes_quality_filters,production_cmp,prediction_price,outcome_date_1d,actual_price_1d,return_1d,outcome_1d,outcome_date_3d,actual_price_3d,return_3d,outcome_3d,outcome_date_5d,actual_price_5d,return_5d,outcome_5d,outcome_date_10d,actual_price_10d,return_10d,outcome_10d,realized_issue_move,correct_1d,forward_row_correct_1d,baseline_majority_correct_1d,baseline_prev_direction_correct_1d,signal_success_1d,legacy_cmp_return_1d,legacy_cmp_signal_success_1d,correct_3d,forward_row_correct_3d,baseline_majority_correct_3d,baseline_prev_direction_correct_3d,signal_success_3d,legacy_cmp_return_3d,legacy_cmp_signal_success_3d,correct_5d,forward_row_correct_5d,baseline_majority_correct_5d,baseline_prev_direction_correct_5d,signal_success_5d,legacy_cmp_return_5d,legacy_cmp_signal_success_5d,correct_10d,forward_row_correct_10d,baseline_majority_correct_10d,baseline_prev_direction_correct_10d,signal_success_10d,legacy_cmp_return_10d,legacy_cmp_signal_success_10d,confidence_bucket,forward_row_confidence_bucket
AARTIIND.NS|2025-10-01|ensemble_lr0.20_rf0.30_xgb0.50,AARTIIND.NS,2025-10-01,ensemble_lr0.20_rf0.30_xgb0.50,2024-10-03,2025-10-01,2025-09-29,2024-10-30,2025-09-30,2025-10-01,228,2025-09-30,True,0,0.4710144927536232,0.43625907616481735,0.9,0.8049908876419067,0.7597472590539169,1,75.97,0.4713845234321273,0,52.86,HOLD,0.4553,-0.0893,Sideways,-1.0,0.0,unavailable_no_point_in_time_source,True,374.16,378.8468933105469,2025-10-03,379.84490966796875,0.2634,1,2025-10-07,376.60137939453125,-0.5927,0.0,2025-10-09,379.7451171875,0.2371,1.0,2025-10-16,375.8029479980469,-0.8035,0.0,1,1,0,0,1,1,1.5194,1,0.0,1.0,1.0,0.0,1.0,0.6525,1.0,1.0,0.0,0.0,1.0,1.0,1.4927,1.0,0.0,1.0,1.0,0.0,1.0,0.4391,1.0,75-80,50-55
AAVAS.NS|2025-10-01|ensemble_lr0.20_rf0.30_xgb0.50,AAVAS.NS,2025-10-01,ensemble_lr0.20_rf0.30_xgb0.50,2024-10-03,2025-10-01,2025-09-29,2024-10-30,2025-09-30,2025-10-01,228,2025-09-30,True,0,0.5869565217391305,0.617416354743774,0.94,0.8906522989273071,0.8508094204124084,1,85.08,0.7364161989859662,1,73.64,HOLD,0.5284,0.0568,Sideways,-0.335,0.0,unavailable_no_point_in_time_source,False,1633.9,1637.800048828125,2025-10-03,1662.0,1.4776,1,2025-10-07,1673.5,2.1798,1.0,2025-10-09,1624.300048828125,-0.8243,0.0,2025-10-16,1607.5999755859375,-1.8439,0.0,1,1,1,0,1,1,1.7198,1,1.0,1.0,0.0,1.0,1.0,2.4236,1.0,0.0,0.0,1.0,0.0,1.0,-0.5875,1.0,0.0,0.0,1.0,0.0,1.0,-1.6096,1.0,85-90,70-75
ABCAPITAL.NS|2025-10-01|ensemble_lr0.20_rf0.30_xgb0.50,ABCAPITAL.NS,2025-10-01,ensemble_lr0.20_rf0.30_xgb0.50,2024-10-03,2025-10-01,2025-09-29,2024-10-30,2025-09-30,2025-10-01,228,2025-09-30,True,0,0.4275362318840579,0.5862672157564499,0.94,0.7943563461303711,0.7964316162164755,1,79.64,0.44278202628635044,0,55.72,BUY,0.6266,0.2532,Sideways,0.5,0.0,unavailable_no_point_in_time_source,False,292.35,299.8500061035156,2025-10-03,303.95001220703125,1.3674,1,2025-10-07,303.5,1.2173,1.0,2025-10-09,297.95001220703125,-0.6336,0.0,2025-10-16,300.0,0.05,1.0,1,1,0,0,1,1,3.9679,1,1.0,0.0,0.0,1.0,1.0,3.8139,1.0,0.0,1.0,1.0,0.0,0.0,1.9155,1.0,1.0,0.0,0.0,1.0,1.0,2.6167,1.0,75-80,55-60
ABFRL.NS|2025-10-01|ensemble_lr0.20_rf0.30_xgb0.50,ABFRL.NS,2025-10-01,ensemble_lr0.20_rf0.30_xgb0.50,2024-10-03,2025-10-01,2025-09-29,2024-10-30,2025-09-30,2025-10-01,228,2025-09-30,True,0,0.49275362318840576,0.501102833458337,0.9,0.7941643595695496,0.7673027464764421,1,76.73,0.4071050537852844,0,59.29,HOLD,0.4856,-0.0288,High Volatility,-0.5,0.0,unavailable_no_point_in_time_source,True,84.49,86.38999938964844,2025-10-03,87.98999786376953,1.8521,1,2025-10-07,85.69999694824219,-0.7987,0.0,2025-10-09,84.56999969482422,-2.1067,0.0,2025-10-16,83.69000244140625,-3.1254,0.0,1,1,0,0,1,1,4.1425,0,0.0,1.0,1.0,0.0,1.0,1.4321,1.0,0.0,1.0,1.0,0.0,1.0,0.0947,1.0,0.0,1.0,1.0,0.0,0.0,-0.9469,1.0,75-80,55-60
ACC.NS|2025-10-01|ensemble_lr0.20_rf0.30_xgb0.50,ACC.NS,2025-10-01,ensemble_lr0.20_rf0.30_xgb0.50,2024-10-03,2025-10-01,2025-09-29,2024-10-30,2025-09-30,2025-10-01,228,2025-09-30,True,0,0.5217391304347826,0.3161569377584463,0.9,0.9050324559211731,0.7857476155122758,1,78.57,0.7874567519016111,1,78.75,HOLD,0.5239,0.0477,Sideways,-0.165,0.0,unavailable_no_point_in_time_source,False,1814.2,1817.4837646484375,2025-10-03,1838.46240234375,1.1543,1,2025-10-07,1846.9134521484375,1.6193,1.0,2025-10-09,1864.0145263671875,2.5602,1.0,2025-10-16,1849.3990478515625,1.756,1.0,1,1,1,0,1,1,1.3374,1,1.0,1.0,0.0,1.0,1.0,1.8032,1.0,1.0,1.0,0.0,1.0,1.0,2.7458,1.0,1.0,1.0,0.0,1.0,1.0,1.9402,1.0,75-80,75-80
ADANIENT.NS|2025-10-01|ensemble_lr0.20_rf0.30_xgb0.50,ADANIENT.NS,2025-10-01,ensemble_lr0.20_rf0.30_xgb0.50,2024-10-03,2025-10-01,2025-09-29,2024-10-30,2025-09-30,2025-10-01,228,2025-09-30,True,0,0.536231884057971,0.3515499793209118,0.82,0.7751908898353577,0.7039054407818612,1,70.39,0.4412592380806231,0,55.87,BUY,0.7183,0.4365,Bullish,0.335,0.0,unavailable_no_point_in_time_source,True,2504.78,2591.541259765625,2025-10-03,2588.742431640625,-0.108,0,2025-10-07,2541.063720703125,-1.9478,0.0,2025-10-09,2541.263671875,-1.9401,0.0,2025-10-16,2556.45703125,-1.3538,0.0,1,0,1,1,0,0,3.3521,1,0.0,1.0,1.0,0.0,0.0,1.4486,1.0,0.0,1.0,1.0,0.0,0.0,1.4566,1.0,0.0,1.0,1.0,0.0,0.0,2.0631,1.0,70-75,55-60
ADANIPORTS.NS|2025-10-01|ensemble_lr0.20_rf0.30_xgb0.50,ADANIPORTS.NS,2025-10-01,ensemble_lr0.20_rf0.30_xgb0.50,2024-10-03,2025-10-01,2025-09-29,2024-10-30,2025-09-30,2025-10-01,228,2025-09-30,True,0,0.6014492753623188,0.48535832869554446,0.96,0.891761302947998,0.8309523172131079,1,83.1,0.7480971860971601,1,74.81,BUY,0.628,0.2559,Bullish,-0.165,0.0,unavailable_no_point_in_time_source,True,1397.61,1416.729248046875,2025-10-03,1413.1444091796875,-0.253,0,2025-10-07,1393.6265869140625,-1.6307,0.0,2025-10-09,1389.742919921875,-1.9048,0.0,2025-10-16,1473.2908935546875,3.9924,1.0,1,0,0,1,0,0,1.1115,1,0.0,0.0,1.0,0.0,0.0,-0.285,0.0,0.0,0.0,1.0,0.0,0.0,-0.5629,0.0,1.0,1.0,0.0,1.0,1.0,5.415,1.0,80-85,70-75
AETHER.NS|2025-10-01|ensemble_lr0.20_rf0.30_xgb0.50,AETHER.NS,2025-10-01,ensemble_lr0.20_rf0.30_xgb0.50,2024-10-03,2025-10-01,2025-09-29,2024-10-30,2025-09-30,2025-10-01,228,2025-09-30,True,0,0.5797101449275363,0.3607554395222493,0.9,0.676353394985199,0.6803277853970493,1,68.03,0.6423857284730097,1,64.24,HOLD,0.5174,0.0349,Sideways,-0.335,0.0,unavailable_no_point_in_time_source,False,751.95,752.4000244140625,2025-10-03,756.7000122070312,0.5715,1,2025-10-07,750.0,-0.319,0.0,2025-10-09,749.9500122070312,-0.3256,0.0,2025-10-16,748.1500244140625,-0.5649,0.0,1,1,1,0,1,1,0.6317,1,0.0,0.0,1.0,0.0,1.0,-0.2593,1.0,0.0,0.0,1.0,0.0,1.0,-0.266,1.0,0.0,0.0,1.0,0.0,1.0,-0.5053,1.0,65-70,60-65
AIAENG.NS|2025-10-01|ensemble_lr0.20_rf0.30_xgb0.50,AIAENG.NS,2025-10-01,ensemble_lr0.20_rf0.30_xgb0.50,2024-10-03,2025-10-01,2025-09-29,2024-10-30,2025-09-30,2025-10-01,228,2025-09-30,True,0,0.5217391304347826,0.9061656619990366,0.8,0.8145726919174194,0.828519478358517,1,82.85,0.722276052280963,1,72.23,HOLD,0.5115,0.023,Sideways,-0.5,0.0,unavailable_no_point_in_time_source,False,3041.87,3235.63720703125,2025-10-03,3212.22509765625,-0.7236,0,2025-10-07,3161.31640625,-2.2969,0.0,2025-10-09,3259.646728515625,0.742,1.0,2025-10-16,3301.091064453125,2.0229,1.0,1,0,0,1,0,1,5.6003,0,0.0,0.0,1.0,0.0,1.0,3.9267,0.0,1.0,1.0,0.0,1.0,1.0,7.1593,0.0,1.0,1.0,0.0,1.0,1.0,8.5218,0.0,80-85,70-75
AJANTPHARM.NS|2025-10-01|ensemble_lr0.20_rf0.30_xgb0.50,AJANTPHARM.NS,2025-10-01,ensemble_lr0.20_rf0.30_xgb0.50,2024-10-03,2025-10-01,2025-09-29,2024-10-30,2025-09-30,2025-10-01,228,2025-09-30,True,0,0.47826086956521735,0.2745100219248668,0.1,0.09031239151954651,0.13005820014474662,0,86.99,0.38796835780345085,0,61.2,SELL,0.3309,-0.3381,Bearish,-0.665,0.0,unavailable_no_point_in_time_source,False,2358.01,2350.06884765625,2025-10-03,2353.5966796875,0.1501,1,2025-10-07,2409.942626953125,2.5477,1.0,2025-10-09,2372.607421875,0.9591,1.0,2025-10-16,2408.86474609375,2.5019,1.0,0,0,0,0,0,0,-0.1872,1,0.0,0.0,0.0,0.0,0.0,2.2024,0.0,0.0,0.0,0.0,0.0,0.0,0.6191,0.0,0.0,0.0,0.0,0.0,0.0,2.1567,0.0,85-90,60-65
ALEMBICLTD.NS|2025-10-01|ensemble_lr0.20_rf0.30_xgb0.50,ALEMBICLTD.NS,2025-10-01,ensemble_lr0.20_rf0.30_xgb0.50,2024-10-03,2025-10-01,2025-09-29,2024-10-30,2025-09-30,2025-10-01,228,2025-09-30,True,0,0.49275362318840576,0.6742847753905442,0.88,0.82208651304245,0.8099002115993339,1,80.99,0.523629163212716,1,52.36,HOLD,0.4745,-0.0511,Sideways,-0.835,0.0,unavailable_no_point_in_time_source,False,97.17,100.74158477783203,2025-10-03,100.66368865966797,-0.0773,0,2025-10-07,98.94976043701172,-1.7786,0.0,2025-10-09,97.55720520019531,-3.1609,0.0,2025-10-16,95.3368911743164,-5.3649,0.0,1,0,0,1,0,1,3.5954,0,0.0,0.0,1.0,0.0,1.0,1.8316,1.0,0.0,0.0,1.0,0.0,0.0,0.3985,1.0,0.0,0.0,1.0,0.0,0.0,-1.8865,1.0,80-85,50-55
ALKEM.NS|2025-10-01|ensemble_lr0.20_rf0.30_xgb0.50,ALKEM.NS,2025-10-01,ensemble_lr0.20_rf0.30_xgb0.50,2024-10-03,2025-10-01,2025-09-29,2024-10-30,2025-09-30,2025-10-01,228,2025-09-30,True,1,0.4710144927536232,0.6936462572360153,0.9,0.7444545030593872,0.7809565029768967,1,78.1,0.6931876601472804,1,69.32,BUY,0.6037,0.2074,Sideways,0.335,0.0,unavailable_no_point_in_time_source,False,5372.0,5406.16455078125,2025-10-03,5388.8359375,-0.3205,0,2025-10-07,5438.34716796875,0.5953,1.0,2025-10-09,5426.95947265625,0.3847,1.0,2025-10-16,5470.03466796875,1.1814,1.0,1,0,0,0,0,0,0.3134,1,1.0,1.0,1.0,1.0,1.0,1.2351,1.0,1.0,1.0,1.0,1.0,1.0,1.0231,1.0,1.0,1.0,1.0,1.0,1.0,1.8249,1.0,75-80,65-70
AMBER.NS|2025-10-01|ensemble_lr0.20_rf0.30_xgb0.50,AMBER.NS,2025-10-01,ensemble_lr0.20_rf0.30_xgb0.50,2024-10-03,2025-10-01,2025-09-29,2024-10-30,2025-09-30,2025-10-01,228,2025-09-30,True,1,0.47826086956521746,0.48880738835407433,0.94,0.8695420026779175,0.8145324790097737,1,81.45,0.6507912086070915,1,65.08,BUY,0.6585,0.317,Bullish,0.5,0.0,unavailable_no_point_in_time_source,False,8089.0,8241.5,2025-10-03,8214.5,-0.3276,0,2025-10-07,8417.5,2.1355,1.0,2025-10-09,8246.0,0.0546,1.0,2025-10-16,8239.0,-0.0303,0.0,1,0,0,0,0,0,1.5515,1,1.0,1.0,1.0,1.0,1.0,4.0611,1.0,1.0,1.0,1.0,1.0,1.0,1.9409,1.0,0.0,0.0,0.0,0.0,0.0,1.8544,1.0,80-85,65-70
ANGELONE.NS|2025-10-01|ensemble_lr0.20_rf0.30_xgb0.50,ANGELONE.NS,2025-10-01,ensemble_lr0.20_rf0.30_xgb0.50,2024-10-03,2025-10-01,2025-09-29,2024-10-30,2025-09-30,2025-10-01,228,2025-09-30,True,0,0.5144927536231884,0.6664511181190402,0.9,0.7527146935462952,0.7796475703969556,1,77.96,0.4896687987037498,0,51.03,HOLD,0.4573,-0.0854,High Volatility,-1.0,0.0,unavailable_no_point_in_time_source,True,209.21,213.23377990722656,2025-10-03,215.96115112304688,1.2791,1,2025-10-07,220.7879638671875,3.5427,1.0,2025-10-09,222.1712646484375,4.1914,1.0,2025-10-16,243.5583953857422,14.2213,1.0,1,1,0,0,1,1,3.227,0,1.0,0.0,0.0,1.0,0.0,5.5341,0.0,1.0,0.0,0.0,1.0,0.0,6.1953,0.0,1.0,0.0,0.0,1.0,0.0,16.4181,0.0,75-80,50-55
APARINDS.NS|2025-10-01|ensemble_lr0.20_rf0.30_xgb0.50,APARINDS.NS,2025-10-01,ensemble_lr0.20_rf0.30_xgb0.50,2024-10-03,2025-10-01,2025-09-29,2024-10-30,2025-09-30,2025-10-01,228,2025-09-30,True,0,0.5144927536231884,0.3483995077960848,0.82,0.711274266242981,0.6713170346807074,1,67.13,0.7172502869455409,1,71.73,HOLD,0.5287,0.0575,Bearish,0.17,0.0,unavailable_no_point_in_time_source,False,8157.68,8187.57421875,2025-10-03,8382.3974609375,2.3795,1,2025-10-07,8500.986328125,3.8279,1.0,2025-10-09,8439.69921875,3.0794,1.0,2025-10-16,8754.107421875,6.9194,1.0,1,1,1,0,1,1,2.7547,1,1.0,1.0,0.0,1.0,0.0,4.2084,0.0,1.0,1.0,0.0,1.0,0.0,3.4571,0.0,1.0,1.0,0.0,1.0,0.0,7.3112,0.0,65-70,70-75
APOLLOHOSP.NS|2025-10-01|ensemble_lr0.20_rf0.30_xgb0.50,APOLLOHOSP.NS,2025-10-01,ensemble_lr0.20_rf0.30_xgb0.50,2024-10-03,2025-10-01,2025-09-29,2024-10-30,2025-09-30,2025-10-01,228,2025-09-30,True,0,0.5797101449275363,0.3801447218801667,0.8,0.6134545207023621,0.6227562047272144,1,62.28,0.37812458006340965,0,62.19,HOLD,0.533,0.0661,Bearish,0.0,0.0,unavailable_no_point_in_time_source,False,7390.57,7422.49365234375,2025-10-03,7430.97265625,0.1142,1,2025-10-07,7680.849609375,3.4807,1.0,2025-10-09,7675.8623046875,3.4135,1.0,2025-10-16,7814.017578125,5.2748,1.0,1,1,0,0,1,1,0.5467,1,1.0,0.0,0.0,1.0,0.0,3.9277,0.0,1.0,0.0,0.0,1.0,0.0,3.8602,0.0,1.0,0.0,0.0,1.0,0.0,5.7296,0.0,60-65,60-65
APOLLOTYRE.NS|2025-10-01|ensemble_lr0.20_rf0.30_xgb0.50,APOLLOTYRE.NS,2025-10-01,ensemble_lr0.20_rf0.30_xgb0.50,2024-10-03,2025-10-01,2025-09-29,2024-10-30,2025-09-30,2025-10-01,228,2025-09-30,True,0,0.5797101449275363,0.38035529132550844,0.1,0.1632661372423172,0.1877041268862603,0,81.23,0.35907366986195854,0,64.09,HOLD,0.4689,-0.0621,Sideways,0.165,0.0,unavailable_no_point_in_time_source,True,467.01,461.7741394042969,2025-10-03,467.20501708984375,1.1761,1,2025-10-07,472.48779296875,2.3201,1.0,2025-10-09,478.7580261230469,3.678,1.0,2025-10-16,483.7939758300781,4.7685,1.0,0,0,0,0,0,1,0.0418,1,0.0,0.0,0.0,0.0,1.0,1.1729,1.0,0.0,0.0,0.0,0.0,0.0,2.5156,1.0,0.0,0.0,0.0,0.0,0.0,3.5939,0.0,80-85,60-65
ASHOKLEY.NS|2025-10-01|ensemble_lr0.20_rf0.30_xgb0.50,ASHOKLEY.NS,2025-10-01,ensemble_lr0.20_rf0.30_xgb0.50,2024-10-03,2025-10-01,2025-09-29,2024-10-30,2025-09-30,2025-10-01,228,2025-09-30,True,1,0.47826086956521735,0.34708712209905396,0.22,0.22938525676727295,0.2501100528034473,0,74.99,0.6094855546228233,1,60.95,BUY,0.6523,0.3045,Bullish,1.0,0.0,unavailable_no_point_in_time_source,True,139.33,137.92575073242188,2025-10-03,136.51943969726562,-1.0196,0,2025-10-07,136.5585174560547,-0.9913,0.0,2025-10-09,135.39634704589844,-1.8339,0.0,2025-10-16,134.02911376953125,-2.8252,0.0,0,1,0,0,1,0,-2.0172,0,1.0,0.0,0.0,1.0,0.0,-1.9891,0.0,1.0,0.0,0.0,1.0,0.0,-2.8233,0.0,1.0,0.0,0.0,1.0,0.0,-3.8046,0.0,70-75,60-65
ASIANPAINT.NS|2025-10-01|ensemble_lr0.20_rf0.30_xgb0.50,ASIANPAINT.NS,2025-10-01,ensemble_lr0.20_rf0.30_xgb0.50,2024-10-03,2025-10-01,2025-09-29,2024-10-30,2025-09-30,2025-10-01,228,2025-09-30,True,0,0.4275362318840579,0.57913283562215,0.16,0.13470561802387238,0.2311793761363662,0,76.88,0.5585768190276974,1,55.86,SELL,0.3517,-0.2966,Bearish,-0.335,0.0,unavailable_no_point_in_time_source,True,2326.16,2312.1005859375,2025-10-03,2333.877197265625,0.9419,1,2025-10-07,2328.927978515625,0.7278,1.0,2025-10-09,2312.6943359375,0.0257,1.0,2025-10-16,2385.250732421875,3.1638,1.0,0,0,1,0,0,0,0.3318,0,0.0,1.0,0.0,0.0,0.0,0.119,0.0,0.0,1.0,0.0,0.0,0.0,-0.5789,1.0,0.0,1.0,0.0,0.0,0.0,2.5403,0.0,75-80,55-60
ASTRAL.NS|2025-10-01|ensemble_lr0.20_rf0.30_xgb0.50,ASTRAL.NS,2025-10-01,ensemble_lr0.20_rf0.30_xgb0.50,2024-10-03,2025-10-01,2025-09-29,2024-10-30,2025-09-30,2025-10-01,228,2025-09-30,True,0,0.5652173913043479,0.2687772860370227,0.88,0.5899980664253235,0.6127544904200664,1,61.28,0.24653407076673978,0,75.35,HOLD,0.5051,0.0101,Sideways,-0.335,0.0,unavailable_no_point_in_time_source,True,1362.95,1372.92431640625,2025-10-03,1380.1060791015625,0.5231,1,2025-10-07,1415.815673828125,3.1241,1.0,2025-10-09,1402.54931640625,2.1578,1.0,2025-10-16,1441.151611328125,4.9695,1.0,1,1,0,0,1,1,1.2587,1,1.0,0.0,0.0,1.0,0.0,3.8788,0.0,1.0,0.0,0.0,1.0,1.0,2.9054,1.0,1.0,0.0,0.0,1.0,0.0,5.7377,0.0,60-65,75-80
AUBANK.NS|2025-10-01|ensemble_lr0.20_rf0.30_xgb0.50,AUBANK.NS,2025-10-01,ensemble_lr0.20_rf0.30_xgb0.50,2024-10-03,2025-10-01,2025-09-29,2024-10-30,2025-09-30,2025-10-01,228,2025-09-30,True,0,0.5144927536231885,0.3147386340037544,0.04,0.2391463667154312,0.19452091015846648,0,80.55,0.41577970955617194,0,58.42,HOLD,0.4604,-0.0791,Sideways,0.165,0.0,unavailable_no_point_in_time_source,True,730.69,723.8470458984375,2025-10-03,741.1802368164062,2.3946,1,2025-10-07,763.2587890625,5.4448,1.0,2025-10-09,759.2626342773438,4.8927,1.0,2025-10-16,797.7252807617188,10.2063,1.0,0,0,0,0,0,1,1.4357,1,0.0,0.0,0.0,0.0,0.0,4.4573,0.0,0.0,0.0,0.0,0.0,0.0,3.9104,0.0,0.0,0.0,0.0,0.0,0.0,9.1742,0.0,80-85,55-60
AXISBANK.NS|2025-10-01|ensemble_lr0.20_rf0.30_xgb0.50,AXISBANK.NS,2025-10-01,ensemble_lr0.20_rf0.30_xgb0.50,2024-10-03,2025-10-01,2025-09-29,2024-10-30,2025-09-30,2025-10-01,228,2025-09-30,True,0,0.5,0.3922826294169222,0.9,0.7753544449806213,0.7361337483736952,1,73.61,0.3185790889818356,0,68.14,BUY,0.694,0.388,Bullish,0.33,0.0,unavailable_no_point_in_time_source,True,1130.73,1158.6064453125,2025-10-03,1180.08984375,1.8542,1,2025-10-07,1185.885498046875,2.3545,1.0,2025-10-09,1166.5003662109375,0.6813,1.0,2025-10-16,1195.378173828125,3.1738,1.0,1,1,0,0,1,1,4.3653,1,1.0,0.0,0.0,1.0,1.0,4.8779,1.0,1.0,0.0,0.0,1.0,1.0,3.1635,1.0,1.0,0.0,0.0,1.0,1.0,5.7174,1.0,70-75,65-70
BAJAJ-AUTO.NS|2025-10-01|ensemble_lr0.20_rf0.30_xgb0.50,BAJAJ-AUTO.NS,2025-10-01,ensemble_lr0.20_rf0.30_xgb0.50,2024-10-03,2025-10-01,2025-09-29,2024-10-30,2025-09-30,2025-10-01,228,2025-09-30,True,0,0.5434782608695652,0.5814171360585142,0.08,0.2797180116176605,0.2801424330205331,0,71.99,0.5702891328043552,1,57.03,HOLD,0.4209,-0.1581,Bearish,0.165,0.0,unavailable_no_point_in_time_source,False,8558.06,8506.78125,2025-10-03,8559.0458984375,0.6144,1,2025-10-07,8780.4306640625,3.2168,1.0,2025-10-09,8687.7353515625,2.1272,1.0,2025-10-16,9024.4951171875,6.0859,1.0,0,0,1,0,0,1,0.0115,1,0.0,1.0,0.0,0.0,0.0,2.5984,1.0,0.0,1.0,0.0,0.0,1.0,1.5152,1.0,0.0,1.0,0.0,0.0,0.0,5.4502,0.0,70-75,55-60
BAJAJFINSV.NS|2025-10-01|ensemble_lr0.20_rf0.30_xgb0.50,BAJAJFINSV.NS,2025-10-01,ensemble_lr0.20_rf0.30_xgb0.50,2024-10-03,2025-10-01,2025-09-29,2024-10-30,2025-09-30,2025-10-01,228,2025-09-30,True,0,0.48550724637681153,0.4212569310777749,0.92,0.6930462718009949,0.7067745221160524,1,70.68,0.4639210349722733,0,53.61,HOLD,0.521,0.042,Bearish,0.0,0.0,unavailable_no_point_in_time_source,True,2004.69,2005.288818359375,2025-10-03,1999.194091796875,-0.3039,0,2025-10-07,2030.8670654296875,1.2755,1.0,2025-10-09,2012.88232421875,0.3787,1.0,2025-10-16,2088.41796875,4.1455,1.0,1,0,1,1,0,1,-0.2742,1,1.0,0.0,0.0,1.0,1.0,1.3058,1.0,1.0,0.0,0.0,1.0,1.0,0.4087,1.0,1.0,0.0,0.0,1.0,0.0,4.1766,0.0,70-75,50-55
BAJFINANCE.NS|2025-10-01|ensemble_lr0.20_rf0.30_xgb0.50,BAJFINANCE.NS,2025-10-01,ensemble_lr0.20_rf0.30_xgb0.50,2024-10-03,2025-10-01,2025-09-29,2024-10-30,2025-09-30,2025-10-01,228,2025-09-30,True,1,0.463768115942029,0.3605188258822785,0.12,0.20010852813720703,0.20815802924505922,0,79.18,0.47584541394378377,0,52.42,BUY,0.5863,0.1726,Bullish,0.5,0.0,unavailable_no_point_in_time_source,True,992.8,981.66552734375,2025-10-03,983.7029418945312,0.2075,1,2025-10-07,1010.3392333984375,2.9209,1.0,2025-10-09,1017.8430786132812,3.6853,1.0,2025-10-16,1059.2386474609375,7.9022,1.0,0,0,0,1,0,1,-0.9163,0,0.0,0.0,1.0,0.0,1.0,1.7666,1.0,0.0,0.0,1.0,0.0,1.0,2.5225,1.0,0.0,0.0,1.0,0.0,1.0,6.692,1.0,75-80,50-55
BEL.NS|2025-10-01|ensemble_lr0.20_rf0.30_xgb0.50,BEL.NS,2025-10-01,ensemble_lr0.20_rf0.30_xgb0.50,2024-10-03,2025-10-01,2025-09-29,2024-10-30,2025-09-30,2025-10-01,228,2025-09-30,True,0,0.5507246376811593,0.4953569691172861,0.9,0.7587706446647644,0.7484567161558394,1,74.85,0.6240450702236182,1,62.4,BUY,0.6974,0.3949,Bullish,0.5,0.0,unavailable_no_point_in_time_source,True,401.69,404.22802734375,2025-10-03,410.3436584472656,1.5129,1,2025-10-07,408.00677490234375,0.9348,1.0,2025-10-09,407.0621032714844,0.7011,1.0,2025-10-16,409.4983825683594,1.3038,1.0,1,1,1,0,1,1,2.1543,1,1.0,1.0,0.0,1.0,1.0,1.5725,1.0,1.0,1.0,0.0,1.0,1.0,1.3374,1.0,1.0,1.0,0.0,1.0,1.0,1.9439,1.0,70-75,60-65
BPCL.NS|2025-10-01|ensemble_lr0.20_rf0.30_xgb0.50,BPCL.NS,2025-10-01,ensemble_lr0.20_rf0.30_xgb0.50,2024-10-03,2025-10-01,2025-09-29,2024-10-30,2025-09-30,2025-10-01,228,2025-09-30,True,0,0.5652173913043478,0.35893870771513725,0.82,0.7669921517372131,0.701283817411634,1,70.13,0.5254999721529433,1,52.55,BUY,0.6958,0.3916,Bullish,0.5,0.0,unavailable_no_point_in_time_source,True,323.6,323.6462097167969,2025-10-03,325.40875244140625,0.5446,1,2025-10-07,325.7422180175781,0.6476,1.0,2025-10-09,327.74298095703125,1.2658,1.0,2025-10-16,320.0257568359375,-1.1186,0.0,1,1,1,0,1,1,0.5589,1,1.0,1.0,0.0,1.0,1.0,0.662,1.0,1.0,1.0,0.0,1.0,1.0,1.2803,1.0,0.0,0.0,1.0,0.0,0.0,-1.1045,0.0,70-75,50-55
AARTIIND.NS|2025-10-09|ensemble_lr0.20_rf0.30_xgb0.50,AARTIIND.NS,2025-10-09,ensemble_lr0.20_rf0.30_xgb0.50,2024-10-10,2025-10-09,2025-10-06,2024-11-06,2025-10-08,2025-10-09,228,2025-10-08,True,0,0.44202898550724634,0.4343807557323535,0.84,0.749756395816803,0.7137543490548722,1,71.38,0.4111682672879573,0,58.88,HOLD,0.4711,-0.0578,Sideways,-0.835,0.0,unavailable_no_point_in_time_source,False,374.51,379.7451171875,2025-10-10,377.25006103515625,-0.657,0,2025-10-14,374.2560119628906,-1.4455,0.0,2025-10-16,375.8029479980469,-1.0381,0.0,2025-10-24,380.9427490234375,0.3154,1.0,1,0,1,1,0,1,0.7316,1,0.0,1.0,1.0,0.0,1.0,-0.0678,1.0,0.0,1.0,1.0,0.0,1.0,0.3452,1.0,1.0,0.0,0.0,1.0,1.0,1.7176,1.0,70-75,55-60
AAVAS.NS|2025-10-09|ensemble_lr0.20_rf0.30_xgb0.50,AAVAS.NS,2025-10-09,ensemble_lr0.20_rf0.30_xgb0.50,2024-10-10,2025-10-09,2025-10-06,2024-11-06,2025-10-08,2025-10-09,228,2025-10-08,True,0,0.6086956521739131,0.5154594928631798,0.16,0.39928919076919556,0.3507364939572337,0,64.93,0.5844656843391177,1,58.45,SELL,0.4159,-0.1682,Sideways,-0.335,0.0,unavailable_no_point_in_time_source,False,1667.9,1624.300048828125,2025-10-10,1631.699951171875,0.4556,1,2025-10-14,1597.0,-1.6807,0.0,2025-10-16,1607.5999755859375,-1.0281,0.0,2025-10-24,1688.0,3.9217,1.0,0,0,1,0,0,0,-2.1704,1,1.0,0.0,1.0,1.0,1.0,-4.2509,1.0,1.0,0.0,1.0,1.0,1.0,-3.6153,1.0,0.0,1.0,0.0,0.0,0.0,1.2051,0.0,60-65,55-60
ABCAPITAL.NS|2025-10-09|ensemble_lr0.20_rf0.30_xgb0.50,ABCAPITAL.NS,2025-10-09,ensemble_lr0.20_rf0.30_xgb0.50,2024-10-10,2025-10-09,2025-10-06,2024-11-06,2025-10-08,2025-10-09,228,2025-10-08,True,0,0.47826086956521746,0.5342488269737957,0.88,0.7471146583557129,0.7444070945726156,1,74.44,0.4869801270423842,0,51.3,BUY,0.6724,0.3449,Sideways,0.835,0.0,unavailable_no_point_in_time_source,True,295.25,297.95001220703125,2025-10-10,293.3500061035156,-1.5439,0,2025-10-14,298.0,0.0168,1.0,2025-10-16,300.0,0.688,1.0,2025-10-24,306.1499938964844,2.7521,1.0,1,0,1,1,0,0,-0.6435,0,1.0,0.0,0.0,1.0,1.0,0.9314,1.0,1.0,0.0,0.0,1.0,1.0,1.6088,1.0,1.0,0.0,0.0,1.0,1.0,3.6918,1.0,70-75,50-55
ABFRL.NS|2025-10-09|ensemble_lr0.20_rf0.30_xgb0.50,ABFRL.NS,2025-10-09,ensemble_lr0.20_rf0.30_xgb0.50,2024-10-10,2025-10-09,2025-10-06,2024-11-06,2025-10-08,2025-10-09,228,2025-10-08,True,0,0.463768115942029,0.5356795530537168,0.06,0.23557862639427185,0.2429252238078793,0,75.71,0.44233916478503493,0,55.77,SELL,0.381,-0.238,High Volatility,-0.5,0.0,unavailable_no_point_in_time_source,True,84.81,84.56999969482422,2025-10-10,83.19000244140625,-1.6318,0,2025-10-14,80.13999938964844,-5.2383,0.0,2025-10-16,83.69000244140625,-1.0406,0.0,2025-10-24,81.93000030517578,-3.1217,0.0,0,1,1,1,1,1,-1.9101,1,1.0,1.0,1.0,1.0,1.0,-5.5064,1.0,1.0,1.0,1.0,1.0,1.0,-1.3206,1.0,1.0,1.0,1.0,1.0,1.0,-3.3958,1.0,75-80,55-60
ACC.NS|2025-10-09|ensemble_lr0.20_rf0.30_xgb0.50,ACC.NS,2025-10-09,ensemble_lr0.20_rf0.30_xgb0.50,2024-10-10,2025-10-09,2025-10-06,2024-11-06,2025-10-08,2025-10-09,228,2025-10-08,True,0,0.5144927536231884,0.8631578785500501,0.92,0.7185210585594177,0.807892104989719,1,80.79,0.7221217984694779,1,72.21,BUY,0.5982,0.1963,Sideways,0.165,0.0,unavailable_no_point_in_time_source,False,1854.87,1864.0145263671875,2025-10-10,1874.7523193359375,0.5761,1,2025-10-14,1851.7852783203125,-0.6561,0.0,2025-10-16,1849.3990478515625,-0.7841,0.0,2025-10-24,1839.4566650390625,-1.3175,0.0,1,1,1,0,1,1,1.0719,1,0.0,0.0,1.0,0.0,0.0,-0.1663,0.0,0.0,0.0,1.0,0.0,0.0,-0.295,0.0,0.0,0.0,1.0,0.0,0.0,-0.831,0.0,80-85,70-75
ADANIENT.NS|2025-10-09|ensemble_lr0.20_rf0.30_xgb0.50,ADANIENT.NS,2025-10-09,ensemble_lr0.20_rf0.30_xgb0.50,2024-10-10,2025-10-09,2025-10-06,2024-11-06,2025-10-08,2025-10-09,228,2025-10-08,True,0,0.5942028985507247,0.48469959009610963,0.88,0.8106154799461365,0.7662476579922901,1,76.62,0.3832961329114787,0,61.67,BUY,0.6458,0.2916,Bullish,0.0,0.0,unavailable_no_point_in_time_source,True,2522.97,2541.263671875,2025-10-10,2549.759765625,0.3343,1,2025-10-14,2515.875,-0.9991,0.0,2025-10-16,2556.45703125,0.5979,1.0,2025-10-24,2503.080810546875,-1.5025,0.0,1,1,0,0,1,1,1.0618,1,0.0,1.0,1.0,0.0,0.0,-0.2812,0.0,1.0,0.0,0.0,1.0,1.0,1.3273,1.0,0.0,1.0,1.0,0.0,0.0,-0.7883,0.0,75-80,60-65
ADANIPORTS.NS|2025-10-09|ensemble_lr0.20_rf0.30_xgb0.50,ADANIPORTS.NS,2025-10-09,ensemble_lr0.20_rf0.30_xgb0.50,2024-10-10,2025-10-09,2025-10-06,2024-11-06,2025-10-08,2025-10-09,228,2025-10-08,True,0,0.6014492753623188,0.3109614478086142,0.8,0.7179102301597595,0.6611474046416026,1,66.11,0.5698193284615091,1,56.98,HOLD,0.547,0.094,Sideways,-0.165,0.0,unavailable_no_point_in_time_source,True,1388.45,1389.742919921875,2025-10-10,1403.485107421875,0.9888,1,2025-10-14,1423.0028076171875,2.3932,1.0,2025-10-16,1473.2908935546875,6.0118,1.0,2025-10-24,1423.0028076171875,2.3932,1.0,1,1,1,0,1,1,1.0829,1,1.0,1.0,0.0,1.0,1.0,2.4886,1.0,1.0,1.0,0.0,1.0,0.0,6.1105,0.0,1.0,1.0,0.0,1.0,1.0,2.4886,1.0,65-70,55-60
AETHER.NS|2025-10-09|ensemble_lr0.20_rf0.30_xgb0.50,AETHER.NS,2025-10-09,ensemble_lr0.20_rf0.30_xgb0.50,2024-10-10,2025-10-09,2025-10-06,2024-11-06,2025-10-08,2025-10-09,228,2025-10-08,True,0,0.5434782608695652,0.3009443359753866,0.08,0.11411236226558685,0.14124504832787074,0,85.88,0.41520236399258914,0,58.48,HOLD,0.4311,-0.1379,Sideways,0.165,0.0,unavailable_no_point_in_time_source,False,755.15,749.9500122070312,2025-10-10,750.2000122070312,0.0333,1,2025-10-14,745.0499877929688,-0.6534,0.0,2025-10-16,748.1500244140625,-0.24,0.0,2025-10-24,764.4500122070312,1.9335,1.0,0,0,0,0,0,1,-0.6555,1,1.0,1.0,1.0,1.0,1.0,-1.3375,1.0,1.0,1.0,1.0,1.0,1.0,-0.927,1.0,0.0,0.0,0.0,0.0,1.0,1.2315,1.0,85-90,55-60
AIAENG.NS|2025-10-09|ensemble_lr0.20_rf0.30_xgb0.50,AIAENG.NS,2025-10-09,ensemble_lr0.20_rf0.30_xgb0.50,2024-10-10,2025-10-09,2025-10-06,2024-11-06,2025-10-08,2025-10-09,228,2025-10-08,True,0,0.5362318840579711,0.49453877480821534,0.92,0.8414839506149292,0.7956497302691077,1,79.56,0.5388899791124766,1,53.89,BUY,0.5917,0.1834,Sideways,0.335,0.0,unavailable_no_point_in_time_source,False,3212.13,3259.646728515625,2025-10-10,3259.646728515625,0.0,0,2025-10-14,3216.509033203125,-1.3234,0.0,2025-10-16,3301.091064453125,1.2714,1.0,2025-10-24,3347.6162109375,2.6987,1.0,1,0,0,1,0,0,1.4793,1,0.0,0.0,1.0,0.0,0.0,0.1363,1.0,1.0,1.0,0.0,1.0,1.0,2.7695,1.0,1.0,1.0,0.0,1.0,1.0,4.218,1.0,75-80,50-55
AJANTPHARM.NS|2025-10-09|ensemble_lr0.20_rf0.30_xgb0.50,AJANTPHARM.NS,2025-10-09,ensemble_lr0.20_rf0.30_xgb0.50,2024-10-10,2025-10-09,2025-10-06,2024-11-06,2025-10-08,2025-10-09,228,2025-10-08,True,0,0.4855072463768116,0.4468974139827024,0.86,0.8704134821891785,0.7825862238911298,1,78.26,0.6876687156934224,1,68.77,HOLD,0.4258,-0.1485,Bearish,-0.835,0.0,unavailable_no_point_in_time_source,False,2362.61,2372.607421875,2025-10-10,2385.346435546875,0.5369,1,2025-10-14,2343.993408203125,-1.206,0.0,2025-10-16,2408.86474609375,1.5282,1.0,2025-10-24,2365.94384765625,-0.2809,0.0,1,1,1,0,1,1,0.9623,1,0.0,0.0,1.0,0.0,1.0,-0.788,1.0,1.0,1.0,0.0,1.0,1.0,1.9578,1.0,0.0,0.0,1.0,0.0,1.0,0.1411,1.0,75-80,65-70
ALEMBICLTD.NS|2025-10-09|ensemble_lr0.20_rf0.30_xgb0.50,ALEMBICLTD.NS,2025-10-09,ensemble_lr0.20_rf0.30_xgb0.50,2024-10-10,2025-10-09,2025-10-06,2024-11-06,2025-10-08,2025-10-09,228,2025-10-08,True,0,0.5579710144927535,0.4513716839464748,0.02,0.11918285489082336,0.15586576423470666,0,84.41,0.24585140481162127,0,75.41,SELL,0.3402,-0.3196,Sideways,-0.67,0.0,unavailable_no_point_in_time_source,False,98.3,97.55720520019531,2025-10-10,97.8785629272461,0.3294,1,2025-10-14,95.02527618408203,-2.5953,0.0,2025-10-16,95.3368911743164,-2.2759,0.0,2025-10-24,98.16097259521484,0.6189,1.0,0,0,0,0,0,0,-0.4287,1,1.0,1.0,1.0,1.0,1.0,-3.3314,1.0,1.0,1.0,1.0,1.0,1.0,-3.0144,1.0,0.0,0.0,0.0,0.0,0.0,-0.1414,1.0,80-85,75-80
ALKEM.NS|2025-10-09|ensemble_lr0.20_rf0.30_xgb0.50,ALKEM.NS,2025-10-09,ensemble_lr0.20_rf0.30_xgb0.50,2024-10-10,2025-10-09,2025-10-06,2024-11-06,2025-10-08,2025-10-09,228,2025-10-08,True,1,0.5144927536231884,0.5729678608179077,0.2,0.32183125615119934,0.33550920023918124,0,66.45,0.6469378349590789,1,64.69,HOLD,0.4931,-0.0138,Sideways,0.335,0.0,unavailable_no_point_in_time_source,False,5439.83,5426.95947265625,2025-10-10,5401.21337890625,-0.4744,0,2025-10-14,5439.33740234375,0.2281,1.0,2025-10-16,5470.03466796875,0.7937,1.0,2025-10-24,5490.82958984375,1.1769,1.0,0,1,0,0,1,1,-0.7099,1,0.0,1.0,1.0,0.0,1.0,-0.0091,1.0,0.0,1.0,1.0,0.0,1.0,0.5553,1.0,0.0,1.0,1.0,0.0,1.0,0.9375,1.0,65-70,60-65
AMBER.NS|2025-10-09|ensemble_lr0.20_rf0.30_xgb0.50,AMBER.NS,2025-10-09,ensemble_lr0.20_rf0.30_xgb0.50,2024-10-10,2025-10-09,2025-10-06,2024-11-06,2025-10-08,2025-10-09,228,2025-10-08,True,1,0.5942028985507246,0.4114239275894086,0.94,0.9171566367149353,0.8228631038753493,1,82.29,0.7621540798671991,1,76.22,BUY,0.6276,0.2551,Sideways,0.5,0.0,unavailable_no_point_in_time_source,False,8239.0,8246.0,2025-10-10,8284.5,0.4669,1,2025-10-14,8204.5,-0.5033,0.0,2025-10-16,8239.0,-0.0849,0.0,2025-10-24,8321.5,0.9156,1.0,1,1,1,1,1,1,0.5523,1,0.0,0.0,0.0,0.0,0.0,-0.4187,0.0,0.0,0.0,0.0,0.0,0.0,0.0,0.0,1.0,1.0,1.0,1.0,1.0,1.0013,1.0,80-85,75-80
ANGELONE.NS|2025-10-09|ensemble_lr0.20_rf0.30_xgb0.50,ANGELONE.NS,2025-10-09,ensemble_lr0.20_rf0.30_xgb0.50,2024-10-10,2025-10-09,2025-10-06,2024-11-06,2025-10-08,2025-10-09,228,2025-10-08,True,0,0.44202898550724634,0.553719013481051,0.76,0.5136926770210266,0.5955901412067235,1,59.56,0.4007276728774501,0,59.93,HOLD,0.4532,-0.0936,Bearish,-0.335,0.0,unavailable_no_point_in_time_source,True,217.55,222.1712646484375,2025-10-10,225.9679718017578,1.7089,1,2025-10-14,235.9061279296875,6.1821,1.0,2025-10-16,243.5583953857422,9.6264,1.0,2025-10-24,246.68797302246094,11.035,1.0,1,1,0,0,1,1,3.8694,0,1.0,0.0,0.0,1.0,0.0,8.4377,0.0,1.0,0.0,0.0,1.0,0.0,11.9551,0.0,1.0,0.0,0.0,1.0,0.0,13.3937,0.0,55-60,55-60
APARINDS.NS|2025-10-09|ensemble_lr0.20_rf0.30_xgb0.50,APARINDS.NS,2025-10-09,ensemble_lr0.20_rf0.30_xgb0.50,2024-10-10,2025-10-09,2025-10-06,2024-11-06,2025-10-08,2025-10-09,228,2025-10-08,True,0,0.5579710144927537,0.5258733751276258,0.14,0.3793354034423828,0.3368423767467166,0,66.32,0.35500445806716113,0,64.5,HOLD,0.4758,-0.0484,Sideways,0.17,0.0,unavailable_no_point_in_time_source,False,8519.92,8439.69921875,2025-10-10,8355.9892578125,-0.9919,0,2025-10-14,8475.57421875,0.4251,1.0,2025-10-16,8754.107421875,3.7253,1.0,2025-10-24,8703.2841796875,3.1232,1.0,0,1,1,1,1,1,-1.9241,1,0.0,0.0,0.0,0.0,1.0,-0.5205,1.0,0.0,0.0,0.0,0.0,0.0,2.7487,1.0,0.0,0.0,0.0,0.0,0.0,2.1522,1.0,65-70,60-65
APOLLOHOSP.NS|2025-10-09|ensemble_lr0.20_rf0.30_xgb0.50,APOLLOHOSP.NS,2025-10-09,ensemble_lr0.20_rf0.30_xgb0.50,2024-10-10,2025-10-09,2025-10-06,2024-11-06,2025-10-08,2025-10-09,228,2025-10-08,True,0,0.5289855072463768,0.39173041609805537,0.84,0.6785445213317871,0.6696183438855046,1,66.96,0.2552774664619713,0,74.47,BUY,0.6173,0.2346,Bullish,-0.165,0.0,unavailable_no_point_in_time_source,False,7642.94,7675.8623046875,2025-10-10,7661.89697265625,-0.1819,0,2025-10-14,7739.70263671875,0.8317,1.0,2025-10-16,7814.017578125,1.7999,1.0,2025-10-24,7818.00732421875,1.8518,1.0,1,0,1,1,0,0,0.248,1,1.0,0.0,0.0,1.0,1.0,1.266,1.0,1.0,0.0,0.0,1.0,1.0,2.2384,1.0,1.0,0.0,0.0,1.0,1.0,2.2906,1.0,65-70,70-75
APOLLOTYRE.NS|2025-10-09|ensemble_lr0.20_rf0.30_xgb0.50,APOLLOTYRE.NS,2025-10-09,ensemble_lr0.20_rf0.30_xgb0.50,2024-10-10,2025-10-09,2025-10-06,2024-11-06,2025-10-08,2025-10-09,228,2025-10-08,True,0,0.5217391304347826,0.5285709868085275,0.12,0.23586398363113403,0.25964618917727256,0,74.04,0.32137807017955655,0,67.86,HOLD,0.4777,-0.0446,Sideways,0.165,0.0,unavailable_no_point_in_time_source,True,480.78,478.7580261230469,2025-10-10,482.11529541015625,0.7012,1,2025-10-14,474.6601867675781,-0.8559,0.0,2025-10-16,483.7939758300781,1.0519,1.0,2025-10-24,493.5201721191406,3.0834,1.0,0,0,0,0,0,1,0.2777,1,1.0,1.0,1.0,1.0,1.0,-1.2729,1.0,0.0,0.0,0.0,0.0,1.0,0.6269,1.0,0.0,0.0,0.0,0.0,0.0,2.6499,1.0,70-75,65-70
ASHOKLEY.NS|2025-10-09|ensemble_lr0.20_rf0.30_xgb0.50,ASHOKLEY.NS,2025-10-09,ensemble_lr0.20_rf0.30_xgb0.50,2024-10-10,2025-10-09,2025-10-06,2024-11-06,2025-10-08,2025-10-09,228,2025-10-08,True,0,0.5217391304347826,0.41158226864459063,0.12,0.3132558763027191,0.2749443918802777,0,72.51,0.4235283640374085,0,57.65,HOLD,0.5536,0.1072,Bullish,0.5,0.0,unavailable_no_point_in_time_source,True,136.11,135.39634704589844,2025-10-10,134.33184814453125,-0.7862,0,2025-10-14,132.24192810058594,-2.3298,0.0,2025-10-16,134.02911376953125,-1.0098,0.0,2025-10-24,133.15992736816406,-1.6518,0.0,0,1,1,1,1,1,-1.3064,1,1.0,1.0,1.0,1.0,1.0,-2.8419,1.0,1.0,1.0,1.0,1.0,1.0,-1.5288,1.0,1.0,1.0,1.0,1.0,1.0,-2.1674,1.0,70-75,55-60
ASIANPAINT.NS|2025-10-09|ensemble_lr0.20_rf0.30_xgb0.50,ASIANPAINT.NS,2025-10-09,ensemble_lr0.20_rf0.30_xgb0.50,2024-10-10,2025-10-09,2025-10-06,2024-11-06,2025-10-08,2025-10-09,228,2025-10-08,True,0,0.5,0.3866577256434916,0.84,0.7402526140213013,0.699457852139349,1,69.95,0.31060788545481827,0,68.94,HOLD,0.4334,-0.1333,Bearish,-0.835,0.0,unavailable_no_point_in_time_source,True,2304.87,2312.6943359375,2025-10-10,2316.455810546875,0.1626,1,2025-10-14,2294.580322265625,-0.7832,0.0,2025-10-16,2385.250732421875,3.1373,1.0,2025-10-24,2476.21826171875,7.0707,1.0,1,1,0,0,1,1,0.5027,1,0.0,1.0,1.0,0.0,1.0,-0.4464,1.0,1.0,0.0,0.0,1.0,0.0,3.4874,0.0,1.0,0.0,0.0,1.0,0.0,7.4342,0.0,65-70,65-70
ASTRAL.NS|2025-10-09|ensemble_lr0.20_rf0.30_xgb0.50,ASTRAL.NS,2025-10-09,ensemble_lr0.20_rf0.30_xgb0.50,2024-10-10,2025-10-09,2025-10-06,2024-11-06,2025-10-08,2025-10-09,228,2025-10-08,True,0,0.5289855072463768,0.4047082120169711,0.96,0.7439665198326111,0.7409249023196998,1,74.09,0.3336581596738936,0,66.63,HOLD,0.5148,0.0296,Sideways,-0.165,0.0,unavailable_no_point_in_time_source,True,1402.45,1402.54931640625,2025-10-10,1423.49609375,1.4935,1,2025-10-14,1415.0177001953125,0.889,1.0,2025-10-16,1441.151611328125,2.7523,1.0,2025-10-24,1427.1868896484375,1.7566,1.0,1,1,0,0,1,1,1.5007,1,1.0,0.0,0.0,1.0,1.0,0.8961,1.0,1.0,0.0,0.0,1.0,1.0,2.7596,1.0,1.0,0.0,0.0,1.0,1.0,1.7638,1.0,70-75,65-70
AUBANK.NS|2025-10-09|ensemble_lr0.20_rf0.30_xgb0.50,AUBANK.NS,2025-10-09,ensemble_lr0.20_rf0.30_xgb0.50,2024-10-10,2025-10-09,2025-10-06,2024-11-06,2025-10-08,2025-10-09,228,2025-10-08,True,1,0.5362318840579711,0.5322892579234773,0.14,0.26803991198539734,0.28247780757739416,0,71.75,0.45725901002955993,0,54.27,HOLD,0.5438,0.0875,Sideways,0.335,0.0,unavailable_no_point_in_time_source,True,766.96,759.2626342773438,2025-10-10,762.509521484375,0.4276,1,2025-10-14,771.900390625,1.6645,1.0,2025-10-16,797.7252807617188,5.0658,1.0,2025-10-24,859.5152587890625,13.2039,1.0,0,0,0,1,0,1,-0.5803,1,0.0,0.0,1.0,0.0,1.0,0.6442,1.0,0.0,0.0,1.0,0.0,0.0,4.0113,0.0,0.0,0.0,1.0,0.0,0.0,12.0678,0.0,70-75,50-55
AXISBANK.NS|2025-10-09|ensemble_lr0.20_rf0.30_xgb0.50,AXISBANK.NS,2025-10-09,ensemble_lr0.20_rf0.30_xgb0.50,2024-10-10,2025-10-09,2025-10-06,2024-11-06,2025-10-08,2025-10-09,228,2025-10-08,True,0,0.4492753623188406,0.45472995118645504,0.08,0.07898566871881485,0.15443882459669844,0,84.56,0.2416091723524091,0,75.84,BUY,0.6368,0.2736,Bullish,0.665,0.0,unavailable_no_point_in_time_source,True,1179.69,1166.5003662109375,2025-10-10,1179.4903564453125,1.1136,1,2025-10-14,1175.8931884765625,0.8052,1.0,2025-10-16,1195.378173828125,2.4756,1.0,2025-10-24,1240.9429931640625,6.3817,1.0,0,0,0,0,0,1,-0.0169,0,0.0,0.0,0.0,0.0,1.0,-0.3218,0.0,0.0,0.0,0.0,0.0,1.0,1.3299,1.0,0.0,0.0,0.0,0.0,1.0,5.1923,1.0,80-85,75-80
BAJAJ-AUTO.NS|2025-10-09|ensemble_lr0.20_rf0.30_xgb0.50,BAJAJ-AUTO.NS,2025-10-09,ensemble_lr0.20_rf0.30_xgb0.50,2024-10-10,2025-10-09,2025-10-06,2024-11-06,2025-10-08,2025-10-09,228,2025-10-08,True,1,0.5869565217391305,0.5567781521745815,0.9,0.7305647730827332,0.746638016976283,1,74.66,0.408930738886573,0,59.11,BUY,0.5848,0.1695,Sideways,0.165,0.0,unavailable_no_point_in_time_source,False,8669.98,8687.7353515625,2025-10-10,8822.3408203125,1.5494,1,2025-10-14,8976.17578125,3.3201,1.0,2025-10-16,9024.4951171875,3.8763,1.0,2025-10-24,8950.5361328125,3.025,1.0,1,1,0,1,1,1,1.7573,1,1.0,0.0,1.0,1.0,1.0,3.5317,1.0,1.0,0.0,1.0,1.0,1.0,4.089,1.0,1.0,0.0,1.0,1.0,1.0,3.2359,1.0,70-75,55-60
BAJAJFINSV.NS|2025-10-09|ensemble_lr0.20_rf0.30_xgb0.50,BAJAJFINSV.NS,2025-10-09,ensemble_lr0.20_rf0.30_xgb0.50,2024-10-10,2025-10-09,2025-10-06,2024-11-06,2025-10-08,2025-10-09,228,2025-10-08,True,0,0.47826086956521735,0.41519494248503447,0.82,0.8337990641593933,0.7459385205767035,1,74.59,0.6253720459003614,1,62.54,HOLD,0.555,0.11,Sideways,-0.165,0.0,unavailable_no_point_in_time_source,True,2011.88,2012.88232421875,2025-10-10,2002.5911865234375,-0.5113,0,2025-10-14,2017.6783447265625,0.2383,1.0,2025-10-16,2088.41796875,3.7526,1.0,2025-10-24,2157.658935546875,7.1925,1.0,1,0,0,1,0,1,-0.4617,1,1.0,1.0,0.0,1.0,1.0,0.2882,1.0,1.0,1.0,0.0,1.0,0.0,3.8043,0.0,1.0,1.0,0.0,1.0,0.0,7.2459,0.0,70-75,60-65
BAJFINANCE.NS|2025-10-09|ensemble_lr0.20_rf0.30_xgb0.50,BAJFINANCE.NS,2025-10-09,ensemble_lr0.20_rf0.30_xgb0.50,2024-10-10,2025-10-09,2025-10-06,2024-11-06,2025-10-08,2025-10-09,228,2025-10-08,True,1,0.39855072463768115,0.5383207627821346,0.94,0.745297372341156,0.7623128387270048,1,76.23,0.5497197870419781,1,54.97,BUY,0.6881,0.3761,Bullish,0.665,0.0,unavailable_no_point_in_time_source,False,1016.9,1017.8430786132812,2025-10-10,1017.5946044921875,-0.0244,0,2025-10-14,1012.92333984375,-0.4833,0.0,2025-10-16,1059.2386474609375,4.067,1.0,2025-10-24,1083.092041015625,6.4105,1.0,1,0,0,0,0,0,0.0683,1,0.0,0.0,0.0,0.0,0.0,-0.3911,0.0,1.0,1.0,1.0,1.0,1.0,4.1635,1.0,1.0,1.0,1.0,1.0,1.0,6.5092,1.0,75-80,50-55
BEL.NS|2025-10-09|ensemble_lr0.20_rf0.30_xgb0.50,BEL.NS,2025-10-09,ensemble_lr0.20_rf0.30_xgb0.50,2024-10-10,2025-10-09,2025-10-06,2024-11-06,2025-10-08,2025-10-09,228,2025-10-08,True,0,0.5,0.49114462962976485,0.76,0.6023574471473694,0.6274076494996377,1,62.74,0.40314391600441424,0,59.69,BUY,0.7182,0.4364,Bullish,0.5,0.0,unavailable_no_point_in_time_source,True,401.39,407.0621032714844,2025-10-10,411.18890380859375,1.0138,1,2025-10-14,400.15093994140625,-1.6978,0.0,2025-10-16,409.4983825683594,0.5985,1.0,2025-10-24,419.69110107421875,3.1025,1.0,1,1,0,0,1,1,2.4412,1,0.0,1.0,1.0,0.0,0.0,-0.3087,0.0,1.0,0.0,0.0,1.0,1.0,2.0201,1.0,1.0,0.0,0.0,1.0,1.0,4.5594,1.0,60-65,55-60
BPCL.NS|2025-10-09|ensemble_lr0.20_rf0.30_xgb0.50,BPCL.NS,2025-10-09,ensemble_lr0.20_rf0.30_xgb0.50,2024-10-10,2025-10-09,2025-10-06,2024-11-06,2025-10-08,2025-10-09,228,2025-10-08,True,0,0.5,0.3498377201116797,0.18,0.11963388323783875,0.18378448564125532,0,81.62,0.34398639555734745,0,65.6,BUY,0.6248,0.2496,Bullish,0.665,0.0,unavailable_no_point_in_time_source,True,328.79,327.74298095703125,2025-10-10,322.6934509277344,-1.5407,0,2025-10-14,316.73883056640625,-3.3576,0.0,2025-10-16,320.0257568359375,-2.3547,0.0,2025-10-24,314.8333435058594,-3.939,0.0,0,1,1,1,1,0,-1.8542,0,1.0,1.0,1.0,1.0,0.0,-3.6653,0.0,1.0,1.0,1.0,1.0,0.0,-2.6656,0.0,1.0,1.0,1.0,1.0,0.0,-4.2449,0.0,80-85,65-70
AARTIIND.NS|2025-10-16|ensemble_lr0.20_rf0.30_xgb0.50,AARTIIND.NS,2025-10-16,ensemble_lr0.20_rf0.30_xgb0.50,2024-10-17,2025-10-16,2025-10-13,2024-11-13,2025-10-15,2025-10-16,228,2025-10-15,True,0,0.47826086956521735,0.34814563195219156,0.88,0.6862662434577942,0.6767622481193354,1,67.68,0.384457157337857,0,61.55,HOLD,0.4511,-0.0979,Sideways,-0.835,0.0,unavailable_no_point_in_time_source,False,371.06,375.8029479980469,2025-10-17,374.056396484375,-0.4648,0,2025-10-21,374.3558349609375,-0.3851,0.0,2025-10-24,380.9427490234375,1.3677,1.0,2025-10-31,379.19622802734375,0.9029,1.0,1,0,1,1,0,1,0.8075,1,0.0,1.0,1.0,0.0,1.0,0.8882,1.0,1.0,0.0,0.0,1.0,1.0,2.6634,1.0,1.0,0.0,0.0,1.0,1.0,2.1927,1.0,65-70,60-65
AAVAS.NS|2025-10-16|ensemble_lr0.20_rf0.30_xgb0.50,AAVAS.NS,2025-10-16,ensemble_lr0.20_rf0.30_xgb0.50,2024-10-17,2025-10-16,2025-10-13,2024-11-13,2025-10-15,2025-10-16,228,2025-10-15,True,0,0.5652173913043478,0.6570798834059762,0.88,0.7935487031936646,0.7921903282780276,1,79.22,0.7073386369031801,1,70.73,HOLD,0.4689,-0.0623,Sideways,-0.835,0.0,unavailable_no_point_in_time_source,False,1587.3,1607.5999755859375,2025-10-17,1605.800048828125,-0.112,0,2025-10-21,1620.5999755859375,0.8087,1.0,2025-10-24,1688.0,5.0012,1.0,2025-10-31,1650.0,2.6375,1.0,1,0,0,1,0,1,1.1655,1,1.0,1.0,0.0,1.0,1.0,2.0979,1.0,1.0,1.0,0.0,1.0,0.0,6.3441,0.0,1.0,1.0,0.0,1.0,1.0,3.9501,0.0,75-80,70-75
ABCAPITAL.NS|2025-10-16|ensemble_lr0.20_rf0.30_xgb0.50,ABCAPITAL.NS,2025-10-16,ensemble_lr0.20_rf0.30_xgb0.50,2024-10-17,2025-10-16,2025-10-13,2024-11-13,2025-10-15,2025-10-16,228,2025-10-15,True,1,0.49275362318840576,0.3751642709495334,0.1,0.13455083966255188,0.17230827402118262,0,82.77,0.5362324759788103,1,53.62,HOLD,0.5735,0.1471,Sideways,1.0,0.0,unavailable_no_point_in_time_source,True,303.5,300.0,2025-10-17,299.29998779296875,-0.2333,0,2025-10-21,304.8500061035156,1.6167,1.0,2025-10-24,306.1499938964844,2.05,1.0,2025-10-31,324.20001220703125,8.0667,1.0,0,1,0,0,1,1,-1.3839,1,0.0,1.0,1.0,0.0,1.0,0.4448,1.0,0.0,1.0,1.0,0.0,1.0,0.8731,1.0,0.0,1.0,1.0,0.0,0.0,6.8204,0.0,80-85,50-55
ABFRL.NS|2025-10-16|ensemble_lr0.20_rf0.30_xgb0.50,ABFRL.NS,2025-10-16,ensemble_lr0.20_rf0.30_xgb0.50,2024-10-17,2025-10-16,2025-10-13,2024-11-13,2025-10-15,2025-10-16,228,2025-10-15,True,0,0.5217391304347826,0.4904785885283803,0.8,0.48465266823768616,0.5804220518245191,1,58.04,0.34733397302884317,0,65.27,HOLD,0.4791,-0.0419,High Volatility,-0.5,0.0,unavailable_no_point_in_time_source,True,83.45,83.69000244140625,2025-10-17,82.27999877929688,-1.6848,0,2025-10-21,83.6500015258789,-0.0478,0.0,2025-10-24,81.93000030517578,-2.103,0.0,2025-10-31,81.63999938964844,-2.4495,0.0,1,0,1,1,0,1,-1.402,1,0.0,1.0,1.0,0.0,1.0,0.2397,1.0,0.0,1.0,1.0,0.0,1.0,-1.8214,1.0,0.0,1.0,1.0,0.0,1.0,-2.169,1.0,55-60,65-70
ACC.NS|2025-10-16|ensemble_lr0.20_rf0.30_xgb0.50,ACC.NS,2025-10-16,ensemble_lr0.20_rf0.30_xgb0.50,2024-10-17,2025-10-16,2025-10-13,2024-11-13,2025-10-15,2025-10-16,228,2025-10-15,True,0,0.5072463768115941,0.465171353090474,0.86,0.7293459177017212,0.7157072294689555,1,71.57,0.5469439162945426,1,54.69,BUY,0.6162,0.2323,Sideways,0.165,0.0,unavailable_no_point_in_time_source,False,1846.71,1849.3990478515625,2025-10-17,1822.15673828125,-1.473,0,2025-10-21,1838.2635498046875,-0.6021,0.0,2025-10-24,1839.4566650390625,-0.5376,0.0,2025-10-31,1870.676025390625,1.1505,1.0,1,0,0,1,0,0,-1.3296,0,0.0,0.0,1.0,0.0,0.0,-0.4574,0.0,0.0,0.0,1.0,0.0,0.0,-0.3928,0.0,1.0,1.0,0.0,1.0,1.0,1.2978,1.0,70-75,50-55
ADANIENT.NS|2025-10-16|ensemble_lr0.20_rf0.30_xgb0.50,ADANIENT.NS,2025-10-16,ensemble_lr0.20_rf0.30_xgb0.50,2024-10-17,2025-10-16,2025-10-13,2024-11-13,2025-10-15,2025-10-16,228,2025-10-15,True,0,0.5869565217391305,0.5165736757935557,0.92,0.8894870281219482,0.8240582492196853,1,82.41,0.5566819269664304,1,55.67,BUY,0.6351,0.2702,Bullish,0.0,0.0,unavailable_no_point_in_time_source,True,2531.67,2556.45703125,2025-10-17,2548.260498046875,-0.3206,0,2025-10-21,2548.76025390625,-0.3011,0.0,2025-10-24,2503.080810546875,-2.0879,0.0,2025-10-31,2479.89111328125,-2.995,0.0,1,0,0,1,0,0,0.6553,1,0.0,0.0,1.0,0.0,0.0,0.6751,1.0,0.0,0.0,1.0,0.0,0.0,-1.1293,0.0,0.0,0.0,1.0,0.0,0.0,-2.0452,0.0,80-85,55-60
ADANIPORTS.NS|2025-10-16|ensemble_lr0.20_rf0.30_xgb0.50,ADANIPORTS.NS,2025-10-16,ensemble_lr0.20_rf0.30_xgb0.50,2024-10-17,2025-10-16,2025-10-13,2024-11-13,2025-10-15,2025-10-16,228,2025-10-15,True,0,0.5579710144927535,0.543642096834137,0.84,0.6399203538894653,0.6806885963115601,1,68.07,0.39204363961788086,0,60.8,BUY,0.6951,0.3901,Bullish,0.5,0.0,unavailable_no_point_in_time_source,True,1444.61,1473.2908935546875,2025-10-17,1473.1912841796875,-0.0068,0,2025-10-21,1467.3160400390625,-0.4055,0.0,2025-10-24,1423.0028076171875,-3.4133,0.0,2025-10-31,1445.408447265625,-1.8925,0.0,1,0,1,1,0,0,1.9785,1,0.0,1.0,1.0,0.0,0.0,1.5718,1.0,0.0,1.0,1.0,0.0,0.0,-1.4957,0.0,0.0,1.0,1.0,0.0,0.0,0.0553,1.0,65-70,60-65
AETHER.NS|2025-10-16|ensemble_lr0.20_rf0.30_xgb0.50,AETHER.NS,2025-10-16,ensemble_lr0.20_rf0.30_xgb0.50,2024-10-17,2025-10-16,2025-10-13,2024-11-13,2025-10-15,2025-10-16,228,2025-10-15,True,0,0.5362318840579711,0.4501266319457079,0.9,0.704841673374176,0.7124461630762295,1,71.24,0.7276596667227719,1,72.77,HOLD,0.5561,0.1121,Sideways,0.165,0.0,unavailable_no_point_in_time_source,False,747.45,748.1500244140625,2025-10-17,745.5,-0.3542,0,2025-10-21,758.0,1.3166,1.0,2025-10-24,764.4500122070312,2.1787,1.0,2025-10-31,753.7000122070312,0.7418,1.0,1,0,0,1,0,1,-0.2609,1,1.0,1.0,0.0,1.0,1.0,1.4115,1.0,1.0,1.0,0.0,1.0,1.0,2.2744,1.0,1.0,1.0,0.0,1.0,1.0,0.8362,1.0,70-75,70-75
AIAENG.NS|2025-10-16|ensemble_lr0.20_rf0.30_xgb0.50,AIAENG.NS,2025-10-16,ensemble_lr0.20_rf0.30_xgb0.50,2024-10-17,2025-10-16,2025-10-13,2024-11-13,2025-10-15,2025-10-16,228,2025-10-15,True,0,0.5289855072463768,0.6397649988011418,0.9,0.7936371564865112,0.794771578003484,1,79.48,0.5235572768811432,1,52.36,BUY,0.6814,0.3629,Bullish,0.165,0.0,unavailable_no_point_in_time_source,False,3226.57,3301.091064453125,2025-10-17,3290.43115234375,-0.3229,0,2025-10-21,3343.53173828125,1.2857,1.0,2025-10-24,3347.6162109375,1.4094,1.0,2025-10-31,3237.729248046875,-1.9194,0.0,1,0,0,1,0,0,1.9792,1,1.0,1.0,0.0,1.0,1.0,3.625,1.0,1.0,1.0,0.0,1.0,1.0,3.7515,1.0,0.0,0.0,1.0,0.0,0.0,0.3459,1.0,75-80,50-55
AJANTPHARM.NS|2025-10-16|ensemble_lr0.20_rf0.30_xgb0.50,AJANTPHARM.NS,2025-10-16,ensemble_lr0.20_rf0.30_xgb0.50,2024-10-17,2025-10-16,2025-10-13,2024-11-13,2025-10-15,2025-10-16,228,2025-10-15,True,0,0.5072463768115942,0.6861149561919423,0.86,0.7955033779144287,0.7929746801956028,1,79.3,0.37872277124228304,0,62.13,HOLD,0.4783,-0.0435,Bearish,-0.5,0.0,unavailable_no_point_in_time_source,False,2361.34,2408.86474609375,2025-10-17,2389.560302734375,-0.8014,0,2025-10-21,2398.4775390625,-0.4312,0.0,2025-10-24,2365.94384765625,-1.7818,0.0,2025-10-31,2415.822265625,0.2888,1.0,1,0,1,1,0,1,1.1951,1,0.0,1.0,1.0,0.0,1.0,1.5727,1.0,0.0,1.0,1.0,0.0,1.0,0.195,1.0,1.0,0.0,0.0,1.0,1.0,2.3073,1.0,75-80,60-65
ALEMBICLTD.NS|2025-10-16|ensemble_lr0.20_rf0.30_xgb0.50,ALEMBICLTD.NS,2025-10-16,ensemble_lr0.20_rf0.30_xgb0.50,2024-10-17,2025-10-16,2025-10-13,2024-11-13,2025-10-15,2025-10-16,228,2025-10-15,True,0,0.5362318840579711,0.4835285073002898,0.18,0.3332059979438782,0.31730870043199705,0,68.27,0.48960495598810133,0,51.04,SELL,0.3459,-0.3083,Sideways,-0.67,0.0,unavailable_no_point_in_time_source,False,97.05,95.3368911743164,2025-10-17,97.33322143554688,2.094,1,2025-10-21,99.87488555908203,4.76,1.0,2025-10-24,98.16097259521484,2.9622,1.0,2025-10-31,96.79762268066406,1.5322,1.0,0,0,0,0,0,0,0.2918,0,0.0,0.0,0.0,0.0,0.0,2.9108,0.0,0.0,0.0,0.0,0.0,0.0,1.1447,0.0,0.0,0.0,0.0,0.0,0.0,-0.26,1.0,65-70,50-55
ALKEM.NS|2025-10-16|ensemble_lr0.20_rf0.30_xgb0.50,ALKEM.NS,2025-10-16,ensemble_lr0.20_rf0.30_xgb0.50,2024-10-17,2025-10-16,2025-10-13,2024-11-13,2025-10-15,2025-10-16,228,2025-10-15,True,1,0.4855072463768116,0.43092259283039525,0.16,0.17532294988632202,0.22184599350924006,0,77.82,0.359269119088116,0,64.07,HOLD,0.5015,0.003,Sideways,0.5,0.0,unavailable_no_point_in_time_source,False,5512.12,5470.03466796875,2025-10-17,5526.97265625,1.0409,1,2025-10-21,5493.30517578125,0.4254,1.0,2025-10-24,5490.82958984375,0.3802,1.0,2025-10-31,5452.70556640625,-0.3168,0.0,0,0,0,1,0,1,0.2695,1,0.0,0.0,1.0,0.0,1.0,-0.3413,1.0,0.0,0.0,1.0,0.0,1.0,-0.3862,1.0,1.0,1.0,0.0,1.0,1.0,-1.0779,1.0,75-80,60-65
AMBER.NS|2025-10-16|ensemble_lr0.20_rf0.30_xgb0.50,AMBER.NS,2025-10-16,ensemble_lr0.20_rf0.30_xgb0.50,2024-10-17,2025-10-16,2025-10-13,2024-11-13,2025-10-15,2025-10-16,228,2025-10-15,True,1,0.5579710144927535,0.4355807402400073,0.88,0.8698738813400269,0.7860530887180149,1,78.61,0.6972051957189513,1,69.72,BUY,0.625,0.25,Sideways,0.5,0.0,unavailable_no_point_in_time_source,False,8148.5,8239.0,2025-10-17,8249.5,0.1274,1,2025-10-21,8245.5,0.0789,1.0,2025-10-24,8321.5,1.0013,1.0,2025-10-31,8036.5,-2.4578,0.0,1,1,1,1,1,1,1.2395,1,1.0,1.0,1.0,1.0,1.0,1.1904,1.0,1.0,1.0,1.0,1.0,1.0,2.1231,1.0,0.0,0.0,0.0,0.0,0.0,-1.3745,0.0,75-80,65-70
ANGELONE.NS|2025-10-16|ensemble_lr0.20_rf0.30_xgb0.50,ANGELONE.NS,2025-10-16,ensemble_lr0.20_rf0.30_xgb0.50,2024-10-17,2025-10-16,2025-10-13,2024-11-13,2025-10-15,2025-10-16,228,2025-10-15,True,1,0.5,0.7595826450235155,0.96,0.8682153224945068,0.8740241902519565,1,87.4,0.7095377439201369,1,70.95,BUY,0.6616,0.3232,Bullish,-0.17,0.0,unavailable_no_point_in_time_source,True,239.89,243.5583953857422,2025-10-17,244.9220733642578,0.5599,1,2025-10-21,245.04962158203125,0.6123,1.0,2025-10-24,246.68797302246094,1.2849,1.0,2025-10-31,244.5198516845703,0.3948,1.0,1,1,1,1,1,1,2.0977,1,1.0,1.0,1.0,1.0,1.0,2.1508,1.0,1.0,1.0,1.0,1.0,1.0,2.8338,1.0,1.0,1.0,1.0,1.0,1.0,1.93,1.0,85-90,70-75
APARINDS.NS|2025-10-16|ensemble_lr0.20_rf0.30_xgb0.50,APARINDS.NS,2025-10-16,ensemble_lr0.20_rf0.30_xgb0.50,2024-10-17,2025-10-16,2025-10-13,2024-11-13,2025-10-15,2025-10-16,228,2025-10-15,True,0,0.5579710144927537,0.31014358942829257,0.86,0.5850123167037964,0.6125348762375566,1,61.25,0.25999510610426335,0,74.0,HOLD,0.5628,0.1256,Sideways,-0.165,0.0,unavailable_no_point_in_time_source,False,8326.59,8754.107421875,2025-10-17,8659.9345703125,-1.0758,0,2025-10-21,8554.30078125,-2.2824,0.0,2025-10-24,8703.2841796875,-0.5806,0.0,2025-10-31,8641.0,-1.292,0.0,1,0,1,1,0,1,4.0034,0,0.0,1.0,1.0,0.0,1.0,2.7347,1.0,0.0,1.0,1.0,0.0,1.0,4.524,0.0,0.0,1.0,1.0,0.0,1.0,3.776,0.0,60-65,70-75
APOLLOHOSP.NS|2025-10-16|ensemble_lr0.20_rf0.30_xgb0.50,APOLLOHOSP.NS,2025-10-16,ensemble_lr0.20_rf0.30_xgb0.50,2024-10-17,2025-10-16,2025-10-13,2024-11-13,2025-10-15,2025-10-16,228,2025-10-15,True,0,0.4855072463768116,0.5194791151580781,0.9,0.5908564925193787,0.669324069291305,1,66.93,0.4336325442728319,0,56.64,BUY,0.6473,0.2946,Sideways,0.335,0.0,unavailable_no_point_in_time_source,False,7806.54,7814.017578125,2025-10-17,7881.8486328125,0.8681,1,2025-10-21,7992.07373046875,2.2787,1.0,2025-10-24,7818.00732421875,0.0511,1.0,2025-10-31,7661.89697265625,-1.9468,0.0,1,1,0,0,1,1,0.9647,1,1.0,0.0,0.0,1.0,1.0,2.3766,1.0,1.0,0.0,0.0,1.0,1.0,0.1469,1.0,0.0,1.0,1.0,0.0,0.0,-1.8528,0.0,65-70,55-60
APOLLOTYRE.NS|2025-10-16|ensemble_lr0.20_rf0.30_xgb0.50,APOLLOTYRE.NS,2025-10-16,ensemble_lr0.20_rf0.30_xgb0.50,2024-10-17,2025-10-16,2025-10-13,2024-11-13,2025-10-15,2025-10-16,228,2025-10-15,True,0,0.5072463768115942,0.3823867623539198,0.88,0.7471567392349243,0.7140557220882462,1,71.41,0.5243939140626872,1,52.44,BUY,0.66,0.32,Sideways,0.5,0.0,unavailable_no_point_in_time_source,True,480.68,483.7939758300781,2025-10-17,482.31280517578125,-0.3062,0,2025-10-21,508.6773376464844,5.1434,1.0,2025-10-24,493.5201721191406,2.0104,1.0,2025-10-31,495.1988220214844,2.3574,1.0,1,0,0,1,0,0,0.3397,1,1.0,1.0,0.0,1.0,1.0,5.8245,1.0,1.0,1.0,0.0,1.0,1.0,2.6713,1.0,1.0,1.0,0.0,1.0,1.0,3.0205,1.0,70-75,50-55
ASHOKLEY.NS|2025-10-16|ensemble_lr0.20_rf0.30_xgb0.50,ASHOKLEY.NS,2025-10-16,ensemble_lr0.20_rf0.30_xgb0.50,2024-10-17,2025-10-16,2025-10-13,2024-11-13,2025-10-15,2025-10-16,228,2025-10-15,True,0,0.5652173913043478,0.342954675139116,0.88,0.8397237062454224,0.7524527881505344,1,75.25,0.4645637017681306,0,53.54,BUY,0.6138,0.2277,Sideways,0.5,0.0,unavailable_no_point_in_time_source,True,132.52,134.02911376953125,2025-10-17,131.36297607421875,-1.9892,0,2025-10-21,133.05250549316406,-0.7287,0.0,2025-10-24,133.15992736816406,-0.6485,0.0,2025-10-31,138.21873474121094,3.1259,1.0,1,0,1,1,0,0,-0.8731,0,0.0,1.0,1.0,0.0,0.0,0.4018,1.0,0.0,1.0,1.0,0.0,0.0,0.4829,1.0,1.0,0.0,0.0,1.0,1.0,4.3003,1.0,75-80,50-55
ASIANPAINT.NS|2025-10-16|ensemble_lr0.20_rf0.30_xgb0.50,ASIANPAINT.NS,2025-10-16,ensemble_lr0.20_rf0.30_xgb0.50,2024-10-17,2025-10-16,2025-10-13,2024-11-13,2025-10-15,2025-10-16,228,2025-10-15,True,0,0.5217391304347826,0.6244644131070958,0.94,0.7572285532951355,0.7855071592689868,1,78.55,0.5891260480839333,1,58.91,HOLD,0.4829,-0.0343,Bearish,-0.335,0.0,unavailable_no_point_in_time_source,True,2351.0,2385.250732421875,2025-10-17,2482.35546875,4.071,1,2025-10-21,2479.187744140625,3.9382,1.0,2025-10-24,2476.21826171875,3.8138,1.0,2025-10-31,2485.324951171875,4.1955,1.0,1,1,1,0,1,0,5.5872,0,1.0,1.0,0.0,1.0,0.0,5.4525,0.0,1.0,1.0,0.0,1.0,0.0,5.3262,0.0,1.0,1.0,0.0,1.0,0.0,5.7135,0.0,75-80,55-60
ASTRAL.NS|2025-10-16|ensemble_lr0.20_rf0.30_xgb0.50,ASTRAL.NS,2025-10-16,ensemble_lr0.20_rf0.30_xgb0.50,2024-10-17,2025-10-16,2025-10-13,2024-11-13,2025-10-15,2025-10-16,228,2025-10-15,True,0,0.5434782608695653,0.4592965852969787,0.92,0.5693088173866272,0.6525137257527094,1,65.25,0.448602946196195,0,55.14,HOLD,0.574,0.1479,Sideways,0.165,0.0,unavailable_no_point_in_time_source,True,1435.17,1441.151611328125,2025-10-17,1438.7576904296875,-0.1661,0,2025-10-21,1443.046630859375,0.1315,1.0,2025-10-24,1427.1868896484375,-0.969,0.0,2025-10-31,1446.4381103515625,0.3668,1.0,1,0,1,1,0,1,0.25,1,1.0,0.0,0.0,1.0,1.0,0.5488,1.0,0.0,1.0,1.0,0.0,1.0,-0.5562,1.0,1.0,0.0,0.0,1.0,1.0,0.7851,1.0,65-70,55-60
AUBANK.NS|2025-10-16|ensemble_lr0.20_rf0.30_xgb0.50,AUBANK.NS,2025-10-16,ensemble_lr0.20_rf0.30_xgb0.50,2024-10-17,2025-10-16,2025-10-13,2024-11-13,2025-10-15,2025-10-16,228,2025-10-15,True,1,0.5072463768115942,0.5444633049942723,0.1,0.18012677133083344,0.2289560466642712,0,77.1,0.4711174008984994,0,52.89,BUY,0.6091,0.2183,Bullish,0.665,0.0,unavailable_no_point_in_time_source,False,801.32,797.7252807617188,2025-10-17,791.6812133789062,-0.7577,0,2025-10-21,860.5142822265625,7.871,1.0,2025-10-24,859.5152587890625,7.7458,1.0,2025-10-31,876.998291015625,9.9374,1.0,0,1,1,0,1,0,-1.2029,0,0.0,0.0,1.0,0.0,1.0,7.3871,1.0,0.0,0.0,1.0,0.0,1.0,7.2624,1.0,0.0,0.0,1.0,0.0,1.0,9.4442,1.0,75-80,50-55
AXISBANK.NS|2025-10-16|ensemble_lr0.20_rf0.30_xgb0.50,AXISBANK.NS,2025-10-16,ensemble_lr0.20_rf0.30_xgb0.50,2024-10-17,2025-10-16,2025-10-13,2024-11-13,2025-10-15,2025-10-16,228,2025-10-15,True,0,0.5217391304347826,0.44428999365051525,0.84,0.741919755935669,0.7118178766979375,1,71.18,0.4810543010297095,0,51.89,BUY,0.6538,0.3076,Bullish,0.165,0.0,unavailable_no_point_in_time_source,True,1168.7,1195.378173828125,2025-10-17,1199.2750244140625,0.326,1,2025-10-21,1236.3465576171875,3.4272,1.0,2025-10-24,1240.9429931640625,3.8117,1.0,2025-10-31,1231.8499755859375,3.0511,1.0,1,1,0,0,1,1,2.6162,1,1.0,0.0,0.0,1.0,1.0,5.7882,1.0,1.0,0.0,0.0,1.0,1.0,6.1815,1.0,1.0,0.0,0.0,1.0,1.0,5.4034,1.0,70-75,50-55
BAJAJ-AUTO.NS|2025-10-16|ensemble_lr0.20_rf0.30_xgb0.50,BAJAJ-AUTO.NS,2025-10-16,ensemble_lr0.20_rf0.30_xgb0.50,2024-10-17,2025-10-16,2025-10-13,2024-11-13,2025-10-15,2025-10-16,228,2025-10-15,True,1,0.5217391304347826,0.4592057958432925,0.92,0.7144737243652344,0.7250780213512757,1,72.51,0.37940801576913646,0,62.06,BUY,0.6466,0.2933,Sideways,0.5,0.0,unavailable_no_point_in_time_source,False,8873.13,9024.4951171875,2025-10-17,9023.509765625,-0.0109,0,2025-10-21,8991.4609375,-0.3661,0.0,2025-10-24,8950.5361328125,-0.8195,0.0,2025-10-31,8769.08984375,-2.8301,0.0,1,0,1,0,0,0,1.6948,1,0.0,1.0,0.0,0.0,0.0,1.3336,1.0,0.0,1.0,0.0,0.0,0.0,0.8724,1.0,0.0,1.0,0.0,0.0,0.0,-1.1725,0.0,70-75,60-65
BAJAJFINSV.NS|2025-10-16|ensemble_lr0.20_rf0.30_xgb0.50,BAJAJFINSV.NS,2025-10-16,ensemble_lr0.20_rf0.30_xgb0.50,2024-10-17,2025-10-16,2025-10-13,2024-11-13,2025-10-15,2025-10-16,228,2025-10-15,True,0,0.5797101449275363,0.3666888033823284,0.84,0.7926497459411621,0.7216626336470467,1,72.17,0.27389568566769873,0,72.61,BUY,0.6779,0.3558,Sideways,0.335,0.0,unavailable_no_point_in_time_source,True,2082.32,2088.41796875,2025-10-17,2081.92333984375,-0.311,0,2025-10-21,2167.250732421875,3.7748,1.0,2025-10-24,2157.658935546875,3.3155,1.0,2025-10-31,2086.51953125,-0.0909,0.0,1,0,1,1,0,0,-0.019,0,1.0,0.0,0.0,1.0,1.0,4.0787,1.0,1.0,0.0,0.0,1.0,1.0,3.618,1.0,0.0,1.0,1.0,0.0,0.0,0.2017,1.0,70-75,70-75
BAJFINANCE.NS|2025-10-16|ensemble_lr0.20_rf0.30_xgb0.50,BAJFINANCE.NS,2025-10-16,ensemble_lr0.20_rf0.30_xgb0.50,2024-10-17,2025-10-16,2025-10-13,2024-11-13,2025-10-15,2025-10-16,228,2025-10-15,True,1,0.4492753623188406,0.33613198776780073,0.84,0.7436779141426086,0.6910653546248644,1,69.11,0.5391183939338469,1,53.91,STRONG BUY,0.7727,0.5454,Bullish,1.0,0.0,unavailable_no_point_in_time_source,True,1053.42,1059.2386474609375,2025-10-17,1063.56201171875,0.4082,1,2025-10-21,1079.86181640625,1.947,1.0,2025-10-24,1083.092041015625,2.2519,1.0,2025-10-31,1036.428955078125,-2.1534,0.0,1,1,1,1,1,1,0.9628,1,1.0,1.0,1.0,1.0,1.0,2.5101,1.0,1.0,1.0,1.0,1.0,1.0,2.8167,1.0,0.0,0.0,0.0,0.0,0.0,-1.6129,0.0,65-70,50-55
BEL.NS|2025-10-16|ensemble_lr0.20_rf0.30_xgb0.50,BEL.NS,2025-10-16,ensemble_lr0.20_rf0.30_xgb0.50,2024-10-17,2025-10-16,2025-10-13,2024-11-13,2025-10-15,2025-10-16,228,2025-10-15,True,0,0.5,0.6138313212605578,0.9,0.7009257078170776,0.7432291181606504,1,74.32,0.43875999322165316,0,56.12,BUY,0.5996,0.1993,Sideways,0.165,0.0,unavailable_no_point_in_time_source,True,405.82,409.4983825683594,2025-10-17,410.4927978515625,0.2428,1,2025-10-21,415.3654479980469,1.4327,1.0,2025-10-24,419.69110107421875,2.4891,1.0,2025-10-31,423.7184753417969,3.4726,1.0,1,1,0,0,1,1,1.1514,1,1.0,0.0,0.0,1.0,1.0,2.3521,1.0,1.0,0.0,0.0,1.0,1.0,3.418,1.0,1.0,0.0,0.0,1.0,1.0,4.4104,1.0,70-75,55-60
BPCL.NS|2025-10-16|ensemble_lr0.20_rf0.30_xgb0.50,BPCL.NS,2025-10-16,ensemble_lr0.20_rf0.30_xgb0.50,2024-10-17,2025-10-16,2025-10-13,2024-11-13,2025-10-15,2025-10-16,228,2025-10-15,True,0,0.5797101449275363,0.35829515251680816,0.12,0.14983756840229034,0.1825778147045068,0,81.74,0.3538279627015372,0,64.62,BUY,0.5804,0.1608,Bullish,0.5,0.0,unavailable_no_point_in_time_source,True,321.93,320.0257568359375,2025-10-17,319.9781188964844,-0.0149,0,2025-10-21,323.0268859863281,0.9378,1.0,2025-10-24,314.8333435058594,-1.6225,0.0,2025-10-31,339.93804931640625,6.2221,1.0,0,1,1,1,1,0,-0.6063,0,0.0,0.0,0.0,0.0,1.0,0.3407,1.0,1.0,1.0,1.0,1.0,0.0,-2.2044,0.0,0.0,0.0,0.0,0.0,1.0,5.5938,1.0,80-85,60-65
AARTIIND.NS|2025-10-24|ensemble_lr0.20_rf0.30_xgb0.50,AARTIIND.NS,2025-10-24,ensemble_lr0.20_rf0.30_xgb0.50,2024-10-25,2025-10-24,2025-10-20,2024-11-25,2025-10-23,2025-10-24,227,2025-10-23,True,0,0.572463768115942,0.8095058859931501,0.84,0.7356352806091309,0.7817188175031955,1,78.17,0.42913443498567355,0,57.09,HOLD,0.5361,0.0722,Sideways,-0.5,0.0,unavailable_no_point_in_time_source,False,378.55,380.9427490234375,2025-10-27,379.6952209472656,-0.3275,0,2025-10-29,385.0845031738281,1.0872,1.0,2025-10-31,379.19622802734375,-0.4585,0.0,2025-11-10,391.8710021972656,2.8687,1.0,1,0,1,1,0,1,0.3025,1,1.0,0.0,0.0,1.0,1.0,1.7262,1.0,0.0,1.0,1.0,0.0,1.0,0.1707,1.0,1.0,0.0,0.0,1.0,1.0,3.519,0.0,75-80,55-60
AAVAS.NS|2025-10-24|ensemble_lr0.20_rf0.30_xgb0.50,AAVAS.NS,2025-10-24,ensemble_lr0.20_rf0.30_xgb0.50,2024-10-25,2025-10-24,2025-10-20,2024-11-25,2025-10-23,2025-10-24,227,2025-10-23,True,0,0.5797101449275363,0.8070519415081435,0.8,0.8082342147827148,0.8055274956929861,1,80.55,0.46186582117174463,0,53.81,HOLD,0.5706,0.1411,Sideways,-0.335,0.0,unavailable_no_point_in_time_source,False,1668.2,1688.0,2025-10-27,1653.800048828125,-2.0261,0,2025-10-29,1665.300048828125,-1.3448,0.0,2025-10-31,1650.0,-2.2512,0.0,2025-11-10,1654.0,-2.0142,0.0,1,0,1,1,0,1,-0.8632,1,0.0,1.0,1.0,0.0,1.0,-0.1738,1.0,0.0,1.0,1.0,0.0,1.0,-1.091,1.0,0.0,1.0,1.0,0.0,1.0,-0.8512,1.0,80-85,50-55
ABCAPITAL.NS|2025-10-24|ensemble_lr0.20_rf0.30_xgb0.50,ABCAPITAL.NS,2025-10-24,ensemble_lr0.20_rf0.30_xgb0.50,2024-10-25,2025-10-24,2025-10-20,2024-11-25,2025-10-23,2025-10-24,227,2025-10-23,True,1,0.49275362318840576,0.11264690688690647,0.14,0.1325928270816803,0.13082579491822144,0,86.92,0.29268279513304657,0,70.73,HOLD,0.5583,0.1167,Sideways,1.0,0.0,unavailable_no_point_in_time_source,True,308.0,306.1499938964844,2025-10-27,310.75,1.5025,1,2025-10-29,310.79998779296875,1.5189,1.0,2025-10-31,324.20001220703125,5.8958,1.0,2025-11-10,333.54998779296875,8.9499,1.0,0,0,0,1,0,1,0.8929,1,0.0,0.0,1.0,0.0,1.0,0.9091,1.0,0.0,0.0,1.0,0.0,0.0,5.2597,0.0,0.0,0.0,1.0,0.0,0.0,8.2955,0.0,85-90,70-75
ABFRL.NS|2025-10-24|ensemble_lr0.20_rf0.30_xgb0.50,ABFRL.NS,2025-10-24,ensemble_lr0.20_rf0.30_xgb0.50,2024-10-25,2025-10-24,2025-10-20,2024-11-25,2025-10-23,2025-10-24,227,2025-10-23,True,0,0.48550724637681153,0.5399215912915235,0.18,0.36256104707717896,0.3432648417968942,0,65.67,0.5103198988102062,1,51.03,SELL,0.3708,-0.2585,Sideways,-0.5,0.0,unavailable_no_point_in_time_source,True,83.52,81.93000030517578,2025-10-27,81.76000213623047,-0.2075,0,2025-10-29,84.5,3.1368,1.0,2025-10-31,81.63999938964844,-0.354,0.0,2025-11-10,80.05999755859375,-2.2824,0.0,0,1,0,1,1,1,-2.1073,1,0.0,1.0,0.0,0.0,0.0,1.1734,0.0,1.0,0.0,1.0,1.0,1.0,-2.251,1.0,1.0,0.0,1.0,1.0,1.0,-4.1427,1.0,65-70,50-55
ACC.NS|2025-10-24|ensemble_lr0.20_rf0.30_xgb0.50,ACC.NS,2025-10-24,ensemble_lr0.20_rf0.30_xgb0.50,2024-10-25,2025-10-24,2025-10-20,2024-11-25,2025-10-23,2025-10-24,227,2025-10-23,True,0,0.49275362318840576,0.138055009948893,0.26,0.30399808287620544,0.2576100434278813,0,74.24,0.6260395537752115,1,62.6,HOLD,0.4329,-0.1342,Sideways,-0.165,0.0,unavailable_no_point_in_time_source,False,1845.02,1839.4566650390625,2025-10-27,1851.984130859375,0.681,1,2025-10-29,1868.4886474609375,1.5783,1.0,2025-10-31,1870.676025390625,1.6972,1.0,2025-11-10,1834.385986328125,-0.2757,0.0,0,0,1,0,0,1,0.3775,1,0.0,1.0,0.0,0.0,1.0,1.272,1.0,0.0,1.0,0.0,0.0,1.0,1.3906,1.0,1.0,0.0,1.0,1.0,1.0,-0.5764,1.0,70-75,60-65
ADANIENT.NS|2025-10-24|ensemble_lr0.20_rf0.30_xgb0.50,ADANIENT.NS,2025-10-24,ensemble_lr0.20_rf0.30_xgb0.50,2024-10-25,2025-10-24,2025-10-20,2024-11-25,2025-10-23,2025-10-24,227,2025-10-23,True,0,0.5869565217391305,0.5036012688773869,0.2,0.14358358085155487,0.23251204420125482,0,76.75,0.46226565811008014,0,53.77,HOLD,0.4644,-0.0712,Sideways,0.0,0.0,unavailable_no_point_in_time_source,True,2544.66,2503.080810546875,2025-10-27,2491.68603515625,-0.4552,0,2025-10-29,2536.265869140625,1.3258,1.0,2025-10-31,2479.89111328125,-0.9264,0.0,2025-11-10,2297.3310546875,-8.2199,0.0,0,1,1,1,1,1,-2.0818,1,0.0,0.0,0.0,0.0,1.0,-0.3299,1.0,1.0,1.0,1.0,1.0,1.0,-2.5453,1.0,1.0,1.0,1.0,1.0,0.0,-9.7195,0.0,75-80,50-55
ADANIPORTS.NS|2025-10-24|ensemble_lr0.20_rf0.30_xgb0.50,ADANIPORTS.NS,2025-10-24,ensemble_lr0.20_rf0.30_xgb0.50,2024-10-25,2025-10-24,2025-10-20,2024-11-25,2025-10-23,2025-10-24,227,2025-10-23,True,0,0.5652173913043478,0.2022960999259335,0.12,0.14704200625419617,0.1499802231122848,0,85.0,0.38946606167531955,0,61.05,BUY,0.6041,0.2083,Bullish,0.835,0.0,unavailable_no_point_in_time_source,True,1447.0,1423.0028076171875,2025-10-27,1414.6380615234375,-0.5878,0,2025-10-29,1448.694580078125,1.8055,1.0,2025-10-31,1445.408447265625,1.5745,1.0,2025-11-10,1438.836181640625,1.1127,1.0,0,1,1,1,1,0,-2.2365,0,0.0,0.0,0.0,0.0,1.0,0.1171,1.0,0.0,0.0,0.0,0.0,1.0,-0.11,0.0,0.0,0.0,0.0,0.0,1.0,-0.5642,0.0,85-90,60-65
AETHER.NS|2025-10-24|ensemble_lr0.20_rf0.30_xgb0.50,AETHER.NS,2025-10-24,ensemble_lr0.20_rf0.30_xgb0.50,2024-10-25,2025-10-24,2025-10-20,2024-11-25,2025-10-23,2025-10-24,227,2025-10-23,True,0,0.5434782608695653,0.5034388417269474,0.84,0.7657031416893005,0.7355393391900398,1,73.55,0.4983903221115099,0,50.16,BUY,0.6346,0.2692,Bullish,0.335,0.0,unavailable_no_point_in_time_source,False,762.6,764.4500122070312,2025-10-27,762.9000244140625,-0.2028,0,2025-10-29,749.9000244140625,-1.9033,0.0,2025-10-31,753.7000122070312,-1.4062,0.0,2025-11-10,738.4500122070312,-3.4011,0.0,1,0,1,1,0,0,0.0393,1,0.0,1.0,1.0,0.0,0.0,-1.6654,0.0,0.0,1.0,1.0,0.0,0.0,-1.1671,0.0,0.0,1.0,1.0,0.0,0.0,-3.1668,0.0,70-75,50-55
AIAENG.NS|2025-10-24|ensemble_lr0.20_rf0.30_xgb0.50,AIAENG.NS,2025-10-24,ensemble_lr0.20_rf0.30_xgb0.50,2024-10-25,2025-10-24,2025-10-20,2024-11-25,2025-10-23,2025-10-24,227,2025-10-23,True,0,0.5507246376811593,0.4405039243876668,0.82,0.8523344397544861,0.7602680047547764,1,76.03,0.5437176371039325,1,54.37,STRONG BUY,0.7326,0.4652,Bullish,0.5,0.0,unavailable_no_point_in_time_source,False,3343.43,3347.6162109375,2025-10-27,3374.61474609375,0.8065,1,2025-10-29,3317.728515625,-0.8928,0.0,2025-10-31,3237.729248046875,-3.2825,0.0,2025-11-10,3432.7958984375,2.5445,1.0,1,1,1,0,1,1,0.9327,1,0.0,0.0,1.0,0.0,0.0,-0.7687,0.0,0.0,0.0,1.0,0.0,0.0,-3.1614,0.0,1.0,1.0,0.0,1.0,1.0,2.6729,1.0,75-80,50-55
AJANTPHARM.NS|2025-10-24|ensemble_lr0.20_rf0.30_xgb0.50,AJANTPHARM.NS,2025-10-24,ensemble_lr0.20_rf0.30_xgb0.50,2024-10-25,2025-10-24,2025-10-20,2024-11-25,2025-10-23,2025-10-24,227,2025-10-23,True,0,0.4492753623188406,0.4824330526430273,0.2,0.14051078259944916,0.22674200182833004,0,77.33,0.2712350047058023,0,72.88,SELL,0.3353,-0.3294,Bearish,-0.335,0.0,unavailable_no_point_in_time_source,False,2366.04,2365.94384765625,2025-10-27,2345.071533203125,-0.8822,0,2025-10-29,2412.490478515625,1.9674,1.0,2025-10-31,2415.822265625,2.1082,1.0,2025-11-10,2505.84423828125,5.9131,1.0,0,1,1,1,1,1,-0.8862,1,0.0,0.0,0.0,0.0,0.0,1.9632,0.0,0.0,0.0,0.0,0.0,0.0,2.104,0.0,0.0,0.0,0.0,0.0,0.0,5.9088,0.0,75-80,70-75
ALEMBICLTD.NS|2025-10-24|ensemble_lr0.20_rf0.30_xgb0.50,ALEMBICLTD.NS,2025-10-24,ensemble_lr0.20_rf0.30_xgb0.50,2024-10-25,2025-10-24,2025-10-20,2024-11-25,2025-10-23,2025-10-24,227,2025-10-23,True,0,0.572463768115942,0.43960040245221926,0.16,0.09003008157014847,0.18093512127551808,0,81.91,0.20740339029112265,0,79.26,SELL,0.4,-0.2001,Sideways,-0.335,0.0,unavailable_no_point_in_time_source,False,98.27,98.16097259521484,2025-10-27,97.65457916259766,-0.5159,0,2025-10-29,98.19992065429688,0.0397,1.0,2025-10-31,96.79762268066406,-1.3889,0.0,2025-11-10,95.48297119140625,-2.7282,0.0,0,1,1,1,1,1,-0.6263,1,0.0,0.0,0.0,0.0,0.0,-0.0713,1.0,1.0,1.0,1.0,1.0,1.0,-1.4983,1.0,1.0,1.0,1.0,1.0,1.0,-2.8361,1.0,80-85,75-80
ALKEM.NS|2025-10-24|ensemble_lr0.20_rf0.30_xgb0.50,ALKEM.NS,2025-10-24,ensemble_lr0.20_rf0.30_xgb0.50,2024-10-25,2025-10-24,2025-10-20,2024-11-25,2025-10-23,2025-10-24,227,2025-10-23,True,1,0.463768115942029,0.6730854952615631,0.64,0.7425093054771423,0.6978717517908838,1,69.79,0.36162223455991643,0,63.84,BUY,0.6182,0.2364,Sideways,0.5,0.0,unavailable_no_point_in_time_source,False,5479.94,5490.82958984375,2025-10-27,5422.00830078125,-1.2534,0,2025-10-29,5480.9267578125,-0.1804,0.0,2025-10-31,5452.70556640625,-0.6943,0.0,2025-11-10,5624.015625,2.4256,1.0,1,0,1,0,0,0,-1.0572,0,0.0,1.0,0.0,0.0,0.0,0.018,1.0,0.0,1.0,0.0,0.0,0.0,-0.497,0.0,1.0,0.0,1.0,1.0,1.0,2.6291,1.0,65-70,60-65
AMBER.NS|2025-10-24|ensemble_lr0.20_rf0.30_xgb0.50,AMBER.NS,2025-10-24,ensemble_lr0.20_rf0.30_xgb0.50,2024-10-25,2025-10-24,2025-10-20,2024-11-25,2025-10-23,2025-10-24,227,2025-10-23,True,1,0.5072463768115941,0.8079378789776216,0.8,0.8255302309989929,0.8143526912950207,1,81.44,0.5301517062395069,1,53.02,BUY,0.6273,0.2545,Sideways,0.5,0.0,unavailable_no_point_in_time_source,False,8300.0,8321.5,2025-10-27,8476.0,1.8566,1,2025-10-29,8312.5,-0.1082,0.0,2025-10-31,8036.5,-3.4249,0.0,2025-11-10,7016.5,-15.6823,0.0,1,1,1,1,1,1,2.1205,1,0.0,0.0,0.0,0.0,0.0,0.1506,1.0,0.0,0.0,0.0,0.0,0.0,-3.1747,0.0,0.0,0.0,0.0,0.0,0.0,-15.4639,0.0,80-85,50-55
ANGELONE.NS|2025-10-24|ensemble_lr0.20_rf0.30_xgb0.50,ANGELONE.NS,2025-10-24,ensemble_lr0.20_rf0.30_xgb0.50,2024-10-25,2025-10-24,2025-10-20,2024-11-25,2025-10-23,2025-10-24,227,2025-10-23,True,1,0.5217391304347826,0.7985139768147087,0.92,0.8388779163360596,0.8551417535309715,1,85.51,0.8274795241432013,1,82.75,BUY,0.6264,0.2529,Bullish,0.0,0.0,unavailable_no_point_in_time_source,False,246.34,246.68797302246094,2025-10-27,252.8196258544922,2.4856,1,2025-10-29,246.41329956054688,-0.1113,0.0,2025-10-31,244.5198516845703,-0.8789,0.0,2025-11-10,255.70394897460938,3.6548,1.0,1,1,1,1,1,1,2.6304,1,0.0,0.0,0.0,0.0,0.0,0.0298,1.0,0.0,0.0,0.0,0.0,0.0,-0.7389,0.0,1.0,1.0,1.0,1.0,1.0,3.8012,1.0,85-90,80-85
APARINDS.NS|2025-10-24|ensemble_lr0.20_rf0.30_xgb0.50,APARINDS.NS,2025-10-24,ensemble_lr0.20_rf0.30_xgb0.50,2024-10-25,2025-10-24,2025-10-20,2024-11-25,2025-10-23,2025-10-24,227,2025-10-23,True,0,0.6014492753623188,0.31904677034211687,0.8,0.7275189161300659,0.6675688121334563,1,66.76,0.6584420805627358,1,65.84,BUY,0.6446,0.2892,Sideways,0.5,0.0,unavailable_no_point_in_time_source,False,8612.6,8703.2841796875,2025-10-27,8959.892578125,2.9484,1,2025-10-29,9429.263671875,8.3414,1.0,2025-10-31,8641.0,-0.7156,0.0,2025-11-10,8251.3525390625,-5.1927,0.0,1,1,1,0,1,1,4.0324,1,1.0,1.0,0.0,1.0,1.0,9.4822,1.0,0.0,0.0,1.0,0.0,0.0,0.3297,1.0,0.0,0.0,1.0,0.0,0.0,-4.1944,0.0,65-70,65-70
APOLLOHOSP.NS|2025-10-24|ensemble_lr0.20_rf0.30_xgb0.50,APOLLOHOSP.NS,2025-10-24,ensemble_lr0.20_rf0.30_xgb0.50,2024-10-25,2025-10-24,2025-10-20,2024-11-25,2025-10-23,2025-10-24,227,2025-10-23,True,0,0.5434782608695652,0.16833763896840181,0.22,0.21557192504405975,0.20745349031571025,0,79.25,0.31767827409470806,0,68.23,BUY,0.6185,0.237,Bullish,1.0,0.0,unavailable_no_point_in_time_source,False,7948.68,7818.00732421875,2025-10-27,7825.98779296875,0.1021,1,2025-10-29,7838.955078125,0.2679,1.0,2025-10-31,7661.89697265625,-1.9968,0.0,2025-11-10,7510.77392578125,-3.9298,0.0,0,0,0,0,0,1,-1.5436,0,0.0,0.0,0.0,0.0,1.0,-1.3804,0.0,1.0,1.0,1.0,1.0,0.0,-3.6079,0.0,1.0,1.0,1.0,1.0,0.0,-5.5092,0.0,75-80,65-70
APOLLOTYRE.NS|2025-10-24|ensemble_lr0.20_rf0.30_xgb0.50,APOLLOTYRE.NS,2025-10-24,ensemble_lr0.20_rf0.30_xgb0.50,2024-10-25,2025-10-24,2025-10-20,2024-11-25,2025-10-23,2025-10-24,227,2025-10-23,True,0,0.5289855072463768,0.373620231659606,0.24,0.19478529691696167,0.24411669479040204,0,75.59,0.3483389264250409,0,65.17,BUY,0.5947,0.1893,Bullish,0.665,0.0,unavailable_no_point_in_time_source,True,507.49,493.5201721191406,2025-10-27,499.19793701171875,1.1505,1,2025-10-29,499.19793701171875,1.1505,1.0,2025-10-31,495.1988220214844,0.3401,1.0,2025-11-10,515.4412841796875,4.4418,1.0,0,0,0,0,0,1,-1.6339,0,0.0,0.0,0.0,0.0,1.0,-1.6339,0.0,0.0,0.0,0.0,0.0,1.0,-2.422,0.0,0.0,0.0,0.0,0.0,1.0,1.5668,1.0,75-80,65-70
ASHOKLEY.NS|2025-10-24|ensemble_lr0.20_rf0.30_xgb0.50,ASHOKLEY.NS,2025-10-24,ensemble_lr0.20_rf0.30_xgb0.50,2024-10-25,2025-10-24,2025-10-20,2024-11-25,2025-10-23,2025-10-24,227,2025-10-23,True,0,0.5289855072463768,0.27664074286856294,0.18,0.18034465610980988,0.19950047662861753,0,80.05,0.5660258106015081,1,56.6,HOLD,0.5007,0.0015,Sideways,0.5,0.0,unavailable_no_point_in_time_source,True,134.62,133.15992736816406,2025-10-27,137.5155792236328,3.271,1,2025-10-29,136.21670532226562,2.2956,1.0,2025-10-31,138.21873474121094,3.799,1.0,2025-11-10,138.95118713378906,4.3491,1.0,0,0,1,0,0,0,2.1509,1,0.0,1.0,0.0,0.0,1.0,1.1861,1.0,0.0,1.0,0.0,0.0,0.0,2.6733,1.0,0.0,1.0,0.0,0.0,0.0,3.2173,0.0,80-85,55-60
ASIANPAINT.NS|2025-10-24|ensemble_lr0.20_rf0.30_xgb0.50,ASIANPAINT.NS,2025-10-24,ensemble_lr0.20_rf0.30_xgb0.50,2024-10-25,2025-10-24,2025-10-20,2024-11-25,2025-10-23,2025-10-24,227,2025-10-23,True,0,0.5072463768115942,0.34656781558998867,0.2,0.10451647639274597,0.18157180131437073,0,81.84,0.2413310074431274,0,75.87,HOLD,0.4901,-0.0198,Bullish,0.0,0.0,unavailable_no_point_in_time_source,True,2477.01,2476.21826171875,2025-10-27,2493.243896484375,0.6876,1,2025-10-29,2512.94189453125,1.4831,1.0,2025-10-31,2485.324951171875,0.3678,1.0,2025-11-10,2623.508544921875,5.9482,1.0,0,0,0,0,0,1,0.6554,1,0.0,0.0,0.0,0.0,1.0,1.4506,1.0,0.0,0.0,0.0,0.0,1.0,0.3357,1.0,0.0,0.0,0.0,0.0,0.0,5.9143,0.0,80-85,75-80
ASTRAL.NS|2025-10-24|ensemble_lr0.20_rf0.30_xgb0.50,ASTRAL.NS,2025-10-24,ensemble_lr0.20_rf0.30_xgb0.50,2024-10-25,2025-10-24,2025-10-20,2024-11-25,2025-10-23,2025-10-24,227,2025-10-23,True,0,0.5,0.05172548787641654,0.14,0.2593851089477539,0.18203765204916028,0,81.8,0.5264798049222673,1,52.65,BUY,0.5852,0.1705,Bullish,0.335,0.0,unavailable_no_point_in_time_source,True,1452.12,1427.1868896484375,2025-10-27,1431.57568359375,0.3075,1,2025-10-29,1461.1009521484375,2.3763,1.0,2025-10-31,1446.4381103515625,1.3489,1.0,2025-11-10,1564.439453125,9.617,1.0,0,0,1,0,0,1,-1.4148,0,0.0,1.0,0.0,0.0,1.0,0.6185,1.0,0.0,1.0,0.0,0.0,1.0,-0.3913,0.0,0.0,1.0,0.0,0.0,1.0,7.7349,1.0,80-85,50-55
AUBANK.NS|2025-10-24|ensemble_lr0.20_rf0.30_xgb0.50,AUBANK.NS,2025-10-24,ensemble_lr0.20_rf0.30_xgb0.50,2024-10-25,2025-10-24,2025-10-20,2024-11-25,2025-10-23,2025-10-24,227,2025-10-23,True,1,0.4710144927536232,0.10085921678627176,0.08,0.2016926109790802,0.14501814884679445,0,85.5,0.6048732996836914,1,60.49,BUY,0.615,0.2299,Bullish,0.665,0.0,unavailable_no_point_in_time_source,False,869.86,859.5152587890625,2025-10-27,863.361572265625,0.4475,1,2025-10-29,881.5938720703125,2.5687,1.0,2025-10-31,876.998291015625,2.0341,1.0,2025-11-10,913.712646484375,6.3056,1.0,0,0,1,1,0,1,-0.7471,0,0.0,1.0,1.0,0.0,1.0,1.3489,1.0,0.0,1.0,1.0,0.0,1.0,0.8206,1.0,0.0,1.0,1.0,0.0,1.0,5.0413,1.0,85-90,60-65
AXISBANK.NS|2025-10-24|ensemble_lr0.20_rf0.30_xgb0.50,AXISBANK.NS,2025-10-24,ensemble_lr0.20_rf0.30_xgb0.50,2024-10-25,2025-10-24,2025-10-20,2024-11-25,2025-10-23,2025-10-24,227,2025-10-23,True,0,0.45652173913043476,0.2330412438686721,0.18,0.2473161816596985,0.22426633960358366,0,77.57,0.3779102087457121,0,62.21,BUY,0.616,0.232,Bullish,0.835,0.0,unavailable_no_point_in_time_source,False,1257.83,1240.9429931640625,2025-10-27,1253.133544921875,0.9824,1,2025-10-29,1247.837646484375,0.5556,1.0,2025-10-31,1231.8499755859375,-0.7328,0.0,2025-11-10,1216.0621337890625,-2.005,0.0,0,0,0,0,0,1,-0.3734,0,0.0,0.0,0.0,0.0,1.0,-0.7944,0.0,1.0,1.0,1.0,1.0,0.0,-2.0655,0.0,1.0,1.0,1.0,1.0,0.0,-3.3206,0.0,75-80,60-65
BAJAJ-AUTO.NS|2025-10-24|ensemble_lr0.20_rf0.30_xgb0.50,BAJAJ-AUTO.NS,2025-10-24,ensemble_lr0.20_rf0.30_xgb0.50,2024-10-25,2025-10-24,2025-10-20,2024-11-25,2025-10-23,2025-10-24,227,2025-10-23,True,1,0.5289855072463768,0.6345732370891759,0.8,0.7145581245422363,0.7241937096889534,1,72.42,0.3303302876507058,0,66.97,BUY,0.6667,0.3334,Sideways,0.835,0.0,unavailable_no_point_in_time_source,False,8921.45,8950.5361328125,2025-10-27,8969.2724609375,0.2093,1,2025-10-29,8908.6259765625,-0.4682,0.0,2025-10-31,8769.08984375,-2.0272,0.0,2025-11-10,8650.2626953125,-3.3548,0.0,1,1,0,1,1,1,0.536,1,0.0,1.0,0.0,0.0,0.0,-0.1437,0.0,0.0,1.0,0.0,0.0,0.0,-1.7078,0.0,0.0,1.0,0.0,0.0,0.0,-3.0397,0.0,70-75,65-70
BAJAJFINSV.NS|2025-10-24|ensemble_lr0.20_rf0.30_xgb0.50,BAJAJFINSV.NS,2025-10-24,ensemble_lr0.20_rf0.30_xgb0.50,2024-10-25,2025-10-24,2025-10-20,2024-11-25,2025-10-23,2025-10-24,227,2025-10-23,True,1,0.5072463768115942,0.38555868182174075,0.24,0.2272500842809677,0.262736778504832,0,73.73,0.6174011959218029,1,61.74,BUY,0.6054,0.2109,Bullish,1.0,0.0,unavailable_no_point_in_time_source,False,2174.74,2157.658935546875,2025-10-27,2168.349609375,0.4955,1,2025-10-29,2135.177978515625,-1.0419,0.0,2025-10-31,2086.51953125,-3.2971,0.0,2025-11-10,2116.493896484375,-1.9079,0.0,0,0,1,1,0,1,-0.2938,0,1.0,0.0,0.0,1.0,0.0,-1.8192,0.0,1.0,0.0,0.0,1.0,0.0,-4.0566,0.0,1.0,0.0,0.0,1.0,0.0,-2.6783,0.0,70-75,60-65
BAJFINANCE.NS|2025-10-24|ensemble_lr0.20_rf0.30_xgb0.50,BAJFINANCE.NS,2025-10-24,ensemble_lr0.20_rf0.30_xgb0.50,2024-10-25,2025-10-24,2025-10-20,2024-11-25,2025-10-23,2025-10-24,227,2025-10-23,True,1,0.4275362318840579,0.29156198627307633,0.22,0.15836161375045776,0.20349320412984415,0,79.65,0.5208548603194614,1,52.09,BUY,0.6101,0.2202,Bullish,1.0,0.0,unavailable_no_point_in_time_source,False,1087.47,1083.092041015625,2025-10-27,1077.774658203125,-0.4909,0,2025-10-29,1056.4556884765625,-2.4593,0.0,2025-10-31,1036.428955078125,-4.3083,0.0,2025-11-10,1078.3709716796875,-0.4359,0.0,0,1,0,0,1,0,-0.8916,0,1.0,0.0,0.0,1.0,0.0,-2.852,0.0,1.0,0.0,0.0,1.0,0.0,-4.6936,0.0,1.0,0.0,0.0,1.0,0.0,-0.8367,0.0,75-80,50-55
BEL.NS|2025-10-24|ensemble_lr0.20_rf0.30_xgb0.50,BEL.NS,2025-10-24,ensemble_lr0.20_rf0.30_xgb0.50,2024-10-25,2025-10-24,2025-10-20,2024-11-25,2025-10-23,2025-10-24,227,2025-10-23,True,0,0.4202898550724638,0.8481971743573693,0.92,0.9021523594856262,0.896715614614287,1,89.67,0.5520785257175236,1,55.21,STRONG BUY,0.74,0.48,Bullish,0.665,0.0,unavailable_no_point_in_time_source,False,416.31,419.69110107421875,2025-10-27,412.82965087890625,-1.6349,0,2025-10-29,404.92413330078125,-3.5185,0.0,2025-10-31,423.7184753417969,0.9596,1.0,2025-11-10,414.52020263671875,-1.2321,0.0,1,0,0,1,0,0,-0.836,0,0.0,0.0,1.0,0.0,0.0,-2.7349,0.0,1.0,1.0,0.0,1.0,1.0,1.7796,1.0,0.0,0.0,1.0,0.0,0.0,-0.4299,0.0,85-90,55-60
BPCL.NS|2025-10-24|ensemble_lr0.20_rf0.30_xgb0.50,BPCL.NS,2025-10-24,ensemble_lr0.20_rf0.30_xgb0.50,2024-10-25,2025-10-24,2025-10-20,2024-11-25,2025-10-23,2025-10-24,227,2025-10-23,True,0,0.536231884057971,0.0010836914039349334,0.22,0.23718644678592682,0.1848099616737504,0,81.52,0.48585767538017344,0,51.41,HOLD,0.4752,-0.0496,Sideways,0.5,0.0,unavailable_no_point_in_time_source,True,315.64,314.8333435058594,2025-10-27,326.7902526855469,3.7979,1,2025-10-29,331.6492004394531,5.3412,1.0,2025-10-31,339.93804931640625,7.974,1.0,2025-11-10,355.1321716308594,12.8001,1.0,0,0,0,0,0,0,3.5326,0,0.0,0.0,0.0,0.0,0.0,5.072,0.0,0.0,0.0,0.0,0.0,0.0,7.698,0.0,0.0,0.0,0.0,0.0,0.0,12.5118,0.0,80-85,50-55
AARTIIND.NS|2025-10-31|ensemble_lr0.20_rf0.30_xgb0.50,AARTIIND.NS,2025-10-31,ensemble_lr0.20_rf0.30_xgb0.50,2024-11-01,2025-10-31,2025-10-27,2024-12-02,2025-10-30,2025-10-31,227,2025-10-30,True,0,0.5507246376811595,0.30345424752809147,0.12,0.1954396367073059,0.19441066785927125,0,80.56,0.4134069805768615,0,58.66,SELL,0.4004,-0.1991,Sideways,-0.335,0.0,unavailable_no_point_in_time_source,False,382.04,379.19622802734375,2025-11-03,387.8789367675781,2.2898,1,2025-11-06,389.72528076171875,2.7767,1.0,2025-11-10,391.8710021972656,3.3425,1.0,2025-11-17,394.5157470703125,4.04,1.0,0,0,0,0,0,0,1.5284,0,0.0,0.0,0.0,0.0,0.0,2.0116,0.0,0.0,0.0,0.0,0.0,0.0,2.5733,0.0,0.0,0.0,0.0,0.0,0.0,3.2656,0.0,80-85,55-60
AAVAS.NS|2025-10-31|ensemble_lr0.20_rf0.30_xgb0.50,AAVAS.NS,2025-10-31,ensemble_lr0.20_rf0.30_xgb0.50,2024-11-01,2025-10-31,2025-10-27,2024-12-02,2025-10-30,2025-10-31,227,2025-10-30,True,0,0.644927536231884,0.579699394877001,0.12,0.1376442313194275,0.22076199463511395,0,77.92,0.7843514642201935,1,78.44,SELL,0.4137,-0.1725,Sideways,-0.17,0.0,unavailable_no_point_in_time_source,False,1680.8,1650.0,2025-11-03,1649.5,-0.0303,0,2025-11-06,1603.9000244140625,-2.7939,0.0,2025-11-10,1654.0,0.2424,1.0,2025-11-17,1690.0,2.4242,1.0,0,1,0,1,1,1,-1.8622,1,1.0,0.0,1.0,1.0,1.0,-4.5752,1.0,0.0,1.0,0.0,0.0,0.0,-1.5945,1.0,0.0,1.0,0.0,0.0,0.0,0.5474,0.0,75-80,75-80
ABCAPITAL.NS|2025-10-31|ensemble_lr0.20_rf0.30_xgb0.50,ABCAPITAL.NS,2025-10-31,ensemble_lr0.20_rf0.30_xgb0.50,2024-11-01,2025-10-31,2025-10-27,2024-12-02,2025-10-30,2025-10-31,227,2025-10-30,True,0,0.5144927536231884,0.4365723258127168,0.14,0.1666843444108963,0.21265663736799154,0,78.73,0.4127899060414895,0,58.72,BUY,0.6512,0.3024,Bullish,1.0,0.0,unavailable_no_point_in_time_source,False,326.8,324.20001220703125,2025-11-03,334.25,3.0999,1,2025-11-06,327.04998779296875,0.8791,1.0,2025-11-10,333.54998779296875,2.884,1.0,2025-11-17,334.79998779296875,3.2696,1.0,0,0,0,0,0,1,2.2797,1,0.0,0.0,0.0,0.0,1.0,0.0765,1.0,0.0,0.0,0.0,0.0,1.0,2.0655,1.0,0.0,0.0,0.0,0.0,1.0,2.448,1.0,75-80,55-60
ABFRL.NS|2025-10-31|ensemble_lr0.20_rf0.30_xgb0.50,ABFRL.NS,2025-10-31,ensemble_lr0.20_rf0.30_xgb0.50,2024-11-01,2025-10-31,2025-10-27,2024-12-02,2025-10-30,2025-10-31,227,2025-10-30,True,0,0.5217391304347826,0.4964773887746926,0.16,0.16618464887142181,0.23038780219064942,0,76.96,0.3331191462432188,0,66.69,SELL,0.4094,-0.1811,Sideways,-0.165,0.0,unavailable_no_point_in_time_source,True,82.93,81.63999938964844,2025-11-03,85.37999725341797,4.5811,1,2025-11-06,78.08000183105469,-4.3606,0.0,2025-11-10,80.05999755859375,-1.9353,0.0,2025-11-17,78.22000122070312,-4.1891,0.0,0,0,0,0,0,0,2.9543,0,1.0,1.0,1.0,1.0,1.0,-5.8483,1.0,1.0,1.0,1.0,1.0,1.0,-3.4608,1.0,1.0,1.0,1.0,1.0,1.0,-5.6795,1.0,75-80,65-70
ACC.NS|2025-10-31|ensemble_lr0.20_rf0.30_xgb0.50,ACC.NS,2025-10-31,ensemble_lr0.20_rf0.30_xgb0.50,2024-11-01,2025-10-31,2025-10-27,2024-12-02,2025-10-30,2025-10-31,227,2025-10-30,True,0,0.5579710144927535,0.4953793376370349,0.74,0.6609614491462708,0.6515565921005424,1,65.16,0.3193983421644692,0,68.06,BUY,0.6189,0.2379,Sideways,0.165,0.0,unavailable_no_point_in_time_source,False,1848.7,1870.676025390625,2025-11-03,1859.7392578125,-0.5846,0,2025-11-06,1821.8585205078125,-2.6096,0.0,2025-11-10,1834.385986328125,-1.9399,0.0,2025-11-17,1836.076171875,-1.8496,0.0,1,0,1,1,0,0,0.5971,1,0.0,1.0,1.0,0.0,0.0,-1.4519,0.0,0.0,1.0,1.0,0.0,0.0,-0.7743,0.0,0.0,1.0,1.0,0.0,0.0,-0.6828,0.0,65-70,65-70
ADANIENT.NS|2025-10-31|ensemble_lr0.20_rf0.30_xgb0.50,ADANIENT.NS,2025-10-31,ensemble_lr0.20_rf0.30_xgb0.50,2024-11-01,2025-10-31,2025-10-27,2024-12-02,2025-10-30,2025-10-31,227,2025-10-30,True,0,0.5652173913043478,0.5954985877251902,0.2,0.3065381348133087,0.3323687849516924,0,66.76,0.5783567870953683,1,57.84,HOLD,0.4679,-0.0642,Sideways,0.0,0.0,unavailable_no_point_in_time_source,True,2525.77,2479.89111328125,2025-11-03,2465.8974609375,-0.5643,0,2025-11-06,2313.265869140625,-6.7191,0.0,2025-11-10,2297.3310546875,-7.3616,0.0,2025-11-17,2460.899658203125,-0.7658,0.0,0,1,0,1,1,1,-2.3705,1,1.0,0.0,1.0,1.0,0.0,-8.4134,0.0,1.0,0.0,1.0,1.0,0.0,-9.0443,0.0,1.0,0.0,1.0,1.0,1.0,-2.5683,1.0,65-70,55-60
ADANIPORTS.NS|2025-10-31|ensemble_lr0.20_rf0.30_xgb0.50,ADANIPORTS.NS,2025-10-31,ensemble_lr0.20_rf0.30_xgb0.50,2024-11-01,2025-10-31,2025-10-27,2024-12-02,2025-10-30,2025-10-31,227,2025-10-30,True,0,0.572463768115942,0.5866349004419115,0.16,0.2965168356895447,0.31358539793315465,0,68.64,0.4139063881318148,0,58.61,HOLD,0.5374,0.0747,Bullish,0.335,0.0,unavailable_no_point_in_time_source,True,1451.78,1445.408447265625,2025-11-03,1438.6368408203125,-0.4685,0,2025-11-06,1430.7701416015625,-1.0127,0.0,2025-11-10,1438.836181640625,-0.4547,0.0,2025-11-17,1501.27294921875,3.865,1.0,0,1,1,1,1,1,-0.9053,1,1.0,1.0,1.0,1.0,1.0,-1.4472,1.0,1.0,1.0,1.0,1.0,1.0,-0.8916,1.0,0.0,0.0,0.0,0.0,0.0,3.4091,0.0,65-70,55-60
AETHER.NS|2025-10-31|ensemble_lr0.20_rf0.30_xgb0.50,AETHER.NS,2025-10-31,ensemble_lr0.20_rf0.30_xgb0.50,2024-11-01,2025-10-31,2025-10-27,2024-12-02,2025-10-30,2025-10-31,227,2025-10-30,True,0,0.5289855072463768,0.6897952737035082,0.88,0.7846753597259521,0.7942967346036778,1,79.43,0.4229699411520155,0,57.7,HOLD,0.4629,-0.0741,Bearish,-0.165,0.0,unavailable_no_point_in_time_source,False,740.6,753.7000122070312,2025-11-03,761.5499877929688,1.0415,1,2025-11-06,750.75,-0.3914,0.0,2025-11-10,738.4500122070312,-2.0234,0.0,2025-11-17,847.4000244140625,12.432,1.0,1,1,0,0,1,1,2.8288,1,0.0,1.0,1.0,0.0,1.0,1.3705,1.0,0.0,1.0,1.0,0.0,1.0,-0.2903,1.0,1.0,0.0,0.0,1.0,0.0,14.4207,0.0,75-80,55-60
AIAENG.NS|2025-10-31|ensemble_lr0.20_rf0.30_xgb0.50,AIAENG.NS,2025-10-31,ensemble_lr0.20_rf0.30_xgb0.50,2024-11-01,2025-10-31,2025-10-27,2024-12-02,2025-10-30,2025-10-31,227,2025-10-30,True,0,0.48550724637681153,0.38675320391446993,0.14,0.14981494843959808,0.19425811500269305,0,80.57,0.2941960271403373,0,70.58,HOLD,0.4908,-0.0184,Bullish,0.0,0.0,unavailable_no_point_in_time_source,False,3283.36,3237.729248046875,2025-11-03,3252.872314453125,0.4677,1,2025-11-06,3306.172119140625,2.1139,1.0,2025-11-10,3432.7958984375,6.0248,1.0,2025-11-17,3746.3173828125,15.7082,1.0,0,0,0,0,0,1,-0.9286,1,0.0,0.0,0.0,0.0,1.0,0.6948,1.0,0.0,0.0,0.0,0.0,0.0,4.5513,0.0,0.0,0.0,0.0,0.0,0.0,14.1001,0.0,80-85,70-75
AJANTPHARM.NS|2025-10-31|ensemble_lr0.20_rf0.30_xgb0.50,AJANTPHARM.NS,2025-10-31,ensemble_lr0.20_rf0.30_xgb0.50,2024-11-01,2025-10-31,2025-10-27,2024-12-02,2025-10-30,2025-10-31,227,2025-10-30,True,0,0.4275362318840579,0.3816175997137856,0.2,0.11472559720277786,0.19368631854414606,0,80.63,0.286292133008788,0,71.37,SELL,0.4054,-0.1892,Sideways,-0.335,0.0,unavailable_no_point_in_time_source,False,2419.06,2415.822265625,2025-11-03,2488.43505859375,3.0057,1,2025-11-06,2517.2451171875,4.1983,1.0,2025-11-10,2505.84423828125,3.7263,1.0,2025-11-17,2481.269287109375,2.7091,1.0,0,0,0,0,0,0,2.8679,0,0.0,0.0,0.0,0.0,0.0,4.0588,0.0,0.0,0.0,0.0,0.0,0.0,3.5875,0.0,0.0,0.0,0.0,0.0,0.0,2.5716,0.0,80-85,70-75
ALEMBICLTD.NS|2025-10-31|ensemble_lr0.20_rf0.30_xgb0.50,ALEMBICLTD.NS,2025-10-31,ensemble_lr0.20_rf0.30_xgb0.50,2024-11-01,2025-10-31,2025-10-27,2024-12-02,2025-10-30,2025-10-31,227,2025-10-30,True,0,0.572463768115942,0.3365755458916364,0.1,0.1715094894170761,0.18306985388686534,0,81.69,0.3910611676844337,0,60.89,SELL,0.395,-0.2099,Sideways,-0.335,0.0,unavailable_no_point_in_time_source,False,97.79,96.79762268066406,2025-11-03,99.2808609008789,2.5654,1,2025-11-06,97.17741394042969,0.3924,1.0,2025-11-10,95.48297119140625,-1.3581,0.0,2025-11-17,99.3587646484375,2.6459,1.0,0,0,0,0,0,0,1.5246,0,0.0,0.0,0.0,0.0,0.0,-0.6264,1.0,1.0,1.0,1.0,1.0,1.0,-2.3592,1.0,0.0,0.0,0.0,0.0,0.0,1.6042,0.0,80-85,60-65
ALKEM.NS|2025-10-31|ensemble_lr0.20_rf0.30_xgb0.50,ALKEM.NS,2025-10-31,ensemble_lr0.20_rf0.30_xgb0.50,2024-11-01,2025-10-31,2025-10-27,2024-12-02,2025-10-30,2025-10-31,227,2025-10-30,True,1,0.5507246376811593,0.3132022386020157,0.1,0.12098315358161926,0.15313202451121277,0,84.69,0.4696324549061051,0,53.04,HOLD,0.4991,-0.0018,Sideways,0.5,0.0,unavailable_no_point_in_time_source,False,5471.02,5452.70556640625,2025-11-03,5573.513671875,2.2156,1,2025-11-06,5588.36669921875,2.488,1.0,2025-11-10,5624.015625,3.1417,1.0,2025-11-17,5667.0908203125,3.9317,1.0,0,0,0,1,0,1,1.8734,1,0.0,0.0,1.0,0.0,1.0,2.1449,1.0,0.0,0.0,1.0,0.0,0.0,2.7965,1.0,0.0,0.0,1.0,0.0,0.0,3.5838,0.0,80-85,50-55
AMBER.NS|2025-10-31|ensemble_lr0.20_rf0.30_xgb0.50,AMBER.NS,2025-10-31,ensemble_lr0.20_rf0.30_xgb0.50,2024-11-01,2025-10-31,2025-10-27,2024-12-02,2025-10-30,2025-10-31,227,2025-10-30,True,1,0.47826086956521735,0.5655576755976122,0.24,0.26693400740623474,0.3185785388226398,0,68.14,0.5423947015119738,1,54.24,HOLD,0.5049,0.0098,Sideways,0.5,0.0,unavailable_no_point_in_time_source,False,8085.5,8036.5,2025-11-03,7957.5,-0.983,0,2025-11-06,7832.5,-2.5384,0.0,2025-11-10,7016.5,-12.6921,0.0,2025-11-17,7443.5,-7.3788,0.0,0,1,0,0,1,1,-1.5831,1,1.0,0.0,0.0,1.0,1.0,-3.1291,0.0,1.0,0.0,0.0,1.0,0.0,-13.2212,0.0,1.0,0.0,0.0,1.0,0.0,-7.9401,0.0,65-70,50-55
ANGELONE.NS|2025-10-31|ensemble_lr0.20_rf0.30_xgb0.50,ANGELONE.NS,2025-10-31,ensemble_lr0.20_rf0.30_xgb0.50,2024-11-01,2025-10-31,2025-10-27,2024-12-02,2025-10-30,2025-10-31,227,2025-10-30,True,0,0.5579710144927535,0.47942680056663817,0.32,0.30262088775634766,0.34319580399150146,0,65.68,0.4528884730758575,0,54.71,BUY,0.5935,0.187,Bullish,0.0,0.0,unavailable_no_point_in_time_source,True,246.55,244.5198516845703,2025-11-03,251.52462768554688,2.8647,1,2025-11-06,243.94100952148438,-0.2367,0.0,2025-11-10,255.70394897460938,4.5739,1.0,2025-11-17,279.3475036621094,14.2433,1.0,0,0,0,0,0,1,2.0177,1,1.0,1.0,1.0,1.0,0.0,-1.0582,0.0,0.0,0.0,0.0,0.0,1.0,3.7128,1.0,0.0,0.0,0.0,0.0,1.0,13.3026,1.0,65-70,50-55
APARINDS.NS|2025-10-31|ensemble_lr0.20_rf0.30_xgb0.50,APARINDS.NS,2025-10-31,ensemble_lr0.20_rf0.30_xgb0.50,2024-11-01,2025-10-31,2025-10-27,2024-12-02,2025-10-30,2025-10-31,227,2025-10-30,True,0,0.5942028985507246,0.419279022737677,0.14,0.2385220229625702,0.2451168160288205,0,75.49,0.27200072940299047,0,72.8,BUY,0.5875,0.1749,High Volatility,0.835,0.0,unavailable_no_point_in_time_source,False,9219.49,8641.0,2025-11-03,8509.955078125,-1.5165,0,2025-11-06,8374.923828125,-3.0792,0.0,2025-11-10,8251.3525390625,-4.5093,0.0,2025-11-17,9198.564453125,6.4525,1.0,0,1,1,1,1,0,-7.696,0,1.0,1.0,1.0,1.0,0.0,-9.1607,0.0,1.0,1.0,1.0,1.0,0.0,-10.501,0.0,0.0,0.0,0.0,0.0,1.0,-0.227,0.0,75-80,70-75
APOLLOHOSP.NS|2025-10-31|ensemble_lr0.20_rf0.30_xgb0.50,APOLLOHOSP.NS,2025-10-31,ensemble_lr0.20_rf0.30_xgb0.50,2024-11-01,2025-10-31,2025-10-27,2024-12-02,2025-10-30,2025-10-31,227,2025-10-30,True,0,0.5,0.5956665399422706,0.06,0.14100325107574463,0.20763493352632642,0,79.24,0.4522004788425062,0,54.78,HOLD,0.4499,-0.1002,Sideways,0.335,0.0,unavailable_no_point_in_time_source,False,7770.63,7661.89697265625,2025-11-03,7805.0400390625,1.8682,1,2025-11-06,7762.6455078125,1.3149,1.0,2025-11-10,7510.77392578125,-1.9724,0.0,2025-11-17,7468.87841796875,-2.5192,0.0,0,0,0,0,0,1,0.4428,1,0.0,0.0,0.0,0.0,1.0,-0.1028,1.0,1.0,1.0,1.0,1.0,1.0,-3.3441,0.0,1.0,1.0,1.0,1.0,1.0,-3.8832,0.0,75-80,50-55
APOLLOTYRE.NS|2025-10-31|ensemble_lr0.20_rf0.30_xgb0.50,APOLLOTYRE.NS,2025-10-31,ensemble_lr0.20_rf0.30_xgb0.50,2024-11-01,2025-10-31,2025-10-27,2024-12-02,2025-10-30,2025-10-31,227,2025-10-30,True,0,0.463768115942029,0.4597325319413069,0.18,0.3097732961177826,0.3008331544471527,0,69.92,0.4051850029018572,0,59.48,BUY,0.5969,0.1938,Bullish,0.835,0.0,unavailable_no_point_in_time_source,True,496.68,495.1988220214844,2025-11-03,503.0489501953125,1.5852,1,2025-11-06,499.44476318359375,0.8574,1.0,2025-11-10,515.4412841796875,4.0877,1.0,2025-11-17,507.541748046875,2.4925,1.0,0,0,0,0,0,1,1.2823,1,0.0,0.0,0.0,0.0,1.0,0.5566,1.0,0.0,0.0,0.0,0.0,1.0,3.7773,1.0,0.0,0.0,0.0,0.0,1.0,2.1869,1.0,65-70,55-60
ASHOKLEY.NS|2025-10-31|ensemble_lr0.20_rf0.30_xgb0.50,ASHOKLEY.NS,2025-10-31,ensemble_lr0.20_rf0.30_xgb0.50,2024-11-01,2025-10-31,2025-10-27,2024-12-02,2025-10-30,2025-10-31,227,2025-10-30,True,0,0.47826086956521746,0.5683181133258283,0.72,0.6994462013244629,0.6793867233273971,1,67.94,0.5785569701106889,1,57.86,BUY,0.7127,0.4253,Bullish,0.835,0.0,unavailable_no_point_in_time_source,True,137.48,138.21873474121094,2025-11-03,136.5585174560547,-1.2012,0,2025-11-06,137.92575073242188,-0.212,0.0,2025-11-10,138.95118713378906,0.5299,1.0,2025-11-17,144.97683715820312,4.8894,1.0,1,0,0,1,0,0,-0.6703,0,0.0,0.0,1.0,0.0,0.0,0.3242,1.0,1.0,1.0,0.0,1.0,1.0,1.0701,1.0,1.0,1.0,0.0,1.0,1.0,5.453,1.0,65-70,55-60
ASIANPAINT.NS|2025-10-31|ensemble_lr0.20_rf0.30_xgb0.50,ASIANPAINT.NS,2025-10-31,ensemble_lr0.20_rf0.30_xgb0.50,2024-11-01,2025-10-31,2025-10-27,2024-12-02,2025-10-30,2025-10-31,227,2025-10-30,True,0,0.4927536231884058,0.25916884461316375,0.22,0.1306544542312622,0.18316099603826386,0,81.68,0.29983149414394666,0,70.02,HOLD,0.5753,0.1506,Bullish,0.335,0.0,unavailable_no_point_in_time_source,True,2497.9,2485.324951171875,2025-11-03,2486.710693359375,0.0558,1,2025-11-06,2576.490478515625,3.6682,1.0,2025-11-10,2623.508544921875,5.56,1.0,2025-11-17,2858.5986328125,15.0191,1.0,0,0,0,0,0,1,-0.4479,1,0.0,0.0,0.0,0.0,0.0,3.1463,0.0,0.0,0.0,0.0,0.0,0.0,5.0286,0.0,0.0,0.0,0.0,0.0,0.0,14.4401,0.0,80-85,70-75
ASTRAL.NS|2025-10-31|ensemble_lr0.20_rf0.30_xgb0.50,ASTRAL.NS,2025-10-31,ensemble_lr0.20_rf0.30_xgb0.50,2024-11-01,2025-10-31,2025-10-27,2024-12-02,2025-10-30,2025-10-31,227,2025-10-30,True,0,0.4202898550724638,0.45109096009916283,0.22,0.32224005460739136,0.31733821932352824,0,68.27,0.4366318365030446,0,56.34,HOLD,0.51,0.02,Sideways,0.335,0.0,unavailable_no_point_in_time_source,True,1461.2,1446.4381103515625,2025-11-03,1476.9608154296875,2.1102,1,2025-11-06,1562.1451416015625,7.9994,1.0,2025-11-10,1564.439453125,8.1581,1.0,2025-11-17,1463.3983154296875,1.1725,1.0,0,0,0,0,0,1,1.0786,1,0.0,0.0,0.0,0.0,0.0,6.9084,0.0,0.0,0.0,0.0,0.0,0.0,7.0654,0.0,0.0,0.0,0.0,0.0,1.0,0.1504,1.0,65-70,55-60
AUBANK.NS|2025-10-31|ensemble_lr0.20_rf0.30_xgb0.50,AUBANK.NS,2025-10-31,ensemble_lr0.20_rf0.30_xgb0.50,2024-11-01,2025-10-31,2025-10-27,2024-12-02,2025-10-30,2025-10-31,227,2025-10-30,True,1,0.5144927536231884,0.4996685353394299,0.12,0.16624079644680023,0.2190541052912861,0,78.09,0.5413115526051692,1,54.13,BUY,0.6282,0.2563,Bullish,1.0,0.0,unavailable_no_point_in_time_source,False,877.45,876.998291015625,2025-11-03,866.10888671875,-1.2417,0,2025-11-06,880.145263671875,0.3588,1.0,2025-11-10,913.712646484375,4.1864,1.0,2025-11-17,911.8145141601562,3.9699,1.0,0,1,0,0,1,0,-1.2925,0,0.0,1.0,1.0,0.0,1.0,0.3072,1.0,0.0,1.0,1.0,0.0,1.0,4.1327,1.0,0.0,1.0,1.0,0.0,1.0,3.9164,1.0,75-80,50-55
AXISBANK.NS|2025-10-31|ensemble_lr0.20_rf0.30_xgb0.50,AXISBANK.NS,2025-10-31,ensemble_lr0.20_rf0.30_xgb0.50,2024-11-01,2025-10-31,2025-10-27,2024-12-02,2025-10-30,2025-10-31,227,2025-10-30,True,0,0.47826086956521735,0.5449309399784155,0.18,0.14223498106002808,0.23410367852569713,0,76.59,0.41927236750444447,0,58.07,BUY,0.6647,0.3294,Bullish,1.0,0.0,unavailable_no_point_in_time_source,True,1237.65,1231.8499755859375,2025-11-03,1232.749267578125,0.073,1,2025-11-06,1227.55322265625,-0.3488,0.0,2025-11-10,1216.0621337890625,-1.2816,0.0,2025-11-17,1248.636962890625,1.3627,1.0,0,0,0,0,0,1,-0.396,0,1.0,1.0,1.0,1.0,0.0,-0.8158,0.0,1.0,1.0,1.0,1.0,0.0,-1.7443,0.0,0.0,0.0,0.0,0.0,1.0,0.8877,1.0,75-80,55-60
BAJAJ-AUTO.NS|2025-10-31|ensemble_lr0.20_rf0.30_xgb0.50,BAJAJ-AUTO.NS,2025-10-31,ensemble_lr0.20_rf0.30_xgb0.50,2024-11-01,2025-10-31,2025-10-27,2024-12-02,2025-10-30,2025-10-31,227,2025-10-30,True,0,0.572463768115942,0.3319645424760607,0.22,0.17197127640247345,0.21837854669644888,0,78.16,0.2377558161932083,0,76.22,HOLD,0.474,-0.052,Sideways,0.335,0.0,unavailable_no_point_in_time_source,False,8799.17,8769.08984375,2025-11-03,8798.673828125,0.3374,1,2025-11-06,8599.4765625,-1.9342,0.0,2025-11-10,8650.2626953125,-1.3551,0.0,2025-11-17,8821.3544921875,0.596,1.0,0,0,0,0,0,1,-0.0056,1,1.0,1.0,1.0,1.0,1.0,-2.2695,1.0,1.0,1.0,1.0,1.0,1.0,-1.6923,1.0,0.0,0.0,0.0,0.0,1.0,0.2521,1.0,75-80,75-80
BAJAJFINSV.NS|2025-10-31|ensemble_lr0.20_rf0.30_xgb0.50,BAJAJFINSV.NS,2025-10-31,ensemble_lr0.20_rf0.30_xgb0.50,2024-11-01,2025-10-31,2025-10-27,2024-12-02,2025-10-30,2025-10-31,227,2025-10-30,True,0,0.5217391304347826,0.4596814529512676,0.18,0.07352826744318008,0.18270042431184358,0,81.73,0.3577378170489842,0,64.23,BUY,0.5928,0.1855,Bullish,0.835,0.0,unavailable_no_point_in_time_source,True,2112.8,2086.51953125,2025-11-03,2079.825439453125,-0.3208,0,2025-11-06,2061.44091796875,-1.2019,0.0,2025-11-10,2116.493896484375,1.4366,1.0,2025-11-17,2077.8271484375,-0.4166,0.0,0,1,1,1,1,0,-1.5607,0,1.0,1.0,1.0,1.0,0.0,-2.4309,0.0,0.0,0.0,0.0,0.0,1.0,0.1748,1.0,1.0,1.0,1.0,1.0,0.0,-1.6553,0.0,80-85,60-65
BAJFINANCE.NS|2025-10-31|ensemble_lr0.20_rf0.30_xgb0.50,BAJFINANCE.NS,2025-10-31,ensemble_lr0.20_rf0.30_xgb0.50,2024-11-01,2025-10-31,2025-10-27,2024-12-02,2025-10-30,2025-10-31,227,2025-10-30,True,1,0.4492753623188406,0.5092853318733443,0.26,0.14623533189296722,0.2529747323211525,0,74.7,0.47331048349327215,0,52.67,HOLD,0.5529,0.1057,Bullish,0.5,0.0,unavailable_no_point_in_time_source,True,1045.87,1036.428955078125,2025-11-03,1036.72705078125,0.0288,1,2025-11-06,1035.534423828125,-0.0863,0.0,2025-11-10,1078.3709716796875,4.0468,1.0,2025-11-17,1020.5266723632812,-1.5343,0.0,0,0,0,1,0,1,-0.8742,1,1.0,1.0,0.0,1.0,1.0,-0.9882,1.0,0.0,0.0,1.0,0.0,0.0,3.1076,0.0,1.0,1.0,0.0,1.0,1.0,-2.4232,1.0,70-75,50-55
BEL.NS|2025-10-31|ensemble_lr0.20_rf0.30_xgb0.50,BEL.NS,2025-10-31,ensemble_lr0.20_rf0.30_xgb0.50,2024-11-01,2025-10-31,2025-10-27,2024-12-02,2025-10-30,2025-10-31,227,2025-10-30,True,0,0.4057971014492754,0.44622200904036513,0.86,0.8611838817596436,0.7778363426878948,1,77.78,0.6191785054137608,1,61.92,BUY,0.5858,0.1717,Sideways,0.165,0.0,unavailable_no_point_in_time_source,False,407.61,423.7184753417969,2025-11-03,419.9397277832031,-0.8918,0,2025-11-06,406.5151672363281,-4.0601,0.0,2025-11-10,414.52020263671875,-2.1708,0.0,2025-11-17,422.1771240234375,-0.3638,0.0,1,0,0,1,0,0,3.0249,1,0.0,0.0,1.0,0.0,0.0,-0.2686,0.0,0.0,0.0,1.0,0.0,0.0,1.6953,1.0,0.0,0.0,1.0,0.0,0.0,3.5738,1.0,75-80,60-65
BPCL.NS|2025-10-31|ensemble_lr0.20_rf0.30_xgb0.50,BPCL.NS,2025-10-31,ensemble_lr0.20_rf0.30_xgb0.50,2024-11-01,2025-10-31,2025-10-27,2024-12-02,2025-10-30,2025-10-31,227,2025-10-30,True,0,0.5217391304347826,0.4907886201209438,0.16,0.10364478826522827,0.1979801181568029,0,80.2,0.2130029055530565,0,78.7,BUY,0.6233,0.2466,Bullish,0.835,0.0,unavailable_no_point_in_time_source,True,340.7,339.93804931640625,2025-11-03,349.94183349609375,2.9428,1,2025-11-06,350.5611267089844,3.125,1.0,2025-11-10,355.1321716308594,4.4697,1.0,2025-11-17,363.9825134277344,7.0732,1.0,0,0,0,0,0,1,2.7126,1,0.0,0.0,0.0,0.0,1.0,2.8944,1.0,0.0,0.0,0.0,0.0,1.0,4.236,1.0,0.0,0.0,0.0,0.0,1.0,6.8337,1.0,80-85,75-80
AARTIIND.NS|2025-11-10|ensemble_lr0.20_rf0.30_xgb0.50,AARTIIND.NS,2025-11-10,ensemble_lr0.20_rf0.30_xgb0.50,2024-11-11,2025-11-10,2025-11-10,2024-12-10,2025-11-07,2025-11-10,226,2025-11-07,True,0,0.5434782608695653,0.9227520573782896,0.84,0.8112223148345947,0.8421615688929553,1,84.22,0.668616858169304,1,66.86,BUY,0.5906,0.1812,Sideways,0.165,0.0,unavailable_no_point_in_time_source,True,391.02,391.8710021972656,2025-11-11,385.7830810546875,-1.5536,0,2025-11-13,392.51971435546875,0.1655,1.0,2025-11-17,394.5157470703125,0.6749,1.0,2025-11-24,380.04449462890625,-3.018,0.0,1,0,0,1,0,0,-1.3393,0,1.0,1.0,0.0,1.0,1.0,0.3835,1.0,1.0,1.0,0.0,1.0,1.0,0.894,1.0,0.0,0.0,1.0,0.0,0.0,-2.8069,0.0,80-85,65-70
AAVAS.NS|2025-11-10|ensemble_lr0.20_rf0.30_xgb0.50,AAVAS.NS,2025-11-10,ensemble_lr0.20_rf0.30_xgb0.50,2024-11-11,2025-11-10,2025-11-10,2024-12-10,2025-11-07,2025-11-10,226,2025-11-07,True,0,0.6086956521739131,0.6386433399665883,0.88,0.8006062507629395,0.7920317933747874,1,79.2,0.5067721672099853,1,50.68,HOLD,0.4813,-0.0373,Sideways,-0.835,0.0,unavailable_no_point_in_time_source,False,1574.1,1654.0,2025-11-11,1619.199951171875,-2.104,0,2025-11-13,1736.4000244140625,4.9819,1.0,2025-11-17,1690.0,2.1765,1.0,2025-11-24,1669.5999755859375,0.9432,1.0,1,0,0,1,0,1,2.8651,1,1.0,1.0,0.0,1.0,0.0,10.3107,0.0,1.0,1.0,0.0,1.0,1.0,7.3629,0.0,1.0,1.0,0.0,1.0,1.0,6.067,0.0,75-80,50-55
ABCAPITAL.NS|2025-11-10|ensemble_lr0.20_rf0.30_xgb0.50,ABCAPITAL.NS,2025-11-10,ensemble_lr0.20_rf0.30_xgb0.50,2024-11-11,2025-11-10,2025-11-10,2024-12-10,2025-11-07,2025-11-10,226,2025-11-07,True,0,0.5144927536231885,0.2494447134278881,0.18,0.1321694403886795,0.1699736628799174,0,83.0,0.4190911765030101,0,58.09,BUY,0.6564,0.3129,Bullish,1.0,0.0,unavailable_no_point_in_time_source,False,338.1,333.54998779296875,2025-11-11,329.3500061035156,-1.2592,0,2025-11-13,331.79998779296875,-0.5247,0.0,2025-11-17,334.79998779296875,0.3748,1.0,2025-11-24,331.8500061035156,-0.5097,0.0,0,1,1,1,1,0,-2.588,0,1.0,1.0,1.0,1.0,0.0,-1.8634,0.0,0.0,0.0,0.0,0.0,1.0,-0.976,0.0,1.0,1.0,1.0,1.0,0.0,-1.8486,0.0,80-85,55-60
ABFRL.NS|2025-11-10|ensemble_lr0.20_rf0.30_xgb0.50,ABFRL.NS,2025-11-10,ensemble_lr0.20_rf0.30_xgb0.50,2024-11-11,2025-11-10,2025-11-10,2024-12-10,2025-11-07,2025-11-10,226,2025-11-07,True,0,0.4927536231884058,0.59592201032592,0.88,0.7148449420928955,0.7406068731116318,1,74.06,0.674696078662449,1,67.47,HOLD,0.5222,0.0443,High Volatility,-0.5,0.0,unavailable_no_point_in_time_source,True,79.7,80.05999755859375,2025-11-11,78.70999908447266,-1.6862,0,2025-11-13,79.58000183105469,-0.5995,0.0,2025-11-17,78.22000122070312,-2.2983,0.0,2025-11-24,75.66000366210938,-5.4959,0.0,1,0,0,1,0,1,-1.2422,1,0.0,0.0,1.0,0.0,1.0,-0.1506,1.0,0.0,0.0,1.0,0.0,1.0,-1.857,1.0,0.0,0.0,1.0,0.0,0.0,-5.069,0.0,70-75,65-70
ACC.NS|2025-11-10|ensemble_lr0.20_rf0.30_xgb0.50,ACC.NS,2025-11-10,ensemble_lr0.20_rf0.30_xgb0.50,2024-11-11,2025-11-10,2025-11-10,2024-12-10,2025-11-07,2025-11-10,226,2025-11-07,True,0,0.5,0.4604300919317113,0.88,0.8185343146324158,0.7653531757025502,1,76.54,0.7285726638487415,1,72.86,HOLD,0.5157,0.0313,Sideways,-0.165,0.0,unavailable_no_point_in_time_source,False,1829.91,1834.385986328125,2025-11-11,1834.684326171875,0.0163,1,2025-11-13,1834.1871337890625,-0.0108,0.0,2025-11-17,1836.076171875,0.0921,1.0,2025-11-24,1902.690673828125,3.7236,1.0,1,1,1,0,1,1,0.2609,1,0.0,0.0,1.0,0.0,1.0,0.2337,1.0,1.0,1.0,0.0,1.0,1.0,0.337,1.0,1.0,1.0,0.0,1.0,0.0,3.9773,0.0,75-80,70-75
ADANIENT.NS|2025-11-10|ensemble_lr0.20_rf0.30_xgb0.50,ADANIENT.NS,2025-11-10,ensemble_lr0.20_rf0.30_xgb0.50,2024-11-11,2025-11-10,2025-11-10,2024-12-10,2025-11-07,2025-11-10,226,2025-11-07,True,0,0.4710144927536232,0.44971367217608305,0.26,0.18223299086093903,0.25905922986568614,0,74.09,0.49839058554255367,0,50.16,SELL,0.4127,-0.1746,Sideways,-0.335,0.0,unavailable_no_point_in_time_source,True,2368.34,2297.3310546875,2025-11-11,2293.5517578125,-0.1645,0,2025-11-13,2411.194580078125,4.9563,1.0,2025-11-17,2460.899658203125,7.1199,1.0,2025-11-24,2398.127685546875,4.3876,1.0,0,1,1,1,1,1,-3.1578,1,0.0,0.0,0.0,0.0,0.0,1.8095,0.0,0.0,0.0,0.0,0.0,0.0,3.9082,0.0,0.0,0.0,0.0,0.0,0.0,1.2577,0.0,70-75,50-55
ADANIPORTS.NS|2025-11-10|ensemble_lr0.20_rf0.30_xgb0.50,ADANIPORTS.NS,2025-11-10,ensemble_lr0.20_rf0.30_xgb0.50,2024-11-11,2025-11-10,2025-11-10,2024-12-10,2025-11-07,2025-11-10,226,2025-11-07,True,0,0.5797101449275363,0.4818609482673612,0.14,0.18095479905605316,0.22884958918149884,0,77.12,0.25656197664663755,0,74.34,HOLD,0.4894,-0.0212,Sideways,0.335,0.0,unavailable_no_point_in_time_source,True,1442.22,1438.836181640625,2025-11-11,1468.2122802734375,2.0417,1,2025-11-13,1492.7091064453125,3.7442,1.0,2025-11-17,1501.27294921875,4.3394,1.0,2025-11-24,1479.6640625,2.8376,1.0,0,0,0,0,0,1,1.8022,1,0.0,0.0,0.0,0.0,0.0,3.5008,0.0,0.0,0.0,0.0,0.0,0.0,4.0946,0.0,0.0,0.0,0.0,0.0,1.0,2.5963,1.0,75-80,70-75
AETHER.NS|2025-11-10|ensemble_lr0.20_rf0.30_xgb0.50,AETHER.NS,2025-11-10,ensemble_lr0.20_rf0.30_xgb0.50,2024-11-11,2025-11-10,2025-11-10,2024-12-10,2025-11-07,2025-11-10,226,2025-11-07,True,0,0.5072463768115942,0.5295630255215026,0.82,0.8725976943969727,0.7882114523027868,1,78.82,0.7634480247602997,1,76.34,HOLD,0.474,-0.0521,Bearish,-0.165,0.0,unavailable_no_point_in_time_source,False,736.15,738.4500122070312,2025-11-11,732.5999755859375,-0.7922,0,2025-11-13,773.2999877929688,4.7193,1.0,2025-11-17,847.4000244140625,14.7539,1.0,2025-11-24,919.25,24.4837,1.0,1,0,0,1,0,1,-0.4822,1,1.0,1.0,0.0,1.0,0.0,5.0465,0.0,1.0,1.0,0.0,1.0,0.0,15.1124,0.0,1.0,1.0,0.0,1.0,0.0,24.8726,0.0,75-80,75-80
AIAENG.NS|2025-11-10|ensemble_lr0.20_rf0.30_xgb0.50,AIAENG.NS,2025-11-10,ensemble_lr0.20_rf0.30_xgb0.50,2024-11-11,2025-11-10,2025-11-10,2024-12-10,2025-11-07,2025-11-10,226,2025-11-07,True,0,0.5072463768115942,0.4174434982256926,0.86,0.8045554161071777,0.7437664076987274,1,74.38,0.4724767218411676,0,52.75,HOLD,0.572,0.1441,Sideways,0.0,0.0,unavailable_no_point_in_time_source,False,3244.01,3432.7958984375,2025-11-11,3553.3427734375,3.5116,1,2025-11-13,3695.10986328125,7.6414,1.0,2025-11-17,3746.3173828125,9.1331,1.0,2025-11-24,3720.6142578125,8.3844,1.0,1,1,0,0,1,0,9.5355,0,1.0,0.0,0.0,1.0,0.0,13.9056,0.0,1.0,0.0,0.0,1.0,0.0,15.4842,0.0,1.0,0.0,0.0,1.0,0.0,14.6918,0.0,70-75,50-55
AJANTPHARM.NS|2025-11-10|ensemble_lr0.20_rf0.30_xgb0.50,AJANTPHARM.NS,2025-11-10,ensemble_lr0.20_rf0.30_xgb0.50,2024-11-11,2025-11-10,2025-11-10,2024-12-10,2025-11-07,2025-11-10,226,2025-11-07,True,0,0.44202898550724634,0.4609198956540043,0.66,0.7497949004173279,0.6650814293394648,1,66.51,0.47324765061690865,0,52.68,BUY,0.5943,0.1886,Bullish,-0.17,0.0,unavailable_no_point_in_time_source,False,2473.54,2505.84423828125,2025-11-11,2554.201416015625,1.9298,1,2025-11-13,2525.86083984375,0.7988,1.0,2025-11-17,2481.269287109375,-0.9807,0.0,2025-11-24,2492.36767578125,-0.5378,0.0,1,1,0,0,1,1,3.261,1,1.0,0.0,0.0,1.0,1.0,2.1152,1.0,0.0,1.0,1.0,0.0,0.0,0.3125,1.0,0.0,1.0,1.0,0.0,0.0,0.7612,1.0,65-70,50-55
ALEMBICLTD.NS|2025-11-10|ensemble_lr0.20_rf0.30_xgb0.50,ALEMBICLTD.NS,2025-11-10,ensemble_lr0.20_rf0.30_xgb0.50,2024-11-11,2025-11-10,2025-11-10,2024-12-10,2025-11-07,2025-11-10,226,2025-11-07,True,0,0.5362318840579711,0.3678659608610098,0.16,0.18064339458942413,0.21189488946691404,0,78.81,0.4467422008075344,0,55.33,SELL,0.401,-0.1979,Sideways,-0.335,0.0,unavailable_no_point_in_time_source,False,97.0,95.48297119140625,2025-11-11,97.92725372314453,2.5599,1,2025-11-13,98.30703735351562,2.9577,1.0,2025-11-17,99.3587646484375,4.0591,1.0,2025-11-24,95.30767822265625,-0.1836,0.0,0,0,0,0,0,0,0.9559,0,0.0,0.0,0.0,0.0,0.0,1.3475,0.0,0.0,0.0,0.0,0.0,0.0,2.4317,0.0,1.0,1.0,1.0,1.0,1.0,-1.7447,1.0,75-80,55-60
ALKEM.NS|2025-11-10|ensemble_lr0.20_rf0.30_xgb0.50,ALKEM.NS,2025-11-10,ensemble_lr0.20_rf0.30_xgb0.50,2024-11-11,2025-11-10,2025-11-10,2024-12-10,2025-11-07,2025-11-10,226,2025-11-07,True,1,0.5072463768115942,0.23291673802601154,0.84,0.7116719484329224,0.6544193218216635,1,65.44,0.5898822435411124,1,58.99,BUY,0.7067,0.4133,Sideways,1.0,0.0,unavailable_no_point_in_time_source,False,5613.12,5624.015625,2025-11-11,5640.849609375,0.2993,1,2025-11-13,5669.56591796875,0.8099,1.0,2025-11-17,5667.0908203125,0.7659,1.0,2025-11-24,5570.0478515625,-0.9596,0.0,1,1,1,1,1,1,0.494,1,1.0,1.0,1.0,1.0,1.0,1.0056,1.0,1.0,1.0,1.0,1.0,1.0,0.9615,1.0,0.0,0.0,0.0,0.0,0.0,-0.7673,0.0,65-70,55-60
AMBER.NS|2025-11-10|ensemble_lr0.20_rf0.30_xgb0.50,AMBER.NS,2025-11-10,ensemble_lr0.20_rf0.30_xgb0.50,2024-11-11,2025-11-10,2025-11-10,2024-12-10,2025-11-07,2025-11-10,226,2025-11-07,True,1,0.45652173913043476,0.5103615902660266,0.18,0.2013344168663025,0.25673952648635656,0,74.33,0.5474137680061593,1,54.74,HOLD,0.4251,-0.1498,High Volatility,-0.335,0.0,unavailable_no_point_in_time_source,False,7227.0,7016.5,2025-11-11,7144.5,1.8243,1,2025-11-13,7122.0,1.5036,1.0,2025-11-17,7443.5,6.0857,1.0,2025-11-24,7043.5,0.3848,1.0,0,0,1,1,0,1,-1.1416,1,0.0,1.0,1.0,0.0,1.0,-1.4529,1.0,0.0,1.0,1.0,0.0,0.0,2.9957,1.0,0.0,1.0,1.0,0.0,1.0,-2.5391,1.0,70-75,50-55
ANGELONE.NS|2025-11-10|ensemble_lr0.20_rf0.30_xgb0.50,ANGELONE.NS,2025-11-10,ensemble_lr0.20_rf0.30_xgb0.50,2024-11-11,2025-11-10,2025-11-10,2024-12-10,2025-11-07,2025-11-10,226,2025-11-07,True,0,0.5072463768115941,0.4688518988218024,0.2,0.2758244574069977,0.2916826084678593,0,70.83,0.42452608490152943,0,57.55,BUY,0.6337,0.2674,High Volatility,0.5,0.0,unavailable_no_point_in_time_source,True,256.69,255.70394897460938,2025-11-11,259.1376953125,1.3429,1,2025-11-13,266.21112060546875,4.1091,1.0,2025-11-17,279.3475036621094,9.2465,1.0,2025-11-24,262.7774353027344,2.7663,1.0,0,0,0,0,0,1,0.9536,1,0.0,0.0,0.0,0.0,1.0,3.7092,1.0,0.0,0.0,0.0,0.0,1.0,8.8268,1.0,0.0,0.0,0.0,0.0,1.0,2.3715,1.0,70-75,55-60
APARINDS.NS|2025-11-10|ensemble_lr0.20_rf0.30_xgb0.50,APARINDS.NS,2025-11-10,ensemble_lr0.20_rf0.30_xgb0.50,2024-11-11,2025-11-10,2025-11-10,2024-12-10,2025-11-07,2025-11-10,226,2025-11-07,True,0,0.5652173913043478,0.24094959478893227,0.18,0.15508820116519928,0.1797340195403861,0,82.03,0.3234714927072697,0,67.65,HOLD,0.4377,-0.1247,High Volatility,-0.165,0.0,unavailable_no_point_in_time_source,False,8251.85,8251.3525390625,2025-11-11,8501.484375,3.0314,1,2025-11-13,8843.7958984375,7.18,1.0,2025-11-17,9198.564453125,11.4795,1.0,2025-11-24,8861.7333984375,7.3973,1.0,0,0,0,0,0,0,3.0252,0,0.0,0.0,0.0,0.0,0.0,7.1735,0.0,0.0,0.0,0.0,0.0,0.0,11.4728,0.0,0.0,0.0,0.0,0.0,0.0,7.3909,0.0,80-85,65-70
APOLLOHOSP.NS|2025-11-10|ensemble_lr0.20_rf0.30_xgb0.50,APOLLOHOSP.NS,2025-11-10,ensemble_lr0.20_rf0.30_xgb0.50,2024-11-11,2025-11-10,2025-11-10,2024-12-10,2025-11-07,2025-11-10,226,2025-11-07,True,0,0.5652173913043478,0.45911028799986703,0.1,0.1413036286830902,0.19247387194151852,0,80.75,0.3633074612920367,0,63.67,HOLD,0.4506,-0.0988,Sideways,-0.165,0.0,unavailable_no_point_in_time_source,False,7622.99,7510.77392578125,2025-11-11,7482.3447265625,-0.3785,0,2025-11-13,7421.9951171875,-1.182,0.0,2025-11-17,7468.87841796875,-0.5578,0.0,2025-11-24,7336.20849609375,-2.3242,0.0,0,1,1,1,1,1,-1.845,1,1.0,1.0,1.0,1.0,1.0,-2.6367,1.0,1.0,1.0,1.0,1.0,1.0,-2.0217,1.0,1.0,1.0,1.0,1.0,1.0,-3.7621,0.0,80-85,60-65
APOLLOTYRE.NS|2025-11-10|ensemble_lr0.20_rf0.30_xgb0.50,APOLLOTYRE.NS,2025-11-10,ensemble_lr0.20_rf0.30_xgb0.50,2024-11-11,2025-11-10,2025-11-10,2024-12-10,2025-11-07,2025-11-10,226,2025-11-07,True,0,0.5072463768115942,0.6463353094260645,0.78,0.6280287504196167,0.6772814370950213,1,67.73,0.4807365727688474,0,51.93,STRONG BUY,0.7422,0.4844,Bullish,1.0,0.0,unavailable_no_point_in_time_source,True,508.92,515.4412841796875,2025-11-11,513.8613891601562,-0.3065,0,2025-11-13,530.154052734375,2.8544,1.0,2025-11-17,507.541748046875,-1.5326,0.0,2025-11-24,521.5139770507812,1.1782,1.0,1,0,1,1,0,0,0.971,1,1.0,0.0,0.0,1.0,1.0,4.1724,1.0,0.0,1.0,1.0,0.0,0.0,-0.2708,0.0,1.0,0.0,0.0,1.0,1.0,2.4746,1.0,65-70,50-55
ASHOKLEY.NS|2025-11-10|ensemble_lr0.20_rf0.30_xgb0.50,ASHOKLEY.NS,2025-11-10,ensemble_lr0.20_rf0.30_xgb0.50,2024-11-11,2025-11-10,2025-11-10,2024-12-10,2025-11-07,2025-11-10,226,2025-11-07,True,1,0.4420289855072464,0.6282893349399191,0.86,0.7746354341506958,0.7709755840633318,1,77.1,0.507101183919536,1,50.71,BUY,0.7034,0.4067,Bullish,0.835,0.0,unavailable_no_point_in_time_source,True,137.97,138.95118713378906,2025-11-11,142.6232147216797,2.6427,1,2025-11-13,146.89097595214844,5.7141,1.0,2025-11-17,144.97683715820312,4.3365,1.0,2025-11-24,142.16481018066406,2.3128,1.0,1,1,1,1,1,1,3.3726,1,1.0,1.0,1.0,1.0,1.0,6.4659,1.0,1.0,1.0,1.0,1.0,1.0,5.0785,1.0,1.0,1.0,1.0,1.0,1.0,3.0404,1.0,75-80,50-55
ASIANPAINT.NS|2025-11-10|ensemble_lr0.20_rf0.30_xgb0.50,ASIANPAINT.NS,2025-11-10,ensemble_lr0.20_rf0.30_xgb0.50,2024-11-11,2025-11-10,2025-11-10,2024-12-10,2025-11-07,2025-11-10,226,2025-11-07,True,0,0.4855072463768116,0.4058506364685175,0.76,0.6145410537719727,0.6164406541796899,1,61.64,0.39376470306920675,0,60.62,STRONG BUY,0.7397,0.4794,Bullish,0.835,0.0,unavailable_no_point_in_time_source,False,2587.28,2623.508544921875,2025-11-11,2630.239501953125,0.2566,1,2025-11-13,2850.184814453125,8.6402,1.0,2025-11-17,2858.5986328125,8.9609,1.0,2025-11-24,2854.434814453125,8.8022,1.0,1,1,0,0,1,1,1.6604,1,1.0,0.0,0.0,1.0,1.0,10.1614,1.0,1.0,0.0,0.0,1.0,1.0,10.4866,1.0,1.0,0.0,0.0,1.0,1.0,10.3257,1.0,60-65,60-65
ASTRAL.NS|2025-11-10|ensemble_lr0.20_rf0.30_xgb0.50,ASTRAL.NS,2025-11-10,ensemble_lr0.20_rf0.30_xgb0.50,2024-11-11,2025-11-10,2025-11-10,2024-12-10,2025-11-07,2025-11-10,226,2025-11-07,True,0,0.39855072463768115,0.5059441957661265,0.7,0.7190573215484619,0.6707174999274562,1,67.07,0.2341577446103359,0,76.58,BUY,0.7097,0.4194,Bullish,0.5,0.0,unavailable_no_point_in_time_source,False,1553.37,1564.439453125,2025-11-11,1553.35693359375,-0.7084,0,2025-11-13,1548.1650390625,-1.0403,0.0,2025-11-17,1463.3983154296875,-6.4586,0.0,2025-11-24,1470.886474609375,-5.98,0.0,1,0,1,1,0,0,-0.0008,0,0.0,1.0,1.0,0.0,0.0,-0.3351,0.0,0.0,1.0,1.0,0.0,0.0,-5.792,0.0,0.0,1.0,1.0,0.0,0.0,-5.31,0.0,65-70,75-80
AUBANK.NS|2025-11-10|ensemble_lr0.20_rf0.30_xgb0.50,AUBANK.NS,2025-11-10,ensemble_lr0.20_rf0.30_xgb0.50,2024-11-11,2025-11-10,2025-11-10,2024-12-10,2025-11-07,2025-11-10,226,2025-11-07,True,1,0.4710144927536232,0.7069612200196551,0.8,0.7363494634628296,0.7495669757353458,1,74.96,0.5820839341358534,1,58.21,STRONG BUY,0.7767,0.5535,Bullish,1.0,0.0,unavailable_no_point_in_time_source,False,907.82,913.712646484375,2025-11-11,888.5371704101562,-2.7553,0,2025-11-13,885.8397216796875,-3.0505,0.0,2025-11-17,911.8145141601562,-0.2077,0.0,2025-11-24,924.2024536132812,1.148,1.0,1,0,0,0,0,0,-2.1241,0,0.0,0.0,0.0,0.0,0.0,-2.4212,0.0,0.0,0.0,0.0,0.0,0.0,0.44,1.0,1.0,1.0,1.0,1.0,1.0,1.8046,1.0,70-75,55-60
AXISBANK.NS|2025-11-10|ensemble_lr0.20_rf0.30_xgb0.50,AXISBANK.NS,2025-11-10,ensemble_lr0.20_rf0.30_xgb0.50,2024-11-11,2025-11-10,2025-11-10,2024-12-10,2025-11-07,2025-11-10,226,2025-11-07,True,0,0.4565217391304348,0.5498845314331151,0.18,0.3461773693561554,0.33706559096470073,0,66.29,0.3968188496592316,0,60.32,HOLD,0.5558,0.1116,Bullish,0.5,0.0,unavailable_no_point_in_time_source,True,1221.86,1216.0621337890625,2025-11-11,1221.557861328125,0.4519,1,2025-11-13,1224.2557373046875,0.6738,1.0,2025-11-17,1248.636962890625,2.6787,1.0,2025-11-24,1268.0220947265625,4.2728,1.0,0,0,0,0,0,1,-0.0247,1,0.0,0.0,0.0,0.0,1.0,0.1961,1.0,0.0,0.0,0.0,0.0,1.0,2.1915,1.0,0.0,0.0,0.0,0.0,0.0,3.778,0.0,65-70,60-65
BAJAJ-AUTO.NS|2025-11-10|ensemble_lr0.20_rf0.30_xgb0.50,BAJAJ-AUTO.NS,2025-11-10,ensemble_lr0.20_rf0.30_xgb0.50,2024-11-11,2025-11-10,2025-11-10,2024-12-10,2025-11-07,2025-11-10,226,2025-11-07,True,1,0.5434782608695653,0.6314215160177783,0.84,0.6467013359069824,0.7016349711570469,1,70.16,0.6787296976511166,1,67.87,HOLD,0.5783,0.1566,Sideways,0.0,0.0,unavailable_no_point_in_time_source,False,8600.46,8650.2626953125,2025-11-11,8771.5556640625,1.4022,1,2025-11-13,8744.4365234375,1.0887,1.0,2025-11-17,8821.3544921875,1.9779,1.0,2025-11-24,8882.494140625,2.6847,1.0,1,1,1,1,1,1,1.9894,1,1.0,1.0,1.0,1.0,1.0,1.6741,1.0,1.0,1.0,1.0,1.0,1.0,2.5684,1.0,1.0,1.0,1.0,1.0,1.0,3.2793,0.0,70-75,65-70
BAJAJFINSV.NS|2025-11-10|ensemble_lr0.20_rf0.30_xgb0.50,BAJAJFINSV.NS,2025-11-10,ensemble_lr0.20_rf0.30_xgb0.50,2024-11-11,2025-11-10,2025-11-10,2024-12-10,2025-11-07,2025-11-10,226,2025-11-07,True,0,0.5072463768115942,0.4127974671885285,0.72,0.5337721705436707,0.565445578709541,1,56.54,0.31572391156354535,0,68.43,BUY,0.6062,0.2123,Sideways,0.335,0.0,unavailable_no_point_in_time_source,True,2100.31,2116.493896484375,2025-11-11,1987.703857421875,-6.0851,0,2025-11-13,2054.44677734375,-2.9316,0.0,2025-11-17,2077.8271484375,-1.8269,0.0,2025-11-24,2029.068603515625,-4.1307,0.0,1,0,1,1,0,0,-5.3614,0,0.0,1.0,1.0,0.0,0.0,-2.1836,0.0,0.0,1.0,1.0,0.0,0.0,-1.0705,0.0,0.0,1.0,1.0,0.0,0.0,-3.3919,0.0,55-60,65-70
BAJFINANCE.NS|2025-11-10|ensemble_lr0.20_rf0.30_xgb0.50,BAJFINANCE.NS,2025-11-10,ensemble_lr0.20_rf0.30_xgb0.50,2024-11-11,2025-11-10,2025-11-10,2024-12-10,2025-11-07,2025-11-10,226,2025-11-07,True,1,0.3913043478260869,0.5442505376681217,0.86,0.7553675770759583,0.7445338960716035,1,74.45,0.5802732413702716,1,58.03,BUY,0.6748,0.3496,Bullish,0.5,0.0,unavailable_no_point_in_time_source,False,1060.08,1078.3709716796875,2025-11-11,999.05859375,-7.3548,0,2025-11-13,999.2573852539062,-7.3364,0.0,2025-11-17,1020.5266723632812,-5.364,0.0,2025-11-24,987.927001953125,-8.3871,0.0,1,0,0,0,0,0,-5.7563,0,0.0,0.0,0.0,0.0,0.0,-5.7375,0.0,0.0,0.0,0.0,0.0,0.0,-3.7312,0.0,0.0,0.0,0.0,0.0,0.0,-6.8064,0.0,70-75,55-60
BEL.NS|2025-11-10|ensemble_lr0.20_rf0.30_xgb0.50,BEL.NS,2025-11-10,ensemble_lr0.20_rf0.30_xgb0.50,2024-11-11,2025-11-10,2025-11-10,2024-12-10,2025-11-07,2025-11-10,226,2025-11-07,True,0,0.43478260869565216,0.5180463626743059,0.86,0.7697633504867554,0.7464909477782389,1,74.65,0.5628942584087613,1,56.29,BUY,0.5948,0.1895,Sideways,0.165,0.0,unavailable_no_point_in_time_source,False,411.93,414.52020263671875,2025-11-11,424.9117736816406,2.5069,1,2025-11-13,417.45367431640625,0.7077,1.0,2025-11-17,422.1771240234375,1.8472,1.0,2025-11-24,401.5431213378906,-3.1306,0.0,1,1,1,0,1,1,3.1515,1,1.0,1.0,0.0,1.0,1.0,1.3409,1.0,1.0,1.0,0.0,1.0,1.0,2.4876,1.0,0.0,0.0,1.0,0.0,0.0,-2.5215,0.0,70-75,55-60
BPCL.NS|2025-11-10|ensemble_lr0.20_rf0.30_xgb0.50,BPCL.NS,2025-11-10,ensemble_lr0.20_rf0.30_xgb0.50,2024-11-11,2025-11-10,2025-11-10,2024-12-10,2025-11-07,2025-11-10,226,2025-11-07,True,0,0.5072463768115942,0.46175968251933736,0.16,0.16166354715824127,0.2211837100829881,0,77.88,0.47432010723913115,0,52.57,BUY,0.6407,0.2815,Bullish,1.0,0.0,unavailable_no_point_in_time_source,False,357.08,355.1321716308594,2025-11-11,363.88525390625,2.4647,1,2025-11-13,364.663330078125,2.6838,1.0,2025-11-17,363.9825134277344,2.4921,1.0,2025-11-24,349.7830505371094,-1.5062,0.0,0,0,0,0,0,1,1.9058,1,0.0,0.0,0.0,0.0,1.0,2.1237,1.0,0.0,0.0,0.0,0.0,1.0,1.933,1.0,1.0,1.0,1.0,1.0,0.0,-2.0435,0.0,75-80,50-55
AARTIIND.NS|2025-11-17|ensemble_lr0.20_rf0.30_xgb0.50,AARTIIND.NS,2025-11-17,ensemble_lr0.20_rf0.30_xgb0.50,2024-11-18,2025-11-17,2025-11-17,2024-12-16,2025-11-14,2025-11-17,227,2025-11-14,True,0,0.5289855072463768,0.45478300042609776,0.86,0.7724291086196899,0.7351711543950645,1,73.52,0.38929366692665357,0,61.07,BUY,0.6069,0.2137,Bullish,0.165,0.0,unavailable_no_point_in_time_source,True,392.22,394.5157470703125,2025-11-18,389.0266418457031,-1.3914,0,2025-11-20,386.08251953125,-2.1376,0.0,2025-11-24,380.04449462890625,-3.6681,0.0,2025-12-01,379.6952209472656,-3.7566,0.0,1,0,1,1,0,0,-0.8142,0,0.0,1.0,1.0,0.0,0.0,-1.5648,0.0,0.0,1.0,1.0,0.0,0.0,-3.1043,0.0,0.0,1.0,1.0,0.0,0.0,-3.1933,0.0,70-75,60-65
AAVAS.NS|2025-11-17|ensemble_lr0.20_rf0.30_xgb0.50,AAVAS.NS,2025-11-17,ensemble_lr0.20_rf0.30_xgb0.50,2024-11-18,2025-11-17,2025-11-17,2024-12-16,2025-11-14,2025-11-17,227,2025-11-14,True,0,0.5942028985507247,0.30265911114800775,0.08,0.15011855959892273,0.1595911020290629,0,84.04,0.4502552745701863,0,54.97,HOLD,0.4317,-0.1366,High Volatility,0.165,0.0,unavailable_no_point_in_time_source,False,1712.2,1690.0,2025-11-18,1671.4000244140625,-1.1006,0,2025-11-20,1635.5999755859375,-3.2189,0.0,2025-11-24,1669.5999755859375,-1.2071,0.0,2025-12-01,1516.300048828125,-10.2781,0.0,0,1,1,1,1,1,-2.3829,1,1.0,1.0,1.0,1.0,0.0,-4.4738,0.0,1.0,1.0,1.0,1.0,1.0,-2.488,1.0,1.0,1.0,1.0,1.0,0.0,-11.4414,0.0,80-85,50-55
ABCAPITAL.NS|2025-11-17|ensemble_lr0.20_rf0.30_xgb0.50,ABCAPITAL.NS,2025-11-17,ensemble_lr0.20_rf0.30_xgb0.50,2024-11-18,2025-11-17,2025-11-17,2024-12-16,2025-11-14,2025-11-17,227,2025-11-14,True,1,0.5797101449275363,0.6742593706145465,0.8,0.7941850423812866,0.7719443953135526,1,77.19,0.4487933416282929,0,55.12,STRONG BUY,0.7885,0.577,Bullish,1.0,0.0,unavailable_no_point_in_time_source,True,331.4,334.79998779296875,2025-11-18,333.1000061035156,-0.5078,0,2025-11-20,327.8500061035156,-2.0759,0.0,2025-11-24,331.8500061035156,-0.8811,0.0,2025-12-01,356.1000061035156,6.362,1.0,1,0,1,0,0,0,0.513,1,0.0,1.0,0.0,0.0,0.0,-1.0712,0.0,0.0,1.0,0.0,0.0,0.0,0.1358,1.0,1.0,0.0,1.0,1.0,1.0,7.4532,1.0,75-80,55-60
ABFRL.NS|2025-11-17|ensemble_lr0.20_rf0.30_xgb0.50,ABFRL.NS,2025-11-17,ensemble_lr0.20_rf0.30_xgb0.50,2024-11-18,2025-11-17,2025-11-17,2024-12-16,2025-11-14,2025-11-17,227,2025-11-14,True,0,0.4202898550724638,0.5000121742763124,0.16,0.2514652609825134,0.2737350653465192,0,72.63,0.3645815460241883,0,63.54,SELL,0.3708,-0.2583,High Volatility,-0.5,0.0,unavailable_no_point_in_time_source,True,78.44,78.22000122070312,2025-11-18,77.83000183105469,-0.4986,0,2025-11-20,78.37999725341797,0.2045,1.0,2025-11-24,75.66000366210938,-3.2728,0.0,2025-12-01,76.61000061035156,-2.0583,0.0,0,1,1,1,1,1,-0.7777,1,0.0,0.0,0.0,0.0,0.0,-0.0765,1.0,1.0,1.0,1.0,1.0,1.0,-3.5441,1.0,1.0,1.0,1.0,1.0,1.0,-2.333,1.0,70-75,60-65
ACC.NS|2025-11-17|ensemble_lr0.20_rf0.30_xgb0.50,ACC.NS,2025-11-17,ensemble_lr0.20_rf0.30_xgb0.50,2024-11-18,2025-11-17,2025-11-17,2024-12-16,2025-11-14,2025-11-17,227,2025-11-14,True,0,0.5217391304347826,0.5163142775881416,0.82,0.889150083065033,0.7938378970501447,1,79.38,0.6002212646409264,1,60.02,HOLD,0.5117,0.0233,Sideways,-0.165,0.0,unavailable_no_point_in_time_source,False,1829.71,1836.076171875,2025-11-18,1828.1221923828125,-0.4332,0,2025-11-20,1840.7491455078125,0.2545,1.0,2025-11-24,1902.690673828125,3.6281,1.0,2025-12-01,1839.8543701171875,0.2058,1.0,1,0,0,1,0,1,-0.0868,1,1.0,1.0,0.0,1.0,1.0,0.6033,1.0,1.0,1.0,0.0,1.0,0.0,3.9886,0.0,1.0,1.0,0.0,1.0,1.0,0.5544,1.0,75-80,60-65
ADANIENT.NS|2025-11-17|ensemble_lr0.20_rf0.30_xgb0.50,ADANIENT.NS,2025-11-17,ensemble_lr0.20_rf0.30_xgb0.50,2024-11-18,2025-11-17,2025-11-17,2024-12-16,2025-11-14,2025-11-17,227,2025-11-14,True,0,0.5434782608695653,0.7539423277469255,0.86,0.8939176201820374,0.8557472756404038,1,85.57,0.6289099858908721,1,62.89,HOLD,0.5588,0.1176,Sideways,-0.165,0.0,unavailable_no_point_in_time_source,True,2438.91,2460.899658203125,2025-11-18,2435.7109375,-1.0236,0,2025-11-20,2445.0068359375,-0.6458,0.0,2025-11-24,2398.127685546875,-2.5508,0.0,2025-12-01,2260.989013671875,-8.1235,0.0,1,0,0,1,0,1,-0.1312,1,0.0,0.0,1.0,0.0,1.0,0.25,1.0,0.0,0.0,1.0,0.0,1.0,-1.6722,1.0,0.0,0.0,1.0,0.0,0.0,-7.2951,0.0,85-90,60-65
ADANIPORTS.NS|2025-11-17|ensemble_lr0.20_rf0.30_xgb0.50,ADANIPORTS.NS,2025-11-17,ensemble_lr0.20_rf0.30_xgb0.50,2024-11-18,2025-11-17,2025-11-17,2024-12-16,2025-11-14,2025-11-17,227,2025-11-14,True,0,0.5072463768115941,0.2665811843839431,0.24,0.17219682037830353,0.21141464706594038,0,78.86,0.29954637094175063,0,70.05,HOLD,0.5611,0.1223,Sideways,1.0,0.0,unavailable_no_point_in_time_source,True,1506.35,1501.27294921875,2025-11-18,1488.725830078125,-0.8358,0,2025-11-20,1484.8421630859375,-1.0945,0.0,2025-11-24,1479.6640625,-1.4394,0.0,2025-12-01,1524.076904296875,1.519,1.0,0,1,1,1,1,1,-1.17,1,1.0,1.0,1.0,1.0,1.0,-1.4278,1.0,1.0,1.0,1.0,1.0,1.0,-1.7716,1.0,0.0,0.0,0.0,0.0,1.0,1.1768,1.0,75-80,70-75
AETHER.NS|2025-11-17|ensemble_lr0.20_rf0.30_xgb0.50,AETHER.NS,2025-11-17,ensemble_lr0.20_rf0.30_xgb0.50,2024-11-18,2025-11-17,2025-11-17,2024-12-16,2025-11-14,2025-11-17,227,2025-11-14,True,0,0.5144927536231884,0.8781713863761934,0.76,0.7027586698532104,0.7550136122018439,1,75.5,0.43575775018525875,0,56.42,STRONG BUY,0.7377,0.4754,Bullish,0.5,0.0,unavailable_no_point_in_time_source,False,838.9,847.4000244140625,2025-11-18,876.5499877929688,3.4399,1,2025-11-20,895.5499877929688,5.6821,1.0,2025-11-24,919.25,8.4789,1.0,2025-12-01,902.3499755859375,6.4845,1.0,1,1,0,0,1,1,4.488,1,1.0,0.0,0.0,1.0,1.0,6.7529,1.0,1.0,0.0,0.0,1.0,1.0,9.578,1.0,1.0,0.0,0.0,1.0,1.0,7.5635,1.0,75-80,55-60
AIAENG.NS|2025-11-17|ensemble_lr0.20_rf0.30_xgb0.50,AIAENG.NS,2025-11-17,ensemble_lr0.20_rf0.30_xgb0.50,2024-11-18,2025-11-17,2025-11-17,2024-12-16,2025-11-14,2025-11-17,227,2025-11-14,True,0,0.5,0.6378757542011604,0.76,0.7213547825813293,0.7162525421308967,1,71.63,0.38020491312938837,0,61.98,STRONG BUY,0.7254,0.4509,Bullish,0.665,0.0,unavailable_no_point_in_time_source,False,3679.17,3746.3173828125,2025-11-18,3697.7001953125,-1.2977,0,2025-11-20,3825.220947265625,2.1062,1.0,2025-11-24,3720.6142578125,-0.6861,0.0,2025-12-01,3839.666748046875,2.4918,1.0,1,0,1,1,0,0,0.5037,1,1.0,0.0,0.0,1.0,1.0,3.9697,1.0,0.0,1.0,1.0,0.0,0.0,1.1265,1.0,1.0,0.0,0.0,1.0,1.0,4.3623,1.0,70-75,60-65
AJANTPHARM.NS|2025-11-17|ensemble_lr0.20_rf0.30_xgb0.50,AJANTPHARM.NS,2025-11-17,ensemble_lr0.20_rf0.30_xgb0.50,2024-11-18,2025-11-17,2025-11-17,2024-12-16,2025-11-14,2025-11-17,227,2025-11-14,True,0,0.5144927536231884,0.15593455428844286,0.14,0.1688561588525772,0.15761499028397719,0,84.24,0.19166408438693308,0,80.83,HOLD,0.5541,0.1083,Bullish,0.165,0.0,unavailable_no_point_in_time_source,False,2500.29,2481.269287109375,2025-11-18,2435.7861328125,-1.8331,0,2025-11-20,2487.908447265625,0.2676,1.0,2025-11-24,2492.36767578125,0.4473,1.0,2025-12-01,2539.33740234375,2.3403,1.0,0,1,1,1,1,1,-2.5799,1,0.0,0.0,0.0,0.0,1.0,-0.4952,1.0,0.0,0.0,0.0,0.0,1.0,-0.3169,1.0,0.0,0.0,0.0,0.0,1.0,1.5617,1.0,80-85,80-85
ALEMBICLTD.NS|2025-11-17|ensemble_lr0.20_rf0.30_xgb0.50,ALEMBICLTD.NS,2025-11-17,ensemble_lr0.20_rf0.30_xgb0.50,2024-11-18,2025-11-17,2025-11-17,2024-12-16,2025-11-14,2025-11-17,227,2025-11-14,True,0,0.5652173913043478,0.38216173035809303,0.8,0.7306254506111145,0.6817450713771759,1,68.17,0.4170198302361142,0,58.3,HOLD,0.5375,0.075,Sideways,-0.335,0.0,unavailable_no_point_in_time_source,False,98.69,99.3587646484375,2025-11-18,97.34295654296875,-2.0288,0,2025-11-20,96.3593978881836,-3.0187,0.0,2025-11-24,95.30767822265625,-4.0772,0.0,2025-12-01,97.59615325927734,-1.774,0.0,1,0,1,1,0,1,-1.3649,1,0.0,1.0,1.0,0.0,0.0,-2.3615,1.0,0.0,1.0,1.0,0.0,0.0,-3.4272,0.0,0.0,1.0,1.0,0.0,1.0,-1.1084,1.0,65-70,55-60
ALKEM.NS|2025-11-17|ensemble_lr0.20_rf0.30_xgb0.50,ALKEM.NS,2025-11-17,ensemble_lr0.20_rf0.30_xgb0.50,2024-11-18,2025-11-17,2025-11-17,2024-12-16,2025-11-14,2025-11-17,227,2025-11-14,True,1,0.5144927536231884,0.20543720949462985,0.88,0.8119540214538574,0.7110644526258547,1,71.11,0.315266642413496,0,68.47,BUY,0.6911,0.3823,Sideways,1.0,0.0,unavailable_no_point_in_time_source,False,5666.6,5667.0908203125,2025-11-18,5657.18798828125,-0.1747,0,2025-11-20,5644.3154296875,-0.4019,0.0,2025-11-24,5570.0478515625,-1.7124,0.0,2025-12-01,5554.69921875,-1.9832,0.0,1,0,1,0,0,0,-0.1661,0,0.0,1.0,0.0,0.0,0.0,-0.3933,0.0,0.0,1.0,0.0,0.0,0.0,-1.7039,0.0,0.0,1.0,0.0,0.0,0.0,-1.9747,0.0,70-75,65-70
AMBER.NS|2025-11-17|ensemble_lr0.20_rf0.30_xgb0.50,AMBER.NS,2025-11-17,ensemble_lr0.20_rf0.30_xgb0.50,2024-11-18,2025-11-17,2025-11-17,2024-12-16,2025-11-14,2025-11-17,227,2025-11-14,True,1,0.43478260869565216,0.5990421195504001,0.72,0.7899194955825806,0.7307681717013703,1,73.08,0.32293243322759324,0,67.71,HOLD,0.4781,-0.0438,High Volatility,-0.5,0.0,unavailable_no_point_in_time_source,False,7376.0,7443.5,2025-11-18,7356.0,-1.1755,0,2025-11-20,7256.5,-2.5123,0.0,2025-11-24,7043.5,-5.3738,0.0,2025-12-01,7072.5,-4.9842,0.0,1,0,1,0,0,1,-0.2711,1,0.0,1.0,0.0,0.0,1.0,-1.6201,1.0,0.0,1.0,0.0,0.0,0.0,-4.5079,0.0,0.0,1.0,0.0,0.0,0.0,-4.1147,0.0,70-75,65-70
ANGELONE.NS|2025-11-17|ensemble_lr0.20_rf0.30_xgb0.50,ANGELONE.NS,2025-11-17,ensemble_lr0.20_rf0.30_xgb0.50,2024-11-18,2025-11-17,2025-11-17,2024-12-16,2025-11-14,2025-11-17,227,2025-11-14,True,1,0.4275362318840579,0.5636970178189243,0.92,0.9053438305854797,0.8414113188565248,1,84.14,0.7083787975730977,1,70.84,BUY,0.7174,0.4349,Bullish,0.5,0.0,unavailable_no_point_in_time_source,False,269.33,279.3475036621094,2025-11-18,274.0498046875,-1.8965,0,2025-11-20,276.1002197265625,-1.1625,0.0,2025-11-24,262.7774353027344,-5.9317,0.0,2025-12-01,271.1065979003906,-2.9501,0.0,1,0,0,0,0,0,1.7524,1,0.0,0.0,0.0,0.0,0.0,2.5137,1.0,0.0,0.0,0.0,0.0,0.0,-2.4329,0.0,0.0,0.0,0.0,0.0,0.0,0.6596,1.0,80-85,70-75
APARINDS.NS|2025-11-17|ensemble_lr0.20_rf0.30_xgb0.50,APARINDS.NS,2025-11-17,ensemble_lr0.20_rf0.30_xgb0.50,2024-11-18,2025-11-17,2025-11-17,2024-12-16,2025-11-14,2025-11-17,227,2025-11-14,True,0,0.5144927536231884,0.21019226251420864,0.74,0.6435524225234985,0.585814663764591,1,58.58,0.467390404823709,0,53.26,BUY,0.6983,0.3965,High Volatility,0.67,0.0,unavailable_no_point_in_time_source,False,9039.62,9198.564453125,2025-11-18,9284.7646484375,0.9371,1,2025-11-20,9199.560546875,0.0108,1.0,2025-11-24,8861.7333984375,-3.6618,0.0,2025-12-01,8943.9482421875,-2.768,0.0,1,1,0,0,1,1,2.7119,1,1.0,0.0,0.0,1.0,1.0,1.7693,1.0,0.0,1.0,1.0,0.0,0.0,-1.9679,0.0,0.0,1.0,1.0,0.0,0.0,-1.0584,0.0,55-60,50-55
APOLLOHOSP.NS|2025-11-17|ensemble_lr0.20_rf0.30_xgb0.50,APOLLOHOSP.NS,2025-11-17,ensemble_lr0.20_rf0.30_xgb0.50,2024-11-18,2025-11-17,2025-11-17,2024-12-16,2025-11-14,2025-11-17,227,2025-11-14,True,0,0.5072463768115941,0.4549684950720186,0.78,0.7180286645889282,0.6840080313088679,1,68.4,0.5779947796724636,1,57.8,HOLD,0.4526,-0.0949,Bearish,-0.335,0.0,unavailable_no_point_in_time_source,False,7402.04,7468.87841796875,2025-11-18,7367.1318359375,-1.3623,0,2025-11-20,7404.53857421875,-0.8614,0.0,2025-11-24,7336.20849609375,-1.7763,0.0,2025-12-01,7269.37548828125,-2.6711,0.0,1,0,0,1,0,1,-0.4716,1,0.0,0.0,1.0,0.0,1.0,0.0338,1.0,0.0,0.0,1.0,0.0,1.0,-0.8894,1.0,0.0,0.0,1.0,0.0,1.0,-1.7923,1.0,65-70,55-60
APOLLOTYRE.NS|2025-11-17|ensemble_lr0.20_rf0.30_xgb0.50,APOLLOTYRE.NS,2025-11-17,ensemble_lr0.20_rf0.30_xgb0.50,2024-11-18,2025-11-17,2025-11-17,2024-12-16,2025-11-14,2025-11-17,227,2025-11-14,True,0,0.4420289855072464,0.5427389362492073,0.22,0.29591336846351624,0.3225044714815996,0,67.75,0.5457865978881711,1,54.58,BUY,0.6124,0.2248,Bullish,0.835,0.0,unavailable_no_point_in_time_source,True,512.18,507.541748046875,2025-11-18,516.2311401367188,1.7121,1,2025-11-20,512.7257690429688,1.0214,1.0,2025-11-24,521.5139770507812,2.7529,1.0,2025-12-01,509.8622131347656,0.4572,1.0,0,0,1,0,0,1,0.791,1,0.0,1.0,0.0,0.0,1.0,0.1066,1.0,0.0,1.0,0.0,0.0,1.0,1.8224,1.0,0.0,1.0,0.0,0.0,1.0,-0.4525,0.0,65-70,50-55
ASHOKLEY.NS|2025-11-17|ensemble_lr0.20_rf0.30_xgb0.50,ASHOKLEY.NS,2025-11-17,ensemble_lr0.20_rf0.30_xgb0.50,2024-11-18,2025-11-17,2025-11-17,2024-12-16,2025-11-14,2025-11-17,227,2025-11-14,True,1,0.45652173913043476,0.5543403655263294,0.78,0.807682454586029,0.7487093003982803,1,74.87,0.5421129686010304,1,54.21,STRONG BUY,0.7822,0.5644,Bullish,1.0,0.0,unavailable_no_point_in_time_source,True,144.79,144.97683715820312,2025-11-18,144.76052856445312,-0.1492,0,2025-11-20,143.78713989257812,-0.8206,0.0,2025-11-24,142.16481018066406,-1.9396,0.0,2025-12-01,157.61131286621094,8.7148,1.0,1,0,0,0,0,0,-0.0204,0,0.0,0.0,0.0,0.0,0.0,-0.6926,0.0,0.0,0.0,0.0,0.0,0.0,-1.8131,0.0,1.0,1.0,1.0,1.0,1.0,8.8551,1.0,70-75,50-55
ASIANPAINT.NS|2025-11-17|ensemble_lr0.20_rf0.30_xgb0.50,ASIANPAINT.NS,2025-11-17,ensemble_lr0.20_rf0.30_xgb0.50,2024-11-18,2025-11-17,2025-11-17,2024-12-16,2025-11-14,2025-11-17,227,2025-11-14,True,1,0.39855072463768115,0.22241518639925298,0.28,0.24005064368247986,0.24850835912109054,0,75.15,0.31378839499408906,0,68.62,BUY,0.6488,0.2976,Bullish,0.835,0.0,unavailable_no_point_in_time_source,False,2876.91,2858.5986328125,2025-11-18,2881.00439453125,0.7838,1,2025-11-20,2835.201904296875,-0.8185,0.0,2025-11-24,2854.434814453125,-0.1457,0.0,2025-12-01,2842.934814453125,-0.548,0.0,0,0,0,1,0,1,0.1423,1,1.0,1.0,0.0,1.0,0.0,-1.4498,0.0,1.0,1.0,0.0,1.0,0.0,-0.7812,0.0,1.0,1.0,0.0,1.0,0.0,-1.181,0.0,75-80,65-70
ASTRAL.NS|2025-11-17|ensemble_lr0.20_rf0.30_xgb0.50,ASTRAL.NS,2025-11-17,ensemble_lr0.20_rf0.30_xgb0.50,2024-11-18,2025-11-17,2025-11-17,2024-12-16,2025-11-14,2025-11-17,227,2025-11-14,True,0,0.391304347826087,0.2714251966497925,0.24,0.17442633211612701,0.213498205388022,0,78.65,0.7728315487544715,1,77.28,HOLD,0.5711,0.1422,Bullish,0.335,0.0,unavailable_no_point_in_time_source,True,1511.62,1463.3983154296875,2025-11-18,1447.5233154296875,-1.0848,0,2025-11-20,1460.103515625,-0.2251,0.0,2025-11-24,1470.886474609375,0.5117,1.0,2025-12-01,1438.2379150390625,-1.7193,0.0,0,1,0,1,1,1,-4.2403,0,1.0,0.0,1.0,1.0,1.0,-3.408,0.0,0.0,1.0,0.0,0.0,1.0,-2.6947,1.0,1.0,0.0,1.0,1.0,1.0,-4.8545,0.0,75-80,75-80
AUBANK.NS|2025-11-17|ensemble_lr0.20_rf0.30_xgb0.50,AUBANK.NS,2025-11-17,ensemble_lr0.20_rf0.30_xgb0.50,2024-11-18,2025-11-17,2025-11-17,2024-12-16,2025-11-14,2025-11-17,227,2025-11-14,True,1,0.4275362318840579,0.5858435148983989,0.9,0.8230794072151184,0.798708406587239,1,79.87,0.6337885329134959,1,63.38,STRONG BUY,0.7373,0.4747,Bullish,0.665,0.0,unavailable_no_point_in_time_source,False,889.74,911.8145141601562,2025-11-18,919.25732421875,0.8163,1,2025-11-20,918.4080810546875,0.7231,1.0,2025-11-24,924.2024536132812,1.3586,1.0,2025-12-01,949.5778198242188,4.1416,1.0,1,1,1,1,1,1,3.3175,1,1.0,1.0,1.0,1.0,1.0,3.2221,1.0,1.0,1.0,1.0,1.0,1.0,3.8733,1.0,1.0,1.0,1.0,1.0,1.0,6.7253,1.0,75-80,60-65
AXISBANK.NS|2025-11-17|ensemble_lr0.20_rf0.30_xgb0.50,AXISBANK.NS,2025-11-17,ensemble_lr0.20_rf0.30_xgb0.50,2024-11-18,2025-11-17,2025-11-17,2024-12-16,2025-11-14,2025-11-17,227,2025-11-14,True,0,0.3768115942028986,0.440201267502487,0.78,0.6775364279747009,0.6608084674878478,1,66.08,0.4489878621597477,0,55.1,BUY,0.7075,0.415,Bullish,0.665,0.0,unavailable_no_point_in_time_source,False,1240.64,1248.636962890625,2025-11-18,1264.4249267578125,1.2644,1,2025-11-20,1284.2095947265625,2.8489,1.0,2025-11-24,1268.0220947265625,1.5525,1.0,2025-12-01,1274.7169189453125,2.0887,1.0,1,1,0,0,1,1,1.9171,1,1.0,0.0,0.0,1.0,1.0,3.5119,1.0,1.0,0.0,0.0,1.0,1.0,2.2071,1.0,1.0,0.0,0.0,1.0,1.0,2.7467,1.0,65-70,55-60
BAJAJ-AUTO.NS|2025-11-17|ensemble_lr0.20_rf0.30_xgb0.50,BAJAJ-AUTO.NS,2025-11-17,ensemble_lr0.20_rf0.30_xgb0.50,2024-11-18,2025-11-17,2025-11-17,2024-12-16,2025-11-14,2025-11-17,227,2025-11-14,True,1,0.5652173913043478,0.48782887177048895,0.76,0.7503260374069214,0.7007287930575585,1,70.07,0.4567734875202307,0,54.32,BUY,0.591,0.182,Sideways,0.17,0.0,unavailable_no_point_in_time_source,False,8720.28,8821.3544921875,2025-11-18,8797.1943359375,-0.2739,0,2025-11-20,8854.8828125,0.3801,1.0,2025-11-24,8882.494140625,0.6931,1.0,2025-12-01,8969.765625,1.6824,1.0,1,0,1,0,0,0,0.882,1,1.0,0.0,1.0,1.0,1.0,1.5436,1.0,1.0,0.0,1.0,1.0,1.0,1.8602,1.0,1.0,0.0,1.0,1.0,1.0,2.861,1.0,70-75,50-55
BAJAJFINSV.NS|2025-11-17|ensemble_lr0.20_rf0.30_xgb0.50,BAJAJFINSV.NS,2025-11-17,ensemble_lr0.20_rf0.30_xgb0.50,2024-11-18,2025-11-17,2025-11-17,2024-12-16,2025-11-14,2025-11-17,227,2025-11-14,True,0,0.5362318840579711,0.47655817755121166,0.84,0.7677384614944458,0.7311808662574653,1,73.12,0.3896568147873887,0,61.03,BUY,0.5821,0.1642,Sideways,0.17,0.0,unavailable_no_point_in_time_source,True,2064.04,2077.8271484375,2025-11-18,2048.451904296875,-1.4137,0,2025-11-20,2093.8134765625,0.7694,1.0,2025-11-24,2029.068603515625,-2.3466,0.0,2025-12-01,2080.025146484375,0.1058,1.0,1,0,1,1,0,0,-0.7552,0,1.0,0.0,0.0,1.0,1.0,1.4425,1.0,0.0,1.0,1.0,0.0,0.0,-1.6943,0.0,1.0,0.0,0.0,1.0,1.0,0.7745,1.0,70-75,60-65
BAJFINANCE.NS|2025-11-17|ensemble_lr0.20_rf0.30_xgb0.50,BAJFINANCE.NS,2025-11-17,ensemble_lr0.20_rf0.30_xgb0.50,2024-11-18,2025-11-17,2025-11-17,2024-12-16,2025-11-14,2025-11-17,227,2025-11-14,True,1,0.39855072463768115,0.4516423984019553,0.86,0.788587749004364,0.742622354182573,1,74.26,0.5665278064002172,1,56.65,BUY,0.6011,0.2022,Sideways,0.335,0.0,unavailable_no_point_in_time_source,False,1012.28,1020.5266723632812,2025-11-18,1007.4072265625,-1.2856,0,2025-11-20,1022.3156127929688,0.1753,1.0,2025-11-24,987.927001953125,-3.1944,0.0,2025-12-01,1014.8613891601562,-0.5551,0.0,1,0,0,0,0,0,-0.4814,0,1.0,1.0,1.0,1.0,1.0,0.9914,1.0,0.0,0.0,0.0,0.0,0.0,-2.4058,0.0,0.0,0.0,0.0,0.0,0.0,0.255,1.0,70-75,55-60
BEL.NS|2025-11-17|ensemble_lr0.20_rf0.30_xgb0.50,BEL.NS,2025-11-17,ensemble_lr0.20_rf0.30_xgb0.50,2024-11-18,2025-11-17,2025-11-17,2024-12-16,2025-11-14,2025-11-17,227,2025-11-14,True,0,0.463768115942029,0.4359024992734352,0.1,0.10690883547067642,0.17063491759002525,0,82.94,0.3261955298301551,0,67.38,HOLD,0.5072,0.0144,Sideways,0.5,0.0,unavailable_no_point_in_time_source,True,424.46,422.1771240234375,2025-11-18,418.54754638671875,-0.8597,0,2025-11-20,420.63580322265625,-0.3651,0.0,2025-11-24,401.5431213378906,-4.8875,0.0,2025-12-01,414.9179382324219,-1.7195,0.0,0,1,1,1,1,1,-1.3929,1,1.0,1.0,1.0,1.0,1.0,-0.901,1.0,1.0,1.0,1.0,1.0,0.0,-5.3991,0.0,1.0,1.0,1.0,1.0,1.0,-2.248,1.0,80-85,65-70
BPCL.NS|2025-11-17|ensemble_lr0.20_rf0.30_xgb0.50,BPCL.NS,2025-11-17,ensemble_lr0.20_rf0.30_xgb0.50,2024-11-18,2025-11-17,2025-11-17,2024-12-16,2025-11-14,2025-11-17,227,2025-11-14,True,0,0.48550724637681153,0.33729320630412674,0.78,0.7630667686462402,0.6829920255839455,1,68.3,0.33087354740370994,0,66.91,STRONG BUY,0.7904,0.5808,Bullish,1.0,0.0,unavailable_no_point_in_time_source,True,360.97,363.9825134277344,2025-11-18,361.64837646484375,-0.6413,0,2025-11-20,355.034912109375,-2.4583,0.0,2025-11-24,349.7830505371094,-3.9011,0.0,2025-12-01,344.2880859375,-5.4108,0.0,1,0,1,1,0,0,0.1879,1,0.0,1.0,1.0,0.0,0.0,-1.6442,0.0,0.0,1.0,1.0,0.0,0.0,-3.0991,0.0,0.0,1.0,1.0,0.0,0.0,-4.6214,0.0,65-70,65-70
AARTIIND.NS|2025-11-24|ensemble_lr0.20_rf0.30_xgb0.50,AARTIIND.NS,2025-11-24,ensemble_lr0.20_rf0.30_xgb0.50,2024-11-25,2025-11-24,2025-11-24,2024-12-20,2025-11-21,2025-11-24,228,2025-11-21,True,0,0.4855072463768116,0.5124729256972971,0.06,0.2083965241909027,0.2246928472349108,0,77.53,0.2890326684772697,0,71.1,SELL,0.3367,-0.3265,Bearish,-0.165,0.0,unavailable_no_point_in_time_source,True,383.99,380.04449462890625,2025-11-25,378.9966125488281,-0.2757,0,2025-11-27,380.04449462890625,0.0,0.0,2025-12-01,379.6952209472656,-0.0919,0.0,2025-12-08,350.4533386230469,-7.7862,0.0,0,1,1,1,1,1,-1.3004,1,1.0,1.0,1.0,1.0,0.0,-1.0275,1.0,1.0,1.0,1.0,1.0,1.0,-1.1185,1.0,1.0,1.0,1.0,1.0,1.0,-8.7337,1.0,75-80,70-75
AAVAS.NS|2025-11-24|ensemble_lr0.20_rf0.30_xgb0.50,AAVAS.NS,2025-11-24,ensemble_lr0.20_rf0.30_xgb0.50,2024-11-25,2025-11-24,2025-11-24,2024-12-20,2025-11-21,2025-11-24,228,2025-11-21,True,0,0.5217391304347826,0.38382067698674444,0.78,0.7435460686683655,0.6825371697315317,1,68.25,0.5522424717111799,1,55.22,HOLD,0.5078,0.0155,High Volatility,-0.165,0.0,unavailable_no_point_in_time_source,False,1632.2,1669.5999755859375,2025-11-25,1618.699951171875,-3.0486,0,2025-11-27,1576.5999755859375,-5.5702,0.0,2025-12-01,1516.300048828125,-9.1818,0.0,2025-12-08,1496.5,-10.3678,0.0,1,0,0,1,0,0,-0.8271,1,0.0,0.0,1.0,0.0,0.0,-3.4064,0.0,0.0,0.0,1.0,0.0,0.0,-7.1008,0.0,0.0,0.0,1.0,0.0,0.0,-8.3139,0.0,65-70,55-60
ABCAPITAL.NS|2025-11-24|ensemble_lr0.20_rf0.30_xgb0.50,ABCAPITAL.NS,2025-11-24,ensemble_lr0.20_rf0.30_xgb0.50,2024-11-25,2025-11-24,2025-11-24,2024-12-20,2025-11-21,2025-11-24,228,2025-11-21,True,1,0.5869565217391304,0.5017406118355973,0.82,0.7541167736053467,0.7234065091697928,1,72.34,0.23457143090132682,0,76.54,BUY,0.6743,0.3486,Bullish,0.5,0.0,unavailable_no_point_in_time_source,True,325.65,331.8500061035156,2025-11-25,345.45001220703125,4.0982,1,2025-11-27,351.75,5.9967,1.0,2025-12-01,356.1000061035156,7.3075,1.0,2025-12-08,357.1000061035156,7.6089,1.0,1,1,0,1,1,1,6.0802,1,1.0,0.0,1.0,1.0,1.0,8.0147,1.0,1.0,0.0,1.0,1.0,1.0,9.3505,1.0,1.0,0.0,1.0,1.0,1.0,9.6576,1.0,70-75,75-80
ABFRL.NS|2025-11-24|ensemble_lr0.20_rf0.30_xgb0.50,ABFRL.NS,2025-11-24,ensemble_lr0.20_rf0.30_xgb0.50,2024-11-25,2025-11-24,2025-11-24,2024-12-20,2025-11-21,2025-11-24,228,2025-11-21,True,0,0.43478260869565216,0.4425654594553697,0.14,0.368450403213501,0.31473829349782445,0,68.53,0.461999027729075,0,53.8,SELL,0.3099,-0.3802,Bearish,-0.665,0.0,unavailable_no_point_in_time_source,True,76.71,75.66000366210938,2025-11-25,75.43000030517578,-0.304,0,2025-11-27,77.05000305175781,1.8372,1.0,2025-12-01,76.61000061035156,1.2556,1.0,2025-12-08,74.58000183105469,-1.4274,0.0,0,1,1,1,1,1,-1.6686,1,0.0,0.0,0.0,0.0,0.0,0.4432,0.0,0.0,0.0,0.0,0.0,0.0,-0.1304,1.0,1.0,1.0,1.0,1.0,1.0,-2.7767,1.0,65-70,50-55
ACC.NS|2025-11-24|ensemble_lr0.20_rf0.30_xgb0.50,ACC.NS,2025-11-24,ensemble_lr0.20_rf0.30_xgb0.50,2024-11-25,2025-11-24,2025-11-24,2024-12-20,2025-11-21,2025-11-24,228,2025-11-21,True,0,0.4420289855072464,0.5192874206533208,0.88,0.8737845420837402,0.8047497551725342,1,80.47,0.20117315542181402,0,79.88,HOLD,0.5195,0.0391,Sideways,-0.165,0.0,unavailable_no_point_in_time_source,False,1819.57,1902.690673828125,2025-11-25,1858.3472900390625,-2.3306,0,2025-11-27,1859.44091796875,-2.2731,0.0,2025-12-01,1839.8543701171875,-3.3025,0.0,2025-12-08,1785.6678466796875,-6.1504,0.0,1,0,1,1,0,1,2.1311,1,0.0,1.0,1.0,0.0,1.0,2.1912,1.0,0.0,1.0,1.0,0.0,0.0,1.1148,1.0,0.0,1.0,1.0,0.0,0.0,-1.8632,1.0,80-85,75-80
ADANIENT.NS|2025-11-24|ensemble_lr0.20_rf0.30_xgb0.50,ADANIENT.NS,2025-11-24,ensemble_lr0.20_rf0.30_xgb0.50,2024-11-25,2025-11-24,2025-11-24,2024-12-20,2025-11-21,2025-11-24,228,2025-11-21,True,0,0.49275362318840576,0.36598222091079097,0.06,0.1984860748052597,0.19043948158478805,0,80.96,0.4999568402188651,0,50.0,SELL,0.4077,-0.1847,Sideways,-0.17,0.0,unavailable_no_point_in_time_source,True,2421.22,2398.127685546875,2025-11-25,2331.857177734375,-2.7634,0,2025-11-27,2253.9921875,-6.0103,0.0,2025-12-01,2260.989013671875,-5.7186,0.0,2025-12-08,2215.20947265625,-7.6275,0.0,0,1,1,1,1,1,-3.6908,1,1.0,1.0,1.0,1.0,1.0,-6.9068,1.0,1.0,1.0,1.0,1.0,1.0,-6.6178,1.0,1.0,1.0,1.0,1.0,1.0,-8.5085,1.0,80-85,50-55
ADANIPORTS.NS|2025-11-24|ensemble_lr0.20_rf0.30_xgb0.50,ADANIPORTS.NS,2025-11-24,ensemble_lr0.20_rf0.30_xgb0.50,2024-11-25,2025-11-24,2025-11-24,2024-12-20,2025-11-21,2025-11-24,228,2025-11-21,True,0,0.5362318840579711,0.5639163897012179,0.86,0.7783243060112,0.7599454309458435,1,75.99,0.6241390466192875,1,62.41,BUY,0.5892,0.1784,Sideways,0.335,0.0,unavailable_no_point_in_time_source,True,1473.59,1479.6640625,2025-11-25,1477.6724853515625,-0.1346,0,2025-11-27,1502.7666015625,1.5613,1.0,2025-12-01,1524.076904296875,3.0015,1.0,2025-12-08,1474.2867431640625,-0.3634,0.0,1,0,0,1,0,0,0.277,1,1.0,1.0,0.0,1.0,1.0,1.98,1.0,1.0,1.0,0.0,1.0,1.0,3.4261,1.0,0.0,0.0,1.0,0.0,0.0,0.0473,1.0,75-80,60-65
AETHER.NS|2025-11-24|ensemble_lr0.20_rf0.30_xgb0.50,AETHER.NS,2025-11-24,ensemble_lr0.20_rf0.30_xgb0.50,2024-11-25,2025-11-24,2025-11-24,2024-12-20,2025-11-21,2025-11-24,228,2025-11-21,True,0,0.4855072463768116,0.6074039042172293,0.2,0.23110570013523102,0.2970336309110614,0,70.3,0.4987460036195669,0,50.13,HOLD,0.5703,0.1405,High Volatility,0.665,0.0,unavailable_no_point_in_time_source,False,919.35,919.25,2025-11-25,892.25,-2.9372,0,2025-11-27,886.2000122070312,-3.5953,0.0,2025-12-01,902.3499755859375,-1.8385,0.0,2025-12-08,815.9000244140625,-11.2429,0.0,0,1,1,1,1,1,-2.9477,1,1.0,1.0,1.0,1.0,0.0,-3.6058,0.0,1.0,1.0,1.0,1.0,1.0,-1.8491,1.0,1.0,1.0,1.0,1.0,0.0,-11.2525,0.0,70-75,50-55
AIAENG.NS|2025-11-24|ensemble_lr0.20_rf0.30_xgb0.50,AIAENG.NS,2025-11-24,ensemble_lr0.20_rf0.30_xgb0.50,2024-11-25,2025-11-24,2025-11-24,2024-12-20,2025-11-21,2025-11-24,228,2025-11-21,True,0,0.5072463768115941,0.6969759578429456,0.9,0.8139916658401489,0.8163910244886636,1,81.64,0.34933821750952604,0,65.07,STRONG BUY,0.7699,0.5399,Bullish,0.665,0.0,unavailable_no_point_in_time_source,False,3684.85,3720.6142578125,2025-11-25,3811.173583984375,2.434,1,2025-11-27,3821.036376953125,2.6991,1.0,2025-12-01,3839.666748046875,3.1998,1.0,2025-12-08,3645.79541015625,-2.0109,0.0,1,1,0,0,1,1,3.4282,1,1.0,0.0,0.0,1.0,1.0,3.6958,1.0,1.0,0.0,0.0,1.0,1.0,4.2014,1.0,0.0,1.0,1.0,0.0,0.0,-1.0599,0.0,80-85,65-70
AJANTPHARM.NS|2025-11-24|ensemble_lr0.20_rf0.30_xgb0.50,AJANTPHARM.NS,2025-11-24,ensemble_lr0.20_rf0.30_xgb0.50,2024-11-25,2025-11-24,2025-11-24,2024-12-20,2025-11-21,2025-11-24,228,2025-11-21,True,0,0.47826086956521735,0.39607268630415543,0.86,0.7436130046844482,0.7090210396030552,1,70.9,0.394884325074006,0,60.51,HOLD,0.5537,0.1074,Sideways,-0.165,0.0,unavailable_no_point_in_time_source,False,2463.14,2492.36767578125,2025-11-25,2486.422119140625,-0.2386,0,2025-11-27,2507.72705078125,0.6163,1.0,2025-12-01,2539.33740234375,1.8845,1.0,2025-12-08,2634.168701171875,5.6894,1.0,1,0,1,1,0,1,0.9452,1,1.0,0.0,0.0,1.0,1.0,1.8102,1.0,1.0,0.0,0.0,1.0,1.0,3.0935,0.0,1.0,0.0,0.0,1.0,0.0,6.9435,0.0,70-75,60-65
ALEMBICLTD.NS|2025-11-24|ensemble_lr0.20_rf0.30_xgb0.50,ALEMBICLTD.NS,2025-11-24,ensemble_lr0.20_rf0.30_xgb0.50,2024-11-25,2025-11-24,2025-11-24,2024-12-20,2025-11-21,2025-11-24,228,2025-11-21,True,0,0.5,0.25156359280900426,0.1,0.15667693316936493,0.15865118514648333,0,84.13,0.38038229481625285,0,61.96,SELL,0.3403,-0.3194,Sideways,-0.67,0.0,unavailable_no_point_in_time_source,False,95.93,95.30767822265625,2025-11-25,95.21029663085938,-0.1022,0,2025-11-27,97.37217712402344,2.1661,1.0,2025-12-01,97.59615325927734,2.4011,1.0,2025-12-08,95.39532470703125,0.092,1.0,0,1,1,1,1,1,-0.7502,1,0.0,0.0,0.0,0.0,0.0,1.5034,0.0,0.0,0.0,0.0,0.0,0.0,1.7368,0.0,0.0,0.0,0.0,0.0,0.0,-0.5574,1.0,80-85,60-65
ALKEM.NS|2025-11-24|ensemble_lr0.20_rf0.30_xgb0.50,ALKEM.NS,2025-11-24,ensemble_lr0.20_rf0.30_xgb0.50,2024-11-25,2025-11-24,2025-11-24,2024-12-20,2025-11-21,2025-11-24,228,2025-11-21,True,1,0.5434782608695653,0.25350306681047075,0.04,0.23511439561843872,0.1802578111713135,0,81.97,0.19830684583039726,0,80.17,HOLD,0.5037,0.0074,Sideways,0.665,0.0,unavailable_no_point_in_time_source,False,5644.32,5570.0478515625,2025-11-25,5645.30517578125,1.3511,1,2025-11-27,5630.94677734375,1.0933,1.0,2025-12-01,5554.69921875,-0.2756,0.0,2025-12-08,5544.3017578125,-0.4622,0.0,0,0,0,1,0,1,0.0175,1,0.0,0.0,1.0,0.0,1.0,-0.2369,1.0,1.0,1.0,0.0,1.0,1.0,-1.5878,1.0,1.0,1.0,0.0,1.0,1.0,-1.772,1.0,80-85,80-85
AMBER.NS|2025-11-24|ensemble_lr0.20_rf0.30_xgb0.50,AMBER.NS,2025-11-24,ensemble_lr0.20_rf0.30_xgb0.50,2024-11-25,2025-11-24,2025-11-24,2024-12-20,2025-11-21,2025-11-24,228,2025-11-21,True,1,0.5072463768115941,0.6549051991758644,0.08,0.2772870659828186,0.29362457282658216,0,70.64,0.5044214917846496,1,50.44,SELL,0.3228,-0.3544,High Volatility,-0.5,0.0,unavailable_no_point_in_time_source,False,7196.0,7043.5,2025-11-25,7138.0,1.3417,1,2025-11-27,7103.0,0.8448,1.0,2025-12-01,7072.5,0.4117,1.0,2025-12-08,6451.0,-8.412,0.0,0,0,1,1,0,0,-0.806,1,0.0,1.0,1.0,0.0,0.0,-1.2924,1.0,0.0,1.0,1.0,0.0,0.0,-1.7162,1.0,1.0,0.0,0.0,1.0,1.0,-10.353,1.0,70-75,50-55
ANGELONE.NS|2025-11-24|ensemble_lr0.20_rf0.30_xgb0.50,ANGELONE.NS,2025-11-24,ensemble_lr0.20_rf0.30_xgb0.50,2024-11-25,2025-11-24,2025-11-24,2024-12-20,2025-11-21,2025-11-24,228,2025-11-21,True,1,0.45652173913043476,0.48417810774738457,0.1,0.25210630893707275,0.2528887760180133,0,74.71,0.3082430722054672,0,69.18,BUY,0.6402,0.2805,Bullish,0.665,0.0,unavailable_no_point_in_time_source,True,269.61,262.7774353027344,2025-11-25,263.6799621582031,0.3435,1,2025-11-27,271.1850891113281,3.1995,1.0,2025-12-01,271.1065979003906,3.1697,1.0,2025-12-08,249.4447784423828,-5.0737,0.0,0,0,0,1,0,1,-2.1995,0,0.0,0.0,1.0,0.0,1.0,0.5842,1.0,0.0,0.0,1.0,0.0,1.0,0.5551,1.0,1.0,1.0,0.0,1.0,0.0,-7.4794,0.0,70-75,65-70
APARINDS.NS|2025-11-24|ensemble_lr0.20_rf0.30_xgb0.50,APARINDS.NS,2025-11-24,ensemble_lr0.20_rf0.30_xgb0.50,2024-11-25,2025-11-24,2025-11-24,2024-12-20,2025-11-21,2025-11-24,228,2025-11-21,True,0,0.49275362318840576,0.30778057795311997,0.1,0.1573229283094406,0.1702175797453443,0,82.98,0.3036856813702658,0,69.63,HOLD,0.5423,0.0847,High Volatility,0.835,0.0,unavailable_no_point_in_time_source,False,9131.3,8861.7333984375,2025-11-25,8901.0966796875,0.4442,1,2025-11-27,9113.8583984375,2.8451,1.0,2025-12-01,8943.9482421875,0.9278,1.0,2025-12-08,8613.0966796875,-2.8057,0.0,0,0,0,0,0,1,-2.521,1,0.0,0.0,0.0,0.0,1.0,-0.191,1.0,0.0,0.0,0.0,0.0,1.0,-2.0518,1.0,1.0,1.0,1.0,1.0,1.0,-5.675,0.0,80-85,65-70
APOLLOHOSP.NS|2025-11-24|ensemble_lr0.20_rf0.30_xgb0.50,APOLLOHOSP.NS,2025-11-24,ensemble_lr0.20_rf0.30_xgb0.50,2024-11-25,2025-11-24,2025-11-24,2024-12-20,2025-11-21,2025-11-24,228,2025-11-21,True,0,0.3695652173913044,0.28648168159491827,0.1,0.18751488626003265,0.18105377944899997,0,81.89,0.44929680731615446,0,55.07,SELL,0.3247,-0.3506,Bearish,-0.335,0.0,unavailable_no_point_in_time_source,False,7372.62,7336.20849609375,2025-11-25,7312.2685546875,-0.3263,0,2025-11-27,7304.28857421875,-0.4351,0.0,2025-12-01,7269.37548828125,-0.911,0.0,2025-12-08,7078.3515625,-3.5149,0.0,0,1,1,1,1,1,-0.8186,1,1.0,1.0,1.0,1.0,1.0,-0.9268,1.0,1.0,1.0,1.0,1.0,1.0,-1.4004,1.0,1.0,1.0,1.0,1.0,1.0,-3.9914,1.0,80-85,55-60
APOLLOTYRE.NS|2025-11-24|ensemble_lr0.20_rf0.30_xgb0.50,APOLLOTYRE.NS,2025-11-24,ensemble_lr0.20_rf0.30_xgb0.50,2024-11-25,2025-11-24,2025-11-24,2024-12-20,2025-11-21,2025-11-24,228,2025-11-21,True,0,0.4275362318840579,0.6758027032749891,0.82,0.8895090222358704,0.825915051772933,1,82.59,0.42564442075169,0,57.44,BUY,0.6177,0.2353,Sideways,0.5,0.0,unavailable_no_point_in_time_source,False,505.96,521.5139770507812,2025-11-25,515.4906005859375,-1.155,0,2025-11-27,512.4295654296875,-1.7419,0.0,2025-12-01,509.8622131347656,-2.2342,0.0,2025-12-08,513.8119506835938,-1.4769,0.0,1,0,1,1,0,0,1.8837,1,0.0,1.0,1.0,0.0,0.0,1.2787,1.0,0.0,1.0,1.0,0.0,0.0,0.7712,1.0,0.0,1.0,1.0,0.0,0.0,1.5519,1.0,80-85,55-60
ASHOKLEY.NS|2025-11-24|ensemble_lr0.20_rf0.30_xgb0.50,ASHOKLEY.NS,2025-11-24,ensemble_lr0.20_rf0.30_xgb0.50,2024-11-25,2025-11-24,2025-11-24,2024-12-20,2025-11-21,2025-11-24,228,2025-11-21,True,1,0.4855072463768116,0.4136723265704512,0.04,0.1434309184551239,0.1664499245416522,0,83.36,0.29854873633482726,0,70.15,BUY,0.6019,0.2039,Bullish,0.835,0.0,unavailable_no_point_in_time_source,True,142.26,142.16481018066406,2025-11-25,143.38401794433594,0.8576,1,2025-11-27,157.07054138183594,10.4848,1.0,2025-12-01,157.61131286621094,10.8652,1.0,2025-12-08,156.60841369628906,10.1598,1.0,0,0,0,1,0,1,0.7901,1,0.0,0.0,1.0,0.0,1.0,10.4109,1.0,0.0,0.0,1.0,0.0,1.0,10.791,1.0,0.0,0.0,1.0,0.0,1.0,10.086,1.0,80-85,70-75
ASIANPAINT.NS|2025-11-24|ensemble_lr0.20_rf0.30_xgb0.50,ASIANPAINT.NS,2025-11-24,ensemble_lr0.20_rf0.30_xgb0.50,2024-11-25,2025-11-24,2025-11-24,2024-12-20,2025-11-21,2025-11-24,228,2025-11-21,True,1,0.4565217391304348,0.5639935859230016,0.96,0.8396433591842651,0.8206203967767329,1,82.06,0.6861238764070421,1,68.61,STRONG BUY,0.7598,0.5197,Bullish,0.835,0.0,unavailable_no_point_in_time_source,False,2851.86,2854.434814453125,2025-11-25,2851.064208984375,-0.1181,0,2025-11-27,2854.3359375,-0.0035,0.0,2025-12-01,2842.934814453125,-0.4029,0.0,2025-12-08,2903.112548828125,1.7053,1.0,1,0,0,0,0,0,-0.0279,0,0.0,0.0,0.0,0.0,0.0,0.0868,1.0,0.0,0.0,0.0,0.0,0.0,-0.313,0.0,1.0,1.0,1.0,1.0,1.0,1.7972,1.0,80-85,65-70
ASTRAL.NS|2025-11-24|ensemble_lr0.20_rf0.30_xgb0.50,ASTRAL.NS,2025-11-24,ensemble_lr0.20_rf0.30_xgb0.50,2024-11-25,2025-11-24,2025-11-24,2024-12-20,2025-11-21,2025-11-24,228,2025-11-21,True,0,0.36231884057971014,0.5897317468576213,0.86,0.7574411630630493,0.7546669309030489,1,75.47,0.5854548037797895,1,58.55,HOLD,0.5177,0.0353,Bearish,0.0,0.0,unavailable_no_point_in_time_source,True,1450.32,1470.886474609375,2025-11-25,1463.1986083984375,-0.5227,0,2025-11-27,1468.6900634765625,-0.1493,0.0,2025-12-01,1438.2379150390625,-2.2197,0.0,2025-12-08,1431.04931640625,-2.7084,0.0,1,0,0,1,0,1,0.888,1,0.0,0.0,1.0,0.0,1.0,1.2666,1.0,0.0,0.0,1.0,0.0,1.0,-0.8331,1.0,0.0,0.0,1.0,0.0,1.0,-1.3287,1.0,75-80,55-60
AUBANK.NS|2025-11-24|ensemble_lr0.20_rf0.30_xgb0.50,AUBANK.NS,2025-11-24,ensemble_lr0.20_rf0.30_xgb0.50,2024-11-25,2025-11-24,2025-11-24,2024-12-20,2025-11-21,2025-11-24,228,2025-11-21,True,1,0.41304347826086957,0.6711830865534631,0.84,0.6607580780982971,0.7166156563598411,1,71.66,0.5321113851555151,1,53.21,BUY,0.7095,0.4189,Bullish,0.665,0.0,unavailable_no_point_in_time_source,False,914.46,924.2024536132812,2025-11-25,943.1340942382812,2.0484,1,2025-11-27,946.2311401367188,2.3835,1.0,2025-12-01,949.5778198242188,2.7457,1.0,2025-12-08,951.6258544921875,2.9673,1.0,1,1,1,1,1,1,3.1356,1,1.0,1.0,1.0,1.0,1.0,3.4743,1.0,1.0,1.0,1.0,1.0,1.0,3.8403,1.0,1.0,1.0,1.0,1.0,1.0,4.0642,1.0,70-75,50-55
AXISBANK.NS|2025-11-24|ensemble_lr0.20_rf0.30_xgb0.50,AXISBANK.NS,2025-11-24,ensemble_lr0.20_rf0.30_xgb0.50,2024-11-25,2025-11-24,2025-11-24,2024-12-20,2025-11-21,2025-11-24,228,2025-11-21,True,0,0.43478260869565216,0.5260416374857397,0.12,0.3039610981941223,0.2931888765942091,0,70.68,0.3573270527386847,0,64.27,BUY,0.6313,0.2625,Bullish,1.0,0.0,unavailable_no_point_in_time_source,False,1274.82,1268.0220947265625,2025-11-25,1265.32421875,-0.2128,0,2025-11-27,1286.3079833984375,1.4421,1.0,2025-12-01,1274.7169189453125,0.528,1.0,2025-12-08,1272.8184814453125,0.3783,1.0,0,1,1,1,1,0,-0.7449,0,0.0,0.0,0.0,0.0,1.0,0.9011,1.0,0.0,0.0,0.0,0.0,1.0,-0.0081,0.0,0.0,0.0,0.0,0.0,1.0,-0.157,0.0,70-75,60-65
BAJAJ-AUTO.NS|2025-11-24|ensemble_lr0.20_rf0.30_xgb0.50,BAJAJ-AUTO.NS,2025-11-24,ensemble_lr0.20_rf0.30_xgb0.50,2024-11-25,2025-11-24,2025-11-24,2024-12-20,2025-11-21,2025-11-24,228,2025-11-21,True,0,0.5507246376811594,0.36992618232487157,0.86,0.7654820084571838,0.7147262406935663,1,71.47,0.3694865374564951,0,63.05,BUY,0.6313,0.2625,Sideways,0.5,0.0,unavailable_no_point_in_time_source,False,8768.6,8882.494140625,2025-11-25,8922.431640625,0.4496,1,2025-11-27,8897.2861328125,0.1665,1.0,2025-12-01,8969.765625,0.9825,1.0,2025-12-08,8900.7373046875,0.2054,1.0,1,1,0,0,1,1,1.7543,1,1.0,0.0,0.0,1.0,1.0,1.4676,1.0,1.0,0.0,0.0,1.0,1.0,2.2942,1.0,1.0,0.0,0.0,1.0,1.0,1.5069,1.0,70-75,60-65
BAJAJFINSV.NS|2025-11-24|ensemble_lr0.20_rf0.30_xgb0.50,BAJAJFINSV.NS,2025-11-24,ensemble_lr0.20_rf0.30_xgb0.50,2024-11-25,2025-11-24,2025-11-24,2024-12-20,2025-11-21,2025-11-24,228,2025-11-21,True,0,0.5362318840579711,0.5209331872757229,0.1,0.14725150167942047,0.20781238829485482,0,79.22,0.32518884208342863,0,67.48,HOLD,0.4613,-0.0775,Sideways,0.17,0.0,unavailable_no_point_in_time_source,True,2050.65,2029.068603515625,2025-11-25,2028.468994140625,-0.0296,0,2025-11-27,2101.40673828125,3.5651,1.0,2025-12-01,2080.025146484375,2.5113,1.0,2025-12-08,2057.4443359375,1.3985,1.0,0,1,1,1,1,1,-1.0817,1,0.0,0.0,0.0,0.0,0.0,2.4752,1.0,0.0,0.0,0.0,0.0,1.0,1.4325,1.0,0.0,0.0,0.0,0.0,1.0,0.3313,1.0,75-80,65-70
BAJFINANCE.NS|2025-11-24|ensemble_lr0.20_rf0.30_xgb0.50,BAJFINANCE.NS,2025-11-24,ensemble_lr0.20_rf0.30_xgb0.50,2024-11-25,2025-11-24,2025-11-24,2024-12-20,2025-11-21,2025-11-24,228,2025-11-21,True,1,0.47826086956521746,0.4491313157192389,0.22,0.34193673729896545,0.3267946317933305,0,67.32,0.4546054943990203,0,54.54,HOLD,0.4853,-0.0294,Sideways,0.335,0.0,unavailable_no_point_in_time_source,True,997.97,987.927001953125,2025-11-25,980.1746826171875,-0.7847,0,2025-11-27,1027.48388671875,4.004,1.0,2025-12-01,1014.8613891601562,2.7264,1.0,2025-12-08,1020.1290893554688,3.2596,1.0,0,1,1,0,1,1,-1.7832,1,0.0,0.0,1.0,0.0,0.0,2.9574,1.0,0.0,0.0,1.0,0.0,1.0,1.6926,1.0,0.0,0.0,1.0,0.0,0.0,2.2204,1.0,65-70,50-55
BEL.NS|2025-11-24|ensemble_lr0.20_rf0.30_xgb0.50,BEL.NS,2025-11-24,ensemble_lr0.20_rf0.30_xgb0.50,2024-11-25,2025-11-24,2025-11-24,2024-12-20,2025-11-21,2025-11-24,228,2025-11-21,True,0,0.47826086956521735,0.4030121191746379,0.08,0.15923117101192474,0.18421800934088997,0,81.58,0.6095895460586062,1,60.96,HOLD,0.4551,-0.0899,Sideways,0.165,0.0,unavailable_no_point_in_time_source,True,414.02,401.5431213378906,2025-11-25,407.9570617675781,1.5973,1,2025-11-27,410.7414245605469,2.2907,1.0,2025-12-01,414.9179382324219,3.3309,1.0,2025-12-08,384.2403869628906,-4.3091,0.0,0,0,1,0,0,1,-1.4644,1,0.0,1.0,0.0,0.0,1.0,-0.7919,1.0,0.0,1.0,0.0,0.0,0.0,0.2169,1.0,1.0,0.0,1.0,1.0,0.0,-7.1928,0.0,80-85,60-65
BPCL.NS|2025-11-24|ensemble_lr0.20_rf0.30_xgb0.50,BPCL.NS,2025-11-24,ensemble_lr0.20_rf0.30_xgb0.50,2024-11-25,2025-11-24,2025-11-24,2024-12-20,2025-11-21,2025-11-24,228,2025-11-21,True,0,0.5434782608695651,0.37230419493253736,0.0,0.14948347210884094,0.14920257504092793,0,85.08,0.48001974039602463,0,52.0,BUY,0.5842,0.1684,Bullish,0.5,0.0,unavailable_no_point_in_time_source,True,354.55,349.7830505371094,2025-11-25,346.0873107910156,-1.0566,0,2025-11-27,354.69451904296875,1.4041,1.0,2025-12-01,344.2880859375,-1.571,0.0,2025-12-08,347.74066162109375,-0.5839,0.0,0,1,1,1,1,0,-2.3869,0,0.0,0.0,0.0,0.0,1.0,0.0408,1.0,1.0,1.0,1.0,1.0,0.0,-2.8943,0.0,1.0,1.0,1.0,1.0,0.0,-1.9206,0.0,85-90,50-55
AARTIIND.NS|2025-12-01|ensemble_lr0.20_rf0.30_xgb0.50,AARTIIND.NS,2025-12-01,ensemble_lr0.20_rf0.30_xgb0.50,2024-12-02,2025-12-01,2025-12-01,2024-12-30,2025-11-28,2025-12-01,228,2025-11-28,True,0,0.5072463768115942,0.4666903533705842,0.1,0.2001354694366455,0.2234058053924396,0,77.66,0.27652541073467873,0,72.35,SELL,0.3367,-0.3266,Bearish,-0.165,0.0,unavailable_no_point_in_time_source,True,381.54,379.6952209472656,2025-12-02,376.35186767578125,-0.8805,0,2025-12-04,368.9166259765625,-2.8387,0.0,2025-12-08,350.4533386230469,-7.7014,0.0,2025-12-15,375.5534362792969,-1.0908,0.0,0,1,1,1,1,1,-1.3598,1,1.0,1.0,1.0,1.0,1.0,-3.3085,1.0,1.0,1.0,1.0,1.0,1.0,-8.1477,1.0,1.0,1.0,1.0,1.0,1.0,-1.5691,1.0,75-80,70-75
AAVAS.NS|2025-12-01|ensemble_lr0.20_rf0.30_xgb0.50,AAVAS.NS,2025-12-01,ensemble_lr0.20_rf0.30_xgb0.50,2024-12-02,2025-12-01,2025-12-01,2024-12-30,2025-11-28,2025-12-01,228,2025-11-28,True,0,0.47826086956521735,0.4048379073773718,0.2,0.2200816571712494,0.2510084100610991,0,74.9,0.3876904204535473,0,61.23,SELL,0.3573,-0.2854,High Volatility,-0.67,0.0,unavailable_no_point_in_time_source,False,1546.5,1516.300048828125,2025-12-02,1514.800048828125,-0.0989,0,2025-12-04,1482.0999755859375,-2.2555,0.0,2025-12-08,1496.5,-1.3058,0.0,2025-12-15,1549.0999755859375,2.1632,1.0,0,1,1,1,1,1,-2.0498,1,1.0,1.0,1.0,1.0,1.0,-4.1642,1.0,1.0,1.0,1.0,1.0,1.0,-3.2331,1.0,0.0,0.0,0.0,0.0,0.0,0.1681,0.0,70-75,60-65
ABCAPITAL.NS|2025-12-01|ensemble_lr0.20_rf0.30_xgb0.50,ABCAPITAL.NS,2025-12-01,ensemble_lr0.20_rf0.30_xgb0.50,2024-12-02,2025-12-01,2025-12-01,2024-12-30,2025-11-28,2025-12-01,228,2025-11-28,True,1,0.5072463768115942,0.26167450591869723,0.12,0.23104682564735413,0.2038583140074165,0,79.61,0.2742755729049877,0,72.57,BUY,0.6576,0.3153,Bullish,1.0,0.0,unavailable_no_point_in_time_source,False,358.05,356.1000061035156,2025-12-02,355.75,-0.0983,0,2025-12-04,349.3999938964844,-1.8815,0.0,2025-12-08,357.1000061035156,0.2808,1.0,2025-12-15,351.79998779296875,-1.2075,0.0,0,1,1,0,1,0,-0.6424,0,1.0,1.0,0.0,1.0,0.0,-2.4159,0.0,0.0,0.0,1.0,0.0,1.0,-0.2653,0.0,1.0,1.0,0.0,1.0,0.0,-1.7456,0.0,75-80,70-75
ABFRL.NS|2025-12-01|ensemble_lr0.20_rf0.30_xgb0.50,ABFRL.NS,2025-12-01,ensemble_lr0.20_rf0.30_xgb0.50,2024-12-02,2025-12-01,2025-12-01,2024-12-30,2025-11-28,2025-12-01,228,2025-11-28,True,0,0.4492753623188406,0.3062514811377339,0.18,0.3496861159801483,0.29009335421762095,0,70.99,0.5933084405205195,1,59.33,SELL,0.3853,-0.2294,Bearish,-0.165,0.0,unavailable_no_point_in_time_source,True,78.15,76.61000061035156,2025-12-02,77.08000183105469,0.6135,1,2025-12-04,76.37999725341797,-0.3002,0.0,2025-12-08,74.58000183105469,-2.6498,0.0,2025-12-15,75.43000030517578,-1.5403,0.0,0,0,1,0,0,0,-1.3692,1,1.0,0.0,1.0,1.0,1.0,-2.2649,1.0,1.0,0.0,1.0,1.0,1.0,-4.5681,1.0,1.0,0.0,1.0,1.0,1.0,-3.4805,1.0,70-75,55-60
ACC.NS|2025-12-01|ensemble_lr0.20_rf0.30_xgb0.50,ACC.NS,2025-12-01,ensemble_lr0.20_rf0.30_xgb0.50,2024-12-02,2025-12-01,2025-12-01,2024-12-30,2025-11-28,2025-12-01,228,2025-11-28,True,0,0.5289855072463768,0.15759468111089386,0.08,0.0764041319489479,0.09372100219665272,0,90.63,0.28563821394200906,0,71.44,HOLD,0.4644,-0.0712,Sideways,0.165,0.0,unavailable_no_point_in_time_source,False,1839.95,1839.8543701171875,2025-12-02,1841.246337890625,0.0757,1,2025-12-04,1804.75732421875,-1.9076,0.0,2025-12-08,1785.6678466796875,-2.9452,0.0,2025-12-15,1767.3736572265625,-3.9395,0.0,0,0,0,0,0,1,0.0705,1,1.0,1.0,1.0,1.0,1.0,-1.9127,1.0,1.0,1.0,1.0,1.0,1.0,-2.9502,1.0,1.0,1.0,1.0,1.0,0.0,-3.9445,0.0,90-95,70-75
ADANIENT.NS|2025-12-01|ensemble_lr0.20_rf0.30_xgb0.50,ADANIENT.NS,2025-12-01,ensemble_lr0.20_rf0.30_xgb0.50,2024-12-02,2025-12-01,2025-12-01,2024-12-30,2025-11-28,2025-12-01,228,2025-11-28,True,0,0.45652173913043476,0.5160735742431044,0.2,0.25510793924331665,0.2907686844702792,0,70.92,0.6623549830938055,1,66.24,SELL,0.3763,-0.2474,Sideways,-0.835,0.0,unavailable_no_point_in_time_source,True,2279.18,2260.989013671875,2025-12-02,2238.59912109375,-0.9903,0,2025-12-04,2216.90869140625,-1.9496,0.0,2025-12-08,2215.20947265625,-2.0248,0.0,2025-12-15,2277.88134765625,0.7471,1.0,0,1,0,1,1,1,-1.7805,1,1.0,0.0,1.0,1.0,1.0,-2.7322,1.0,1.0,0.0,1.0,1.0,1.0,-2.8067,1.0,0.0,1.0,0.0,0.0,0.0,-0.057,1.0,70-75,65-70
ADANIPORTS.NS|2025-12-01|ensemble_lr0.20_rf0.30_xgb0.50,ADANIPORTS.NS,2025-12-01,ensemble_lr0.20_rf0.30_xgb0.50,2024-12-02,2025-12-01,2025-12-01,2024-12-30,2025-11-28,2025-12-01,228,2025-11-28,True,0,0.5507246376811595,0.6361480398912985,0.8,0.7359287738800049,0.7351939949182622,1,73.52,0.5367458494906248,1,53.67,BUY,0.692,0.384,Sideways,1.0,0.0,unavailable_no_point_in_time_source,True,1510.53,1524.076904296875,2025-12-02,1511.7288818359375,-0.8102,0,2025-12-04,1499.2813720703125,-1.6269,0.0,2025-12-08,1474.2867431640625,-3.2669,0.0,2025-12-15,1506.251953125,-1.1696,0.0,1,0,0,1,0,0,0.0794,1,0.0,0.0,1.0,0.0,0.0,-0.7447,0.0,0.0,0.0,1.0,0.0,0.0,-2.3994,0.0,0.0,0.0,1.0,0.0,0.0,-0.2832,0.0,70-75,50-55
AETHER.NS|2025-12-01|ensemble_lr0.20_rf0.30_xgb0.50,AETHER.NS,2025-12-01,ensemble_lr0.20_rf0.30_xgb0.50,2024-12-02,2025-12-01,2025-12-01,2024-12-30,2025-11-28,2025-12-01,228,2025-11-28,True,0,0.4565217391304348,0.15810632103352723,0.86,0.5633967518806458,0.5713196401470284,1,57.13,0.2916547871035945,0,70.83,BUY,0.7064,0.4127,High Volatility,0.665,0.0,unavailable_no_point_in_time_source,True,877.2,902.3499755859375,2025-12-02,868.0999755859375,-3.7956,0,2025-12-04,864.4000244140625,-4.2057,0.0,2025-12-08,815.9000244140625,-9.5805,0.0,2025-12-15,879.6500244140625,-2.5156,0.0,1,0,1,1,0,0,-1.0374,0,0.0,1.0,1.0,0.0,0.0,-1.4592,0.0,0.0,1.0,1.0,0.0,0.0,-6.9881,0.0,0.0,1.0,1.0,0.0,0.0,0.2793,1.0,55-60,70-75
AIAENG.NS|2025-12-01|ensemble_lr0.20_rf0.30_xgb0.50,AIAENG.NS,2025-12-01,ensemble_lr0.20_rf0.30_xgb0.50,2024-12-02,2025-12-01,2025-12-01,2024-12-30,2025-11-28,2025-12-01,228,2025-11-28,True,0,0.463768115942029,0.43962545818939497,0.12,0.08697177469730377,0.16741097898653087,0,83.26,0.3214096507666373,0,67.86,BUY,0.67,0.34,Bullish,0.835,0.0,unavailable_no_point_in_time_source,False,3848.13,3839.666748046875,2025-12-02,3843.850830078125,0.109,1,2025-12-04,3829.4052734375,-0.2672,0.0,2025-12-08,3645.79541015625,-5.0492,0.0,2025-12-15,3879.218017578125,1.0301,1.0,0,0,0,0,0,1,-0.1112,0,1.0,1.0,1.0,1.0,0.0,-0.4866,0.0,1.0,1.0,1.0,1.0,0.0,-5.258,0.0,0.0,0.0,0.0,0.0,1.0,0.8079,1.0,80-85,65-70
AJANTPHARM.NS|2025-12-01|ensemble_lr0.20_rf0.30_xgb0.50,AJANTPHARM.NS,2025-12-01,ensemble_lr0.20_rf0.30_xgb0.50,2024-12-02,2025-12-01,2025-12-01,2024-12-30,2025-11-28,2025-12-01,228,2025-11-28,True,0,0.4855072463768116,0.5050090901042268,0.86,0.6443964838981628,0.6812000599699268,1,68.12,0.6582178762668056,1,65.82,BUY,0.6337,0.2674,Sideways,0.165,0.0,unavailable_no_point_in_time_source,False,2537.55,2539.33740234375,2025-12-02,2565.1015625,1.0146,1,2025-12-04,2604.63916015625,2.5716,1.0,2025-12-08,2634.168701171875,3.7345,1.0,2025-12-15,2618.11572265625,3.1023,1.0,1,1,1,0,1,1,1.0858,1,1.0,1.0,0.0,1.0,1.0,2.6439,1.0,1.0,1.0,0.0,1.0,1.0,3.8076,1.0,1.0,1.0,0.0,1.0,1.0,3.1749,1.0,65-70,65-70
ALEMBICLTD.NS|2025-12-01|ensemble_lr0.20_rf0.30_xgb0.50,ALEMBICLTD.NS,2025-12-01,ensemble_lr0.20_rf0.30_xgb0.50,2024-12-02,2025-12-01,2025-12-01,2024-12-30,2025-11-28,2025-12-01,228,2025-11-28,True,0,0.572463768115942,0.7235324091352114,0.92,0.8937346935272217,0.8675738285906531,1,86.76,0.6752179713524582,1,67.52,HOLD,0.5577,0.1155,Sideways,-0.335,0.0,unavailable_no_point_in_time_source,False,97.42,97.59615325927734,2025-12-02,99.63143157958984,2.0854,1,2025-12-04,100.05017852783203,2.5145,1.0,2025-12-08,95.39532470703125,-2.255,0.0,2025-12-15,99.6703872680664,2.1253,1.0,1,1,1,0,1,1,2.27,1,1.0,1.0,0.0,1.0,1.0,2.6998,1.0,0.0,0.0,1.0,0.0,1.0,-2.0783,1.0,1.0,1.0,0.0,1.0,1.0,2.31,1.0,85-90,65-70
ALKEM.NS|2025-12-01|ensemble_lr0.20_rf0.30_xgb0.50,ALKEM.NS,2025-12-01,ensemble_lr0.20_rf0.30_xgb0.50,2024-12-02,2025-12-01,2025-12-01,2024-12-30,2025-11-28,2025-12-01,228,2025-11-28,True,1,0.5652173913043478,0.23366167757625494,0.06,0.13676497340202332,0.13311482221626264,0,86.69,0.4707331622921496,0,52.93,HOLD,0.4934,-0.0132,Sideways,0.5,0.0,unavailable_no_point_in_time_source,False,5629.46,5554.69921875,2025-12-02,5583.416015625,0.517,1,2025-12-04,5603.7158203125,0.8824,1.0,2025-12-08,5544.3017578125,-0.1872,0.0,2025-12-15,5569.552734375,0.2674,1.0,0,0,0,1,0,1,-0.8179,1,0.0,0.0,1.0,0.0,1.0,-0.4573,1.0,1.0,1.0,0.0,1.0,1.0,-1.5127,1.0,0.0,0.0,1.0,0.0,1.0,-1.0642,1.0,85-90,50-55
AMBER.NS|2025-12-01|ensemble_lr0.20_rf0.30_xgb0.50,AMBER.NS,2025-12-01,ensemble_lr0.20_rf0.30_xgb0.50,2024-12-02,2025-12-01,2025-12-01,2024-12-30,2025-11-28,2025-12-01,228,2025-11-28,True,1,0.572463768115942,0.6480231152444877,0.06,0.16285844147205353,0.2290338437849243,0,77.1,0.6033166390275216,1,60.33,SELL,0.3985,-0.203,High Volatility,0.0,0.0,unavailable_no_point_in_time_source,False,7181.0,7072.5,2025-12-02,7041.5,-0.4383,0,2025-12-04,6750.0,-4.5599,0.0,2025-12-08,6451.0,-8.7876,0.0,2025-12-15,6801.5,-3.8317,0.0,0,1,0,0,1,1,-1.9426,1,1.0,0.0,0.0,1.0,1.0,-6.0019,1.0,1.0,0.0,0.0,1.0,1.0,-10.1657,1.0,1.0,0.0,0.0,1.0,1.0,-5.2848,1.0,75-80,60-65
ANGELONE.NS|2025-12-01|ensemble_lr0.20_rf0.30_xgb0.50,ANGELONE.NS,2025-12-01,ensemble_lr0.20_rf0.30_xgb0.50,2024-12-02,2025-12-01,2025-12-01,2024-12-30,2025-11-28,2025-12-01,228,2025-11-28,True,1,0.4492753623188406,0.6749805264047821,0.9,0.8285657167434692,0.819278963652691,1,81.93,0.5184883521957041,1,51.85,BUY,0.6576,0.3151,Bullish,0.165,0.0,unavailable_no_point_in_time_source,True,265.26,271.1065979003906,2025-12-02,276.0904541015625,1.8383,1,2025-12-04,257.5287170410156,-5.0083,0.0,2025-12-08,249.4447784423828,-7.9901,0.0,2025-12-15,253.35922241210938,-6.5463,0.0,1,1,1,1,1,1,4.083,1,0.0,0.0,0.0,0.0,0.0,-2.9146,0.0,0.0,0.0,0.0,0.0,0.0,-5.9622,0.0,0.0,0.0,0.0,0.0,0.0,-4.4865,0.0,80-85,50-55
APARINDS.NS|2025-12-01|ensemble_lr0.20_rf0.30_xgb0.50,APARINDS.NS,2025-12-01,ensemble_lr0.20_rf0.30_xgb0.50,2024-12-02,2025-12-01,2025-12-01,2024-12-30,2025-11-28,2025-12-01,228,2025-11-28,True,0,0.5217391304347826,0.44122270345891207,0.12,0.18631808459758759,0.21740358299057622,0,78.26,0.6078914029968225,1,60.79,HOLD,0.549,0.098,High Volatility,0.835,0.0,unavailable_no_point_in_time_source,False,9127.81,8943.9482421875,2025-12-02,8870.2041015625,-0.8245,0,2025-12-04,8816.8896484375,-1.4206,0.0,2025-12-08,8613.0966796875,-3.6992,0.0,2025-12-15,9059.048828125,1.2869,1.0,0,1,0,1,1,1,-2.8222,1,1.0,0.0,1.0,1.0,1.0,-3.4063,0.0,1.0,0.0,1.0,1.0,0.0,-5.639,0.0,0.0,1.0,0.0,0.0,1.0,-0.7533,1.0,75-80,60-65
APOLLOHOSP.NS|2025-12-01|ensemble_lr0.20_rf0.30_xgb0.50,APOLLOHOSP.NS,2025-12-01,ensemble_lr0.20_rf0.30_xgb0.50,2024-12-02,2025-12-01,2025-12-01,2024-12-30,2025-11-28,2025-12-01,228,2025-11-28,True,0,0.5579710144927537,0.3936966705555018,0.1,0.13114029169082642,0.17430947995651358,0,82.57,0.396798519650847,0,60.32,SELL,0.2946,-0.4108,Bearish,-0.5,0.0,unavailable_no_point_in_time_source,False,7317.26,7269.37548828125,2025-12-02,7223.98828125,-0.6244,0,2025-12-04,7183.0908203125,-1.187,0.0,2025-12-08,7078.3515625,-2.6278,0.0,2025-12-15,7068.87548828125,-2.7581,0.0,0,1,1,1,1,1,-1.2747,1,1.0,1.0,1.0,1.0,1.0,-1.8336,1.0,1.0,1.0,1.0,1.0,1.0,-3.265,1.0,1.0,1.0,1.0,1.0,1.0,-3.3945,1.0,80-85,60-65
APOLLOTYRE.NS|2025-12-01|ensemble_lr0.20_rf0.30_xgb0.50,APOLLOTYRE.NS,2025-12-01,ensemble_lr0.20_rf0.30_xgb0.50,2024-12-02,2025-12-01,2025-12-01,2024-12-30,2025-11-28,2025-12-01,228,2025-11-28,True,0,0.4855072463768116,0.4777888033467926,0.78,0.8193480372428894,0.7392317792908032,1,73.92,0.29278143208292323,0,70.72,BUY,0.6046,0.2092,Sideways,0.5,0.0,unavailable_no_point_in_time_source,True,507.54,509.8622131347656,2025-12-02,512.7257690429688,0.5616,1,2025-12-04,523.9331665039062,2.7598,1.0,2025-12-08,513.8119506835938,0.7747,1.0,2025-12-15,500.1360168457031,-1.9076,0.0,1,1,0,0,1,1,1.0217,1,1.0,0.0,0.0,1.0,1.0,3.2299,1.0,1.0,0.0,0.0,1.0,1.0,1.2358,1.0,0.0,1.0,1.0,0.0,0.0,-1.4588,0.0,70-75,70-75
ASHOKLEY.NS|2025-12-01|ensemble_lr0.20_rf0.30_xgb0.50,ASHOKLEY.NS,2025-12-01,ensemble_lr0.20_rf0.30_xgb0.50,2024-12-02,2025-12-01,2025-12-01,2024-12-30,2025-11-28,2025-12-01,228,2025-11-28,True,0,0.5797101449275363,0.3465337964153887,0.84,0.7687258124351501,0.7056696655006528,1,70.57,0.4685002570422132,0,53.15,STRONG BUY,0.7627,0.5254,Bullish,1.0,0.0,unavailable_no_point_in_time_source,False,155.47,157.61131286621094,2025-12-02,157.31634521484375,-0.1871,0,2025-12-04,157.5228271484375,-0.0561,0.0,2025-12-08,156.60841369628906,-0.6363,0.0,2025-12-15,164.02195739746094,4.0674,1.0,1,0,1,1,0,0,1.1876,1,0.0,1.0,1.0,0.0,0.0,1.3204,1.0,0.0,1.0,1.0,0.0,0.0,0.7322,1.0,1.0,0.0,0.0,1.0,1.0,5.5007,1.0,70-75,50-55
ASIANPAINT.NS|2025-12-01|ensemble_lr0.20_rf0.30_xgb0.50,ASIANPAINT.NS,2025-12-01,ensemble_lr0.20_rf0.30_xgb0.50,2024-12-02,2025-12-01,2025-12-01,2024-12-30,2025-11-28,2025-12-01,228,2025-11-28,True,1,0.4565217391304348,0.33096845448387247,0.14,0.25056469440460205,0.23347603809907552,0,76.65,0.3091806192821522,0,69.08,HOLD,0.572,0.1441,Bullish,0.665,0.0,unavailable_no_point_in_time_source,True,2849.68,2842.934814453125,2025-12-02,2928.988037109375,3.0269,1,2025-12-04,2931.763916015625,3.1246,1.0,2025-12-08,2903.112548828125,2.1167,1.0,2025-12-15,2756.286376953125,-3.0479,0.0,0,0,0,1,0,0,2.7831,1,0.0,0.0,1.0,0.0,0.0,2.8805,1.0,0.0,0.0,1.0,0.0,1.0,1.875,1.0,1.0,1.0,0.0,1.0,0.0,-3.2773,0.0,75-80,65-70
ASTRAL.NS|2025-12-01|ensemble_lr0.20_rf0.30_xgb0.50,ASTRAL.NS,2025-12-01,ensemble_lr0.20_rf0.30_xgb0.50,2024-12-02,2025-12-01,2025-12-01,2024-12-30,2025-11-28,2025-12-01,228,2025-11-28,True,0,0.4275362318840579,0.5943280063357517,0.16,0.25997117161750793,0.2968511870759043,0,70.31,0.3409355059745554,0,65.91,HOLD,0.423,-0.154,Sideways,-0.165,0.0,unavailable_no_point_in_time_source,True,1438.54,1438.2379150390625,2025-12-02,1417.4705810546875,-1.4439,0,2025-12-04,1438.4375,0.0139,1.0,2025-12-08,1431.04931640625,-0.4998,0.0,2025-12-15,1428.3533935546875,-0.6873,0.0,0,1,1,1,1,1,-1.4646,1,0.0,0.0,0.0,0.0,1.0,-0.0071,1.0,1.0,1.0,1.0,1.0,1.0,-0.5207,1.0,1.0,1.0,1.0,1.0,1.0,-0.7081,1.0,70-75,65-70
AUBANK.NS|2025-12-01|ensemble_lr0.20_rf0.30_xgb0.50,AUBANK.NS,2025-12-01,ensemble_lr0.20_rf0.30_xgb0.50,2024-12-02,2025-12-01,2025-12-01,2024-12-30,2025-11-28,2025-12-01,228,2025-11-28,True,1,0.44202898550724634,0.697489441794476,0.14,0.32476362586021423,0.34387970128900236,0,65.61,0.468724516398896,0,53.13,BUY,0.6325,0.2651,Bullish,1.0,0.0,unavailable_no_point_in_time_source,False,954.32,949.5778198242188,2025-12-02,952.1253662109375,0.2683,1,2025-12-04,947.8295288085938,-0.1841,0.0,2025-12-08,951.6258544921875,0.2157,1.0,2025-12-15,978.1001586914062,3.0037,1.0,0,0,0,1,0,1,-0.23,0,1.0,1.0,0.0,1.0,0.0,-0.6801,0.0,0.0,0.0,1.0,0.0,1.0,-0.2823,0.0,0.0,0.0,1.0,0.0,1.0,2.4918,1.0,65-70,50-55
AXISBANK.NS|2025-12-01|ensemble_lr0.20_rf0.30_xgb0.50,AXISBANK.NS,2025-12-01,ensemble_lr0.20_rf0.30_xgb0.50,2024-12-02,2025-12-01,2025-12-01,2024-12-30,2025-11-28,2025-12-01,228,2025-11-28,True,0,0.4565217391304348,0.36008351292076446,0.1,0.24485640227794647,0.22444490372312614,0,77.56,0.2774199895271053,0,72.26,BUY,0.6344,0.2687,Bullish,1.0,0.0,unavailable_no_point_in_time_source,True,1278.71,1274.7169189453125,2025-12-02,1257.030517578125,-1.3875,0,2025-12-04,1279.0135498046875,0.3371,1.0,2025-12-08,1272.8184814453125,-0.1489,0.0,2025-12-15,1283.8099365234375,0.7133,1.0,0,1,1,1,1,0,-1.6954,0,0.0,0.0,0.0,0.0,1.0,0.0237,1.0,1.0,1.0,1.0,1.0,0.0,-0.4607,0.0,0.0,0.0,0.0,0.0,1.0,0.3988,1.0,75-80,70-75
BAJAJ-AUTO.NS|2025-12-01|ensemble_lr0.20_rf0.30_xgb0.50,BAJAJ-AUTO.NS,2025-12-01,ensemble_lr0.20_rf0.30_xgb0.50,2024-12-02,2025-12-01,2025-12-01,2024-12-30,2025-11-28,2025-12-01,228,2025-11-28,True,1,0.5652173913043478,0.43043334176658155,0.9,0.7839552164077759,0.7480642765572043,1,74.81,0.2299142463743711,0,77.01,BUY,0.6324,0.2649,Sideways,0.5,0.0,unavailable_no_point_in_time_source,False,8947.58,8969.765625,2025-12-02,8959.4111328125,-0.1154,0,2025-12-04,8958.9189453125,-0.1209,0.0,2025-12-08,8900.7373046875,-0.7696,0.0,2025-12-15,8815.9306640625,-1.715,0.0,1,0,1,0,0,0,0.1322,1,0.0,1.0,0.0,0.0,0.0,0.1267,1.0,0.0,1.0,0.0,0.0,0.0,-0.5235,0.0,0.0,1.0,0.0,0.0,0.0,-1.4713,0.0,70-75,75-80
BAJAJFINSV.NS|2025-12-01|ensemble_lr0.20_rf0.30_xgb0.50,BAJAJFINSV.NS,2025-12-01,ensemble_lr0.20_rf0.30_xgb0.50,2024-12-02,2025-12-01,2025-12-01,2024-12-30,2025-11-28,2025-12-01,228,2025-11-28,True,0,0.5289855072463768,0.425281155109461,0.04,0.18429315090179443,0.18920280647278942,0,81.08,0.2110483559578186,0,78.9,HOLD,0.5179,0.0357,Sideways,0.5,0.0,unavailable_no_point_in_time_source,True,2092.21,2080.025146484375,2025-12-02,2064.138427734375,-0.7638,0,2025-12-04,2047.452880859375,-1.566,0.0,2025-12-08,2057.4443359375,-1.0856,0.0,2025-12-15,2068.734619140625,-0.5428,0.0,0,1,1,1,1,1,-1.3417,1,1.0,1.0,1.0,1.0,1.0,-2.1392,1.0,1.0,1.0,1.0,1.0,1.0,-1.6617,1.0,1.0,1.0,1.0,1.0,1.0,-1.122,1.0,80-85,75-80
BAJFINANCE.NS|2025-12-01|ensemble_lr0.20_rf0.30_xgb0.50,BAJFINANCE.NS,2025-12-01,ensemble_lr0.20_rf0.30_xgb0.50,2024-12-02,2025-12-01,2025-12-01,2024-12-30,2025-11-28,2025-12-01,228,2025-11-28,True,1,0.4275362318840579,0.6501107789107942,0.16,0.24290776252746582,0.29947603704589176,0,70.05,0.4373131280873066,0,56.27,HOLD,0.4494,-0.1013,Sideways,-0.165,0.0,unavailable_no_point_in_time_source,True,1031.16,1014.8613891601562,2025-12-02,1019.2345581054688,0.4309,1,2025-12-04,1022.8125,0.7835,1.0,2025-12-08,1020.1290893554688,0.5191,1.0,2025-12-15,1006.5127563476562,-0.8226,0.0,0,0,0,1,0,1,-1.1565,1,0.0,0.0,1.0,0.0,1.0,-0.8095,1.0,0.0,0.0,1.0,0.0,1.0,-1.0698,1.0,1.0,1.0,0.0,1.0,1.0,-2.3902,1.0,70-75,55-60
BEL.NS|2025-12-01|ensemble_lr0.20_rf0.30_xgb0.50,BEL.NS,2025-12-01,ensemble_lr0.20_rf0.30_xgb0.50,2024-12-02,2025-12-01,2025-12-01,2024-12-30,2025-11-28,2025-12-01,228,2025-11-28,True,0,0.45652173913043476,0.5444382431554552,0.8,0.6883037090301514,0.6930395031461667,1,69.3,0.5286877202744727,1,52.87,HOLD,0.5655,0.131,Sideways,0.0,0.0,unavailable_no_point_in_time_source,True,409.45,414.9179382324219,2025-12-02,410.7414245605469,-1.0066,0,2025-12-04,404.8743896484375,-2.4206,0.0,2025-12-08,384.2403869628906,-7.3936,0.0,2025-12-15,388.5660400390625,-6.3511,0.0,1,0,0,1,0,1,0.3154,1,0.0,0.0,1.0,0.0,1.0,-1.1175,1.0,0.0,0.0,1.0,0.0,0.0,-6.1569,0.0,0.0,0.0,1.0,0.0,0.0,-5.1005,0.0,65-70,50-55
BPCL.NS|2025-12-01|ensemble_lr0.20_rf0.30_xgb0.50,BPCL.NS,2025-12-01,ensemble_lr0.20_rf0.30_xgb0.50,2024-12-02,2025-12-01,2025-12-01,2024-12-30,2025-11-28,2025-12-01,228,2025-11-28,True,0,0.5797101449275363,0.42591054727432015,0.08,0.06917579472064972,0.1437700068151889,0,85.62,0.4099199135739661,0,59.01,HOLD,0.491,-0.0179,Sideways,0.5,0.0,unavailable_no_point_in_time_source,True,349.25,344.2880859375,2025-12-02,348.9077453613281,1.3418,1,2025-12-04,346.23321533203125,0.565,1.0,2025-12-08,347.74066162109375,1.0028,1.0,2025-12-15,356.9314270019531,3.6723,1.0,0,0,0,0,0,1,-0.098,1,0.0,0.0,0.0,0.0,1.0,-0.8638,1.0,0.0,0.0,0.0,0.0,1.0,-0.4322,1.0,0.0,0.0,0.0,0.0,0.0,2.1994,1.0,85-90,55-60
AARTIIND.NS|2025-12-08|ensemble_lr0.20_rf0.30_xgb0.50,AARTIIND.NS,2025-12-08,ensemble_lr0.20_rf0.30_xgb0.50,2024-12-09,2025-12-08,2025-12-08,2025-01-06,2025-12-05,2025-12-08,228,2025-12-05,True,0,0.5652173913043478,0.39563745574235654,0.14,0.26351335644721985,0.25288416937208125,0,74.71,0.5220384810902107,1,52.2,SELL,0.3277,-0.3445,Bearish,-0.665,0.0,unavailable_no_point_in_time_source,True,362.33,350.4533386230469,2025-12-09,349.0062255859375,-0.4129,0,2025-12-11,356.291748046875,1.666,1.0,2025-12-15,375.5534362792969,7.1622,1.0,2025-12-22,374.2061462402344,6.7777,1.0,0,1,0,1,1,1,-3.6772,1,0.0,1.0,0.0,0.0,0.0,-1.6665,1.0,0.0,1.0,0.0,0.0,0.0,3.6496,0.0,0.0,1.0,0.0,0.0,0.0,3.2777,0.0,70-75,50-55
AAVAS.NS|2025-12-08|ensemble_lr0.20_rf0.30_xgb0.50,AAVAS.NS,2025-12-08,ensemble_lr0.20_rf0.30_xgb0.50,2024-12-09,2025-12-08,2025-12-08,2025-01-06,2025-12-05,2025-12-08,228,2025-12-05,True,0,0.4565217391304348,0.6098273194728715,0.1,0.13921381533145905,0.22157237156030382,0,77.84,0.35804864566906913,0,64.2,SELL,0.3739,-0.2522,High Volatility,-0.835,0.0,unavailable_no_point_in_time_source,False,1497.1,1496.5,2025-12-09,1549.800048828125,3.5616,1,2025-12-11,1558.199951171875,4.123,1.0,2025-12-15,1549.0999755859375,3.5149,1.0,2025-12-22,1457.800048828125,-2.586,0.0,0,0,0,0,0,0,3.5201,0,0.0,0.0,0.0,0.0,0.0,4.0812,0.0,0.0,0.0,0.0,0.0,0.0,3.4734,0.0,1.0,1.0,1.0,1.0,1.0,-2.6251,1.0,75-80,60-65
ABCAPITAL.NS|2025-12-08|ensemble_lr0.20_rf0.30_xgb0.50,ABCAPITAL.NS,2025-12-08,ensemble_lr0.20_rf0.30_xgb0.50,2024-12-09,2025-12-08,2025-12-08,2025-01-06,2025-12-05,2025-12-08,228,2025-12-05,True,1,0.5797101449275361,0.2838083829174449,0.16,0.19999468326568604,0.20475901821633202,0,79.52,0.4210359912797525,0,57.9,BUY,0.6207,0.2413,Bullish,1.0,0.0,unavailable_no_point_in_time_source,True,358.75,357.1000061035156,2025-12-09,364.04998779296875,1.9462,1,2025-12-11,354.45001220703125,-0.7421,0.0,2025-12-15,351.79998779296875,-1.4842,0.0,2025-12-22,346.1000061035156,-3.0804,0.0,0,0,0,1,0,1,1.4773,1,1.0,1.0,0.0,1.0,0.0,-1.1986,0.0,1.0,1.0,0.0,1.0,0.0,-1.9373,0.0,1.0,1.0,0.0,1.0,0.0,-3.5261,0.0,75-80,55-60
ABFRL.NS|2025-12-08|ensemble_lr0.20_rf0.30_xgb0.50,ABFRL.NS,2025-12-08,ensemble_lr0.20_rf0.30_xgb0.50,2024-12-09,2025-12-08,2025-12-08,2025-01-06,2025-12-05,2025-12-08,228,2025-12-05,True,0,0.4565217391304348,0.35234800151457585,0.06,0.272190660238266,0.22456493042204817,0,77.54,0.7124209265271525,1,71.24,SELL,0.3642,-0.2715,Bearish,-0.165,0.0,unavailable_no_point_in_time_source,True,77.41,74.58000183105469,2025-12-09,75.88999938964844,1.7565,1,2025-12-11,75.44999694824219,1.1665,1.0,2025-12-15,75.43000030517578,1.1397,1.0,2025-12-22,77.44999694824219,3.8482,1.0,0,0,1,0,0,0,-1.9636,1,0.0,1.0,0.0,0.0,0.0,-2.532,1.0,0.0,1.0,0.0,0.0,0.0,-2.5578,1.0,0.0,1.0,0.0,0.0,0.0,0.0517,0.0,75-80,70-75
ACC.NS|2025-12-08|ensemble_lr0.20_rf0.30_xgb0.50,ACC.NS,2025-12-08,ensemble_lr0.20_rf0.30_xgb0.50,2024-12-09,2025-12-08,2025-12-08,2025-01-06,2025-12-05,2025-12-08,228,2025-12-05,True,0,0.5579710144927535,0.41129213129437575,0.12,0.317583292722702,0.2770500726202262,0,72.29,0.6008363874980921,1,60.08,SELL,0.3383,-0.3234,Bearish,-0.335,0.0,unavailable_no_point_in_time_source,False,1787.86,1785.6678466796875,2025-12-09,1774.731201171875,-0.6125,0,2025-12-11,1768.666259765625,-0.9521,0.0,2025-12-15,1767.3736572265625,-1.0245,0.0,2025-12-22,1772.2454833984375,-0.7517,0.0,0,1,0,1,1,1,-0.7343,1,1.0,0.0,1.0,1.0,1.0,-1.0736,1.0,1.0,0.0,1.0,1.0,1.0,-1.1459,1.0,1.0,0.0,1.0,1.0,1.0,-0.8734,1.0,70-75,60-65
ADANIENT.NS|2025-12-08|ensemble_lr0.20_rf0.30_xgb0.50,ADANIENT.NS,2025-12-08,ensemble_lr0.20_rf0.30_xgb0.50,2024-12-09,2025-12-08,2025-12-08,2025-01-06,2025-12-05,2025-12-08,228,2025-12-05,True,0,0.45652173913043476,0.679891539998318,0.1,0.14987584948539734,0.24091623274236226,0,75.91,0.4626599905446672,0,53.73,SELL,0.2883,-0.4234,Bearish,-0.835,0.0,unavailable_no_point_in_time_source,True,2264.39,2215.20947265625,2025-12-09,2244.196533203125,1.3085,1,2025-12-11,2276.68212890625,2.775,1.0,2025-12-15,2277.88134765625,2.8292,1.0,2025-12-22,2262.488525390625,2.1343,1.0,0,0,0,0,0,0,-0.8918,1,0.0,0.0,0.0,0.0,0.0,0.5428,0.0,0.0,0.0,0.0,0.0,0.0,0.5958,0.0,0.0,0.0,0.0,0.0,0.0,-0.084,1.0,75-80,50-55
ADANIPORTS.NS|2025-12-08|ensemble_lr0.20_rf0.30_xgb0.50,ADANIPORTS.NS,2025-12-08,ensemble_lr0.20_rf0.30_xgb0.50,2024-12-09,2025-12-08,2025-12-08,2025-01-06,2025-12-05,2025-12-08,228,2025-12-05,True,0,0.5362318840579711,0.5377031151941511,0.2,0.3820669949054718,0.3585741204915661,0,64.14,0.5766787058805968,1,57.67,HOLD,0.5013,0.0026,Sideways,0.5,0.0,unavailable_no_point_in_time_source,True,1503.07,1474.2867431640625,2025-12-09,1490.91650390625,1.128,1,2025-12-11,1497.6881103515625,1.5873,1.0,2025-12-15,1506.251953125,2.1682,1.0,2025-12-22,1502.3682861328125,1.9048,1.0,0,0,1,0,0,1,-0.8086,1,0.0,1.0,0.0,0.0,1.0,-0.3581,1.0,0.0,1.0,0.0,0.0,1.0,0.2117,1.0,0.0,1.0,0.0,0.0,1.0,-0.0467,1.0,60-65,55-60
AETHER.NS|2025-12-08|ensemble_lr0.20_rf0.30_xgb0.50,AETHER.NS,2025-12-08,ensemble_lr0.20_rf0.30_xgb0.50,2024-12-09,2025-12-08,2025-12-08,2025-01-06,2025-12-05,2025-12-08,228,2025-12-05,True,0,0.5362318840579711,0.12156611600038711,0.08,0.15980087220668793,0.12821365930342138,0,87.18,0.39104415417348226,0,60.9,HOLD,0.4854,-0.0293,High Volatility,0.165,0.0,unavailable_no_point_in_time_source,True,847.5,815.9000244140625,2025-12-09,849.25,4.0875,1,2025-12-11,872.5,6.9371,1.0,2025-12-15,879.6500244140625,7.8135,1.0,2025-12-22,862.4000244140625,5.6992,1.0,0,0,0,0,0,0,0.2065,1,0.0,0.0,0.0,0.0,0.0,2.9499,1.0,0.0,0.0,0.0,0.0,0.0,3.7935,0.0,0.0,0.0,0.0,0.0,0.0,1.7581,1.0,85-90,60-65
AIAENG.NS|2025-12-08|ensemble_lr0.20_rf0.30_xgb0.50,AIAENG.NS,2025-12-08,ensemble_lr0.20_rf0.30_xgb0.50,2024-12-09,2025-12-08,2025-12-08,2025-01-06,2025-12-05,2025-12-08,228,2025-12-05,True,0,0.4565217391304348,0.48533734996530536,0.08,0.1885497272014618,0.21534233359379198,0,78.47,0.3257395883147948,0,67.43,HOLD,0.5692,0.1383,Bullish,0.335,0.0,unavailable_no_point_in_time_source,False,3751.7,3645.79541015625,2025-12-09,3784.57373046875,3.8065,1,2025-12-11,3624.574951171875,-0.5821,0.0,2025-12-15,3879.218017578125,6.4025,1.0,2025-12-22,3905.219970703125,7.1157,1.0,0,0,0,0,0,0,0.8762,1,1.0,1.0,1.0,1.0,1.0,-3.3885,0.0,0.0,0.0,0.0,0.0,0.0,3.3989,0.0,0.0,0.0,0.0,0.0,0.0,4.092,0.0,75-80,65-70
AJANTPHARM.NS|2025-12-08|ensemble_lr0.20_rf0.30_xgb0.50,AJANTPHARM.NS,2025-12-08,ensemble_lr0.20_rf0.30_xgb0.50,2024-12-09,2025-12-08,2025-12-08,2025-01-06,2025-12-05,2025-12-08,228,2025-12-05,True,0,0.5362318840579711,0.415898917882418,0.94,0.8442881107330322,0.7873238389429997,1,78.73,0.367335712022964,0,63.27,BUY,0.6488,0.2976,Sideways,0.5,0.0,unavailable_no_point_in_time_source,False,2616.63,2634.168701171875,2025-12-09,2597.306396484375,-1.3994,0,2025-12-11,2627.331298828125,-0.2596,0.0,2025-12-15,2618.11572265625,-0.6094,0.0,2025-12-22,2676.282958984375,1.5988,1.0,1,0,1,1,0,0,-0.7385,0,0.0,1.0,1.0,0.0,0.0,0.409,1.0,0.0,1.0,1.0,0.0,0.0,0.0568,1.0,1.0,0.0,0.0,1.0,1.0,2.2798,1.0,75-80,60-65
ALEMBICLTD.NS|2025-12-08|ensemble_lr0.20_rf0.30_xgb0.50,ALEMBICLTD.NS,2025-12-08,ensemble_lr0.20_rf0.30_xgb0.50,2024-12-09,2025-12-08,2025-12-08,2025-01-06,2025-12-05,2025-12-08,228,2025-12-05,True,0,0.5869565217391304,0.4352219549899589,0.08,0.24361127614974976,0.23285002907286667,0,76.71,0.5944650818050278,1,59.45,HOLD,0.4242,-0.1517,Sideways,-0.17,0.0,unavailable_no_point_in_time_source,False,98.21,95.39532470703125,2025-12-09,95.4926986694336,0.1021,1,2025-12-11,96.42756652832031,1.0821,1.0,2025-12-15,99.6703872680664,4.4814,1.0,2025-12-22,98.62840270996094,3.3891,1.0,0,0,1,0,0,1,-2.7668,1,0.0,1.0,0.0,0.0,1.0,-1.8149,1.0,0.0,1.0,0.0,0.0,0.0,1.487,1.0,0.0,1.0,0.0,0.0,0.0,0.426,1.0,75-80,55-60
ALKEM.NS|2025-12-08|ensemble_lr0.20_rf0.30_xgb0.50,ALKEM.NS,2025-12-08,ensemble_lr0.20_rf0.30_xgb0.50,2024-12-09,2025-12-08,2025-12-08,2025-01-06,2025-12-05,2025-12-08,228,2025-12-05,True,1,0.5507246376811593,0.518186452133591,0.22,0.3243040442466736,0.331789312550055,0,66.82,0.7565742731199234,1,75.66,HOLD,0.5004,0.0007,Sideways,0.5,0.0,unavailable_no_point_in_time_source,False,5620.05,5544.3017578125,2025-12-09,5612.1328125,1.2234,1,2025-12-11,5571.0380859375,0.4822,1.0,2025-12-15,5569.552734375,0.4554,1.0,2025-12-22,5569.0576171875,0.4465,1.0,0,0,1,1,0,1,-0.1409,1,0.0,1.0,1.0,0.0,1.0,-0.8721,1.0,0.0,1.0,1.0,0.0,1.0,-0.8985,1.0,0.0,1.0,1.0,0.0,1.0,-0.9073,1.0,65-70,75-80
AMBER.NS|2025-12-08|ensemble_lr0.20_rf0.30_xgb0.50,AMBER.NS,2025-12-08,ensemble_lr0.20_rf0.30_xgb0.50,2024-12-09,2025-12-08,2025-12-08,2025-01-06,2025-12-05,2025-12-08,228,2025-12-05,True,1,0.5,0.18986216542541534,0.14,0.21943779289722443,0.18969132953369527,0,81.03,0.5181376058625663,1,51.81,SELL,0.3808,-0.2385,High Volatility,-0.665,0.0,unavailable_no_point_in_time_source,False,6562.5,6451.0,2025-12-09,6682.5,3.5886,1,2025-12-11,6521.5,1.0929,1.0,2025-12-15,6801.5,5.4333,1.0,2025-12-22,6709.0,3.9994,1.0,0,0,1,1,0,0,1.8286,0,0.0,1.0,1.0,0.0,0.0,-0.6248,1.0,0.0,1.0,1.0,0.0,0.0,3.6419,0.0,0.0,1.0,1.0,0.0,0.0,2.2324,0.0,80-85,50-55
ANGELONE.NS|2025-12-08|ensemble_lr0.20_rf0.30_xgb0.50,ANGELONE.NS,2025-12-08,ensemble_lr0.20_rf0.30_xgb0.50,2024-12-09,2025-12-08,2025-12-08,2025-01-06,2025-12-05,2025-12-08,228,2025-12-05,True,1,0.34057971014492755,0.38665594459606095,0.18,0.2691501975059509,0.26590628767218766,0,73.41,0.5347219861999013,1,53.47,HOLD,0.4479,-0.1041,Sideways,0.165,0.0,unavailable_no_point_in_time_source,True,259.17,249.4447784423828,2025-12-09,248.552001953125,-0.3579,0,2025-12-11,252.8588409423828,1.3687,1.0,2025-12-15,253.35922241210938,1.5693,1.0,2025-12-22,253.27093505859375,1.5339,1.0,0,1,0,0,1,1,-4.0969,0,0.0,1.0,1.0,0.0,1.0,-2.4351,1.0,0.0,1.0,1.0,0.0,1.0,-2.2421,1.0,0.0,1.0,1.0,0.0,1.0,-2.2761,1.0,70-75,50-55
APARINDS.NS|2025-12-08|ensemble_lr0.20_rf0.30_xgb0.50,APARINDS.NS,2025-12-08,ensemble_lr0.20_rf0.30_xgb0.50,2024-12-09,2025-12-08,2025-12-08,2025-01-06,2025-12-05,2025-12-08,228,2025-12-05,True,0,0.49275362318840576,0.5098897110657188,0.14,0.2493695169687271,0.2686627006975073,0,73.13,0.3441191896012049,0,65.59,HOLD,0.4708,-0.0584,High Volatility,0.335,0.0,unavailable_no_point_in_time_source,False,8868.21,8613.0966796875,2025-12-09,8753.1103515625,1.6256,1,2025-12-11,8955.90625,3.9801,1.0,2025-12-15,9059.048828125,5.1776,1.0,2025-12-22,8839.8095703125,2.6322,1.0,0,0,0,0,0,1,-1.2979,1,0.0,0.0,0.0,0.0,0.0,0.9889,1.0,0.0,0.0,0.0,0.0,0.0,2.1519,1.0,0.0,0.0,0.0,0.0,1.0,-0.3202,1.0,70-75,65-70
APOLLOHOSP.NS|2025-12-08|ensemble_lr0.20_rf0.30_xgb0.50,APOLLOHOSP.NS,2025-12-08,ensemble_lr0.20_rf0.30_xgb0.50,2024-12-09,2025-12-08,2025-12-08,2025-01-06,2025-12-05,2025-12-08,228,2025-12-05,True,0,0.5434782608695653,0.2358260707047544,0.06,0.17738550901412964,0.1538579686480157,0,84.61,0.27530112823729863,0,72.47,SELL,0.3164,-0.3672,Bearish,-0.5,0.0,unavailable_no_point_in_time_source,False,7171.62,7078.3515625,2025-12-09,7073.3642578125,-0.0705,0,2025-12-11,6992.06689453125,-1.219,0.0,2025-12-15,7068.87548828125,-0.1339,0.0,2025-12-22,7036.4560546875,-0.5919,0.0,0,1,1,1,1,1,-1.3701,1,1.0,1.0,1.0,1.0,1.0,-2.5037,1.0,1.0,1.0,1.0,1.0,1.0,-1.4327,1.0,1.0,1.0,1.0,1.0,1.0,-1.8847,1.0,80-85,70-75
APOLLOTYRE.NS|2025-12-08|ensemble_lr0.20_rf0.30_xgb0.50,APOLLOTYRE.NS,2025-12-08,ensemble_lr0.20_rf0.30_xgb0.50,2024-12-09,2025-12-08,2025-12-08,2025-01-06,2025-12-05,2025-12-08,228,2025-12-05,True,0,0.5,0.3838405641518714,0.02,0.21227826178073883,0.1889072437207437,0,81.11,0.2705349833414442,0,72.95,HOLD,0.5004,0.0007,Sideways,0.5,0.0,unavailable_no_point_in_time_source,True,514.9,513.8119506835938,2025-12-09,518.0086059570312,0.8168,1,2025-12-11,507.6405029296875,-1.2011,0.0,2025-12-15,500.1360168457031,-2.6617,0.0,2025-12-22,503.34515380859375,-2.0371,0.0,0,0,0,0,0,1,0.6037,1,1.0,1.0,1.0,1.0,1.0,-1.4099,1.0,1.0,1.0,1.0,1.0,1.0,-2.8673,1.0,1.0,1.0,1.0,1.0,1.0,-2.2441,1.0,80-85,70-75
ASHOKLEY.NS|2025-12-08|ensemble_lr0.20_rf0.30_xgb0.50,ASHOKLEY.NS,2025-12-08,ensemble_lr0.20_rf0.30_xgb0.50,2024-12-09,2025-12-08,2025-12-08,2025-01-06,2025-12-05,2025-12-08,228,2025-12-05,True,0,0.5797101449275361,0.2646928015407382,0.12,0.24539969861507416,0.21163840961568472,0,78.84,0.31302682835929196,0,68.7,BUY,0.6279,0.2558,Bullish,1.0,0.0,unavailable_no_point_in_time_source,False,158.16,156.60841369628906,2025-12-09,156.90338134765625,0.1883,1,2025-12-11,157.64080810546875,0.6592,1.0,2025-12-15,164.02195739746094,4.7338,1.0,2025-12-22,174.0803680419922,11.1565,1.0,0,0,0,0,0,1,-0.7945,0,0.0,0.0,0.0,0.0,1.0,-0.3283,0.0,0.0,0.0,0.0,0.0,1.0,3.7063,1.0,0.0,0.0,0.0,0.0,1.0,10.066,1.0,75-80,65-70
ASIANPAINT.NS|2025-12-08|ensemble_lr0.20_rf0.30_xgb0.50,ASIANPAINT.NS,2025-12-08,ensemble_lr0.20_rf0.30_xgb0.50,2024-12-09,2025-12-08,2025-12-08,2025-01-06,2025-12-05,2025-12-08,228,2025-12-05,True,1,0.43478260869565216,0.43880146273214987,0.16,0.18968120217323303,0.23060089363304648,0,76.94,0.44829496577577527,0,55.17,BUY,0.5944,0.1889,Bullish,0.665,0.0,unavailable_no_point_in_time_source,False,2942.97,2903.112548828125,2025-12-09,2771.95068359375,-4.518,0,2025-12-11,2755.4931640625,-5.0849,0.0,2025-12-15,2756.286376953125,-5.0575,0.0,2025-12-22,2783.450927734375,-4.1218,0.0,0,1,1,0,1,0,-5.8111,0,1.0,1.0,0.0,1.0,0.0,-6.3703,0.0,1.0,1.0,0.0,1.0,0.0,-6.3434,0.0,1.0,1.0,0.0,1.0,0.0,-5.4203,0.0,75-80,55-60
ASTRAL.NS|2025-12-08|ensemble_lr0.20_rf0.30_xgb0.50,ASTRAL.NS,2025-12-08,ensemble_lr0.20_rf0.30_xgb0.50,2024-12-09,2025-12-08,2025-12-08,2025-01-06,2025-12-05,2025-12-08,228,2025-12-05,True,0,0.4202898550724638,0.5165409739190184,0.14,0.2183012068271637,0.25445879819738554,0,74.55,0.3816017282597862,0,61.84,HOLD,0.4528,-0.0944,Sideways,-0.165,0.0,unavailable_no_point_in_time_source,True,1457.21,1431.04931640625,2025-12-09,1426.156982421875,-0.3419,0,2025-12-11,1404.490966796875,-1.8559,0.0,2025-12-15,1428.3533935546875,-0.1884,0.0,2025-12-22,1405.8887939453125,-1.7582,0.0,0,1,1,1,1,1,-2.131,1,1.0,1.0,1.0,1.0,1.0,-3.6178,0.0,1.0,1.0,1.0,1.0,1.0,-1.9803,1.0,1.0,1.0,1.0,1.0,1.0,-3.5219,0.0,70-75,60-65
AUBANK.NS|2025-12-08|ensemble_lr0.20_rf0.30_xgb0.50,AUBANK.NS,2025-12-08,ensemble_lr0.20_rf0.30_xgb0.50,2024-12-09,2025-12-08,2025-12-08,2025-01-06,2025-12-05,2025-12-08,228,2025-12-05,True,1,0.43478260869565216,0.6108837160059915,0.16,0.24131441116333008,0.29083394878286334,0,70.92,0.5734126008880309,1,57.34,HOLD,0.5536,0.1071,Bullish,0.665,0.0,unavailable_no_point_in_time_source,True,959.77,951.6258544921875,2025-12-09,971.10693359375,2.0471,1,2025-12-11,972.0560302734375,2.1469,1.0,2025-12-15,978.1001586914062,2.782,1.0,2025-12-22,983.4949340820312,3.3489,1.0,0,0,1,1,0,1,1.1812,1,0.0,1.0,1.0,0.0,1.0,1.2801,1.0,0.0,1.0,1.0,0.0,1.0,1.9098,1.0,0.0,1.0,1.0,0.0,0.0,2.4719,1.0,70-75,55-60
AXISBANK.NS|2025-12-08|ensemble_lr0.20_rf0.30_xgb0.50,AXISBANK.NS,2025-12-08,ensemble_lr0.20_rf0.30_xgb0.50,2024-12-09,2025-12-08,2025-12-08,2025-01-06,2025-12-05,2025-12-08,228,2025-12-05,True,0,0.45652173913043476,0.3704106629881783,0.16,0.32346832752227783,0.2838162963587746,0,71.62,0.4786866922184367,0,52.13,BUY,0.5843,0.1686,Bullish,0.665,0.0,unavailable_no_point_in_time_source,True,1281.51,1272.8184814453125,2025-12-09,1274.916748046875,0.1649,1,2025-12-11,1271.7191162109375,-0.0864,0.0,2025-12-15,1283.8099365234375,0.8636,1.0,2025-12-22,1232.2496337890625,-3.1873,0.0,0,0,0,0,0,1,-0.5145,0,1.0,1.0,1.0,1.0,0.0,-0.764,0.0,0.0,0.0,0.0,0.0,1.0,0.1795,1.0,1.0,1.0,1.0,1.0,0.0,-3.8439,0.0,70-75,50-55
BAJAJ-AUTO.NS|2025-12-08|ensemble_lr0.20_rf0.30_xgb0.50,BAJAJ-AUTO.NS,2025-12-08,ensemble_lr0.20_rf0.30_xgb0.50,2024-12-09,2025-12-08,2025-12-08,2025-01-06,2025-12-05,2025-12-08,228,2025-12-05,True,1,0.5217391304347826,0.3848899007338105,0.04,0.08516985177993774,0.131562906036731,0,86.84,0.4938510544095889,0,50.61,HOLD,0.5009,0.0017,Sideways,0.5,0.0,unavailable_no_point_in_time_source,False,8982.58,8900.7373046875,2025-12-09,8836.6396484375,-0.7201,0,2025-12-11,8927.85546875,0.3047,1.0,2025-12-15,8815.9306640625,-0.9528,0.0,2025-12-22,9036.822265625,1.5289,1.0,0,1,1,0,1,1,-1.6247,1,0.0,0.0,1.0,0.0,1.0,-0.6092,1.0,1.0,1.0,0.0,1.0,1.0,-1.8553,1.0,0.0,0.0,1.0,0.0,1.0,0.6039,1.0,85-90,50-55
BAJAJFINSV.NS|2025-12-08|ensemble_lr0.20_rf0.30_xgb0.50,BAJAJFINSV.NS,2025-12-08,ensemble_lr0.20_rf0.30_xgb0.50,2024-12-09,2025-12-08,2025-12-08,2025-01-06,2025-12-05,2025-12-08,228,2025-12-05,True,0,0.5579710144927537,0.3649523747737976,0.06,0.19285506010055542,0.18741800500503725,0,81.26,0.4199240525948274,0,58.01,HOLD,0.5491,0.0981,Sideways,0.5,0.0,unavailable_no_point_in_time_source,True,2094.71,2057.4443359375,2025-12-09,2067.735595703125,0.5002,1,2025-12-11,2064.038818359375,0.3205,1.0,2025-12-15,2068.734619140625,0.5488,1.0,2025-12-22,2048.052490234375,-0.4565,0.0,0,0,0,0,0,1,-1.2877,1,0.0,0.0,0.0,0.0,1.0,-1.4642,1.0,0.0,0.0,0.0,0.0,1.0,-1.24,1.0,1.0,1.0,1.0,1.0,1.0,-2.2274,1.0,80-85,55-60
BAJFINANCE.NS|2025-12-08|ensemble_lr0.20_rf0.30_xgb0.50,BAJFINANCE.NS,2025-12-08,ensemble_lr0.20_rf0.30_xgb0.50,2024-12-09,2025-12-08,2025-12-08,2025-01-06,2025-12-05,2025-12-08,228,2025-12-05,True,1,0.4855072463768116,0.4967684344483433,0.16,0.22543616592884064,0.260071769854089,0,73.99,0.5045456086397742,1,50.45,HOLD,0.5226,0.0452,Sideways,0.33,0.0,unavailable_no_point_in_time_source,True,1041.6,1020.1290893554688,2025-12-09,1010.4883422851562,-0.9451,0,2025-12-11,1000.2512817382812,-1.9486,0.0,2025-12-15,1006.5127563476562,-1.3348,0.0,2025-12-22,1001.6427001953125,-1.8122,0.0,0,1,0,0,1,1,-2.9869,1,1.0,0.0,0.0,1.0,1.0,-3.9697,0.0,1.0,0.0,0.0,1.0,1.0,-3.3686,0.0,1.0,0.0,0.0,1.0,1.0,-3.8361,0.0,70-75,50-55
BEL.NS|2025-12-08|ensemble_lr0.20_rf0.30_xgb0.50,BEL.NS,2025-12-08,ensemble_lr0.20_rf0.30_xgb0.50,2024-12-09,2025-12-08,2025-12-08,2025-01-06,2025-12-05,2025-12-08,228,2025-12-05,True,0,0.5289855072463768,0.45392692285516534,0.06,0.22686123847961426,0.22221600381084022,0,77.78,0.6830530663174583,1,68.31,HOLD,0.4442,-0.1117,Sideways,-0.165,0.0,unavailable_no_point_in_time_source,True,404.63,384.2403869628906,2025-12-09,387.2733459472656,0.7893,1,2025-12-11,385.334228515625,0.2847,1.0,2025-12-15,388.5660400390625,1.1258,1.0,2025-12-22,396.7202453613281,3.2479,1.0,0,0,1,0,0,1,-4.2895,0,0.0,1.0,0.0,0.0,1.0,-4.7687,0.0,0.0,1.0,0.0,0.0,1.0,-3.97,0.0,0.0,1.0,0.0,0.0,0.0,-1.9548,1.0,75-80,65-70
BPCL.NS|2025-12-08|ensemble_lr0.20_rf0.30_xgb0.50,BPCL.NS,2025-12-08,ensemble_lr0.20_rf0.30_xgb0.50,2024-12-09,2025-12-08,2025-12-08,2025-01-06,2025-12-05,2025-12-08,228,2025-12-05,True,0,0.5797101449275363,0.23983739795974948,0.06,0.03170418739318848,0.08181957328854414,0,91.82,0.2865944556350687,0,71.34,HOLD,0.5416,0.0832,Bullish,0.5,0.0,unavailable_no_point_in_time_source,True,350.42,347.74066162109375,2025-12-09,345.30926513671875,-0.6992,0,2025-12-11,341.6621398925781,-1.748,0.0,2025-12-15,356.9314270019531,2.643,1.0,2025-12-22,359.7518615722656,3.4541,1.0,0,1,1,1,1,1,-1.4585,1,1.0,1.0,1.0,1.0,1.0,-2.4992,1.0,0.0,0.0,0.0,0.0,1.0,1.8582,1.0,0.0,0.0,0.0,0.0,0.0,2.6631,1.0,90-95,70-75
AARTIIND.NS|2025-12-15|ensemble_lr0.20_rf0.30_xgb0.50,AARTIIND.NS,2025-12-15,ensemble_lr0.20_rf0.30_xgb0.50,2024-12-16,2025-12-15,2025-12-15,2025-01-13,2025-12-12,2025-12-15,228,2025-12-12,True,0,0.5362318840579711,0.5566087573685157,0.86,0.6665213704109192,0.7025824366791628,1,70.26,0.7905824441024918,1,79.06,HOLD,0.4335,-0.1331,Bearish,-0.665,0.0,unavailable_no_point_in_time_source,False,356.24,375.5534362792969,2025-12-16,371.760986328125,-1.0098,0,2025-12-18,363.4774475097656,-3.2155,0.0,2025-12-22,374.2061462402344,-0.3587,0.0,2025-12-30,367.3697204589844,-2.1791,0.0,1,0,0,1,0,1,4.3569,0,0.0,0.0,1.0,0.0,0.0,2.0316,1.0,0.0,0.0,1.0,0.0,1.0,5.0433,0.0,0.0,0.0,1.0,0.0,1.0,3.1242,0.0,70-75,75-80
AAVAS.NS|2025-12-15|ensemble_lr0.20_rf0.30_xgb0.50,AAVAS.NS,2025-12-15,ensemble_lr0.20_rf0.30_xgb0.50,2024-12-16,2025-12-15,2025-12-15,2025-01-13,2025-12-12,2025-12-15,228,2025-12-12,True,0,0.39855072463768115,0.42038427460520245,0.2,0.4914014935493469,0.38977760169571396,0,61.02,0.7414045577864073,1,74.14,HOLD,0.441,-0.118,High Volatility,-0.335,0.0,unavailable_no_point_in_time_source,False,1569.2,1549.0999755859375,2025-12-16,1487.0,-4.0088,0,2025-12-18,1455.699951171875,-6.0293,0.0,2025-12-22,1457.800048828125,-5.8937,0.0,2025-12-30,1466.0,-5.3644,0.0,0,1,0,1,1,0,-5.2383,0,1.0,0.0,1.0,1.0,0.0,-7.233,0.0,1.0,0.0,1.0,1.0,0.0,-7.0992,0.0,1.0,0.0,1.0,1.0,0.0,-6.5766,0.0,60-65,70-75
ABCAPITAL.NS|2025-12-15|ensemble_lr0.20_rf0.30_xgb0.50,ABCAPITAL.NS,2025-12-15,ensemble_lr0.20_rf0.30_xgb0.50,2024-12-16,2025-12-15,2025-12-15,2025-01-13,2025-12-12,2025-12-15,228,2025-12-12,True,1,0.5579710144927535,0.3045036609076445,0.14,0.2496892511844635,0.22774535777376065,0,77.23,0.5329924322361825,1,53.3,BUY,0.5993,0.1987,Bullish,0.665,0.0,unavailable_no_point_in_time_source,True,362.95,351.79998779296875,2025-12-16,348.04998779296875,-1.0659,0,2025-12-18,344.25,-2.1461,0.0,2025-12-22,346.1000061035156,-1.6202,0.0,2025-12-30,349.29998779296875,-0.7106,0.0,0,1,0,0,1,0,-4.1053,0,1.0,0.0,0.0,1.0,0.0,-5.1522,0.0,1.0,0.0,0.0,1.0,0.0,-4.6425,0.0,1.0,0.0,0.0,1.0,0.0,-3.7609,0.0,75-80,50-55
ABFRL.NS|2025-12-15|ensemble_lr0.20_rf0.30_xgb0.50,ABFRL.NS,2025-12-15,ensemble_lr0.20_rf0.30_xgb0.50,2024-12-16,2025-12-15,2025-12-15,2025-01-13,2025-12-12,2025-12-15,228,2025-12-12,True,0,0.5652173913043478,0.40515048846252566,0.1,0.2283409982919693,0.22520059683848978,0,77.48,0.6909398710304838,1,69.09,SELL,0.4193,-0.1615,Sideways,-0.165,0.0,unavailable_no_point_in_time_source,True,77.67,75.43000030517578,2025-12-16,74.16000366210938,-1.6837,0,2025-12-18,75.41999816894531,-0.0133,0.0,2025-12-22,77.44999694824219,2.678,1.0,2025-12-30,76.0199966430664,0.7822,1.0,0,1,0,1,1,1,-4.5191,1,1.0,0.0,1.0,1.0,1.0,-2.8969,1.0,0.0,1.0,0.0,0.0,0.0,-0.2833,1.0,0.0,1.0,0.0,0.0,0.0,-2.1244,1.0,75-80,65-70
ACC.NS|2025-12-15|ensemble_lr0.20_rf0.30_xgb0.50,ACC.NS,2025-12-15,ensemble_lr0.20_rf0.30_xgb0.50,2024-12-16,2025-12-15,2025-12-15,2025-01-13,2025-12-12,2025-12-15,228,2025-12-12,True,0,0.5289855072463768,0.49183026468206903,0.86,0.6171380877494812,0.6649350968111545,1,66.49,0.6856121733508276,1,68.56,HOLD,0.4768,-0.0465,Sideways,-0.67,0.0,unavailable_no_point_in_time_source,False,1761.51,1767.3736572265625,2025-12-16,1761.2093505859375,-0.3488,0,2025-12-18,1744.8043212890625,-1.277,0.0,2025-12-22,1772.2454833984375,0.2757,1.0,2025-12-30,1722.135498046875,-2.5596,0.0,1,0,0,1,0,1,-0.0171,1,0.0,0.0,1.0,0.0,1.0,-0.9484,1.0,1.0,1.0,0.0,1.0,1.0,0.6094,1.0,0.0,0.0,1.0,0.0,1.0,-2.2353,1.0,65-70,65-70
ADANIENT.NS|2025-12-15|ensemble_lr0.20_rf0.30_xgb0.50,ADANIENT.NS,2025-12-15,ensemble_lr0.20_rf0.30_xgb0.50,2024-12-16,2025-12-15,2025-12-15,2025-01-13,2025-12-12,2025-12-15,228,2025-12-12,True,0,0.391304347826087,0.4209325433540656,0.2,0.28308120369911194,0.2857271105203691,0,71.43,0.49053870516731196,0,50.95,SELL,0.3486,-0.3028,Bearish,-0.335,0.0,unavailable_no_point_in_time_source,True,2281.38,2277.88134765625,2025-12-16,2246.895263671875,-1.3603,0,2025-12-18,2228.3037109375,-2.1765,0.0,2025-12-22,2262.488525390625,-0.6758,0.0,2025-12-30,2213.710205078125,-2.8171,0.0,0,1,1,1,1,1,-1.5116,1,1.0,1.0,1.0,1.0,1.0,-2.3265,1.0,1.0,1.0,1.0,1.0,1.0,-0.8281,1.0,1.0,1.0,1.0,1.0,1.0,-2.9662,1.0,70-75,50-55
ADANIPORTS.NS|2025-12-15|ensemble_lr0.20_rf0.30_xgb0.50,ADANIPORTS.NS,2025-12-15,ensemble_lr0.20_rf0.30_xgb0.50,2024-12-16,2025-12-15,2025-12-15,2025-01-13,2025-12-12,2025-12-15,228,2025-12-12,True,0,0.4855072463768116,0.7138172301994552,0.18,0.2540949285030365,0.3238109102914093,0,67.62,0.46870737183062017,0,53.13,HOLD,0.5125,0.0249,Sideways,0.665,0.0,unavailable_no_point_in_time_source,True,1516.41,1506.251953125,2025-12-16,1492.7091064453125,-0.8991,0,2025-12-18,1489.4228515625,-1.1173,0.0,2025-12-22,1502.3682861328125,-0.2578,0.0,2025-12-30,1455.067626953125,-3.3981,0.0,0,1,1,1,1,1,-1.563,1,1.0,1.0,1.0,1.0,1.0,-1.7797,1.0,1.0,1.0,1.0,1.0,1.0,-0.926,1.0,1.0,1.0,1.0,1.0,0.0,-4.0452,0.0,65-70,50-55
AETHER.NS|2025-12-15|ensemble_lr0.20_rf0.30_xgb0.50,AETHER.NS,2025-12-15,ensemble_lr0.20_rf0.30_xgb0.50,2024-12-16,2025-12-15,2025-12-15,2025-01-13,2025-12-12,2025-12-15,228,2025-12-12,True,0,0.5507246376811594,0.3401579194941455,0.84,0.7014694809913635,0.6707663243945109,1,67.08,0.1666574001729736,0,83.33,BUY,0.5974,0.1947,High Volatility,0.165,0.0,unavailable_no_point_in_time_source,False,864.8,879.6500244140625,2025-12-16,864.2999877929688,-1.745,0,2025-12-18,843.5499877929688,-4.1039,0.0,2025-12-22,862.4000244140625,-1.961,0.0,2025-12-30,832.6500244140625,-5.343,0.0,1,0,1,1,0,0,-0.0578,0,0.0,1.0,1.0,0.0,0.0,-2.4572,0.0,0.0,1.0,1.0,0.0,0.0,-0.2775,0.0,0.0,1.0,1.0,0.0,0.0,-3.7176,0.0,65-70,80-85
AIAENG.NS|2025-12-15|ensemble_lr0.20_rf0.30_xgb0.50,AIAENG.NS,2025-12-15,ensemble_lr0.20_rf0.30_xgb0.50,2024-12-16,2025-12-15,2025-12-15,2025-01-13,2025-12-12,2025-12-15,228,2025-12-12,True,0,0.5217391304347826,0.17018911776315587,0.82,0.6923487186431885,0.6262121828742253,1,62.62,0.4549226746071294,0,54.51,BUY,0.6135,0.2271,High Volatility,0.335,0.0,unavailable_no_point_in_time_source,False,3735.76,3879.218017578125,2025-12-16,3749.80419921875,-3.3361,0,2025-12-18,3786.068115234375,-2.4013,0.0,2025-12-22,3905.219970703125,0.6703,1.0,2025-12-30,3934.908447265625,1.4356,1.0,1,0,1,1,0,0,0.3759,1,0.0,1.0,1.0,0.0,0.0,1.3467,1.0,1.0,0.0,0.0,1.0,1.0,4.5362,1.0,1.0,0.0,0.0,1.0,1.0,5.3309,1.0,60-65,50-55
AJANTPHARM.NS|2025-12-15|ensemble_lr0.20_rf0.30_xgb0.50,AJANTPHARM.NS,2025-12-15,ensemble_lr0.20_rf0.30_xgb0.50,2024-12-16,2025-12-15,2025-12-15,2025-01-13,2025-12-12,2025-12-15,228,2025-12-12,True,0,0.4710144927536232,0.249359722595401,0.14,0.14477752149105072,0.16426070526460557,0,83.57,0.5353529569842104,1,53.54,BUY,0.5844,0.1688,Bullish,0.665,0.0,unavailable_no_point_in_time_source,False,2635.66,2618.11572265625,2025-12-16,2572.63232421875,-1.7373,0,2025-12-18,2576.6953125,-1.5821,0.0,2025-12-22,2676.282958984375,2.2217,1.0,2025-12-30,2702.145751953125,3.2096,1.0,0,1,0,1,1,0,-2.3913,0,1.0,0.0,1.0,1.0,0.0,-2.2372,0.0,0.0,1.0,0.0,0.0,1.0,1.5413,1.0,0.0,1.0,0.0,0.0,1.0,2.5225,1.0,80-85,50-55
ALEMBICLTD.NS|2025-12-15|ensemble_lr0.20_rf0.30_xgb0.50,ALEMBICLTD.NS,2025-12-15,ensemble_lr0.20_rf0.30_xgb0.50,2024-12-16,2025-12-15,2025-12-15,2025-01-13,2025-12-12,2025-12-15,228,2025-12-12,True,0,0.5507246376811594,0.8252873667033824,0.92,0.9145141839981079,0.8983145653397304,1,89.83,0.7024956093394923,1,70.25,BUY,0.5938,0.1876,Sideways,0.165,0.0,unavailable_no_point_in_time_source,False,99.43,99.6703872680664,2025-12-16,99.6703872680664,0.0,0,2025-12-18,97.33322143554688,-2.3449,0.0,2025-12-22,98.62840270996094,-1.0454,0.0,2025-12-30,97.33322143554688,-2.3449,0.0,1,0,0,1,0,0,0.2418,1,0.0,0.0,1.0,0.0,0.0,-2.1088,0.0,0.0,0.0,1.0,0.0,0.0,-0.8062,0.0,0.0,0.0,1.0,0.0,0.0,-2.1088,0.0,85-90,70-75
ALKEM.NS|2025-12-15|ensemble_lr0.20_rf0.30_xgb0.50,ALKEM.NS,2025-12-15,ensemble_lr0.20_rf0.30_xgb0.50,2024-12-16,2025-12-15,2025-12-15,2025-01-13,2025-12-12,2025-12-15,228,2025-12-12,True,1,0.5144927536231884,0.5484835464965715,0.24,0.23823097348213196,0.3008121960403803,0,69.92,0.30418083970559845,0,69.58,HOLD,0.4843,-0.0314,Sideways,0.5,0.0,unavailable_no_point_in_time_source,False,5575.99,5569.552734375,2025-12-16,5608.17138671875,0.6934,1,2025-12-18,5467.06396484375,-1.8402,0.0,2025-12-22,5569.0576171875,-0.0089,0.0,2025-12-30,5415.57177734375,-2.7647,0.0,0,0,0,1,0,1,0.5771,1,1.0,1.0,0.0,1.0,1.0,-1.9535,1.0,1.0,1.0,0.0,1.0,1.0,-0.1243,1.0,1.0,1.0,0.0,1.0,1.0,-2.8769,1.0,65-70,65-70
AMBER.NS|2025-12-15|ensemble_lr0.20_rf0.30_xgb0.50,AMBER.NS,2025-12-15,ensemble_lr0.20_rf0.30_xgb0.50,2024-12-16,2025-12-15,2025-12-15,2025-01-13,2025-12-12,2025-12-15,228,2025-12-12,True,1,0.4492753623188406,0.5960209646433203,0.9,0.8252086043357849,0.8018084950965565,1,80.18,0.41756001121627245,0,58.24,HOLD,0.4242,-0.1516,High Volatility,-0.665,0.0,unavailable_no_point_in_time_source,False,6626.0,6801.5,2025-12-16,6779.5,-0.3235,0,2025-12-18,6585.5,-3.1758,0.0,2025-12-22,6709.0,-1.36,0.0,2025-12-30,6264.5,-7.8953,0.0,1,0,1,0,0,1,2.3166,1,0.0,1.0,0.0,0.0,0.0,-0.6112,1.0,0.0,1.0,0.0,0.0,1.0,1.2526,1.0,0.0,1.0,0.0,0.0,0.0,-5.4558,0.0,80-85,55-60
ANGELONE.NS|2025-12-15|ensemble_lr0.20_rf0.30_xgb0.50,ANGELONE.NS,2025-12-15,ensemble_lr0.20_rf0.30_xgb0.50,2024-12-16,2025-12-15,2025-12-15,2025-01-13,2025-12-12,2025-12-15,228,2025-12-12,True,1,0.3695652173913044,0.594539221911648,0.14,0.5260406732559204,0.42392818101028984,0,57.61,0.5990827737903559,1,59.91,HOLD,0.4635,-0.0731,High Volatility,0.165,0.0,unavailable_no_point_in_time_source,True,254.61,253.35922241210938,2025-12-16,248.444091796875,-1.94,0,2025-12-18,243.2150421142578,-4.0039,0.0,2025-12-22,253.27093505859375,-0.0348,0.0,2025-12-30,230.26502990722656,-9.1152,0.0,0,1,0,0,1,1,-2.4217,1,1.0,0.0,0.0,1.0,0.0,-4.4755,0.0,1.0,0.0,0.0,1.0,1.0,-0.5259,1.0,1.0,0.0,0.0,1.0,0.0,-9.5617,0.0,55-60,55-60
APARINDS.NS|2025-12-15|ensemble_lr0.20_rf0.30_xgb0.50,APARINDS.NS,2025-12-15,ensemble_lr0.20_rf0.30_xgb0.50,2024-12-16,2025-12-15,2025-12-15,2025-01-13,2025-12-12,2025-12-15,228,2025-12-12,True,0,0.43478260869565216,0.6401289464442605,0.94,0.8871712684631348,0.8536114235204195,1,85.36,0.8087916410025635,1,80.88,BUY,0.6113,0.2225,Sideways,0.335,0.0,unavailable_no_point_in_time_source,False,8992.28,9059.048828125,2025-12-16,8906.578125,-1.6831,0,2025-12-18,8578.7158203125,-5.3022,0.0,2025-12-22,8839.8095703125,-2.4201,0.0,2025-12-30,8354.9931640625,-7.7718,0.0,1,0,0,1,0,0,-0.9531,0,0.0,0.0,1.0,0.0,0.0,-4.5991,0.0,0.0,0.0,1.0,0.0,0.0,-1.6956,0.0,0.0,0.0,1.0,0.0,0.0,-7.087,0.0,85-90,80-85
APOLLOHOSP.NS|2025-12-15|ensemble_lr0.20_rf0.30_xgb0.50,APOLLOHOSP.NS,2025-12-15,ensemble_lr0.20_rf0.30_xgb0.50,2024-12-16,2025-12-15,2025-12-15,2025-01-13,2025-12-12,2025-12-15,228,2025-12-12,True,0,0.4710144927536232,0.2164570484869798,0.0,0.0610460564494133,0.07381443792210261,0,92.62,0.21503028767799387,0,78.5,SELL,0.2911,-0.4178,Bearish,-0.5,0.0,unavailable_no_point_in_time_source,False,7083.34,7068.87548828125,2025-12-16,7033.96240234375,-0.4939,0,2025-12-18,6901.29345703125,-2.3707,0.0,2025-12-22,7036.4560546875,-0.4586,0.0,2025-12-30,6972.615234375,-1.3617,0.0,0,1,1,1,1,1,-0.6971,1,1.0,1.0,1.0,1.0,1.0,-2.5701,1.0,1.0,1.0,1.0,1.0,1.0,-0.6619,1.0,1.0,1.0,1.0,1.0,1.0,-1.5632,1.0,90-95,75-80
APOLLOTYRE.NS|2025-12-15|ensemble_lr0.20_rf0.30_xgb0.50,APOLLOTYRE.NS,2025-12-15,ensemble_lr0.20_rf0.30_xgb0.50,2024-12-16,2025-12-15,2025-12-15,2025-01-13,2025-12-12,2025-12-15,228,2025-12-12,True,0,0.463768115942029,0.37988482106683685,0.04,0.24772006273269653,0.21183699557971564,0,78.82,0.2985908322850377,0,70.14,HOLD,0.4999,-0.0002,Sideways,0.5,0.0,unavailable_no_point_in_time_source,True,503.59,500.1360168457031,2025-12-16,504.5794372558594,0.8884,1,2025-12-18,489.71856689453125,-2.0829,0.0,2025-12-22,503.34515380859375,0.6417,1.0,2025-12-30,487.89178466796875,-2.4482,0.0,0,0,0,0,0,1,0.1965,1,1.0,1.0,1.0,1.0,1.0,-2.7545,1.0,0.0,0.0,0.0,0.0,1.0,-0.0486,1.0,1.0,1.0,1.0,1.0,1.0,-3.1173,0.0,75-80,70-75
ASHOKLEY.NS|2025-12-15|ensemble_lr0.20_rf0.30_xgb0.50,ASHOKLEY.NS,2025-12-15,ensemble_lr0.20_rf0.30_xgb0.50,2024-12-16,2025-12-15,2025-12-15,2025-01-13,2025-12-12,2025-12-15,228,2025-12-12,True,1,0.572463768115942,0.5197329839764361,0.94,0.6506029963493347,0.7112480949699546,1,71.12,0.45414430421045926,0,54.59,STRONG BUY,0.7554,0.5108,Bullish,1.0,0.0,unavailable_no_point_in_time_source,False,161.11,164.02195739746094,2025-12-16,164.9363555908203,0.5575,1,2025-12-18,168.69229125976562,2.8474,1.0,2025-12-22,174.0803680419922,6.1324,1.0,2025-12-30,175.6338653564453,7.0795,1.0,1,1,0,1,1,1,2.375,1,1.0,0.0,1.0,1.0,1.0,4.7063,1.0,1.0,0.0,1.0,1.0,1.0,8.0506,1.0,1.0,0.0,1.0,1.0,1.0,9.0149,1.0,70-75,50-55
ASIANPAINT.NS|2025-12-15|ensemble_lr0.20_rf0.30_xgb0.50,ASIANPAINT.NS,2025-12-15,ensemble_lr0.20_rf0.30_xgb0.50,2024-12-16,2025-12-15,2025-12-15,2025-01-13,2025-12-12,2025-12-15,228,2025-12-12,True,1,0.4420289855072464,0.5116704668259502,0.8,0.7931530475616455,0.7389106171460128,1,73.89,0.5810449229315026,1,58.1,BUY,0.5985,0.197,Sideways,0.335,0.0,unavailable_no_point_in_time_source,True,2741.02,2756.286376953125,2025-12-16,2766.894287109375,0.3849,1,2025-12-18,2735.962646484375,-0.7374,0.0,2025-12-22,2783.450927734375,0.9855,1.0,2025-12-30,2734.574951171875,-0.7877,0.0,1,1,1,1,1,1,0.944,1,0.0,0.0,0.0,0.0,0.0,-0.1845,0.0,1.0,1.0,1.0,1.0,1.0,1.548,1.0,0.0,0.0,0.0,0.0,0.0,-0.2351,0.0,70-75,55-60
ASTRAL.NS|2025-12-15|ensemble_lr0.20_rf0.30_xgb0.50,ASTRAL.NS,2025-12-15,ensemble_lr0.20_rf0.30_xgb0.50,2024-12-16,2025-12-15,2025-12-15,2025-01-13,2025-12-12,2025-12-15,228,2025-12-12,True,0,0.42753623188405804,0.4709118628175255,0.88,0.8096117973327637,0.762988271229887,1,76.3,0.5666579466016857,1,56.67,HOLD,0.4993,-0.0013,Sideways,-0.165,0.0,unavailable_no_point_in_time_source,True,1414.18,1428.3533935546875,2025-12-16,1460.602783203125,2.2578,1,2025-12-18,1405.6890869140625,-1.5867,0.0,2025-12-22,1405.8887939453125,-1.5728,0.0,2025-12-30,1358.1639404296875,-4.914,0.0,1,1,1,0,1,1,3.2827,0,0.0,0.0,1.0,0.0,1.0,-0.6004,1.0,0.0,0.0,1.0,0.0,1.0,-0.5863,1.0,0.0,0.0,1.0,0.0,0.0,-3.961,0.0,75-80,55-60
AUBANK.NS|2025-12-15|ensemble_lr0.20_rf0.30_xgb0.50,AUBANK.NS,2025-12-15,ensemble_lr0.20_rf0.30_xgb0.50,2024-12-16,2025-12-15,2025-12-15,2025-01-13,2025-12-12,2025-12-15,228,2025-12-12,True,1,0.4710144927536232,0.6538050179082947,0.9,0.8045957088470459,0.803058858005182,1,80.31,0.6818826827788858,1,68.19,STRONG BUY,0.7425,0.485,Bullish,0.665,0.0,unavailable_no_point_in_time_source,True,967.11,978.1001586914062,2025-12-16,979.6486206054688,0.1583,1,2025-12-18,986.6918334960938,0.8784,1.0,2025-12-22,983.4949340820312,0.5516,1.0,2025-12-30,995.4832763671875,1.7772,1.0,1,1,1,1,1,1,1.2965,1,1.0,1.0,1.0,1.0,1.0,2.0248,1.0,1.0,1.0,1.0,1.0,1.0,1.6942,1.0,1.0,1.0,1.0,1.0,1.0,2.9338,1.0,80-85,65-70
AXISBANK.NS|2025-12-15|ensemble_lr0.20_rf0.30_xgb0.50,AXISBANK.NS,2025-12-15,ensemble_lr0.20_rf0.30_xgb0.50,2024-12-16,2025-12-15,2025-12-15,2025-01-13,2025-12-12,2025-12-15,228,2025-12-12,True,0,0.463768115942029,0.37376236768011356,0.06,0.23108752071857452,0.20829623389531,0,79.17,0.3294146363561503,0,67.06,BUY,0.5817,0.1633,Bullish,0.665,0.0,unavailable_no_point_in_time_source,True,1285.11,1283.8099365234375,2025-12-16,1218.66015625,-5.0747,0,2025-12-18,1228.852294921875,-4.2808,0.0,2025-12-22,1232.2496337890625,-4.0162,0.0,2025-12-30,1245.039794921875,-3.0199,0.0,0,1,1,1,1,0,-5.1708,0,1.0,1.0,1.0,1.0,0.0,-4.3777,0.0,1.0,1.0,1.0,1.0,0.0,-4.1133,0.0,1.0,1.0,1.0,1.0,0.0,-3.118,0.0,75-80,65-70
BAJAJ-AUTO.NS|2025-12-15|ensemble_lr0.20_rf0.30_xgb0.50,BAJAJ-AUTO.NS,2025-12-15,ensemble_lr0.20_rf0.30_xgb0.50,2024-12-16,2025-12-15,2025-12-15,2025-01-13,2025-12-12,2025-12-15,228,2025-12-12,True,1,0.5289855072463768,0.47307861152635505,0.1,0.2247084230184555,0.23696993381449877,0,76.3,0.4054718986291706,0,59.45,HOLD,0.4773,-0.0454,Sideways,0.17,0.0,unavailable_no_point_in_time_source,False,8889.89,8815.9306640625,2025-12-16,8882.9873046875,0.7606,1,2025-12-18,8708.443359375,-1.2192,0.0,2025-12-22,9036.822265625,2.5056,1.0,2025-12-30,9153.1845703125,3.8255,1.0,0,0,0,1,0,1,-0.0776,1,1.0,1.0,0.0,1.0,1.0,-2.041,1.0,0.0,0.0,1.0,0.0,1.0,1.6528,1.0,0.0,0.0,1.0,0.0,0.0,2.9617,1.0,75-80,55-60
BAJAJFINSV.NS|2025-12-15|ensemble_lr0.20_rf0.30_xgb0.50,BAJAJFINSV.NS,2025-12-15,ensemble_lr0.20_rf0.30_xgb0.50,2024-12-16,2025-12-15,2025-12-15,2025-01-13,2025-12-12,2025-12-15,228,2025-12-12,True,0,0.6014492753623188,0.23102561606920868,0.08,0.11815176159143448,0.12928100400955897,0,87.07,0.19945774896782664,0,80.05,HOLD,0.5094,0.0188,Sideways,0.165,0.0,unavailable_no_point_in_time_source,True,2081.32,2068.734619140625,2025-12-16,2033.4647216796875,-1.7049,0,2025-12-18,2024.572509765625,-2.1347,0.0,2025-12-22,2048.052490234375,-0.9997,0.0,2025-12-30,2024.67236328125,-2.1299,0.0,0,1,1,1,1,1,-2.2993,1,1.0,1.0,1.0,1.0,1.0,-2.7265,1.0,1.0,1.0,1.0,1.0,1.0,-1.5984,1.0,1.0,1.0,1.0,1.0,1.0,-2.7217,1.0,85-90,80-85
BAJFINANCE.NS|2025-12-15|ensemble_lr0.20_rf0.30_xgb0.50,BAJFINANCE.NS,2025-12-15,ensemble_lr0.20_rf0.30_xgb0.50,2024-12-16,2025-12-15,2025-12-15,2025-01-13,2025-12-12,2025-12-15,228,2025-12-12,True,1,0.5362318840579711,0.5047331839100038,0.2,0.2841508388519287,0.30302205620796513,0,69.7,0.6478830441302577,1,64.79,HOLD,0.4345,-0.131,Sideways,-0.165,0.0,unavailable_no_point_in_time_source,True,1011.08,1006.5127563476562,2025-12-16,992.3001708984375,-1.4121,0,2025-12-18,994.1884765625,-1.2245,0.0,2025-12-22,1001.6427001953125,-0.4839,0.0,2025-12-30,983.2556762695312,-2.3107,0.0,0,1,0,0,1,1,-1.8574,1,1.0,0.0,0.0,1.0,1.0,-1.6706,1.0,1.0,0.0,0.0,1.0,1.0,-0.9334,1.0,1.0,0.0,0.0,1.0,1.0,-2.7519,1.0,65-70,60-65
BEL.NS|2025-12-15|ensemble_lr0.20_rf0.30_xgb0.50,BEL.NS,2025-12-15,ensemble_lr0.20_rf0.30_xgb0.50,2024-12-16,2025-12-15,2025-12-15,2025-01-13,2025-12-12,2025-12-15,228,2025-12-12,True,0,0.5289855072463768,0.637534306369839,0.92,0.8808426260948181,0.8439281743213769,1,84.39,0.5832545763413113,1,58.33,HOLD,0.4632,-0.0737,Bearish,-0.335,0.0,unavailable_no_point_in_time_source,True,387.27,388.5660400390625,2025-12-16,385.8314514160156,-0.7038,0,2025-12-18,381.306884765625,-1.8682,0.0,2025-12-22,396.7202453613281,2.0985,1.0,2025-12-30,391.1017761230469,0.6526,1.0,1,0,0,1,0,1,-0.3715,1,0.0,0.0,1.0,0.0,1.0,-1.5398,1.0,1.0,1.0,0.0,1.0,1.0,2.4402,1.0,1.0,1.0,0.0,1.0,1.0,0.9894,1.0,80-85,55-60
BPCL.NS|2025-12-15|ensemble_lr0.20_rf0.30_xgb0.50,BPCL.NS,2025-12-15,ensemble_lr0.20_rf0.30_xgb0.50,2024-12-16,2025-12-15,2025-12-15,2025-01-13,2025-12-12,2025-12-15,228,2025-12-12,True,0,0.5362318840579711,0.402871112651554,0.8,0.7223129868507385,0.68173071595568,1,68.17,0.49453182706250315,0,50.55,BUY,0.6226,0.2452,Sideways,0.5,0.0,unavailable_no_point_in_time_source,True,355.03,356.9314270019531,2025-12-16,358.04986572265625,0.3133,1,2025-12-18,353.3815612792969,-0.9946,0.0,2025-12-22,359.7518615722656,0.7902,1.0,2025-12-30,359.3628234863281,0.6812,1.0,1,1,0,0,1,1,0.8506,1,0.0,1.0,1.0,0.0,0.0,-0.4643,0.0,1.0,0.0,0.0,1.0,1.0,1.33,1.0,1.0,0.0,0.0,1.0,1.0,1.2204,1.0,65-70,50-55
AARTIIND.NS|2025-12-22|ensemble_lr0.20_rf0.30_xgb0.50,AARTIIND.NS,2025-12-22,ensemble_lr0.20_rf0.30_xgb0.50,2024-12-23,2025-12-22,2025-12-22,2025-01-20,2025-12-19,2025-12-22,228,2025-12-19,True,0,0.45652173913043476,0.3256805178866782,0.88,0.5344669222831726,0.596369564718922,1,59.64,0.497948192645277,0,50.21,HOLD,0.5546,0.1092,Sideways,0.0,0.0,unavailable_no_point_in_time_source,True,369.07,374.2061462402344,2025-12-23,382.63934326171875,2.2536,1,2025-12-26,375.6532287597656,0.3867,1.0,2025-12-30,367.3697204589844,-1.8269,0.0,2026-01-06,374.305908203125,0.0267,1.0,1,1,0,0,1,1,3.6766,0,1.0,0.0,0.0,1.0,1.0,1.7837,1.0,0.0,1.0,1.0,0.0,1.0,-0.4607,1.0,1.0,0.0,0.0,1.0,1.0,1.4187,1.0,55-60,50-55
AAVAS.NS|2025-12-22|ensemble_lr0.20_rf0.30_xgb0.50,AAVAS.NS,2025-12-22,ensemble_lr0.20_rf0.30_xgb0.50,2024-12-23,2025-12-22,2025-12-22,2025-01-20,2025-12-19,2025-12-22,228,2025-12-19,True,0,0.4565217391304348,0.5452295552249665,0.14,0.2713448405265808,0.2867183313082837,0,71.33,0.36343716601631815,0,63.66,SELL,0.3088,-0.3824,High Volatility,-1.0,0.0,unavailable_no_point_in_time_source,False,1458.2,1457.800048828125,2025-12-23,1483.0,1.7286,1,2025-12-26,1480.300048828125,1.5434,1.0,2025-12-30,1466.0,0.5625,1.0,2026-01-06,1462.300048828125,0.3087,1.0,0,0,0,0,0,0,1.7007,0,0.0,0.0,0.0,0.0,0.0,1.5156,0.0,0.0,0.0,0.0,0.0,0.0,0.5349,0.0,0.0,0.0,0.0,0.0,0.0,0.2812,0.0,70-75,60-65
ABCAPITAL.NS|2025-12-22|ensemble_lr0.20_rf0.30_xgb0.50,ABCAPITAL.NS,2025-12-22,ensemble_lr0.20_rf0.30_xgb0.50,2024-12-23,2025-12-22,2025-12-22,2025-01-20,2025-12-19,2025-12-22,228,2025-12-19,True,0,0.5579710144927535,0.47476170309117216,0.1,0.25708889961242676,0.25349679042444784,0,74.65,0.5171972195759509,1,51.72,HOLD,0.5579,0.1157,Bullish,0.5,0.0,unavailable_no_point_in_time_source,True,348.7,346.1000061035156,2025-12-23,346.79998779296875,0.2022,1,2025-12-26,348.1499938964844,0.5923,1.0,2025-12-30,349.29998779296875,0.9246,1.0,2026-01-06,360.6499938964844,4.204,1.0,0,0,1,0,0,1,-0.5449,1,0.0,1.0,0.0,0.0,1.0,-0.1577,1.0,0.0,1.0,0.0,0.0,1.0,0.1721,1.0,0.0,1.0,0.0,0.0,0.0,3.427,0.0,70-75,50-55
ABFRL.NS|2025-12-22|ensemble_lr0.20_rf0.30_xgb0.50,ABFRL.NS,2025-12-22,ensemble_lr0.20_rf0.30_xgb0.50,2024-12-23,2025-12-22,2025-12-22,2025-01-20,2025-12-19,2025-12-22,228,2025-12-19,True,0,0.5507246376811594,0.5033124539038697,0.86,0.6027712225914001,0.660048102076474,1,66.0,0.46787670249375424,0,53.21,HOLD,0.5495,0.099,High Volatility,-0.165,0.0,unavailable_no_point_in_time_source,True,76.82,77.44999694824219,2025-12-23,78.62999725341797,1.5236,1,2025-12-26,76.77999877929688,-0.8651,0.0,2025-12-30,76.0199966430664,-1.8464,0.0,2026-01-06,77.44999694824219,0.0,0.0,1,1,0,0,1,1,2.3562,1,0.0,1.0,1.0,0.0,1.0,-0.0521,1.0,0.0,1.0,1.0,0.0,1.0,-1.0414,1.0,0.0,1.0,1.0,0.0,1.0,0.8201,1.0,65-70,50-55
ACC.NS|2025-12-22|ensemble_lr0.20_rf0.30_xgb0.50,ACC.NS,2025-12-22,ensemble_lr0.20_rf0.30_xgb0.50,2024-12-23,2025-12-22,2025-12-22,2025-01-20,2025-12-19,2025-12-22,228,2025-12-19,True,0,0.5217391304347826,0.543103920778578,0.88,0.7939637899398804,0.7696026791256558,1,76.96,0.6915361854944968,1,69.15,HOLD,0.4707,-0.0586,Sideways,-1.0,0.0,unavailable_no_point_in_time_source,False,1741.42,1772.2454833984375,2025-12-23,1744.1082763671875,-1.5877,0,2025-12-26,1725.317138671875,-2.648,0.0,2025-12-30,1722.135498046875,-2.8275,0.0,2026-01-06,1741.9210205078125,-1.7111,0.0,1,0,0,1,0,1,0.1544,1,0.0,0.0,1.0,0.0,1.0,-0.9247,1.0,0.0,0.0,1.0,0.0,1.0,-1.1074,1.0,0.0,0.0,1.0,0.0,1.0,0.0288,1.0,75-80,65-70
ADANIENT.NS|2025-12-22|ensemble_lr0.20_rf0.30_xgb0.50,ADANIENT.NS,2025-12-22,ensemble_lr0.20_rf0.30_xgb0.50,2024-12-23,2025-12-22,2025-12-22,2025-01-20,2025-12-19,2025-12-22,228,2025-12-19,True,0,0.38405797101449274,0.588125344031395,0.92,0.772670328617096,0.779960233114827,1,78.0,0.6306654053504565,1,63.07,HOLD,0.4473,-0.1054,Bearish,-0.5,0.0,unavailable_no_point_in_time_source,True,2238.0,2262.488525390625,2025-12-23,2247.794921875,-0.6494,0,2025-12-26,2228.9033203125,-1.4844,0.0,2025-12-30,2213.710205078125,-2.156,0.0,2026-01-06,2258.090576171875,-0.1944,0.0,1,0,0,1,0,1,0.4377,1,0.0,0.0,1.0,0.0,1.0,-0.4065,1.0,0.0,0.0,1.0,0.0,1.0,-1.0853,1.0,0.0,0.0,1.0,0.0,1.0,0.8977,1.0,75-80,60-65
ADANIPORTS.NS|2025-12-22|ensemble_lr0.20_rf0.30_xgb0.50,ADANIPORTS.NS,2025-12-22,ensemble_lr0.20_rf0.30_xgb0.50,2024-12-23,2025-12-22,2025-12-22,2025-01-20,2025-12-19,2025-12-22,228,2025-12-19,True,0,0.5507246376811594,0.6689129965639592,0.96,0.9022738933563232,0.8729195459909534,1,87.29,0.7666578676348998,1,76.67,BUY,0.6019,0.2039,Sideways,0.335,0.0,unavailable_no_point_in_time_source,True,1490.12,1502.3682861328125,2025-12-23,1487.3316650390625,-1.0009,0,2025-12-26,1480.8590087890625,-1.4317,0.0,2025-12-30,1455.067626953125,-3.1484,0.0,2026-01-06,1467.017333984375,-2.353,0.0,1,0,0,1,0,0,-0.1871,0,0.0,0.0,1.0,0.0,0.0,-0.6215,0.0,0.0,0.0,1.0,0.0,0.0,-2.3523,0.0,0.0,0.0,1.0,0.0,0.0,-1.5504,0.0,85-90,75-80
AETHER.NS|2025-12-22|ensemble_lr0.20_rf0.30_xgb0.50,AETHER.NS,2025-12-22,ensemble_lr0.20_rf0.30_xgb0.50,2024-12-23,2025-12-22,2025-12-22,2025-01-20,2025-12-19,2025-12-22,228,2025-12-19,True,0,0.6014492753623188,0.25548799534929917,0.8,0.5493389964103699,0.5657670972750448,1,56.58,0.1957028464488796,0,80.43,HOLD,0.5734,0.1469,High Volatility,0.165,0.0,unavailable_no_point_in_time_source,False,838.05,862.4000244140625,2025-12-23,846.4500122070312,-1.8495,0,2025-12-26,846.6500244140625,-1.8263,0.0,2025-12-30,832.6500244140625,-3.4497,0.0,2026-01-06,997.75,15.6946,1.0,1,0,1,1,0,1,1.0023,1,0.0,1.0,1.0,0.0,1.0,1.0262,1.0,0.0,1.0,1.0,0.0,0.0,-0.6444,1.0,1.0,0.0,0.0,1.0,0.0,19.0561,0.0,55-60,80-85
AIAENG.NS|2025-12-22|ensemble_lr0.20_rf0.30_xgb0.50,AIAENG.NS,2025-12-22,ensemble_lr0.20_rf0.30_xgb0.50,2024-12-23,2025-12-22,2025-12-22,2025-01-20,2025-12-19,2025-12-22,228,2025-12-19,True,0,0.47826086956521746,0.33517387010643046,0.96,0.7836822271347046,0.7468758875886383,1,74.69,0.36262497319724113,0,63.74,BUY,0.6251,0.2503,High Volatility,0.5,0.0,unavailable_no_point_in_time_source,False,3789.65,3905.219970703125,2025-12-23,3885.992431640625,-0.4924,0,2025-12-26,3869.75341796875,-0.9082,0.0,2025-12-30,3934.908447265625,0.7602,1.0,2026-01-06,4056.25244140625,3.8675,1.0,1,0,1,1,0,0,2.5423,1,0.0,1.0,1.0,0.0,0.0,2.1137,1.0,1.0,0.0,0.0,1.0,1.0,3.833,1.0,1.0,0.0,0.0,1.0,1.0,7.035,1.0,70-75,60-65
AJANTPHARM.NS|2025-12-22|ensemble_lr0.20_rf0.30_xgb0.50,AJANTPHARM.NS,2025-12-22,ensemble_lr0.20_rf0.30_xgb0.50,2024-12-23,2025-12-22,2025-12-22,2025-01-20,2025-12-19,2025-12-22,228,2025-12-19,True,0,0.5144927536231884,0.5864281461843747,0.9,0.7125300765037537,0.7435506674887518,1,74.36,0.5116355341396139,1,51.16,BUY,0.6247,0.2493,Sideways,0.165,0.0,unavailable_no_point_in_time_source,False,2608.7,2676.282958984375,2025-12-23,2643.8798828125,-1.2107,0,2025-12-26,2657.25732421875,-0.7109,0.0,2025-12-30,2702.145751953125,0.9664,1.0,2026-01-06,2818.5791015625,5.3169,1.0,1,0,0,1,0,0,1.3486,1,0.0,0.0,1.0,0.0,0.0,1.8614,1.0,1.0,1.0,0.0,1.0,1.0,3.5821,1.0,1.0,1.0,0.0,1.0,1.0,8.0454,1.0,70-75,50-55
ALEMBICLTD.NS|2025-12-22|ensemble_lr0.20_rf0.30_xgb0.50,ALEMBICLTD.NS,2025-12-22,ensemble_lr0.20_rf0.30_xgb0.50,2024-12-23,2025-12-22,2025-12-22,2025-01-20,2025-12-19,2025-12-22,228,2025-12-19,True,0,0.5289855072463768,0.4821272391679419,0.88,0.7598262429237366,0.7403385692954567,1,74.03,0.4282950675132774,0,57.17,HOLD,0.557,0.1141,Sideways,0.165,0.0,unavailable_no_point_in_time_source,False,97.27,98.62840270996094,2025-12-23,99.17373657226562,0.5529,1,2025-12-26,98.20965576171875,-0.4246,0.0,2025-12-30,97.33322143554688,-1.3132,0.0,2026-01-06,97.96620178222656,-0.6714,0.0,1,1,0,0,1,1,1.9572,1,0.0,1.0,1.0,0.0,1.0,0.966,1.0,0.0,1.0,1.0,0.0,1.0,0.065,1.0,0.0,1.0,1.0,0.0,1.0,0.7157,1.0,70-75,55-60
ALKEM.NS|2025-12-22|ensemble_lr0.20_rf0.30_xgb0.50,ALKEM.NS,2025-12-22,ensemble_lr0.20_rf0.30_xgb0.50,2024-12-23,2025-12-22,2025-12-22,2025-01-20,2025-12-19,2025-12-22,228,2025-12-19,True,1,0.5579710144927535,0.7594435884074809,0.94,0.9146308302879333,0.8912041328254628,1,89.12,0.5754844722235898,1,57.55,HOLD,0.5676,0.1351,Sideways,-0.165,0.0,unavailable_no_point_in_time_source,False,5501.23,5569.0576171875,2025-12-23,5542.3212890625,-0.4801,0,2025-12-26,5480.9267578125,-1.5825,0.0,2025-12-30,5415.57177734375,-2.756,0.0,2026-01-06,5600.25,0.5601,1.0,1,0,0,0,0,1,0.7469,1,0.0,0.0,0.0,0.0,1.0,-0.3691,1.0,0.0,0.0,0.0,0.0,1.0,-1.5571,1.0,1.0,1.0,1.0,1.0,1.0,1.8,1.0,85-90,55-60
AMBER.NS|2025-12-22|ensemble_lr0.20_rf0.30_xgb0.50,AMBER.NS,2025-12-22,ensemble_lr0.20_rf0.30_xgb0.50,2024-12-23,2025-12-22,2025-12-22,2025-01-20,2025-12-19,2025-12-22,228,2025-12-19,True,1,0.4710144927536232,0.5017421594543136,0.94,0.7839946150779724,0.774345739429849,1,77.43,0.45618413489374277,0,54.38,HOLD,0.5301,0.0602,High Volatility,0.0,0.0,unavailable_no_point_in_time_source,False,6681.0,6709.0,2025-12-23,6654.5,-0.8123,0,2025-12-26,6652.0,-0.8496,0.0,2025-12-30,6264.5,-6.6254,0.0,2026-01-06,6707.5,-0.0224,0.0,1,0,1,0,0,1,-0.3966,1,0.0,1.0,0.0,0.0,1.0,-0.4341,1.0,0.0,1.0,0.0,0.0,0.0,-6.2341,0.0,0.0,1.0,0.0,0.0,1.0,0.3966,1.0,75-80,50-55
ANGELONE.NS|2025-12-22|ensemble_lr0.20_rf0.30_xgb0.50,ANGELONE.NS,2025-12-22,ensemble_lr0.20_rf0.30_xgb0.50,2024-12-23,2025-12-22,2025-12-22,2025-01-20,2025-12-19,2025-12-22,228,2025-12-19,True,1,0.4275362318840579,0.4667155877024448,0.88,0.7416252493858337,0.7281557422334058,1,72.82,0.5232060870505961,1,52.32,HOLD,0.5605,0.121,High Volatility,0.0,0.0,unavailable_no_point_in_time_source,True,247.04,253.27093505859375,2025-12-23,250.86732482910156,-0.949,0,2025-12-26,244.85340881347656,-3.3235,0.0,2025-12-30,230.26502990722656,-9.0835,0.0,2026-01-06,236.56344604492188,-6.5967,0.0,1,0,0,0,0,1,1.5493,1,0.0,0.0,0.0,0.0,0.0,-0.8851,1.0,0.0,0.0,0.0,0.0,0.0,-6.7904,0.0,0.0,0.0,0.0,0.0,0.0,-4.2408,0.0,70-75,50-55
APARINDS.NS|2025-12-22|ensemble_lr0.20_rf0.30_xgb0.50,APARINDS.NS,2025-12-22,ensemble_lr0.20_rf0.30_xgb0.50,2024-12-23,2025-12-22,2025-12-22,2025-01-20,2025-12-19,2025-12-22,228,2025-12-19,True,0,0.44202898550724634,0.38114886269703135,0.94,0.8339287638664246,0.7751941544726185,1,77.52,0.6828166540793354,1,68.28,BUY,0.586,0.172,Sideways,-0.165,0.0,unavailable_no_point_in_time_source,False,8727.2,8839.8095703125,2025-12-23,8860.7373046875,0.2367,1,2025-12-26,8595.1591796875,-2.7676,0.0,2025-12-30,8354.9931640625,-5.4845,0.0,2026-01-06,8153.69189453125,-7.7617,0.0,1,1,1,0,1,1,1.5301,1,0.0,0.0,1.0,0.0,0.0,-1.513,0.0,0.0,0.0,1.0,0.0,0.0,-4.2649,0.0,0.0,0.0,1.0,0.0,0.0,-6.5715,0.0,75-80,65-70
APOLLOHOSP.NS|2025-12-22|ensemble_lr0.20_rf0.30_xgb0.50,APOLLOHOSP.NS,2025-12-22,ensemble_lr0.20_rf0.30_xgb0.50,2024-12-23,2025-12-22,2025-12-22,2025-01-20,2025-12-19,2025-12-22,228,2025-12-19,True,0,0.3913043478260869,0.23176200675323566,0.88,0.6709468364715576,0.6458258195864259,1,64.58,0.4623295223699274,0,53.77,SELL,0.4161,-0.1678,Bearish,-0.5,0.0,unavailable_no_point_in_time_source,False,6995.06,7036.4560546875,2025-12-23,7055.90771484375,0.2764,1,2025-12-26,7138.20263671875,1.446,1.0,2025-12-30,6972.615234375,-0.9073,0.0,2026-01-06,7329.72509765625,4.1679,1.0,1,1,0,0,1,0,0.8699,0,1.0,0.0,0.0,1.0,0.0,2.0463,0.0,0.0,1.0,1.0,0.0,1.0,-0.3209,1.0,1.0,0.0,0.0,1.0,0.0,4.7843,0.0,60-65,50-55
APOLLOTYRE.NS|2025-12-22|ensemble_lr0.20_rf0.30_xgb0.50,APOLLOTYRE.NS,2025-12-22,ensemble_lr0.20_rf0.30_xgb0.50,2024-12-23,2025-12-22,2025-12-22,2025-01-20,2025-12-19,2025-12-22,228,2025-12-19,True,0,0.49275362318840576,0.7880494506124897,0.88,0.7765438556671143,0.8098818179560551,1,80.99,0.5552057415086853,1,55.52,BUY,0.6123,0.2247,Sideways,0.17,0.0,unavailable_no_point_in_time_source,True,500.68,503.34515380859375,2025-12-23,505.66558837890625,0.461,1,2025-12-26,499.44476318359375,-0.7749,0.0,2025-12-30,487.89178466796875,-3.0701,0.0,2026-01-06,512.97265625,1.9127,1.0,1,1,1,0,1,1,0.9958,1,0.0,0.0,1.0,0.0,0.0,-0.2467,0.0,0.0,0.0,1.0,0.0,0.0,-2.5542,0.0,1.0,1.0,0.0,1.0,1.0,2.4552,1.0,80-85,55-60
ASHOKLEY.NS|2025-12-22|ensemble_lr0.20_rf0.30_xgb0.50,ASHOKLEY.NS,2025-12-22,ensemble_lr0.20_rf0.30_xgb0.50,2024-12-23,2025-12-22,2025-12-22,2025-01-20,2025-12-19,2025-12-22,228,2025-12-19,True,1,0.463768115942029,0.7090852865186812,0.96,0.6948549747467041,0.7772445446770883,1,77.72,0.6499688953983006,1,65.0,STRONG BUY,0.7777,0.5554,Bullish,1.0,0.0,unavailable_no_point_in_time_source,False,170.65,174.0803680419922,2025-12-23,174.97511291503906,0.514,1,2025-12-26,171.75010681152344,-1.3386,0.0,2025-12-30,175.6338653564453,0.8924,1.0,2026-01-06,183.02772521972656,5.1398,1.0,1,1,1,1,1,1,2.5345,1,0.0,0.0,0.0,0.0,0.0,0.6447,1.0,1.0,1.0,1.0,1.0,1.0,2.9205,1.0,1.0,1.0,1.0,1.0,1.0,7.2533,1.0,75-80,65-70
ASIANPAINT.NS|2025-12-22|ensemble_lr0.20_rf0.30_xgb0.50,ASIANPAINT.NS,2025-12-22,ensemble_lr0.20_rf0.30_xgb0.50,2024-12-23,2025-12-22,2025-12-22,2025-01-20,2025-12-19,2025-12-22,228,2025-12-19,True,1,0.4927536231884058,0.6135137493410956,0.92,0.9116576910018921,0.8545315953691652,1,85.45,0.4540481598513364,0,54.6,BUY,0.6487,0.2973,Sideways,0.5,0.0,unavailable_no_point_in_time_source,True,2775.82,2783.450927734375,2025-12-23,2783.649169921875,0.0071,1,2025-12-26,2722.87646484375,-2.1762,0.0,2025-12-30,2734.574951171875,-1.7559,0.0,2026-01-06,2821.322265625,1.3606,1.0,1,1,0,1,1,1,0.282,1,0.0,1.0,0.0,0.0,0.0,-1.9073,0.0,0.0,1.0,0.0,0.0,0.0,-1.4859,0.0,1.0,0.0,1.0,1.0,1.0,1.6392,1.0,85-90,50-55
ASTRAL.NS|2025-12-22|ensemble_lr0.20_rf0.30_xgb0.50,ASTRAL.NS,2025-12-22,ensemble_lr0.20_rf0.30_xgb0.50,2024-12-23,2025-12-22,2025-12-22,2025-01-20,2025-12-19,2025-12-22,228,2025-12-19,True,0,0.4202898550724638,0.3904740734359576,0.12,0.13800698518753052,0.18309830728095677,0,81.69,0.4253108619604531,0,57.47,SELL,0.3978,-0.2044,Sideways,-0.165,0.0,unavailable_no_point_in_time_source,True,1421.36,1405.8887939453125,2025-12-23,1414.7747802734375,0.6321,1,2025-12-26,1387.8172607421875,-1.2854,0.0,2025-12-30,1358.1639404296875,-3.3946,0.0,2026-01-06,1484.864501953125,5.6175,1.0,0,0,0,0,0,0,-0.4633,1,1.0,1.0,1.0,1.0,1.0,-2.3599,1.0,1.0,1.0,1.0,1.0,1.0,-4.4462,1.0,0.0,0.0,0.0,0.0,0.0,4.4679,0.0,80-85,55-60
AUBANK.NS|2025-12-22|ensemble_lr0.20_rf0.30_xgb0.50,AUBANK.NS,2025-12-22,ensemble_lr0.20_rf0.30_xgb0.50,2024-12-23,2025-12-22,2025-12-22,2025-01-20,2025-12-19,2025-12-22,228,2025-12-19,True,1,0.47826086956521735,0.5865981755099865,0.1,0.21982227265834808,0.25723077143117135,0,74.28,0.34266790410731224,0,65.73,BUY,0.5959,0.1918,Bullish,0.665,0.0,unavailable_no_point_in_time_source,True,984.19,983.4949340820312,2025-12-23,979.3988647460938,-0.4165,0,2025-12-26,974.004150390625,-0.965,0.0,2025-12-30,995.4832763671875,1.219,1.0,2026-01-06,1007.7713012695312,2.4684,1.0,0,1,1,0,1,0,-0.4868,0,1.0,1.0,0.0,1.0,0.0,-1.0349,0.0,0.0,0.0,1.0,0.0,1.0,1.1475,1.0,0.0,0.0,1.0,0.0,1.0,2.396,1.0,70-75,65-70
AXISBANK.NS|2025-12-22|ensemble_lr0.20_rf0.30_xgb0.50,AXISBANK.NS,2025-12-22,ensemble_lr0.20_rf0.30_xgb0.50,2024-12-23,2025-12-22,2025-12-22,2025-01-20,2025-12-19,2025-12-22,228,2025-12-19,True,0,0.4492753623188406,0.5436977330885845,0.9,0.715293288230896,0.7363861907331649,1,73.64,0.4263938917168024,0,57.36,HOLD,0.5584,0.1168,Bearish,0.335,0.0,unavailable_no_point_in_time_source,True,1229.65,1232.2496337890625,2025-12-23,1224.0560302734375,-0.6649,0,2025-12-26,1227.25341796875,-0.4055,0.0,2025-12-30,1245.039794921875,1.038,1.0,2026-01-06,1292.802978515625,4.914,1.0,1,0,1,1,0,1,-0.4549,1,0.0,1.0,1.0,0.0,1.0,-0.1949,1.0,1.0,0.0,0.0,1.0,1.0,1.2516,1.0,1.0,0.0,0.0,1.0,0.0,5.1358,0.0,70-75,55-60
BAJAJ-AUTO.NS|2025-12-22|ensemble_lr0.20_rf0.30_xgb0.50,BAJAJ-AUTO.NS,2025-12-22,ensemble_lr0.20_rf0.30_xgb0.50,2024-12-23,2025-12-22,2025-12-22,2025-01-20,2025-12-19,2025-12-22,228,2025-12-19,True,1,0.5507246376811593,0.5067888826614622,0.82,0.6884700655937195,0.6915928093291521,1,69.16,0.2596219878266378,0,74.04,BUY,0.5932,0.1864,Sideways,0.17,0.0,unavailable_no_point_in_time_source,False,8877.07,9036.822265625,2025-12-23,8972.724609375,-0.7093,0,2025-12-26,8938.703125,-1.0858,0.0,2025-12-30,9153.1845703125,1.2876,1.0,2026-01-06,9526.9248046875,5.4234,1.0,1,0,1,0,0,0,1.0775,1,0.0,1.0,0.0,0.0,0.0,0.6943,1.0,1.0,0.0,1.0,1.0,1.0,3.1104,1.0,1.0,0.0,1.0,1.0,1.0,7.3206,1.0,65-70,70-75
BAJAJFINSV.NS|2025-12-22|ensemble_lr0.20_rf0.30_xgb0.50,BAJAJFINSV.NS,2025-12-22,ensemble_lr0.20_rf0.30_xgb0.50,2024-12-23,2025-12-22,2025-12-22,2025-01-20,2025-12-19,2025-12-22,228,2025-12-19,True,0,0.5507246376811595,0.5673712919896198,0.92,0.8547763824462891,0.8168624496210686,1,81.69,0.6901894860018025,1,69.02,HOLD,0.525,0.0499,Sideways,-0.165,0.0,unavailable_no_point_in_time_source,True,2042.06,2048.052490234375,2025-12-23,2045.854248046875,-0.1073,0,2025-12-26,2015.8797607421875,-1.5709,0.0,2025-12-30,2024.67236328125,-1.1416,0.0,2026-01-06,2042.8568115234375,-0.2537,0.0,1,0,0,1,0,1,0.1858,1,0.0,0.0,1.0,0.0,1.0,-1.2821,1.0,0.0,0.0,1.0,0.0,1.0,-0.8515,1.0,0.0,0.0,1.0,0.0,1.0,0.039,1.0,80-85,65-70
BAJFINANCE.NS|2025-12-22|ensemble_lr0.20_rf0.30_xgb0.50,BAJFINANCE.NS,2025-12-22,ensemble_lr0.20_rf0.30_xgb0.50,2024-12-23,2025-12-22,2025-12-22,2025-01-20,2025-12-19,2025-12-22,228,2025-12-19,True,1,0.45652173913043476,0.5471458857553037,0.2,0.1966208815574646,0.26773961792979306,0,73.23,0.5838584846740666,1,58.39,SELL,0.3932,-0.2135,Sideways,-0.165,0.0,unavailable_no_point_in_time_source,True,1002.14,1001.6427001953125,2025-12-23,1005.220703125,0.3572,1,2025-12-26,993.8903198242188,-0.774,0.0,2025-12-30,983.2556762695312,-1.8357,0.0,2026-01-06,971.3787231445312,-3.0214,0.0,0,0,1,1,0,0,0.3074,0,1.0,0.0,0.0,1.0,1.0,-0.8232,1.0,1.0,0.0,0.0,1.0,1.0,-1.8844,1.0,1.0,0.0,0.0,1.0,1.0,-3.0696,1.0,70-75,55-60
BEL.NS|2025-12-22|ensemble_lr0.20_rf0.30_xgb0.50,BEL.NS,2025-12-22,ensemble_lr0.20_rf0.30_xgb0.50,2024-12-23,2025-12-22,2025-12-22,2025-01-20,2025-12-19,2025-12-22,228,2025-12-19,True,0,0.5797101449275363,0.41976733768541363,0.8,0.7744775414466858,0.7111922382604257,1,71.12,0.5266749697480728,1,52.67,HOLD,0.4308,-0.1385,Bearish,-0.335,0.0,unavailable_no_point_in_time_source,True,390.65,396.7202453613281,2025-12-23,397.1676940917969,0.1128,1,2025-12-26,396.2230224609375,-0.1253,0.0,2025-12-30,391.1017761230469,-1.4162,0.0,2026-01-06,410.7911682128906,3.5468,1.0,1,1,1,0,1,1,1.6684,1,0.0,0.0,1.0,0.0,1.0,1.4266,1.0,0.0,0.0,1.0,0.0,1.0,0.1156,1.0,1.0,1.0,0.0,1.0,0.0,5.1558,0.0,70-75,50-55
BPCL.NS|2025-12-22|ensemble_lr0.20_rf0.30_xgb0.50,BPCL.NS,2025-12-22,ensemble_lr0.20_rf0.30_xgb0.50,2024-12-23,2025-12-22,2025-12-22,2025-01-20,2025-12-19,2025-12-22,228,2025-12-19,True,0,0.5362318840579711,0.6341337931773506,0.84,0.7030640840530396,0.7303588006619899,1,73.04,0.3109735529552917,0,68.9,BUY,0.6719,0.3439,Sideways,0.835,0.0,unavailable_no_point_in_time_source,True,355.91,359.7518615722656,2025-12-23,359.84912109375,0.027,1,2025-12-26,355.9588623046875,-1.0543,0.0,2025-12-30,359.3628234863281,-0.1081,0.0,2026-01-06,360.6271667480469,0.2433,1.0,1,1,0,0,1,1,1.1068,1,0.0,1.0,1.0,0.0,0.0,0.0137,1.0,0.0,1.0,1.0,0.0,0.0,0.9701,1.0,1.0,0.0,0.0,1.0,1.0,1.3254,1.0,70-75,65-70
AARTIIND.NS|2025-12-30|ensemble_lr0.20_rf0.30_xgb0.50,AARTIIND.NS,2025-12-30,ensemble_lr0.20_rf0.30_xgb0.50,2024-12-31,2025-12-30,2025-12-29,2025-01-27,2025-12-29,2025-12-30,228,2025-12-29,True,0,0.48550724637681153,0.3366536280721254,0.14,0.41098088026046753,0.31482116574465885,0,68.52,0.43521151251590623,0,56.48,HOLD,0.4498,-0.1005,Sideways,0.0,0.0,unavailable_no_point_in_time_source,True,375.85,367.3697204589844,2025-12-31,373.158203125,1.5757,1,2026-01-02,376.2021789550781,2.4042,1.0,2026-01-06,374.305908203125,1.8881,1.0,2026-01-13,362.2798156738281,-1.3855,0.0,0,0,0,0,0,1,-0.7162,1,0.0,0.0,0.0,0.0,1.0,0.0937,1.0,0.0,0.0,0.0,0.0,1.0,-0.4108,1.0,1.0,1.0,1.0,1.0,1.0,-3.6105,0.0,65-70,55-60
AAVAS.NS|2025-12-30|ensemble_lr0.20_rf0.30_xgb0.50,AAVAS.NS,2025-12-30,ensemble_lr0.20_rf0.30_xgb0.50,2024-12-31,2025-12-30,2025-12-29,2025-01-27,2025-12-29,2025-12-30,228,2025-12-29,True,0,0.43478260869565216,0.4606092624286188,0.1,0.2170872688293457,0.23066548690039662,0,76.93,0.2628183286613061,0,73.72,SELL,0.3854,-0.2291,Sideways,-0.335,0.0,unavailable_no_point_in_time_source,False,1478.0,1466.0,2025-12-31,1464.0,-0.1364,0,2026-01-02,1443.4000244140625,-1.5416,0.0,2026-01-06,1462.300048828125,-0.2524,0.0,2026-01-13,1447.0,-1.296,0.0,0,1,1,1,1,1,-0.9472,1,1.0,1.0,1.0,1.0,1.0,-2.341,1.0,1.0,1.0,1.0,1.0,1.0,-1.0622,1.0,1.0,1.0,1.0,1.0,1.0,-2.0974,1.0,75-80,70-75
ABCAPITAL.NS|2025-12-30|ensemble_lr0.20_rf0.30_xgb0.50,ABCAPITAL.NS,2025-12-30,ensemble_lr0.20_rf0.30_xgb0.50,2024-12-31,2025-12-30,2025-12-29,2025-01-27,2025-12-29,2025-12-30,228,2025-12-29,True,1,0.5217391304347826,0.4577797694953125,0.86,0.7776529788970947,0.7383824433476098,1,73.84,0.4875974707638624,0,51.24,BUY,0.6218,0.2437,Sideways,0.5,0.0,unavailable_no_point_in_time_source,True,346.75,349.29998779296875,2025-12-31,357.70001220703125,2.4048,1,2026-01-02,361.25,3.4211,1.0,2026-01-06,360.6499938964844,3.2494,1.0,2026-01-13,350.8500061035156,0.4437,1.0,1,1,0,1,1,1,3.1579,1,1.0,0.0,1.0,1.0,1.0,4.1817,1.0,1.0,0.0,1.0,1.0,1.0,4.0087,1.0,1.0,0.0,1.0,1.0,1.0,1.1824,1.0,70-75,50-55
ABFRL.NS|2025-12-30|ensemble_lr0.20_rf0.30_xgb0.50,ABFRL.NS,2025-12-30,ensemble_lr0.20_rf0.30_xgb0.50,2024-12-31,2025-12-30,2025-12-29,2025-01-27,2025-12-29,2025-12-30,228,2025-12-29,True,0,0.5,0.3913127180608909,0.16,0.252748966217041,0.2526370267206987,0,74.74,0.5811065339218234,1,58.11,HOLD,0.4552,-0.0896,Sideways,-0.165,0.0,unavailable_no_point_in_time_source,True,76.98,76.0199966430664,2025-12-31,76.77999877929688,0.9997,1,2026-01-02,78.16000366210938,2.8151,1.0,2026-01-06,77.44999694824219,1.8811,1.0,2026-01-13,73.31999969482422,-3.5517,0.0,0,0,1,0,0,1,-0.2598,1,0.0,1.0,0.0,0.0,1.0,1.5329,1.0,0.0,1.0,0.0,0.0,1.0,0.6105,1.0,1.0,0.0,1.0,1.0,0.0,-4.7545,0.0,70-75,55-60
ACC.NS|2025-12-30|ensemble_lr0.20_rf0.30_xgb0.50,ACC.NS,2025-12-30,ensemble_lr0.20_rf0.30_xgb0.50,2024-12-31,2025-12-30,2025-12-29,2025-01-27,2025-12-29,2025-12-30,228,2025-12-29,True,0,0.49275362318840576,0.5574159767747349,0.8,0.7453640103340149,0.7241652005219544,1,72.42,0.6001563305901176,1,60.02,HOLD,0.4591,-0.0818,Sideways,-1.0,0.0,unavailable_no_point_in_time_source,False,1715.28,1722.135498046875,2025-12-31,1727.7032470703125,0.3233,1,2026-01-02,1738.739501953125,0.9642,1.0,2026-01-06,1741.9210205078125,1.1489,1.0,2026-01-13,1697.4781494140625,-1.4318,0.0,1,1,1,0,1,1,0.7243,1,1.0,1.0,0.0,1.0,1.0,1.3677,1.0,1.0,1.0,0.0,1.0,1.0,1.5532,1.0,0.0,0.0,1.0,0.0,1.0,-1.0378,1.0,70-75,60-65
ADANIENT.NS|2025-12-30|ensemble_lr0.20_rf0.30_xgb0.50,ADANIENT.NS,2025-12-30,ensemble_lr0.20_rf0.30_xgb0.50,2024-12-31,2025-12-30,2025-12-29,2025-01-27,2025-12-29,2025-12-30,228,2025-12-29,True,0,0.4057971014492754,0.6290557824537105,0.94,0.9091147184371948,0.8623685157093395,1,86.24,0.7914545414240046,1,79.15,HOLD,0.4566,-0.0869,Bearish,-0.665,0.0,unavailable_no_point_in_time_source,True,2202.22,2213.710205078125,2025-12-31,2238.698974609375,1.1288,1,2026-01-02,2278.78125,2.9395,1.0,2026-01-06,2258.090576171875,2.0048,1.0,2026-01-13,2157.535400390625,-2.5376,0.0,1,1,1,0,1,1,1.6565,1,1.0,1.0,0.0,1.0,1.0,3.4765,0.0,1.0,1.0,0.0,1.0,1.0,2.537,1.0,0.0,0.0,1.0,0.0,1.0,-2.0291,1.0,85-90,75-80
ADANIPORTS.NS|2025-12-30|ensemble_lr0.20_rf0.30_xgb0.50,ADANIPORTS.NS,2025-12-30,ensemble_lr0.20_rf0.30_xgb0.50,2024-12-31,2025-12-30,2025-12-29,2025-01-27,2025-12-29,2025-12-30,228,2025-12-29,True,0,0.572463768115942,0.5415519822240988,0.84,0.7499592900276184,0.735290041458629,1,73.53,0.5448801481464005,1,54.49,BUY,0.5922,0.1845,Sideways,0.17,0.0,unavailable_no_point_in_time_source,True,1448.3,1455.067626953125,2025-12-31,1463.631591796875,0.5886,1,2026-01-02,1483.2489013671875,1.9368,1.0,2026-01-06,1467.017333984375,0.8212,1.0,2026-01-13,1422.6044921875,-2.231,0.0,1,1,1,0,1,1,1.0586,1,1.0,1.0,0.0,1.0,1.0,2.4131,1.0,1.0,1.0,0.0,1.0,1.0,1.2924,1.0,0.0,0.0,1.0,0.0,0.0,-1.7742,0.0,70-75,50-55
AETHER.NS|2025-12-30|ensemble_lr0.20_rf0.30_xgb0.50,AETHER.NS,2025-12-30,ensemble_lr0.20_rf0.30_xgb0.50,2024-12-31,2025-12-30,2025-12-29,2025-01-27,2025-12-29,2025-12-30,228,2025-12-29,True,0,0.5797101449275363,0.2325716866577202,0.02,0.13103947043418884,0.11803407254863846,0,88.2,0.2832554357916943,0,71.67,HOLD,0.4528,-0.0945,High Volatility,0.165,0.0,unavailable_no_point_in_time_source,False,832.9,832.6500244140625,2025-12-31,860.0999755859375,3.2967,1,2026-01-02,944.0999755859375,13.385,1.0,2026-01-06,997.75,19.8283,1.0,2026-01-13,989.4500122070312,18.8314,1.0,0,0,0,0,0,0,3.2657,0,0.0,0.0,0.0,0.0,0.0,13.3509,0.0,0.0,0.0,0.0,0.0,0.0,19.7923,0.0,0.0,0.0,0.0,0.0,0.0,18.7958,0.0,85-90,70-75
AIAENG.NS|2025-12-30|ensemble_lr0.20_rf0.30_xgb0.50,AIAENG.NS,2025-12-30,ensemble_lr0.20_rf0.30_xgb0.50,2024-12-31,2025-12-30,2025-12-29,2025-01-27,2025-12-29,2025-12-30,228,2025-12-29,True,0,0.463768115942029,0.5785476895382342,0.86,0.8576467037200928,0.8025328897676932,1,80.25,0.5269594999531597,1,52.7,BUY,0.6096,0.2192,High Volatility,0.5,0.0,unavailable_no_point_in_time_source,False,3820.44,3934.908447265625,2025-12-31,4002.45458984375,1.7166,1,2026-01-02,4074.38427734375,3.5446,1.0,2026-01-06,4056.25244140625,3.0838,1.0,2026-01-13,3890.4755859375,-1.1292,0.0,1,1,1,0,1,1,4.7642,1,1.0,1.0,0.0,1.0,1.0,6.647,1.0,1.0,1.0,0.0,1.0,1.0,6.1724,1.0,0.0,0.0,1.0,0.0,0.0,1.8332,1.0,80-85,50-55
AJANTPHARM.NS|2025-12-30|ensemble_lr0.20_rf0.30_xgb0.50,AJANTPHARM.NS,2025-12-30,ensemble_lr0.20_rf0.30_xgb0.50,2024-12-31,2025-12-30,2025-12-29,2025-01-27,2025-12-29,2025-12-30,228,2025-12-29,True,0,0.5,0.5231216238414504,0.9,0.7650107145309448,0.7571296820337625,1,75.71,0.5174743151020241,1,51.75,BUY,0.6927,0.3855,Bullish,0.5,0.0,unavailable_no_point_in_time_source,False,2665.78,2702.145751953125,2025-12-31,2743.7646484375,1.5402,1,2026-01-02,2922.427978515625,8.1521,1.0,2026-01-06,2818.5791015625,4.3089,1.0,2026-01-13,2705.8125,0.1357,1.0,1,1,1,0,1,1,2.9254,1,1.0,1.0,0.0,1.0,1.0,9.6275,1.0,1.0,1.0,0.0,1.0,1.0,5.7319,1.0,1.0,1.0,0.0,1.0,1.0,1.5017,1.0,75-80,50-55
ALEMBICLTD.NS|2025-12-30|ensemble_lr0.20_rf0.30_xgb0.50,ALEMBICLTD.NS,2025-12-30,ensemble_lr0.20_rf0.30_xgb0.50,2024-12-31,2025-12-30,2025-12-29,2025-01-27,2025-12-29,2025-12-30,228,2025-12-29,True,0,0.6159420289855072,0.17072433393870995,0.04,0.06211737170815468,0.07720355264181933,0,92.28,0.28296504573559533,0,71.7,SELL,0.3628,-0.2743,Sideways,-0.165,0.0,unavailable_no_point_in_time_source,False,97.44,97.33322143554688,2025-12-31,98.54076385498047,1.2406,1,2026-01-02,100.66368865966797,3.4217,1.0,2026-01-06,97.96620178222656,0.6503,1.0,2026-01-13,95.87248992919922,-1.5008,0.0,0,0,0,0,0,0,1.1297,0,0.0,0.0,0.0,0.0,0.0,3.3084,0.0,0.0,0.0,0.0,0.0,0.0,0.54,0.0,1.0,1.0,1.0,1.0,1.0,-1.6087,1.0,90-95,70-75
ALKEM.NS|2025-12-30|ensemble_lr0.20_rf0.30_xgb0.50,ALKEM.NS,2025-12-30,ensemble_lr0.20_rf0.30_xgb0.50,2024-12-31,2025-12-30,2025-12-29,2025-01-27,2025-12-29,2025-12-30,228,2025-12-29,True,1,0.536231884057971,0.6071675239239338,0.1,0.2964532673358917,0.29966013845273265,0,70.03,0.5239929044323082,1,52.4,HOLD,0.4419,-0.1163,Sideways,-0.165,0.0,unavailable_no_point_in_time_source,False,5451.22,5415.57177734375,2025-12-31,5452.70556640625,0.6857,1,2026-01-02,5537.865234375,2.2582,1.0,2026-01-06,5600.25,3.4101,1.0,2026-01-13,5806.21826171875,7.2134,1.0,0,0,1,1,0,1,0.0273,1,0.0,1.0,1.0,0.0,1.0,1.5895,1.0,0.0,1.0,1.0,0.0,0.0,2.7339,1.0,0.0,1.0,1.0,0.0,0.0,6.5123,0.0,70-75,50-55
AMBER.NS|2025-12-30|ensemble_lr0.20_rf0.30_xgb0.50,AMBER.NS,2025-12-30,ensemble_lr0.20_rf0.30_xgb0.50,2024-12-31,2025-12-30,2025-12-29,2025-01-27,2025-12-29,2025-12-30,228,2025-12-29,True,1,0.4202898550724638,0.3971972015420626,0.2,0.13528653979301453,0.2070827102049198,0,79.29,0.32467938174647337,0,67.53,SELL,0.3429,-0.3143,Bearish,-0.165,0.0,unavailable_no_point_in_time_source,False,6493.0,6264.5,2025-12-31,6387.0,1.9555,1,2026-01-02,6482.5,3.4799,1.0,2026-01-06,6707.5,7.0716,1.0,2026-01-13,6145.5,-1.8996,0.0,0,0,0,1,0,0,-1.6325,1,0.0,0.0,1.0,0.0,0.0,-0.1617,1.0,0.0,0.0,1.0,0.0,0.0,3.3036,0.0,1.0,1.0,0.0,1.0,1.0,-5.3519,1.0,75-80,65-70
ANGELONE.NS|2025-12-30|ensemble_lr0.20_rf0.30_xgb0.50,ANGELONE.NS,2025-12-30,ensemble_lr0.20_rf0.30_xgb0.50,2024-12-31,2025-12-30,2025-12-29,2025-01-27,2025-12-29,2025-12-30,228,2025-12-29,True,1,0.463768115942029,0.5045792121155961,0.16,0.28469595313072205,0.29126381898848025,0,70.87,0.5010717847425652,1,50.11,SELL,0.3712,-0.2576,High Volatility,-0.17,0.0,unavailable_no_point_in_time_source,True,236.46,230.26502990722656,2025-12-31,229.96087646484375,-0.1321,0,2026-01-02,234.2677459716797,1.7383,1.0,2026-01-06,236.56344604492188,2.7353,1.0,2026-01-13,239.31040954589844,3.9282,1.0,0,1,0,0,1,1,-2.7485,1,0.0,1.0,1.0,0.0,0.0,-0.9271,1.0,0.0,1.0,1.0,0.0,0.0,0.0437,0.0,0.0,1.0,1.0,0.0,0.0,1.2055,0.0,70-75,50-55
APARINDS.NS|2025-12-30|ensemble_lr0.20_rf0.30_xgb0.50,APARINDS.NS,2025-12-30,ensemble_lr0.20_rf0.30_xgb0.50,2024-12-31,2025-12-30,2025-12-29,2025-01-27,2025-12-29,2025-12-30,228,2025-12-29,True,0,0.5072463768115941,0.532405875765182,0.08,0.16639161109924316,0.21367698070265798,0,78.63,0.46276523048078166,0,53.72,HOLD,0.4439,-0.1123,Sideways,-0.165,0.0,unavailable_no_point_in_time_source,False,8532.88,8354.9931640625,2025-12-31,8338.5498046875,-0.1968,0,2026-01-02,8235.90625,-1.4253,0.0,2026-01-06,8153.69189453125,-2.4094,0.0,2026-01-13,7625.02734375,-8.7369,0.0,0,1,1,1,1,1,-2.2774,1,1.0,1.0,1.0,1.0,1.0,-3.4803,0.0,1.0,1.0,1.0,1.0,1.0,-4.4438,0.0,1.0,1.0,1.0,1.0,0.0,-10.6395,0.0,75-80,50-55
APOLLOHOSP.NS|2025-12-30|ensemble_lr0.20_rf0.30_xgb0.50,APOLLOHOSP.NS,2025-12-30,ensemble_lr0.20_rf0.30_xgb0.50,2024-12-31,2025-12-30,2025-12-29,2025-01-27,2025-12-29,2025-12-30,228,2025-12-29,True,0,0.4202898550724637,0.33232706263099204,0.08,0.09215198457241058,0.1365414048124037,0,86.35,0.2752993302516338,0,72.47,SELL,0.3578,-0.2844,Bearish,0.0,0.0,unavailable_no_point_in_time_source,False,7066.88,6972.615234375,2025-12-31,7024.98486328125,0.7511,1,2026-01-02,7111.7685546875,1.9957,1.0,2026-01-06,7329.72509765625,5.1216,1.0,2026-01-13,7293.31591796875,4.5994,1.0,0,0,0,0,0,0,-0.5928,1,0.0,0.0,0.0,0.0,0.0,0.6352,0.0,0.0,0.0,0.0,0.0,0.0,3.7194,0.0,0.0,0.0,0.0,0.0,0.0,3.2042,0.0,85-90,70-75
APOLLOTYRE.NS|2025-12-30|ensemble_lr0.20_rf0.30_xgb0.50,APOLLOTYRE.NS,2025-12-30,ensemble_lr0.20_rf0.30_xgb0.50,2024-12-31,2025-12-30,2025-12-29,2025-01-27,2025-12-29,2025-12-30,228,2025-12-29,True,0,0.463768115942029,0.30494492126281325,0.08,0.3111502528190613,0.2405641106620933,0,75.94,0.3126631395799319,0,68.73,HOLD,0.4699,-0.0602,Sideways,0.17,0.0,unavailable_no_point_in_time_source,True,490.31,487.89178466796875,2025-12-31,493.7176818847656,1.1941,1,2026-01-02,491.002197265625,0.6375,1.0,2026-01-06,512.97265625,5.1407,1.0,2026-01-13,513.9601440429688,5.3431,1.0,0,0,0,0,0,1,0.695,1,0.0,0.0,0.0,0.0,1.0,0.1412,1.0,0.0,0.0,0.0,0.0,0.0,4.6221,0.0,0.0,0.0,0.0,0.0,0.0,4.8235,0.0,75-80,65-70
ASHOKLEY.NS|2025-12-30|ensemble_lr0.20_rf0.30_xgb0.50,ASHOKLEY.NS,2025-12-30,ensemble_lr0.20_rf0.30_xgb0.50,2024-12-31,2025-12-30,2025-12-29,2025-01-27,2025-12-29,2025-12-30,228,2025-12-29,True,1,0.4710144927536232,0.8266437282746206,0.92,0.7356423735618591,0.8091499324358538,1,80.91,0.5572419141252314,1,55.72,STRONG BUY,0.7538,0.5076,Bullish,1.0,0.0,unavailable_no_point_in_time_source,False,171.99,175.6338653564453,2025-12-31,176.18447875976562,0.3135,1,2026-01-02,185.61361694335938,5.6821,1.0,2026-01-06,183.02772521972656,4.2098,1.0,2026-01-13,182.5852813720703,3.9579,1.0,1,1,1,1,1,1,2.4388,1,1.0,1.0,1.0,1.0,1.0,7.9212,1.0,1.0,1.0,1.0,1.0,1.0,6.4177,1.0,1.0,1.0,1.0,1.0,1.0,6.1604,1.0,80-85,55-60
ASIANPAINT.NS|2025-12-30|ensemble_lr0.20_rf0.30_xgb0.50,ASIANPAINT.NS,2025-12-30,ensemble_lr0.20_rf0.30_xgb0.50,2024-12-31,2025-12-30,2025-12-29,2025-01-27,2025-12-29,2025-12-30,228,2025-12-29,True,1,0.45652173913043476,0.5150872809723561,0.18,0.27216506004333496,0.2930999862161387,0,70.69,0.6446876268466417,1,64.47,HOLD,0.4666,-0.0667,Sideways,0.335,0.0,unavailable_no_point_in_time_source,True,2751.53,2734.574951171875,2025-12-31,2745.678466796875,0.406,1,2026-01-02,2748.751953125,0.5184,1.0,2026-01-06,2821.322265625,3.1722,1.0,2026-01-13,2861.473876953125,4.6405,1.0,0,0,1,1,0,1,-0.2127,1,0.0,1.0,1.0,0.0,1.0,-0.101,1.0,0.0,1.0,1.0,0.0,0.0,2.5365,1.0,0.0,1.0,1.0,0.0,0.0,3.9957,0.0,70-75,60-65
ASTRAL.NS|2025-12-30|ensemble_lr0.20_rf0.30_xgb0.50,ASTRAL.NS,2025-12-30,ensemble_lr0.20_rf0.30_xgb0.50,2024-12-31,2025-12-30,2025-12-29,2025-01-27,2025-12-29,2025-12-30,228,2025-12-29,True,0,0.48550724637681153,0.29302015957738214,0.04,0.08324112743139267,0.11222459563117276,0,88.78,0.3751735523144044,0,62.48,SELL,0.3451,-0.3099,Sideways,-0.835,0.0,unavailable_no_point_in_time_source,False,1369.85,1358.1639404296875,2025-12-31,1386.319580078125,2.0731,1,2026-01-02,1451.11767578125,6.8441,1.0,2026-01-06,1484.864501953125,9.3288,1.0,2026-01-13,1436.2410888671875,5.7487,1.0,0,0,0,0,0,0,1.2023,0,0.0,0.0,0.0,0.0,0.0,5.9326,0.0,0.0,0.0,0.0,0.0,0.0,8.3961,0.0,0.0,0.0,0.0,0.0,0.0,4.8466,0.0,85-90,60-65
AUBANK.NS|2025-12-30|ensemble_lr0.20_rf0.30_xgb0.50,AUBANK.NS,2025-12-30,ensemble_lr0.20_rf0.30_xgb0.50,2024-12-31,2025-12-30,2025-12-29,2025-01-27,2025-12-29,2025-12-30,228,2025-12-29,True,1,0.5144927536231885,0.6430024423357439,0.94,0.7385251522064209,0.7798630645703593,1,77.99,0.43057361176715514,0,56.94,BUY,0.7067,0.4133,Bullish,0.665,0.0,unavailable_no_point_in_time_source,True,985.69,995.4832763671875,2025-12-31,993.53515625,-0.1957,0,2026-01-02,998.430419921875,0.2961,1.0,2026-01-06,1007.7713012695312,1.2344,1.0,2026-01-13,971.0070190429688,-2.4587,0.0,1,0,1,0,0,0,0.7959,1,1.0,0.0,1.0,1.0,1.0,1.2925,1.0,1.0,0.0,1.0,1.0,1.0,2.2402,1.0,0.0,1.0,0.0,0.0,0.0,-1.4896,0.0,75-80,55-60
AXISBANK.NS|2025-12-30|ensemble_lr0.20_rf0.30_xgb0.50,AXISBANK.NS,2025-12-30,ensemble_lr0.20_rf0.30_xgb0.50,2024-12-31,2025-12-30,2025-12-29,2025-01-27,2025-12-29,2025-12-30,228,2025-12-29,True,0,0.4927536231884058,0.5345347494266048,0.96,0.8255398869514465,0.8076768933610442,1,80.77,0.6967805964987055,1,69.68,HOLD,0.521,0.042,Bearish,0.17,0.0,unavailable_no_point_in_time_source,True,1231.05,1245.039794921875,2025-12-31,1268.4217529296875,1.878,1,2026-01-02,1265.9237060546875,1.6774,1.0,2026-01-06,1292.802978515625,3.8363,1.0,2026-01-13,1261.0274658203125,1.2841,1.0,1,1,1,0,1,1,3.0358,0,1.0,1.0,0.0,1.0,1.0,2.8328,1.0,1.0,1.0,0.0,1.0,0.0,5.0163,0.0,1.0,1.0,0.0,1.0,1.0,2.4351,1.0,80-85,65-70
BAJAJ-AUTO.NS|2025-12-30|ensemble_lr0.20_rf0.30_xgb0.50,BAJAJ-AUTO.NS,2025-12-30,ensemble_lr0.20_rf0.30_xgb0.50,2024-12-31,2025-12-30,2025-12-29,2025-01-27,2025-12-29,2025-12-30,228,2025-12-29,True,1,0.5434782608695653,0.49349352969399196,0.9,0.7439817190170288,0.7406895654473128,1,74.07,0.25547753254936767,0,74.45,BUY,0.6472,0.2943,Sideways,0.5,0.0,unavailable_no_point_in_time_source,False,8960.89,9153.1845703125,2025-12-31,9213.337890625,0.6572,1,2026-01-02,9370.6240234375,2.3756,1.0,2026-01-06,9526.9248046875,4.0832,1.0,2026-01-13,9421.41015625,2.9304,1.0,1,1,0,1,1,1,2.8172,1,1.0,0.0,1.0,1.0,1.0,4.5725,1.0,1.0,0.0,1.0,1.0,1.0,6.3167,1.0,1.0,0.0,1.0,1.0,1.0,5.1392,1.0,70-75,70-75
BAJAJFINSV.NS|2025-12-30|ensemble_lr0.20_rf0.30_xgb0.50,BAJAJFINSV.NS,2025-12-30,ensemble_lr0.20_rf0.30_xgb0.50,2024-12-31,2025-12-30,2025-12-29,2025-01-27,2025-12-29,2025-12-30,228,2025-12-29,True,0,0.47826086956521746,0.47709153213203975,0.8,0.5525222420692444,0.6116794274610302,1,61.17,0.6053066622506336,1,60.53,HOLD,0.5253,0.0506,Sideways,-0.165,0.0,unavailable_no_point_in_time_source,True,2010.38,2024.67236328125,2025-12-31,2038.160888671875,0.6662,1,2026-01-02,2036.662109375,0.5922,1.0,2026-01-06,2042.8568115234375,0.8981,1.0,2026-01-13,2009.4852294921875,-0.7501,0.0,1,1,1,0,1,1,1.3819,1,1.0,1.0,0.0,1.0,1.0,1.3073,1.0,1.0,1.0,0.0,1.0,1.0,1.6155,1.0,0.0,0.0,1.0,0.0,1.0,-0.0445,1.0,60-65,60-65
BAJFINANCE.NS|2025-12-30|ensemble_lr0.20_rf0.30_xgb0.50,BAJFINANCE.NS,2025-12-30,ensemble_lr0.20_rf0.30_xgb0.50,2024-12-31,2025-12-30,2025-12-29,2025-01-27,2025-12-29,2025-12-30,228,2025-12-29,True,1,0.4710144927536232,0.4557337563907976,0.1,0.1498304158449173,0.19606195920061817,0,80.39,0.4026678525774485,0,59.73,SELL,0.4057,-0.1885,Sideways,-0.165,0.0,unavailable_no_point_in_time_source,True,991.9,983.2556762695312,2025-12-31,980.77099609375,-0.2527,0,2026-01-02,984.398681640625,0.1162,1.0,2026-01-06,971.3787231445312,-1.2079,0.0,2026-01-13,943.2019653320312,-4.0736,0.0,0,1,1,0,1,1,-1.122,1,0.0,0.0,1.0,0.0,0.0,-0.7563,1.0,1.0,1.0,0.0,1.0,1.0,-2.0689,1.0,1.0,1.0,0.0,1.0,1.0,-4.9096,1.0,80-85,55-60
BEL.NS|2025-12-30|ensemble_lr0.20_rf0.30_xgb0.50,BEL.NS,2025-12-30,ensemble_lr0.20_rf0.30_xgb0.50,2024-12-31,2025-12-30,2025-12-29,2025-01-27,2025-12-29,2025-12-30,228,2025-12-29,True,0,0.5144927536231884,0.5258619119051542,0.84,0.580184817314148,0.6472647910381049,1,64.73,0.42727892367777165,0,57.27,HOLD,0.4927,-0.0147,Bearish,0.0,0.0,unavailable_no_point_in_time_source,True,391.05,391.1017761230469,2025-12-31,397.3666076660156,1.6018,1,2026-01-02,400.8967590332031,2.5045,1.0,2026-01-06,410.7911682128906,5.0343,1.0,2026-01-13,411.3878173828125,5.1869,1.0,1,1,0,0,1,1,1.6153,1,1.0,0.0,0.0,1.0,1.0,2.518,1.0,1.0,0.0,0.0,1.0,0.0,5.0482,0.0,1.0,0.0,0.0,1.0,0.0,5.2008,0.0,60-65,55-60
BPCL.NS|2025-12-30|ensemble_lr0.20_rf0.30_xgb0.50,BPCL.NS,2025-12-30,ensemble_lr0.20_rf0.30_xgb0.50,2024-12-31,2025-12-30,2025-12-29,2025-01-27,2025-12-29,2025-12-30,228,2025-12-29,True,0,0.5217391304347826,0.5451365019616629,0.18,0.2935323417186737,0.30979347125166945,0,69.02,0.35885233355359464,0,64.11,HOLD,0.5372,0.0744,Sideways,0.835,0.0,unavailable_no_point_in_time_source,True,361.41,359.3628234863281,2025-12-31,373.46502685546875,3.9242,1,2026-01-02,370.9849853515625,3.2341,1.0,2026-01-06,360.6271667480469,0.3518,1.0,2026-01-13,345.35791015625,-3.8972,0.0,0,0,0,0,0,0,3.3356,0,0.0,0.0,0.0,0.0,0.0,2.6493,1.0,0.0,0.0,0.0,0.0,1.0,-0.2166,1.0,1.0,1.0,1.0,1.0,0.0,-4.4415,0.0,65-70,60-65
AARTIIND.NS|2026-01-06|ensemble_lr0.20_rf0.30_xgb0.50,AARTIIND.NS,2026-01-06,ensemble_lr0.20_rf0.30_xgb0.50,2025-01-07,2026-01-06,2026-01-05,2025-02-01,2026-01-05,2026-01-06,228,2026-01-05,True,0,0.5,0.4815471871669351,0.94,0.7805660367012024,0.7685924557839883,1,76.86,0.4126141506350972,0,58.74,HOLD,0.558,0.1161,Sideways,0.165,0.0,unavailable_no_point_in_time_source,True,371.96,374.305908203125,2026-01-07,375.15423583984375,0.2266,1,2026-01-09,360.9324951171875,-3.5729,0.0,2026-01-13,362.2798156738281,-3.2129,0.0,2026-01-21,339.3254699707031,-9.3454,0.0,1,1,0,0,1,1,0.8588,1,0.0,1.0,1.0,0.0,0.0,-2.9647,1.0,0.0,1.0,1.0,0.0,0.0,-2.6025,1.0,0.0,1.0,1.0,0.0,0.0,-8.7737,0.0,75-80,55-60
AAVAS.NS|2026-01-06|ensemble_lr0.20_rf0.30_xgb0.50,AAVAS.NS,2026-01-06,ensemble_lr0.20_rf0.30_xgb0.50,2025-01-07,2026-01-06,2026-01-05,2025-02-01,2026-01-05,2026-01-06,228,2026-01-05,True,0,0.3333333333333333,0.4766483707721322,0.78,0.7261683344841003,0.6924138413964767,1,69.24,0.36965626000505236,0,63.03,HOLD,0.4342,-0.1315,Sideways,-1.0,0.0,unavailable_no_point_in_time_source,False,1439.9,1462.300048828125,2026-01-07,1467.199951171875,0.3351,1,2026-01-09,1449.4000244140625,-0.8822,0.0,2026-01-13,1447.0,-1.0463,0.0,2026-01-21,1388.0999755859375,-5.0742,0.0,1,1,0,0,1,1,1.896,1,0.0,1.0,1.0,0.0,1.0,0.6598,1.0,0.0,1.0,1.0,0.0,1.0,0.4931,1.0,0.0,1.0,1.0,0.0,0.0,-3.5975,0.0,65-70,60-65
ABCAPITAL.NS|2026-01-06|ensemble_lr0.20_rf0.30_xgb0.50,ABCAPITAL.NS,2026-01-06,ensemble_lr0.20_rf0.30_xgb0.50,2025-01-07,2026-01-06,2026-01-05,2025-02-01,2026-01-05,2026-01-06,228,2026-01-05,True,1,0.5507246376811594,0.3683197515140847,0.16,0.20821987092494965,0.22577388576529178,0,77.42,0.2647080915331521,0,73.53,BUY,0.6164,0.2328,Bullish,1.0,0.0,unavailable_no_point_in_time_source,True,363.3,360.6499938964844,2026-01-07,361.1000061035156,0.1248,1,2026-01-09,353.8500061035156,-1.8855,0.0,2026-01-13,350.8500061035156,-2.7173,0.0,2026-01-21,346.25,-3.9928,0.0,0,0,0,1,0,1,-0.6056,0,1.0,1.0,0.0,1.0,0.0,-2.6012,0.0,1.0,1.0,0.0,1.0,0.0,-3.4269,0.0,1.0,1.0,0.0,1.0,0.0,-4.6931,0.0,75-80,70-75
ABFRL.NS|2026-01-06|ensemble_lr0.20_rf0.30_xgb0.50,ABFRL.NS,2026-01-06,ensemble_lr0.20_rf0.30_xgb0.50,2025-01-07,2026-01-06,2026-01-05,2025-02-01,2026-01-05,2026-01-06,228,2026-01-05,True,0,0.463768115942029,0.5393693447883409,0.9,0.7369683384895325,0.7463580382024344,1,74.64,0.4180690805720595,0,58.19,HOLD,0.5375,0.075,Sideways,-0.165,0.0,unavailable_no_point_in_time_source,True,77.04,77.44999694824219,2026-01-07,77.29000091552734,-0.2066,0,2026-01-09,74.54000091552734,-3.7573,0.0,2026-01-13,73.31999969482422,-5.3325,0.0,2026-01-21,64.72000122070312,-16.4364,0.0,1,0,1,1,0,1,0.3245,1,0.0,1.0,1.0,0.0,0.0,-3.2451,0.0,0.0,1.0,1.0,0.0,0.0,-4.8287,0.0,0.0,1.0,1.0,0.0,0.0,-15.9917,0.0,70-75,55-60
ACC.NS|2026-01-06|ensemble_lr0.20_rf0.30_xgb0.50,ACC.NS,2026-01-06,ensemble_lr0.20_rf0.30_xgb0.50,2025-01-07,2026-01-06,2026-01-05,2025-02-01,2026-01-05,2026-01-06,228,2026-01-05,True,0,0.5,0.5796498345475115,0.18,0.29295358061790466,0.3164067572184546,0,68.36,0.6262216605857487,1,62.62,SELL,0.4073,-0.1854,Sideways,-0.5,0.0,unavailable_no_point_in_time_source,False,1761.41,1741.9210205078125,2026-01-07,1745.3013916015625,0.1941,1,2026-01-09,1693.4017333984375,-2.7854,0.0,2026-01-13,1697.4781494140625,-2.5514,0.0,2026-01-21,1706.823974609375,-2.0148,0.0,0,0,1,0,0,0,-0.9145,1,1.0,0.0,1.0,1.0,1.0,-3.861,1.0,1.0,0.0,1.0,1.0,1.0,-3.6296,1.0,1.0,0.0,1.0,1.0,1.0,-3.099,1.0,65-70,60-65
ADANIENT.NS|2026-01-06|ensemble_lr0.20_rf0.30_xgb0.50,ADANIENT.NS,2026-01-06,ensemble_lr0.20_rf0.30_xgb0.50,2025-01-07,2026-01-06,2026-01-05,2025-02-01,2026-01-05,2026-01-06,228,2026-01-05,True,0,0.4420289855072464,0.7568588848412239,0.1,0.3288431167602539,0.34579333534837176,0,65.42,0.5592046204973815,1,55.92,SELL,0.4157,-0.1685,Sideways,-0.335,0.0,unavailable_no_point_in_time_source,True,2278.48,2258.090576171875,2026-01-07,2273.083740234375,0.664,1,2026-01-09,2152.737548828125,-4.6656,0.0,2026-01-13,2157.535400390625,-4.4531,0.0,2026-01-21,2031.291748046875,-10.0438,0.0,0,0,1,0,0,0,-0.2368,1,1.0,0.0,1.0,1.0,1.0,-5.5187,1.0,1.0,0.0,1.0,1.0,1.0,-5.3081,1.0,1.0,0.0,1.0,1.0,1.0,-10.8488,1.0,65-70,55-60
ADANIPORTS.NS|2026-01-06|ensemble_lr0.20_rf0.30_xgb0.50,ADANIPORTS.NS,2026-01-06,ensemble_lr0.20_rf0.30_xgb0.50,2025-01-07,2026-01-06,2026-01-05,2025-02-01,2026-01-05,2026-01-06,228,2026-01-05,True,1,0.4927536231884058,0.38457655772511784,0.16,0.2874838411808014,0.26865723213542425,0,73.13,0.4490631315809216,0,55.09,HOLD,0.4483,-0.1034,Sideways,-0.165,0.0,unavailable_no_point_in_time_source,True,1486.73,1467.017333984375,2026-01-07,1459.1505126953125,-0.5362,0,2026-01-09,1429.8739013671875,-2.5319,0.0,2026-01-13,1422.6044921875,-3.0274,0.0,2026-01-21,1372.8143310546875,-6.4214,0.0,0,1,1,0,1,1,-1.855,1,1.0,1.0,0.0,1.0,1.0,-3.8242,0.0,1.0,1.0,0.0,1.0,0.0,-4.3132,0.0,1.0,1.0,0.0,1.0,0.0,-7.6622,0.0,70-75,55-60
AETHER.NS|2026-01-06|ensemble_lr0.20_rf0.30_xgb0.50,AETHER.NS,2026-01-06,ensemble_lr0.20_rf0.30_xgb0.50,2025-01-07,2026-01-06,2026-01-05,2025-02-01,2026-01-05,2026-01-06,228,2026-01-05,True,0,0.5579710144927535,0.6208248151179132,0.94,0.8059201240539551,0.8091250250505602,1,80.91,0.7220197697254531,1,72.2,STRONG BUY,0.7421,0.4841,High Volatility,1.0,0.0,unavailable_no_point_in_time_source,False,946.7,997.75,2026-01-07,997.7999877929688,0.005,1,2026-01-09,979.8499755859375,-1.794,0.0,2026-01-13,989.4500122070312,-0.8319,0.0,2026-01-21,962.8499755859375,-3.4979,0.0,1,1,1,0,1,1,5.3977,1,0.0,0.0,1.0,0.0,0.0,3.5016,1.0,0.0,0.0,1.0,0.0,0.0,4.5157,1.0,0.0,0.0,1.0,0.0,0.0,1.7059,1.0,80-85,70-75
AIAENG.NS|2026-01-06|ensemble_lr0.20_rf0.30_xgb0.50,AIAENG.NS,2026-01-06,ensemble_lr0.20_rf0.30_xgb0.50,2025-01-07,2026-01-06,2026-01-05,2025-02-01,2026-01-05,2026-01-06,228,2026-01-05,True,0,0.43478260869565216,0.5321361984376561,0.12,0.21602636575698853,0.2504404225660255,0,74.96,0.40616264452329265,0,59.38,BUY,0.6023,0.2045,High Volatility,1.0,0.0,unavailable_no_point_in_time_source,False,4062.73,4056.25244140625,2026-01-07,3974.260498046875,-2.0214,0,2026-01-09,3938.8935546875,-2.8933,0.0,2026-01-13,3890.4755859375,-4.0869,0.0,2026-01-21,3707.364013671875,-8.6013,0.0,0,1,1,1,1,0,-2.1776,0,1.0,1.0,1.0,1.0,0.0,-3.0481,0.0,1.0,1.0,1.0,1.0,0.0,-4.2399,0.0,1.0,1.0,1.0,1.0,0.0,-8.747,0.0,70-75,55-60
AJANTPHARM.NS|2026-01-06|ensemble_lr0.20_rf0.30_xgb0.50,AJANTPHARM.NS,2026-01-06,ensemble_lr0.20_rf0.30_xgb0.50,2025-01-07,2026-01-06,2026-01-05,2025-02-01,2026-01-05,2026-01-06,228,2026-01-05,True,0,0.5362318840579711,0.17445344357533887,0.0,0.06996259093284607,0.06987198418149082,0,93.01,0.09417204686194254,0,90.58,BUY,0.6156,0.2311,Bullish,0.835,0.0,unavailable_no_point_in_time_source,False,2886.36,2818.5791015625,2026-01-07,2828.09228515625,0.3375,1,2026-01-09,2739.50390625,-2.8055,0.0,2026-01-13,2705.8125,-4.0008,0.0,2026-01-21,2688.471435546875,-4.6161,0.0,0,0,0,0,0,1,-2.0187,0,1.0,1.0,1.0,1.0,0.0,-5.0879,0.0,1.0,1.0,1.0,1.0,0.0,-6.2552,0.0,1.0,1.0,1.0,1.0,0.0,-6.856,0.0,90-95,90-95
ALEMBICLTD.NS|2026-01-06|ensemble_lr0.20_rf0.30_xgb0.50,ALEMBICLTD.NS,2026-01-06,ensemble_lr0.20_rf0.30_xgb0.50,2025-01-07,2026-01-06,2026-01-05,2025-02-01,2026-01-05,2026-01-06,228,2026-01-05,True,0,0.5869565217391304,0.4473181473007493,0.14,0.19574350118637085,0.22933538005333529,0,77.07,0.21498553605759443,0,78.5,HOLD,0.4542,-0.0917,Sideways,0.165,0.0,unavailable_no_point_in_time_source,False,98.93,97.96620178222656,2026-01-07,98.0246353149414,0.0596,1,2026-01-09,95.44401550292969,-2.5745,0.0,2026-01-13,95.87248992919922,-2.1372,0.0,2026-01-21,88.77335357666016,-9.3837,0.0,0,0,0,0,0,1,-0.9152,1,1.0,1.0,1.0,1.0,1.0,-3.5237,0.0,1.0,1.0,1.0,1.0,1.0,-3.0906,0.0,1.0,1.0,1.0,1.0,0.0,-10.2665,0.0,75-80,75-80
ALKEM.NS|2026-01-06|ensemble_lr0.20_rf0.30_xgb0.50,ALKEM.NS,2026-01-06,ensemble_lr0.20_rf0.30_xgb0.50,2025-01-07,2026-01-06,2026-01-05,2025-02-01,2026-01-05,2026-01-06,228,2026-01-05,True,1,0.5144927536231884,0.4687908124732405,0.84,0.8070493936538696,0.7492828593215829,1,74.93,0.4653601218621968,0,53.46,HOLD,0.5151,0.0302,Sideways,-0.165,0.0,unavailable_no_point_in_time_source,False,5498.26,5600.25,2026-01-07,5749.7744140625,2.67,1,2026-01-09,5742.34814453125,2.5374,1.0,2026-01-13,5806.21826171875,3.6778,1.0,2026-01-21,5601.240234375,0.0177,1.0,1,1,0,1,1,1,4.5744,0,1.0,0.0,1.0,1.0,1.0,4.4394,0.0,1.0,0.0,1.0,1.0,0.0,5.601,0.0,1.0,0.0,1.0,1.0,1.0,1.873,1.0,70-75,50-55
AMBER.NS|2026-01-06|ensemble_lr0.20_rf0.30_xgb0.50,AMBER.NS,2026-01-06,ensemble_lr0.20_rf0.30_xgb0.50,2025-01-07,2026-01-06,2026-01-05,2025-02-01,2026-01-05,2026-01-06,228,2026-01-05,True,1,0.4420289855072464,0.2604795364607825,0.12,0.13525694608688354,0.15572438033559827,0,84.43,0.47325050945626435,0,52.67,HOLD,0.4251,-0.1499,Sideways,-0.165,0.0,unavailable_no_point_in_time_source,False,6712.0,6707.5,2026-01-07,6653.0,-0.8125,0,2026-01-09,6329.5,-5.6355,0.0,2026-01-13,6145.5,-8.3787,0.0,2026-01-21,5784.0,-13.7682,0.0,0,1,1,0,1,1,-0.879,1,1.0,1.0,0.0,1.0,0.0,-5.6987,0.0,1.0,1.0,0.0,1.0,0.0,-8.4401,0.0,1.0,1.0,0.0,1.0,0.0,-13.826,0.0,80-85,50-55
ANGELONE.NS|2026-01-06|ensemble_lr0.20_rf0.30_xgb0.50,ANGELONE.NS,2026-01-06,ensemble_lr0.20_rf0.30_xgb0.50,2025-01-07,2026-01-06,2026-01-05,2025-02-01,2026-01-05,2026-01-06,228,2026-01-05,True,1,0.48550724637681153,0.5998513660077812,0.96,0.8330960869789124,0.8245183166910124,1,82.45,0.5840397010553973,1,58.4,SELL,0.4137,-0.1725,Bearish,-0.835,0.0,unavailable_no_point_in_time_source,True,235.65,236.56344604492188,2026-01-07,242.38111877441406,2.4592,1,2026-01-09,228.9307861328125,-3.2265,0.0,2026-01-13,239.31040954589844,1.1612,1.0,2026-01-21,250.5816192626953,5.9258,1.0,1,1,1,1,1,0,2.8564,0,0.0,0.0,0.0,0.0,1.0,-2.8514,1.0,1.0,1.0,1.0,1.0,0.0,1.5533,0.0,1.0,1.0,1.0,1.0,0.0,6.3364,0.0,80-85,55-60
APARINDS.NS|2026-01-06|ensemble_lr0.20_rf0.30_xgb0.50,APARINDS.NS,2026-01-06,ensemble_lr0.20_rf0.30_xgb0.50,2025-01-07,2026-01-06,2026-01-05,2025-02-01,2026-01-05,2026-01-06,228,2026-01-05,True,0,0.5072463768115942,0.4252611794779582,0.82,0.5622510313987732,0.6121777515949782,1,61.22,0.4556377172391821,0,54.44,HOLD,0.5002,0.0004,Sideways,-0.5,0.0,unavailable_no_point_in_time_source,False,8144.22,8153.69189453125,2026-01-07,8155.68505859375,0.0244,1,2026-01-09,8159.6708984375,0.0733,1.0,2026-01-13,7625.02734375,-6.4837,0.0,2026-01-21,6941.89892578125,-14.8619,0.0,1,1,0,0,1,1,0.1408,1,1.0,0.0,0.0,1.0,1.0,0.1897,1.0,0.0,1.0,1.0,0.0,0.0,-6.375,0.0,0.0,1.0,1.0,0.0,0.0,-14.7629,0.0,60-65,50-55
APOLLOHOSP.NS|2026-01-06|ensemble_lr0.20_rf0.30_xgb0.50,APOLLOHOSP.NS,2026-01-06,ensemble_lr0.20_rf0.30_xgb0.50,2025-01-07,2026-01-06,2026-01-05,2025-02-01,2026-01-05,2026-01-06,228,2026-01-05,True,0,0.5217391304347826,0.5752779399201619,0.8,0.721655011177063,0.7158830935725639,1,71.59,0.30565320066038615,0,69.43,HOLD,0.4966,-0.0069,Bearish,0.0,0.0,unavailable_no_point_in_time_source,False,7065.38,7329.72509765625,2026-01-07,7428.9775390625,1.3541,1,2026-01-09,7238.45263671875,-1.2452,0.0,2026-01-13,7293.31591796875,-0.4967,0.0,2026-01-21,6809.52197265625,-7.0972,0.0,1,1,0,0,1,1,5.1462,0,0.0,1.0,1.0,0.0,1.0,2.4496,1.0,0.0,1.0,1.0,0.0,1.0,3.2261,0.0,0.0,1.0,1.0,0.0,0.0,-3.6213,0.0,70-75,65-70
APOLLOTYRE.NS|2026-01-06|ensemble_lr0.20_rf0.30_xgb0.50,APOLLOTYRE.NS,2026-01-06,ensemble_lr0.20_rf0.30_xgb0.50,2025-01-07,2026-01-06,2026-01-05,2025-02-01,2026-01-05,2026-01-06,228,2026-01-05,True,0,0.49275362318840576,0.7848603851075161,0.88,0.7452213764190674,0.793582765231037,1,79.36,0.5459431892110976,1,54.59,HOLD,0.5567,0.1133,Sideways,-0.165,0.0,unavailable_no_point_in_time_source,True,499.44,512.97265625,2026-01-07,511.047119140625,-0.3754,0,2026-01-09,498.0623779296875,-2.9066,0.0,2026-01-13,513.9601440429688,0.1925,1.0,2026-01-21,495.6925354003906,-3.3686,0.0,1,0,0,1,0,1,2.324,1,0.0,0.0,1.0,0.0,1.0,-0.2758,1.0,1.0,1.0,0.0,1.0,1.0,2.9073,1.0,0.0,0.0,1.0,0.0,0.0,-0.7503,1.0,75-80,50-55
ASHOKLEY.NS|2026-01-06|ensemble_lr0.20_rf0.30_xgb0.50,ASHOKLEY.NS,2026-01-06,ensemble_lr0.20_rf0.30_xgb0.50,2025-01-07,2026-01-06,2026-01-05,2025-02-01,2026-01-05,2026-01-06,228,2026-01-05,True,1,0.463768115942029,0.8141949636514528,0.08,0.1921403855085373,0.28290918548455923,0,71.71,0.45784592382828526,0,54.22,BUY,0.6554,0.3108,Bullish,1.0,0.0,unavailable_no_point_in_time_source,False,184.61,183.02772521972656,2026-01-07,182.99822998046875,-0.0161,0,2026-01-09,184.6107177734375,0.8649,1.0,2026-01-13,182.5852813720703,-0.2417,0.0,2026-01-21,178.20008850097656,-2.6377,0.0,0,1,1,0,1,0,-0.8731,0,0.0,0.0,1.0,0.0,1.0,0.0004,1.0,1.0,1.0,0.0,1.0,0.0,-1.0968,0.0,1.0,1.0,0.0,1.0,0.0,-3.4721,0.0,70-75,50-55
ASIANPAINT.NS|2026-01-06|ensemble_lr0.20_rf0.30_xgb0.50,ASIANPAINT.NS,2026-01-06,ensemble_lr0.20_rf0.30_xgb0.50,2025-01-07,2026-01-06,2026-01-05,2025-02-01,2026-01-05,2026-01-06,228,2026-01-05,True,1,0.49275362318840576,0.7468183584119136,0.96,0.8943233489990234,0.8845253461818944,1,88.45,0.6942450425996578,1,69.42,BUY,0.6673,0.3347,Bullish,0.335,0.0,unavailable_no_point_in_time_source,True,2791.38,2821.322265625,2026-01-07,2785.235107421875,-1.2791,0,2026-01-09,2801.19677734375,-0.7133,0.0,2026-01-13,2861.473876953125,1.4231,1.0,2026-01-21,2638.2109375,-6.4903,0.0,1,0,0,0,0,0,-0.2201,0,0.0,0.0,0.0,0.0,0.0,0.3517,1.0,1.0,1.0,1.0,1.0,1.0,2.5111,1.0,0.0,0.0,0.0,0.0,0.0,-5.4872,0.0,85-90,65-70
ASTRAL.NS|2026-01-06|ensemble_lr0.20_rf0.30_xgb0.50,ASTRAL.NS,2026-01-06,ensemble_lr0.20_rf0.30_xgb0.50,2025-01-07,2026-01-06,2026-01-05,2025-02-01,2026-01-05,2026-01-06,228,2026-01-05,True,0,0.5072463768115942,0.13445897967338313,0.12,0.15282028913497925,0.13930194050216627,0,86.07,0.3977863780742877,0,60.22,HOLD,0.4636,-0.0727,Sideways,0.0,0.0,unavailable_no_point_in_time_source,False,1490.46,1484.864501953125,2026-01-07,1500.2403564453125,1.0355,1,2026-01-09,1446.724609375,-2.5686,0.0,2026-01-13,1436.2410888671875,-3.2746,0.0,2026-01-21,1345.68359375,-9.3733,0.0,0,0,0,0,0,1,0.6562,1,1.0,1.0,1.0,1.0,1.0,-2.9344,1.0,1.0,1.0,1.0,1.0,0.0,-3.6377,0.0,1.0,1.0,1.0,1.0,0.0,-9.7135,0.0,85-90,60-65
AUBANK.NS|2026-01-06|ensemble_lr0.20_rf0.30_xgb0.50,AUBANK.NS,2026-01-06,ensemble_lr0.20_rf0.30_xgb0.50,2025-01-07,2026-01-06,2026-01-05,2025-02-01,2026-01-05,2026-01-06,228,2026-01-05,True,1,0.5144927536231884,0.5752425555663468,0.14,0.272781640291214,0.29343933125887633,0,70.66,0.49565339198304337,0,50.43,HOLD,0.5536,0.1073,Bullish,0.665,0.0,unavailable_no_point_in_time_source,True,1013.97,1007.7713012695312,2026-01-07,1003.5753784179688,-0.4164,0,2026-01-09,998.2305908203125,-0.9467,0.0,2026-01-13,971.0070190429688,-3.6481,0.0,2026-01-21,993.934814453125,-1.373,0.0,0,1,1,0,1,1,-1.0251,1,1.0,1.0,0.0,1.0,1.0,-1.5523,1.0,1.0,1.0,0.0,1.0,0.0,-4.2371,0.0,1.0,1.0,0.0,1.0,1.0,-1.9759,1.0,70-75,50-55
AXISBANK.NS|2026-01-06|ensemble_lr0.20_rf0.30_xgb0.50,AXISBANK.NS,2026-01-06,ensemble_lr0.20_rf0.30_xgb0.50,2025-01-07,2026-01-06,2026-01-05,2025-02-01,2026-01-05,2026-01-06,228,2026-01-05,True,0,0.4710144927536232,0.46353837796586433,0.86,0.7756903767585754,0.7385528639724606,1,73.86,0.6799447910578342,1,67.99,STRONG BUY,0.7596,0.5192,Bullish,1.0,0.0,unavailable_no_point_in_time_source,True,1284.81,1292.802978515625,2026-01-07,1294.501708984375,0.1314,1,2026-01-09,1271.019775390625,-1.685,0.0,2026-01-13,1261.0274658203125,-2.4579,0.0,2026-01-21,1283.9097900390625,-0.6879,0.0,1,1,1,0,1,1,0.7543,1,0.0,0.0,1.0,0.0,0.0,-1.0733,0.0,0.0,0.0,1.0,0.0,0.0,-1.8511,0.0,0.0,0.0,1.0,0.0,0.0,-0.0701,0.0,70-75,65-70
BAJAJ-AUTO.NS|2026-01-06|ensemble_lr0.20_rf0.30_xgb0.50,BAJAJ-AUTO.NS,2026-01-06,ensemble_lr0.20_rf0.30_xgb0.50,2025-01-07,2026-01-06,2026-01-05,2025-02-01,2026-01-05,2026-01-06,228,2026-01-05,True,1,0.5289855072463768,0.39303203658646496,0.78,0.5263347029685974,0.5757737588015917,1,57.58,0.580718800952637,1,58.07,STRONG BUY,0.7289,0.4578,Bullish,1.0,0.0,unavailable_no_point_in_time_source,False,9365.69,9526.9248046875,2026-01-07,9653.6416015625,1.3301,1,2026-01-09,9429.7919921875,-1.0196,0.0,2026-01-13,9421.41015625,-1.1075,0.0,2026-01-21,9051.6142578125,-4.9891,0.0,1,1,1,1,1,1,3.0745,1,0.0,0.0,0.0,0.0,0.0,0.6844,1.0,0.0,0.0,0.0,0.0,0.0,0.5949,1.0,0.0,0.0,0.0,0.0,0.0,-3.3535,0.0,55-60,55-60
BAJAJFINSV.NS|2026-01-06|ensemble_lr0.20_rf0.30_xgb0.50,BAJAJFINSV.NS,2026-01-06,ensemble_lr0.20_rf0.30_xgb0.50,2025-01-07,2026-01-06,2026-01-05,2025-02-01,2026-01-05,2026-01-06,228,2026-01-05,True,0,0.5797101449275363,0.5419896573585455,0.9,0.901591956615448,0.8291939097794332,1,82.92,0.4791526642126502,0,52.08,HOLD,0.5601,0.1203,Sideways,0.165,0.0,unavailable_no_point_in_time_source,True,2037.46,2042.8568115234375,2026-01-07,2030.1676025390625,-0.6212,0,2026-01-09,1990.7012939453125,-2.5531,0.0,2026-01-13,2009.4852294921875,-1.6336,0.0,2026-01-21,1958.22900390625,-4.1426,0.0,1,0,1,1,0,1,-0.3579,1,0.0,1.0,1.0,0.0,1.0,-2.295,1.0,0.0,1.0,1.0,0.0,1.0,-1.373,1.0,0.0,1.0,1.0,0.0,0.0,-3.8887,0.0,80-85,50-55
BAJFINANCE.NS|2026-01-06|ensemble_lr0.20_rf0.30_xgb0.50,BAJFINANCE.NS,2026-01-06,ensemble_lr0.20_rf0.30_xgb0.50,2025-01-07,2026-01-06,2026-01-05,2025-02-01,2026-01-05,2026-01-06,228,2026-01-05,True,1,0.4565217391304348,0.37144247594223073,0.1,0.29332423210144043,0.25095061123916634,0,74.9,0.5853006626655598,1,58.53,SELL,0.3949,-0.2102,Sideways,-0.335,0.0,unavailable_no_point_in_time_source,True,972.77,971.3787231445312,2026-01-07,962.8809814453125,-0.8748,0,2026-01-09,953.7371215820312,-1.8161,0.0,2026-01-13,943.2019653320312,-2.9007,0.0,2026-01-21,930.5298461914062,-4.2052,0.0,0,1,0,0,1,1,-1.0166,1,1.0,0.0,0.0,1.0,1.0,-1.9566,1.0,1.0,0.0,0.0,1.0,1.0,-3.0396,1.0,1.0,0.0,0.0,1.0,1.0,-4.3423,1.0,70-75,55-60
BEL.NS|2026-01-06|ensemble_lr0.20_rf0.30_xgb0.50,BEL.NS,2026-01-06,ensemble_lr0.20_rf0.30_xgb0.50,2025-01-07,2026-01-06,2026-01-05,2025-02-01,2026-01-05,2026-01-06,228,2026-01-05,True,0,0.5362318840579711,0.24573250133453264,0.1,0.1657782346010208,0.16203561756741694,0,83.8,0.4018797912606588,0,59.81,HOLD,0.4895,-0.0209,Sideways,0.335,0.0,unavailable_no_point_in_time_source,True,411.49,410.7911682128906,2026-01-07,413.3268737792969,0.6173,1,2026-01-09,416.31011962890625,1.3435,1.0,2026-01-13,411.3878173828125,0.1452,1.0,2026-01-21,400.3995361328125,-2.5297,0.0,0,0,0,0,0,1,0.4464,1,0.0,0.0,0.0,0.0,1.0,1.1714,1.0,0.0,0.0,0.0,0.0,1.0,-0.0248,1.0,1.0,1.0,1.0,1.0,1.0,-2.6952,1.0,80-85,55-60
BPCL.NS|2026-01-06|ensemble_lr0.20_rf0.30_xgb0.50,BPCL.NS,2026-01-06,ensemble_lr0.20_rf0.30_xgb0.50,2025-01-07,2026-01-06,2026-01-05,2025-02-01,2026-01-05,2026-01-06,228,2026-01-05,True,0,0.572463768115942,0.4562356088735106,0.06,0.15109264850616455,0.1847934460277844,0,81.52,0.49611050919849486,0,50.39,BUY,0.6252,0.2504,Bullish,1.0,0.0,unavailable_no_point_in_time_source,True,367.53,360.6271667480469,2026-01-07,358.0985107421875,-0.7012,0,2026-01-09,344.4339599609375,-4.4903,0.0,2026-01-13,345.35791015625,-4.2341,0.0,2026-01-21,342.2943115234375,-5.0836,0.0,0,1,1,1,1,0,-2.5662,0,1.0,1.0,1.0,1.0,0.0,-6.2841,0.0,1.0,1.0,1.0,1.0,0.0,-6.0327,0.0,1.0,1.0,1.0,1.0,0.0,-6.8663,0.0,80-85,50-55
AARTIIND.NS|2026-01-13|ensemble_lr0.20_rf0.30_xgb0.50,AARTIIND.NS,2026-01-13,ensemble_lr0.20_rf0.30_xgb0.50,2025-01-14,2026-01-13,2026-01-12,2025-02-07,2026-01-12,2026-01-13,228,2026-01-12,True,0,0.5144927536231885,0.3920063124703642,0.82,0.6487696170806885,0.6487860710344171,1,64.88,0.5321477699447034,1,53.21,HOLD,0.4766,-0.0468,Sideways,-0.665,0.0,unavailable_no_point_in_time_source,True,357.24,362.2798156738281,2026-01-14,361.28179931640625,-0.2755,0,2026-01-19,352.748779296875,-2.6308,0.0,2026-01-21,339.3254699707031,-6.3361,0.0,2026-01-29,354.2458190917969,-2.2176,0.0,1,0,0,1,0,1,1.1314,1,0.0,0.0,1.0,0.0,1.0,-1.2572,1.0,0.0,0.0,1.0,0.0,0.0,-5.0147,0.0,0.0,0.0,1.0,0.0,1.0,-0.8381,1.0,60-65,50-55
AAVAS.NS|2026-01-13|ensemble_lr0.20_rf0.30_xgb0.50,AAVAS.NS,2026-01-13,ensemble_lr0.20_rf0.30_xgb0.50,2025-01-14,2026-01-13,2026-01-12,2025-02-07,2026-01-12,2026-01-13,228,2026-01-12,True,0,0.4710144927536232,0.3345360198675529,0.16,0.23307546973228455,0.23144493883965284,0,76.86,0.4590778678697739,0,54.09,SELL,0.3732,-0.2536,Sideways,-0.665,0.0,unavailable_no_point_in_time_source,False,1451.8,1447.0,2026-01-14,1443.5999755859375,-0.235,0,2026-01-19,1413.699951171875,-2.3013,0.0,2026-01-21,1388.0999755859375,-4.0705,0.0,2026-01-29,1463.199951171875,1.1196,1.0,0,1,1,1,1,1,-0.5648,1,1.0,1.0,1.0,1.0,1.0,-2.6243,1.0,1.0,1.0,1.0,1.0,1.0,-4.3877,1.0,0.0,0.0,0.0,0.0,0.0,0.7852,0.0,75-80,50-55
ABCAPITAL.NS|2026-01-13|ensemble_lr0.20_rf0.30_xgb0.50,ABCAPITAL.NS,2026-01-13,ensemble_lr0.20_rf0.30_xgb0.50,2025-01-14,2026-01-13,2026-01-12,2025-02-07,2026-01-12,2026-01-13,228,2026-01-12,True,1,0.5652173913043478,0.4170809947976831,0.14,0.21116846799850464,0.23100043295878894,0,76.9,0.5055735932353815,1,50.56,HOLD,0.5521,0.1042,Bullish,0.5,0.0,unavailable_no_point_in_time_source,True,355.25,350.8500061035156,2026-01-14,358.6000061035156,2.2089,1,2026-01-19,361.1000061035156,2.9215,1.0,2026-01-21,346.25,-1.3111,0.0,2026-01-29,344.29998779296875,-1.8669,0.0,0,0,1,1,0,1,0.943,1,0.0,1.0,1.0,0.0,1.0,1.6467,1.0,1.0,0.0,0.0,1.0,1.0,-2.5334,1.0,1.0,0.0,0.0,1.0,1.0,-3.0823,0.0,75-80,50-55
ABFRL.NS|2026-01-13|ensemble_lr0.20_rf0.30_xgb0.50,ABFRL.NS,2026-01-13,ensemble_lr0.20_rf0.30_xgb0.50,2025-01-14,2026-01-13,2026-01-12,2025-02-07,2026-01-12,2026-01-13,228,2026-01-12,True,0,0.5,0.5036320358424687,0.12,0.37282735109329224,0.32314008271513983,0,67.69,0.6699314463351548,1,66.99,SELL,0.3726,-0.2549,Sideways,-0.5,0.0,unavailable_no_point_in_time_source,True,74.31,73.31999969482422,2026-01-14,72.80000305175781,-0.7092,0,2026-01-19,71.88999938964844,-1.9504,0.0,2026-01-21,64.72000122070312,-11.7294,0.0,2026-01-29,64.31999969482422,-12.275,0.0,0,1,0,1,1,1,-2.032,1,1.0,0.0,1.0,1.0,1.0,-3.2566,1.0,1.0,0.0,1.0,1.0,1.0,-12.9054,1.0,1.0,0.0,1.0,1.0,1.0,-13.4437,1.0,65-70,65-70
ACC.NS|2026-01-13|ensemble_lr0.20_rf0.30_xgb0.50,ACC.NS,2026-01-13,ensemble_lr0.20_rf0.30_xgb0.50,2025-01-14,2026-01-13,2026-01-12,2025-02-07,2026-01-12,2026-01-13,228,2026-01-12,True,0,0.5072463768115942,0.41046146751811186,0.96,0.8684911131858826,0.8043378500965637,1,80.43,0.8310823252664995,1,83.11,HOLD,0.4382,-0.1237,Sideways,-1.0,0.0,unavailable_no_point_in_time_source,False,1696.88,1697.4781494140625,2026-01-14,1718.158447265625,1.2183,1,2026-01-19,1723.7261962890625,1.5463,1.0,2026-01-21,1706.823974609375,0.5506,1.0,2026-01-29,1668.8438720703125,-1.6869,0.0,1,1,1,0,1,1,1.254,1,1.0,1.0,0.0,1.0,1.0,1.5821,1.0,1.0,1.0,0.0,1.0,1.0,0.586,1.0,0.0,0.0,1.0,0.0,1.0,-1.6522,1.0,80-85,80-85
ADANIENT.NS|2026-01-13|ensemble_lr0.20_rf0.30_xgb0.50,ADANIENT.NS,2026-01-13,ensemble_lr0.20_rf0.30_xgb0.50,2025-01-14,2026-01-13,2026-01-12,2025-02-07,2026-01-12,2026-01-13,228,2026-01-12,True,0,0.45652173913043476,0.5074980117960693,0.2,0.2311267852783203,0.27706299499837406,0,72.29,0.5210101793641779,1,52.1,SELL,0.2947,-0.4106,Bearish,-1.0,0.0,unavailable_no_point_in_time_source,True,2170.63,2157.535400390625,2026-01-14,2152.337646484375,-0.2409,0,2026-01-19,2133.64599609375,-1.1073,0.0,2026-01-21,2031.291748046875,-5.8513,0.0,2026-01-29,2018.2974853515625,-6.4536,0.0,0,1,0,1,1,1,-0.8427,1,1.0,0.0,1.0,1.0,1.0,-1.7038,1.0,1.0,0.0,1.0,1.0,1.0,-6.4193,1.0,1.0,0.0,1.0,1.0,1.0,-7.0179,1.0,70-75,50-55
ADANIPORTS.NS|2026-01-13|ensemble_lr0.20_rf0.30_xgb0.50,ADANIPORTS.NS,2026-01-13,ensemble_lr0.20_rf0.30_xgb0.50,2025-01-14,2026-01-13,2026-01-12,2025-02-07,2026-01-12,2026-01-13,228,2026-01-12,True,0,0.49275362318840576,0.5813708443971896,0.2,0.156816303730011,0.2546823207444434,0,74.53,0.4734490565279526,0,52.66,HOLD,0.4325,-0.1349,Sideways,-0.335,0.0,unavailable_no_point_in_time_source,True,1437.44,1422.6044921875,2026-01-14,1423.9986572265625,0.098,1,2026-01-19,1397.1119384765625,-1.792,0.0,2026-01-21,1372.8143310546875,-3.4999,0.0,2026-01-29,1411.849853515625,-0.756,0.0,0,0,0,0,0,1,-0.9351,1,1.0,1.0,1.0,1.0,1.0,-2.8055,1.0,1.0,1.0,1.0,1.0,0.0,-4.4959,0.0,1.0,1.0,1.0,1.0,1.0,-1.7803,1.0,70-75,50-55
AETHER.NS|2026-01-13|ensemble_lr0.20_rf0.30_xgb0.50,AETHER.NS,2026-01-13,ensemble_lr0.20_rf0.30_xgb0.50,2025-01-14,2026-01-13,2026-01-12,2025-02-07,2026-01-12,2026-01-13,228,2026-01-12,True,0,0.5362318840579711,0.3712608540622129,0.88,0.7410715818405151,0.7087879617327002,1,70.88,0.5746761061314634,1,57.47,STRONG BUY,0.7233,0.4466,High Volatility,1.0,0.0,unavailable_no_point_in_time_source,False,984.4,989.4500122070312,2026-01-14,996.0999755859375,0.6721,1,2026-01-19,979.9500122070312,-0.9601,0.0,2026-01-21,962.8499755859375,-2.6884,0.0,2026-01-29,977.0,-1.2583,0.0,1,1,1,0,1,1,1.1885,1,0.0,0.0,1.0,0.0,0.0,-0.4521,0.0,0.0,0.0,1.0,0.0,0.0,-2.1892,0.0,0.0,0.0,1.0,0.0,0.0,-0.7517,0.0,70-75,55-60
AIAENG.NS|2026-01-13|ensemble_lr0.20_rf0.30_xgb0.50,AIAENG.NS,2026-01-13,ensemble_lr0.20_rf0.30_xgb0.50,2025-01-14,2026-01-13,2026-01-12,2025-02-07,2026-01-12,2026-01-13,228,2026-01-12,True,0,0.45652173913043476,0.37673990027130294,0.14,0.13310591876506805,0.1839009394367946,0,81.61,0.7403229674974277,1,74.03,HOLD,0.5004,0.0009,High Volatility,0.5,0.0,unavailable_no_point_in_time_source,False,3971.87,3890.4755859375,2026-01-14,3920.662109375,0.7759,1,2026-01-19,3851.42236328125,-1.0038,0.0,2026-01-21,3707.364013671875,-4.7067,0.0,2026-01-29,3984.92041015625,2.4276,1.0,0,0,1,0,0,1,-1.2893,1,1.0,0.0,1.0,1.0,1.0,-3.0325,0.0,1.0,0.0,1.0,1.0,0.0,-6.6595,0.0,0.0,1.0,0.0,0.0,1.0,0.3286,1.0,80-85,70-75
AJANTPHARM.NS|2026-01-13|ensemble_lr0.20_rf0.30_xgb0.50,AJANTPHARM.NS,2026-01-13,ensemble_lr0.20_rf0.30_xgb0.50,2025-01-14,2026-01-13,2026-01-12,2025-02-07,2026-01-12,2026-01-13,228,2026-01-12,True,0,0.5217391304347826,0.26588612808949863,0.84,0.46618330478668213,0.5382688780112408,1,53.83,0.3726230053169642,0,62.74,HOLD,0.5522,0.1044,High Volatility,0.165,0.0,unavailable_no_point_in_time_source,False,2704.72,2705.8125,2026-01-14,2681.83203125,-0.8863,0,2026-01-19,2661.220947265625,-1.648,0.0,2026-01-21,2688.471435546875,-0.6409,0.0,2026-01-29,2670.436279296875,-1.3074,0.0,1,0,1,1,0,1,-0.8462,1,0.0,1.0,1.0,0.0,1.0,-1.6083,1.0,0.0,1.0,1.0,0.0,1.0,-0.6007,1.0,0.0,1.0,1.0,0.0,1.0,-1.2676,1.0,50-55,60-65
ALEMBICLTD.NS|2026-01-13|ensemble_lr0.20_rf0.30_xgb0.50,ALEMBICLTD.NS,2026-01-13,ensemble_lr0.20_rf0.30_xgb0.50,2025-01-14,2026-01-13,2026-01-12,2025-02-07,2026-01-12,2026-01-13,228,2026-01-12,True,0,0.572463768115942,0.7996871634820323,0.86,0.8031923770904541,0.8195336212416335,1,81.95,0.809157318293929,1,80.92,HOLD,0.5198,0.0396,Sideways,-0.335,0.0,unavailable_no_point_in_time_source,False,95.3,95.87248992919922,2026-01-14,94.98632049560547,-0.9243,0,2026-01-19,92.66863250732422,-3.3418,0.0,2026-01-21,88.77335357666016,-7.4048,0.0,2026-01-29,90.62360382080078,-5.4749,0.0,1,0,0,1,0,1,-0.3291,1,0.0,0.0,1.0,0.0,0.0,-2.7611,1.0,0.0,0.0,1.0,0.0,0.0,-6.8485,0.0,0.0,0.0,1.0,0.0,0.0,-4.907,0.0,80-85,80-85
ALKEM.NS|2026-01-13|ensemble_lr0.20_rf0.30_xgb0.50,ALKEM.NS,2026-01-13,ensemble_lr0.20_rf0.30_xgb0.50,2025-01-14,2026-01-13,2026-01-12,2025-02-07,2026-01-12,2026-01-13,228,2026-01-12,True,1,0.5507246376811594,0.3252683233246702,0.12,0.22612255811691284,0.21411494372339046,0,78.59,0.3045126826989516,0,69.55,HOLD,0.5487,0.0975,Sideways,0.5,0.0,unavailable_no_point_in_time_source,False,5809.68,5806.21826171875,2026-01-14,5773.5400390625,-0.5628,0,2026-01-19,5691.84619140625,-1.9698,0.0,2026-01-21,5601.240234375,-3.5303,0.0,2026-01-29,5657.18798828125,-2.5667,0.0,0,1,1,0,1,1,-0.6221,1,1.0,1.0,0.0,1.0,1.0,-2.0282,1.0,1.0,1.0,0.0,1.0,0.0,-3.5878,0.0,1.0,1.0,0.0,1.0,1.0,-2.6248,1.0,75-80,65-70
AMBER.NS|2026-01-13|ensemble_lr0.20_rf0.30_xgb0.50,AMBER.NS,2026-01-13,ensemble_lr0.20_rf0.30_xgb0.50,2025-01-14,2026-01-13,2026-01-12,2025-02-07,2026-01-12,2026-01-13,228,2026-01-12,True,1,0.4057971014492754,0.4943569187902756,0.92,0.7167725563049316,0.733257661910521,1,73.33,0.5457245965858997,1,54.57,HOLD,0.4643,-0.0714,High Volatility,-0.665,0.0,unavailable_no_point_in_time_source,False,6118.5,6145.5,2026-01-14,6113.5,-0.5207,0,2026-01-19,6080.5,-1.0577,0.0,2026-01-21,5784.0,-5.8824,0.0,2026-01-29,5547.0,-9.7388,0.0,1,0,0,0,0,1,-0.0817,1,0.0,0.0,0.0,0.0,1.0,-0.6211,1.0,0.0,0.0,0.0,0.0,0.0,-5.467,0.0,0.0,0.0,0.0,0.0,0.0,-9.3405,0.0,70-75,50-55
ANGELONE.NS|2026-01-13|ensemble_lr0.20_rf0.30_xgb0.50,ANGELONE.NS,2026-01-13,ensemble_lr0.20_rf0.30_xgb0.50,2025-01-14,2026-01-13,2026-01-12,2025-02-07,2026-01-12,2026-01-13,228,2026-01-12,True,1,0.45652173913043476,0.5182806402812549,0.98,0.7667346000671387,0.7810234280898203,1,78.1,0.540082629027772,1,54.01,HOLD,0.4746,-0.0508,High Volatility,-0.67,0.0,unavailable_no_point_in_time_source,True,232.36,239.31040954589844,2026-01-14,247.75733947753906,3.5297,1,2026-01-19,264.4059753417969,10.4866,1.0,2026-01-21,250.5816192626953,4.7099,1.0,2026-01-29,256.17340087890625,7.0465,1.0,1,1,1,1,1,0,6.6265,0,1.0,1.0,1.0,1.0,0.0,13.7915,0.0,1.0,1.0,1.0,1.0,0.0,7.842,0.0,1.0,1.0,1.0,1.0,0.0,10.2485,0.0,75-80,50-55
APARINDS.NS|2026-01-13|ensemble_lr0.20_rf0.30_xgb0.50,APARINDS.NS,2026-01-13,ensemble_lr0.20_rf0.30_xgb0.50,2025-01-14,2026-01-13,2026-01-12,2025-02-07,2026-01-12,2026-01-13,228,2026-01-12,True,0,0.49999999999999994,0.3073412967522042,0.08,0.28102627396583557,0.22598139633335862,0,77.4,0.4562397458588069,0,54.38,SELL,0.3167,-0.3667,Bearish,-0.5,0.0,unavailable_no_point_in_time_source,False,7851.74,7625.02734375,2026-01-14,7452.12744140625,-2.2675,0,2026-01-19,7232.390625,-5.1493,0.0,2026-01-21,6941.89892578125,-8.959,0.0,2026-01-29,7668.376953125,0.5685,1.0,0,1,1,1,1,1,-5.0895,1,1.0,1.0,1.0,1.0,1.0,-7.8881,1.0,1.0,1.0,1.0,1.0,1.0,-11.5878,1.0,0.0,0.0,0.0,0.0,0.0,-2.3353,1.0,75-80,50-55
APOLLOHOSP.NS|2026-01-13|ensemble_lr0.20_rf0.30_xgb0.50,APOLLOHOSP.NS,2026-01-13,ensemble_lr0.20_rf0.30_xgb0.50,2025-01-14,2026-01-13,2026-01-12,2025-02-07,2026-01-12,2026-01-13,228,2026-01-12,True,0,0.5217391304347826,0.594219302603158,0.9,0.7192283868789673,0.7484580539601153,1,74.85,0.4874401980701497,0,51.26,HOLD,0.5749,0.1499,Sideways,0.0,0.0,unavailable_no_point_in_time_source,False,7250.42,7293.31591796875,2026-01-14,7254.4130859375,-0.5334,0,2026-01-19,7115.259765625,-2.4414,0.0,2026-01-21,6809.52197265625,-6.6334,0.0,2026-01-29,6784.08544921875,-6.9822,0.0,1,0,1,1,0,1,0.0551,1,0.0,1.0,1.0,0.0,1.0,-1.8642,1.0,0.0,1.0,1.0,0.0,0.0,-6.081,0.0,0.0,1.0,1.0,0.0,0.0,-6.4318,0.0,70-75,50-55
APOLLOTYRE.NS|2026-01-13|ensemble_lr0.20_rf0.30_xgb0.50,APOLLOTYRE.NS,2026-01-13,ensemble_lr0.20_rf0.30_xgb0.50,2025-01-14,2026-01-13,2026-01-12,2025-02-07,2026-01-12,2026-01-13,228,2026-01-12,True,0,0.48550724637681153,0.44001022852633526,0.84,0.7354757189750671,0.7077399051928006,1,70.77,0.5482785650125175,1,54.83,BUY,0.6059,0.2118,Sideways,0.165,0.0,unavailable_no_point_in_time_source,True,497.37,513.9601440429688,2026-01-14,521.3165283203125,1.4313,1,2026-01-19,503.641357421875,-2.0077,0.0,2026-01-21,495.6925354003906,-3.5543,0.0,2026-01-29,485.5713195800781,-5.5235,0.0,1,1,1,0,1,1,4.8146,1,0.0,0.0,1.0,0.0,0.0,1.2609,1.0,0.0,0.0,1.0,0.0,0.0,-0.3373,0.0,0.0,0.0,1.0,0.0,0.0,-2.3722,0.0,70-75,50-55
ASHOKLEY.NS|2026-01-13|ensemble_lr0.20_rf0.30_xgb0.50,ASHOKLEY.NS,2026-01-13,ensemble_lr0.20_rf0.30_xgb0.50,2025-01-14,2026-01-13,2026-01-12,2025-02-07,2026-01-12,2026-01-13,228,2026-01-12,True,1,0.5144927536231885,0.7488618350683143,0.06,0.13464634120464325,0.23509553761598448,0,76.49,0.30922837442994006,0,69.08,HOLD,0.5771,0.1542,Bullish,0.665,0.0,unavailable_no_point_in_time_source,True,183.87,182.5852813720703,2026-01-14,183.7553253173828,0.6408,1,2026-01-19,184.8270263671875,1.2278,1.0,2026-01-21,178.20008850097656,-2.4017,0.0,2026-01-29,190.8050537109375,4.5019,1.0,0,0,0,1,0,1,-0.0624,1,0.0,0.0,1.0,0.0,1.0,0.5205,1.0,1.0,1.0,0.0,1.0,1.0,-3.0837,0.0,0.0,0.0,1.0,0.0,0.0,3.7717,0.0,75-80,65-70
ASIANPAINT.NS|2026-01-13|ensemble_lr0.20_rf0.30_xgb0.50,ASIANPAINT.NS,2026-01-13,ensemble_lr0.20_rf0.30_xgb0.50,2025-01-14,2026-01-13,2026-01-12,2025-02-07,2026-01-12,2026-01-13,228,2026-01-12,True,1,0.5289855072463768,0.6138018274204396,0.16,0.2443438023328781,0.29293226665052696,0,70.71,0.5175542699944684,1,51.76,BUY,0.589,0.178,Sideways,1.0,0.0,unavailable_no_point_in_time_source,True,2871.49,2861.473876953125,2026-01-14,2789.696533203125,-2.5084,0,2026-01-19,2730.311767578125,-4.5837,0.0,2026-01-21,2638.2109375,-7.8024,0.0,2026-01-29,2395.218994140625,-16.2942,0.0,0,1,0,0,1,0,-2.8485,0,1.0,0.0,0.0,1.0,0.0,-4.9165,0.0,1.0,0.0,0.0,1.0,0.0,-8.124,0.0,1.0,0.0,0.0,1.0,0.0,-16.5862,0.0,70-75,50-55
ASTRAL.NS|2026-01-13|ensemble_lr0.20_rf0.30_xgb0.50,ASTRAL.NS,2026-01-13,ensemble_lr0.20_rf0.30_xgb0.50,2025-01-14,2026-01-13,2026-01-12,2025-02-07,2026-01-12,2026-01-13,228,2026-01-12,True,0,0.5579710144927535,0.10977775248102531,0.14,0.12667986750602722,0.12729548424921866,0,87.27,0.182296666311561,0,81.77,HOLD,0.4756,-0.0488,Sideways,0.165,0.0,unavailable_no_point_in_time_source,False,1436.44,1436.2410888671875,2026-01-14,1460.30322265625,1.6754,1,2026-01-19,1436.740234375,0.0348,1.0,2026-01-21,1345.68359375,-6.3052,0.0,2026-01-29,1458.506103515625,1.5502,1.0,0,0,0,0,0,1,1.6613,1,0.0,0.0,0.0,0.0,1.0,0.0209,1.0,1.0,1.0,1.0,1.0,0.0,-6.3181,0.0,0.0,0.0,0.0,0.0,1.0,1.5362,1.0,85-90,80-85
AUBANK.NS|2026-01-13|ensemble_lr0.20_rf0.30_xgb0.50,AUBANK.NS,2026-01-13,ensemble_lr0.20_rf0.30_xgb0.50,2025-01-14,2026-01-13,2026-01-12,2025-02-07,2026-01-12,2026-01-13,228,2026-01-12,True,1,0.5579710144927537,0.5047924223781457,0.16,0.17350347340106964,0.23571022117616397,0,76.43,0.17713191717756713,0,82.29,HOLD,0.5696,0.1392,Bullish,0.665,0.0,unavailable_no_point_in_time_source,True,1006.82,971.0070190429688,2026-01-14,975.4027099609375,0.4527,1,2026-01-19,1019.95947265625,5.0414,1.0,2026-01-21,993.934814453125,2.3612,1.0,2026-01-29,986.9415893554688,1.641,1.0,0,0,0,1,0,1,-3.1204,0,0.0,0.0,1.0,0.0,0.0,1.305,1.0,0.0,0.0,1.0,0.0,1.0,-1.2798,1.0,0.0,0.0,1.0,0.0,1.0,-1.9744,1.0,75-80,80-85
AXISBANK.NS|2026-01-13|ensemble_lr0.20_rf0.30_xgb0.50,AXISBANK.NS,2026-01-13,ensemble_lr0.20_rf0.30_xgb0.50,2025-01-14,2026-01-13,2026-01-12,2025-02-07,2026-01-12,2026-01-13,228,2026-01-12,True,0,0.4057971014492754,0.2999991401410515,0.18,0.23706023395061493,0.23252994500351776,0,76.75,0.7124071524189212,1,71.24,BUY,0.6168,0.2335,Bullish,0.835,0.0,unavailable_no_point_in_time_source,False,1273.22,1261.0274658203125,2026-01-14,1297.7991943359375,2.916,1,2026-01-19,1306.492431640625,3.6054,1.0,2026-01-21,1283.9097900390625,1.8146,1.0,2026-01-29,1362.6490478515625,8.0586,1.0,0,0,1,0,0,1,1.9305,1,0.0,1.0,0.0,0.0,1.0,2.6133,1.0,0.0,1.0,0.0,0.0,1.0,0.8396,1.0,0.0,1.0,0.0,0.0,1.0,7.0238,1.0,75-80,70-75
BAJAJ-AUTO.NS|2026-01-13|ensemble_lr0.20_rf0.30_xgb0.50,BAJAJ-AUTO.NS,2026-01-13,ensemble_lr0.20_rf0.30_xgb0.50,2025-01-14,2026-01-13,2026-01-12,2025-02-07,2026-01-12,2026-01-13,228,2026-01-12,True,1,0.5144927536231884,0.4167178407123791,0.8,0.7060803771018982,0.676383756693425,1,67.64,0.35435270891198156,0,64.56,STRONG BUY,0.72,0.4401,Bullish,0.835,0.0,unavailable_no_point_in_time_source,False,9359.28,9421.41015625,2026-01-14,9446.5556640625,0.2669,1,2026-01-19,9298.6376953125,-1.3031,0.0,2026-01-21,9051.6142578125,-3.9251,0.0,2026-01-29,9379.9921875,-0.4396,0.0,1,1,0,1,1,1,0.9325,1,0.0,1.0,0.0,0.0,0.0,-0.6479,0.0,0.0,1.0,0.0,0.0,0.0,-3.2873,0.0,0.0,1.0,0.0,0.0,0.0,0.2213,1.0,65-70,60-65
BAJAJFINSV.NS|2026-01-13|ensemble_lr0.20_rf0.30_xgb0.50,BAJAJFINSV.NS,2026-01-13,ensemble_lr0.20_rf0.30_xgb0.50,2025-01-14,2026-01-13,2026-01-12,2025-02-07,2026-01-12,2026-01-13,228,2026-01-12,True,0,0.572463768115942,0.6214685486106951,0.88,0.8510541915893555,0.8138208055168168,1,81.38,0.7296071649194231,1,72.96,HOLD,0.5121,0.0242,Sideways,-0.335,0.0,unavailable_no_point_in_time_source,True,1997.2,2009.4852294921875,2026-01-14,1999.194091796875,-0.5121,0,2026-01-19,2016.0797119140625,0.3282,1.0,2026-01-21,1958.22900390625,-2.5507,0.0,2026-01-29,1946.4390869140625,-3.1374,0.0,1,0,0,1,0,1,0.0998,1,1.0,1.0,0.0,1.0,1.0,0.9453,1.0,0.0,0.0,1.0,0.0,1.0,-1.9513,1.0,0.0,0.0,1.0,0.0,0.0,-2.5416,1.0,80-85,70-75
BAJFINANCE.NS|2026-01-13|ensemble_lr0.20_rf0.30_xgb0.50,BAJFINANCE.NS,2026-01-13,ensemble_lr0.20_rf0.30_xgb0.50,2025-01-14,2026-01-13,2026-01-12,2025-02-07,2026-01-12,2026-01-13,228,2026-01-12,True,1,0.4275362318840579,0.5667087412989568,0.14,0.41468268632888794,0.3626830914242353,0,63.73,0.5089432561396119,1,50.89,SELL,0.3789,-0.2421,Sideways,-0.5,0.0,unavailable_no_point_in_time_source,True,946.08,943.2019653320312,2026-01-14,940.1705932617188,-0.3214,0,2026-01-19,963.5269775390625,2.1549,1.0,2026-01-21,930.5298461914062,-1.3435,0.0,2026-01-29,929.4365844726562,-1.4594,0.0,0,1,0,0,1,1,-0.6246,1,0.0,1.0,1.0,0.0,0.0,1.8441,0.0,1.0,0.0,0.0,1.0,1.0,-1.6436,1.0,1.0,0.0,0.0,1.0,1.0,-1.7592,1.0,60-65,50-55
BEL.NS|2026-01-13|ensemble_lr0.20_rf0.30_xgb0.50,BEL.NS,2026-01-13,ensemble_lr0.20_rf0.30_xgb0.50,2025-01-14,2026-01-13,2026-01-12,2025-02-07,2026-01-12,2026-01-13,228,2026-01-12,True,0,0.572463768115942,0.30214969942627057,0.12,0.13949386775493622,0.16617687376272222,0,83.38,0.2735854937640215,0,72.64,HOLD,0.5597,0.1194,Bullish,0.335,0.0,unavailable_no_point_in_time_source,True,415.37,411.3878173828125,2026-01-14,415.2660217285156,0.9427,1,2026-01-19,410.4927978515625,-0.2176,0.0,2026-01-21,400.3995361328125,-2.671,0.0,2026-01-29,442.0156555175781,7.445,1.0,0,0,0,0,0,1,-0.025,1,1.0,1.0,1.0,1.0,1.0,-1.1742,1.0,1.0,1.0,1.0,1.0,1.0,-3.6041,0.0,0.0,0.0,0.0,0.0,0.0,6.4149,0.0,80-85,70-75
BPCL.NS|2026-01-13|ensemble_lr0.20_rf0.30_xgb0.50,BPCL.NS,2026-01-13,ensemble_lr0.20_rf0.30_xgb0.50,2025-01-14,2026-01-13,2026-01-12,2025-02-07,2026-01-12,2026-01-13,228,2026-01-12,True,0,0.45652173913043476,0.6338899358973,0.08,0.192121222615242,0.246838598487081,0,75.32,0.5370223188833702,1,53.7,HOLD,0.4825,-0.035,Sideways,0.335,0.0,unavailable_no_point_in_time_source,True,348.91,345.35791015625,2026-01-14,347.1084899902344,0.5069,1,2026-01-19,351.33917236328125,1.7319,1.0,2026-01-21,342.2943115234375,-0.8871,0.0,2026-01-29,356.8828125,3.3371,1.0,0,0,1,0,0,1,-0.5163,1,0.0,1.0,0.0,0.0,1.0,0.6962,1.0,1.0,0.0,1.0,1.0,1.0,-1.8961,1.0,0.0,1.0,0.0,0.0,0.0,2.2851,1.0,75-80,50-55
AARTIIND.NS|2026-01-21|ensemble_lr0.20_rf0.30_xgb0.50,AARTIIND.NS,2026-01-21,ensemble_lr0.20_rf0.30_xgb0.50,2025-01-22,2026-01-21,2026-01-19,2025-02-17,2026-01-20,2026-01-21,227,2026-01-20,True,0,0.4202898550724638,0.286504714213202,0.12,0.12841404974460602,0.1575079677149434,0,84.25,0.3086145649351276,0,69.14,SELL,0.3169,-0.3662,Bearish,-0.665,0.0,unavailable_no_point_in_time_source,False,345.06,339.3254699707031,2026-01-22,345.7626647949219,1.8971,1,2026-01-27,349.455322265625,2.9853,1.0,2026-01-29,354.2458190917969,4.3971,1.0,2026-02-05,452.7001037597656,33.4118,1.0,0,0,0,0,0,0,0.2036,0,0.0,0.0,0.0,0.0,0.0,1.2738,0.0,0.0,0.0,0.0,0.0,0.0,2.6621,0.0,0.0,0.0,0.0,0.0,0.0,31.1946,0.0,80-85,65-70
AAVAS.NS|2026-01-21|ensemble_lr0.20_rf0.30_xgb0.50,AAVAS.NS,2026-01-21,ensemble_lr0.20_rf0.30_xgb0.50,2025-01-22,2026-01-21,2026-01-19,2025-02-17,2026-01-20,2026-01-21,227,2026-01-20,True,0,0.4275362318840579,0.3032123853163254,0.8,0.7914984822273254,0.6963917181769278,1,69.64,0.49565800410874894,0,50.43,HOLD,0.4494,-0.1013,Sideways,-1.0,0.0,unavailable_no_point_in_time_source,False,1384.7,1388.0999755859375,2026-01-22,1462.800048828125,5.3815,1,2026-01-27,1485.5999755859375,7.024,1.0,2026-01-29,1463.199951171875,5.4103,1.0,2026-02-05,1379.5,-0.6196,0.0,1,1,0,0,1,0,5.6402,0,1.0,0.0,0.0,1.0,0.0,7.2868,0.0,1.0,0.0,0.0,1.0,0.0,5.6691,0.0,0.0,1.0,1.0,0.0,1.0,-0.3755,1.0,65-70,50-55
ABCAPITAL.NS|2026-01-21|ensemble_lr0.20_rf0.30_xgb0.50,ABCAPITAL.NS,2026-01-21,ensemble_lr0.20_rf0.30_xgb0.50,2025-01-22,2026-01-21,2026-01-19,2025-02-17,2026-01-20,2026-01-21,227,2026-01-20,True,1,0.5362318840579711,0.4301476008213287,0.28,0.24142849445343018,0.29074376739098085,0,70.93,0.7178173584872283,1,71.78,HOLD,0.4813,-0.0374,Sideways,0.165,0.0,unavailable_no_point_in_time_source,True,355.35,346.25,2026-01-22,354.5,2.3827,1,2026-01-27,348.8999938964844,0.7653,1.0,2026-01-29,344.29998779296875,-0.5632,0.0,2026-02-05,344.6499938964844,-0.4621,0.0,0,0,1,1,0,1,-0.2392,1,0.0,1.0,1.0,0.0,1.0,-1.8151,1.0,1.0,0.0,0.0,1.0,1.0,-3.1096,0.0,1.0,0.0,0.0,1.0,1.0,-3.0111,0.0,70-75,70-75
ABFRL.NS|2026-01-21|ensemble_lr0.20_rf0.30_xgb0.50,ABFRL.NS,2026-01-21,ensemble_lr0.20_rf0.30_xgb0.50,2025-01-22,2026-01-21,2026-01-19,2025-02-17,2026-01-20,2026-01-21,227,2026-01-20,True,0,0.47826086956521735,0.33669091733911277,0.28,0.19499607384204865,0.2488362203888469,0,75.12,0.3609593579319319,0,63.9,SELL,0.3551,-0.2898,High Volatility,-0.665,0.0,unavailable_no_point_in_time_source,True,67.85,64.72000122070312,2026-01-22,63.689998626708984,-1.5915,0,2026-01-27,61.869998931884766,-4.4036,0.0,2026-01-29,64.31999969482422,-0.618,0.0,2026-02-05,70.88999938964844,9.5334,1.0,0,1,1,1,1,1,-6.1312,1,1.0,1.0,1.0,1.0,1.0,-8.8136,1.0,1.0,1.0,1.0,1.0,1.0,-5.2027,1.0,0.0,0.0,0.0,0.0,0.0,4.4805,0.0,75-80,60-65
ACC.NS|2026-01-21|ensemble_lr0.20_rf0.30_xgb0.50,ACC.NS,2026-01-21,ensemble_lr0.20_rf0.30_xgb0.50,2025-01-22,2026-01-21,2026-01-19,2025-02-17,2026-01-20,2026-01-21,227,2026-01-20,True,0,0.5217391304347826,0.6017963417720809,0.88,0.8425872921943665,0.8056529144515994,1,80.57,0.6954074124701902,1,69.54,HOLD,0.5219,0.0439,Sideways,-0.5,0.0,unavailable_no_point_in_time_source,False,1687.04,1706.823974609375,2026-01-22,1718.2578125,0.6699,1,2026-01-27,1678.1898193359375,-1.6776,0.0,2026-01-29,1668.8438720703125,-2.2252,0.0,2026-02-05,1666.5570068359375,-2.3592,0.0,1,1,1,0,1,1,1.8504,1,0.0,0.0,1.0,0.0,1.0,-0.5246,1.0,0.0,0.0,1.0,0.0,1.0,-1.0786,1.0,0.0,0.0,1.0,0.0,1.0,-1.2141,1.0,80-85,65-70
ADANIENT.NS|2026-01-21|ensemble_lr0.20_rf0.30_xgb0.50,ADANIENT.NS,2026-01-21,ensemble_lr0.20_rf0.30_xgb0.50,2025-01-22,2026-01-21,2026-01-19,2025-02-17,2026-01-20,2026-01-21,227,2026-01-20,True,0,0.4202898550724638,0.6893850721740596,0.28,0.3394077718257904,0.39158090034770715,0,60.84,0.5697018922629203,1,56.97,SELL,0.315,-0.3701,Bearish,-1.0,0.0,unavailable_no_point_in_time_source,True,2054.18,2031.291748046875,2026-01-22,2085.467529296875,2.6671,1,2026-01-27,1958.624267578125,-3.5774,0.0,2026-01-29,2018.2974853515625,-0.6397,0.0,2026-02-05,2235.6005859375,10.0581,1.0,0,0,1,0,0,0,1.5231,0,1.0,0.0,1.0,1.0,1.0,-4.6518,1.0,1.0,0.0,1.0,1.0,1.0,-1.7468,1.0,0.0,1.0,0.0,0.0,0.0,8.8318,0.0,60-65,55-60
ADANIPORTS.NS|2026-01-21|ensemble_lr0.20_rf0.30_xgb0.50,ADANIPORTS.NS,2026-01-21,ensemble_lr0.20_rf0.30_xgb0.50,2025-01-22,2026-01-21,2026-01-19,2025-02-17,2026-01-20,2026-01-21,227,2026-01-20,True,0,0.5579710144927535,0.5500509602267479,0.82,0.8426865339279175,0.7773534590093083,1,77.74,0.5446383952186536,1,54.46,HOLD,0.471,-0.0581,Bearish,-0.5,0.0,unavailable_no_point_in_time_source,True,1361.86,1372.8143310546875,2026-01-22,1408.264892578125,2.5823,1,2026-01-27,1358.176025390625,-1.0663,0.0,2026-01-29,1411.849853515625,2.8435,1.0,2026-02-05,1563.6102294921875,13.8982,1.0,1,1,1,0,1,1,3.4075,0,0.0,0.0,1.0,0.0,1.0,-0.2705,1.0,1.0,1.0,0.0,1.0,1.0,3.6707,0.0,1.0,1.0,0.0,1.0,0.0,14.8143,0.0,75-80,50-55
AETHER.NS|2026-01-21|ensemble_lr0.20_rf0.30_xgb0.50,AETHER.NS,2026-01-21,ensemble_lr0.20_rf0.30_xgb0.50,2025-01-22,2026-01-21,2026-01-19,2025-02-17,2026-01-20,2026-01-21,227,2026-01-20,True,0,0.5144927536231884,0.1519787017753288,0.04,0.12081508338451385,0.10280328204732268,0,89.72,0.15422032005698855,0,84.58,HOLD,0.5355,0.0709,High Volatility,0.665,0.0,unavailable_no_point_in_time_source,False,966.45,962.8499755859375,2026-01-22,979.3499755859375,1.7137,1,2026-01-27,992.5,3.0794,1.0,2026-01-29,977.0,1.4696,1.0,2026-02-05,1022.0,6.1432,1.0,0,0,0,0,0,1,1.3348,1,0.0,0.0,0.0,0.0,0.0,2.6954,1.0,0.0,0.0,0.0,0.0,1.0,1.0916,1.0,0.0,0.0,0.0,0.0,0.0,5.7478,0.0,85-90,80-85
AIAENG.NS|2026-01-21|ensemble_lr0.20_rf0.30_xgb0.50,AIAENG.NS,2026-01-21,ensemble_lr0.20_rf0.30_xgb0.50,2025-01-22,2026-01-21,2026-01-19,2025-02-17,2026-01-20,2026-01-21,227,2026-01-20,True,0,0.45652173913043476,0.35329837678953235,0.3,0.2777746021747589,0.29954697644528594,0,70.05,0.5781502838426493,1,57.82,HOLD,0.4917,-0.0165,High Volatility,0.5,0.0,unavailable_no_point_in_time_source,False,3726.59,3707.364013671875,2026-01-22,3744.125732421875,0.9916,1,2026-01-27,3827.711669921875,3.2462,1.0,2026-01-29,3984.92041015625,7.4866,1.0,2026-02-05,3952.143798828125,6.6025,1.0,0,0,1,0,0,1,0.4706,1,0.0,1.0,0.0,0.0,0.0,2.7135,1.0,0.0,1.0,0.0,0.0,0.0,6.9321,0.0,0.0,1.0,0.0,0.0,0.0,6.0526,0.0,70-75,55-60
AJANTPHARM.NS|2026-01-21|ensemble_lr0.20_rf0.30_xgb0.50,AJANTPHARM.NS,2026-01-21,ensemble_lr0.20_rf0.30_xgb0.50,2025-01-22,2026-01-21,2026-01-19,2025-02-17,2026-01-20,2026-01-21,227,2026-01-20,True,0,0.49275362318840576,0.5832710628194477,0.72,0.7217387557029724,0.6935235904153758,1,69.35,0.3362905671547506,0,66.37,HOLD,0.5679,0.1358,Sideways,0.165,0.0,unavailable_no_point_in_time_source,False,2659.83,2688.471435546875,2026-01-22,2692.930419921875,0.1659,1,2026-01-27,2673.8056640625,-0.5455,0.0,2026-01-29,2670.436279296875,-0.6708,0.0,2026-02-05,2791.725341796875,3.8406,1.0,1,1,0,0,1,1,1.2445,1,0.0,1.0,1.0,0.0,1.0,0.5254,1.0,0.0,1.0,1.0,0.0,1.0,0.3988,1.0,1.0,0.0,0.0,1.0,0.0,4.9588,0.0,65-70,65-70
ALEMBICLTD.NS|2026-01-21|ensemble_lr0.20_rf0.30_xgb0.50,ALEMBICLTD.NS,2026-01-21,ensemble_lr0.20_rf0.30_xgb0.50,2025-01-22,2026-01-21,2026-01-19,2025-02-17,2026-01-20,2026-01-21,227,2026-01-20,True,0,0.5144927536231884,0.8124894155802769,0.22,0.3358529210090637,0.39642434362058726,0,60.36,0.4413626814090171,0,55.86,SELL,0.3775,-0.245,Sideways,-0.835,0.0,unavailable_no_point_in_time_source,False,89.37,88.77335357666016,2026-01-22,91.0910415649414,2.6108,1,2026-01-27,88.94863891601562,0.1975,1.0,2026-01-29,90.62360382080078,2.0842,1.0,2026-02-05,94.44098663330078,6.3844,1.0,0,0,0,0,0,0,1.9257,0,0.0,0.0,0.0,0.0,0.0,-0.4715,1.0,0.0,0.0,0.0,0.0,0.0,1.4027,0.0,0.0,0.0,0.0,0.0,0.0,5.6741,0.0,60-65,55-60
ALKEM.NS|2026-01-21|ensemble_lr0.20_rf0.30_xgb0.50,ALKEM.NS,2026-01-21,ensemble_lr0.20_rf0.30_xgb0.50,2025-01-22,2026-01-21,2026-01-19,2025-02-17,2026-01-20,2026-01-21,227,2026-01-20,True,1,0.5652173913043478,0.2838198204752762,0.16,0.12398692220449448,0.16675742519730247,0,83.32,0.4399694638343562,0,56.0,HOLD,0.5547,0.1094,Sideways,0.835,0.0,unavailable_no_point_in_time_source,False,5664.61,5601.240234375,2026-01-22,5702.24365234375,1.8032,1,2026-01-27,5697.78759765625,1.7237,1.0,2026-01-29,5657.18798828125,0.9988,1.0,2026-02-05,5607.181640625,0.1061,1.0,0,0,0,1,0,1,0.6644,1,0.0,0.0,1.0,0.0,1.0,0.5857,1.0,0.0,0.0,1.0,0.0,1.0,-0.131,1.0,0.0,0.0,1.0,0.0,1.0,-1.0138,1.0,80-85,55-60
AMBER.NS|2026-01-21|ensemble_lr0.20_rf0.30_xgb0.50,AMBER.NS,2026-01-21,ensemble_lr0.20_rf0.30_xgb0.50,2025-01-22,2026-01-21,2026-01-19,2025-02-17,2026-01-20,2026-01-21,227,2026-01-20,True,1,0.391304347826087,0.3976750002389141,0.14,0.11435314267873764,0.17871157138715166,0,82.13,0.38028463656451794,0,61.97,SELL,0.3124,-0.3752,Bearish,-0.665,0.0,unavailable_no_point_in_time_source,False,6033.0,5784.0,2026-01-22,5732.0,-0.899,0,2026-01-27,5510.0,-4.7372,0.0,2026-01-29,5547.0,-4.0975,0.0,2026-02-05,6399.5,10.6414,1.0,0,1,1,0,1,1,-4.9892,1,1.0,1.0,0.0,1.0,1.0,-8.669,1.0,1.0,1.0,0.0,1.0,1.0,-8.0557,1.0,0.0,0.0,1.0,0.0,0.0,6.0749,0.0,80-85,60-65
ANGELONE.NS|2026-01-21|ensemble_lr0.20_rf0.30_xgb0.50,ANGELONE.NS,2026-01-21,ensemble_lr0.20_rf0.30_xgb0.50,2025-01-22,2026-01-21,2026-01-19,2025-02-17,2026-01-20,2026-01-21,227,2026-01-20,True,1,0.47826086956521735,0.4617496472319089,0.28,0.2333856076002121,0.29304273324648783,0,70.7,0.38600595461964315,0,61.4,HOLD,0.4538,-0.0925,High Volatility,0.33,0.0,unavailable_no_point_in_time_source,True,258.59,250.5816192626953,2026-01-22,254.015869140625,1.3705,1,2026-01-27,251.6900634765625,0.4423,1.0,2026-01-29,256.17340087890625,2.2315,1.0,2026-02-05,261.77508544921875,4.467,1.0,0,0,0,1,0,1,-1.7689,1,0.0,0.0,1.0,0.0,1.0,-2.6683,1.0,0.0,0.0,1.0,0.0,1.0,-0.9345,1.0,0.0,0.0,1.0,0.0,0.0,1.2317,1.0,70-75,60-65
APARINDS.NS|2026-01-21|ensemble_lr0.20_rf0.30_xgb0.50,APARINDS.NS,2026-01-21,ensemble_lr0.20_rf0.30_xgb0.50,2025-01-22,2026-01-21,2026-01-19,2025-02-17,2026-01-20,2026-01-21,227,2026-01-20,True,0,0.391304347826087,0.4076109963807167,0.14,0.21933557093143463,0.23318998474186067,0,76.68,0.39176869623707994,0,60.82,SELL,0.3523,-0.2954,High Volatility,-0.665,0.0,unavailable_no_point_in_time_source,False,7010.66,6941.89892578125,2026-01-22,7189.5390625,3.5673,1,2026-01-27,7183.56005859375,3.4812,1.0,2026-01-29,7668.376953125,10.4651,1.0,2026-02-05,9502.0107421875,36.8791,1.0,0,0,0,0,0,0,2.5515,0,0.0,0.0,0.0,0.0,0.0,2.4662,0.0,0.0,0.0,0.0,0.0,0.0,9.3817,0.0,0.0,0.0,0.0,0.0,0.0,35.5366,0.0,75-80,60-65
APOLLOHOSP.NS|2026-01-21|ensemble_lr0.20_rf0.30_xgb0.50,APOLLOHOSP.NS,2026-01-21,ensemble_lr0.20_rf0.30_xgb0.50,2025-01-22,2026-01-21,2026-01-19,2025-02-17,2026-01-20,2026-01-21,227,2026-01-20,True,0,0.5652173913043478,0.41691700376848523,0.22,0.27851295471191406,0.2886398781096541,0,71.14,0.3786246273638087,0,62.14,SELL,0.3151,-0.3698,Bearish,-0.5,0.0,unavailable_no_point_in_time_source,False,6895.31,6809.52197265625,2026-01-22,6780.09521484375,-0.4321,0,2026-01-27,6776.60400390625,-0.4834,0.0,2026-01-29,6784.08544921875,-0.3735,0.0,2026-02-05,7104.287109375,4.3287,1.0,0,1,1,1,1,1,-1.6709,1,1.0,1.0,1.0,1.0,1.0,-1.7215,1.0,1.0,1.0,1.0,1.0,1.0,-1.613,1.0,0.0,0.0,0.0,0.0,0.0,3.0307,0.0,70-75,60-65
APOLLOTYRE.NS|2026-01-21|ensemble_lr0.20_rf0.30_xgb0.50,APOLLOTYRE.NS,2026-01-21,ensemble_lr0.20_rf0.30_xgb0.50,2025-01-22,2026-01-21,2026-01-19,2025-02-17,2026-01-20,2026-01-21,227,2026-01-20,True,0,0.391304347826087,0.40790106899175543,0.2,0.16623640060424805,0.2246984141004751,0,77.53,0.3200683765848564,0,67.99,HOLD,0.484,-0.032,Sideways,0.165,0.0,unavailable_no_point_in_time_source,True,500.23,495.6925354003906,2026-01-22,497.5193176269531,0.3685,1,2026-01-27,500.5803527832031,0.9861,1.0,2026-01-29,485.5713195800781,-2.0418,0.0,2026-02-05,501.4690246582031,1.1653,1.0,0,0,0,0,0,1,-0.5419,1,0.0,0.0,0.0,0.0,1.0,0.07,1.0,1.0,1.0,1.0,1.0,1.0,-2.9304,1.0,0.0,0.0,0.0,0.0,1.0,0.2477,1.0,75-80,65-70
ASHOKLEY.NS|2026-01-21|ensemble_lr0.20_rf0.30_xgb0.50,ASHOKLEY.NS,2026-01-21,ensemble_lr0.20_rf0.30_xgb0.50,2025-01-22,2026-01-21,2026-01-19,2025-02-17,2026-01-20,2026-01-21,227,2026-01-20,True,1,0.48550724637681153,0.8407626390558888,0.9,0.932569146156311,0.9044371008893333,1,90.44,0.840428747947342,1,84.04,BUY,0.6277,0.2553,Sideways,0.5,0.0,unavailable_no_point_in_time_source,True,177.76,178.20008850097656,2026-01-22,187.0884552001953,4.9879,1,2026-01-27,189.76283264160156,6.4886,1.0,2026-01-29,190.8050537109375,7.0735,1.0,2026-02-05,198.12026977539062,11.1785,1.0,1,1,1,1,1,1,5.2478,1,1.0,1.0,1.0,1.0,1.0,6.7523,1.0,1.0,1.0,1.0,1.0,1.0,7.3386,1.0,1.0,1.0,1.0,1.0,1.0,11.4538,1.0,90-95,80-85
ASIANPAINT.NS|2026-01-21|ensemble_lr0.20_rf0.30_xgb0.50,ASIANPAINT.NS,2026-01-21,ensemble_lr0.20_rf0.30_xgb0.50,2025-01-22,2026-01-21,2026-01-19,2025-02-17,2026-01-20,2026-01-21,227,2026-01-20,True,1,0.45652173913043476,0.24186882412454638,0.14,0.13984014093875885,0.1602938352942887,0,83.97,0.37108052813413916,0,62.89,HOLD,0.4671,-0.0658,Sideways,0.17,0.0,unavailable_no_point_in_time_source,True,2652.59,2638.2109375,2026-01-22,2680.543701171875,1.6046,1,2026-01-27,2600.240478515625,-1.4393,0.0,2026-01-29,2395.218994140625,-9.2105,0.0,2026-02-05,2411.1806640625,-8.6055,0.0,0,0,0,1,0,1,1.0538,1,1.0,1.0,0.0,1.0,1.0,-1.9735,1.0,1.0,1.0,0.0,1.0,0.0,-9.7026,0.0,1.0,1.0,0.0,1.0,0.0,-9.1009,0.0,80-85,60-65
ASTRAL.NS|2026-01-21|ensemble_lr0.20_rf0.30_xgb0.50,ASTRAL.NS,2026-01-21,ensemble_lr0.20_rf0.30_xgb0.50,2025-01-22,2026-01-21,2026-01-19,2025-02-17,2026-01-20,2026-01-21,227,2026-01-20,True,0,0.5362318840579711,0.22603454603593884,0.2,0.16382138431072235,0.18711760136254896,0,81.29,0.461539424044771,0,53.85,SELL,0.3554,-0.2892,Sideways,-0.165,0.0,unavailable_no_point_in_time_source,False,1389.91,1345.68359375,2026-01-22,1410.980712890625,4.8523,1,2026-01-27,1398.30078125,3.9101,1.0,2026-01-29,1458.506103515625,8.384,1.0,2026-02-05,1501.23876953125,11.5596,1.0,0,0,0,0,0,0,1.516,0,0.0,0.0,0.0,0.0,0.0,0.6037,0.0,0.0,0.0,0.0,0.0,0.0,4.9353,0.0,0.0,0.0,0.0,0.0,0.0,8.0098,0.0,80-85,50-55
AUBANK.NS|2026-01-21|ensemble_lr0.20_rf0.30_xgb0.50,AUBANK.NS,2026-01-21,ensemble_lr0.20_rf0.30_xgb0.50,2025-01-22,2026-01-21,2026-01-19,2025-02-17,2026-01-20,2026-01-21,227,2026-01-20,True,1,0.5217391304347826,0.4267730369236485,0.14,0.10271642357110977,0.1787128191702846,0,82.13,0.27913289572648714,0,72.09,HOLD,0.5553,0.1105,Bullish,0.5,0.0,unavailable_no_point_in_time_source,True,1000.28,993.934814453125,2026-01-22,999.5792846679688,0.5679,1,2026-01-27,962.6151733398438,-3.1511,0.0,2026-01-29,986.9415893554688,-0.7036,0.0,2026-02-05,985.0433959960938,-0.8946,0.0,0,0,0,1,0,1,-0.0701,1,1.0,1.0,0.0,1.0,0.0,-3.7654,0.0,1.0,1.0,0.0,1.0,1.0,-1.3335,1.0,1.0,1.0,0.0,1.0,1.0,-1.5232,1.0,80-85,70-75
AXISBANK.NS|2026-01-21|ensemble_lr0.20_rf0.30_xgb0.50,AXISBANK.NS,2026-01-21,ensemble_lr0.20_rf0.30_xgb0.50,2025-01-22,2026-01-21,2026-01-19,2025-02-17,2026-01-20,2026-01-21,227,2026-01-20,True,0,0.4202898550724638,0.29986044302403186,0.1,0.06358341872692108,0.12176379796826692,0,87.82,0.3344044817835175,0,66.56,BUY,0.6031,0.2063,Bullish,0.835,0.0,unavailable_no_point_in_time_source,False,1292.5,1283.9097900390625,2026-01-22,1293.80224609375,0.7705,1,2026-01-27,1314.7860107421875,2.4049,1.0,2026-01-29,1362.6490478515625,6.1328,1.0,2026-02-05,1329.5745849609375,3.5567,1.0,0,0,0,0,0,1,0.1008,1,0.0,0.0,0.0,0.0,1.0,1.7243,1.0,0.0,0.0,0.0,0.0,1.0,5.4274,1.0,0.0,0.0,0.0,0.0,1.0,2.8684,1.0,85-90,65-70
BAJAJ-AUTO.NS|2026-01-21|ensemble_lr0.20_rf0.30_xgb0.50,BAJAJ-AUTO.NS,2026-01-21,ensemble_lr0.20_rf0.30_xgb0.50,2025-01-22,2026-01-21,2026-01-19,2025-02-17,2026-01-20,2026-01-21,227,2026-01-20,True,1,0.5362318840579711,0.5222167301671828,0.18,0.22951705753803253,0.27320187480245284,0,72.68,0.3556958701891264,0,64.43,HOLD,0.4271,-0.1459,Bearish,0.5,0.0,unavailable_no_point_in_time_source,False,9052.6,9051.6142578125,2026-01-22,9239.962890625,2.0808,1,2026-01-27,9360.2705078125,3.41,1.0,2026-01-29,9379.9921875,3.6278,1.0,2026-02-05,9513.119140625,5.0986,1.0,0,0,0,1,0,1,2.0697,1,0.0,0.0,1.0,0.0,0.0,3.3987,0.0,0.0,0.0,1.0,0.0,0.0,3.6166,0.0,0.0,0.0,1.0,0.0,0.0,5.0871,0.0,70-75,60-65
BAJAJFINSV.NS|2026-01-21|ensemble_lr0.20_rf0.30_xgb0.50,BAJAJFINSV.NS,2026-01-21,ensemble_lr0.20_rf0.30_xgb0.50,2025-01-22,2026-01-21,2026-01-19,2025-02-17,2026-01-20,2026-01-21,227,2026-01-20,True,0,0.5434782608695653,0.7769862727970621,0.78,0.844925582408905,0.811860045763865,1,81.19,0.7587620197750458,1,75.88,HOLD,0.5195,0.0391,Sideways,-0.335,0.0,unavailable_no_point_in_time_source,True,1957.03,1958.22900390625,2026-01-22,1991.400634765625,1.694,1,2026-01-27,1916.06494140625,-2.1532,0.0,2026-01-29,1946.4390869140625,-0.6021,0.0,2026-02-05,1998.394775390625,2.0511,1.0,1,1,1,0,1,1,1.7563,1,0.0,0.0,1.0,0.0,1.0,-2.0932,1.0,0.0,0.0,1.0,0.0,1.0,-0.5412,1.0,1.0,1.0,0.0,1.0,1.0,2.1137,1.0,80-85,75-80
BAJFINANCE.NS|2026-01-21|ensemble_lr0.20_rf0.30_xgb0.50,BAJFINANCE.NS,2026-01-21,ensemble_lr0.20_rf0.30_xgb0.50,2025-01-22,2026-01-21,2026-01-19,2025-02-17,2026-01-20,2026-01-21,227,2026-01-20,True,1,0.4275362318840579,0.4550492294013629,0.76,0.8867227435112,0.7623712176358726,1,76.24,0.46651074762679917,0,53.35,HOLD,0.4554,-0.0891,Bearish,-0.5,0.0,unavailable_no_point_in_time_source,True,927.5,930.5298461914062,2026-01-22,937.0894775390625,0.7049,1,2026-01-27,909.1115112304688,-2.3017,0.0,2026-01-29,929.4365844726562,-0.1175,0.0,2026-02-05,958.855712890625,3.0441,1.0,1,1,0,1,1,1,1.0339,1,0.0,1.0,0.0,0.0,1.0,-1.9826,1.0,0.0,1.0,0.0,0.0,1.0,0.2088,1.0,1.0,0.0,1.0,1.0,0.0,3.3807,0.0,75-80,50-55
BEL.NS|2026-01-21|ensemble_lr0.20_rf0.30_xgb0.50,BEL.NS,2026-01-21,ensemble_lr0.20_rf0.30_xgb0.50,2025-01-22,2026-01-21,2026-01-19,2025-02-17,2026-01-20,2026-01-21,227,2026-01-20,True,0,0.49275362318840576,0.7168763491731993,0.22,0.2904770076274872,0.3546137736483834,0,64.54,0.6029459946302143,1,60.29,HOLD,0.511,0.0221,Sideways,0.165,0.0,unavailable_no_point_in_time_source,True,407.06,400.3995361328125,2026-01-22,414.9676513671875,3.6384,1,2026-01-27,413.6252136230469,3.3031,1.0,2026-01-29,442.0156555175781,10.3936,1.0,2026-02-05,430.48046875,7.5127,1.0,0,0,1,0,0,0,1.9426,1,0.0,1.0,0.0,0.0,0.0,1.6128,1.0,0.0,1.0,0.0,0.0,0.0,8.5873,0.0,0.0,1.0,0.0,0.0,0.0,5.7536,0.0,60-65,60-65
BPCL.NS|2026-01-21|ensemble_lr0.20_rf0.30_xgb0.50,BPCL.NS,2026-01-21,ensemble_lr0.20_rf0.30_xgb0.50,2025-01-22,2026-01-21,2026-01-19,2025-02-17,2026-01-20,2026-01-21,227,2026-01-20,True,0,0.5144927536231884,0.28419939312561115,0.18,0.26048973202705383,0.24108474463864915,0,75.89,0.4126663292435351,0,58.73,HOLD,0.4261,-0.1479,Sideways,-0.165,0.0,unavailable_no_point_in_time_source,True,345.46,342.2943115234375,2026-01-22,344.4339599609375,0.6251,1,2026-01-27,347.59478759765625,1.5485,1.0,2026-01-29,356.8828125,4.262,1.0,2026-02-05,382.04998779296875,11.6145,1.0,0,0,0,0,0,1,-0.297,1,0.0,0.0,0.0,0.0,1.0,0.618,1.0,0.0,0.0,0.0,0.0,0.0,3.3066,0.0,0.0,0.0,0.0,0.0,0.0,10.5917,0.0,75-80,55-60
AARTIIND.NS|2026-01-29|ensemble_lr0.20_rf0.30_xgb0.50,AARTIIND.NS,2026-01-29,ensemble_lr0.20_rf0.30_xgb0.50,2025-01-30,2026-01-29,2026-01-26,2025-02-25,2026-01-28,2026-01-29,226,2026-01-28,True,0,0.5072463768115942,0.3493322149225625,0.12,0.0957333967089653,0.15373314133899516,0,84.63,0.18042092894242584,0,81.96,SELL,0.289,-0.422,Bearish,-0.835,0.0,unavailable_no_point_in_time_source,False,354.89,354.2458190917969,2026-01-30,371.21209716796875,4.7894,1,2026-02-03,428.8475036621094,21.0593,1.0,2026-02-05,452.7001037597656,27.7926,1.0,2026-02-12,464.67626953125,31.1734,1.0,0,0,0,0,0,0,4.5992,0,0.0,0.0,0.0,0.0,0.0,20.8396,0.0,0.0,0.0,0.0,0.0,0.0,27.5607,0.0,0.0,0.0,0.0,0.0,0.0,30.9353,0.0,80-85,80-85
AAVAS.NS|2026-01-29|ensemble_lr0.20_rf0.30_xgb0.50,AAVAS.NS,2026-01-29,ensemble_lr0.20_rf0.30_xgb0.50,2025-01-30,2026-01-29,2026-01-26,2025-02-25,2026-01-28,2026-01-29,226,2026-01-28,True,0,0.4202898550724638,0.5361675930132516,0.18,0.12903760373592377,0.2257523204706122,0,77.42,0.363022149172279,0,63.7,SELL,0.3965,-0.2069,Sideways,-0.335,0.0,unavailable_no_point_in_time_source,False,1493.0,1463.199951171875,2026-01-30,1461.300048828125,-0.1298,0,2026-02-03,1429.4000244140625,-2.31,0.0,2026-02-05,1379.5,-5.7203,0.0,2026-02-12,1308.5,-10.5727,0.0,0,1,1,1,1,1,-2.1232,1,1.0,1.0,1.0,1.0,1.0,-4.2599,1.0,1.0,1.0,1.0,1.0,1.0,-7.6021,1.0,1.0,1.0,1.0,1.0,1.0,-12.3577,1.0,75-80,60-65
ABCAPITAL.NS|2026-01-29|ensemble_lr0.20_rf0.30_xgb0.50,ABCAPITAL.NS,2026-01-29,ensemble_lr0.20_rf0.30_xgb0.50,2025-01-30,2026-01-29,2026-01-26,2025-02-25,2026-01-28,2026-01-29,226,2026-01-28,True,1,0.536231884057971,0.44378639009975884,0.14,0.15241706371307373,0.20696580987648863,0,79.3,0.49261509820785665,0,50.74,HOLD,0.4696,-0.0608,Sideways,0.165,0.0,unavailable_no_point_in_time_source,True,348.3,344.29998779296875,2026-01-30,339.79998779296875,-1.307,0,2026-02-03,345.45001220703125,0.334,1.0,2026-02-05,344.6499938964844,0.1017,1.0,2026-02-12,344.6499938964844,0.1017,1.0,0,1,1,0,1,1,-2.4404,1,0.0,0.0,1.0,0.0,1.0,-0.8183,1.0,0.0,0.0,1.0,0.0,1.0,-1.0479,1.0,0.0,0.0,1.0,0.0,1.0,-1.0479,1.0,75-80,50-55
ABFRL.NS|2026-01-29|ensemble_lr0.20_rf0.30_xgb0.50,ABFRL.NS,2026-01-29,ensemble_lr0.20_rf0.30_xgb0.50,2025-01-30,2026-01-29,2026-01-26,2025-02-25,2026-01-28,2026-01-29,226,2026-01-28,True,0,0.43478260869565216,0.22656344832378494,0.24,0.138578400015831,0.1866018896726725,0,81.34,0.2856026671159594,0,71.44,SELL,0.3117,-0.3767,High Volatility,-0.665,0.0,unavailable_no_point_in_time_source,True,65.31,64.31999969482422,2026-01-30,66.41000366210938,3.2494,1,2026-02-03,65.73999786376953,2.2077,1.0,2026-02-05,70.88999938964844,10.2146,1.0,2026-02-12,70.04000091552734,8.893,1.0,0,0,0,0,0,0,1.6843,0,0.0,0.0,0.0,0.0,0.0,0.6584,0.0,0.0,0.0,0.0,0.0,0.0,8.5439,0.0,0.0,0.0,0.0,0.0,0.0,7.2424,0.0,80-85,70-75
ACC.NS|2026-01-29|ensemble_lr0.20_rf0.30_xgb0.50,ACC.NS,2026-01-29,ensemble_lr0.20_rf0.30_xgb0.50,2025-01-30,2026-01-29,2026-01-26,2025-02-25,2026-01-28,2026-01-29,226,2026-01-28,True,0,0.4710144927536232,0.5847575349624772,0.24,0.2191140353679657,0.29850852467647826,0,70.15,0.4324884494330865,0,56.75,SELL,0.3467,-0.3066,Sideways,-1.0,0.0,unavailable_no_point_in_time_source,False,1674.61,1668.8438720703125,2026-01-30,1627.483154296875,-2.4784,0,2026-02-03,1659.299072265625,-0.5719,0.0,2026-02-05,1666.5570068359375,-0.137,0.0,2026-02-12,1661.685302734375,-0.429,0.0,0,1,1,1,1,1,-2.8142,1,1.0,1.0,1.0,1.0,1.0,-0.9143,1.0,1.0,1.0,1.0,1.0,1.0,-0.4809,1.0,1.0,1.0,1.0,1.0,1.0,-0.7718,1.0,70-75,55-60
ADANIENT.NS|2026-01-29|ensemble_lr0.20_rf0.30_xgb0.50,ADANIENT.NS,2026-01-29,ensemble_lr0.20_rf0.30_xgb0.50,2025-01-30,2026-01-29,2026-01-26,2025-02-25,2026-01-28,2026-01-29,226,2026-01-28,True,0,0.4710144927536232,0.8168806467055617,0.92,0.9189566969871521,0.8988544778346884,1,89.89,0.8484870903408922,1,84.85,HOLD,0.4675,-0.0651,High Volatility,-1.0,0.0,unavailable_no_point_in_time_source,True,1993.81,2018.2974853515625,2026-01-30,2019.4970703125,0.0594,1,2026-02-03,2201.61572265625,9.0828,1.0,2026-02-05,2235.6005859375,10.7667,1.0,2026-02-12,2210.8115234375,9.5384,1.0,1,1,1,0,1,1,1.2883,1,1.0,1.0,0.0,1.0,0.0,10.4225,0.0,1.0,1.0,0.0,1.0,0.0,12.1271,0.0,1.0,1.0,0.0,1.0,0.0,10.8838,0.0,85-90,80-85
ADANIPORTS.NS|2026-01-29|ensemble_lr0.20_rf0.30_xgb0.50,ADANIPORTS.NS,2026-01-29,ensemble_lr0.20_rf0.30_xgb0.50,2025-01-30,2026-01-29,2026-01-26,2025-02-25,2026-01-28,2026-01-29,226,2026-01-28,True,1,0.5144927536231884,0.5089744455415041,0.88,0.8844119310379028,0.8080008546272522,1,80.8,0.8429880076540268,1,84.3,HOLD,0.4468,-0.1064,Bearish,-0.5,0.0,unavailable_no_point_in_time_source,True,1376.1,1411.849853515625,2026-01-30,1413.8414306640625,0.1411,1,2026-02-03,1524.3756103515625,7.9701,1.0,2026-02-05,1563.6102294921875,10.749,1.0,2026-02-12,1537.221435546875,8.88,1.0,1,1,1,1,1,1,2.7426,1,1.0,1.0,1.0,1.0,0.0,10.7751,0.0,1.0,1.0,1.0,1.0,0.0,13.6262,0.0,1.0,1.0,1.0,1.0,0.0,11.7086,0.0,80-85,80-85
AETHER.NS|2026-01-29|ensemble_lr0.20_rf0.30_xgb0.50,AETHER.NS,2026-01-29,ensemble_lr0.20_rf0.30_xgb0.50,2025-01-30,2026-01-29,2026-01-26,2025-02-25,2026-01-28,2026-01-29,226,2026-01-28,True,0,0.5507246376811593,0.35579155907686527,0.26,0.15650956332683563,0.22741309347879088,0,77.26,0.5372576223572951,1,53.73,HOLD,0.5741,0.1482,High Volatility,0.665,0.0,unavailable_no_point_in_time_source,False,997.15,977.0,2026-01-30,1002.0,2.5589,1,2026-02-03,1006.5999755859375,3.0297,1.0,2026-02-05,1022.0,4.6059,1.0,2026-02-12,966.4000244140625,-1.085,0.0,0,0,1,0,0,1,0.4864,1,0.0,1.0,0.0,0.0,0.0,0.9477,1.0,0.0,1.0,0.0,0.0,0.0,2.4921,1.0,1.0,0.0,1.0,1.0,1.0,-3.0838,0.0,75-80,50-55
AIAENG.NS|2026-01-29|ensemble_lr0.20_rf0.30_xgb0.50,AIAENG.NS,2026-01-29,ensemble_lr0.20_rf0.30_xgb0.50,2025-01-30,2026-01-29,2026-01-26,2025-02-25,2026-01-28,2026-01-29,226,2026-01-28,True,1,0.5217391304347826,0.36115309376586324,0.72,0.8331261277198792,0.7047936826131123,1,70.48,0.4635914872131253,0,53.64,BUY,0.606,0.2121,High Volatility,0.335,0.0,unavailable_no_point_in_time_source,False,3892.57,3984.92041015625,2026-01-30,3974.061279296875,-0.2725,0,2026-02-03,4024.571533203125,0.995,1.0,2026-02-05,3952.143798828125,-0.8225,0.0,2026-02-12,3936.303466796875,-1.22,0.0,1,0,1,0,0,0,2.0935,1,1.0,0.0,1.0,1.0,1.0,3.3911,1.0,0.0,1.0,0.0,0.0,0.0,1.5304,1.0,0.0,1.0,0.0,0.0,0.0,1.1235,1.0,70-75,50-55
AJANTPHARM.NS|2026-01-29|ensemble_lr0.20_rf0.30_xgb0.50,AJANTPHARM.NS,2026-01-29,ensemble_lr0.20_rf0.30_xgb0.50,2025-01-30,2026-01-29,2026-01-26,2025-02-25,2026-01-28,2026-01-29,226,2026-01-28,True,0,0.4275362318840579,0.3523555391153796,0.2,0.11728484183549881,0.18911352874082532,0,81.09,0.4039253105901455,0,59.61,HOLD,0.4552,-0.0895,Sideways,0.165,0.0,unavailable_no_point_in_time_source,False,2693.62,2670.436279296875,2026-01-30,2756.646484375,3.2283,1,2026-02-03,2853.955322265625,6.8722,1.0,2026-02-05,2791.725341796875,4.5419,1.0,2026-02-12,2863.765380859375,7.2396,1.0,0,0,0,0,0,0,2.3398,1,0.0,0.0,0.0,0.0,0.0,5.9524,0.0,0.0,0.0,0.0,0.0,0.0,3.6421,0.0,0.0,0.0,0.0,0.0,0.0,6.3166,0.0,80-85,55-60
ALEMBICLTD.NS|2026-01-29|ensemble_lr0.20_rf0.30_xgb0.50,ALEMBICLTD.NS,2026-01-29,ensemble_lr0.20_rf0.30_xgb0.50,2025-01-30,2026-01-29,2026-01-26,2025-02-25,2026-01-28,2026-01-29,226,2026-01-28,True,0,0.5144927536231884,0.49543760626866457,0.22,0.09245775640010834,0.2113163994537871,0,78.87,0.2920554646144459,0,70.79,SELL,0.3174,-0.3652,Sideways,-1.0,0.0,unavailable_no_point_in_time_source,False,90.95,90.62360382080078,2026-01-30,90.49700927734375,-0.1397,0,2026-02-03,92.19145965576172,1.7301,1.0,2026-02-05,94.44098663330078,4.2123,1.0,2026-02-12,95.99909210205078,5.9317,1.0,0,1,1,1,1,1,-0.4981,1,0.0,0.0,0.0,0.0,0.0,1.365,0.0,0.0,0.0,0.0,0.0,0.0,3.8384,0.0,0.0,0.0,0.0,0.0,0.0,5.5515,0.0,75-80,70-75
ALKEM.NS|2026-01-29|ensemble_lr0.20_rf0.30_xgb0.50,ALKEM.NS,2026-01-29,ensemble_lr0.20_rf0.30_xgb0.50,2025-01-30,2026-01-29,2026-01-26,2025-02-25,2026-01-28,2026-01-29,226,2026-01-28,True,1,0.5507246376811593,0.34846184766259103,0.22,0.2048593908548355,0.238122064959936,0,76.19,0.37960920081995764,0,62.04,HOLD,0.5096,0.0192,Sideways,0.5,0.0,unavailable_no_point_in_time_source,False,5666.6,5657.18798828125,2026-01-30,5622.03466796875,-0.6214,0,2026-02-03,5646.791015625,-0.1838,0.0,2026-02-05,5607.181640625,-0.8839,0.0,2026-02-12,5813.1494140625,2.7569,1.0,0,1,1,0,1,1,-0.7865,1,1.0,1.0,0.0,1.0,1.0,-0.3496,1.0,1.0,1.0,0.0,1.0,1.0,-1.0486,1.0,0.0,0.0,1.0,0.0,1.0,2.5862,1.0,75-80,60-65
AMBER.NS|2026-01-29|ensemble_lr0.20_rf0.30_xgb0.50,AMBER.NS,2026-01-29,ensemble_lr0.20_rf0.30_xgb0.50,2025-01-30,2026-01-29,2026-01-26,2025-02-25,2026-01-28,2026-01-29,226,2026-01-28,True,1,0.36231884057971014,0.5174296785956924,0.3,0.34175965189933777,0.3643657616688074,0,63.56,0.656465601175914,1,65.65,SELL,0.3316,-0.3367,High Volatility,-0.835,0.0,unavailable_no_point_in_time_source,False,5614.0,5547.0,2026-01-30,5716.0,3.0467,1,2026-02-03,6193.5,11.6549,1.0,2026-02-05,6399.5,15.3687,1.0,2026-02-12,7784.5,40.3371,1.0,0,0,1,1,0,0,1.8169,0,0.0,1.0,1.0,0.0,0.0,10.3224,0.0,0.0,1.0,1.0,0.0,0.0,13.9918,0.0,0.0,1.0,1.0,0.0,0.0,38.6623,0.0,60-65,65-70
ANGELONE.NS|2026-01-29|ensemble_lr0.20_rf0.30_xgb0.50,ANGELONE.NS,2026-01-29,ensemble_lr0.20_rf0.30_xgb0.50,2025-01-30,2026-01-29,2026-01-26,2025-02-25,2026-01-28,2026-01-29,226,2026-01-28,True,1,0.4420289855072464,0.6030818124159092,0.26,0.4051547050476074,0.40119371500698553,0,59.88,0.5010059042057928,1,50.1,HOLD,0.5425,0.0851,High Volatility,0.33,0.0,unavailable_no_point_in_time_source,True,258.82,256.17340087890625,2026-01-30,251.4723358154297,-1.8351,0,2026-02-03,256.114013671875,-0.0232,0.0,2026-02-05,261.77508544921875,2.1867,1.0,2026-02-12,272.3648681640625,6.3205,1.0,0,1,0,0,1,1,-2.8389,1,1.0,0.0,0.0,1.0,1.0,-1.0455,1.0,0.0,1.0,1.0,0.0,1.0,1.1418,1.0,0.0,1.0,1.0,0.0,0.0,5.2333,0.0,55-60,50-55
APARINDS.NS|2026-01-29|ensemble_lr0.20_rf0.30_xgb0.50,APARINDS.NS,2026-01-29,ensemble_lr0.20_rf0.30_xgb0.50,2025-01-30,2026-01-29,2026-01-26,2025-02-25,2026-01-28,2026-01-29,226,2026-01-28,True,0,0.463768115942029,0.7617598463475471,0.86,0.8817917108535767,0.8512478246962978,1,85.12,0.3763682823532064,0,62.36,HOLD,0.4384,-0.1232,High Volatility,-0.665,0.0,unavailable_no_point_in_time_source,False,7385.86,7668.376953125,2026-01-30,7966.34228515625,3.8856,1,2026-02-03,9725.2353515625,26.8226,1.0,2026-02-05,9502.0107421875,23.9116,1.0,2026-02-12,9492.5439453125,23.7882,1.0,1,1,0,0,1,0,7.8594,0,1.0,0.0,0.0,1.0,0.0,31.6737,0.0,1.0,0.0,0.0,1.0,0.0,28.6514,0.0,1.0,0.0,0.0,1.0,0.0,28.5232,0.0,85-90,60-65
APOLLOHOSP.NS|2026-01-29|ensemble_lr0.20_rf0.30_xgb0.50,APOLLOHOSP.NS,2026-01-29,ensemble_lr0.20_rf0.30_xgb0.50,2025-01-30,2026-01-29,2026-01-26,2025-02-25,2026-01-28,2026-01-29,226,2026-01-28,True,0,0.5434782608695651,0.5089895803961562,0.22,0.2757264971733093,0.3056611646658859,0,69.43,0.6519339895590107,1,65.19,SELL,0.2868,-0.4264,Bearish,-0.665,0.0,unavailable_no_point_in_time_source,False,6860.4,6784.08544921875,2026-01-30,6943.18896484375,2.3452,1,2026-02-03,7070.87060546875,4.2273,1.0,2026-02-05,7104.287109375,4.7199,1.0,2026-02-12,7520.25,10.8513,1.0,0,0,1,0,0,0,1.2068,0,0.0,1.0,0.0,0.0,0.0,3.0679,0.0,0.0,1.0,0.0,0.0,0.0,3.555,0.0,0.0,1.0,0.0,0.0,0.0,9.6182,0.0,65-70,65-70
APOLLOTYRE.NS|2026-01-29|ensemble_lr0.20_rf0.30_xgb0.50,APOLLOTYRE.NS,2026-01-29,ensemble_lr0.20_rf0.30_xgb0.50,2025-01-30,2026-01-29,2026-01-26,2025-02-25,2026-01-28,2026-01-29,226,2026-01-28,True,0,0.47826086956521746,0.43124649750100785,0.18,0.43289628624916077,0.356697442624782,0,64.33,0.5900074645044373,1,59.0,SELL,0.3964,-0.2073,Sideways,-0.165,0.0,unavailable_no_point_in_time_source,True,494.71,485.5713195800781,2026-01-30,485.96630859375,0.0813,1,2026-02-03,498.55609130859375,2.6741,1.0,2026-02-05,501.4690246582031,3.274,1.0,2026-02-12,495.9139404296875,2.13,1.0,0,0,1,0,0,0,-1.7674,1,0.0,1.0,0.0,0.0,0.0,0.7774,0.0,0.0,1.0,0.0,0.0,0.0,1.3663,0.0,0.0,1.0,0.0,0.0,0.0,0.2434,0.0,60-65,55-60
ASHOKLEY.NS|2026-01-29|ensemble_lr0.20_rf0.30_xgb0.50,ASHOKLEY.NS,2026-01-29,ensemble_lr0.20_rf0.30_xgb0.50,2025-01-30,2026-01-29,2026-01-26,2025-02-25,2026-01-28,2026-01-29,226,2026-01-28,True,1,0.4855072463768116,0.801566233270624,0.32,0.3070269525051117,0.40982672290668065,0,59.02,0.576585993291716,1,57.66,BUY,0.6057,0.2114,Bullish,0.665,0.0,unavailable_no_point_in_time_source,True,192.05,190.8050537109375,2026-01-30,193.3909454345703,1.3553,1,2026-02-03,196.51760864257812,2.9939,1.0,2026-02-05,198.12026977539062,3.8339,1.0,2026-02-12,207.4805908203125,8.7396,1.0,0,0,1,1,0,1,0.6982,1,0.0,1.0,1.0,0.0,1.0,2.3263,1.0,0.0,1.0,1.0,0.0,1.0,3.1608,1.0,0.0,1.0,1.0,0.0,1.0,8.0347,1.0,55-60,55-60
ASIANPAINT.NS|2026-01-29|ensemble_lr0.20_rf0.30_xgb0.50,ASIANPAINT.NS,2026-01-29,ensemble_lr0.20_rf0.30_xgb0.50,2025-01-30,2026-01-29,2026-01-26,2025-02-25,2026-01-28,2026-01-29,226,2026-01-28,True,0,0.4565217391304348,0.07720321547427698,0.18,0.22312113642692566,0.18100121130831823,0,81.9,0.32642087460730596,0,67.36,SELL,0.3575,-0.2851,Bearish,-0.335,0.0,unavailable_no_point_in_time_source,True,2490.2,2395.218994140625,2026-01-30,2407.413330078125,0.5091,1,2026-02-03,2405.133056640625,0.4139,1.0,2026-02-05,2411.1806640625,0.6664,1.0,2026-02-12,2389.766357421875,-0.2276,0.0,0,0,0,0,0,0,-3.3245,1,0.0,0.0,0.0,0.0,0.0,-3.4161,1.0,0.0,0.0,0.0,0.0,0.0,-3.1732,1.0,1.0,1.0,1.0,1.0,1.0,-4.0332,1.0,80-85,65-70
ASTRAL.NS|2026-01-29|ensemble_lr0.20_rf0.30_xgb0.50,ASTRAL.NS,2026-01-29,ensemble_lr0.20_rf0.30_xgb0.50,2025-01-30,2026-01-29,2026-01-26,2025-02-25,2026-01-28,2026-01-29,226,2026-01-28,True,0,0.5652173913043478,0.5383346186773144,0.86,0.7522398829460144,0.74178686520847,1,74.18,0.33169391631703654,0,66.83,HOLD,0.5047,0.0094,Sideways,-0.5,0.0,unavailable_no_point_in_time_source,False,1450.62,1458.506103515625,2026-01-30,1474.28125,1.0816,1,2026-02-03,1501.1390380859375,2.9231,1.0,2026-02-05,1501.23876953125,2.9299,1.0,2026-02-12,1589.1005859375,8.954,1.0,1,1,0,0,1,1,1.6311,1,1.0,0.0,0.0,1.0,1.0,3.4826,0.0,1.0,0.0,0.0,1.0,1.0,3.4895,0.0,1.0,0.0,0.0,1.0,0.0,9.5463,0.0,70-75,65-70
AUBANK.NS|2026-01-29|ensemble_lr0.20_rf0.30_xgb0.50,AUBANK.NS,2026-01-29,ensemble_lr0.20_rf0.30_xgb0.50,2025-01-30,2026-01-29,2026-01-26,2025-02-25,2026-01-28,2026-01-29,226,2026-01-28,True,1,0.5434782608695653,0.5335509944657452,0.72,0.6291611790657043,0.6372907884260012,1,63.73,0.502186492201228,1,50.22,BUY,0.5986,0.1971,Sideways,0.5,0.0,unavailable_no_point_in_time_source,True,961.42,986.9415893554688,2026-01-30,981.3969116210938,-0.5618,0,2026-02-03,981.3469848632812,-0.5669,0.0,2026-02-05,985.0433959960938,-0.1923,0.0,2026-02-12,999.6292114257812,1.2855,1.0,1,0,0,0,0,0,2.0779,1,0.0,0.0,0.0,0.0,0.0,2.0727,1.0,0.0,0.0,0.0,0.0,0.0,2.4571,1.0,1.0,1.0,1.0,1.0,1.0,3.9742,1.0,60-65,50-55
AXISBANK.NS|2026-01-29|ensemble_lr0.20_rf0.30_xgb0.50,AXISBANK.NS,2026-01-29,ensemble_lr0.20_rf0.30_xgb0.50,2025-01-30,2026-01-29,2026-01-26,2025-02-25,2026-01-28,2026-01-29,226,2026-01-28,True,0,0.463768115942029,0.38450736990398987,0.8,0.8659984469413757,0.7499006974514859,1,74.99,0.5510997204528985,1,55.11,STRONG BUY,0.7476,0.4952,Bullish,0.835,0.0,unavailable_no_point_in_time_source,True,1318.78,1362.6490478515625,2026-01-30,1369.343994140625,0.4913,1,2026-02-03,1355.15478515625,-0.55,0.0,2026-02-05,1329.5745849609375,-2.4272,0.0,2026-02-12,1338.9674072265625,-1.7379,0.0,1,1,1,0,1,1,3.8341,1,0.0,0.0,1.0,0.0,0.0,2.7582,1.0,0.0,0.0,1.0,0.0,0.0,0.8185,1.0,0.0,0.0,1.0,0.0,0.0,1.5308,1.0,70-75,55-60
BAJAJ-AUTO.NS|2026-01-29|ensemble_lr0.20_rf0.30_xgb0.50,BAJAJ-AUTO.NS,2026-01-29,ensemble_lr0.20_rf0.30_xgb0.50,2025-01-30,2026-01-29,2026-01-26,2025-02-25,2026-01-28,2026-01-29,226,2026-01-28,True,1,0.5,0.6184481723017158,0.8,0.7830392718315125,0.7552092703760993,1,75.52,0.5123096768954873,1,51.23,BUY,0.6252,0.2504,Sideways,0.5,0.0,unavailable_no_point_in_time_source,False,9302.58,9379.9921875,2026-01-30,9464.3056640625,0.8989,1,2026-02-03,9462.333984375,0.8778,1.0,2026-02-05,9513.119140625,1.4193,1.0,2026-02-12,9703.4404296875,3.4483,1.0,1,1,1,1,1,1,1.7385,1,1.0,1.0,1.0,1.0,1.0,1.7173,1.0,1.0,1.0,1.0,1.0,1.0,2.2632,1.0,1.0,1.0,1.0,1.0,1.0,4.3091,1.0,75-80,50-55
BAJAJFINSV.NS|2026-01-29|ensemble_lr0.20_rf0.30_xgb0.50,BAJAJFINSV.NS,2026-01-29,ensemble_lr0.20_rf0.30_xgb0.50,2025-01-30,2026-01-29,2026-01-26,2025-02-25,2026-01-28,2026-01-29,226,2026-01-28,True,0,0.5072463768115942,0.6505228022526286,0.86,0.7343193888664246,0.755264254883738,1,75.53,0.7130109844882276,1,71.3,HOLD,0.4977,-0.0046,Sideways,-0.5,0.0,unavailable_no_point_in_time_source,True,1938.65,1946.4390869140625,2026-01-30,1950.9351806640625,0.231,1,2026-02-03,2010.9840087890625,3.3161,1.0,2026-02-05,1998.394775390625,2.6693,1.0,2026-02-12,2035.3631591796875,4.5686,1.0,1,1,1,0,1,1,0.6337,1,1.0,1.0,0.0,1.0,0.0,3.7312,0.0,1.0,1.0,0.0,1.0,1.0,3.0818,0.0,1.0,1.0,0.0,1.0,0.0,4.9887,0.0,75-80,70-75
BAJFINANCE.NS|2026-01-29|ensemble_lr0.20_rf0.30_xgb0.50,BAJFINANCE.NS,2026-01-29,ensemble_lr0.20_rf0.30_xgb0.50,2025-01-30,2026-01-29,2026-01-26,2025-02-25,2026-01-28,2026-01-29,226,2026-01-28,True,1,0.3913043478260869,0.48086066773124986,0.22,0.20736834406852722,0.2658563055805136,0,73.41,0.3370345399544291,0,66.3,SELL,0.3192,-0.3616,Bearish,-0.335,0.0,unavailable_no_point_in_time_source,True,929.44,929.4365844726562,2026-01-30,924.1688842773438,-0.5668,0,2026-02-03,958.5078735351562,3.1278,1.0,2026-02-05,958.855712890625,3.1653,1.0,2026-02-12,992.995849609375,6.8385,1.0,0,1,1,0,1,1,-0.5671,1,0.0,0.0,1.0,0.0,0.0,3.1275,0.0,0.0,0.0,1.0,0.0,0.0,3.1649,0.0,0.0,0.0,1.0,0.0,0.0,6.8381,0.0,70-75,65-70
BEL.NS|2026-01-29|ensemble_lr0.20_rf0.30_xgb0.50,BEL.NS,2026-01-29,ensemble_lr0.20_rf0.30_xgb0.50,2025-01-30,2026-01-29,2026-01-26,2025-02-25,2026-01-28,2026-01-29,226,2026-01-28,True,0,0.5217391304347826,0.3254790295472077,0.08,0.15583555400371552,0.1670135829112993,0,83.3,0.6134606234336037,1,61.35,BUY,0.6008,0.2017,Sideways,0.5,0.0,unavailable_no_point_in_time_source,False,450.47,442.0156555175781,2026-01-30,446.4905090332031,1.0124,1,2026-02-03,436.4966735839844,-1.2486,0.0,2026-02-05,430.48046875,-2.6097,0.0,2026-02-12,441.4189758300781,-0.135,0.0,0,0,1,0,0,1,-0.8834,0,1.0,0.0,1.0,1.0,0.0,-3.1019,0.0,1.0,0.0,1.0,1.0,0.0,-4.4375,0.0,1.0,0.0,1.0,1.0,0.0,-2.0092,0.0,80-85,60-65
BPCL.NS|2026-01-29|ensemble_lr0.20_rf0.30_xgb0.50,BPCL.NS,2026-01-29,ensemble_lr0.20_rf0.30_xgb0.50,2025-01-30,2026-01-29,2026-01-26,2025-02-25,2026-01-28,2026-01-29,226,2026-01-28,True,0,0.4275362318840579,0.5059542871677951,0.78,0.7649556994438171,0.7176687071554676,1,71.77,0.6916059065640235,1,69.16,BUY,0.599,0.198,Sideways,-0.165,0.0,unavailable_no_point_in_time_source,False,352.41,356.8828125,2026-01-30,354.5,-0.6677,0,2026-02-03,373.45001220703125,4.6422,1.0,2026-02-05,382.04998779296875,7.0519,1.0,2026-02-12,377.70001220703125,5.8331,1.0,1,0,0,1,0,0,0.5931,1,1.0,1.0,0.0,1.0,1.0,5.9703,1.0,1.0,1.0,0.0,1.0,1.0,8.4107,1.0,1.0,1.0,0.0,1.0,1.0,7.1763,1.0,70-75,65-70
AARTIIND.NS|2026-02-05|ensemble_lr0.20_rf0.30_xgb0.50,AARTIIND.NS,2026-02-05,ensemble_lr0.20_rf0.30_xgb0.50,2025-02-06,2026-02-05,2026-02-02,2025-03-06,2026-02-04,2026-02-05,225,2026-02-04,True,0,0.45925925925925926,0.6913091804235456,0.74,0.7933358550071716,0.756929763588295,1,75.69,0.6703521659205097,1,67.04,BUY,0.6804,0.3607,High Volatility,0.335,0.0,unavailable_no_point_in_time_source,False,442.02,452.7001037597656,2026-02-06,440.0751953125,-2.7888,0,2026-02-10,466.87188720703125,3.1305,1.0,2026-02-12,464.67626953125,2.6455,1.0,2026-02-19,453.54840087890625,0.1874,1.0,1,0,0,1,0,0,-0.44,0,1.0,1.0,0.0,1.0,1.0,5.6223,1.0,1.0,1.0,0.0,1.0,1.0,5.1256,1.0,1.0,1.0,0.0,1.0,1.0,2.6081,1.0,75-80,65-70
AAVAS.NS|2026-02-05|ensemble_lr0.20_rf0.30_xgb0.50,AAVAS.NS,2026-02-05,ensemble_lr0.20_rf0.30_xgb0.50,2025-02-06,2026-02-05,2026-02-02,2025-03-06,2026-02-04,2026-02-05,225,2026-02-04,True,0,0.4444444444444445,0.15156070763499735,0.12,0.07200867682695389,0.1023164799404764,0,89.77,0.28304780534794033,0,71.7,SELL,0.381,-0.2381,High Volatility,-0.335,0.0,unavailable_no_point_in_time_source,False,1420.2,1379.5,2026-02-06,1301.4000244140625,-5.6615,0,2026-02-10,1343.0999755859375,-2.6386,0.0,2026-02-12,1308.5,-5.1468,0.0,2026-02-19,1289.0,-6.5603,0.0,0,1,1,1,1,1,-8.365,1,1.0,1.0,1.0,1.0,1.0,-5.4288,1.0,1.0,1.0,1.0,1.0,1.0,-7.8651,1.0,1.0,1.0,1.0,1.0,1.0,-9.2381,1.0,85-90,70-75
ABCAPITAL.NS|2026-02-05|ensemble_lr0.20_rf0.30_xgb0.50,ABCAPITAL.NS,2026-02-05,ensemble_lr0.20_rf0.30_xgb0.50,2025-02-06,2026-02-05,2026-02-02,2025-03-06,2026-02-04,2026-02-05,225,2026-02-04,True,1,0.5407407407407407,0.5255695163583388,0.34,0.26062336564064026,0.3374255860919879,0,66.26,0.6348177509709019,1,63.48,HOLD,0.4657,-0.0686,High Volatility,-0.165,0.0,unavailable_no_point_in_time_source,True,346.6,344.6499938964844,2026-02-06,347.75,0.8995,1,2026-02-10,353.75,2.6404,1.0,2026-02-12,344.6499938964844,0.0,0.0,2026-02-19,344.29998779296875,-0.1016,0.0,0,0,1,1,0,1,0.3318,1,0.0,1.0,1.0,0.0,1.0,2.0629,1.0,1.0,0.0,0.0,1.0,1.0,-0.5626,1.0,1.0,0.0,0.0,1.0,1.0,-0.6636,1.0,65-70,60-65
ABFRL.NS|2026-02-05|ensemble_lr0.20_rf0.30_xgb0.50,ABFRL.NS,2026-02-05,ensemble_lr0.20_rf0.30_xgb0.50,2025-02-06,2026-02-05,2026-02-02,2025-03-06,2026-02-04,2026-02-05,225,2026-02-04,True,0,0.48148148148148145,0.2588428766673856,0.84,0.7332050800323486,0.6703711153496514,1,67.04,0.6114366811513219,1,61.14,HOLD,0.5336,0.0672,High Volatility,-0.165,0.0,unavailable_no_point_in_time_source,True,68.84,70.88999938964844,2026-02-06,68.81999969482422,-2.92,0,2026-02-10,72.98999786376953,2.9623,1.0,2026-02-12,70.04000091552734,-1.199,0.0,2026-02-19,70.08000183105469,-1.1426,0.0,1,0,0,1,0,1,-0.0291,1,1.0,1.0,0.0,1.0,1.0,6.0285,0.0,0.0,0.0,1.0,0.0,1.0,1.7432,1.0,0.0,0.0,1.0,0.0,1.0,1.8013,1.0,65-70,60-65
ACC.NS|2026-02-05|ensemble_lr0.20_rf0.30_xgb0.50,ACC.NS,2026-02-05,ensemble_lr0.20_rf0.30_xgb0.50,2025-02-06,2026-02-05,2026-02-02,2025-03-06,2026-02-04,2026-02-05,225,2026-02-04,True,0,0.43703703703703706,0.6539446300641744,0.26,0.1418997049331665,0.27973877847941814,0,72.03,0.35452447454499353,0,64.55,SELL,0.2884,-0.4232,Bearish,-0.835,0.0,unavailable_no_point_in_time_source,False,1682.37,1666.5570068359375,2026-02-06,1657.8077392578125,-0.525,0,2026-02-10,1685.6466064453125,1.1455,1.0,2026-02-12,1661.685302734375,-0.2923,0.0,2026-02-19,1608.294189453125,-3.496,0.0,0,1,1,1,1,1,-1.46,1,0.0,0.0,0.0,0.0,0.0,0.1948,0.0,1.0,1.0,1.0,1.0,1.0,-1.2295,1.0,1.0,1.0,1.0,1.0,1.0,-4.4031,1.0,70-75,60-65
ADANIENT.NS|2026-02-05|ensemble_lr0.20_rf0.30_xgb0.50,ADANIENT.NS,2026-02-05,ensemble_lr0.20_rf0.30_xgb0.50,2025-02-06,2026-02-05,2026-02-02,2025-03-06,2026-02-04,2026-02-05,225,2026-02-04,True,0,0.5037037037037037,0.5375228806792454,0.82,0.8971052765846252,0.8020572144281617,1,80.21,0.5324966565789919,1,53.25,HOLD,0.5121,0.0241,High Volatility,-0.5,0.0,unavailable_no_point_in_time_source,True,2227.2,2235.6005859375,2026-02-06,2225.40478515625,-0.4561,0,2026-02-10,2227.404052734375,-0.3666,0.0,2026-02-12,2210.8115234375,-1.1088,0.0,2026-02-19,2155.736083984375,-3.5724,0.0,1,0,0,1,0,1,-0.0806,1,0.0,0.0,1.0,0.0,1.0,0.0092,1.0,0.0,0.0,1.0,0.0,1.0,-0.7358,1.0,0.0,0.0,1.0,0.0,0.0,-3.2087,0.0,80-85,50-55
ADANIPORTS.NS|2026-02-05|ensemble_lr0.20_rf0.30_xgb0.50,ADANIPORTS.NS,2026-02-05,ensemble_lr0.20_rf0.30_xgb0.50,2025-02-06,2026-02-05,2026-02-02,2025-03-06,2026-02-04,2026-02-05,225,2026-02-04,True,1,0.5555555555555556,0.39572473597380353,0.88,0.836807370185852,0.7615486322876868,1,76.15,0.6681753269322245,1,66.82,BUY,0.6655,0.3311,Bullish,0.335,0.0,unavailable_no_point_in_time_source,False,1561.32,1563.6102294921875,2026-02-06,1544.1920166015625,-1.2419,0,2026-02-10,1548.17529296875,-0.9871,0.0,2026-02-12,1537.221435546875,-1.6877,0.0,2026-02-19,1506.9490966796875,-3.6237,0.0,1,0,0,0,0,0,-1.097,0,0.0,0.0,0.0,0.0,0.0,-0.8419,0.0,0.0,0.0,0.0,0.0,0.0,-1.5435,0.0,0.0,0.0,0.0,0.0,0.0,-3.4824,0.0,75-80,65-70
AETHER.NS|2026-02-05|ensemble_lr0.20_rf0.30_xgb0.50,AETHER.NS,2026-02-05,ensemble_lr0.20_rf0.30_xgb0.50,2025-02-06,2026-02-05,2026-02-02,2025-03-06,2026-02-04,2026-02-05,225,2026-02-04,True,0,0.5407407407407407,0.33040937457401715,0.3,0.17842835187911987,0.24529605085436335,0,75.47,0.33107711927559924,0,66.89,BUY,0.6361,0.2722,High Volatility,1.0,0.0,unavailable_no_point_in_time_source,False,1035.6,1022.0,2026-02-06,1011.2999877929688,-1.047,0,2026-02-10,981.2000122070312,-3.9922,0.0,2026-02-12,966.4000244140625,-5.4403,0.0,2026-02-19,960.0999755859375,-6.0568,0.0,0,1,1,1,1,0,-2.3465,0,1.0,1.0,1.0,1.0,0.0,-5.253,0.0,1.0,1.0,1.0,1.0,0.0,-6.6821,0.0,1.0,1.0,1.0,1.0,0.0,-7.2905,0.0,75-80,65-70
AIAENG.NS|2026-02-05|ensemble_lr0.20_rf0.30_xgb0.50,AIAENG.NS,2026-02-05,ensemble_lr0.20_rf0.30_xgb0.50,2025-02-06,2026-02-05,2026-02-02,2025-03-06,2026-02-04,2026-02-05,225,2026-02-04,True,1,0.4962962962962963,0.7494459258223121,0.18,0.20386913418769836,0.3058237522583116,0,69.42,0.7104460379995424,1,71.04,HOLD,0.5645,0.1289,High Volatility,1.0,0.0,unavailable_no_point_in_time_source,False,4073.19,3952.143798828125,2026-02-06,3868.159423828125,-2.125,0,2026-02-10,4093.01416015625,3.5644,1.0,2026-02-12,3936.303466796875,-0.4008,0.0,2026-02-19,3945.369140625,-0.1714,0.0,0,1,0,0,1,1,-5.0337,0,0.0,1.0,1.0,0.0,0.0,0.4867,1.0,1.0,0.0,0.0,1.0,1.0,-3.3607,0.0,1.0,0.0,0.0,1.0,1.0,-3.1381,0.0,65-70,70-75
AJANTPHARM.NS|2026-02-05|ensemble_lr0.20_rf0.30_xgb0.50,AJANTPHARM.NS,2026-02-05,ensemble_lr0.20_rf0.30_xgb0.50,2025-02-06,2026-02-05,2026-02-02,2025-03-06,2026-02-04,2026-02-05,225,2026-02-04,True,0,0.43703703703703706,0.3619483721872831,0.06,0.10239028930664062,0.14158481909077694,0,85.84,0.26813249525432226,0,73.19,BUY,0.584,0.1679,Bullish,0.67,0.0,unavailable_no_point_in_time_source,False,2795.69,2791.725341796875,2026-02-06,2826.803955078125,1.2565,1,2026-02-10,2865.0537109375,2.6266,1.0,2026-02-12,2863.765380859375,2.5805,1.0,2026-02-19,2932.83251953125,5.0545,1.0,0,0,0,0,0,1,1.1129,1,0.0,0.0,0.0,0.0,1.0,2.4811,1.0,0.0,0.0,0.0,0.0,1.0,2.435,1.0,0.0,0.0,0.0,0.0,1.0,4.9055,1.0,85-90,70-75
ALEMBICLTD.NS|2026-02-05|ensemble_lr0.20_rf0.30_xgb0.50,ALEMBICLTD.NS,2026-02-05,ensemble_lr0.20_rf0.30_xgb0.50,2025-02-06,2026-02-05,2026-02-02,2025-03-06,2026-02-04,2026-02-05,225,2026-02-04,True,0,0.48888888888888893,0.3328119470626451,0.86,0.842808187007904,0.745966482916481,1,74.6,0.6833946800895492,1,68.34,HOLD,0.5274,0.0547,Sideways,-0.5,0.0,unavailable_no_point_in_time_source,False,93.71,94.44098663330078,2026-02-06,94.57731628417969,0.1444,1,2026-02-10,97.4890365600586,3.2275,1.0,2026-02-12,95.99909210205078,1.6498,1.0,2026-02-19,91.07156372070312,-3.5678,0.0,1,1,1,0,1,1,0.9255,1,1.0,1.0,0.0,1.0,0.0,4.0327,0.0,1.0,1.0,0.0,1.0,1.0,2.4427,1.0,0.0,0.0,1.0,0.0,0.0,-2.8155,1.0,70-75,65-70
ALKEM.NS|2026-02-05|ensemble_lr0.20_rf0.30_xgb0.50,ALKEM.NS,2026-02-05,ensemble_lr0.20_rf0.30_xgb0.50,2025-02-06,2026-02-05,2026-02-02,2025-03-06,2026-02-04,2026-02-05,225,2026-02-04,True,1,0.5703703703703704,0.6474311260102585,0.84,0.8955808877944946,0.829276669099299,1,82.93,0.7457685593034187,1,74.58,HOLD,0.5579,0.1158,Sideways,-0.165,0.0,unavailable_no_point_in_time_source,False,5598.27,5607.181640625,2026-02-06,5628.47119140625,0.3797,1,2026-02-10,5754.72607421875,2.6313,1.0,2026-02-12,5813.1494140625,3.6733,1.0,2026-02-19,5324.470703125,-5.0419,0.0,1,1,1,1,1,1,0.5395,1,1.0,1.0,1.0,1.0,1.0,2.7947,1.0,1.0,1.0,1.0,1.0,0.0,3.8383,0.0,0.0,0.0,0.0,0.0,0.0,-4.8908,0.0,80-85,70-75
AMBER.NS|2026-02-05|ensemble_lr0.20_rf0.30_xgb0.50,AMBER.NS,2026-02-05,ensemble_lr0.20_rf0.30_xgb0.50,2025-02-06,2026-02-05,2026-02-02,2025-03-06,2026-02-04,2026-02-05,225,2026-02-04,True,1,0.4518518518518519,0.4719710263407083,0.8,0.9508106708526611,0.8097995406944722,1,80.98,0.7145066177590242,1,71.45,HOLD,0.5427,0.0854,High Volatility,-0.335,0.0,unavailable_no_point_in_time_source,False,6390.0,6399.5,2026-02-06,6640.0,3.7581,1,2026-02-10,7510.5,17.3607,1.0,2026-02-12,7784.5,21.6423,1.0,2026-02-19,7705.5,20.4078,1.0,1,1,1,1,1,0,3.9124,0,1.0,1.0,1.0,1.0,0.0,17.5352,0.0,1.0,1.0,1.0,1.0,0.0,21.8232,0.0,1.0,1.0,1.0,1.0,0.0,20.5869,0.0,80-85,70-75
ANGELONE.NS|2026-02-05|ensemble_lr0.20_rf0.30_xgb0.50,ANGELONE.NS,2026-02-05,ensemble_lr0.20_rf0.30_xgb0.50,2025-02-06,2026-02-05,2026-02-02,2025-03-06,2026-02-04,2026-02-05,225,2026-02-04,True,1,0.3925925925925926,0.47651008407201995,0.36,0.27956336736679077,0.34308370049779935,0,65.69,0.3724858665537184,0,62.75,HOLD,0.538,0.076,High Volatility,0.33,0.0,unavailable_no_point_in_time_source,True,265.9,261.77508544921875,2026-02-06,261.47821044921875,-0.1134,0,2026-02-10,275.43292236328125,5.2174,1.0,2026-02-12,272.3648681640625,4.0454,1.0,2026-02-19,248.3745880126953,-5.1191,0.0,0,1,1,0,1,1,-1.663,1,0.0,0.0,1.0,0.0,0.0,3.5852,0.0,0.0,0.0,1.0,0.0,0.0,2.4313,1.0,1.0,1.0,0.0,1.0,0.0,-6.591,0.0,65-70,60-65
APARINDS.NS|2026-02-05|ensemble_lr0.20_rf0.30_xgb0.50,APARINDS.NS,2026-02-05,ensemble_lr0.20_rf0.30_xgb0.50,2025-02-06,2026-02-05,2026-02-02,2025-03-06,2026-02-04,2026-02-05,225,2026-02-04,True,0,0.4222222222222222,0.6549620582636595,0.68,0.7307717204093933,0.7003782718574285,1,70.04,0.5731621980666823,1,57.32,BUY,0.6159,0.2318,High Volatility,0.165,0.0,unavailable_no_point_in_time_source,False,9443.71,9502.0107421875,2026-02-06,9457.166015625,-0.4719,0,2026-02-10,9435.7412109375,-0.6974,0.0,2026-02-12,9492.5439453125,-0.0996,0.0,2026-02-19,10028.6826171875,5.5427,1.0,1,0,0,1,0,0,0.1425,1,0.0,0.0,1.0,0.0,0.0,-0.0844,0.0,0.0,0.0,1.0,0.0,0.0,0.5171,1.0,1.0,1.0,0.0,1.0,1.0,6.1943,1.0,70-75,55-60
APOLLOHOSP.NS|2026-02-05|ensemble_lr0.20_rf0.30_xgb0.50,APOLLOHOSP.NS,2026-02-05,ensemble_lr0.20_rf0.30_xgb0.50,2025-02-06,2026-02-05,2026-02-02,2025-03-06,2026-02-04,2026-02-05,225,2026-02-04,True,0,0.5111111111111111,0.6540498454222625,0.84,0.8544239401817322,0.8100219391753186,1,81.0,0.7228902140748865,1,72.29,HOLD,0.5597,0.1195,Sideways,-0.165,0.0,unavailable_no_point_in_time_source,False,7098.3,7104.287109375,2026-02-06,7134.7109375,0.4282,1,2026-02-10,7201.0458984375,1.362,1.0,2026-02-12,7520.25,5.8551,1.0,2026-02-19,7583.671875,6.7478,1.0,1,1,1,0,1,1,0.513,1,1.0,1.0,0.0,1.0,1.0,1.4475,1.0,1.0,1.0,0.0,1.0,0.0,5.9444,0.0,1.0,1.0,0.0,1.0,0.0,6.8379,0.0,80-85,70-75
APOLLOTYRE.NS|2026-02-05|ensemble_lr0.20_rf0.30_xgb0.50,APOLLOTYRE.NS,2026-02-05,ensemble_lr0.20_rf0.30_xgb0.50,2025-02-06,2026-02-05,2026-02-02,2025-03-06,2026-02-04,2026-02-05,225,2026-02-04,True,0,0.5185185185185186,0.36598318359538445,0.32,0.41318047046661377,0.3757868719523838,0,62.42,0.4684520837244258,0,53.15,SELL,0.4195,-0.1609,Sideways,-0.165,0.0,unavailable_no_point_in_time_source,True,506.21,501.4690246582031,2026-02-06,497.8648986816406,-0.7187,0,2026-02-10,504.3158874511719,0.5677,1.0,2026-02-12,495.9139404296875,-1.1078,0.0,2026-02-19,459.7209167480469,-8.3252,0.0,0,1,1,1,1,1,-1.6485,1,0.0,0.0,0.0,0.0,0.0,-0.3742,1.0,1.0,1.0,1.0,1.0,1.0,-2.034,1.0,1.0,1.0,1.0,1.0,1.0,-9.1838,1.0,60-65,50-55
ASHOKLEY.NS|2026-02-05|ensemble_lr0.20_rf0.30_xgb0.50,ASHOKLEY.NS,2026-02-05,ensemble_lr0.20_rf0.30_xgb0.50,2025-02-06,2026-02-05,2026-02-02,2025-03-06,2026-02-04,2026-02-05,225,2026-02-04,True,1,0.525925925925926,0.8595538056919496,0.9,0.871881365776062,0.8778514440264209,1,87.79,0.755571591228041,1,75.56,BUY,0.6887,0.3775,High Volatility,1.0,0.0,unavailable_no_point_in_time_source,False,197.55,198.12026977539062,2026-02-06,198.45455932617188,0.1687,1,2026-02-10,206.21221923828125,4.0844,1.0,2026-02-12,207.4805908203125,4.7246,1.0,2026-02-19,200.07688903808594,0.9876,1.0,1,1,1,1,1,1,0.4579,1,1.0,1.0,1.0,1.0,1.0,4.3848,1.0,1.0,1.0,1.0,1.0,1.0,5.0269,1.0,1.0,1.0,1.0,1.0,1.0,1.2791,1.0,85-90,75-80
ASIANPAINT.NS|2026-02-05|ensemble_lr0.20_rf0.30_xgb0.50,ASIANPAINT.NS,2026-02-05,ensemble_lr0.20_rf0.30_xgb0.50,2025-02-06,2026-02-05,2026-02-02,2025-03-06,2026-02-04,2026-02-05,225,2026-02-04,True,1,0.5111111111111111,0.48998985697023284,0.24,0.2399604320526123,0.28997818742035275,0,71.0,0.5979242189290715,1,59.79,SELL,0.3414,-0.3172,High Volatility,-0.5,0.0,unavailable_no_point_in_time_source,False,2431.6,2411.1806640625,2026-02-06,2380.447265625,-1.2746,0,2026-02-10,2373.011962890625,-1.583,0.0,2026-02-12,2389.766357421875,-0.8881,0.0,2026-02-19,2380.14990234375,-1.287,0.0,0,1,0,0,1,1,-2.1037,1,1.0,0.0,0.0,1.0,1.0,-2.4094,1.0,1.0,0.0,0.0,1.0,1.0,-1.7204,1.0,1.0,0.0,0.0,1.0,1.0,-2.1159,1.0,70-75,55-60
ASTRAL.NS|2026-02-05|ensemble_lr0.20_rf0.30_xgb0.50,ASTRAL.NS,2026-02-05,ensemble_lr0.20_rf0.30_xgb0.50,2025-02-06,2026-02-05,2026-02-02,2025-03-06,2026-02-04,2026-02-05,225,2026-02-04,True,0,0.5629629629629629,0.3096054305803887,0.58,0.6367303729057312,0.5542862725689434,1,55.43,0.482810613980704,0,51.72,BUY,0.608,0.2161,Sideways,0.165,0.0,unavailable_no_point_in_time_source,False,1499.04,1501.23876953125,2026-02-06,1469.8880615234375,-2.0883,0,2026-02-10,1529.7938232421875,1.9021,1.0,2026-02-12,1589.1005859375,5.8526,1.0,2026-02-19,1618.4544677734375,7.8079,1.0,1,0,1,1,0,0,-1.9447,0,1.0,0.0,0.0,1.0,1.0,2.0516,1.0,1.0,0.0,0.0,1.0,1.0,6.0079,1.0,1.0,0.0,0.0,1.0,1.0,7.9661,1.0,55-60,50-55
AUBANK.NS|2026-02-05|ensemble_lr0.20_rf0.30_xgb0.50,AUBANK.NS,2026-02-05,ensemble_lr0.20_rf0.30_xgb0.50,2025-02-06,2026-02-05,2026-02-02,2025-03-06,2026-02-04,2026-02-05,225,2026-02-04,True,1,0.5037037037037037,0.527016415001194,0.7,0.6845243573188782,0.6576654616596779,1,65.77,0.6309398527779644,1,63.09,BUY,0.5918,0.1835,Sideways,0.5,0.0,unavailable_no_point_in_time_source,True,980.0,985.0433959960938,2026-02-06,990.0885009765625,0.5122,1,2026-02-10,1000.1787109375,1.5365,1.0,2026-02-12,999.6292114257812,1.4807,1.0,2026-02-19,1016.063232421875,3.1491,1.0,1,1,1,1,1,1,1.0294,1,1.0,1.0,1.0,1.0,1.0,2.0591,1.0,1.0,1.0,1.0,1.0,1.0,2.003,1.0,1.0,1.0,1.0,1.0,1.0,3.6799,1.0,65-70,60-65
AXISBANK.NS|2026-02-05|ensemble_lr0.20_rf0.30_xgb0.50,AXISBANK.NS,2026-02-05,ensemble_lr0.20_rf0.30_xgb0.50,2025-02-06,2026-02-05,2026-02-02,2025-03-06,2026-02-04,2026-02-05,225,2026-02-04,True,0,0.42962962962962964,0.2410374039599048,0.06,0.1412244439125061,0.13681970274823402,0,86.32,0.5642791067395612,1,56.43,BUY,0.5962,0.1923,Bullish,0.835,0.0,unavailable_no_point_in_time_source,False,1337.67,1329.5745849609375,2026-02-06,1340.5660400390625,0.8267,1,2026-02-10,1355.6544189453125,1.9615,1.0,2026-02-12,1338.9674072265625,0.7065,1.0,2026-02-19,1355.5545654296875,1.954,1.0,0,0,1,0,0,1,0.2165,1,0.0,1.0,0.0,0.0,1.0,1.3445,1.0,0.0,1.0,0.0,0.0,1.0,0.097,1.0,0.0,1.0,0.0,0.0,1.0,1.337,1.0,85-90,55-60
BAJAJ-AUTO.NS|2026-02-05|ensemble_lr0.20_rf0.30_xgb0.50,BAJAJ-AUTO.NS,2026-02-05,ensemble_lr0.20_rf0.30_xgb0.50,2025-02-06,2026-02-05,2026-02-02,2025-03-06,2026-02-04,2026-02-05,225,2026-02-04,True,1,0.5481481481481482,0.5536835434041159,0.72,0.7891567945480347,0.7213151059548405,1,72.13,0.6222396247998935,1,62.22,BUY,0.6854,0.3707,Sideways,0.835,0.0,unavailable_no_point_in_time_source,False,9505.23,9513.119140625,2026-02-06,9386.40234375,-1.332,0,2026-02-10,9638.3564453125,1.3165,1.0,2026-02-12,9703.4404296875,2.0006,1.0,2026-02-19,9593.9814453125,0.85,1.0,1,0,0,0,0,0,-1.2501,0,1.0,1.0,1.0,1.0,1.0,1.4006,1.0,1.0,1.0,1.0,1.0,1.0,2.0853,1.0,1.0,1.0,1.0,1.0,1.0,0.9337,1.0,70-75,60-65
BAJAJFINSV.NS|2026-02-05|ensemble_lr0.20_rf0.30_xgb0.50,BAJAJFINSV.NS,2026-02-05,ensemble_lr0.20_rf0.30_xgb0.50,2025-02-06,2026-02-05,2026-02-02,2025-03-06,2026-02-04,2026-02-05,225,2026-02-04,True,0,0.48148148148148145,0.3112232942181405,0.22,0.09201807528734207,0.17425369648729913,0,82.57,0.33924934404942353,0,66.08,HOLD,0.4399,-0.1203,Sideways,0.0,0.0,unavailable_no_point_in_time_source,True,2017.88,1998.394775390625,2026-02-06,2022.47412109375,1.2049,1,2026-02-10,2026.1710205078125,1.3899,1.0,2026-02-12,2035.3631591796875,1.8499,1.0,2026-02-19,2031.4664306640625,1.6549,1.0,0,0,0,0,0,1,0.2277,1,0.0,0.0,0.0,0.0,1.0,0.4109,1.0,0.0,0.0,0.0,0.0,1.0,0.8664,1.0,0.0,0.0,0.0,0.0,1.0,0.6733,1.0,80-85,65-70
BAJFINANCE.NS|2026-02-05|ensemble_lr0.20_rf0.30_xgb0.50,BAJFINANCE.NS,2026-02-05,ensemble_lr0.20_rf0.30_xgb0.50,2025-02-06,2026-02-05,2026-02-02,2025-03-06,2026-02-04,2026-02-05,225,2026-02-04,True,1,0.4296296296296296,0.5001324207540327,0.62,0.5589811205863953,0.5655170444440042,1,56.55,0.5897310615489283,1,58.97,HOLD,0.576,0.1521,Sideways,0.0,0.0,unavailable_no_point_in_time_source,True,957.41,958.855712890625,2026-02-06,975.7021484375,1.7569,1,2026-02-10,959.7005004882812,0.0881,1.0,2026-02-12,992.995849609375,3.5605,1.0,2026-02-19,1010.836181640625,5.4211,1.0,1,1,1,1,1,1,1.9106,1,1.0,1.0,1.0,1.0,1.0,0.2392,1.0,1.0,1.0,1.0,1.0,0.0,3.7169,0.0,1.0,1.0,1.0,1.0,0.0,5.5803,0.0,55-60,55-60
BEL.NS|2026-02-05|ensemble_lr0.20_rf0.30_xgb0.50,BEL.NS,2026-02-05,ensemble_lr0.20_rf0.30_xgb0.50,2025-02-06,2026-02-05,2026-02-02,2025-03-06,2026-02-04,2026-02-05,225,2026-02-04,True,0,0.5259259259259259,0.46582449059863945,0.3,0.247955322265625,0.3071425592525404,0,69.29,0.31957492638988194,0,68.04,HOLD,0.5494,0.0987,High Volatility,0.665,0.0,unavailable_no_point_in_time_source,True,436.75,430.48046875,2026-02-06,427.2486267089844,-0.7508,0,2026-02-10,434.8558654785156,1.0164,1.0,2026-02-12,441.4189758300781,2.541,1.0,2026-02-19,432.9167785644531,0.566,1.0,0,1,1,1,1,1,-2.1755,1,0.0,0.0,0.0,0.0,1.0,-0.4337,1.0,0.0,0.0,0.0,0.0,1.0,1.069,1.0,0.0,0.0,0.0,0.0,1.0,-0.8777,1.0,65-70,65-70
BPCL.NS|2026-02-05|ensemble_lr0.20_rf0.30_xgb0.50,BPCL.NS,2026-02-05,ensemble_lr0.20_rf0.30_xgb0.50,2025-02-06,2026-02-05,2026-02-02,2025-03-06,2026-02-04,2026-02-05,225,2026-02-04,True,0,0.43703703703703706,0.44598321638099336,0.22,0.2740458846092224,0.2922195855808099,0,70.78,0.30689238384253686,0,69.31,HOLD,0.5115,0.023,Sideways,0.5,0.0,unavailable_no_point_in_time_source,True,382.45,382.04998779296875,2026-02-06,386.3500061035156,1.1255,1,2026-02-10,386.3500061035156,1.1255,1.0,2026-02-12,377.70001220703125,-1.1386,0.0,2026-02-19,367.6499938964844,-3.7691,0.0,0,0,0,0,0,1,1.0197,1,0.0,0.0,0.0,0.0,1.0,1.0197,1.0,1.0,1.0,1.0,1.0,1.0,-1.242,1.0,1.0,1.0,1.0,1.0,0.0,-3.8698,0.0,70-75,65-70
AARTIIND.NS|2026-02-12|ensemble_lr0.20_rf0.30_xgb0.50,AARTIIND.NS,2026-02-12,ensemble_lr0.20_rf0.30_xgb0.50,2025-02-13,2026-02-12,2026-02-09,2025-03-13,2026-02-11,2026-02-12,225,2026-02-11,True,0,0.5481481481481482,0.11010390387822742,0.06,0.10788150876760483,0.0939615351594479,0,90.6,0.14877093053603915,0,85.12,HOLD,0.5687,0.1373,High Volatility,0.665,0.0,unavailable_no_point_in_time_source,False,466.22,464.67626953125,2026-02-13,445.5143737792969,-4.1237,0,2026-02-17,454.04742431640625,-2.2874,0.0,2026-02-19,453.54840087890625,-2.3948,0.0,2026-02-26,454.7959289550781,-2.1263,0.0,0,1,1,1,1,0,-4.4412,0,1.0,1.0,1.0,1.0,1.0,-2.6109,1.0,1.0,1.0,1.0,1.0,1.0,-2.7179,1.0,1.0,1.0,1.0,1.0,1.0,-2.4504,1.0,90-95,85-90
AAVAS.NS|2026-02-12|ensemble_lr0.20_rf0.30_xgb0.50,AAVAS.NS,2026-02-12,ensemble_lr0.20_rf0.30_xgb0.50,2025-02-13,2026-02-12,2026-02-09,2025-03-13,2026-02-11,2026-02-12,225,2026-02-11,True,0,0.4296296296296296,0.3303477274472252,0.34,0.34214362502098083,0.33914135799993544,0,66.09,0.5026113907321694,1,50.26,SELL,0.3406,-0.3188,High Volatility,-1.0,0.0,unavailable_no_point_in_time_source,False,1309.9,1308.5,2026-02-13,1286.5999755859375,-1.6737,0,2026-02-17,1302.5999755859375,-0.4509,0.0,2026-02-19,1289.0,-1.4903,0.0,2026-02-26,1291.300048828125,-1.3145,0.0,0,1,0,1,1,1,-1.7788,1,1.0,0.0,1.0,1.0,1.0,-0.5573,1.0,1.0,0.0,1.0,1.0,1.0,-1.5955,1.0,1.0,0.0,1.0,1.0,1.0,-1.42,1.0,65-70,50-55
ABCAPITAL.NS|2026-02-12|ensemble_lr0.20_rf0.30_xgb0.50,ABCAPITAL.NS,2026-02-12,ensemble_lr0.20_rf0.30_xgb0.50,2025-02-13,2026-02-12,2026-02-09,2025-03-13,2026-02-11,2026-02-12,225,2026-02-11,True,1,0.5407407407407407,0.7712151305277801,0.78,0.8693570494651794,0.8229215508381458,1,82.29,0.7175640601899282,1,71.76,BUY,0.6223,0.2446,High Volatility,0.33,0.0,unavailable_no_point_in_time_source,True,344.25,344.6499938964844,2026-02-13,336.20001220703125,-2.4518,0,2026-02-17,348.95001220703125,1.2476,1.0,2026-02-19,344.29998779296875,-0.1016,0.0,2026-02-26,356.1499938964844,3.3367,1.0,1,0,0,0,0,0,-2.3384,0,1.0,1.0,1.0,1.0,1.0,1.3653,1.0,0.0,0.0,0.0,0.0,0.0,0.0145,1.0,1.0,1.0,1.0,1.0,1.0,3.4568,1.0,80-85,70-75
ABFRL.NS|2026-02-12|ensemble_lr0.20_rf0.30_xgb0.50,ABFRL.NS,2026-02-12,ensemble_lr0.20_rf0.30_xgb0.50,2025-02-13,2026-02-12,2026-02-09,2025-03-13,2026-02-11,2026-02-12,225,2026-02-11,True,0,0.5111111111111111,0.3487954356101963,0.12,0.1242075189948082,0.16786284661944337,0,83.21,0.26153802044399416,0,73.85,HOLD,0.4223,-0.1555,High Volatility,-0.165,0.0,unavailable_no_point_in_time_source,True,70.89,70.04000091552734,2026-02-13,73.80000305175781,5.3684,1,2026-02-17,72.06999969482422,2.8983,1.0,2026-02-19,70.08000183105469,0.0571,1.0,2026-02-26,68.55000305175781,-2.1274,0.0,0,0,0,0,0,0,4.105,0,0.0,0.0,0.0,0.0,1.0,1.6646,1.0,0.0,0.0,0.0,0.0,1.0,-1.1426,1.0,1.0,1.0,1.0,1.0,1.0,-3.3009,0.0,80-85,70-75
ACC.NS|2026-02-12|ensemble_lr0.20_rf0.30_xgb0.50,ACC.NS,2026-02-12,ensemble_lr0.20_rf0.30_xgb0.50,2025-02-13,2026-02-12,2026-02-09,2025-03-13,2026-02-11,2026-02-12,225,2026-02-11,True,0,0.4518518518518519,0.5416846445199945,0.2,0.1282905787229538,0.23248221826547583,0,76.75,0.4125031976459744,0,58.75,SELL,0.3894,-0.2212,Sideways,-0.5,0.0,unavailable_no_point_in_time_source,False,1688.23,1661.685302734375,2026-02-13,1627.6820068359375,-2.0463,0,2026-02-17,1629.96875,-1.9087,0.0,2026-02-19,1608.294189453125,-3.2131,0.0,2026-02-26,1603.820068359375,-3.4823,0.0,0,1,1,1,1,1,-3.5865,1,1.0,1.0,1.0,1.0,1.0,-3.451,1.0,1.0,1.0,1.0,1.0,1.0,-4.7349,1.0,1.0,1.0,1.0,1.0,1.0,-4.9999,1.0,75-80,55-60
ADANIENT.NS|2026-02-12|ensemble_lr0.20_rf0.30_xgb0.50,ADANIENT.NS,2026-02-12,ensemble_lr0.20_rf0.30_xgb0.50,2025-02-13,2026-02-12,2026-02-09,2025-03-13,2026-02-11,2026-02-12,225,2026-02-11,True,0,0.5481481481481482,0.19418472309584406,0.24,0.08017943054437637,0.150926659891357,0,84.91,0.5792191471526775,1,57.92,SELL,0.4089,-0.1822,High Volatility,-0.335,0.0,unavailable_no_point_in_time_source,True,2233.4,2210.8115234375,2026-02-13,2135.645263671875,-3.3999,0,2026-02-17,2241.8974609375,1.4061,1.0,2026-02-19,2155.736083984375,-2.4912,0.0,2026-02-26,2215.409423828125,0.208,1.0,0,1,0,1,1,1,-4.3769,1,0.0,1.0,0.0,0.0,0.0,0.3805,0.0,1.0,0.0,1.0,1.0,1.0,-3.4774,1.0,0.0,1.0,0.0,0.0,0.0,-0.8055,1.0,80-85,55-60
ADANIPORTS.NS|2026-02-12|ensemble_lr0.20_rf0.30_xgb0.50,ADANIPORTS.NS,2026-02-12,ensemble_lr0.20_rf0.30_xgb0.50,2025-02-13,2026-02-12,2026-02-09,2025-03-13,2026-02-11,2026-02-12,225,2026-02-11,True,1,0.5703703703703704,0.43632807316247735,0.08,0.14250577986240387,0.18251850456369742,0,81.75,0.25853217012646507,0,74.15,HOLD,0.5676,0.1353,Bullish,0.5,0.0,unavailable_no_point_in_time_source,False,1546.88,1537.221435546875,2026-02-13,1512.6251220703125,-1.6001,0,2026-02-17,1559.7266845703125,1.464,1.0,2026-02-19,1506.9490966796875,-1.9693,0.0,2026-02-26,1544.092529296875,0.447,1.0,0,1,1,0,1,1,-2.2144,1,0.0,0.0,1.0,0.0,1.0,0.8305,1.0,1.0,1.0,0.0,1.0,1.0,-2.5814,1.0,0.0,0.0,1.0,0.0,1.0,-0.1802,1.0,80-85,70-75
AETHER.NS|2026-02-12|ensemble_lr0.20_rf0.30_xgb0.50,AETHER.NS,2026-02-12,ensemble_lr0.20_rf0.30_xgb0.50,2025-02-13,2026-02-12,2026-02-09,2025-03-13,2026-02-11,2026-02-12,225,2026-02-11,True,0,0.5555555555555556,0.45853461993108746,0.26,0.24691888689994812,0.29316636743619157,0,70.68,0.42787993541133557,0,57.21,HOLD,0.489,-0.022,High Volatility,0.5,0.0,unavailable_no_point_in_time_source,False,981.4,966.4000244140625,2026-02-13,966.9000244140625,0.0517,1,2026-02-17,977.7000122070312,1.1693,1.0,2026-02-19,960.0999755859375,-0.6519,0.0,2026-02-26,961.4000244140625,-0.5174,0.0,0,0,0,0,0,1,-1.4775,1,0.0,0.0,0.0,0.0,1.0,-0.377,1.0,1.0,1.0,1.0,1.0,1.0,-2.1704,1.0,1.0,1.0,1.0,1.0,1.0,-2.0379,1.0,70-75,55-60
AIAENG.NS|2026-02-12|ensemble_lr0.20_rf0.30_xgb0.50,AIAENG.NS,2026-02-12,ensemble_lr0.20_rf0.30_xgb0.50,2025-02-13,2026-02-12,2026-02-09,2025-03-13,2026-02-11,2026-02-12,225,2026-02-11,True,1,0.5407407407407407,0.40866614859773354,0.22,0.26338624954223633,0.2794263544906649,0,72.06,0.6098304613108148,1,60.98,HOLD,0.5338,0.0676,High Volatility,0.67,0.0,unavailable_no_point_in_time_source,False,4011.12,3936.303466796875,2026-02-13,3847.337646484375,-2.2601,0,2026-02-17,3930.22607421875,-0.1544,0.0,2026-02-19,3945.369140625,0.2303,1.0,2026-02-26,3906.614990234375,-0.7542,0.0,0,1,0,0,1,1,-4.0832,0,1.0,0.0,0.0,1.0,1.0,-2.0167,1.0,0.0,1.0,1.0,0.0,1.0,-1.6392,1.0,1.0,0.0,0.0,1.0,1.0,-2.6054,1.0,70-75,60-65
AJANTPHARM.NS|2026-02-12|ensemble_lr0.20_rf0.30_xgb0.50,AJANTPHARM.NS,2026-02-12,ensemble_lr0.20_rf0.30_xgb0.50,2025-02-13,2026-02-12,2026-02-09,2025-03-13,2026-02-11,2026-02-12,225,2026-02-11,True,0,0.45925925925925926,0.19671076342285643,0.32,0.13974443078041077,0.20521436807477667,0,79.48,0.32236500795801326,0,67.76,BUY,0.6109,0.2219,Bullish,1.0,0.0,unavailable_no_point_in_time_source,False,2881.4,2863.765380859375,2026-02-13,2893.59228515625,1.0415,1,2026-02-17,2930.949951171875,2.346,1.0,2026-02-19,2932.83251953125,2.4118,1.0,2026-02-26,2951.858154296875,3.0761,1.0,0,0,0,0,0,1,0.4231,1,0.0,0.0,0.0,0.0,1.0,1.7196,1.0,0.0,0.0,0.0,0.0,1.0,1.785,1.0,0.0,0.0,0.0,0.0,1.0,2.4453,1.0,75-80,65-70
ALEMBICLTD.NS|2026-02-12|ensemble_lr0.20_rf0.30_xgb0.50,ALEMBICLTD.NS,2026-02-12,ensemble_lr0.20_rf0.30_xgb0.50,2025-02-13,2026-02-12,2026-02-09,2025-03-13,2026-02-11,2026-02-12,225,2026-02-11,True,0,0.5037037037037037,0.32234958510611916,0.2,0.18043670058250427,0.21468826731247598,0,78.53,0.34986875160299746,0,65.01,SELL,0.4011,-0.1977,Sideways,-0.335,0.0,unavailable_no_point_in_time_source,False,96.52,95.99909210205078,2026-02-13,92.97051239013672,-3.1548,0,2026-02-17,93.20423126220703,-2.9113,0.0,2026-02-19,91.07156372070312,-5.1329,0.0,2026-02-26,88.75387573242188,-7.5472,0.0,0,1,1,1,1,1,-3.6775,1,1.0,1.0,1.0,1.0,1.0,-3.4353,1.0,1.0,1.0,1.0,1.0,1.0,-5.6449,1.0,1.0,1.0,1.0,1.0,1.0,-8.0461,1.0,75-80,65-70
ALKEM.NS|2026-02-12|ensemble_lr0.20_rf0.30_xgb0.50,ALKEM.NS,2026-02-12,ensemble_lr0.20_rf0.30_xgb0.50,2025-02-13,2026-02-12,2026-02-09,2025-03-13,2026-02-11,2026-02-12,225,2026-02-11,True,1,0.5851851851851851,0.41360554295561797,0.26,0.23023489117622375,0.2758385541792355,0,72.42,0.37524099594335936,0,62.48,HOLD,0.5085,0.0171,Sideways,0.335,0.0,unavailable_no_point_in_time_source,False,5832.46,5813.1494140625,2026-02-13,5349.72119140625,-7.9721,0,2026-02-17,5403.19384765625,-7.0522,0.0,2026-02-19,5324.470703125,-8.4064,0.0,2026-02-26,5741.72412109375,-1.2287,0.0,0,1,1,0,1,0,-8.2768,0,1.0,1.0,0.0,1.0,0.0,-7.36,0.0,1.0,1.0,0.0,1.0,0.0,-8.7097,0.0,1.0,1.0,0.0,1.0,1.0,-1.5557,1.0,70-75,60-65
AMBER.NS|2026-02-12|ensemble_lr0.20_rf0.30_xgb0.50,AMBER.NS,2026-02-12,ensemble_lr0.20_rf0.30_xgb0.50,2025-02-13,2026-02-12,2026-02-09,2025-03-13,2026-02-11,2026-02-12,225,2026-02-11,True,1,0.4518518518518519,0.9531933903861132,0.84,0.8642675280570984,0.8747724421057719,1,87.48,0.7368775522110513,1,73.69,BUY,0.6096,0.2192,High Volatility,0.0,0.0,unavailable_no_point_in_time_source,False,7696.0,7784.5,2026-02-13,7734.5,-0.6423,0,2026-02-17,7818.0,0.4303,1.0,2026-02-19,7705.5,-1.0148,0.0,2026-02-26,7942.5,2.0297,1.0,1,0,0,0,0,0,0.5003,1,1.0,1.0,1.0,1.0,1.0,1.5852,1.0,0.0,0.0,0.0,0.0,0.0,0.1234,1.0,1.0,1.0,1.0,1.0,1.0,3.203,1.0,85-90,70-75
ANGELONE.NS|2026-02-12|ensemble_lr0.20_rf0.30_xgb0.50,ANGELONE.NS,2026-02-12,ensemble_lr0.20_rf0.30_xgb0.50,2025-02-13,2026-02-12,2026-02-09,2025-03-13,2026-02-11,2026-02-12,225,2026-02-11,True,1,0.43703703703703706,0.3341550204221798,0.2,0.183623269200325,0.2186426386845985,0,78.14,0.45539182013552354,0,54.46,BUY,0.5813,0.1626,High Volatility,0.665,0.0,unavailable_no_point_in_time_source,False,275.24,272.3648681640625,2026-02-13,267.0501708984375,-1.9513,0,2026-02-17,254.3721466064453,-6.6061,0.0,2026-02-19,248.3745880126953,-8.8081,0.0,2026-02-26,243.96054077148438,-10.4288,0.0,0,1,1,0,1,0,-2.9755,0,1.0,1.0,0.0,1.0,0.0,-7.5817,0.0,1.0,1.0,0.0,1.0,0.0,-9.7607,0.0,1.0,1.0,0.0,1.0,0.0,-11.3644,0.0,75-80,50-55
APARINDS.NS|2026-02-12|ensemble_lr0.20_rf0.30_xgb0.50,APARINDS.NS,2026-02-12,ensemble_lr0.20_rf0.30_xgb0.50,2025-02-13,2026-02-12,2026-02-09,2025-03-13,2026-02-11,2026-02-12,225,2026-02-11,True,0,0.45925925925925926,0.40113426003364283,0.22,0.11112352460622787,0.20178861430984252,0,79.82,0.5050778412605506,1,50.51,HOLD,0.5704,0.1409,High Volatility,0.665,0.0,unavailable_no_point_in_time_source,False,9546.86,9492.5439453125,2026-02-13,9478.09375,-0.1522,0,2026-02-17,9522.9384765625,0.3202,1.0,2026-02-19,10028.6826171875,5.648,1.0,2026-02-26,10769.609375,13.4534,1.0,0,1,0,1,1,1,-0.7203,1,0.0,1.0,0.0,0.0,1.0,-0.2506,1.0,0.0,1.0,0.0,0.0,0.0,5.0469,0.0,0.0,1.0,0.0,0.0,0.0,12.8079,0.0,75-80,50-55
APOLLOHOSP.NS|2026-02-12|ensemble_lr0.20_rf0.30_xgb0.50,APOLLOHOSP.NS,2026-02-12,ensemble_lr0.20_rf0.30_xgb0.50,2025-02-13,2026-02-12,2026-02-09,2025-03-13,2026-02-11,2026-02-12,225,2026-02-11,True,0,0.4962962962962963,0.6144346825925412,0.78,0.8870375156402588,0.8004056943386376,1,80.04,0.6025085908298591,1,60.25,BUY,0.6545,0.309,Bullish,0.17,0.0,unavailable_no_point_in_time_source,False,7488.33,7520.25,2026-02-13,7523.7412109375,0.0464,1,2026-02-17,7592.6611328125,0.9629,1.0,2026-02-19,7583.671875,0.8433,1.0,2026-02-26,7765.95947265625,3.2673,1.0,1,1,1,0,1,1,0.4729,1,1.0,1.0,0.0,1.0,1.0,1.3932,1.0,1.0,1.0,0.0,1.0,1.0,1.2732,1.0,1.0,1.0,0.0,1.0,1.0,3.7075,1.0,80-85,60-65
APOLLOTYRE.NS|2026-02-12|ensemble_lr0.20_rf0.30_xgb0.50,APOLLOTYRE.NS,2026-02-12,ensemble_lr0.20_rf0.30_xgb0.50,2025-02-13,2026-02-12,2026-02-09,2025-03-13,2026-02-11,2026-02-12,225,2026-02-11,True,0,0.5037037037037037,0.6499443663902701,0.32,0.34631019830703735,0.39914397243157274,0,60.09,0.5635576703375823,1,56.36,HOLD,0.4851,-0.0298,High Volatility,0.165,0.0,unavailable_no_point_in_time_source,True,506.6,495.9139404296875,2026-02-13,486.86566162109375,-1.8246,0,2026-02-17,475.6796569824219,-4.0802,0.0,2026-02-19,459.7209167480469,-7.2982,0.0,2026-02-26,458.2294616699219,-7.599,0.0,0,1,0,1,1,1,-3.8954,0,1.0,0.0,1.0,1.0,0.0,-6.1035,0.0,1.0,0.0,1.0,1.0,0.0,-9.2537,0.0,1.0,0.0,1.0,1.0,0.0,-9.5481,0.0,60-65,55-60
ASHOKLEY.NS|2026-02-12|ensemble_lr0.20_rf0.30_xgb0.50,ASHOKLEY.NS,2026-02-12,ensemble_lr0.20_rf0.30_xgb0.50,2025-02-13,2026-02-12,2026-02-09,2025-03-13,2026-02-11,2026-02-12,225,2026-02-11,True,1,0.48148148148148145,0.9147382500078639,0.78,0.8389573097229004,0.8364263048630229,1,83.64,0.502347735473873,1,50.23,BUY,0.7173,0.4345,High Volatility,1.0,0.0,unavailable_no_point_in_time_source,False,202.89,207.4805908203125,2026-02-13,201.19776916503906,-3.0281,0,2026-02-17,204.1966094970703,-1.5828,0.0,2026-02-19,200.07688903808594,-3.5684,0.0,2026-02-26,208.36549377441406,0.4265,1.0,1,0,0,0,0,0,-0.8341,0,0.0,0.0,0.0,0.0,0.0,0.644,1.0,0.0,0.0,0.0,0.0,0.0,-1.3865,0.0,1.0,1.0,1.0,1.0,1.0,2.6987,1.0,80-85,50-55
ASIANPAINT.NS|2026-02-12|ensemble_lr0.20_rf0.30_xgb0.50,ASIANPAINT.NS,2026-02-12,ensemble_lr0.20_rf0.30_xgb0.50,2025-02-13,2026-02-12,2026-02-09,2025-03-13,2026-02-11,2026-02-12,225,2026-02-11,True,1,0.4962962962962963,0.7257622786316039,0.72,0.7095327377319336,0.7159188245922876,1,71.59,0.3685130778408986,0,63.15,SELL,0.4077,-0.1846,Bearish,-0.665,0.0,unavailable_no_point_in_time_source,True,2371.92,2389.766357421875,2026-02-13,2346.045654296875,-1.8295,0,2026-02-17,2416.434814453125,1.1159,1.0,2026-02-19,2380.14990234375,-0.4024,0.0,2026-02-26,2374.300537109375,-0.6472,0.0,1,0,1,0,0,1,-1.0909,1,1.0,0.0,1.0,1.0,0.0,1.8767,0.0,0.0,1.0,0.0,0.0,1.0,0.347,0.0,0.0,1.0,0.0,0.0,1.0,0.1004,0.0,70-75,60-65
ASTRAL.NS|2026-02-12|ensemble_lr0.20_rf0.30_xgb0.50,ASTRAL.NS,2026-02-12,ensemble_lr0.20_rf0.30_xgb0.50,2025-02-13,2026-02-12,2026-02-09,2025-03-13,2026-02-11,2026-02-12,225,2026-02-11,True,0,0.5185185185185185,0.5180943428768374,0.32,0.2040678709745407,0.30165280406263784,0,69.83,0.5335273193725365,1,53.35,BUY,0.5818,0.1636,Sideways,0.5,0.0,unavailable_no_point_in_time_source,True,1589.6,1589.1005859375,2026-02-13,1593.992919921875,0.3079,1,2026-02-17,1643.1156005859375,3.3991,1.0,2026-02-19,1618.4544677734375,1.8472,1.0,2026-02-26,1681.55517578125,5.818,1.0,0,0,1,0,0,1,0.2764,1,0.0,1.0,0.0,0.0,1.0,3.3666,1.0,0.0,1.0,0.0,0.0,1.0,1.8152,1.0,0.0,1.0,0.0,0.0,1.0,5.7848,1.0,65-70,50-55
AUBANK.NS|2026-02-12|ensemble_lr0.20_rf0.30_xgb0.50,AUBANK.NS,2026-02-12,ensemble_lr0.20_rf0.30_xgb0.50,2025-02-13,2026-02-12,2026-02-09,2025-03-13,2026-02-11,2026-02-12,225,2026-02-11,True,1,0.5481481481481482,0.5749217061344593,0.68,0.8229750990867615,0.7304718907702726,1,73.05,0.22254706340048494,0,77.75,BUY,0.6418,0.2836,Sideways,0.5,0.0,unavailable_no_point_in_time_source,True,989.29,999.6292114257812,2026-02-13,993.934814453125,-0.5697,0,2026-02-17,998.780029296875,-0.0849,0.0,2026-02-19,1016.063232421875,1.644,1.0,2026-02-26,971.7562866210938,-2.7883,0.0,1,0,1,0,0,0,0.4695,1,0.0,1.0,0.0,0.0,0.0,0.9593,1.0,1.0,0.0,1.0,1.0,1.0,2.7063,1.0,0.0,1.0,0.0,0.0,0.0,-1.7724,0.0,70-75,75-80
AXISBANK.NS|2026-02-12|ensemble_lr0.20_rf0.30_xgb0.50,AXISBANK.NS,2026-02-12,ensemble_lr0.20_rf0.30_xgb0.50,2025-02-13,2026-02-12,2026-02-09,2025-03-13,2026-02-11,2026-02-12,225,2026-02-11,True,1,0.48148148148148157,0.1635892282742959,0.26,0.22138334810733795,0.22140951970852815,0,77.86,0.5751669831113131,1,57.52,HOLD,0.5441,0.0882,Sideways,0.835,0.0,unavailable_no_point_in_time_source,True,1346.26,1338.9674072265625,2026-02-13,1331.2733154296875,-0.5746,0,2026-02-17,1356.154052734375,1.2836,1.0,2026-02-19,1355.5545654296875,1.2388,1.0,2026-02-26,1394.424560546875,4.1418,1.0,0,1,0,0,1,1,-1.1132,1,0.0,1.0,1.0,0.0,1.0,0.7349,1.0,0.0,1.0,1.0,0.0,1.0,0.6904,1.0,0.0,1.0,1.0,0.0,0.0,3.5777,0.0,75-80,55-60
BAJAJ-AUTO.NS|2026-02-12|ensemble_lr0.20_rf0.30_xgb0.50,BAJAJ-AUTO.NS,2026-02-12,ensemble_lr0.20_rf0.30_xgb0.50,2025-02-13,2026-02-12,2026-02-09,2025-03-13,2026-02-11,2026-02-12,225,2026-02-11,True,1,0.5333333333333333,0.5279521906843292,0.3,0.16353274881839752,0.2773568125460646,0,72.26,0.3768060176606683,0,62.32,HOLD,0.5635,0.1269,Sideways,1.0,0.0,unavailable_no_point_in_time_source,False,9732.53,9703.4404296875,2026-02-13,9624.55078125,-0.813,0,2026-02-17,9690.1279296875,-0.1372,0.0,2026-02-19,9593.9814453125,-1.128,0.0,2026-02-26,9969.693359375,2.7439,1.0,0,1,1,0,1,1,-1.1095,1,1.0,1.0,0.0,1.0,1.0,-0.4357,1.0,1.0,1.0,0.0,1.0,1.0,-1.4236,1.0,0.0,0.0,1.0,0.0,1.0,2.4368,1.0,70-75,60-65
BAJAJFINSV.NS|2026-02-12|ensemble_lr0.20_rf0.30_xgb0.50,BAJAJFINSV.NS,2026-02-12,ensemble_lr0.20_rf0.30_xgb0.50,2025-02-13,2026-02-12,2026-02-09,2025-03-13,2026-02-11,2026-02-12,225,2026-02-11,True,1,0.45925925925925926,0.45586090623757364,0.76,0.8050450682640076,0.7216947153795186,1,72.17,0.3236696429774268,0,67.63,HOLD,0.5714,0.1428,Sideways,0.165,0.0,unavailable_no_point_in_time_source,True,2025.27,2035.3631591796875,2026-02-13,2021.4749755859375,-0.6823,0,2026-02-17,2042.656982421875,0.3584,1.0,2026-02-19,2031.4664306640625,-0.1915,0.0,2026-02-26,2039.5596923828125,0.2062,1.0,1,0,1,0,0,1,-0.1874,1,1.0,0.0,1.0,1.0,1.0,0.8585,1.0,0.0,1.0,0.0,0.0,1.0,0.306,1.0,1.0,0.0,1.0,1.0,1.0,0.7056,1.0,70-75,65-70
BAJFINANCE.NS|2026-02-12|ensemble_lr0.20_rf0.30_xgb0.50,BAJFINANCE.NS,2026-02-12,ensemble_lr0.20_rf0.30_xgb0.50,2025-02-13,2026-02-12,2026-02-09,2025-03-13,2026-02-11,2026-02-12,225,2026-02-11,True,1,0.40740740740740744,0.5149632329938273,0.82,0.9287832975387573,0.813384295368144,1,81.34,0.5183192821068314,1,51.83,HOLD,0.5622,0.1244,Sideways,0.0,0.0,unavailable_no_point_in_time_source,True,963.03,992.995849609375,2026-02-13,1018.4891357421875,2.5673,1,2026-02-17,1007.9539184570312,1.5064,1.0,2026-02-19,1010.836181640625,1.7966,1.0,2026-02-26,1006.76123046875,1.3862,1.0,1,1,1,1,1,1,5.7588,0,1.0,1.0,1.0,1.0,1.0,4.6649,0.0,1.0,1.0,1.0,1.0,1.0,4.9641,0.0,1.0,1.0,1.0,1.0,1.0,4.541,0.0,80-85,50-55
BEL.NS|2026-02-12|ensemble_lr0.20_rf0.30_xgb0.50,BEL.NS,2026-02-12,ensemble_lr0.20_rf0.30_xgb0.50,2025-02-13,2026-02-12,2026-02-09,2025-03-13,2026-02-11,2026-02-12,225,2026-02-11,True,0,0.5777777777777777,0.45930935324813543,0.86,0.7722948789596558,0.7360093101294549,1,73.6,0.4377587445527583,0,56.22,BUY,0.6384,0.2768,Bullish,0.335,0.0,unavailable_no_point_in_time_source,True,435.1,441.4189758300781,2026-02-13,433.11566162109375,-1.8811,0,2026-02-17,444.3525085449219,0.6646,1.0,2026-02-19,432.9167785644531,-1.9261,0.0,2026-02-26,446.5401916503906,1.1602,1.0,1,0,1,1,0,0,-0.4561,0,1.0,0.0,0.0,1.0,1.0,2.1265,1.0,0.0,1.0,1.0,0.0,0.0,-0.5018,0.0,1.0,0.0,0.0,1.0,1.0,2.6293,1.0,70-75,55-60
BPCL.NS|2026-02-12|ensemble_lr0.20_rf0.30_xgb0.50,BPCL.NS,2026-02-12,ensemble_lr0.20_rf0.30_xgb0.50,2025-02-13,2026-02-12,2026-02-09,2025-03-13,2026-02-11,2026-02-12,225,2026-02-11,True,0,0.4666666666666666,0.37405965265224356,0.26,0.19584591686725616,0.2507348889640768,0,74.93,0.4841947332182093,0,51.58,BUY,0.6225,0.245,Bullish,1.0,0.0,unavailable_no_point_in_time_source,False,387.6,377.70001220703125,2026-02-13,374.1000061035156,-0.9531,0,2026-02-17,374.95001220703125,-0.7281,0.0,2026-02-19,367.6499938964844,-2.6608,0.0,2026-02-26,386.0,2.1975,1.0,0,1,1,1,1,0,-3.483,0,1.0,1.0,1.0,1.0,0.0,-3.2637,0.0,1.0,1.0,1.0,1.0,0.0,-5.1471,0.0,0.0,0.0,0.0,0.0,1.0,-0.4128,0.0,70-75,50-55
AARTIIND.NS|2026-02-19|ensemble_lr0.20_rf0.30_xgb0.50,AARTIIND.NS,2026-02-19,ensemble_lr0.20_rf0.30_xgb0.50,2025-02-20,2026-02-19,2026-02-16,2025-03-21,2026-02-18,2026-02-19,226,2026-02-18,True,0,0.4710144927536232,0.4090749763914318,0.22,0.27302733063697815,0.2843286605967754,0,71.57,0.5590846045305533,1,55.91,BUY,0.5913,0.1827,High Volatility,0.665,0.0,unavailable_no_point_in_time_source,True,459.24,453.54840087890625,2026-02-20,449.75592041015625,-0.8362,0,2026-02-24,448.9076232910156,-1.0232,0.0,2026-02-26,454.7959289550781,0.2751,1.0,2026-03-06,418.5180358886719,-7.7236,0.0,0,1,0,1,1,0,-2.0652,0,1.0,0.0,1.0,1.0,0.0,-2.2499,0.0,0.0,1.0,0.0,0.0,1.0,-0.9677,0.0,1.0,0.0,1.0,1.0,0.0,-8.8673,0.0,70-75,55-60
AAVAS.NS|2026-02-19|ensemble_lr0.20_rf0.30_xgb0.50,AAVAS.NS,2026-02-19,ensemble_lr0.20_rf0.30_xgb0.50,2025-02-20,2026-02-19,2026-02-16,2025-03-21,2026-02-18,2026-02-19,226,2026-02-18,True,0,0.3768115942028985,0.4507336239703542,0.32,0.28350570797920227,0.327899578783672,0,67.21,0.5987137712887514,1,59.87,SELL,0.3165,-0.367,High Volatility,-1.0,0.0,unavailable_no_point_in_time_source,False,1305.6,1289.0,2026-02-20,1280.0,-0.6982,0,2026-02-24,1269.199951171875,-1.5361,0.0,2026-02-26,1291.300048828125,0.1784,1.0,2026-03-06,1227.9000244140625,-4.7401,0.0,0,1,0,1,1,1,-1.9608,1,1.0,0.0,1.0,1.0,1.0,-2.788,1.0,0.0,1.0,0.0,0.0,0.0,-1.0953,1.0,1.0,0.0,1.0,1.0,1.0,-5.9513,1.0,65-70,55-60
ABCAPITAL.NS|2026-02-19|ensemble_lr0.20_rf0.30_xgb0.50,ABCAPITAL.NS,2026-02-19,ensemble_lr0.20_rf0.30_xgb0.50,2025-02-20,2026-02-19,2026-02-16,2025-03-21,2026-02-18,2026-02-19,226,2026-02-18,True,1,0.48550724637681153,0.6615492287741059,0.28,0.33133944869041443,0.3819795701000284,0,61.8,0.7236942098819161,1,72.37,HOLD,0.4995,-0.001,High Volatility,0.165,0.0,unavailable_no_point_in_time_source,True,349.55,344.29998779296875,2026-02-20,344.8500061035156,0.1597,1,2026-02-24,349.29998779296875,1.4522,1.0,2026-02-26,356.1499938964844,3.4418,1.0,2026-03-06,326.54998779296875,-5.1554,0.0,0,0,1,1,0,1,-1.3446,1,0.0,1.0,1.0,0.0,1.0,-0.0715,1.0,0.0,1.0,1.0,0.0,0.0,1.8881,1.0,1.0,0.0,0.0,1.0,0.0,-6.5799,0.0,60-65,70-75
ABFRL.NS|2026-02-19|ensemble_lr0.20_rf0.30_xgb0.50,ABFRL.NS,2026-02-19,ensemble_lr0.20_rf0.30_xgb0.50,2025-02-20,2026-02-19,2026-02-16,2025-03-21,2026-02-18,2026-02-19,226,2026-02-18,True,0,0.4565217391304348,0.31900561493834567,0.12,0.16842232644557953,0.1840122862104589,0,81.6,0.6073185837663899,1,60.73,HOLD,0.4228,-0.1544,High Volatility,-0.165,0.0,unavailable_no_point_in_time_source,True,71.8,70.08000183105469,2026-02-20,69.8499984741211,-0.3282,0,2026-02-24,68.80000305175781,-1.8265,0.0,2026-02-26,68.55000305175781,-2.1832,0.0,2026-03-06,62.41999816894531,-10.9304,0.0,0,1,0,1,1,1,-2.7159,1,1.0,0.0,1.0,1.0,1.0,-4.1783,0.0,1.0,0.0,1.0,1.0,1.0,-4.5265,0.0,1.0,0.0,1.0,1.0,0.0,-13.0641,0.0,80-85,60-65
ACC.NS|2026-02-19|ensemble_lr0.20_rf0.30_xgb0.50,ACC.NS,2026-02-19,ensemble_lr0.20_rf0.30_xgb0.50,2025-02-20,2026-02-19,2026-02-16,2025-03-21,2026-02-18,2026-02-19,226,2026-02-18,True,0,0.4710144927536232,0.5436463658087862,0.2,0.1418866217136383,0.23967258401857638,0,76.03,0.2897433043097669,0,71.03,STRONG SELL,0.2634,-0.4732,Bearish,-1.0,0.0,unavailable_no_point_in_time_source,False,1631.16,1608.294189453125,2026-02-20,1603.3228759765625,-0.3091,0,2026-02-24,1609.7855224609375,0.0927,1.0,2026-02-26,1603.820068359375,-0.2782,0.0,2026-03-06,1492.563720703125,-7.1959,0.0,0,1,1,1,1,1,-1.7066,1,0.0,0.0,0.0,0.0,0.0,-1.3104,1.0,1.0,1.0,1.0,1.0,1.0,-1.6761,1.0,1.0,1.0,1.0,1.0,1.0,-8.4968,1.0,75-80,70-75
ADANIENT.NS|2026-02-19|ensemble_lr0.20_rf0.30_xgb0.50,ADANIENT.NS,2026-02-19,ensemble_lr0.20_rf0.30_xgb0.50,2025-02-20,2026-02-19,2026-02-16,2025-03-21,2026-02-18,2026-02-19,226,2026-02-18,True,0,0.5289855072463768,0.35971603044726247,0.2,0.1086602732539177,0.18627334271641133,0,81.37,0.29066097820678366,0,70.93,SELL,0.4101,-0.1797,High Volatility,-0.335,0.0,unavailable_no_point_in_time_source,True,2210.21,2155.736083984375,2026-02-20,2159.83447265625,0.1901,1,2026-02-24,2182.0244140625,1.2195,1.0,2026-02-26,2215.409423828125,2.7681,1.0,2026-03-06,2038.9884033203125,-5.4157,0.0,0,0,0,0,0,0,-2.2792,1,0.0,0.0,0.0,0.0,0.0,-1.2752,1.0,0.0,0.0,0.0,0.0,0.0,0.2352,0.0,1.0,1.0,1.0,1.0,1.0,-7.7468,1.0,80-85,70-75
ADANIPORTS.NS|2026-02-19|ensemble_lr0.20_rf0.30_xgb0.50,ADANIPORTS.NS,2026-02-19,ensemble_lr0.20_rf0.30_xgb0.50,2025-02-20,2026-02-19,2026-02-16,2025-03-21,2026-02-18,2026-02-19,226,2026-02-18,True,1,0.5434782608695653,0.6136972671101507,0.12,0.15956930816173553,0.2385241075028979,0,76.15,0.5394424108046525,1,53.94,HOLD,0.5372,0.0744,Sideways,0.335,0.0,unavailable_no_point_in_time_source,True,1544.29,1506.9490966796875,2026-02-20,1505.1566162109375,-0.1189,0,2026-02-24,1548.8724365234375,2.782,1.0,2026-02-26,1544.092529296875,2.4648,1.0,2026-03-06,1471.29931640625,-2.3657,0.0,0,1,0,0,1,1,-2.5341,1,0.0,1.0,1.0,0.0,1.0,0.2967,1.0,0.0,1.0,1.0,0.0,1.0,-0.0128,1.0,1.0,0.0,0.0,1.0,1.0,-4.7265,0.0,75-80,50-55
AETHER.NS|2026-02-19|ensemble_lr0.20_rf0.30_xgb0.50,AETHER.NS,2026-02-19,ensemble_lr0.20_rf0.30_xgb0.50,2025-02-20,2026-02-19,2026-02-16,2025-03-21,2026-02-18,2026-02-19,226,2026-02-18,True,0,0.536231884057971,0.5008319504100608,0.16,0.18327854573726654,0.23980566295064543,0,76.02,0.3935163728548091,0,60.65,HOLD,0.4971,-0.0057,High Volatility,0.5,0.0,unavailable_no_point_in_time_source,False,991.6,960.0999755859375,2026-02-20,966.2000122070312,0.6354,1,2026-02-24,965.0,0.5104,1.0,2026-02-26,961.4000244140625,0.1354,1.0,2026-03-06,1011.9500122070312,5.4005,1.0,0,0,0,0,0,1,-2.5615,1,0.0,0.0,0.0,0.0,1.0,-2.6825,1.0,0.0,0.0,0.0,0.0,1.0,-3.0456,0.0,0.0,0.0,0.0,0.0,0.0,2.0522,1.0,75-80,60-65
AIAENG.NS|2026-02-19|ensemble_lr0.20_rf0.30_xgb0.50,AIAENG.NS,2026-02-19,ensemble_lr0.20_rf0.30_xgb0.50,2025-02-20,2026-02-19,2026-02-16,2025-03-21,2026-02-18,2026-02-19,226,2026-02-18,True,1,0.5,0.2983460559331079,0.12,0.18758440017700195,0.18946141127512256,0,81.05,0.45120628342154057,0,54.88,HOLD,0.488,-0.024,High Volatility,0.335,0.0,unavailable_no_point_in_time_source,False,4006.44,3945.369140625,2026-02-20,3934.211181640625,-0.2828,0,2026-02-24,3845.14599609375,-2.5403,0.0,2026-02-26,3906.614990234375,-0.9823,0.0,2026-03-06,3660.7392578125,-7.2143,0.0,0,1,1,0,1,1,-1.8028,1,1.0,1.0,0.0,1.0,1.0,-4.0259,0.0,1.0,1.0,0.0,1.0,1.0,-2.4916,1.0,1.0,1.0,0.0,1.0,0.0,-8.6286,0.0,80-85,50-55
AJANTPHARM.NS|2026-02-19|ensemble_lr0.20_rf0.30_xgb0.50,AJANTPHARM.NS,2026-02-19,ensemble_lr0.20_rf0.30_xgb0.50,2025-02-20,2026-02-19,2026-02-16,2025-03-21,2026-02-18,2026-02-19,226,2026-02-18,True,0,0.43478260869565216,0.31075362188515154,0.34,0.2164371758699417,0.2723693123120012,0,72.76,0.5823952280515918,1,58.24,BUY,0.6433,0.2866,Bullish,1.0,0.0,unavailable_no_point_in_time_source,False,2935.01,2932.83251953125,2026-02-20,2912.716796875,-0.6859,0,2026-02-24,2922.03173828125,-0.3683,0.0,2026-02-26,2951.858154296875,0.6487,1.0,2026-03-06,2964.83935546875,1.0913,1.0,0,1,0,1,1,0,-0.7596,0,1.0,0.0,1.0,1.0,0.0,-0.4422,0.0,0.0,1.0,0.0,0.0,1.0,0.574,1.0,0.0,1.0,0.0,0.0,1.0,1.0163,1.0,70-75,55-60
ALEMBICLTD.NS|2026-02-19|ensemble_lr0.20_rf0.30_xgb0.50,ALEMBICLTD.NS,2026-02-19,ensemble_lr0.20_rf0.30_xgb0.50,2025-02-20,2026-02-19,2026-02-16,2025-03-21,2026-02-18,2026-02-19,226,2026-02-18,True,0,0.4710144927536232,0.3906037162012903,0.12,0.138882115483284,0.18356180098190006,0,81.64,0.4107194995711306,0,58.93,SELL,0.3951,-0.2099,Sideways,-0.335,0.0,unavailable_no_point_in_time_source,False,93.09,91.07156372070312,2026-02-20,91.50004577636719,0.4705,1,2026-02-24,90.04905700683594,-1.1228,0.0,2026-02-26,88.75387573242188,-2.5449,0.0,2026-03-06,84.86833953857422,-6.8114,0.0,0,0,0,0,0,0,-1.708,1,1.0,1.0,1.0,1.0,1.0,-3.2667,1.0,1.0,1.0,1.0,1.0,1.0,-4.658,1.0,1.0,1.0,1.0,1.0,1.0,-8.8319,1.0,80-85,55-60
ALKEM.NS|2026-02-19|ensemble_lr0.20_rf0.30_xgb0.50,ALKEM.NS,2026-02-19,ensemble_lr0.20_rf0.30_xgb0.50,2025-02-20,2026-02-19,2026-02-16,2025-03-21,2026-02-18,2026-02-19,226,2026-02-18,True,1,0.5362318840579711,0.6650710234446013,0.22,0.2416440099477768,0.3198362096628087,0,68.02,0.37042939227742966,0,62.96,SELL,0.3348,-0.3304,Bearish,-0.335,0.0,unavailable_no_point_in_time_source,False,5410.62,5324.470703125,2026-02-20,5382.3671875,1.0874,1,2026-02-24,5485.68212890625,3.0277,1.0,2026-02-26,5741.72412109375,7.8365,1.0,2026-03-06,5520.12060546875,3.6745,1.0,0,0,0,1,0,0,-0.5222,1,0.0,0.0,1.0,0.0,0.0,1.3873,0.0,0.0,0.0,1.0,0.0,0.0,6.1195,0.0,0.0,0.0,1.0,0.0,0.0,2.0238,0.0,65-70,60-65
AMBER.NS|2026-02-19|ensemble_lr0.20_rf0.30_xgb0.50,AMBER.NS,2026-02-19,ensemble_lr0.20_rf0.30_xgb0.50,2025-02-20,2026-02-19,2026-02-16,2025-03-21,2026-02-18,2026-02-19,226,2026-02-18,True,1,0.5144927536231884,0.8177779211870532,0.26,0.22312992811203003,0.35312054829342565,0,64.69,0.7324826763279468,1,73.25,HOLD,0.533,0.066,High Volatility,0.33499999999999996,0.0,unavailable_no_point_in_time_source,False,7894.0,7705.5,2026-02-20,7650.5,-0.7138,0,2026-02-24,7929.5,2.907,1.0,2026-02-26,7942.5,3.0757,1.0,2026-03-06,7872.5,2.1673,1.0,0,1,0,0,1,1,-3.0846,0,0.0,1.0,1.0,0.0,1.0,0.4497,1.0,0.0,1.0,1.0,0.0,0.0,0.6144,1.0,0.0,1.0,1.0,0.0,1.0,-0.2724,1.0,60-65,70-75
ANGELONE.NS|2026-02-19|ensemble_lr0.20_rf0.30_xgb0.50,ANGELONE.NS,2026-02-19,ensemble_lr0.20_rf0.30_xgb0.50,2025-02-20,2026-02-19,2026-02-16,2025-03-21,2026-02-18,2026-02-19,226,2026-02-18,True,1,0.4202898550724637,0.3763702054030836,0.2,0.26432082056999207,0.2674344513656127,0,73.26,0.40506537956245775,0,59.49,HOLD,0.463,-0.074,High Volatility,0.165,0.0,unavailable_no_point_in_time_source,True,256.51,248.3745880126953,2026-02-20,247.05828857421875,-0.53,0,2026-02-24,243.48548889160156,-1.9684,0.0,2026-02-26,243.96054077148438,-1.7772,0.0,2026-03-06,217.29806518554688,-12.512,0.0,0,1,1,0,1,1,-3.6847,0,1.0,1.0,0.0,1.0,1.0,-5.0776,0.0,1.0,1.0,0.0,1.0,1.0,-4.8924,0.0,1.0,1.0,0.0,1.0,0.0,-15.2867,0.0,70-75,55-60
APARINDS.NS|2026-02-19|ensemble_lr0.20_rf0.30_xgb0.50,APARINDS.NS,2026-02-19,ensemble_lr0.20_rf0.30_xgb0.50,2025-02-20,2026-02-19,2026-02-16,2025-03-21,2026-02-18,2026-02-19,226,2026-02-18,True,0,0.4202898550724637,0.14658068158701093,0.22,0.08136575669050217,0.13599901466265327,0,86.4,0.30245967169157617,0,69.75,BUY,0.6253,0.2505,High Volatility,1.0,0.0,unavailable_no_point_in_time_source,False,10146.77,10028.6826171875,2026-02-20,10482.6064453125,4.5263,1,2026-02-24,10787.5478515625,7.5669,1.0,2026-02-26,10769.609375,7.3881,1.0,2026-03-06,10358.0390625,3.2841,1.0,0,0,0,0,0,1,3.3098,1,0.0,0.0,0.0,0.0,1.0,6.3151,1.0,0.0,0.0,0.0,0.0,1.0,6.1383,1.0,0.0,0.0,0.0,0.0,1.0,2.0821,1.0,85-90,65-70
APOLLOHOSP.NS|2026-02-19|ensemble_lr0.20_rf0.30_xgb0.50,APOLLOHOSP.NS,2026-02-19,ensemble_lr0.20_rf0.30_xgb0.50,2025-02-20,2026-02-19,2026-02-16,2025-03-21,2026-02-18,2026-02-19,226,2026-02-18,True,0,0.5217391304347826,0.5619929631155985,0.16,0.19451530277729034,0.2576562440117649,0,74.23,0.3036826624902431,0,69.63,HOLD,0.5655,0.131,Bullish,0.17,0.0,unavailable_no_point_in_time_source,True,7638.61,7583.671875,2026-02-20,7606.64501953125,0.3029,1,2026-02-24,7711.52294921875,1.6859,1.0,2026-02-26,7765.95947265625,2.4037,1.0,2026-03-06,7715.51806640625,1.7386,1.0,0,0,0,0,0,1,-0.4185,1,0.0,0.0,0.0,0.0,1.0,0.9545,1.0,0.0,0.0,0.0,0.0,1.0,1.6672,1.0,0.0,0.0,0.0,0.0,1.0,1.0068,1.0,70-75,65-70
APOLLOTYRE.NS|2026-02-19|ensemble_lr0.20_rf0.30_xgb0.50,APOLLOTYRE.NS,2026-02-19,ensemble_lr0.20_rf0.30_xgb0.50,2025-02-20,2026-02-19,2026-02-16,2025-03-21,2026-02-18,2026-02-19,226,2026-02-18,True,0,0.4275362318840579,0.4304841887088427,0.26,0.23809632658958435,0.2831450010365607,0,71.69,0.4454051272954269,0,55.46,SELL,0.3885,-0.2229,Sideways,-0.335,0.0,unavailable_no_point_in_time_source,True,472.4,459.7209167480469,2026-02-20,452.7607421875,-1.514,0,2026-02-24,452.16412353515625,-1.6438,0.0,2026-02-26,458.2294616699219,-0.3244,0.0,2026-03-06,437.2494201660156,-4.8881,0.0,0,1,1,1,1,1,-4.1573,1,1.0,1.0,1.0,1.0,1.0,-4.2836,1.0,1.0,1.0,1.0,1.0,1.0,-2.9997,1.0,1.0,1.0,1.0,1.0,1.0,-7.4409,1.0,70-75,55-60
ASHOKLEY.NS|2026-02-19|ensemble_lr0.20_rf0.30_xgb0.50,ASHOKLEY.NS,2026-02-19,ensemble_lr0.20_rf0.30_xgb0.50,2025-02-20,2026-02-19,2026-02-16,2025-03-21,2026-02-18,2026-02-19,226,2026-02-18,True,1,0.5144927536231884,0.7256875973653405,0.3,0.30897241830825806,0.38962372862719713,0,61.04,0.7318730686512934,1,73.19,BUY,0.618,0.236,Bullish,0.665,0.0,unavailable_no_point_in_time_source,True,204.85,200.07688903808594,2026-02-20,205.3470001220703,2.634,1,2026-02-24,206.65467834472656,3.2876,1.0,2026-02-26,208.36549377441406,4.1427,1.0,2026-03-06,191.4048309326172,-4.3344,0.0,0,0,1,1,0,1,0.2426,1,0.0,1.0,1.0,0.0,1.0,0.881,1.0,0.0,1.0,1.0,0.0,1.0,1.7161,1.0,1.0,0.0,0.0,1.0,0.0,-6.5634,0.0,60-65,70-75
ASIANPAINT.NS|2026-02-19|ensemble_lr0.20_rf0.30_xgb0.50,ASIANPAINT.NS,2026-02-19,ensemble_lr0.20_rf0.30_xgb0.50,2025-02-20,2026-02-19,2026-02-16,2025-03-21,2026-02-18,2026-02-19,226,2026-02-18,True,0,0.5362318840579711,0.4088796330308605,0.18,0.17014218866825104,0.22084702094029762,0,77.92,0.5062901389165029,1,50.63,SELL,0.3355,-0.329,Bearish,-0.33,0.0,unavailable_no_point_in_time_source,True,2411.18,2380.14990234375,2026-02-20,2407.215087890625,1.1371,1,2026-02-24,2392.34423828125,0.5123,1.0,2026-02-26,2374.300537109375,-0.2458,0.0,2026-03-06,2259.89306640625,-5.0525,0.0,0,0,1,0,0,0,-0.1644,1,0.0,1.0,0.0,0.0,0.0,-0.7812,1.0,1.0,0.0,1.0,1.0,1.0,-1.5295,1.0,1.0,0.0,1.0,1.0,1.0,-6.2744,1.0,75-80,50-55
ASTRAL.NS|2026-02-19|ensemble_lr0.20_rf0.30_xgb0.50,ASTRAL.NS,2026-02-19,ensemble_lr0.20_rf0.30_xgb0.50,2025-02-20,2026-02-19,2026-02-16,2025-03-21,2026-02-18,2026-02-19,226,2026-02-18,True,0,0.5434782608695653,0.23722805903954752,0.1,0.10405823588371277,0.1294747297497659,0,87.05,0.16087919693962696,0,83.91,BUY,0.5932,0.1863,Bullish,0.665,0.0,unavailable_no_point_in_time_source,False,1634.03,1618.4544677734375,2026-02-20,1634.0299072265625,0.9624,1,2026-02-24,1661.386962890625,2.6527,1.0,2026-02-26,1681.55517578125,3.8988,1.0,2026-03-06,1686.54736328125,4.2073,1.0,0,0,0,0,0,1,-0.0,0,0.0,0.0,0.0,0.0,1.0,1.6742,1.0,0.0,0.0,0.0,0.0,1.0,2.9085,1.0,0.0,0.0,0.0,0.0,1.0,3.214,1.0,85-90,80-85
AUBANK.NS|2026-02-19|ensemble_lr0.20_rf0.30_xgb0.50,AUBANK.NS,2026-02-19,ensemble_lr0.20_rf0.30_xgb0.50,2025-02-20,2026-02-19,2026-02-16,2025-03-21,2026-02-18,2026-02-19,226,2026-02-18,True,1,0.47826086956521746,0.518937804929546,0.04,0.0699123814702034,0.1507437517210109,0,84.93,0.20581355767154258,0,79.42,HOLD,0.5414,0.0828,Sideways,0.665,0.0,unavailable_no_point_in_time_source,True,1021.06,1016.063232421875,2026-02-20,1028.651123046875,1.2389,1,2026-02-24,1001.2277221679688,-1.4601,0.0,2026-02-26,971.7562866210938,-4.3606,0.0,2026-03-06,963.3145141601562,-5.1915,0.0,0,0,0,1,0,1,0.7435,1,1.0,1.0,0.0,1.0,1.0,-1.9423,1.0,1.0,1.0,0.0,1.0,0.0,-4.8287,0.0,1.0,1.0,0.0,1.0,0.0,-5.6554,0.0,80-85,75-80
AXISBANK.NS|2026-02-19|ensemble_lr0.20_rf0.30_xgb0.50,AXISBANK.NS,2026-02-19,ensemble_lr0.20_rf0.30_xgb0.50,2025-02-20,2026-02-19,2026-02-16,2025-03-21,2026-02-18,2026-02-19,226,2026-02-18,True,0,0.5289855072463768,0.23284698179085908,0.1,0.11495513468980789,0.13404696370307576,0,86.6,0.29653607761328016,0,70.35,HOLD,0.5722,0.1444,Sideways,1.0,0.0,unavailable_no_point_in_time_source,True,1375.94,1355.5545654296875,2026-02-20,1367.24560546875,0.8625,1,2026-02-24,1386.5306396484375,2.2851,1.0,2026-02-26,1394.424560546875,2.8675,1.0,2026-03-06,1314.7860107421875,-3.0075,0.0,0,0,0,0,0,1,-0.6319,1,0.0,0.0,0.0,0.0,1.0,0.7697,1.0,0.0,0.0,0.0,0.0,1.0,1.3434,1.0,1.0,1.0,1.0,1.0,0.0,-4.4445,0.0,85-90,70-75
BAJAJ-AUTO.NS|2026-02-19|ensemble_lr0.20_rf0.30_xgb0.50,BAJAJ-AUTO.NS,2026-02-19,ensemble_lr0.20_rf0.30_xgb0.50,2025-02-20,2026-02-19,2026-02-16,2025-03-21,2026-02-18,2026-02-19,226,2026-02-18,True,1,0.5144927536231884,0.4514076392028482,0.2,0.22830447554588318,0.26443376561351123,0,73.56,0.6286758022254803,1,62.87,BUY,0.6005,0.201,Sideways,1.0,0.0,unavailable_no_point_in_time_source,False,9841.5,9593.9814453125,2026-02-20,9670.8984375,0.8017,1,2026-02-24,9692.5927734375,1.0278,1.0,2026-02-26,9969.693359375,3.9161,1.0,2026-03-06,9679.7734375,0.8942,1.0,0,0,1,1,0,1,-1.7335,0,0.0,1.0,1.0,0.0,1.0,-1.5131,0.0,0.0,1.0,1.0,0.0,1.0,1.3026,1.0,0.0,1.0,1.0,0.0,1.0,-1.6433,0.0,70-75,60-65
BAJAJFINSV.NS|2026-02-19|ensemble_lr0.20_rf0.30_xgb0.50,BAJAJFINSV.NS,2026-02-19,ensemble_lr0.20_rf0.30_xgb0.50,2025-02-20,2026-02-19,2026-02-16,2025-03-21,2026-02-18,2026-02-19,226,2026-02-18,True,1,0.5,0.3899079382297168,0.14,0.24530518054962158,0.24263417792075417,0,75.74,0.2944101532542178,0,70.56,HOLD,0.4624,-0.0753,Sideways,0.335,0.0,unavailable_no_point_in_time_source,True,2058.84,2031.4664306640625,2026-02-20,2056.744873046875,1.2443,1,2026-02-24,2041.5579833984375,0.4968,1.0,2026-02-26,2039.5596923828125,0.3984,1.0,2026-03-06,1867.306640625,-8.0809,0.0,0,0,0,1,0,1,-0.1018,1,0.0,0.0,1.0,0.0,1.0,-0.8394,1.0,0.0,0.0,1.0,0.0,1.0,-0.9365,1.0,1.0,1.0,0.0,1.0,0.0,-9.303,0.0,75-80,70-75
BAJFINANCE.NS|2026-02-19|ensemble_lr0.20_rf0.30_xgb0.50,BAJFINANCE.NS,2026-02-19,ensemble_lr0.20_rf0.30_xgb0.50,2025-02-20,2026-02-19,2026-02-16,2025-03-21,2026-02-18,2026-02-19,226,2026-02-18,True,1,0.44202898550724634,0.4318244018049849,0.2,0.20718218386173248,0.24995597229186323,0,75.0,0.32110306174981096,0,67.89,BUY,0.5876,0.1753,Bullish,0.335,0.0,unavailable_no_point_in_time_source,True,1017.54,1010.836181640625,2026-02-20,1023.90576171875,1.2929,1,2026-02-24,1017.2964477539062,0.6391,1.0,2026-02-26,1006.76123046875,-0.4031,0.0,2026-03-06,944.3945922851562,-6.5729,0.0,0,0,0,1,0,1,0.6256,1,0.0,0.0,1.0,0.0,1.0,-0.0239,0.0,1.0,1.0,0.0,1.0,0.0,-1.0593,0.0,1.0,1.0,0.0,1.0,0.0,-7.1885,0.0,75-80,65-70
BEL.NS|2026-02-19|ensemble_lr0.20_rf0.30_xgb0.50,BEL.NS,2026-02-19,ensemble_lr0.20_rf0.30_xgb0.50,2025-02-20,2026-02-19,2026-02-16,2025-03-21,2026-02-18,2026-02-19,226,2026-02-18,True,0,0.5507246376811593,0.5028055779648473,0.16,0.27281510829925537,0.28496866974259716,0,71.5,0.8089739715199761,1,80.9,BUY,0.6725,0.345,Bullish,1.0,0.0,unavailable_no_point_in_time_source,True,445.2,432.9167785644531,2026-02-20,438.6843566894531,1.3323,1,2026-02-24,432.6184387207031,-0.0689,0.0,2026-02-26,446.5401916503906,3.1469,1.0,2026-03-06,467.81494140625,8.0612,1.0,0,0,1,0,0,1,-1.4635,0,1.0,0.0,1.0,1.0,0.0,-2.826,0.0,0.0,1.0,0.0,0.0,1.0,0.301,1.0,0.0,1.0,0.0,0.0,1.0,5.0797,1.0,70-75,80-85
BPCL.NS|2026-02-19|ensemble_lr0.20_rf0.30_xgb0.50,BPCL.NS,2026-02-19,ensemble_lr0.20_rf0.30_xgb0.50,2025-02-20,2026-02-19,2026-02-16,2025-03-21,2026-02-18,2026-02-19,226,2026-02-18,True,0,0.3913043478260869,0.359505963960367,0.24,0.16773422062397003,0.2277683031040584,0,77.22,0.37185844601678536,0,62.81,BUY,0.6517,0.3034,Bullish,1.0,0.0,unavailable_no_point_in_time_source,False,380.9,367.6499938964844,2026-02-20,366.29998779296875,-0.3672,0,2026-02-24,374.45001220703125,1.8496,1.0,2026-02-26,386.0,4.9912,1.0,2026-03-06,352.75,-4.0528,0.0,0,1,1,1,1,0,-3.833,0,0.0,0.0,0.0,0.0,1.0,-1.6934,0.0,0.0,0.0,0.0,0.0,1.0,1.3389,1.0,1.0,1.0,1.0,1.0,0.0,-7.3904,0.0,75-80,60-65
AARTIIND.NS|2026-02-26|ensemble_lr0.20_rf0.30_xgb0.50,AARTIIND.NS,2026-02-26,ensemble_lr0.20_rf0.30_xgb0.50,2025-02-27,2026-02-26,2026-02-23,2025-03-27,2026-02-25,2026-02-26,227,2026-02-25,True,0,0.5217391304347826,0.4295206645723323,0.2,0.26489201188087463,0.2783501388549038,0,72.16,0.35017208651312554,0,64.98,HOLD,0.539,0.078,High Volatility,0.33,0.0,unavailable_no_point_in_time_source,True,455.44,454.7959289550781,2026-02-27,446.26287841796875,-1.8762,0,2026-03-04,411.6816101074219,-9.4799,0.0,2026-03-06,418.5180358886719,-7.9767,0.0,2026-03-13,419.9152526855469,-7.6695,0.0,0,1,1,1,1,1,-2.015,1,1.0,1.0,1.0,1.0,0.0,-9.6079,0.0,1.0,1.0,1.0,1.0,0.0,-8.1069,0.0,1.0,1.0,1.0,1.0,0.0,-7.8001,0.0,70-75,60-65
AAVAS.NS|2026-02-26|ensemble_lr0.20_rf0.30_xgb0.50,AAVAS.NS,2026-02-26,ensemble_lr0.20_rf0.30_xgb0.50,2025-02-27,2026-02-26,2026-02-23,2025-03-27,2026-02-25,2026-02-26,227,2026-02-25,True,0,0.5289855072463768,0.4508953191166358,0.76,0.6978749632835388,0.6671165454650966,1,66.71,0.5881988066357782,1,58.82,SELL,0.4083,-0.1833,High Volatility,-1.0,0.0,unavailable_no_point_in_time_source,False,1285.9,1291.300048828125,2026-02-27,1285.5999755859375,-0.4414,0,2026-03-04,1233.199951171875,-4.4993,0.0,2026-03-06,1227.9000244140625,-4.9098,0.0,2026-03-13,1169.800048828125,-9.4091,0.0,1,0,0,1,0,1,-0.0233,1,0.0,0.0,1.0,0.0,1.0,-4.0983,1.0,0.0,0.0,1.0,0.0,1.0,-4.5105,1.0,0.0,0.0,1.0,0.0,1.0,-9.0287,1.0,65-70,55-60
ABCAPITAL.NS|2026-02-26|ensemble_lr0.20_rf0.30_xgb0.50,ABCAPITAL.NS,2026-02-26,ensemble_lr0.20_rf0.30_xgb0.50,2025-02-27,2026-02-26,2026-02-23,2025-03-27,2026-02-25,2026-02-26,227,2026-02-25,True,1,0.5652173913043478,0.9046567648337636,0.76,0.8088206648826599,0.8133416854080826,1,81.33,0.5928232517901147,1,59.28,BUY,0.6346,0.2692,Sideways,0.165,0.0,unavailable_no_point_in_time_source,True,353.1,356.1499938964844,2026-02-27,344.45001220703125,-3.2851,0,2026-03-04,321.54998779296875,-9.715,0.0,2026-03-06,326.54998779296875,-8.3111,0.0,2026-03-13,310.75,-12.7474,0.0,1,0,0,0,0,0,-2.4497,0,0.0,0.0,0.0,0.0,0.0,-8.9351,0.0,0.0,0.0,0.0,0.0,0.0,-7.5191,0.0,0.0,0.0,0.0,0.0,0.0,-11.9938,0.0,80-85,55-60
ABFRL.NS|2026-02-26|ensemble_lr0.20_rf0.30_xgb0.50,ABFRL.NS,2026-02-26,ensemble_lr0.20_rf0.30_xgb0.50,2025-02-27,2026-02-26,2026-02-23,2025-03-27,2026-02-25,2026-02-26,227,2026-02-25,True,0,0.4202898550724637,0.32750828034712204,0.2,0.1870061755180359,0.21900474382844237,0,78.1,0.34669072437968645,0,65.33,SELL,0.3427,-0.3147,High Volatility,-0.5,0.0,unavailable_no_point_in_time_source,True,68.91,68.55000305175781,2026-02-27,66.93000030517578,-2.3632,0,2026-03-04,64.08999633789062,-6.5062,0.0,2026-03-06,62.41999816894531,-8.9424,0.0,2026-03-13,59.279998779296875,-13.523,0.0,0,1,1,1,1,1,-2.8733,1,1.0,1.0,1.0,1.0,1.0,-6.9946,1.0,1.0,1.0,1.0,1.0,1.0,-9.4181,1.0,1.0,1.0,1.0,1.0,1.0,-13.9748,1.0,75-80,65-70
ACC.NS|2026-02-26|ensemble_lr0.20_rf0.30_xgb0.50,ACC.NS,2026-02-26,ensemble_lr0.20_rf0.30_xgb0.50,2025-02-27,2026-02-26,2026-02-23,2025-03-27,2026-02-25,2026-02-26,227,2026-02-25,True,0,0.5072463768115942,0.5527062425509086,0.28,0.4578353762626648,0.4234589366415141,0,57.65,0.40542362596879444,0,59.46,STRONG SELL,0.2658,-0.4684,Bearish,-1.0,0.0,unavailable_no_point_in_time_source,False,1614.56,1603.820068359375,2026-02-27,1583.2391357421875,-1.2832,0,2026-03-04,1520.8997802734375,-5.1702,0.0,2026-03-06,1492.563720703125,-6.937,0.0,2026-03-13,1368.4818115234375,-14.6736,0.0,0,1,1,1,1,1,-1.9399,1,1.0,1.0,1.0,1.0,1.0,-5.801,1.0,1.0,1.0,1.0,1.0,1.0,-7.556,1.0,1.0,1.0,1.0,1.0,1.0,-15.2412,1.0,55-60,55-60
ADANIENT.NS|2026-02-26|ensemble_lr0.20_rf0.30_xgb0.50,ADANIENT.NS,2026-02-26,ensemble_lr0.20_rf0.30_xgb0.50,2025-02-27,2026-02-26,2026-02-23,2025-03-27,2026-02-25,2026-02-26,227,2026-02-25,True,0,0.5797101449275363,0.5484418333664647,0.2,0.32230114936828613,0.330838941357436,0,66.92,0.4431762671487232,0,55.68,HOLD,0.4626,-0.0748,Sideways,-0.17,0.0,unavailable_no_point_in_time_source,True,2230.7,2215.409423828125,2026-02-27,2160.833984375,-2.4634,0,2026-03-04,2075.572021484375,-6.312,0.0,2026-03-06,2038.9884033203125,-7.9634,0.0,2026-03-13,1960.2235107421875,-11.5187,0.0,0,1,1,1,1,1,-3.132,0,1.0,1.0,1.0,1.0,0.0,-6.9542,0.0,1.0,1.0,1.0,1.0,0.0,-8.5942,0.0,1.0,1.0,1.0,1.0,0.0,-12.1252,0.0,65-70,55-60
ADANIPORTS.NS|2026-02-26|ensemble_lr0.20_rf0.30_xgb0.50,ADANIPORTS.NS,2026-02-26,ensemble_lr0.20_rf0.30_xgb0.50,2025-02-27,2026-02-26,2026-02-23,2025-03-27,2026-02-25,2026-02-26,227,2026-02-25,True,1,0.572463768115942,0.8904424208163223,0.78,0.8064723610877991,0.815324664707164,1,81.53,0.36344841188373367,0,63.66,BUY,0.601,0.2021,Sideways,0.0,0.0,unavailable_no_point_in_time_source,True,1522.28,1544.092529296875,2026-02-27,1514.61669921875,-1.9089,0,2026-03-04,1428.380126953125,-7.4939,0.0,2026-03-06,1471.29931640625,-4.7143,0.0,2026-03-13,1357.4788818359375,-12.0857,0.0,1,0,1,0,0,0,-0.5034,0,0.0,1.0,0.0,0.0,0.0,-6.1684,0.0,0.0,1.0,0.0,0.0,0.0,-3.349,0.0,0.0,1.0,0.0,0.0,0.0,-10.8259,0.0,80-85,60-65
AETHER.NS|2026-02-26|ensemble_lr0.20_rf0.30_xgb0.50,AETHER.NS,2026-02-26,ensemble_lr0.20_rf0.30_xgb0.50,2025-02-27,2026-02-26,2026-02-23,2025-03-27,2026-02-25,2026-02-26,227,2026-02-25,True,0,0.463768115942029,0.5749539305886022,0.18,0.26346537470817566,0.3007234734718083,0,69.93,0.6540961518295569,1,65.41,HOLD,0.4843,-0.0315,High Volatility,0.5,0.0,unavailable_no_point_in_time_source,False,970.9,961.4000244140625,2026-02-27,958.5999755859375,-0.2912,0,2026-03-04,917.0499877929688,-4.6131,0.0,2026-03-06,1011.9500122070312,5.258,1.0,2026-03-13,1000.4500122070312,4.0618,1.0,0,1,0,1,1,1,-1.2669,1,1.0,0.0,1.0,1.0,0.0,-5.5464,0.0,0.0,1.0,0.0,0.0,0.0,4.228,0.0,0.0,1.0,0.0,0.0,0.0,3.0436,0.0,65-70,65-70
AIAENG.NS|2026-02-26|ensemble_lr0.20_rf0.30_xgb0.50,AIAENG.NS,2026-02-26,ensemble_lr0.20_rf0.30_xgb0.50,2025-02-27,2026-02-26,2026-02-23,2025-03-27,2026-02-25,2026-02-26,227,2026-02-25,True,1,0.5434782608695653,0.4085919888010486,0.78,0.8069674968719482,0.7192021461961838,1,71.92,0.5775929531257515,1,57.76,BUY,0.6089,0.2178,High Volatility,0.5,0.0,unavailable_no_point_in_time_source,False,3897.45,3906.614990234375,2026-02-27,3837.176025390625,-1.7775,0,2026-03-04,3609.43212890625,-7.6072,0.0,2026-03-06,3660.7392578125,-6.2938,0.0,2026-03-13,3651.57373046875,-6.5284,0.0,1,0,0,0,0,0,-1.5465,0,0.0,0.0,0.0,0.0,0.0,-7.3899,0.0,0.0,0.0,0.0,0.0,0.0,-6.0735,0.0,0.0,0.0,0.0,0.0,0.0,-6.3086,0.0,70-75,55-60
AJANTPHARM.NS|2026-02-26|ensemble_lr0.20_rf0.30_xgb0.50,AJANTPHARM.NS,2026-02-26,ensemble_lr0.20_rf0.30_xgb0.50,2025-02-27,2026-02-26,2026-02-23,2025-03-27,2026-02-25,2026-02-26,227,2026-02-25,True,0,0.44202898550724634,0.35989124025908087,0.16,0.1300293654203415,0.18499293076198692,0,81.5,0.4338787143359625,0,56.61,BUY,0.6652,0.3305,Bullish,1.0,0.0,unavailable_no_point_in_time_source,False,2993.87,2951.858154296875,2026-02-27,2966.72216796875,0.5035,1,2026-03-04,2889.82666015625,-2.1014,0.0,2026-03-06,2964.83935546875,0.4398,1.0,2026-03-13,3003.089111328125,1.7355,1.0,0,0,0,0,0,1,-0.9068,0,1.0,1.0,1.0,1.0,0.0,-3.4752,0.0,0.0,0.0,0.0,0.0,1.0,-0.9697,0.0,0.0,0.0,0.0,0.0,1.0,0.3079,1.0,80-85,55-60
ALEMBICLTD.NS|2026-02-26|ensemble_lr0.20_rf0.30_xgb0.50,ALEMBICLTD.NS,2026-02-26,ensemble_lr0.20_rf0.30_xgb0.50,2025-02-27,2026-02-26,2026-02-23,2025-03-27,2026-02-25,2026-02-26,227,2026-02-25,True,0,0.44202898550724634,0.5749302327524587,0.18,0.16425208747386932,0.2511120902874264,0,74.89,0.7144281703572782,1,71.44,SELL,0.3449,-0.3102,Sideways,-0.835,0.0,unavailable_no_point_in_time_source,False,89.69,88.75387573242188,2026-02-27,89.31869506835938,0.6364,1,2026-03-04,84.04059600830078,-5.3105,0.0,2026-03-06,84.86833953857422,-4.3779,0.0,2026-03-13,78.63589477539062,-11.4,0.0,0,0,1,0,0,0,-0.414,1,1.0,0.0,1.0,1.0,1.0,-6.2988,1.0,1.0,0.0,1.0,1.0,1.0,-5.3759,1.0,1.0,0.0,1.0,1.0,1.0,-12.3248,1.0,70-75,70-75
ALKEM.NS|2026-02-26|ensemble_lr0.20_rf0.30_xgb0.50,ALKEM.NS,2026-02-26,ensemble_lr0.20_rf0.30_xgb0.50,2025-02-27,2026-02-26,2026-02-23,2025-03-27,2026-02-25,2026-02-26,227,2026-02-25,True,1,0.5869565217391305,0.6161108955484393,0.84,0.8781580924987793,0.8143012253590776,1,81.43,0.7128776682497229,1,71.29,HOLD,0.5674,0.1348,Sideways,-0.165,0.0,unavailable_no_point_in_time_source,False,5614.95,5741.72412109375,2026-02-27,5629.4248046875,-1.9558,0,2026-03-04,5456.73388671875,-4.9635,0.0,2026-03-06,5520.12060546875,-3.8595,0.0,2026-03-13,5345.93212890625,-6.8933,0.0,1,0,0,0,0,1,0.2578,1,0.0,0.0,0.0,0.0,0.0,-2.8178,1.0,0.0,0.0,0.0,0.0,0.0,-1.6889,1.0,0.0,0.0,0.0,0.0,0.0,-4.7911,0.0,80-85,70-75
AMBER.NS|2026-02-26|ensemble_lr0.20_rf0.30_xgb0.50,AMBER.NS,2026-02-26,ensemble_lr0.20_rf0.30_xgb0.50,2025-02-27,2026-02-26,2026-02-23,2025-03-27,2026-02-25,2026-02-26,227,2026-02-25,True,1,0.38405797101449274,0.513334507914675,0.22,0.25937923789024353,0.2983565205280568,0,70.16,0.3473013552249282,0,65.27,BUY,0.6366,0.2731,Bullish,0.835,0.0,unavailable_no_point_in_time_source,False,8044.5,7942.5,2026-02-27,7974.0,0.3966,1,2026-03-04,7657.0,-3.5946,0.0,2026-03-06,7872.5,-0.8813,0.0,2026-03-13,6446.0,-18.8417,0.0,0,0,0,1,0,1,-0.8764,0,1.0,1.0,0.0,1.0,0.0,-4.817,0.0,1.0,1.0,0.0,1.0,0.0,-2.1381,0.0,1.0,1.0,0.0,1.0,0.0,-19.8707,0.0,70-75,65-70
ANGELONE.NS|2026-02-26|ensemble_lr0.20_rf0.30_xgb0.50,ANGELONE.NS,2026-02-26,ensemble_lr0.20_rf0.30_xgb0.50,2025-02-27,2026-02-26,2026-02-23,2025-03-27,2026-02-25,2026-02-26,227,2026-02-25,True,1,0.463768115942029,0.39966027721451164,0.24,0.21742220222949982,0.26064315655765224,0,73.94,0.4774341247297035,0,52.26,HOLD,0.4391,-0.1218,High Volatility,0.0,0.0,unavailable_no_point_in_time_source,True,246.42,243.96054077148438,2026-02-27,230.79754638671875,-5.3955,0,2026-03-04,219.4654998779297,-10.0406,0.0,2026-03-06,217.29806518554688,-10.929,0.0,2026-03-13,213.35906982421875,-12.5436,0.0,0,1,1,0,1,0,-6.3398,0,1.0,1.0,0.0,1.0,0.0,-10.9384,0.0,1.0,1.0,0.0,1.0,0.0,-11.818,0.0,1.0,1.0,0.0,1.0,0.0,-13.4165,0.0,70-75,50-55
APARINDS.NS|2026-02-26|ensemble_lr0.20_rf0.30_xgb0.50,APARINDS.NS,2026-02-26,ensemble_lr0.20_rf0.30_xgb0.50,2025-02-27,2026-02-26,2026-02-23,2025-03-27,2026-02-25,2026-02-26,227,2026-02-25,True,1,0.3840579710144927,0.22820371894570537,0.8,0.6363584399223328,0.6038199637503074,1,60.38,0.5493598541422786,1,54.94,STRONG BUY,0.7396,0.4793,High Volatility,1.0,0.0,unavailable_no_point_in_time_source,False,10542.4,10769.609375,2026-02-27,11141.8173828125,3.4561,1,2026-03-04,9987.326171875,-7.2638,0.0,2026-03-06,10358.0390625,-3.8216,0.0,2026-03-13,8957.8994140625,-16.8224,0.0,1,1,1,1,1,1,5.6858,1,0.0,0.0,0.0,0.0,0.0,-5.2652,0.0,0.0,0.0,0.0,0.0,0.0,-1.7488,0.0,0.0,0.0,0.0,0.0,0.0,-15.0298,0.0,60-65,50-55
APOLLOHOSP.NS|2026-02-26|ensemble_lr0.20_rf0.30_xgb0.50,APOLLOHOSP.NS,2026-02-26,ensemble_lr0.20_rf0.30_xgb0.50,2025-02-27,2026-02-26,2026-02-23,2025-03-27,2026-02-25,2026-02-26,227,2026-02-25,True,0,0.49275362318840576,0.3276394824070819,0.12,0.22714045643806458,0.21509812470044867,0,78.49,0.35942303668984765,0,64.06,BUY,0.6207,0.2413,Bullish,0.835,0.0,unavailable_no_point_in_time_source,False,7773.95,7765.95947265625,2026-02-27,7812.4052734375,0.5981,1,2026-03-04,7657.08642578125,-1.4019,0.0,2026-03-06,7715.51806640625,-0.6495,0.0,2026-03-13,7541.22119140625,-2.8939,0.0,0,0,0,0,0,1,0.4947,1,1.0,1.0,1.0,1.0,0.0,-1.5033,0.0,1.0,1.0,1.0,1.0,0.0,-0.7516,0.0,1.0,1.0,1.0,1.0,0.0,-2.9937,0.0,75-80,60-65
APOLLOTYRE.NS|2026-02-26|ensemble_lr0.20_rf0.30_xgb0.50,APOLLOTYRE.NS,2026-02-26,ensemble_lr0.20_rf0.30_xgb0.50,2025-02-27,2026-02-26,2026-02-23,2025-03-27,2026-02-25,2026-02-26,227,2026-02-25,True,0,0.41304347826086957,0.4512888563107095,0.2,0.3785330057144165,0.33952427411935016,0,66.05,0.5328783548931704,1,53.29,SELL,0.347,-0.306,Sideways,-0.665,0.0,unavailable_no_point_in_time_source,True,460.62,458.2294616699219,2026-02-27,451.4681091308594,-1.4755,0,2026-03-04,428.84747314453125,-6.4121,0.0,2026-03-06,437.2494201660156,-4.5785,0.0,2026-03-13,398.02374267578125,-13.1388,0.0,0,1,0,1,1,1,-1.9869,1,1.0,0.0,1.0,1.0,1.0,-6.8978,1.0,1.0,0.0,1.0,1.0,1.0,-5.0737,1.0,1.0,0.0,1.0,1.0,1.0,-13.5896,1.0,65-70,50-55
ASHOKLEY.NS|2026-02-26|ensemble_lr0.20_rf0.30_xgb0.50,ASHOKLEY.NS,2026-02-26,ensemble_lr0.20_rf0.30_xgb0.50,2025-02-27,2026-02-26,2026-02-23,2025-03-27,2026-02-25,2026-02-26,227,2026-02-25,True,1,0.6521739130434783,0.7756063808711849,0.8,0.6912106275558472,0.7407265899521606,1,74.07,0.6027444388158216,1,60.27,STRONG BUY,0.7223,0.4446,Bullish,0.665,0.0,unavailable_no_point_in_time_source,True,208.06,208.36549377441406,2026-02-27,207.5592498779297,-0.3869,0,2026-03-04,197.09771728515625,-5.4077,0.0,2026-03-06,191.4048309326172,-8.1399,0.0,2026-03-13,167.78770446777344,-19.4743,0.0,1,0,0,0,0,0,-0.2407,0,0.0,0.0,0.0,0.0,0.0,-5.2688,0.0,0.0,0.0,0.0,0.0,0.0,-8.005,0.0,0.0,0.0,0.0,0.0,0.0,-19.3561,0.0,70-75,60-65
ASIANPAINT.NS|2026-02-26|ensemble_lr0.20_rf0.30_xgb0.50,ASIANPAINT.NS,2026-02-26,ensemble_lr0.20_rf0.30_xgb0.50,2025-02-27,2026-02-26,2026-02-23,2025-03-27,2026-02-25,2026-02-26,227,2026-02-25,True,0,0.5434782608695652,0.4319511968891011,0.3,0.23268823325634003,0.29273435600599024,0,70.73,0.48635732115044206,0,51.36,SELL,0.3504,-0.2993,Bearish,-0.165,0.0,unavailable_no_point_in_time_source,True,2395.62,2374.300537109375,2026-02-27,2355.761474609375,-0.7808,0,2026-03-04,2265.544189453125,-4.5806,0.0,2026-03-06,2259.89306640625,-4.8186,0.0,2026-03-13,2177.904541015625,-8.2717,0.0,0,1,1,1,1,1,-1.6638,1,1.0,1.0,1.0,1.0,1.0,-5.4297,1.0,1.0,1.0,1.0,1.0,1.0,-5.6656,1.0,1.0,1.0,1.0,1.0,1.0,-9.0881,1.0,70-75,50-55
ASTRAL.NS|2026-02-26|ensemble_lr0.20_rf0.30_xgb0.50,ASTRAL.NS,2026-02-26,ensemble_lr0.20_rf0.30_xgb0.50,2025-02-27,2026-02-26,2026-02-23,2025-03-27,2026-02-25,2026-02-26,227,2026-02-25,True,1,0.44202898550724634,0.7158169240030152,0.78,0.7503865957260132,0.7523566826636097,1,75.24,0.5746982585975955,1,57.47,STRONG BUY,0.725,0.4499,Bullish,0.665,0.0,unavailable_no_point_in_time_source,False,1680.56,1681.55517578125,2026-02-27,1665.2808837890625,-0.9678,0,2026-03-04,1644.3138427734375,-2.2147,0.0,2026-03-06,1686.54736328125,0.2969,1.0,2026-03-13,1609.2689208984375,-4.2988,0.0,1,0,0,0,0,0,-0.9092,0,0.0,0.0,0.0,0.0,0.0,-2.1568,0.0,1.0,1.0,1.0,1.0,1.0,0.3563,1.0,0.0,0.0,0.0,0.0,0.0,-4.2421,0.0,75-80,55-60
AUBANK.NS|2026-02-26|ensemble_lr0.20_rf0.30_xgb0.50,AUBANK.NS,2026-02-26,ensemble_lr0.20_rf0.30_xgb0.50,2025-02-27,2026-02-26,2026-02-23,2025-03-27,2026-02-25,2026-02-26,227,2026-02-25,True,1,0.4710144927536232,0.5105006831395739,0.2,0.26015591621398926,0.2921780947349094,0,70.78,0.42340829916408373,0,57.66,HOLD,0.4639,-0.0723,High Volatility,0.165,0.0,unavailable_no_point_in_time_source,True,981.15,971.7562866210938,2026-02-27,957.4202270507812,-1.4753,0,2026-03-04,945.1820678710938,-2.7347,0.0,2026-03-06,963.3145141601562,-0.8687,0.0,2026-03-13,883.4920043945312,-9.083,0.0,0,1,1,0,1,1,-2.4186,1,1.0,1.0,0.0,1.0,1.0,-3.6659,0.0,1.0,1.0,0.0,1.0,1.0,-1.8178,1.0,1.0,1.0,0.0,1.0,0.0,-9.9534,0.0,70-75,55-60
AXISBANK.NS|2026-02-26|ensemble_lr0.20_rf0.30_xgb0.50,AXISBANK.NS,2026-02-26,ensemble_lr0.20_rf0.30_xgb0.50,2025-02-27,2026-02-26,2026-02-23,2025-03-27,2026-02-25,2026-02-26,227,2026-02-25,True,0,0.5579710144927537,0.3502411997489436,0.24,0.182547464966774,0.2333219724331757,0,76.67,0.45008612633382705,0,54.99,HOLD,0.5569,0.1138,Sideways,1.0,0.0,unavailable_no_point_in_time_source,True,1401.92,1394.424560546875,2026-02-27,1382.83349609375,-0.8312,0,2026-03-04,1350.2586669921875,-3.1673,0.0,2026-03-06,1314.7860107421875,-5.7112,0.0,2026-03-13,1196.3773193359375,-14.2028,0.0,0,1,1,1,1,1,-1.3615,1,1.0,1.0,1.0,1.0,0.0,-3.685,0.0,1.0,1.0,1.0,1.0,0.0,-6.2153,0.0,1.0,1.0,1.0,1.0,0.0,-14.6615,0.0,75-80,50-55
BAJAJ-AUTO.NS|2026-02-26|ensemble_lr0.20_rf0.30_xgb0.50,BAJAJ-AUTO.NS,2026-02-26,ensemble_lr0.20_rf0.30_xgb0.50,2025-02-27,2026-02-26,2026-02-23,2025-03-27,2026-02-25,2026-02-26,227,2026-02-25,True,1,0.463768115942029,0.5997761521677499,0.78,0.8817980289459229,0.7948542449065115,1,79.49,0.5470024325065292,1,54.7,BUY,0.6941,0.3881,Sideways,1.0,0.0,unavailable_no_point_in_time_source,False,9956.87,9969.693359375,2026-02-27,9834.1015625,-1.36,0,2026-03-04,9518.54296875,-4.5252,0.0,2026-03-06,9679.7734375,-2.908,0.0,2026-03-13,8751.8330078125,-12.2156,0.0,1,0,0,0,0,0,-1.233,0,0.0,0.0,0.0,0.0,0.0,-4.4023,0.0,0.0,0.0,0.0,0.0,0.0,-2.783,0.0,0.0,0.0,0.0,0.0,0.0,-12.1026,0.0,75-80,50-55
BAJAJFINSV.NS|2026-02-26|ensemble_lr0.20_rf0.30_xgb0.50,BAJAJFINSV.NS,2026-02-26,ensemble_lr0.20_rf0.30_xgb0.50,2025-02-27,2026-02-26,2026-02-23,2025-03-27,2026-02-25,2026-02-26,227,2026-02-25,True,0,0.47826086956521746,0.33578969468790987,0.2,0.1817682534456253,0.21804206566039463,0,78.2,0.5465270334465917,1,54.65,HOLD,0.4938,-0.0125,Sideways,0.165,0.0,unavailable_no_point_in_time_source,True,2047.55,2039.5596923828125,2026-02-27,1991.700439453125,-2.3465,0,2026-03-04,1887.689208984375,-7.4462,0.0,2026-03-06,1867.306640625,-8.4456,0.0,2026-03-13,1736.5181884765625,-14.8582,0.0,0,1,0,1,1,1,-2.7276,1,1.0,0.0,1.0,1.0,0.0,-7.8074,0.0,1.0,0.0,1.0,1.0,0.0,-8.8029,0.0,1.0,0.0,1.0,1.0,0.0,-15.1904,0.0,75-80,50-55
BAJFINANCE.NS|2026-02-26|ensemble_lr0.20_rf0.30_xgb0.50,BAJFINANCE.NS,2026-02-26,ensemble_lr0.20_rf0.30_xgb0.50,2025-02-27,2026-02-26,2026-02-23,2025-03-27,2026-02-25,2026-02-26,227,2026-02-25,True,1,0.4202898550724638,0.5750471661584234,0.26,0.31537678837776184,0.3506978274205656,0,64.93,0.35901763146215826,0,64.1,BUY,0.6185,0.237,Bullish,0.5,0.0,unavailable_no_point_in_time_source,False,1014.81,1006.76123046875,2026-02-27,989.8154296875,-1.6832,0,2026-03-04,939.3257446289062,-6.6983,0.0,2026-03-06,944.3945922851562,-6.1948,0.0,2026-03-13,849.825927734375,-15.5881,0.0,0,1,1,0,1,0,-2.463,0,1.0,1.0,0.0,1.0,0.0,-7.4383,0.0,1.0,1.0,0.0,1.0,0.0,-6.9388,0.0,1.0,1.0,0.0,1.0,0.0,-16.2576,0.0,60-65,60-65
BEL.NS|2026-02-26|ensemble_lr0.20_rf0.30_xgb0.50,BEL.NS,2026-02-26,ensemble_lr0.20_rf0.30_xgb0.50,2025-02-27,2026-02-26,2026-02-23,2025-03-27,2026-02-25,2026-02-26,227,2026-02-25,True,0,0.572463768115942,0.537926330759069,0.8,0.8486494421958923,0.7719099872497599,1,77.19,0.45139524186667374,0,54.86,BUY,0.6208,0.2415,Sideways,0.5,0.0,unavailable_no_point_in_time_source,True,436.84,446.5401916503906,2026-02-27,442.21453857421875,-0.9687,0,2026-03-04,444.3525085449219,-0.4899,0.0,2026-03-06,467.81494140625,4.7644,1.0,2026-03-13,438.8042907714844,-1.7324,0.0,1,0,1,1,0,0,1.2303,1,0.0,1.0,1.0,0.0,0.0,1.7197,1.0,1.0,0.0,0.0,1.0,1.0,7.0907,1.0,0.0,1.0,1.0,0.0,0.0,0.4497,1.0,75-80,50-55
BPCL.NS|2026-02-26|ensemble_lr0.20_rf0.30_xgb0.50,BPCL.NS,2026-02-26,ensemble_lr0.20_rf0.30_xgb0.50,2025-02-27,2026-02-26,2026-02-23,2025-03-27,2026-02-25,2026-02-26,227,2026-02-25,True,0,0.43478260869565216,0.5830206491131946,0.78,0.8798112869262695,0.7905097732857737,1,79.05,0.42024759651856897,0,57.98,BUY,0.644,0.2881,Sideways,0.335,0.0,unavailable_no_point_in_time_source,False,381.05,386.0,2026-02-27,385.3999938964844,-0.1554,0,2026-03-04,356.3999938964844,-7.6684,0.0,2026-03-06,352.75,-8.614,0.0,2026-03-13,319.29998779296875,-17.2798,0.0,1,0,1,1,0,0,1.1416,1,0.0,1.0,1.0,0.0,0.0,-6.469,0.0,0.0,1.0,1.0,0.0,0.0,-7.4268,0.0,0.0,1.0,1.0,0.0,0.0,-16.2052,0.0,75-80,55-60
AARTIIND.NS|2026-03-06|ensemble_lr0.20_rf0.30_xgb0.50,AARTIIND.NS,2026-03-06,ensemble_lr0.20_rf0.30_xgb0.50,2025-03-07,2026-03-06,2026-03-02,2025-04-07,2026-03-05,2026-03-06,226,2026-03-05,True,0,0.49999999999999994,0.6949704736063794,0.22,0.2862224578857422,0.348105323664147,0,65.19,0.5762882918834068,1,57.63,HOLD,0.4906,-0.0189,High Volatility,0.165,0.0,unavailable_no_point_in_time_source,True,421.01,418.5180358886719,2026-03-09,408.4380798339844,-2.4085,0,2026-03-11,429.2966003417969,2.5754,1.0,2026-03-13,419.9152526855469,0.3338,1.0,2026-03-20,426.5021667480469,1.9077,1.0,0,1,0,1,1,1,-2.9861,1,0.0,1.0,0.0,0.0,1.0,1.9683,1.0,0.0,1.0,0.0,0.0,1.0,-0.26,1.0,0.0,1.0,0.0,0.0,1.0,1.3045,1.0,65-70,55-60
AAVAS.NS|2026-03-06|ensemble_lr0.20_rf0.30_xgb0.50,AAVAS.NS,2026-03-06,ensemble_lr0.20_rf0.30_xgb0.50,2025-03-07,2026-03-06,2026-03-02,2025-04-07,2026-03-05,2026-03-06,226,2026-03-05,True,0,0.6014492753623188,0.2530859531010395,0.78,0.6680042743682861,0.618619327804351,1,61.86,0.5435695247166761,1,54.36,HOLD,0.4332,-0.1337,High Volatility,-1.0,0.0,unavailable_no_point_in_time_source,False,1224.9,1227.9000244140625,2026-03-09,1199.5999755859375,-2.3048,0,2026-03-11,1211.800048828125,-1.3112,0.0,2026-03-13,1169.800048828125,-4.7317,0.0,2026-03-20,1098.0999755859375,-10.5709,0.0,1,0,0,1,0,1,-2.0655,1,0.0,0.0,1.0,0.0,1.0,-1.0695,1.0,0.0,0.0,1.0,0.0,0.0,-4.4983,0.0,0.0,0.0,1.0,0.0,0.0,-10.3519,0.0,60-65,50-55
ABCAPITAL.NS|2026-03-06|ensemble_lr0.20_rf0.30_xgb0.50,ABCAPITAL.NS,2026-03-06,ensemble_lr0.20_rf0.30_xgb0.50,2025-03-07,2026-03-06,2026-03-02,2025-04-07,2026-03-05,2026-03-06,226,2026-03-05,True,1,0.5289855072463768,0.387121126007457,0.24,0.27834129333496094,0.28859487186897187,0,71.14,0.5800344948099673,1,58.0,SELL,0.3837,-0.2325,High Volatility,-0.335,0.0,unavailable_no_point_in_time_source,True,327.6,326.54998779296875,2026-03-09,324.29998779296875,-0.689,0,2026-03-11,323.79998779296875,-0.8421,0.0,2026-03-13,310.75,-4.8385,0.0,2026-03-20,311.25,-4.6853,0.0,0,1,0,0,1,1,-1.0073,1,1.0,0.0,0.0,1.0,1.0,-1.16,1.0,1.0,0.0,0.0,1.0,1.0,-5.1435,1.0,1.0,0.0,0.0,1.0,1.0,-4.9908,1.0,70-75,55-60
ABFRL.NS|2026-03-06|ensemble_lr0.20_rf0.30_xgb0.50,ABFRL.NS,2026-03-06,ensemble_lr0.20_rf0.30_xgb0.50,2025-03-07,2026-03-06,2026-03-02,2025-04-07,2026-03-05,2026-03-06,226,2026-03-05,True,0,0.39855072463768115,0.3929138281097757,0.24,0.1609220802783966,0.23104380576115346,0,76.9,0.6068144246809207,1,60.68,SELL,0.362,-0.2761,High Volatility,-0.665,0.0,unavailable_no_point_in_time_source,True,64.28,62.41999816894531,2026-03-09,60.58000183105469,-2.9478,0,2026-03-11,61.7400016784668,-1.0894,0.0,2026-03-13,59.279998779296875,-5.0304,0.0,2026-03-20,59.97999954223633,-3.909,0.0,0,1,0,1,1,1,-5.7561,1,1.0,0.0,1.0,1.0,1.0,-3.9515,1.0,1.0,0.0,1.0,1.0,1.0,-7.7785,1.0,1.0,0.0,1.0,1.0,1.0,-6.6895,1.0,75-80,60-65
ACC.NS|2026-03-06|ensemble_lr0.20_rf0.30_xgb0.50,ACC.NS,2026-03-06,ensemble_lr0.20_rf0.30_xgb0.50,2025-03-07,2026-03-06,2026-03-02,2025-04-07,2026-03-05,2026-03-06,226,2026-03-05,True,0,0.44202898550724634,0.26733098103891395,0.14,0.12444980442523956,0.15769109842040258,0,84.23,0.1740739403920538,0,82.59,SELL,0.3045,-0.391,Bearish,-1.0,0.0,unavailable_no_point_in_time_source,False,1514.83,1492.563720703125,2026-03-09,1442.155517578125,-3.3773,0,2026-03-11,1448.0216064453125,-2.9843,0.0,2026-03-13,1368.4818115234375,-8.3133,0.0,2026-03-20,1373.4530029296875,-7.9803,0.0,0,1,1,1,1,1,-4.7975,1,1.0,1.0,1.0,1.0,1.0,-4.4103,1.0,1.0,1.0,1.0,1.0,1.0,-9.661,1.0,1.0,1.0,1.0,1.0,1.0,-9.3329,1.0,80-85,80-85
ADANIENT.NS|2026-03-06|ensemble_lr0.20_rf0.30_xgb0.50,ADANIENT.NS,2026-03-06,ensemble_lr0.20_rf0.30_xgb0.50,2025-03-07,2026-03-06,2026-03-02,2025-04-07,2026-03-05,2026-03-06,226,2026-03-05,True,0,0.5507246376811594,0.49232865569750783,0.2,0.2405581772327423,0.27874481975587273,0,72.13,0.597443806749201,1,59.74,SELL,0.3633,-0.2735,High Volatility,-0.67,0.0,unavailable_no_point_in_time_source,True,2088.27,2038.9884033203125,2026-03-09,1998.3065185546875,-1.9952,0,2026-03-11,1973.8173828125,-3.1962,0.0,2026-03-13,1960.2235107421875,-3.8629,0.0,2026-03-20,1926.23876953125,-5.5297,0.0,0,1,0,1,1,1,-4.308,1,1.0,0.0,1.0,1.0,1.0,-5.4807,1.0,1.0,0.0,1.0,1.0,1.0,-6.1317,1.0,1.0,0.0,1.0,1.0,1.0,-7.7591,1.0,70-75,55-60
ADANIPORTS.NS|2026-03-06|ensemble_lr0.20_rf0.30_xgb0.50,ADANIPORTS.NS,2026-03-06,ensemble_lr0.20_rf0.30_xgb0.50,2025-03-07,2026-03-06,2026-03-02,2025-04-07,2026-03-05,2026-03-06,226,2026-03-05,True,0,0.5289855072463768,0.6606636116334114,0.24,0.21126262843608856,0.30976403654472656,0,69.02,0.37397201709780525,0,62.6,HOLD,0.4847,-0.0306,High Volatility,0.335,0.0,unavailable_no_point_in_time_source,True,1493.01,1471.29931640625,2026-03-09,1415.335205078125,-3.8037,0,2026-03-11,1404.8792724609375,-4.5144,0.0,2026-03-13,1357.4788818359375,-7.736,0.0,2026-03-20,1359.6697998046875,-7.5871,0.0,0,1,1,1,1,0,-5.2026,0,1.0,1.0,1.0,1.0,0.0,-5.9029,0.0,1.0,1.0,1.0,1.0,0.0,-9.0777,0.0,1.0,1.0,1.0,1.0,0.0,-8.931,0.0,65-70,60-65
AETHER.NS|2026-03-06|ensemble_lr0.20_rf0.30_xgb0.50,AETHER.NS,2026-03-06,ensemble_lr0.20_rf0.30_xgb0.50,2025-03-07,2026-03-06,2026-03-02,2025-04-07,2026-03-05,2026-03-06,226,2026-03-05,True,0,0.4855072463768116,0.5724015926479404,0.84,0.7639946937561035,0.7484776654076398,1,74.85,0.7265542639575706,1,72.66,BUY,0.6324,0.2649,High Volatility,0.5,0.0,unavailable_no_point_in_time_source,False,967.3,1011.9500122070312,2026-03-09,986.6500244140625,-2.5001,0,2026-03-11,1015.5,0.3508,1.0,2026-03-13,1000.4500122070312,-1.1364,0.0,2026-03-20,1155.550048828125,14.1904,1.0,1,0,0,1,0,0,2.0004,1,1.0,1.0,0.0,1.0,1.0,4.9829,1.0,0.0,0.0,1.0,0.0,0.0,3.4271,1.0,1.0,1.0,0.0,1.0,1.0,19.4614,1.0,70-75,70-75
AIAENG.NS|2026-03-06|ensemble_lr0.20_rf0.30_xgb0.50,AIAENG.NS,2026-03-06,ensemble_lr0.20_rf0.30_xgb0.50,2025-03-07,2026-03-06,2026-03-02,2025-04-07,2026-03-05,2026-03-06,226,2026-03-05,True,1,0.49275362318840576,0.5928448739176924,0.78,0.7979534268379211,0.751545688202499,1,75.15,0.5657110575558836,1,56.57,HOLD,0.4749,-0.0501,High Volatility,-0.335,0.0,unavailable_no_point_in_time_source,False,3602.16,3660.7392578125,2026-03-09,3587.016357421875,-2.0139,0,2026-03-11,3729.082275390625,1.8669,1.0,2026-03-13,3651.57373046875,-0.2504,0.0,2026-03-20,3396.831298828125,-7.2091,0.0,1,0,0,0,0,1,-0.4204,1,1.0,1.0,1.0,1.0,1.0,3.5235,0.0,0.0,0.0,0.0,0.0,1.0,1.3718,1.0,0.0,0.0,0.0,0.0,0.0,-5.7002,0.0,75-80,55-60
AJANTPHARM.NS|2026-03-06|ensemble_lr0.20_rf0.30_xgb0.50,AJANTPHARM.NS,2026-03-06,ensemble_lr0.20_rf0.30_xgb0.50,2025-03-07,2026-03-06,2026-03-02,2025-04-07,2026-03-05,2026-03-06,226,2026-03-05,True,0,0.48550724637681153,0.43595313150642245,0.76,0.7242071032524109,0.6772941779274899,1,67.73,0.7150588267413254,1,71.51,BUY,0.6725,0.3449,Bullish,0.5,0.0,unavailable_no_point_in_time_source,False,2947.89,2964.83935546875,2026-03-09,2909.744140625,-1.8583,0,2026-03-11,3020.529296875,1.8783,1.0,2026-03-13,3003.089111328125,1.2901,1.0,2026-03-20,2878.331787109375,-2.9178,0.0,1,0,0,1,0,0,-1.294,0,1.0,1.0,0.0,1.0,1.0,2.4641,1.0,1.0,1.0,0.0,1.0,1.0,1.8725,1.0,0.0,0.0,1.0,0.0,0.0,-2.3596,0.0,65-70,70-75
ALEMBICLTD.NS|2026-03-06|ensemble_lr0.20_rf0.30_xgb0.50,ALEMBICLTD.NS,2026-03-06,ensemble_lr0.20_rf0.30_xgb0.50,2025-03-07,2026-03-06,2026-03-02,2025-04-07,2026-03-05,2026-03-06,226,2026-03-05,True,0,0.40579710144927533,0.6181625735331049,0.32,0.30476489663124084,0.3720149630222414,0,62.8,0.6486189791860764,1,64.86,SELL,0.3493,-0.3015,High Volatility,-1.0,0.0,unavailable_no_point_in_time_source,False,86.53,84.86833953857422,2026-03-09,83.1544189453125,-2.0195,0,2026-03-11,82.57012176513672,-2.708,0.0,2026-03-13,78.63589477539062,-7.3437,0.0,2026-03-20,77.80815124511719,-8.319,0.0,0,1,0,1,1,1,-3.9011,1,1.0,0.0,1.0,1.0,1.0,-4.5763,1.0,1.0,0.0,1.0,1.0,1.0,-9.123,1.0,1.0,0.0,1.0,1.0,1.0,-10.0796,1.0,60-65,60-65
ALKEM.NS|2026-03-06|ensemble_lr0.20_rf0.30_xgb0.50,ALKEM.NS,2026-03-06,ensemble_lr0.20_rf0.30_xgb0.50,2025-03-07,2026-03-06,2026-03-02,2025-04-07,2026-03-05,2026-03-06,226,2026-03-05,True,1,0.5507246376811594,0.27791329715884855,0.26,0.21578119695186615,0.2414732579077028,0,75.85,0.43708810149138444,0,56.29,HOLD,0.4396,-0.1208,Sideways,0.165,0.0,unavailable_no_point_in_time_source,False,5540.08,5520.12060546875,2026-03-09,5450.24560546875,-1.2658,0,2026-03-11,5534.5947265625,0.2622,1.0,2026-03-13,5345.93212890625,-3.1555,0.0,2026-03-20,5248.107421875,-4.9277,0.0,0,1,1,0,1,1,-1.6215,1,0.0,0.0,1.0,0.0,1.0,-0.099,1.0,1.0,1.0,0.0,1.0,0.0,-3.5044,0.0,1.0,1.0,0.0,1.0,0.0,-5.2702,0.0,75-80,55-60
AMBER.NS|2026-03-06|ensemble_lr0.20_rf0.30_xgb0.50,AMBER.NS,2026-03-06,ensemble_lr0.20_rf0.30_xgb0.50,2025-03-07,2026-03-06,2026-03-02,2025-04-07,2026-03-05,2026-03-06,226,2026-03-05,True,1,0.40579710144927533,0.360541503455257,0.86,0.7388318181037903,0.6995242097429466,1,69.95,0.4367159877812927,0,56.33,BUY,0.6839,0.3677,High Volatility,0.665,0.0,unavailable_no_point_in_time_source,False,7825.5,7872.5,2026-03-09,7310.5,-7.1388,0,2026-03-11,7308.0,-7.1705,0.0,2026-03-13,6446.0,-18.12,0.0,2026-03-20,6654.5,-15.4716,0.0,1,0,1,0,0,0,-6.581,0,0.0,1.0,0.0,0.0,0.0,-6.613,0.0,0.0,1.0,0.0,0.0,0.0,-17.6283,0.0,0.0,1.0,0.0,0.0,0.0,-14.9639,0.0,65-70,55-60
ANGELONE.NS|2026-03-06|ensemble_lr0.20_rf0.30_xgb0.50,ANGELONE.NS,2026-03-06,ensemble_lr0.20_rf0.30_xgb0.50,2025-03-07,2026-03-06,2026-03-02,2025-04-07,2026-03-05,2026-03-06,226,2026-03-05,True,1,0.5072463768115941,0.7282029887256591,0.24,0.26808640360832214,0.3516837995492929,0,64.83,0.6553899741303872,1,65.54,SELL,0.3312,-0.3376,High Volatility,-0.665,0.0,unavailable_no_point_in_time_source,True,222.37,217.29806518554688,2026-03-09,216.70425415039062,-0.2733,0,2026-03-11,216.2786865234375,-0.4691,0.0,2026-03-13,213.35906982421875,-1.8127,0.0,2026-03-20,228.9369354248047,5.3562,1.0,0,1,0,0,1,1,-2.5479,1,1.0,0.0,0.0,1.0,1.0,-2.7393,1.0,1.0,0.0,0.0,1.0,1.0,-4.0522,1.0,0.0,1.0,1.0,0.0,0.0,2.9532,0.0,60-65,65-70
APARINDS.NS|2026-03-06|ensemble_lr0.20_rf0.30_xgb0.50,APARINDS.NS,2026-03-06,ensemble_lr0.20_rf0.30_xgb0.50,2025-03-07,2026-03-06,2026-03-02,2025-04-07,2026-03-05,2026-03-06,226,2026-03-05,True,1,0.4710144927536232,0.6018633545345534,0.24,0.13638560473918915,0.26056547327650526,0,73.94,0.38979027839480634,0,61.02,HOLD,0.5381,0.0762,High Volatility,0.5,0.0,unavailable_no_point_in_time_source,False,10390.92,10358.0390625,2026-03-09,10106.91015625,-2.4245,0,2026-03-11,9227.9619140625,-10.9101,0.0,2026-03-13,8957.8994140625,-13.5174,0.0,2026-03-20,9639.533203125,-6.9367,0.0,0,1,1,0,1,1,-2.7333,1,1.0,1.0,0.0,1.0,0.0,-11.1921,0.0,1.0,1.0,0.0,1.0,0.0,-13.7911,0.0,1.0,1.0,0.0,1.0,0.0,-7.2312,0.0,70-75,60-65
APOLLOHOSP.NS|2026-03-06|ensemble_lr0.20_rf0.30_xgb0.50,APOLLOHOSP.NS,2026-03-06,ensemble_lr0.20_rf0.30_xgb0.50,2025-03-07,2026-03-06,2026-03-02,2025-04-07,2026-03-05,2026-03-06,226,2026-03-05,True,0,0.4710144927536231,0.29173660595714057,0.16,0.10086320340633392,0.15677892289459508,0,84.32,0.3504454904667535,0,64.96,BUY,0.6542,0.3085,Bullish,1.0,0.0,unavailable_no_point_in_time_source,False,7765.96,7715.51806640625,2026-03-09,7769.95458984375,0.7055,1,2026-03-11,7675.0654296875,-0.5243,0.0,2026-03-13,7541.22119140625,-2.259,0.0,2026-03-20,7355.93701171875,-4.6605,0.0,0,0,0,0,0,1,0.0514,1,1.0,1.0,1.0,1.0,0.0,-1.1704,0.0,1.0,1.0,1.0,1.0,0.0,-2.8939,0.0,1.0,1.0,1.0,1.0,0.0,-5.2797,0.0,80-85,60-65
APOLLOTYRE.NS|2026-03-06|ensemble_lr0.20_rf0.30_xgb0.50,APOLLOTYRE.NS,2026-03-06,ensemble_lr0.20_rf0.30_xgb0.50,2025-03-07,2026-03-06,2026-03-02,2025-04-07,2026-03-05,2026-03-06,226,2026-03-05,True,0,0.5289855072463768,0.4474642525988049,0.14,0.2540220320224762,0.2585038665309991,0,74.15,0.3609326059478275,0,63.91,SELL,0.3392,-0.3217,High Volatility,-0.665,0.0,unavailable_no_point_in_time_source,True,441.82,437.2494201660156,2026-03-09,428.1514587402344,-2.0807,0,2026-03-11,431.78070068359375,-1.2507,0.0,2026-03-13,398.02374267578125,-8.971,0.0,2026-03-20,418.4569091796875,-4.2979,0.0,0,1,1,1,1,1,-3.0937,1,1.0,1.0,1.0,1.0,1.0,-2.2723,1.0,1.0,1.0,1.0,1.0,1.0,-9.9127,1.0,1.0,1.0,1.0,1.0,1.0,-5.2879,1.0,70-75,60-65
ASHOKLEY.NS|2026-03-06|ensemble_lr0.20_rf0.30_xgb0.50,ASHOKLEY.NS,2026-03-06,ensemble_lr0.20_rf0.30_xgb0.50,2025-03-07,2026-03-06,2026-03-02,2025-04-07,2026-03-05,2026-03-06,226,2026-03-05,True,1,0.6014492753623188,0.736083050411817,0.26,0.2749309241771698,0.3626820721709483,0,63.73,0.8834071628154404,1,88.34,HOLD,0.4937,-0.0126,High Volatility,0.5,0.0,unavailable_no_point_in_time_source,True,199.63,191.4048309326172,2026-03-09,183.8044891357422,-3.9708,0,2026-03-11,181.56272888183594,-5.142,0.0,2026-03-13,167.78770446777344,-12.3388,0.0,2026-03-20,166.05723571777344,-13.2429,0.0,0,1,0,0,1,0,-7.9274,0,1.0,0.0,0.0,1.0,0.0,-9.0504,0.0,1.0,0.0,0.0,1.0,0.0,-15.9507,0.0,1.0,0.0,0.0,1.0,0.0,-16.8175,0.0,60-65,85-90
ASIANPAINT.NS|2026-03-06|ensemble_lr0.20_rf0.30_xgb0.50,ASIANPAINT.NS,2026-03-06,ensemble_lr0.20_rf0.30_xgb0.50,2025-03-07,2026-03-06,2026-03-02,2025-04-07,2026-03-05,2026-03-06,226,2026-03-05,True,0,0.4202898550724638,0.29418105820956253,0.24,0.2094622552394867,0.23556733926165585,0,76.44,0.4956440417620267,0,50.44,SELL,0.2896,-0.4208,Bearish,-0.835,0.0,unavailable_no_point_in_time_source,True,2268.12,2259.89306640625,2026-03-09,2201.6982421875,-2.5751,0,2026-03-11,2212.8017578125,-2.0838,0.0,2026-03-13,2177.904541015625,-3.628,0.0,2026-03-20,2176.516357421875,-3.6894,0.0,0,1,1,1,1,1,-2.9285,1,1.0,1.0,1.0,1.0,1.0,-2.4389,1.0,1.0,1.0,1.0,1.0,1.0,-3.9775,1.0,1.0,1.0,1.0,1.0,1.0,-4.0387,1.0,75-80,50-55
ASTRAL.NS|2026-03-06|ensemble_lr0.20_rf0.30_xgb0.50,ASTRAL.NS,2026-03-06,ensemble_lr0.20_rf0.30_xgb0.50,2025-03-07,2026-03-06,2026-03-02,2025-04-07,2026-03-05,2026-03-06,226,2026-03-05,True,1,0.41304347826086957,0.6416019818169407,0.86,0.8097765445709229,0.7912086686488495,1,79.12,0.5452409626149634,1,54.52,BUY,0.6977,0.3954,Bullish,0.5,0.0,unavailable_no_point_in_time_source,False,1660.49,1686.54736328125,2026-03-09,1603.378173828125,-4.9313,0,2026-03-11,1743.5577392578125,3.3803,1.0,2026-03-13,1609.2689208984375,-4.582,0.0,2026-03-20,1629.237548828125,-3.3981,0.0,1,0,0,0,0,0,-3.4395,0,1.0,1.0,1.0,1.0,1.0,5.0026,1.0,0.0,0.0,0.0,0.0,0.0,-3.0847,0.0,0.0,0.0,0.0,0.0,0.0,-1.8821,0.0,75-80,50-55
AUBANK.NS|2026-03-06|ensemble_lr0.20_rf0.30_xgb0.50,AUBANK.NS,2026-03-06,ensemble_lr0.20_rf0.30_xgb0.50,2025-03-07,2026-03-06,2026-03-02,2025-04-07,2026-03-05,2026-03-06,226,2026-03-05,True,1,0.5217391304347826,0.19016593180752134,0.22,0.17390984296798706,0.1909881078454978,0,80.9,0.5720430791873399,1,57.2,HOLD,0.4306,-0.1389,High Volatility,-0.165,0.0,unavailable_no_point_in_time_source,True,972.51,963.3145141601562,2026-03-09,930.7461547851562,-3.3809,0,2026-03-11,917.509033203125,-4.755,0.0,2026-03-13,883.4920043945312,-8.2862,0.0,2026-03-20,900.6253662109375,-6.5077,0.0,0,1,0,0,1,0,-4.2944,0,1.0,0.0,0.0,1.0,0.0,-5.6556,0.0,1.0,0.0,0.0,1.0,0.0,-9.1534,0.0,1.0,0.0,0.0,1.0,0.0,-7.3917,0.0,80-85,55-60
AXISBANK.NS|2026-03-06|ensemble_lr0.20_rf0.30_xgb0.50,AXISBANK.NS,2026-03-06,ensemble_lr0.20_rf0.30_xgb0.50,2025-03-07,2026-03-06,2026-03-02,2025-04-07,2026-03-05,2026-03-06,226,2026-03-05,True,0,0.5869565217391304,0.45013496944933973,0.12,0.10858225077390671,0.18031811927682131,0,81.97,0.706426567210191,1,70.64,HOLD,0.4851,-0.0299,Sideways,0.5,0.0,unavailable_no_point_in_time_source,True,1348.06,1314.7860107421875,2026-03-09,1287.3072509765625,-2.09,0,2026-03-11,1254.832275390625,-4.56,0.0,2026-03-13,1196.3773193359375,-9.0059,0.0,2026-03-20,1202.9722900390625,-8.5043,0.0,0,1,0,1,1,1,-4.5067,0,1.0,0.0,1.0,1.0,0.0,-6.9157,0.0,1.0,0.0,1.0,1.0,0.0,-11.2519,0.0,1.0,0.0,1.0,1.0,0.0,-10.7627,0.0,80-85,70-75
BAJAJ-AUTO.NS|2026-03-06|ensemble_lr0.20_rf0.30_xgb0.50,BAJAJ-AUTO.NS,2026-03-06,ensemble_lr0.20_rf0.30_xgb0.50,2025-03-07,2026-03-06,2026-03-02,2025-04-07,2026-03-05,2026-03-06,226,2026-03-05,True,1,0.463768115942029,0.7819702850477492,0.88,0.8792304992675781,0.860009306643339,1,86.0,0.6412611717607782,1,64.13,BUY,0.6364,0.2727,Sideways,0.5,0.0,unavailable_no_point_in_time_source,False,9668.43,9679.7734375,2026-03-09,9252.783203125,-4.4112,0,2026-03-11,9198.052734375,-4.9766,0.0,2026-03-13,8751.8330078125,-9.5864,0.0,2026-03-20,8925.390625,-7.7934,0.0,1,0,0,0,0,0,-4.299,0,0.0,0.0,0.0,0.0,0.0,-4.8651,0.0,0.0,0.0,0.0,0.0,0.0,-9.4803,0.0,0.0,0.0,0.0,0.0,0.0,-7.6852,0.0,85-90,60-65
BAJAJFINSV.NS|2026-03-06|ensemble_lr0.20_rf0.30_xgb0.50,BAJAJFINSV.NS,2026-03-06,ensemble_lr0.20_rf0.30_xgb0.50,2025-03-07,2026-03-06,2026-03-02,2025-04-07,2026-03-05,2026-03-06,226,2026-03-05,True,0,0.5434782608695653,0.7572308215041877,0.26,0.3386406898498535,0.39876650922576434,0,60.12,0.7689267732495019,1,76.89,SELL,0.4176,-0.1648,Sideways,-0.335,0.0,unavailable_no_point_in_time_source,True,1910.17,1867.306640625,2026-03-09,1839.929931640625,-1.4661,0,2026-03-11,1793.7694091796875,-3.9381,0.0,2026-03-13,1736.5181884765625,-7.0041,0.0,2026-03-20,1708.8419189453125,-8.4863,0.0,0,1,0,1,1,1,-3.6772,1,1.0,0.0,1.0,1.0,1.0,-6.0937,1.0,1.0,0.0,1.0,1.0,1.0,-9.0909,1.0,1.0,0.0,1.0,1.0,1.0,-10.5398,1.0,60-65,75-80
BAJFINANCE.NS|2026-03-06|ensemble_lr0.20_rf0.30_xgb0.50,BAJFINANCE.NS,2026-03-06,ensemble_lr0.20_rf0.30_xgb0.50,2025-03-07,2026-03-06,2026-03-02,2025-04-07,2026-03-05,2026-03-06,226,2026-03-05,True,1,0.39855072463768115,0.5557719601026045,0.24,0.19281017780303955,0.2795594809220407,0,72.04,0.45032247320913293,0,54.97,SELL,0.3962,-0.2077,Bearish,-0.165,0.0,unavailable_no_point_in_time_source,True,956.52,944.3945922851562,2026-03-09,932.31884765625,-1.2787,0,2026-03-11,888.1901245117188,-5.9514,0.0,2026-03-13,849.825927734375,-10.0137,0.0,2026-03-20,825.4755859375,-12.5921,0.0,0,1,1,0,1,1,-2.5301,1,1.0,1.0,0.0,1.0,1.0,-7.1436,1.0,1.0,1.0,0.0,1.0,1.0,-11.1544,1.0,1.0,1.0,0.0,1.0,1.0,-13.7001,1.0,70-75,50-55
BEL.NS|2026-03-06|ensemble_lr0.20_rf0.30_xgb0.50,BEL.NS,2026-03-06,ensemble_lr0.20_rf0.30_xgb0.50,2025-03-07,2026-03-06,2026-03-02,2025-04-07,2026-03-05,2026-03-06,226,2026-03-05,True,1,0.5362318840579711,0.3320600643785591,0.7,0.761975884437561,0.6573999550944923,1,65.74,0.3716425694060947,0,62.84,STRONG BUY,0.7755,0.551,Bullish,1.0,0.0,unavailable_no_point_in_time_source,True,457.43,467.81494140625,2026-03-09,456.72998046875,-2.3695,0,2026-03-11,453.484375,-3.0633,0.0,2026-03-13,438.8042907714844,-6.2013,0.0,2026-03-20,425.5223388671875,-9.0405,0.0,1,0,1,0,0,0,-0.153,0,0.0,1.0,0.0,0.0,0.0,-0.8626,0.0,0.0,1.0,0.0,0.0,0.0,-4.0718,0.0,0.0,1.0,0.0,0.0,0.0,-6.9754,0.0,65-70,60-65
BPCL.NS|2026-03-06|ensemble_lr0.20_rf0.30_xgb0.50,BPCL.NS,2026-03-06,ensemble_lr0.20_rf0.30_xgb0.50,2025-03-07,2026-03-06,2026-03-02,2025-04-07,2026-03-05,2026-03-06,226,2026-03-05,True,0,0.45652173913043476,0.670104244356037,0.24,0.3795545995235443,0.3957981486329796,0,60.42,0.6468032337217424,1,64.68,HOLD,0.5251,0.0502,Sideways,0.5,0.0,unavailable_no_point_in_time_source,True,360.35,352.75,2026-03-09,331.1499938964844,-6.1233,0,2026-03-11,325.04998779296875,-7.8526,0.0,2026-03-13,319.29998779296875,-9.4826,0.0,2026-03-20,287.79998779296875,-18.4125,0.0,0,1,0,1,1,0,-8.1032,0,1.0,0.0,1.0,1.0,0.0,-9.796,0.0,1.0,0.0,1.0,1.0,0.0,-11.3917,0.0,1.0,0.0,1.0,1.0,0.0,-20.1332,0.0,60-65,60-65
AARTIIND.NS|2026-03-13|ensemble_lr0.20_rf0.30_xgb0.50,AARTIIND.NS,2026-03-13,ensemble_lr0.20_rf0.30_xgb0.50,2025-03-17,2026-03-13,2026-03-09,2025-04-16,2026-03-12,2026-03-13,226,2026-03-12,True,0,0.5144927536231884,0.8312446200725838,0.3,0.3067656457424164,0.40963174688572496,0,59.04,0.5538113377676879,1,55.38,HOLD,0.4956,-0.0088,High Volatility,0.0,0.0,unavailable_no_point_in_time_source,True,445.31,419.9152526855469,2026-03-16,424.3065185546875,1.0458,1,2026-03-18,432.0411376953125,2.8877,1.0,2026-03-20,426.5021667480469,1.5686,1.0,2026-03-30,398.25830078125,-5.1575,0.0,0,0,1,0,0,1,-4.7166,0,0.0,1.0,0.0,0.0,1.0,-2.9797,1.0,0.0,1.0,0.0,0.0,1.0,-4.2235,0.0,1.0,0.0,1.0,1.0,0.0,-10.5661,0.0,55-60,55-60
AAVAS.NS|2026-03-13|ensemble_lr0.20_rf0.30_xgb0.50,AAVAS.NS,2026-03-13,ensemble_lr0.20_rf0.30_xgb0.50,2025-03-17,2026-03-13,2026-03-09,2025-04-16,2026-03-12,2026-03-13,226,2026-03-12,True,0,0.5652173913043478,0.20442437870373056,0.22,0.19635321199893951,0.20506148174021588,0,79.49,0.3595055404814893,0,64.05,SELL,0.3562,-0.2876,High Volatility,-1.0,0.0,unavailable_no_point_in_time_source,False,1179.8,1169.800048828125,2026-03-16,1128.0999755859375,-3.5647,0,2026-03-18,1123.699951171875,-3.9409,0.0,2026-03-20,1098.0999755859375,-6.1293,0.0,2026-03-30,1078.0,-7.8475,0.0,0,1,1,1,1,1,-4.3821,1,1.0,1.0,1.0,1.0,1.0,-4.755,1.0,1.0,1.0,1.0,1.0,1.0,-6.9249,1.0,1.0,1.0,1.0,1.0,1.0,-8.6286,1.0,75-80,60-65
ABCAPITAL.NS|2026-03-13|ensemble_lr0.20_rf0.30_xgb0.50,ABCAPITAL.NS,2026-03-13,ensemble_lr0.20_rf0.30_xgb0.50,2025-03-17,2026-03-13,2026-03-09,2025-04-16,2026-03-12,2026-03-13,226,2026-03-12,True,1,0.47826086956521746,0.3540282655866745,0.1,0.20227612555027008,0.20194371589246995,0,79.81,0.45999474342147834,0,54.0,SELL,0.3683,-0.2634,High Volatility,-0.5,0.0,unavailable_no_point_in_time_source,True,319.95,310.75,2026-03-16,314.6000061035156,1.2389,1,2026-03-18,328.45001220703125,5.6959,1.0,2026-03-20,311.25,0.1609,1.0,2026-03-30,292.25,-5.9533,0.0,0,0,0,1,0,0,-1.6721,1,0.0,0.0,1.0,0.0,0.0,2.6567,0.0,0.0,0.0,1.0,0.0,0.0,-2.7192,1.0,1.0,1.0,0.0,1.0,1.0,-8.6576,1.0,75-80,50-55
ABFRL.NS|2026-03-13|ensemble_lr0.20_rf0.30_xgb0.50,ABFRL.NS,2026-03-13,ensemble_lr0.20_rf0.30_xgb0.50,2025-03-17,2026-03-13,2026-03-09,2025-04-16,2026-03-12,2026-03-13,226,2026-03-12,True,0,0.43478260869565216,0.4112016249735425,0.28,0.2814776301383972,0.30697914006390714,0,69.3,0.6563503975617179,1,65.64,SELL,0.3346,-0.3308,High Volatility,-0.665,0.0,unavailable_no_point_in_time_source,True,62.07,59.279998779296875,2026-03-16,58.4900016784668,-1.3327,0,2026-03-18,59.22999954223633,-0.0843,0.0,2026-03-20,59.97999954223633,1.1808,1.0,2026-03-30,53.88999938964844,-9.0924,0.0,0,1,0,1,1,1,-5.7677,1,1.0,0.0,1.0,1.0,1.0,-4.5755,1.0,0.0,1.0,0.0,0.0,0.0,-3.3672,1.0,1.0,0.0,1.0,1.0,1.0,-13.1787,1.0,65-70,65-70
ACC.NS|2026-03-13|ensemble_lr0.20_rf0.30_xgb0.50,ACC.NS,2026-03-13,ensemble_lr0.20_rf0.30_xgb0.50,2025-03-17,2026-03-13,2026-03-09,2025-04-16,2026-03-12,2026-03-13,226,2026-03-12,True,0,0.4492753623188406,0.18479026350592112,0.1,0.1286650002002716,0.13129055280132002,0,86.87,0.35027116049154977,0,64.97,STRONG SELL,0.2736,-0.4528,Bearish,-1.0,0.0,unavailable_no_point_in_time_source,False,1425.15,1368.4818115234375,2026-03-16,1365.3001708984375,-0.2325,0,2026-03-18,1397.1160888671875,2.0924,1.0,2026-03-20,1373.4530029296875,0.3633,1.0,2026-03-30,1247.3824462890625,-8.8492,0.0,0,1,1,1,1,1,-4.1995,1,0.0,0.0,0.0,0.0,0.0,-1.9671,1.0,0.0,0.0,0.0,0.0,0.0,-3.6275,1.0,1.0,1.0,1.0,1.0,1.0,-12.4736,1.0,85-90,60-65
ADANIENT.NS|2026-03-13|ensemble_lr0.20_rf0.30_xgb0.50,ADANIENT.NS,2026-03-13,ensemble_lr0.20_rf0.30_xgb0.50,2025-03-17,2026-03-13,2026-03-09,2025-04-16,2026-03-12,2026-03-13,226,2026-03-12,True,0,0.5,0.5219614402939089,0.16,0.33616334199905396,0.3204739590583088,0,67.95,0.6196021804150854,1,61.96,SELL,0.3223,-0.3553,High Volatility,-0.835,0.0,unavailable_no_point_in_time_source,True,2001.11,1960.2235107421875,2026-03-16,1977.115966796875,0.8618,1,2026-03-18,2006.3028564453125,2.3507,1.0,2026-03-20,1926.23876953125,-1.7337,0.0,2026-03-30,1758.0140380859375,-10.3156,0.0,0,0,1,0,0,0,-1.199,1,0.0,1.0,0.0,0.0,0.0,0.2595,0.0,1.0,0.0,1.0,1.0,1.0,-3.7415,1.0,1.0,0.0,1.0,1.0,1.0,-12.1481,1.0,65-70,60-65
ADANIPORTS.NS|2026-03-13|ensemble_lr0.20_rf0.30_xgb0.50,ADANIPORTS.NS,2026-03-13,ensemble_lr0.20_rf0.30_xgb0.50,2025-03-17,2026-03-13,2026-03-09,2025-04-16,2026-03-12,2026-03-13,226,2026-03-12,True,0,0.48550724637681153,0.47657197931410716,0.24,0.24140293896198273,0.2880158653438128,0,71.2,0.7803646097906038,1,78.04,SELL,0.3587,-0.2826,High Volatility,-0.335,0.0,unavailable_no_point_in_time_source,True,1385.66,1357.4788818359375,2026-03-16,1368.134033203125,0.7849,1,2026-03-18,1396.0166015625,2.8389,1.0,2026-03-20,1359.6697998046875,0.1614,1.0,2026-03-30,1307.09130859375,-3.7118,0.0,0,0,1,0,0,0,-1.2648,1,0.0,1.0,0.0,0.0,0.0,0.7474,0.0,0.0,1.0,0.0,0.0,0.0,-1.8757,1.0,1.0,0.0,1.0,1.0,1.0,-5.6701,1.0,70-75,75-80
AETHER.NS|2026-03-13|ensemble_lr0.20_rf0.30_xgb0.50,AETHER.NS,2026-03-13,ensemble_lr0.20_rf0.30_xgb0.50,2025-03-17,2026-03-13,2026-03-09,2025-04-16,2026-03-12,2026-03-13,226,2026-03-12,True,0,0.5362318840579711,0.44263471417031536,0.22,0.1555538922548294,0.2323038889614778,0,76.77,0.37161087263166775,0,62.84,BUY,0.5869,0.1738,High Volatility,1.0,0.0,unavailable_no_point_in_time_source,False,1047.65,1000.4500122070312,2026-03-16,1025.050048828125,2.4589,1,2026-03-18,1068.550048828125,6.8069,1.0,2026-03-20,1155.550048828125,15.503,1.0,2026-03-30,1094.5,9.4008,1.0,0,0,0,0,0,1,-2.1572,0,0.0,0.0,0.0,0.0,1.0,1.9949,1.0,0.0,0.0,0.0,0.0,1.0,10.2992,1.0,0.0,0.0,0.0,0.0,1.0,4.4719,1.0,75-80,60-65
AIAENG.NS|2026-03-13|ensemble_lr0.20_rf0.30_xgb0.50,AIAENG.NS,2026-03-13,ensemble_lr0.20_rf0.30_xgb0.50,2025-03-17,2026-03-13,2026-03-09,2025-04-16,2026-03-12,2026-03-13,226,2026-03-12,True,0,0.5144927536231884,0.33547005765830107,0.1,0.10785193741321564,0.15101998023826801,0,84.9,0.4145597850475212,0,58.54,SELL,0.3779,-0.2442,High Volatility,-0.165,0.0,unavailable_no_point_in_time_source,False,3708.86,3651.57373046875,2026-03-16,3651.87255859375,0.0082,1,2026-03-18,3705.67041015625,1.4815,1.0,2026-03-20,3396.831298828125,-6.9762,0.0,2026-03-30,3622.981201171875,-0.783,0.0,0,0,0,0,0,0,-1.5365,1,0.0,0.0,0.0,0.0,0.0,-0.086,1.0,1.0,1.0,1.0,1.0,1.0,-8.4131,1.0,1.0,1.0,1.0,1.0,1.0,-2.3155,1.0,80-85,55-60
AJANTPHARM.NS|2026-03-13|ensemble_lr0.20_rf0.30_xgb0.50,AJANTPHARM.NS,2026-03-13,ensemble_lr0.20_rf0.30_xgb0.50,2025-03-17,2026-03-13,2026-03-09,2025-04-16,2026-03-12,2026-03-13,226,2026-03-12,True,0,0.4710144927536232,0.5192971298993513,0.18,0.13318130373954773,0.22445007784964413,0,77.55,0.6142748234890799,1,61.43,BUY,0.6554,0.3107,Bullish,1.0,0.0,unavailable_no_point_in_time_source,False,3091.18,3003.089111328125,2026-03-16,2927.28369140625,-2.5242,0,2026-03-18,3028.85302734375,0.8579,1.0,2026-03-20,2878.331787109375,-4.1543,0.0,2026-03-30,2779.63623046875,-7.4408,0.0,0,1,0,1,1,0,-5.3021,0,0.0,1.0,0.0,0.0,1.0,-2.0163,0.0,1.0,0.0,1.0,1.0,0.0,-6.8857,0.0,1.0,0.0,1.0,1.0,0.0,-10.0785,0.0,75-80,60-65
ALEMBICLTD.NS|2026-03-13|ensemble_lr0.20_rf0.30_xgb0.50,ALEMBICLTD.NS,2026-03-13,ensemble_lr0.20_rf0.30_xgb0.50,2025-03-17,2026-03-13,2026-03-09,2025-04-16,2026-03-12,2026-03-13,226,2026-03-12,True,0,0.38405797101449274,0.5533103913829253,0.3,0.3119741678237915,0.3566491621884808,0,64.34,0.6055061369180987,1,60.55,SELL,0.3315,-0.337,High Volatility,-1.0,0.0,unavailable_no_point_in_time_source,False,80.8,78.63589477539062,2026-03-16,77.41862487792969,-1.548,0,2026-03-18,79.22992706298828,0.7554,1.0,2026-03-20,77.80815124511719,-1.0526,0.0,2026-03-30,69.04377746582031,-12.1981,0.0,0,1,0,1,1,1,-4.1849,1,0.0,1.0,0.0,0.0,0.0,-1.9432,1.0,1.0,0.0,1.0,1.0,1.0,-3.7028,1.0,1.0,0.0,1.0,1.0,1.0,-14.5498,1.0,60-65,60-65
ALKEM.NS|2026-03-13|ensemble_lr0.20_rf0.30_xgb0.50,ALKEM.NS,2026-03-13,ensemble_lr0.20_rf0.30_xgb0.50,2025-03-17,2026-03-13,2026-03-09,2025-04-16,2026-03-12,2026-03-13,226,2026-03-12,True,1,0.49275362318840576,0.3733616576107131,0.24,0.21552588045597076,0.25443527175012803,0,74.56,0.5734374970176268,1,57.34,SELL,0.3628,-0.2744,Sideways,-0.165,0.0,unavailable_no_point_in_time_source,False,5434.27,5345.93212890625,2026-03-16,5313.490234375,-0.6069,0,2026-03-18,5341.939453125,-0.0747,0.0,2026-03-20,5248.107421875,-1.8299,0.0,2026-03-30,5289.533203125,-1.055,0.0,0,1,0,0,1,1,-2.2226,1,1.0,0.0,0.0,1.0,1.0,-1.699,1.0,1.0,0.0,0.0,1.0,1.0,-3.4257,1.0,1.0,0.0,0.0,1.0,1.0,-2.6634,1.0,70-75,55-60
AMBER.NS|2026-03-13|ensemble_lr0.20_rf0.30_xgb0.50,AMBER.NS,2026-03-13,ensemble_lr0.20_rf0.30_xgb0.50,2025-03-17,2026-03-13,2026-03-09,2025-04-16,2026-03-12,2026-03-13,226,2026-03-12,True,1,0.5144927536231884,0.3003529835988746,0.14,0.146539568901062,0.17534038117030593,0,82.47,0.5753404902817066,1,57.53,HOLD,0.4913,-0.0175,High Volatility,0.335,0.0,unavailable_no_point_in_time_source,False,6929.5,6446.0,2026-03-16,6528.5,1.2799,1,2026-03-18,6850.0,6.2675,1.0,2026-03-20,6654.5,3.2346,1.0,2026-03-30,6549.0,1.5979,1.0,0,0,1,1,0,1,-5.7869,0,0.0,1.0,1.0,0.0,0.0,-1.1473,1.0,0.0,1.0,1.0,0.0,0.0,-3.9685,0.0,0.0,1.0,1.0,0.0,1.0,-5.491,0.0,80-85,55-60
ANGELONE.NS|2026-03-13|ensemble_lr0.20_rf0.30_xgb0.50,ANGELONE.NS,2026-03-13,ensemble_lr0.20_rf0.30_xgb0.50,2025-03-17,2026-03-13,2026-03-09,2025-04-16,2026-03-12,2026-03-13,226,2026-03-12,True,0,0.5507246376811595,0.597343126587749,0.82,0.8538084030151367,0.7923728268251181,1,79.24,0.7106849006472875,1,71.07,HOLD,0.4641,-0.0718,High Volatility,-0.665,0.0,unavailable_no_point_in_time_source,True,210.87,213.35906982421875,2026-03-16,214.3982696533203,0.4871,1,2026-03-18,233.77655029296875,9.5695,1.0,2026-03-20,228.9369354248047,7.3012,1.0,2026-03-30,226.8284912109375,6.313,1.0,1,1,1,0,1,1,1.6732,1,1.0,1.0,0.0,1.0,0.0,10.8629,0.0,1.0,1.0,0.0,1.0,0.0,8.5678,0.0,1.0,1.0,0.0,1.0,0.0,7.5679,0.0,75-80,70-75
APARINDS.NS|2026-03-13|ensemble_lr0.20_rf0.30_xgb0.50,APARINDS.NS,2026-03-13,ensemble_lr0.20_rf0.30_xgb0.50,2025-03-17,2026-03-13,2026-03-09,2025-04-16,2026-03-12,2026-03-13,226,2026-03-12,True,1,0.49275362318840576,0.4741539553234852,0.2,0.28919851779937744,0.29943004996438577,0,70.06,0.5016341396248744,1,50.16,HOLD,0.514,0.028,High Volatility,0.5,0.0,unavailable_no_point_in_time_source,False,9423.28,8957.8994140625,2026-03-16,9087.4501953125,1.4462,1,2026-03-18,9575.7548828125,6.8973,1.0,2026-03-20,9639.533203125,7.6093,1.0,2026-03-30,9846.8134765625,9.9232,1.0,0,0,1,1,0,1,-3.5638,0,0.0,1.0,1.0,0.0,0.0,1.6181,1.0,0.0,1.0,1.0,0.0,0.0,2.2949,1.0,0.0,1.0,1.0,0.0,0.0,4.4945,0.0,70-75,50-55
APOLLOHOSP.NS|2026-03-13|ensemble_lr0.20_rf0.30_xgb0.50,APOLLOHOSP.NS,2026-03-13,ensemble_lr0.20_rf0.30_xgb0.50,2025-03-17,2026-03-13,2026-03-09,2025-04-16,2026-03-12,2026-03-13,226,2026-03-12,True,0,0.47826086956521746,0.19509031296955975,0.12,0.10072897374629974,0.12538254946706182,0,87.46,0.15310838575120533,0,84.69,HOLD,0.4883,-0.0235,Sideways,0.335,0.0,unavailable_no_point_in_time_source,False,7565.69,7541.22119140625,2026-03-16,7481.291015625,-0.7947,0,2026-03-18,7462.31298828125,-1.0464,0.0,2026-03-20,7355.93701171875,-2.457,0.0,2026-03-30,7410.37353515625,-1.7351,0.0,0,1,1,1,1,1,-1.1155,1,1.0,1.0,1.0,1.0,1.0,-1.3664,1.0,1.0,1.0,1.0,1.0,1.0,-2.7724,1.0,1.0,1.0,1.0,1.0,1.0,-2.0529,1.0,85-90,80-85
APOLLOTYRE.NS|2026-03-13|ensemble_lr0.20_rf0.30_xgb0.50,APOLLOTYRE.NS,2026-03-13,ensemble_lr0.20_rf0.30_xgb0.50,2025-03-17,2026-03-13,2026-03-09,2025-04-16,2026-03-12,2026-03-13,226,2026-03-12,True,0,0.5072463768115942,0.4442507845860075,0.24,0.29393500089645386,0.30781765736542843,0,69.22,0.4921575325809346,0,50.78,SELL,0.3571,-0.2857,High Volatility,-0.665,0.0,unavailable_no_point_in_time_source,True,415.28,398.02374267578125,2026-03-16,410.4526672363281,3.1227,1,2026-03-18,417.3631591796875,4.8589,1.0,2026-03-20,418.4569091796875,5.1337,1.0,2026-03-30,409.95550537109375,2.9978,1.0,0,0,0,0,0,0,-1.1624,1,0.0,0.0,0.0,0.0,0.0,0.5016,0.0,0.0,0.0,0.0,0.0,0.0,0.765,0.0,0.0,0.0,0.0,0.0,0.0,-1.2821,1.0,65-70,50-55
ASHOKLEY.NS|2026-03-13|ensemble_lr0.20_rf0.30_xgb0.50,ASHOKLEY.NS,2026-03-13,ensemble_lr0.20_rf0.30_xgb0.50,2025-03-17,2026-03-13,2026-03-09,2025-04-16,2026-03-12,2026-03-13,226,2026-03-12,True,1,0.5579710144927535,0.2434299152715701,0.12,0.15718580782413483,0.16327888696638143,0,83.67,0.17136711683421196,0,82.86,HOLD,0.4608,-0.0783,High Volatility,0.33499999999999996,0.0,unavailable_no_point_in_time_source,False,175.48,167.78770446777344,2026-03-16,169.87216186523438,1.2423,1,2026-03-18,175.6240234375,4.6704,1.0,2026-03-20,166.05723571777344,-1.0313,0.0,2026-03-30,151.5447998046875,-9.6806,0.0,0,0,0,1,0,1,-3.1957,0,0.0,0.0,1.0,0.0,0.0,0.0821,1.0,1.0,1.0,0.0,1.0,1.0,-5.3697,0.0,1.0,1.0,0.0,1.0,0.0,-13.6398,0.0,80-85,80-85
ASIANPAINT.NS|2026-03-13|ensemble_lr0.20_rf0.30_xgb0.50,ASIANPAINT.NS,2026-03-13,ensemble_lr0.20_rf0.30_xgb0.50,2025-03-17,2026-03-13,2026-03-09,2025-04-16,2026-03-12,2026-03-13,226,2026-03-12,True,0,0.4492753623188406,0.3032877901891485,0.06,0.14759616553783417,0.15245564080674678,0,84.75,0.387566713115435,0,61.24,SELL,0.3167,-0.3666,Bearish,-0.835,0.0,unavailable_no_point_in_time_source,True,2202.09,2177.904541015625,2026-03-16,2198.624755859375,0.9514,1,2026-03-18,2242.642822265625,2.9725,1.0,2026-03-20,2176.516357421875,-0.0637,0.0,2026-03-30,2146.576171875,-1.4385,0.0,0,0,0,0,0,0,-0.1574,1,0.0,0.0,0.0,0.0,0.0,1.8416,0.0,1.0,1.0,1.0,1.0,1.0,-1.1613,1.0,1.0,1.0,1.0,1.0,1.0,-2.521,1.0,80-85,60-65
ASTRAL.NS|2026-03-13|ensemble_lr0.20_rf0.30_xgb0.50,ASTRAL.NS,2026-03-13,ensemble_lr0.20_rf0.30_xgb0.50,2025-03-17,2026-03-13,2026-03-09,2025-04-16,2026-03-12,2026-03-13,226,2026-03-12,True,1,0.5144927536231884,0.8548855948759712,0.3,0.40958067774772644,0.4657674578490575,0,53.42,0.7391402257834921,1,73.91,HOLD,0.5052,0.0104,High Volatility,0.335,0.0,unavailable_no_point_in_time_source,False,1693.34,1609.2689208984375,2026-03-16,1617.156494140625,0.4901,1,2026-03-18,1665.780029296875,3.5116,1.0,2026-03-20,1629.237548828125,1.2409,1.0,2026-03-30,1596.489013671875,-0.7941,0.0,0,0,1,1,0,1,-4.499,0,0.0,1.0,1.0,0.0,0.0,-1.6276,1.0,0.0,1.0,1.0,0.0,1.0,-3.7856,0.0,1.0,0.0,0.0,1.0,1.0,-5.7195,0.0,50-55,70-75
AUBANK.NS|2026-03-13|ensemble_lr0.20_rf0.30_xgb0.50,AUBANK.NS,2026-03-13,ensemble_lr0.20_rf0.30_xgb0.50,2025-03-17,2026-03-13,2026-03-09,2025-04-16,2026-03-12,2026-03-13,226,2026-03-12,True,1,0.4855072463768116,0.19240041652983178,0.16,0.2668853998184204,0.21992278321517655,0,78.01,0.42969320866170546,0,57.03,SELL,0.3813,-0.2374,High Volatility,-0.335,0.0,unavailable_no_point_in_time_source,True,901.32,883.4920043945312,2026-03-16,884.4411010742188,0.1074,1,2026-03-18,929.2476196289062,5.179,1.0,2026-03-20,900.6253662109375,1.9393,1.0,2026-03-30,841.8824462890625,-4.7097,0.0,0,0,0,1,0,0,-1.8727,1,0.0,0.0,1.0,0.0,0.0,3.0985,0.0,0.0,0.0,1.0,0.0,0.0,-0.0771,1.0,1.0,1.0,0.0,1.0,1.0,-6.5945,1.0,75-80,55-60
AXISBANK.NS|2026-03-13|ensemble_lr0.20_rf0.30_xgb0.50,AXISBANK.NS,2026-03-13,ensemble_lr0.20_rf0.30_xgb0.50,2025-03-17,2026-03-13,2026-03-09,2025-04-16,2026-03-12,2026-03-13,226,2026-03-12,True,0,0.572463768115942,0.2693058910584811,0.1,0.2278720885515213,0.19779722248745688,0,80.22,0.3801949358779446,0,61.98,SELL,0.4132,-0.1737,Bearish,0.0,0.0,unavailable_no_point_in_time_source,False,1233.55,1196.3773193359375,2026-03-16,1213.763916015625,1.4533,1,2026-03-18,1252.2342529296875,4.6688,1.0,2026-03-20,1202.9722900390625,0.5512,1.0,2026-03-30,1160.4051513671875,-3.0068,0.0,0,0,0,0,0,0,-1.604,1,0.0,0.0,0.0,0.0,0.0,1.5147,0.0,0.0,0.0,0.0,0.0,0.0,-2.4788,1.0,1.0,1.0,1.0,1.0,1.0,-5.9296,1.0,80-85,60-65
BAJAJ-AUTO.NS|2026-03-13|ensemble_lr0.20_rf0.30_xgb0.50,BAJAJ-AUTO.NS,2026-03-13,ensemble_lr0.20_rf0.30_xgb0.50,2025-03-17,2026-03-13,2026-03-09,2025-04-16,2026-03-12,2026-03-13,226,2026-03-12,True,1,0.5579710144927535,0.4523099388714524,0.08,0.16310089826583862,0.1960124369072098,0,80.4,0.19870339144320565,0,80.13,HOLD,0.4755,-0.049,Sideways,0.16499999999999998,0.0,unavailable_no_point_in_time_source,False,9034.85,8751.8330078125,2026-03-16,8947.0849609375,2.231,1,2026-03-18,9142.3369140625,4.462,1.0,2026-03-20,8925.390625,1.9831,1.0,2026-03-30,8659.630859375,-1.0535,0.0,0,0,0,1,0,1,-0.9714,1,0.0,0.0,1.0,0.0,0.0,1.1897,1.0,0.0,0.0,1.0,0.0,1.0,-1.2115,1.0,1.0,1.0,0.0,1.0,1.0,-4.153,0.0,80-85,80-85
BAJAJFINSV.NS|2026-03-13|ensemble_lr0.20_rf0.30_xgb0.50,BAJAJFINSV.NS,2026-03-13,ensemble_lr0.20_rf0.30_xgb0.50,2025-03-17,2026-03-13,2026-03-09,2025-04-16,2026-03-12,2026-03-13,226,2026-03-12,True,0,0.49275362318840576,0.47595189212466626,0.1,0.18613339960575104,0.21825707822780877,0,78.17,0.28798823906190923,0,71.2,SELL,0.2965,-0.407,Bearish,-0.665,0.0,unavailable_no_point_in_time_source,False,1769.29,1736.5181884765625,2026-03-16,1772.3875732421875,2.0656,1,2026-03-18,1790.2723388671875,3.0955,1.0,2026-03-20,1708.8419189453125,-1.5938,0.0,2026-03-30,1630.4088134765625,-6.1105,0.0,0,0,0,0,0,0,0.1751,0,0.0,0.0,0.0,0.0,0.0,1.1859,0.0,1.0,1.0,1.0,1.0,1.0,-3.4165,1.0,1.0,1.0,1.0,1.0,1.0,-7.8495,1.0,75-80,70-75
BAJFINANCE.NS|2026-03-13|ensemble_lr0.20_rf0.30_xgb0.50,BAJFINANCE.NS,2026-03-13,ensemble_lr0.20_rf0.30_xgb0.50,2025-03-17,2026-03-13,2026-03-09,2025-04-16,2026-03-12,2026-03-13,226,2026-03-12,True,1,0.5144927536231884,0.2797245008914217,0.2,0.29233518242836,0.26211249139246434,0,73.79,0.34294293503492923,0,65.71,SELL,0.3679,-0.2642,High Volatility,-0.5,0.0,unavailable_no_point_in_time_source,True,857.83,849.825927734375,2026-03-16,872.7848510742188,2.7016,1,2026-03-18,874.7228393554688,2.9296,1.0,2026-03-20,825.4755859375,-2.8653,0.0,2026-03-30,796.6527709960938,-6.2569,0.0,0,0,0,1,0,0,1.7433,0,0.0,0.0,1.0,0.0,0.0,1.9693,0.0,1.0,1.0,0.0,1.0,1.0,-3.7717,1.0,1.0,1.0,0.0,1.0,1.0,-7.1316,1.0,70-75,65-70
BEL.NS|2026-03-13|ensemble_lr0.20_rf0.30_xgb0.50,BEL.NS,2026-03-13,ensemble_lr0.20_rf0.30_xgb0.50,2025-03-17,2026-03-13,2026-03-09,2025-04-16,2026-03-12,2026-03-13,226,2026-03-12,True,0,0.5434782608695651,0.5328814565994069,0.16,0.21961410343647003,0.2643833430381164,0,73.56,0.7138343022965029,1,71.38,BUY,0.6006,0.2013,Bullish,0.835,0.0,unavailable_no_point_in_time_source,True,452.94,438.8042907714844,2026-03-16,428.917724609375,-2.2531,0,2026-03-18,441.9999694824219,0.7283,1.0,2026-03-20,425.5223388671875,-3.0269,0.0,2026-03-30,400.1068420410156,-8.8188,0.0,0,1,0,1,1,0,-5.3036,0,0.0,1.0,0.0,0.0,1.0,-2.4153,0.0,1.0,0.0,1.0,1.0,0.0,-6.0533,0.0,1.0,0.0,1.0,1.0,0.0,-11.6645,0.0,70-75,70-75
BPCL.NS|2026-03-13|ensemble_lr0.20_rf0.30_xgb0.50,BPCL.NS,2026-03-13,ensemble_lr0.20_rf0.30_xgb0.50,2025-03-17,2026-03-13,2026-03-09,2025-04-16,2026-03-12,2026-03-13,226,2026-03-12,True,0,0.49275362318840576,0.2574310003059959,0.24,0.19943976402282715,0.22320608207261275,0,77.68,0.4334585769182557,0,56.65,SELL,0.3714,-0.2571,High Volatility,-0.335,0.0,unavailable_no_point_in_time_source,False,326.35,319.29998779296875,2026-03-16,304.95001220703125,-4.4942,0,2026-03-18,303.70001220703125,-4.8857,0.0,2026-03-20,287.79998779296875,-9.8653,0.0,2026-03-30,281.0,-11.995,0.0,0,1,1,1,1,1,-6.5574,1,1.0,1.0,1.0,1.0,1.0,-6.9404,1.0,1.0,1.0,1.0,1.0,1.0,-11.8125,1.0,1.0,1.0,1.0,1.0,1.0,-13.8961,1.0,75-80,55-60
AARTIIND.NS|2026-03-20|ensemble_lr0.20_rf0.30_xgb0.50,AARTIIND.NS,2026-03-20,ensemble_lr0.20_rf0.30_xgb0.50,2025-03-21,2026-03-20,2026-03-16,2025-04-23,2026-03-19,2026-03-20,227,2026-03-19,True,0,0.5289855072463768,0.8240960948284223,0.84,0.7241279482841492,0.7788831931077591,1,77.89,0.43451058923133445,0,56.55,HOLD,0.546,0.092,High Volatility,0.0,0.0,unavailable_no_point_in_time_source,True,411.03,426.5021667480469,2026-03-23,404.34619140625,-5.1948,0,2026-03-25,430.3944396972656,0.9126,1.0,2026-03-30,398.25830078125,-6.6222,0.0,2026-04-08,420.8633728027344,-1.3221,0.0,1,0,1,1,0,0,-1.6261,1,1.0,0.0,0.0,1.0,1.0,4.7112,0.0,0.0,1.0,1.0,0.0,0.0,-3.1072,0.0,0.0,1.0,1.0,0.0,1.0,2.3924,1.0,75-80,55-60
AAVAS.NS|2026-03-20|ensemble_lr0.20_rf0.30_xgb0.50,AAVAS.NS,2026-03-20,ensemble_lr0.20_rf0.30_xgb0.50,2025-03-21,2026-03-20,2026-03-16,2025-04-23,2026-03-19,2026-03-20,227,2026-03-19,True,0,0.5434782608695653,0.2477258308942023,0.24,0.17250676453113556,0.20779854844440823,0,79.22,0.2646510521726012,0,73.53,SELL,0.3188,-0.3625,High Volatility,-1.0,0.0,unavailable_no_point_in_time_source,False,1105.8,1098.0999755859375,2026-03-23,1073.9000244140625,-2.2038,0,2026-03-25,1135.5,3.4059,1.0,2026-03-30,1078.0,-1.8304,0.0,2026-04-08,1209.300048828125,10.1266,1.0,0,1,1,1,1,1,-2.8848,1,0.0,0.0,0.0,0.0,0.0,2.6858,0.0,1.0,1.0,1.0,1.0,1.0,-2.514,1.0,0.0,0.0,0.0,0.0,0.0,9.3597,0.0,75-80,70-75
ABCAPITAL.NS|2026-03-20|ensemble_lr0.20_rf0.30_xgb0.50,ABCAPITAL.NS,2026-03-20,ensemble_lr0.20_rf0.30_xgb0.50,2025-03-21,2026-03-20,2026-03-16,2025-04-23,2026-03-19,2026-03-20,227,2026-03-19,True,1,0.5579710144927535,0.7020073739937006,0.22,0.3306596577167511,0.3717313036571157,0,62.83,0.5476074953993905,1,54.76,SELL,0.3443,-0.3115,High Volatility,-0.5,0.0,unavailable_no_point_in_time_source,True,312.3,311.25,2026-03-23,294.95001220703125,-5.2369,0,2026-03-25,314.70001220703125,1.1084,1.0,2026-03-30,292.25,-6.1044,0.0,2026-04-08,338.3999938964844,8.7229,1.0,0,1,0,0,1,1,-5.5556,1,0.0,1.0,1.0,0.0,0.0,0.7685,0.0,1.0,0.0,0.0,1.0,1.0,-6.4201,1.0,0.0,1.0,1.0,0.0,0.0,8.3573,0.0,60-65,50-55
ABFRL.NS|2026-03-20|ensemble_lr0.20_rf0.30_xgb0.50,ABFRL.NS,2026-03-20,ensemble_lr0.20_rf0.30_xgb0.50,2025-03-21,2026-03-20,2026-03-16,2025-04-23,2026-03-19,2026-03-20,227,2026-03-19,True,0,0.3913043478260869,0.50276456338484,0.78,0.7405930161476135,0.7048494207507747,1,70.48,0.29623407732634455,0,70.38,HOLD,0.4685,-0.0629,High Volatility,-0.665,0.0,unavailable_no_point_in_time_source,True,56.85,59.97999954223633,2026-03-23,56.939998626708984,-5.0684,0,2026-03-25,58.849998474121094,-1.884,0.0,2026-03-30,53.88999938964844,-10.1534,0.0,2026-04-08,59.470001220703125,-0.8503,0.0,1,0,1,1,0,0,0.1583,1,0.0,1.0,1.0,0.0,1.0,3.518,0.0,0.0,1.0,1.0,0.0,0.0,-5.2067,0.0,0.0,1.0,1.0,0.0,1.0,4.6086,0.0,70-75,70-75
ACC.NS|2026-03-20|ensemble_lr0.20_rf0.30_xgb0.50,ACC.NS,2026-03-20,ensemble_lr0.20_rf0.30_xgb0.50,2025-03-21,2026-03-20,2026-03-16,2025-04-23,2026-03-19,2026-03-20,227,2026-03-19,True,0,0.391304347826087,0.3776840165072419,0.74,0.6866136789321899,0.6408436427675434,1,64.08,0.46774274164341,0,53.23,SELL,0.3964,-0.2071,Bearish,-1.0,0.0,unavailable_no_point_in_time_source,False,1345.12,1373.4530029296875,2026-03-23,1322.14990234375,-3.7353,0,2026-03-25,1360.0306396484375,-0.9773,0.0,2026-03-30,1247.3824462890625,-9.1791,0.0,2026-04-08,1402.8826904296875,2.1428,1.0,1,0,1,1,0,1,-1.7077,1,0.0,1.0,1.0,0.0,1.0,1.1085,0.0,0.0,1.0,1.0,0.0,1.0,-7.2661,1.0,1.0,0.0,0.0,1.0,0.0,4.2942,0.0,60-65,50-55
ADANIENT.NS|2026-03-20|ensemble_lr0.20_rf0.30_xgb0.50,ADANIENT.NS,2026-03-20,ensemble_lr0.20_rf0.30_xgb0.50,2025-03-21,2026-03-20,2026-03-16,2025-04-23,2026-03-19,2026-03-20,227,2026-03-19,True,0,0.4710144927536232,0.5488699157312856,0.1,0.24140462279319763,0.2604762945428559,0,73.95,0.5969995693320589,1,59.7,SELL,0.3079,-0.3843,High Volatility,-1.0,0.0,unavailable_no_point_in_time_source,True,1935.93,1926.23876953125,2026-03-23,1832.1807861328125,-4.883,0,2026-03-25,1885.7568359375,-2.1016,0.0,2026-03-30,1758.0140380859375,-8.7333,0.0,2026-04-08,2042.8865966796875,6.0557,1.0,0,1,0,1,1,1,-5.3591,1,1.0,0.0,1.0,1.0,1.0,-2.5917,1.0,1.0,0.0,1.0,1.0,1.0,-9.1902,1.0,0.0,1.0,0.0,0.0,0.0,5.5248,0.0,70-75,55-60
ADANIPORTS.NS|2026-03-20|ensemble_lr0.20_rf0.30_xgb0.50,ADANIPORTS.NS,2026-03-20,ensemble_lr0.20_rf0.30_xgb0.50,2025-03-21,2026-03-20,2026-03-16,2025-04-23,2026-03-19,2026-03-20,227,2026-03-19,True,0,0.4855072463768116,0.488549154279382,0.9,0.8736177086830139,0.8045186851973833,1,80.45,0.7308066345938953,1,73.08,HOLD,0.4694,-0.0612,High Volatility,-0.5,0.0,unavailable_no_point_in_time_source,True,1350.31,1359.6697998046875,2026-03-23,1298.1290283203125,-4.5262,0,2026-03-25,1370.125732421875,0.769,1.0,2026-03-30,1307.09130859375,-3.867,0.0,2026-04-08,1447.200927734375,6.4377,1.0,1,0,0,1,0,0,-3.8644,0,1.0,1.0,0.0,1.0,1.0,1.4675,1.0,0.0,0.0,1.0,0.0,0.0,-3.2006,0.0,1.0,1.0,0.0,1.0,0.0,7.1755,0.0,80-85,70-75
AETHER.NS|2026-03-20|ensemble_lr0.20_rf0.30_xgb0.50,AETHER.NS,2026-03-20,ensemble_lr0.20_rf0.30_xgb0.50,2025-03-21,2026-03-20,2026-03-16,2025-04-23,2026-03-19,2026-03-20,227,2026-03-19,True,0,0.48550724637681153,0.6048756638095335,0.68,0.6454604268074036,0.6477053461656085,1,64.77,0.6525606273878288,1,65.26,BUY,0.6814,0.3628,High Volatility,1.0,0.0,unavailable_no_point_in_time_source,False,1068.55,1155.550048828125,2026-03-23,1085.050048828125,-6.101,0,2026-03-25,1158.550048828125,0.2596,1.0,2026-03-30,1094.5,-5.2832,0.0,2026-04-08,1134.800048828125,-1.7957,0.0,1,0,0,1,0,0,1.5442,1,1.0,1.0,0.0,1.0,1.0,8.4226,1.0,0.0,0.0,1.0,0.0,0.0,2.4285,1.0,0.0,0.0,1.0,0.0,0.0,6.2,1.0,60-65,65-70
AIAENG.NS|2026-03-20|ensemble_lr0.20_rf0.30_xgb0.50,AIAENG.NS,2026-03-20,ensemble_lr0.20_rf0.30_xgb0.50,2025-03-21,2026-03-20,2026-03-16,2025-04-23,2026-03-19,2026-03-20,227,2026-03-19,True,0,0.5144927536231885,0.42861672249851507,0.12,0.10656929761171341,0.17500799330555972,0,82.5,0.455481149161998,0,54.45,SELL,0.3374,-0.3253,High Volatility,-0.5,0.0,unavailable_no_point_in_time_source,False,3559.72,3396.831298828125,2026-03-23,3303.48193359375,-2.7481,0,2026-03-25,3473.343505859375,2.2525,1.0,2026-03-30,3622.981201171875,6.6577,1.0,2026-04-08,3660.7392578125,7.7692,1.0,0,1,1,1,1,1,-7.1983,1,0.0,0.0,0.0,0.0,0.0,-2.4265,1.0,0.0,0.0,0.0,0.0,0.0,1.7771,0.0,0.0,0.0,0.0,0.0,0.0,2.8378,0.0,80-85,50-55
AJANTPHARM.NS|2026-03-20|ensemble_lr0.20_rf0.30_xgb0.50,AJANTPHARM.NS,2026-03-20,ensemble_lr0.20_rf0.30_xgb0.50,2025-03-21,2026-03-20,2026-03-16,2025-04-23,2026-03-19,2026-03-20,227,2026-03-19,True,0,0.463768115942029,0.5094718140230647,0.22,0.27861160039901733,0.3072001630041216,0,69.28,0.4450552815091062,0,55.49,HOLD,0.4895,-0.021,High Volatility,0.5,0.0,unavailable_no_point_in_time_source,False,2917.18,2878.331787109375,2026-03-23,2771.411376953125,-3.7147,0,2026-03-25,2853.7568359375,-0.8538,0.0,2026-03-30,2779.63623046875,-3.4289,0.0,2026-04-08,2684.408447265625,-6.7374,0.0,0,1,1,1,1,0,-4.9969,0,1.0,1.0,1.0,1.0,1.0,-2.1741,1.0,1.0,1.0,1.0,1.0,0.0,-4.715,0.0,1.0,1.0,1.0,1.0,0.0,-7.9793,0.0,65-70,55-60
ALEMBICLTD.NS|2026-03-20|ensemble_lr0.20_rf0.30_xgb0.50,ALEMBICLTD.NS,2026-03-20,ensemble_lr0.20_rf0.30_xgb0.50,2025-03-21,2026-03-20,2026-03-16,2025-04-23,2026-03-19,2026-03-20,227,2026-03-19,True,0,0.38405797101449274,0.45577747093903254,0.8,0.6338849067687988,0.648097947572206,1,64.81,0.4363126958893398,0,56.37,HOLD,0.4392,-0.1216,High Volatility,-1.0,0.0,unavailable_no_point_in_time_source,False,76.33,77.80815124511719,2026-03-23,73.35779571533203,-5.7197,0,2026-03-25,77.19464111328125,-0.7885,0.0,2026-03-30,69.04377746582031,-11.2641,0.0,2026-04-08,83.3783950805664,7.1589,1.0,1,0,1,1,0,0,-3.8939,0,0.0,1.0,1.0,0.0,1.0,1.1328,1.0,0.0,1.0,1.0,0.0,0.0,-9.5457,0.0,1.0,0.0,0.0,1.0,0.0,9.2341,0.0,60-65,55-60
ALKEM.NS|2026-03-20|ensemble_lr0.20_rf0.30_xgb0.50,ALKEM.NS,2026-03-20,ensemble_lr0.20_rf0.30_xgb0.50,2025-03-21,2026-03-20,2026-03-16,2025-04-23,2026-03-19,2026-03-20,227,2026-03-19,True,1,0.5579710144927535,0.8433418218996007,0.96,0.8714247941970825,0.8923807614784613,1,89.24,0.6176596754603292,1,61.77,HOLD,0.4975,-0.005,Sideways,-0.5,0.0,unavailable_no_point_in_time_source,False,5230.64,5248.107421875,2026-03-23,5135.30908203125,-2.1493,0,2026-03-25,5425.78955078125,3.3856,1.0,2026-03-30,5289.533203125,0.7893,1.0,2026-04-08,5236.6279296875,-0.2187,0.0,1,0,0,0,0,1,-1.8225,1,1.0,1.0,1.0,1.0,0.0,3.7309,0.0,1.0,1.0,1.0,1.0,1.0,1.1259,1.0,0.0,0.0,0.0,0.0,1.0,0.1145,1.0,85-90,60-65
AMBER.NS|2026-03-20|ensemble_lr0.20_rf0.30_xgb0.50,AMBER.NS,2026-03-20,ensemble_lr0.20_rf0.30_xgb0.50,2025-03-21,2026-03-20,2026-03-16,2025-04-23,2026-03-19,2026-03-20,227,2026-03-19,True,1,0.5507246376811595,0.6998744138116588,0.18,0.1983935683965683,0.2931716669606159,0,70.68,0.3646816115335987,0,63.53,HOLD,0.4455,-0.109,High Volatility,0.17,0.0,unavailable_no_point_in_time_source,False,6677.0,6654.5,2026-03-23,6289.0,-5.4925,0,2026-03-25,6746.5,1.3825,1.0,2026-03-30,6549.0,-1.5854,0.0,2026-04-08,6944.0,4.3504,1.0,0,1,1,0,1,0,-5.811,0,0.0,0.0,1.0,0.0,1.0,1.0409,1.0,1.0,1.0,0.0,1.0,1.0,-1.917,1.0,0.0,0.0,1.0,0.0,0.0,3.9988,0.0,70-75,60-65
ANGELONE.NS|2026-03-20|ensemble_lr0.20_rf0.30_xgb0.50,ANGELONE.NS,2026-03-20,ensemble_lr0.20_rf0.30_xgb0.50,2025-03-21,2026-03-20,2026-03-16,2025-04-23,2026-03-19,2026-03-20,227,2026-03-19,True,0,0.463768115942029,0.34909795187676795,0.22,0.2894613444805145,0.2805502626156109,0,71.94,0.4706186386494029,0,52.94,SELL,0.3761,-0.2479,High Volatility,-0.5,0.0,unavailable_no_point_in_time_source,True,230.03,228.9369354248047,2026-03-23,218.63417053222656,-4.5003,0,2026-03-25,239.18028259277344,4.4743,1.0,2026-03-30,226.8284912109375,-0.921,0.0,2026-04-08,266.7948913574219,16.5364,1.0,0,1,1,1,1,1,-4.9541,1,0.0,0.0,0.0,0.0,0.0,3.9779,0.0,1.0,1.0,1.0,1.0,1.0,-1.3918,1.0,0.0,0.0,0.0,0.0,0.0,15.9827,0.0,70-75,50-55
APARINDS.NS|2026-03-20|ensemble_lr0.20_rf0.30_xgb0.50,APARINDS.NS,2026-03-20,ensemble_lr0.20_rf0.30_xgb0.50,2025-03-21,2026-03-20,2026-03-16,2025-04-23,2026-03-19,2026-03-20,227,2026-03-19,True,1,0.4855072463768116,0.8579930157703085,0.84,0.7778417468070984,0.8125194765576109,1,81.25,0.7475155640138273,1,74.75,BUY,0.5971,0.1941,High Volatility,0.335,0.0,unavailable_no_point_in_time_source,False,9564.79,9639.533203125,2026-03-23,9771.076171875,1.3646,1,2026-03-25,9979.353515625,3.5253,1.0,2026-03-30,9846.8134765625,2.1503,1.0,2026-04-08,10452.7099609375,8.4359,1.0,1,1,1,1,1,1,2.1567,1,1.0,1.0,1.0,1.0,1.0,4.3343,1.0,1.0,1.0,1.0,1.0,1.0,2.9486,1.0,1.0,1.0,1.0,1.0,1.0,9.2832,1.0,80-85,70-75
APOLLOHOSP.NS|2026-03-20|ensemble_lr0.20_rf0.30_xgb0.50,APOLLOHOSP.NS,2026-03-20,ensemble_lr0.20_rf0.30_xgb0.50,2025-03-21,2026-03-20,2026-03-16,2025-04-23,2026-03-19,2026-03-20,227,2026-03-19,True,0,0.4855072463768116,0.7144704413490965,0.84,0.7408966422080994,0.765342409373869,1,76.53,0.655836458365338,1,65.58,BUY,0.5883,0.1766,Sideways,0.17,0.0,unavailable_no_point_in_time_source,False,7243.57,7355.93701171875,2026-03-23,7136.69189453125,-2.9805,0,2026-03-25,7571.685546875,2.933,1.0,2026-03-30,7410.37353515625,0.74,1.0,2026-04-08,7392.8935546875,0.5024,1.0,1,0,0,1,0,0,-1.4755,0,1.0,1.0,0.0,1.0,1.0,4.5297,1.0,1.0,1.0,0.0,1.0,1.0,2.3028,1.0,1.0,1.0,0.0,1.0,1.0,2.0615,1.0,75-80,65-70
APOLLOTYRE.NS|2026-03-20|ensemble_lr0.20_rf0.30_xgb0.50,APOLLOTYRE.NS,2026-03-20,ensemble_lr0.20_rf0.30_xgb0.50,2025-03-21,2026-03-20,2026-03-16,2025-04-23,2026-03-19,2026-03-20,227,2026-03-19,True,0,0.4927536231884058,0.42847183788585874,0.7,0.5884931087493896,0.5899409219518665,1,58.99,0.47104707361513193,0,52.9,SELL,0.409,-0.182,High Volatility,-0.835,0.0,unavailable_no_point_in_time_source,True,417.06,418.4569091796875,2026-03-23,397.2283020019531,-5.0731,0,2026-03-25,417.26373291015625,-0.2851,0.0,2026-03-30,409.95550537109375,-2.0316,0.0,2026-04-08,433.62017822265625,3.6236,1.0,1,0,1,1,0,1,-4.7551,1,0.0,1.0,1.0,0.0,1.0,0.0488,0.0,0.0,1.0,1.0,0.0,1.0,-1.7035,1.0,1.0,0.0,0.0,1.0,0.0,3.9707,0.0,55-60,50-55
ASHOKLEY.NS|2026-03-20|ensemble_lr0.20_rf0.30_xgb0.50,ASHOKLEY.NS,2026-03-20,ensemble_lr0.20_rf0.30_xgb0.50,2025-03-21,2026-03-20,2026-03-16,2025-04-23,2026-03-19,2026-03-20,227,2026-03-19,True,1,0.6231884057971014,0.989400167526177,0.88,0.8732377290725708,0.8984988980415208,1,89.85,0.7420429114000489,1,74.2,HOLD,0.4798,-0.0404,High Volatility,-0.335,0.0,unavailable_no_point_in_time_source,False,165.74,166.05723571777344,2026-03-23,159.26312255859375,-4.0914,0,2026-03-25,168.08267211914062,1.2197,1.0,2026-03-30,151.5447998046875,-8.7394,0.0,2026-04-08,169.58700561523438,2.1256,1.0,1,0,0,0,0,0,-3.9079,0,1.0,1.0,1.0,1.0,1.0,1.4135,1.0,0.0,0.0,0.0,0.0,0.0,-8.5647,0.0,1.0,1.0,1.0,1.0,1.0,2.3211,1.0,85-90,70-75
ASIANPAINT.NS|2026-03-20|ensemble_lr0.20_rf0.30_xgb0.50,ASIANPAINT.NS,2026-03-20,ensemble_lr0.20_rf0.30_xgb0.50,2025-03-21,2026-03-20,2026-03-16,2025-04-23,2026-03-19,2026-03-20,227,2026-03-19,True,0,0.5072463768115942,0.40927235873622986,0.9,0.8437011241912842,0.7737050338428881,1,77.37,0.6941218281465209,1,69.41,HOLD,0.4401,-0.1198,Bearish,-0.5,0.0,unavailable_no_point_in_time_source,True,2167.2,2176.516357421875,2026-03-23,2103.053955078125,-3.3752,0,2026-03-25,2250.673095703125,3.4071,1.0,2026-03-30,2146.576171875,-1.3756,0.0,2026-04-08,2262.76806640625,3.9628,1.0,1,0,0,1,0,0,-2.9599,1,1.0,1.0,0.0,1.0,0.0,3.8517,0.0,0.0,0.0,1.0,0.0,1.0,-0.9516,1.0,1.0,1.0,0.0,1.0,0.0,4.4097,0.0,75-80,65-70
ASTRAL.NS|2026-03-20|ensemble_lr0.20_rf0.30_xgb0.50,ASTRAL.NS,2026-03-20,ensemble_lr0.20_rf0.30_xgb0.50,2025-03-21,2026-03-20,2026-03-16,2025-04-23,2026-03-19,2026-03-20,227,2026-03-19,True,1,0.5,0.5812851042374897,0.24,0.25795212388038635,0.31723308278769113,0,68.28,0.3852476029096099,0,61.48,HOLD,0.4597,-0.0805,High Volatility,0.165,0.0,unavailable_no_point_in_time_source,True,1637.82,1629.237548828125,2026-03-23,1553.8560791015625,-4.6268,0,2026-03-25,1644.0142822265625,0.907,1.0,2026-03-30,1596.489013671875,-2.0101,0.0,2026-04-08,1523.1044921875,-6.5143,0.0,0,1,1,0,1,0,-5.1266,0,0.0,0.0,1.0,0.0,1.0,0.3782,1.0,1.0,1.0,0.0,1.0,1.0,-2.5235,1.0,1.0,1.0,0.0,1.0,0.0,-7.0042,0.0,65-70,60-65
AUBANK.NS|2026-03-20|ensemble_lr0.20_rf0.30_xgb0.50,AUBANK.NS,2026-03-20,ensemble_lr0.20_rf0.30_xgb0.50,2025-03-21,2026-03-20,2026-03-16,2025-04-23,2026-03-19,2026-03-20,227,2026-03-19,True,1,0.5507246376811593,0.26234678739520056,0.1,0.22652439773082733,0.19573155634445377,0,80.43,0.19355821717373628,0,80.64,SELL,0.3103,-0.3793,High Volatility,-0.5,0.0,unavailable_no_point_in_time_source,True,900.68,900.6253662109375,2026-03-23,848.7257690429688,-5.7626,0,2026-03-25,909.5167846679688,0.9872,1.0,2026-03-30,841.8824462890625,-6.5225,0.0,2026-04-08,966.8610229492188,7.3544,1.0,0,1,1,0,1,1,-5.7683,1,0.0,0.0,1.0,0.0,0.0,0.9811,0.0,1.0,1.0,0.0,1.0,1.0,-6.5281,1.0,0.0,0.0,1.0,0.0,0.0,7.3479,0.0,80-85,80-85
AXISBANK.NS|2026-03-20|ensemble_lr0.20_rf0.30_xgb0.50,AXISBANK.NS,2026-03-20,ensemble_lr0.20_rf0.30_xgb0.50,2025-03-21,2026-03-20,2026-03-16,2025-04-23,2026-03-19,2026-03-20,227,2026-03-19,True,0,0.572463768115942,0.5396040699806604,0.18,0.15677304565906525,0.24030733682566469,0,75.97,0.3852622171227046,0,61.47,SELL,0.3022,-0.3957,Bearish,-0.5,0.0,unavailable_no_point_in_time_source,True,1206.07,1202.9722900390625,2026-03-23,1169.6978759765625,-2.766,0,2026-03-25,1221.158203125,1.5117,1.0,2026-03-30,1160.4051513671875,-3.5385,0.0,2026-04-08,1331.9727783203125,10.7235,1.0,0,1,1,1,1,1,-3.0158,1,0.0,0.0,0.0,0.0,0.0,1.251,0.0,1.0,1.0,1.0,1.0,1.0,-3.7863,1.0,0.0,0.0,0.0,0.0,0.0,10.4391,0.0,75-80,60-65
BAJAJ-AUTO.NS|2026-03-20|ensemble_lr0.20_rf0.30_xgb0.50,BAJAJ-AUTO.NS,2026-03-20,ensemble_lr0.20_rf0.30_xgb0.50,2025-03-21,2026-03-20,2026-03-16,2025-04-23,2026-03-19,2026-03-20,227,2026-03-19,True,1,0.5217391304347826,0.7752446980499221,0.9,0.8213399052619934,0.8357188922409812,1,83.57,0.7604449696977466,1,76.04,HOLD,0.4829,-0.0343,High Volatility,-0.335,0.0,unavailable_no_point_in_time_source,False,8745.42,8925.390625,2026-03-23,8654.20703125,-3.0383,0,2026-03-25,8922.9248046875,-0.0276,0.0,2026-03-30,8659.630859375,-2.9776,0.0,2026-04-08,9236.0185546875,3.4803,1.0,1,0,0,0,0,0,-1.043,1,0.0,0.0,0.0,0.0,1.0,2.0297,1.0,0.0,0.0,0.0,0.0,1.0,-0.981,1.0,1.0,1.0,1.0,1.0,0.0,5.6098,0.0,80-85,75-80
BAJAJFINSV.NS|2026-03-20|ensemble_lr0.20_rf0.30_xgb0.50,BAJAJFINSV.NS,2026-03-20,ensemble_lr0.20_rf0.30_xgb0.50,2025-03-21,2026-03-20,2026-03-16,2025-04-23,2026-03-19,2026-03-20,227,2026-03-19,True,0,0.5,0.541838800768343,0.2,0.4174944758415222,0.3771149980744297,0,62.29,0.7222460047207481,1,72.22,SELL,0.2871,-0.4259,Bearish,-0.835,0.0,unavailable_no_point_in_time_source,True,1713.44,1708.8419189453125,2026-03-23,1674.071533203125,-2.0347,0,2026-03-25,1744.711181640625,2.099,1.0,2026-03-30,1630.4088134765625,-4.5898,0.0,2026-04-08,1783.0784912109375,4.3443,1.0,0,1,0,1,1,1,-2.2976,1,0.0,1.0,0.0,0.0,0.0,1.8251,0.0,1.0,0.0,1.0,1.0,1.0,-4.8459,1.0,0.0,1.0,0.0,0.0,0.0,4.0643,0.0,60-65,70-75
BAJFINANCE.NS|2026-03-20|ensemble_lr0.20_rf0.30_xgb0.50,BAJFINANCE.NS,2026-03-20,ensemble_lr0.20_rf0.30_xgb0.50,2025-03-21,2026-03-20,2026-03-16,2025-04-23,2026-03-19,2026-03-20,227,2026-03-19,True,1,0.5579710144927535,0.23580510977538466,0.16,0.20671507716178894,0.1985185605359714,0,80.15,0.21307030669686824,0,78.69,SELL,0.3511,-0.2979,High Volatility,-0.665,0.0,unavailable_no_point_in_time_source,True,827.12,825.4755859375,2026-03-23,807.63525390625,-2.1612,0,2026-03-25,877.356689453125,6.285,1.0,2026-03-30,796.6527709960938,-3.4917,0.0,2026-04-08,909.4593505859375,10.174,1.0,0,1,1,0,1,1,-2.3557,1,0.0,0.0,1.0,0.0,0.0,6.0737,0.0,1.0,1.0,0.0,1.0,1.0,-3.6835,1.0,0.0,0.0,1.0,0.0,0.0,9.9549,0.0,80-85,75-80
BEL.NS|2026-03-20|ensemble_lr0.20_rf0.30_xgb0.50,BEL.NS,2026-03-20,ensemble_lr0.20_rf0.30_xgb0.50,2025-03-21,2026-03-20,2026-03-16,2025-04-23,2026-03-19,2026-03-20,227,2026-03-19,True,0,0.5289855072463768,0.4664652398729363,0.34,0.23914551734924316,0.3148658066492088,0,68.51,0.4230597228714453,0,57.69,HOLD,0.4799,-0.0402,High Volatility,0.335,0.0,unavailable_no_point_in_time_source,True,430.22,425.5223388671875,2026-03-23,404.95025634765625,-4.8345,0,2026-03-25,412.8894958496094,-2.9688,0.0,2026-03-30,400.1068420410156,-5.9728,0.0,2026-04-08,432.5128479003906,1.6428,1.0,0,1,1,1,1,0,-5.8737,0,1.0,1.0,1.0,1.0,1.0,-4.0283,0.0,1.0,1.0,1.0,1.0,0.0,-6.9995,0.0,0.0,0.0,0.0,0.0,1.0,0.5329,1.0,65-70,55-60
BPCL.NS|2026-03-20|ensemble_lr0.20_rf0.30_xgb0.50,BPCL.NS,2026-03-20,ensemble_lr0.20_rf0.30_xgb0.50,2025-03-21,2026-03-20,2026-03-16,2025-04-23,2026-03-19,2026-03-20,227,2026-03-19,True,0,0.4855072463768116,0.4916493362938829,0.8,0.7729130983352661,0.7247864164264096,1,72.48,0.4660519982321058,0,53.39,HOLD,0.4869,-0.0263,High Volatility,-0.5,0.0,unavailable_no_point_in_time_source,False,286.0,287.79998779296875,2026-03-23,271.29998779296875,-5.7331,0,2026-03-25,284.54998779296875,-1.1293,0.0,2026-03-30,281.0,-2.3627,0.0,2026-04-08,298.1000061035156,3.5789,1.0,1,0,1,1,0,0,-5.1399,0,0.0,1.0,1.0,0.0,1.0,-0.507,1.0,0.0,1.0,1.0,0.0,1.0,-1.7483,1.0,1.0,0.0,0.0,1.0,0.0,4.2308,0.0,70-75,50-55
AARTIIND.NS|2026-03-30|ensemble_lr0.20_rf0.30_xgb0.50,AARTIIND.NS,2026-03-30,ensemble_lr0.20_rf0.30_xgb0.50,2025-04-01,2026-03-30,2026-03-30,2025-05-02,2026-03-27,2026-03-30,226,2026-03-27,True,0,0.4710144927536232,0.6903853752554612,0.08,0.2405042052268982,0.28232917766454135,0,71.77,0.6960793488010741,1,69.61,HOLD,0.4586,-0.0827,High Volatility,0.0,0.0,unavailable_no_point_in_time_source,True,416.57,398.25830078125,2026-04-01,410.58380126953125,3.0949,1,2026-04-06,403.3981018066406,1.2906,1.0,2026-04-08,420.8633728027344,5.676,1.0,2026-04-16,437.0312194824219,9.7356,1.0,0,0,1,0,0,0,-1.437,1,0.0,1.0,0.0,0.0,1.0,-3.162,0.0,0.0,1.0,0.0,0.0,0.0,1.0306,1.0,0.0,1.0,0.0,0.0,0.0,4.9118,0.0,70-75,65-70
AAVAS.NS|2026-03-30|ensemble_lr0.20_rf0.30_xgb0.50,AAVAS.NS,2026-03-30,ensemble_lr0.20_rf0.30_xgb0.50,2025-04-01,2026-03-30,2026-03-30,2025-05-02,2026-03-27,2026-03-30,226,2026-03-27,True,0,0.5289855072463768,0.2509679985020607,0.18,0.1961377114057541,0.2022624554032892,0,79.77,0.35006717149971317,0,64.99,SELL,0.3527,-0.2946,High Volatility,-0.665,0.0,unavailable_no_point_in_time_source,False,1110.4,1078.0,2026-04-01,1134.199951171875,5.2134,1,2026-04-06,1149.4000244140625,6.6234,1.0,2026-04-08,1209.300048828125,12.18,1.0,2026-04-16,1308.300048828125,21.3636,1.0,0,0,0,0,0,0,2.1434,0,0.0,0.0,0.0,0.0,0.0,3.5123,0.0,0.0,0.0,0.0,0.0,0.0,8.9067,0.0,0.0,0.0,0.0,0.0,0.0,17.8224,0.0,75-80,60-65
ABCAPITAL.NS|2026-03-30|ensemble_lr0.20_rf0.30_xgb0.50,ABCAPITAL.NS,2026-03-30,ensemble_lr0.20_rf0.30_xgb0.50,2025-04-01,2026-03-30,2026-03-30,2025-05-02,2026-03-27,2026-03-30,226,2026-03-27,True,1,0.5,0.572704432400046,0.18,0.22904324531555176,0.2830625091377851,0,71.69,0.7103376581150103,1,71.03,SELL,0.3348,-0.3304,High Volatility,-0.335,0.0,unavailable_no_point_in_time_source,True,305.75,292.25,2026-04-01,302.8999938964844,3.6441,1,2026-04-06,311.29998779296875,6.5184,1.0,2026-04-08,338.3999938964844,15.7913,1.0,2026-04-16,337.95001220703125,15.6373,1.0,0,0,1,1,0,0,-0.9321,1,0.0,1.0,1.0,0.0,0.0,1.8152,0.0,0.0,1.0,1.0,0.0,0.0,10.6787,0.0,0.0,1.0,1.0,0.0,0.0,10.5315,0.0,70-75,70-75
ABFRL.NS|2026-03-30|ensemble_lr0.20_rf0.30_xgb0.50,ABFRL.NS,2026-03-30,ensemble_lr0.20_rf0.30_xgb0.50,2025-04-01,2026-03-30,2026-03-30,2025-05-02,2026-03-27,2026-03-30,226,2026-03-27,True,0,0.5869565217391304,0.4217437995071012,0.24,0.32345741987228394,0.31807746983756224,0,68.19,0.6897479963015294,1,68.97,SELL,0.3238,-0.3525,High Volatility,-0.665,0.0,unavailable_no_point_in_time_source,True,57.05,53.88999938964844,2026-04-01,58.04999923706055,7.7194,1,2026-04-06,58.939998626708984,9.3709,1.0,2026-04-08,59.470001220703125,10.3544,1.0,2026-04-16,63.779998779296875,18.3522,1.0,0,0,1,0,0,0,1.7528,0,0.0,1.0,0.0,0.0,0.0,3.3129,0.0,0.0,1.0,0.0,0.0,0.0,4.2419,0.0,0.0,1.0,0.0,0.0,0.0,11.7967,0.0,65-70,65-70
ACC.NS|2026-03-30|ensemble_lr0.20_rf0.30_xgb0.50,ACC.NS,2026-03-30,ensemble_lr0.20_rf0.30_xgb0.50,2025-04-01,2026-03-30,2026-03-30,2025-05-02,2026-03-27,2026-03-30,226,2026-03-27,True,0,0.4202898550724637,0.2902256748436936,0.1,0.2180299013853073,0.19706008566139238,0,80.29,0.6674016611831,1,66.74,SELL,0.3259,-0.3482,High Volatility,-1.0,0.0,unavailable_no_point_in_time_source,False,1306.84,1247.3824462890625,2026-04-01,1320.2607421875,5.8425,1,2026-04-06,1354.2640380859375,8.5685,1.0,2026-04-08,1402.8826904296875,12.4661,1.0,2026-04-16,1434.4998779296875,15.0008,1.0,0,0,1,0,0,0,1.027,0,0.0,1.0,0.0,0.0,0.0,3.6289,0.0,0.0,1.0,0.0,0.0,0.0,7.3492,0.0,0.0,1.0,0.0,0.0,0.0,9.7686,0.0,80-85,65-70
ADANIENT.NS|2026-03-30|ensemble_lr0.20_rf0.30_xgb0.50,ADANIENT.NS,2026-03-30,ensemble_lr0.20_rf0.30_xgb0.50,2025-04-01,2026-03-30,2026-03-30,2025-05-02,2026-03-27,2026-03-30,226,2026-03-27,True,0,0.49275362318840576,0.3550780619105707,0.24,0.1579579859972,0.22199460538071414,0,77.8,0.3281668575018928,0,67.18,SELL,0.3088,-0.3825,High Volatility,-1.0,0.0,unavailable_no_point_in_time_source,True,1822.19,1758.0140380859375,2026-04-01,1841.676513671875,4.7589,1,2026-04-06,1901.349853515625,8.1533,1.0,2026-04-08,2042.8865966796875,16.2042,1.0,2026-04-16,2202.715087890625,25.2956,1.0,0,0,0,0,0,0,1.0694,0,0.0,0.0,0.0,0.0,0.0,4.3442,0.0,0.0,0.0,0.0,0.0,0.0,12.1116,0.0,0.0,0.0,0.0,0.0,0.0,20.8828,0.0,75-80,65-70
ADANIPORTS.NS|2026-03-30|ensemble_lr0.20_rf0.30_xgb0.50,ADANIPORTS.NS,2026-03-30,ensemble_lr0.20_rf0.30_xgb0.50,2025-04-01,2026-03-30,2026-03-30,2025-05-02,2026-03-27,2026-03-30,226,2026-03-27,True,0,0.47826086956521735,0.5145523915254548,0.28,0.30911099910736084,0.3414659778587714,0,65.85,0.5640056649690584,1,56.4,SELL,0.3295,-0.3411,High Volatility,-0.5,0.0,unavailable_no_point_in_time_source,True,1332.19,1307.09130859375,2026-04-01,1379.5858154296875,5.5462,1,2026-04-06,1381.2786865234375,5.6758,1.0,2026-04-08,1447.200927734375,10.7192,1.0,2026-04-16,1543.2958984375,18.071,1.0,0,0,1,0,0,0,3.5577,0,0.0,1.0,0.0,0.0,0.0,3.6848,0.0,0.0,1.0,0.0,0.0,0.0,8.6332,0.0,0.0,1.0,0.0,0.0,0.0,15.8465,0.0,65-70,55-60
AETHER.NS|2026-03-30|ensemble_lr0.20_rf0.30_xgb0.50,AETHER.NS,2026-03-30,ensemble_lr0.20_rf0.30_xgb0.50,2025-04-01,2026-03-30,2026-03-30,2025-05-02,2026-03-27,2026-03-30,226,2026-03-27,True,0,0.463768115942029,0.3210647668353178,0.18,0.15132945775985718,0.19387768224699214,0,80.61,0.5074595223426148,1,50.75,BUY,0.618,0.2361,High Volatility,1.0,0.0,unavailable_no_point_in_time_source,False,1170.35,1094.5,2026-04-01,1116.0,1.9644,1,2026-04-06,1100.9000244140625,0.5847,1.0,2026-04-08,1134.800048828125,3.6821,1.0,2026-04-16,1187.4000244140625,8.4879,1.0,0,0,1,0,0,1,-4.6439,0,0.0,1.0,0.0,0.0,1.0,-5.9341,0.0,0.0,1.0,0.0,0.0,1.0,-3.0375,0.0,0.0,1.0,0.0,0.0,1.0,1.4568,1.0,80-85,50-55
AIAENG.NS|2026-03-30|ensemble_lr0.20_rf0.30_xgb0.50,AIAENG.NS,2026-03-30,ensemble_lr0.20_rf0.30_xgb0.50,2025-04-01,2026-03-30,2026-03-30,2025-05-02,2026-03-27,2026-03-30,226,2026-03-27,True,0,0.5797101449275363,0.5110734724665559,0.82,0.651412844657898,0.6739211168222601,1,67.39,0.27142176562752024,0,72.86,HOLD,0.4461,-0.1078,High Volatility,-0.5,0.0,unavailable_no_point_in_time_source,False,3445.45,3622.981201171875,2026-04-01,3667.21484375,1.2209,1,2026-04-06,3666.716796875,1.2072,1.0,2026-04-08,3660.7392578125,1.0422,1.0,2026-04-16,3910.599853515625,7.9387,1.0,1,1,0,0,1,1,6.4365,0,1.0,0.0,0.0,1.0,1.0,6.422,0.0,1.0,0.0,0.0,1.0,1.0,6.2485,0.0,1.0,0.0,0.0,1.0,0.0,13.5004,0.0,65-70,70-75
AJANTPHARM.NS|2026-03-30|ensemble_lr0.20_rf0.30_xgb0.50,AJANTPHARM.NS,2026-03-30,ensemble_lr0.20_rf0.30_xgb0.50,2025-04-01,2026-03-30,2026-03-30,2025-05-02,2026-03-27,2026-03-30,226,2026-03-27,True,0,0.44202898550724634,0.5467314721393043,0.26,0.33121079206466675,0.35295169046019426,0,64.7,0.5306021779663943,1,53.06,HOLD,0.4862,-0.0275,High Volatility,0.335,0.0,unavailable_no_point_in_time_source,False,2782.41,2779.63623046875,2026-04-01,2791.22998046875,0.4171,1,2026-04-06,2717.40625,-2.2388,0.0,2026-04-08,2684.408447265625,-3.4259,0.0,2026-04-16,2801.931884765625,0.8021,1.0,0,0,1,0,0,1,0.317,1,1.0,0.0,1.0,1.0,1.0,-2.3362,1.0,1.0,0.0,1.0,1.0,0.0,-3.5222,0.0,0.0,1.0,0.0,0.0,1.0,0.7016,1.0,60-65,50-55
ALEMBICLTD.NS|2026-03-30|ensemble_lr0.20_rf0.30_xgb0.50,ALEMBICLTD.NS,2026-03-30,ensemble_lr0.20_rf0.30_xgb0.50,2025-04-01,2026-03-30,2026-03-30,2025-05-02,2026-03-27,2026-03-30,226,2026-03-27,True,0,0.39855072463768115,0.5852591455085758,0.22,0.3690132200717926,0.3675584391376115,0,63.24,0.5992798118925469,1,59.93,SELL,0.3139,-0.3723,High Volatility,-1.0,0.0,unavailable_no_point_in_time_source,False,73.42,69.04377746582031,2026-04-01,74.4874267578125,7.8843,1,2026-04-06,78.28531646728516,13.385,1.0,2026-04-08,83.3783950805664,20.7616,1.0,2026-04-16,87.098388671875,26.1495,1.0,0,0,1,0,0,0,1.4539,0,0.0,1.0,0.0,0.0,0.0,6.6267,0.0,0.0,1.0,0.0,0.0,0.0,13.5636,0.0,0.0,1.0,0.0,0.0,0.0,18.6303,0.0,60-65,55-60
ALKEM.NS|2026-03-30|ensemble_lr0.20_rf0.30_xgb0.50,ALKEM.NS,2026-03-30,ensemble_lr0.20_rf0.30_xgb0.50,2025-04-01,2026-03-30,2026-03-30,2025-05-02,2026-03-27,2026-03-30,226,2026-03-27,True,1,0.572463768115942,0.5173523876667785,0.16,0.2374047040939331,0.27017282958032224,0,72.98,0.441465758986014,0,55.85,SELL,0.3881,-0.2238,Sideways,-0.335,0.0,unavailable_no_point_in_time_source,False,5334.95,5289.533203125,2026-04-01,5235.13037109375,-1.0285,0,2026-04-06,5227.14501953125,-1.1795,0.0,2026-04-08,5236.6279296875,-1.0002,0.0,2026-04-16,5560.048828125,5.1142,1.0,0,1,1,0,1,1,-1.8711,1,1.0,1.0,0.0,1.0,1.0,-2.0207,1.0,1.0,1.0,0.0,1.0,1.0,-1.843,1.0,0.0,0.0,1.0,0.0,0.0,4.2193,0.0,70-75,55-60
AMBER.NS|2026-03-30|ensemble_lr0.20_rf0.30_xgb0.50,AMBER.NS,2026-03-30,ensemble_lr0.20_rf0.30_xgb0.50,2025-04-01,2026-03-30,2026-03-30,2025-05-02,2026-03-27,2026-03-30,226,2026-03-27,True,1,0.47826086956521735,0.516240828160712,0.16,0.14751920104026794,0.22500776615227638,0,77.5,0.30907007329129205,0,69.09,SELL,0.3666,-0.2668,High Volatility,0.17,0.0,unavailable_no_point_in_time_source,False,6602.0,6549.0,2026-04-01,6579.5,0.4657,1,2026-04-06,6405.0,-2.1988,0.0,2026-04-08,6944.0,6.0315,1.0,2026-04-16,7714.5,17.7966,1.0,0,0,0,1,0,0,-0.3408,1,1.0,1.0,0.0,1.0,1.0,-2.9839,1.0,0.0,0.0,1.0,0.0,0.0,5.1802,0.0,0.0,0.0,1.0,0.0,0.0,16.851,0.0,75-80,65-70
ANGELONE.NS|2026-03-30|ensemble_lr0.20_rf0.30_xgb0.50,ANGELONE.NS,2026-03-30,ensemble_lr0.20_rf0.30_xgb0.50,2025-04-01,2026-03-30,2026-03-30,2025-05-02,2026-03-27,2026-03-30,226,2026-03-27,True,1,0.5289855072463768,0.4089172096850729,0.12,0.12460186332464218,0.18008437359933568,0,81.99,0.2954999809714089,0,70.45,SELL,0.4149,-0.1701,High Volatility,-0.335,0.0,unavailable_no_point_in_time_source,True,234.54,226.8284912109375,2026-04-01,239.85821533203125,5.7443,1,2026-04-06,245.29139709472656,8.1396,1.0,2026-04-08,266.7948913574219,17.6197,1.0,2026-04-16,291.70782470703125,28.6028,1.0,0,0,0,1,0,0,2.2675,0,0.0,0.0,1.0,0.0,0.0,4.584,0.0,0.0,0.0,1.0,0.0,0.0,13.7524,0.0,0.0,0.0,1.0,0.0,0.0,24.3744,0.0,80-85,70-75
APARINDS.NS|2026-03-30|ensemble_lr0.20_rf0.30_xgb0.50,APARINDS.NS,2026-03-30,ensemble_lr0.20_rf0.30_xgb0.50,2025-04-01,2026-03-30,2026-03-30,2025-05-02,2026-03-27,2026-03-30,226,2026-03-27,True,1,0.5289855072463768,0.36458270943992876,0.22,0.2017800509929657,0.2398065673844686,0,76.02,0.4719161003130966,0,52.81,BUY,0.6209,0.2418,High Volatility,1.0,0.0,unavailable_no_point_in_time_source,False,10571.3,9846.8134765625,2026-04-01,9740.681640625,-1.0778,0,2026-04-06,9900.626953125,0.5465,1.0,2026-04-08,10452.7099609375,6.1532,1.0,2026-04-16,11227.5205078125,14.0219,1.0,0,1,1,0,1,0,-7.8573,0,0.0,0.0,1.0,0.0,1.0,-6.3443,0.0,0.0,0.0,1.0,0.0,1.0,-1.1218,0.0,0.0,0.0,1.0,0.0,1.0,6.2076,1.0,75-80,50-55
APOLLOHOSP.NS|2026-03-30|ensemble_lr0.20_rf0.30_xgb0.50,APOLLOHOSP.NS,2026-03-30,ensemble_lr0.20_rf0.30_xgb0.50,2025-04-01,2026-03-30,2026-03-30,2025-05-02,2026-03-27,2026-03-30,226,2026-03-27,True,0,0.5144927536231884,0.7891843122451915,0.18,0.2575990855693817,0.3406364052337292,0,65.94,0.7300167003438792,1,73.0,HOLD,0.4809,-0.0382,Sideways,0.17,0.0,unavailable_no_point_in_time_source,False,7540.22,7410.37353515625,2026-04-01,7297.00537109375,-1.5299,0,2026-04-06,7364.4267578125,-0.62,0.0,2026-04-08,7392.8935546875,-0.2359,0.0,2026-04-16,7544.2177734375,1.8062,1.0,0,1,0,1,1,1,-3.2256,0,1.0,0.0,1.0,1.0,1.0,-2.3314,1.0,1.0,0.0,1.0,1.0,1.0,-1.9539,1.0,0.0,1.0,0.0,0.0,1.0,0.053,1.0,65-70,70-75
APOLLOTYRE.NS|2026-03-30|ensemble_lr0.20_rf0.30_xgb0.50,APOLLOTYRE.NS,2026-03-30,ensemble_lr0.20_rf0.30_xgb0.50,2025-04-01,2026-03-30,2026-03-30,2025-05-02,2026-03-27,2026-03-30,226,2026-03-27,True,0,0.4275362318840579,0.44314985523398476,0.16,0.1829913705587387,0.22812565632616633,0,77.19,0.36293411153497945,0,63.71,SELL,0.3261,-0.3478,High Volatility,-0.665,0.0,unavailable_no_point_in_time_source,True,410.1,409.95550537109375,2026-04-01,412.88873291015625,0.7155,1,2026-04-06,408.5634765625,-0.3396,0.0,2026-04-08,433.62017822265625,5.7725,1.0,2026-04-16,441.12725830078125,7.6037,1.0,0,0,0,0,0,0,0.68,0,1.0,1.0,1.0,1.0,1.0,-0.3747,1.0,0.0,0.0,0.0,0.0,0.0,5.7352,0.0,0.0,0.0,0.0,0.0,0.0,7.5658,0.0,75-80,60-65
ASHOKLEY.NS|2026-03-30|ensemble_lr0.20_rf0.30_xgb0.50,ASHOKLEY.NS,2026-03-30,ensemble_lr0.20_rf0.30_xgb0.50,2025-04-01,2026-03-30,2026-03-30,2025-05-02,2026-03-27,2026-03-30,226,2026-03-27,True,1,0.5217391304347826,0.6866576919898707,0.32,0.3628261387348175,0.4147446077653829,0,58.53,0.5401251955276335,1,54.01,SELL,0.3455,-0.309,High Volatility,-0.5,0.0,unavailable_no_point_in_time_source,True,160.35,151.5447998046875,2026-04-01,146.60899353027344,-3.257,0,2026-04-06,148.37881469726562,-2.0891,0.0,2026-04-08,169.58700561523438,11.9055,1.0,2026-04-16,173.76573181152344,14.6629,1.0,0,1,0,0,1,1,-8.5694,1,1.0,0.0,0.0,1.0,1.0,-7.4657,1.0,0.0,1.0,1.0,0.0,0.0,5.7605,0.0,0.0,1.0,1.0,0.0,0.0,8.3665,0.0,55-60,50-55
ASIANPAINT.NS|2026-03-30|ensemble_lr0.20_rf0.30_xgb0.50,ASIANPAINT.NS,2026-03-30,ensemble_lr0.20_rf0.30_xgb0.50,2025-04-01,2026-03-30,2026-03-30,2025-05-02,2026-03-27,2026-03-30,226,2026-03-27,True,0,0.5652173913043478,0.2937343425931367,0.2,0.11521068215370178,0.17635220959547823,0,82.36,0.3307067851007272,0,66.93,SELL,0.3217,-0.3567,Bearish,-0.5,0.0,unavailable_no_point_in_time_source,True,2188.41,2146.576171875,2026-04-01,2206.655029296875,2.7988,1,2026-04-06,2165.511962890625,0.8821,1.0,2026-04-08,2262.76806640625,5.4129,1.0,2026-04-16,2419.31005859375,12.7055,1.0,0,0,0,0,0,0,0.8337,0,0.0,0.0,0.0,0.0,0.0,-1.0463,1.0,0.0,0.0,0.0,0.0,0.0,3.3978,0.0,0.0,0.0,0.0,0.0,0.0,10.551,0.0,80-85,65-70
ASTRAL.NS|2026-03-30|ensemble_lr0.20_rf0.30_xgb0.50,ASTRAL.NS,2026-03-30,ensemble_lr0.20_rf0.30_xgb0.50,2025-04-01,2026-03-30,2026-03-30,2025-05-02,2026-03-27,2026-03-30,226,2026-03-27,True,1,0.48550724637681153,0.5783671470695848,0.16,0.21683582663536072,0.2720913427315973,0,72.79,0.5054138793609326,1,50.54,HOLD,0.4759,-0.0482,High Volatility,0.335,0.0,unavailable_no_point_in_time_source,True,1616.56,1596.489013671875,2026-04-01,1567.8341064453125,-1.7949,0,2026-04-06,1520.40869140625,-4.7655,0.0,2026-04-08,1523.1044921875,-4.5966,0.0,2026-04-16,1576.2208251953125,-1.2695,0.0,0,1,0,0,1,1,-3.0142,0,1.0,0.0,0.0,1.0,0.0,-5.9479,0.0,1.0,0.0,0.0,1.0,0.0,-5.7811,0.0,1.0,0.0,0.0,1.0,1.0,-2.4954,1.0,70-75,50-55
AUBANK.NS|2026-03-30|ensemble_lr0.20_rf0.30_xgb0.50,AUBANK.NS,2026-03-30,ensemble_lr0.20_rf0.30_xgb0.50,2025-04-01,2026-03-30,2026-03-30,2025-05-02,2026-03-27,2026-03-30,226,2026-03-27,True,0,0.5434782608695652,0.2468412000723343,0.12,0.1704169362783432,0.17057670815363846,0,82.94,0.3492545932926411,0,65.07,SELL,0.3268,-0.3463,High Volatility,-0.335,0.0,unavailable_no_point_in_time_source,True,881.89,841.8824462890625,2026-04-01,874.0512084960938,3.8211,1,2026-04-06,882.6928100585938,4.8475,1.0,2026-04-08,966.8610229492188,14.8451,1.0,2026-04-16,982.9954223632812,16.7616,1.0,0,0,0,0,0,0,-0.8889,1,0.0,0.0,0.0,0.0,0.0,0.091,0.0,0.0,0.0,0.0,0.0,0.0,9.6351,0.0,0.0,0.0,0.0,0.0,0.0,11.4646,0.0,80-85,65-70
AXISBANK.NS|2026-03-30|ensemble_lr0.20_rf0.30_xgb0.50,AXISBANK.NS,2026-03-30,ensemble_lr0.20_rf0.30_xgb0.50,2025-04-01,2026-03-30,2026-03-30,2025-05-02,2026-03-27,2026-03-30,226,2026-03-27,True,0,0.5507246376811594,0.38008548596223407,0.12,0.2739427387714386,0.24898846657816612,0,75.1,0.6559711634474192,1,65.6,SELL,0.2837,-0.4326,Bearish,-0.5,0.0,unavailable_no_point_in_time_source,True,1204.27,1160.4051513671875,2026-04-01,1192.1805419921875,2.7383,1,2026-04-06,1244.34033203125,7.2333,1.0,2026-04-08,1331.9727783203125,14.7851,1.0,2026-04-16,1348.5599365234375,16.2146,1.0,0,0,1,0,0,0,-1.0039,1,0.0,1.0,0.0,0.0,0.0,3.3274,0.0,0.0,1.0,0.0,0.0,0.0,10.6042,0.0,0.0,1.0,0.0,0.0,0.0,11.9815,0.0,75-80,65-70
BAJAJ-AUTO.NS|2026-03-30|ensemble_lr0.20_rf0.30_xgb0.50,BAJAJ-AUTO.NS,2026-03-30,ensemble_lr0.20_rf0.30_xgb0.50,2025-04-01,2026-03-30,2026-03-30,2025-05-02,2026-03-27,2026-03-30,226,2026-03-27,True,1,0.5434782608695653,0.6584346635588534,0.26,0.36685147881507874,0.39311267211931006,0,60.69,0.7876366438360993,1,78.76,SELL,0.2936,-0.4127,Bearish,-0.335,0.0,unavailable_no_point_in_time_source,False,8777.47,8659.630859375,2026-04-01,8772.048828125,1.2982,1,2026-04-06,8818.396484375,1.8334,1.0,2026-04-08,9236.0185546875,6.656,1.0,2026-04-16,9688.6484375,11.8829,1.0,0,0,1,1,0,0,-0.0618,1,0.0,1.0,1.0,0.0,0.0,0.4663,0.0,0.0,1.0,1.0,0.0,0.0,5.2242,0.0,0.0,1.0,1.0,0.0,0.0,10.3809,0.0,60-65,75-80
BAJAJFINSV.NS|2026-03-30|ensemble_lr0.20_rf0.30_xgb0.50,BAJAJFINSV.NS,2026-03-30,ensemble_lr0.20_rf0.30_xgb0.50,2025-04-01,2026-03-30,2026-03-30,2025-05-02,2026-03-27,2026-03-30,226,2026-03-27,True,0,0.47826086956521735,0.4472284729710799,0.14,0.14560042321681976,0.20424590620262587,0,79.58,0.3964130687253074,0,60.36,STRONG SELL,0.248,-0.504,Bearish,-0.835,0.0,unavailable_no_point_in_time_source,True,1693.26,1630.4088134765625,2026-04-01,1645.5958251953125,0.9315,1,2026-04-06,1670.874267578125,2.4819,1.0,2026-04-08,1783.0784912109375,9.3639,1.0,2026-04-16,1828.33984375,12.14,1.0,0,0,0,0,0,0,-2.8149,1,0.0,0.0,0.0,0.0,0.0,-1.322,1.0,0.0,0.0,0.0,0.0,0.0,5.3045,0.0,0.0,0.0,0.0,0.0,0.0,7.9775,0.0,75-80,60-65
BAJFINANCE.NS|2026-03-30|ensemble_lr0.20_rf0.30_xgb0.50,BAJFINANCE.NS,2026-03-30,ensemble_lr0.20_rf0.30_xgb0.50,2025-04-01,2026-03-30,2026-03-30,2025-05-02,2026-03-27,2026-03-30,226,2026-03-27,True,1,0.47826086956521746,0.5383933188326198,0.14,0.39746859669685364,0.34841296211495076,0,65.16,0.4766570402122663,0,52.33,SELL,0.3083,-0.3834,High Volatility,-0.665,0.0,unavailable_no_point_in_time_source,True,838.64,796.6527709960938,2026-04-01,812.3065795898438,1.9649,1,2026-04-06,845.6515502929688,6.1506,1.0,2026-04-08,909.4593505859375,14.1601,1.0,2026-04-16,900.3652954101562,13.0185,1.0,0,0,0,1,0,0,-3.14,1,0.0,0.0,1.0,0.0,0.0,0.8361,0.0,0.0,0.0,1.0,0.0,0.0,8.4445,0.0,0.0,0.0,1.0,0.0,0.0,7.3602,0.0,65-70,50-55
BEL.NS|2026-03-30|ensemble_lr0.20_rf0.30_xgb0.50,BEL.NS,2026-03-30,ensemble_lr0.20_rf0.30_xgb0.50,2025-04-01,2026-03-30,2026-03-30,2025-05-02,2026-03-27,2026-03-30,226,2026-03-27,True,0,0.5507246376811595,0.2748559625577445,0.16,0.20911097526550293,0.20752668014430037,0,79.25,0.32605938471284124,0,67.39,HOLD,0.4309,-0.1382,High Volatility,-0.335,0.0,unavailable_no_point_in_time_source,True,404.2,400.1068420410156,2026-04-01,418.13238525390625,4.5052,1,2026-04-06,426.5708923339844,6.6142,1.0,2026-04-08,432.5128479003906,8.0993,1.0,2026-04-16,455.0322570800781,13.7277,1.0,0,0,0,0,0,0,3.4469,0,0.0,0.0,0.0,0.0,0.0,5.5346,0.0,0.0,0.0,0.0,0.0,0.0,7.0047,0.0,0.0,0.0,0.0,0.0,0.0,12.576,0.0,75-80,65-70
BPCL.NS|2026-03-30|ensemble_lr0.20_rf0.30_xgb0.50,BPCL.NS,2026-03-30,ensemble_lr0.20_rf0.30_xgb0.50,2025-04-01,2026-03-30,2026-03-30,2025-05-02,2026-03-27,2026-03-30,226,2026-03-27,True,0,0.5289855072463768,0.3062450092810738,0.2,0.29789525270462036,0.27019662820852497,0,72.98,0.4607813245057355,0,53.92,SELL,0.3311,-0.3378,High Volatility,-0.665,0.0,unavailable_no_point_in_time_source,True,282.7,281.0,2026-04-01,281.25,0.089,1,2026-04-06,278.70001220703125,-0.8185,0.0,2026-04-08,298.1000061035156,6.0854,1.0,2026-04-16,307.95001220703125,9.5908,1.0,0,0,0,0,0,0,-0.5129,1,1.0,1.0,1.0,1.0,1.0,-1.4149,1.0,0.0,0.0,0.0,0.0,0.0,5.4475,0.0,0.0,0.0,0.0,0.0,0.0,8.9317,0.0,70-75,50-55
AARTIIND.NS|2026-04-08|ensemble_lr0.20_rf0.30_xgb0.50,AARTIIND.NS,2026-04-08,ensemble_lr0.20_rf0.30_xgb0.50,2025-04-09,2026-04-08,2026-04-06,2025-05-12,2026-04-07,2026-04-08,225,2026-04-07,True,0,0.4296296296296296,0.5951431227865491,0.76,0.7150247693061829,0.7045410092104012,1,70.45,0.2594904078753205,0,74.05,HOLD,0.561,0.1221,High Volatility,-0.165,0.0,unavailable_no_point_in_time_source,True,401.65,420.8633728027344,2026-04-09,420.7136535644531,-0.0356,0,2026-04-13,423.45819091796875,0.6165,1.0,2026-04-16,437.0312194824219,3.8416,1.0,2026-04-23,464.9756774902344,10.4814,1.0,1,0,1,1,0,1,4.7463,0,1.0,0.0,0.0,1.0,1.0,5.4297,0.0,1.0,0.0,0.0,1.0,0.0,8.809,0.0,1.0,0.0,0.0,1.0,0.0,15.7664,0.0,70-75,70-75
AAVAS.NS|2026-04-08|ensemble_lr0.20_rf0.30_xgb0.50,AAVAS.NS,2026-04-08,ensemble_lr0.20_rf0.30_xgb0.50,2025-04-09,2026-04-08,2026-04-06,2025-05-12,2026-04-07,2026-04-08,225,2026-04-07,True,0,0.5333333333333333,0.22251439964822892,0.68,0.6842482686042786,0.5906270142317851,1,59.06,0.2913727706397414,0,70.86,HOLD,0.4862,-0.0277,High Volatility,-0.5,0.0,unavailable_no_point_in_time_source,False,1124.8,1209.300048828125,2026-04-09,1220.5,0.9262,1,2026-04-13,1283.5999755859375,6.144,1.0,2026-04-16,1308.300048828125,8.1866,1.0,2026-04-23,1411.300048828125,16.7039,1.0,1,1,0,0,1,1,8.5082,0,1.0,0.0,0.0,1.0,0.0,14.1181,0.0,1.0,0.0,0.0,1.0,0.0,16.314,0.0,1.0,0.0,0.0,1.0,0.0,25.4712,0.0,55-60,70-75
ABCAPITAL.NS|2026-04-08|ensemble_lr0.20_rf0.30_xgb0.50,ABCAPITAL.NS,2026-04-08,ensemble_lr0.20_rf0.30_xgb0.50,2025-04-09,2026-04-08,2026-04-06,2025-05-12,2026-04-07,2026-04-08,225,2026-04-07,True,1,0.5037037037037037,0.6042537782831058,0.72,0.7344830632209778,0.70409228726711,1,70.41,0.2109866780150415,0,78.9,HOLD,0.5484,0.0968,High Volatility,0.0,0.0,unavailable_no_point_in_time_source,True,308.55,338.3999938964844,2026-04-09,334.54998779296875,-1.1377,0,2026-04-13,337.45001220703125,-0.2807,0.0,2026-04-16,337.95001220703125,-0.133,0.0,2026-04-23,349.75,3.354,1.0,1,0,1,0,0,1,8.4265,0,0.0,1.0,0.0,0.0,1.0,9.3664,0.0,0.0,1.0,0.0,0.0,1.0,9.5284,0.0,1.0,0.0,1.0,1.0,0.0,13.3528,0.0,70-75,75-80
ABFRL.NS|2026-04-08|ensemble_lr0.20_rf0.30_xgb0.50,ABFRL.NS,2026-04-08,ensemble_lr0.20_rf0.30_xgb0.50,2025-04-09,2026-04-08,2026-04-06,2025-05-12,2026-04-07,2026-04-08,225,2026-04-07,True,0,0.5851851851851851,0.47301150581341256,0.78,0.6329671740531921,0.6450858881892786,1,64.51,0.3487518677215075,0,65.12,HOLD,0.4877,-0.0246,High Volatility,-0.165,0.0,unavailable_no_point_in_time_source,True,57.66,59.470001220703125,2026-04-09,58.43000030517578,-1.7488,0,2026-04-13,61.959999084472656,4.187,1.0,2026-04-16,63.779998779296875,7.2473,1.0,2026-04-23,63.20000076293945,6.2721,1.0,1,0,1,1,0,1,1.3354,1,1.0,0.0,0.0,1.0,0.0,7.4575,0.0,1.0,0.0,0.0,1.0,0.0,10.6139,0.0,1.0,0.0,0.0,1.0,0.0,9.608,0.0,60-65,65-70
ACC.NS|2026-04-08|ensemble_lr0.20_rf0.30_xgb0.50,ACC.NS,2026-04-08,ensemble_lr0.20_rf0.30_xgb0.50,2025-04-09,2026-04-08,2026-04-06,2025-05-12,2026-04-07,2026-04-08,225,2026-04-07,True,0,0.45925925925925926,0.44522180302788117,0.74,0.7472972869873047,0.6846930040992286,1,68.47,0.4093069332315452,0,59.07,HOLD,0.4471,-0.1058,High Volatility,-0.665,0.0,unavailable_no_point_in_time_source,False,1332.29,1402.8826904296875,2026-04-09,1383.892578125,-1.3536,0,2026-04-13,1402.3856201171875,-0.0354,0.0,2026-04-16,1434.4998779296875,2.2537,1.0,2026-04-23,1414.9130859375,0.8575,1.0,1,0,1,1,0,1,3.8732,0,0.0,1.0,1.0,0.0,1.0,5.2613,0.0,1.0,0.0,0.0,1.0,1.0,7.6717,0.0,1.0,0.0,0.0,1.0,1.0,6.2016,0.0,65-70,55-60
ADANIENT.NS|2026-04-08|ensemble_lr0.20_rf0.30_xgb0.50,ADANIENT.NS,2026-04-08,ensemble_lr0.20_rf0.30_xgb0.50,2025-04-09,2026-04-08,2026-04-06,2025-05-12,2026-04-07,2026-04-08,225,2026-04-07,True,0,0.4518518518518519,0.6397443630868704,0.7,0.8477973341941833,0.7618475397144657,1,76.18,0.47645448919186006,0,52.35,HOLD,0.5147,0.0293,High Volatility,-0.5,0.0,unavailable_no_point_in_time_source,True,1881.26,2042.8865966796875,2026-04-09,2039.5880126953125,-0.1615,0,2026-04-13,2128.048583984375,4.1687,1.0,2026-04-16,2202.715087890625,7.8237,1.0,2026-04-23,2298.97216796875,12.5355,1.0,1,0,1,1,0,1,8.4161,0,1.0,0.0,0.0,1.0,0.0,13.1183,0.0,1.0,0.0,0.0,1.0,0.0,17.0872,0.0,1.0,0.0,0.0,1.0,0.0,22.2039,0.0,75-80,50-55
ADANIPORTS.NS|2026-04-08|ensemble_lr0.20_rf0.30_xgb0.50,ADANIPORTS.NS,2026-04-08,ensemble_lr0.20_rf0.30_xgb0.50,2025-04-09,2026-04-08,2026-04-06,2025-05-12,2026-04-07,2026-04-08,225,2026-04-07,True,0,0.4666666666666666,0.41418079130953916,0.62,0.6430739760398865,0.5903731462818511,1,59.04,0.6293994577584948,1,62.94,HOLD,0.5394,0.0788,High Volatility,0.0,0.0,unavailable_no_point_in_time_source,True,1375.2,1447.200927734375,2026-04-09,1441.32568359375,-0.406,0,2026-04-13,1459.1505126953125,0.8257,1.0,2026-04-16,1543.2958984375,6.6401,1.0,2026-04-23,1596.1729736328125,10.2938,1.0,1,0,0,1,0,1,4.8084,0,1.0,1.0,0.0,1.0,1.0,6.1046,0.0,1.0,1.0,0.0,1.0,0.0,12.2234,0.0,1.0,1.0,0.0,1.0,0.0,16.0684,0.0,55-60,60-65
AETHER.NS|2026-04-08|ensemble_lr0.20_rf0.30_xgb0.50,AETHER.NS,2026-04-08,ensemble_lr0.20_rf0.30_xgb0.50,2025-04-09,2026-04-08,2026-04-06,2025-05-12,2026-04-07,2026-04-08,225,2026-04-07,True,0,0.49629629629629624,0.5294196589123217,0.7,0.7524694204330444,0.6921186419989865,1,69.21,0.263355531139274,0,73.66,BUY,0.6292,0.2584,High Volatility,0.5,0.0,unavailable_no_point_in_time_source,True,1084.8,1134.800048828125,2026-04-09,1133.800048828125,-0.0881,0,2026-04-13,1185.300048828125,4.4501,1.0,2026-04-16,1187.4000244140625,4.6352,1.0,2026-04-23,1181.4000244140625,4.1064,1.0,1,0,1,1,0,0,4.517,1,1.0,0.0,0.0,1.0,1.0,9.2644,1.0,1.0,0.0,0.0,1.0,1.0,9.458,1.0,1.0,0.0,0.0,1.0,1.0,8.9049,1.0,65-70,70-75
AIAENG.NS|2026-04-08|ensemble_lr0.20_rf0.30_xgb0.50,AIAENG.NS,2026-04-08,ensemble_lr0.20_rf0.30_xgb0.50,2025-04-09,2026-04-08,2026-04-06,2025-05-12,2026-04-07,2026-04-08,225,2026-04-07,True,0,0.5481481481481482,0.6964277238334072,0.36,0.32467547059059143,0.4096232800619772,0,59.04,0.6314718461066722,1,63.15,HOLD,0.4431,-0.1138,High Volatility,0.0,0.0,unavailable_no_point_in_time_source,False,3672.1,3660.7392578125,2026-04-09,3618.19921875,-1.1621,0,2026-04-13,3812.767822265625,4.1529,1.0,2026-04-16,3910.599853515625,6.8254,1.0,2026-04-23,4064.322265625,11.0246,1.0,0,1,0,1,1,1,-1.4678,1,0.0,1.0,0.0,0.0,0.0,3.8307,0.0,0.0,1.0,0.0,0.0,0.0,6.4949,0.0,0.0,1.0,0.0,0.0,0.0,10.6811,0.0,55-60,60-65
AJANTPHARM.NS|2026-04-08|ensemble_lr0.20_rf0.30_xgb0.50,AJANTPHARM.NS,2026-04-08,ensemble_lr0.20_rf0.30_xgb0.50,2025-04-09,2026-04-08,2026-04-06,2025-05-12,2026-04-07,2026-04-08,225,2026-04-07,True,0,0.43703703703703706,0.37116810208455686,0.14,0.15632276237010956,0.19439500160196616,0,80.56,0.25673000834652027,0,74.33,HOLD,0.4254,-0.1491,High Volatility,-0.335,0.0,unavailable_no_point_in_time_source,False,2686.98,2684.408447265625,2026-04-09,2726.027099609375,1.5504,1,2026-04-13,2870.999267578125,6.9509,1.0,2026-04-16,2801.931884765625,4.378,1.0,2026-04-23,2755.556640625,2.6504,1.0,0,0,0,0,0,1,1.4532,1,0.0,0.0,0.0,0.0,0.0,6.8486,0.0,0.0,0.0,0.0,0.0,0.0,4.2781,0.0,0.0,0.0,0.0,0.0,1.0,2.5522,1.0,80-85,70-75
ALEMBICLTD.NS|2026-04-08|ensemble_lr0.20_rf0.30_xgb0.50,ALEMBICLTD.NS,2026-04-08,ensemble_lr0.20_rf0.30_xgb0.50,2025-04-09,2026-04-08,2026-04-06,2025-05-12,2026-04-07,2026-04-08,225,2026-04-07,True,0,0.4666666666666666,0.6836003454848898,0.94,0.9459313154220581,0.891685726808007,1,89.17,0.7109012377470106,1,71.09,HOLD,0.5332,0.0664,High Volatility,-0.5,0.0,unavailable_no_point_in_time_source,False,78.65,83.3783950805664,2026-04-09,82.45326232910156,-1.1096,0,2026-04-13,82.4240493774414,-1.1446,0.0,2026-04-16,87.098388671875,4.4616,1.0,2026-04-23,90.98392486572266,9.1217,1.0,1,0,0,1,0,1,4.8357,0,0.0,0.0,1.0,0.0,1.0,4.7985,0.0,1.0,1.0,0.0,1.0,0.0,10.7418,0.0,1.0,1.0,0.0,1.0,0.0,15.682,0.0,85-90,70-75
ALKEM.NS|2026-04-08|ensemble_lr0.20_rf0.30_xgb0.50,ALKEM.NS,2026-04-08,ensemble_lr0.20_rf0.30_xgb0.50,2025-04-09,2026-04-08,2026-04-06,2025-05-12,2026-04-07,2026-04-08,225,2026-04-07,True,1,0.6148148148148148,0.32362119829648595,0.76,0.6914787292480469,0.6384636042833206,1,63.85,0.25079414047737736,0,74.92,HOLD,0.4936,-0.0128,Sideways,-0.5,0.0,unavailable_no_point_in_time_source,False,5163.26,5236.6279296875,2026-04-09,5360.9052734375,2.3732,1,2026-04-13,5354.916015625,2.2589,1.0,2026-04-16,5560.048828125,6.1761,1.0,2026-04-23,5510.6376953125,5.2326,1.0,1,1,0,1,1,1,3.8279,0,1.0,0.0,1.0,1.0,1.0,3.7119,0.0,1.0,0.0,1.0,1.0,0.0,7.6849,0.0,1.0,0.0,1.0,1.0,0.0,6.7279,0.0,60-65,70-75
AMBER.NS|2026-04-08|ensemble_lr0.20_rf0.30_xgb0.50,AMBER.NS,2026-04-08,ensemble_lr0.20_rf0.30_xgb0.50,2025-04-09,2026-04-08,2026-04-06,2025-05-12,2026-04-07,2026-04-08,225,2026-04-07,True,1,0.4444444444444444,0.7202210348501518,0.84,0.9033300280570984,0.8477092209985796,1,84.77,0.3777678648636309,0,62.22,HOLD,0.4472,-0.1057,High Volatility,-0.5,0.0,unavailable_no_point_in_time_source,False,6433.5,6944.0,2026-04-09,6888.5,-0.7993,0,2026-04-13,7178.5,3.377,1.0,2026-04-16,7714.5,11.0959,1.0,2026-04-23,7795.0,12.2552,1.0,1,0,1,0,0,1,7.0724,0,1.0,0.0,1.0,1.0,0.0,11.58,0.0,1.0,0.0,1.0,1.0,0.0,19.9114,0.0,1.0,0.0,1.0,1.0,0.0,21.1627,0.0,80-85,60-65
ANGELONE.NS|2026-04-08|ensemble_lr0.20_rf0.30_xgb0.50,ANGELONE.NS,2026-04-08,ensemble_lr0.20_rf0.30_xgb0.50,2025-04-09,2026-04-08,2026-04-06,2025-05-12,2026-04-07,2026-04-08,225,2026-04-07,True,1,0.6,0.6534088438707235,0.88,0.8272783160209656,0.8083209267846275,1,80.83,0.38994557576004446,0,61.01,HOLD,0.5519,0.1038,High Volatility,-0.335,0.0,unavailable_no_point_in_time_source,True,245.34,266.7948913574219,2026-04-09,280.93115234375,5.2986,1,2026-04-13,279.5953063964844,4.7978,1.0,2026-04-16,291.70782470703125,9.3379,1.0,2026-04-23,320.21966552734375,20.0247,1.0,1,1,0,1,1,0,14.5069,0,1.0,0.0,1.0,1.0,0.0,13.9624,0.0,1.0,0.0,1.0,1.0,0.0,18.8994,0.0,1.0,0.0,1.0,1.0,0.0,30.5208,0.0,80-85,60-65
APARINDS.NS|2026-04-08|ensemble_lr0.20_rf0.30_xgb0.50,APARINDS.NS,2026-04-08,ensemble_lr0.20_rf0.30_xgb0.50,2025-04-09,2026-04-08,2026-04-06,2025-05-12,2026-04-07,2026-04-08,225,2026-04-07,True,1,0.45925925925925926,0.7829867590980538,0.88,0.7577419281005859,0.7994683158699037,1,79.95,0.729051762391879,1,72.91,BUY,0.6807,0.3615,High Volatility,0.67,0.0,unavailable_no_point_in_time_source,False,10116.88,10452.7099609375,2026-04-09,10729.748046875,2.6504,1,2026-04-13,11076.5439453125,5.9682,1.0,2026-04-16,11227.5205078125,7.4125,1.0,2026-04-23,11797.04296875,12.8611,1.0,1,1,1,1,1,1,6.0579,1,1.0,1.0,1.0,1.0,1.0,9.4858,1.0,1.0,1.0,1.0,1.0,1.0,10.9781,1.0,1.0,1.0,1.0,1.0,1.0,16.6075,1.0,75-80,70-75
APOLLOHOSP.NS|2026-04-08|ensemble_lr0.20_rf0.30_xgb0.50,APOLLOHOSP.NS,2026-04-08,ensemble_lr0.20_rf0.30_xgb0.50,2025-04-09,2026-04-08,2026-04-06,2025-05-12,2026-04-07,2026-04-08,225,2026-04-07,True,0,0.5629629629629629,0.7314153074851621,0.74,0.8717067837715149,0.8041364533827899,1,80.41,0.48879179745833373,0,51.12,HOLD,0.5709,0.1418,Sideways,0.17,0.0,unavailable_no_point_in_time_source,False,7317.98,7392.8935546875,2026-04-09,7472.80078125,1.0809,1,2026-04-13,7507.76025390625,1.5537,1.0,2026-04-16,7544.2177734375,2.0469,1.0,2026-04-23,7771.95263671875,5.1273,1.0,1,1,0,0,1,1,2.1156,1,1.0,0.0,0.0,1.0,1.0,2.5933,1.0,1.0,0.0,0.0,1.0,1.0,3.0915,0.0,1.0,0.0,0.0,1.0,0.0,6.2035,0.0,80-85,50-55
APOLLOTYRE.NS|2026-04-08|ensemble_lr0.20_rf0.30_xgb0.50,APOLLOTYRE.NS,2026-04-08,ensemble_lr0.20_rf0.30_xgb0.50,2025-04-09,2026-04-08,2026-04-06,2025-05-12,2026-04-07,2026-04-08,225,2026-04-07,True,0,0.5555555555555555,0.7403124282493865,0.9,0.8510932922363281,0.8436091317680414,1,84.36,0.4996584436914898,0,50.03,HOLD,0.495,-0.0099,High Volatility,-0.5,0.0,unavailable_no_point_in_time_source,True,410.5,433.62017822265625,2026-04-09,437.8460388183594,0.9746,1,2026-04-13,429.94122314453125,-0.8484,0.0,2026-04-16,441.12725830078125,1.7313,1.0,2026-04-23,429.990966796875,-0.837,0.0,1,1,0,0,1,1,6.6616,0,0.0,1.0,1.0,0.0,1.0,4.736,0.0,1.0,0.0,0.0,1.0,1.0,7.461,0.0,0.0,1.0,1.0,0.0,1.0,4.7481,0.0,80-85,50-55
ASHOKLEY.NS|2026-04-08|ensemble_lr0.20_rf0.30_xgb0.50,ASHOKLEY.NS,2026-04-08,ensemble_lr0.20_rf0.30_xgb0.50,2025-04-09,2026-04-08,2026-04-06,2025-05-12,2026-04-07,2026-04-08,225,2026-04-07,True,1,0.525925925925926,0.6166255272274702,0.86,0.8227126002311707,0.7926814055610794,1,79.27,0.30453008078616384,0,69.55,HOLD,0.4289,-0.1423,High Volatility,-0.665,0.0,unavailable_no_point_in_time_source,False,150.36,169.58700561523438,2026-04-09,167.52224731445312,-1.2175,0,2026-04-13,169.17405700683594,-0.2435,0.0,2026-04-16,173.76573181152344,2.4641,1.0,2026-04-23,167.76805114746094,-1.0726,0.0,1,0,1,0,0,1,11.4141,0,0.0,1.0,0.0,0.0,1.0,12.5127,0.0,1.0,0.0,1.0,1.0,1.0,15.5665,0.0,0.0,1.0,0.0,0.0,1.0,11.5776,0.0,75-80,65-70
ASIANPAINT.NS|2026-04-08|ensemble_lr0.20_rf0.30_xgb0.50,ASIANPAINT.NS,2026-04-08,ensemble_lr0.20_rf0.30_xgb0.50,2025-04-09,2026-04-08,2026-04-06,2025-05-12,2026-04-07,2026-04-08,225,2026-04-07,True,0,0.5555555555555555,0.5657653278673932,0.9,0.8237452507019043,0.7950256909244309,1,79.5,0.6677429056253679,1,66.77,HOLD,0.4558,-0.0884,Bearish,-0.5,0.0,unavailable_no_point_in_time_source,True,2167.4,2262.76806640625,2026-04-09,2250.078369140625,-0.5608,0,2026-04-13,2332.166015625,3.0669,1.0,2026-04-16,2419.31005859375,6.9182,1.0,2026-04-23,2499.71240234375,10.4714,1.0,1,0,0,1,0,1,3.8146,0,1.0,1.0,0.0,1.0,0.0,7.602,0.0,1.0,1.0,0.0,1.0,0.0,11.6227,0.0,1.0,1.0,0.0,1.0,0.0,15.3323,0.0,75-80,65-70
ASTRAL.NS|2026-04-08|ensemble_lr0.20_rf0.30_xgb0.50,ASTRAL.NS,2026-04-08,ensemble_lr0.20_rf0.30_xgb0.50,2025-04-09,2026-04-08,2026-04-06,2025-05-12,2026-04-07,2026-04-08,225,2026-04-07,True,1,0.43703703703703706,0.5268467583114264,0.34,0.26837074756622314,0.3415547254453969,0,65.84,0.6295651516034527,1,62.96,HOLD,0.4858,-0.0283,High Volatility,0.335,0.0,unavailable_no_point_in_time_source,True,1542.07,1523.1044921875,2026-04-09,1561.244384765625,2.5041,1,2026-04-13,1622.5479736328125,6.529,1.0,2026-04-16,1576.2208251953125,3.4874,1.0,2026-04-23,1572.4268798828125,3.2383,1.0,0,0,1,1,0,1,1.2434,1,0.0,1.0,1.0,0.0,0.0,5.2188,0.0,0.0,1.0,1.0,0.0,0.0,2.2146,1.0,0.0,1.0,1.0,0.0,0.0,1.9686,1.0,65-70,60-65
AUBANK.NS|2026-04-08|ensemble_lr0.20_rf0.30_xgb0.50,AUBANK.NS,2026-04-08,ensemble_lr0.20_rf0.30_xgb0.50,2025-04-09,2026-04-08,2026-04-06,2025-05-12,2026-04-07,2026-04-08,225,2026-04-07,True,1,0.6222222222222222,0.4597295540646299,0.76,0.6684865355491638,0.6541891785875078,1,65.42,0.32447232288833217,0,67.55,HOLD,0.5444,0.0888,High Volatility,0.0,0.0,unavailable_no_point_in_time_source,True,887.59,966.8610229492188,2026-04-09,962.0657348632812,-0.496,0,2026-04-13,978.1001586914062,1.1624,1.0,2026-04-16,982.9954223632812,1.6687,1.0,2026-04-23,1055.2252197265625,9.1393,1.0,1,0,1,0,0,1,8.3908,0,1.0,0.0,1.0,1.0,1.0,10.1973,0.0,1.0,0.0,1.0,1.0,1.0,10.7488,0.0,1.0,0.0,1.0,1.0,0.0,18.8866,0.0,65-70,65-70
AXISBANK.NS|2026-04-08|ensemble_lr0.20_rf0.30_xgb0.50,AXISBANK.NS,2026-04-08,ensemble_lr0.20_rf0.30_xgb0.50,2025-04-09,2026-04-08,2026-04-06,2025-05-12,2026-04-07,2026-04-08,225,2026-04-07,True,0,0.4962962962962963,0.5208618021985211,0.88,0.8992148637771606,0.8177797923282846,1,81.78,0.4874360630779293,0,51.26,HOLD,0.5674,0.1347,High Volatility,0.0,0.0,unavailable_no_point_in_time_source,True,1249.14,1331.9727783203125,2026-04-09,1317.48388671875,-1.0878,0,2026-04-13,1352.556884765625,1.5454,1.0,2026-04-16,1348.5599365234375,1.2453,1.0,2026-04-23,1368.5445556640625,2.7457,1.0,1,0,1,1,0,1,5.4713,0,1.0,0.0,0.0,1.0,1.0,8.279,0.0,1.0,0.0,0.0,1.0,1.0,7.9591,0.0,1.0,0.0,0.0,1.0,1.0,9.5589,0.0,80-85,50-55
BAJAJ-AUTO.NS|2026-04-08|ensemble_lr0.20_rf0.30_xgb0.50,BAJAJ-AUTO.NS,2026-04-08,ensemble_lr0.20_rf0.30_xgb0.50,2025-04-09,2026-04-08,2026-04-06,2025-05-12,2026-04-07,2026-04-08,225,2026-04-07,True,1,0.6,0.8666433464209017,0.82,0.7534881234169006,0.7960727309926307,1,79.61,0.5395040537940854,1,53.95,HOLD,0.5204,0.0407,Bearish,0.0,0.0,unavailable_no_point_in_time_source,False,8923.91,9236.0185546875,2026-04-09,9384.9228515625,1.6122,1,2026-04-13,9679.7734375,4.8046,1.0,2026-04-16,9688.6484375,4.9007,1.0,2026-04-23,9417.9580078125,1.9699,1.0,1,1,1,1,1,1,5.166,0,1.0,1.0,1.0,1.0,0.0,8.4701,0.0,1.0,1.0,1.0,1.0,0.0,8.5695,0.0,1.0,1.0,1.0,1.0,1.0,5.5362,0.0,75-80,50-55
BAJAJFINSV.NS|2026-04-08|ensemble_lr0.20_rf0.30_xgb0.50,BAJAJFINSV.NS,2026-04-08,ensemble_lr0.20_rf0.30_xgb0.50,2025-04-09,2026-04-08,2026-04-06,2025-05-12,2026-04-07,2026-04-08,225,2026-04-07,True,0,0.5037037037037037,0.852581057800635,0.8,0.7798144221305847,0.8004234226254193,1,80.04,0.5532604210974665,1,55.33,HOLD,0.5036,0.0073,High Volatility,-0.665,0.0,unavailable_no_point_in_time_source,True,1682.96,1783.0784912109375,2026-04-09,1766.19287109375,-0.947,0,2026-04-13,1786.775390625,0.2073,1.0,2026-04-16,1828.33984375,2.5384,1.0,2026-04-23,1791.0716552734375,0.4483,1.0,1,0,0,1,0,1,4.9456,0,1.0,1.0,0.0,1.0,1.0,6.1686,0.0,1.0,1.0,0.0,1.0,1.0,8.6383,0.0,1.0,1.0,0.0,1.0,1.0,6.4239,0.0,80-85,55-60
BAJFINANCE.NS|2026-04-08|ensemble_lr0.20_rf0.30_xgb0.50,BAJFINANCE.NS,2026-04-08,ensemble_lr0.20_rf0.30_xgb0.50,2025-04-09,2026-04-08,2026-04-06,2025-05-12,2026-04-07,2026-04-08,225,2026-04-07,True,1,0.5111111111111111,0.8781469519308737,0.98,0.8893002271652222,0.9142795039687859,1,91.43,0.7963617304862718,1,79.64,HOLD,0.4894,-0.0212,High Volatility,-0.335,0.0,unavailable_no_point_in_time_source,True,849.88,909.4593505859375,2026-04-09,897.7314453125,-1.2895,0,2026-04-13,893.457763671875,-1.7595,0.0,2026-04-16,900.3652954101562,-0.9999,0.0,2026-04-23,912.7391967773438,0.3606,1.0,1,0,0,0,0,1,5.6304,0,0.0,0.0,0.0,0.0,1.0,5.1275,0.0,0.0,0.0,0.0,0.0,1.0,5.9403,0.0,1.0,1.0,1.0,1.0,1.0,7.3962,0.0,90-95,75-80
BEL.NS|2026-04-08|ensemble_lr0.20_rf0.30_xgb0.50,BEL.NS,2026-04-08,ensemble_lr0.20_rf0.30_xgb0.50,2025-04-09,2026-04-08,2026-04-06,2025-05-12,2026-04-07,2026-04-08,225,2026-04-07,True,0,0.5259259259259258,0.8226529885425186,0.88,0.8963003754615784,0.876680785439293,1,87.67,0.6107055366588487,1,61.07,HOLD,0.5296,0.0591,High Volatility,-0.165,0.0,unavailable_no_point_in_time_source,True,427.22,432.5128479003906,2026-04-09,439.1538391113281,1.5354,1,2026-04-13,440.9513854980469,1.951,1.0,2026-04-16,455.0322570800781,5.2066,1.0,2026-04-23,449.3399963378906,3.8906,1.0,1,1,1,0,1,1,2.7934,1,1.0,1.0,0.0,1.0,1.0,3.2141,0.0,1.0,1.0,0.0,1.0,0.0,6.5101,0.0,1.0,1.0,0.0,1.0,0.0,5.1777,0.0,85-90,60-65
BPCL.NS|2026-04-08|ensemble_lr0.20_rf0.30_xgb0.50,BPCL.NS,2026-04-08,ensemble_lr0.20_rf0.30_xgb0.50,2025-04-09,2026-04-08,2026-04-06,2025-05-12,2026-04-07,2026-04-08,225,2026-04-07,True,0,0.5481481481481482,0.7573337786040957,0.78,0.8259149789810181,0.7984242452113282,1,79.84,0.5923909115431023,1,59.24,HOLD,0.5217,0.0434,High Volatility,-0.33,0.0,unavailable_no_point_in_time_source,True,277.45,298.1000061035156,2026-04-09,297.3500061035156,-0.2516,0,2026-04-13,292.95001220703125,-1.7276,0.0,2026-04-16,307.95001220703125,3.3043,1.0,2026-04-23,309.79998779296875,3.9249,1.0,1,0,0,1,0,1,7.1725,0,0.0,0.0,1.0,0.0,1.0,5.5866,0.0,1.0,1.0,0.0,1.0,0.0,10.993,0.0,1.0,1.0,0.0,1.0,0.0,11.6598,0.0,75-80,55-60
AARTIIND.NS|2026-04-16|ensemble_lr0.20_rf0.30_xgb0.50,AARTIIND.NS,2026-04-16,ensemble_lr0.20_rf0.30_xgb0.50,2025-04-17,2026-04-16,2026-04-13,2025-05-16,2026-04-15,2026-04-16,226,2026-04-15,True,0,0.4420289855072464,0.7015532925652879,0.82,0.8397339582443237,0.8061776376352194,1,80.62,0.4874689862619528,0,51.25,BUY,0.6343,0.2687,High Volatility,0.165,0.0,unavailable_no_point_in_time_source,True,430.84,437.0312194824219,2026-04-17,439.9753723144531,0.6737,1,2026-04-21,450.30487060546875,3.0372,1.0,2026-04-23,464.9756774902344,6.3942,1.0,2026-04-30,506.4931640625,15.894,1.0,1,1,0,0,1,1,2.1204,1,1.0,0.0,0.0,1.0,1.0,4.5179,1.0,1.0,0.0,0.0,1.0,1.0,7.9231,1.0,1.0,0.0,0.0,1.0,1.0,17.5595,1.0,80-85,50-55
AAVAS.NS|2026-04-16|ensemble_lr0.20_rf0.30_xgb0.50,AAVAS.NS,2026-04-16,ensemble_lr0.20_rf0.30_xgb0.50,2025-04-17,2026-04-16,2026-04-13,2025-05-16,2026-04-15,2026-04-16,226,2026-04-15,True,0,0.463768115942029,0.5346222155194968,0.9,0.8489262461662292,0.801387566187014,1,80.14,0.6695412503541132,1,66.95,HOLD,0.5724,0.1448,High Volatility,-0.33499999999999996,0.0,unavailable_no_point_in_time_source,False,1293.0,1308.300048828125,2026-04-17,1347.9000244140625,3.0268,1,2026-04-21,1399.800048828125,6.9938,1.0,2026-04-23,1411.300048828125,7.8728,1.0,2026-04-30,1380.699951171875,5.5339,1.0,1,1,1,0,1,0,4.2459,0,1.0,1.0,0.0,1.0,0.0,8.2599,0.0,1.0,1.0,0.0,1.0,0.0,9.1493,0.0,1.0,1.0,0.0,1.0,0.0,6.7827,0.0,80-85,65-70
ABCAPITAL.NS|2026-04-16|ensemble_lr0.20_rf0.30_xgb0.50,ABCAPITAL.NS,2026-04-16,ensemble_lr0.20_rf0.30_xgb0.50,2025-04-17,2026-04-16,2026-04-13,2025-05-16,2026-04-15,2026-04-16,226,2026-04-15,True,1,0.5579710144927535,0.09512929328975898,0.12,0.13404813408851624,0.1220499257022099,0,87.8,0.520187124576061,1,52.02,HOLD,0.423,-0.154,High Volatility,0.0,0.0,unavailable_no_point_in_time_source,False,343.7,337.95001220703125,2026-04-17,340.3999938964844,0.725,1,2026-04-21,344.6000061035156,1.9677,1.0,2026-04-23,349.75,3.4916,1.0,2026-04-30,345.5,2.2341,1.0,0,0,1,1,0,1,-0.9601,1,0.0,1.0,1.0,0.0,1.0,0.2619,1.0,0.0,1.0,1.0,0.0,0.0,1.7603,1.0,0.0,1.0,1.0,0.0,1.0,0.5237,1.0,85-90,50-55
ABFRL.NS|2026-04-16|ensemble_lr0.20_rf0.30_xgb0.50,ABFRL.NS,2026-04-16,ensemble_lr0.20_rf0.30_xgb0.50,2025-04-17,2026-04-16,2026-04-13,2025-05-16,2026-04-15,2026-04-16,226,2026-04-15,True,0,0.5434782608695653,0.3264035389972332,0.16,0.243975430727005,0.23526842316294916,0,76.47,0.25068359087964787,0,74.93,SELL,0.4146,-0.1708,High Volatility,-0.165,0.0,unavailable_no_point_in_time_source,True,63.82,63.779998779296875,2026-04-17,64.11000061035156,0.5174,1,2026-04-21,64.44999694824219,1.0505,1.0,2026-04-23,63.20000076293945,-0.9094,0.0,2026-04-30,64.19999694824219,0.6585,1.0,0,0,0,0,0,0,0.4544,0,0.0,0.0,0.0,0.0,0.0,0.9871,0.0,1.0,1.0,1.0,1.0,1.0,-0.9715,1.0,0.0,0.0,0.0,0.0,0.0,0.5954,0.0,75-80,70-75
ACC.NS|2026-04-16|ensemble_lr0.20_rf0.30_xgb0.50,ACC.NS,2026-04-16,ensemble_lr0.20_rf0.30_xgb0.50,2025-04-17,2026-04-16,2026-04-13,2025-05-16,2026-04-15,2026-04-16,226,2026-04-15,True,0,0.5434782608695652,0.626357542446428,0.74,0.7662721276283264,0.7304075723034489,1,73.04,0.5570830794793703,1,55.71,HOLD,0.5096,0.0191,High Volatility,-0.5,0.0,unavailable_no_point_in_time_source,False,1422.97,1434.4998779296875,2026-04-17,1423.960693359375,-0.7347,0,2026-04-21,1429.7274169921875,-0.3327,0.0,2026-04-23,1414.9130859375,-1.3654,0.0,2026-04-30,1413.9188232421875,-1.4347,0.0,1,0,0,1,0,1,0.0696,1,0.0,0.0,1.0,0.0,1.0,0.4749,1.0,0.0,0.0,1.0,0.0,1.0,-0.5662,1.0,0.0,0.0,1.0,0.0,1.0,-0.6361,1.0,70-75,55-60
ADANIENT.NS|2026-04-16|ensemble_lr0.20_rf0.30_xgb0.50,ADANIENT.NS,2026-04-16,ensemble_lr0.20_rf0.30_xgb0.50,2025-04-17,2026-04-16,2026-04-13,2025-05-16,2026-04-15,2026-04-16,226,2026-04-15,True,0,0.39855072463768115,0.28944313270388405,0.88,0.8919618725776672,0.7678695628296104,1,76.79,0.4988001878069452,0,50.12,HOLD,0.5486,0.0973,High Volatility,-0.17,0.0,unavailable_no_point_in_time_source,False,2143.44,2202.715087890625,2026-04-17,2217.30859375,0.6625,1,2026-04-21,2225.005126953125,1.0119,1.0,2026-04-23,2298.97216796875,4.3699,1.0,2026-04-30,2407.323486328125,9.2889,1.0,1,1,0,0,1,1,3.4463,0,1.0,0.0,0.0,1.0,1.0,3.8053,0.0,1.0,0.0,0.0,1.0,0.0,7.2562,0.0,1.0,0.0,0.0,1.0,0.0,12.3112,0.0,75-80,50-55
ADANIPORTS.NS|2026-04-16|ensemble_lr0.20_rf0.30_xgb0.50,ADANIPORTS.NS,2026-04-16,ensemble_lr0.20_rf0.30_xgb0.50,2025-04-17,2026-04-16,2026-04-13,2025-05-16,2026-04-15,2026-04-16,226,2026-04-15,True,0,0.4855072463768116,0.31100991707156017,0.8,0.6472393870353699,0.625821676931997,1,62.58,0.4821771726690273,0,51.78,BUY,0.6233,0.2466,High Volatility,0.335,0.0,unavailable_no_point_in_time_source,True,1505.46,1543.2958984375,2026-04-17,1566.796875,1.5228,1,2026-04-21,1587.409912109375,2.8584,1.0,2026-04-23,1596.1729736328125,3.4262,1.0,2026-04-30,1650.3447265625,6.9364,1.0,1,1,0,0,1,1,4.0743,1,1.0,0.0,0.0,1.0,1.0,5.4435,1.0,1.0,0.0,0.0,1.0,1.0,6.0256,1.0,1.0,0.0,0.0,1.0,1.0,9.624,1.0,60-65,50-55
AETHER.NS|2026-04-16|ensemble_lr0.20_rf0.30_xgb0.50,AETHER.NS,2026-04-16,ensemble_lr0.20_rf0.30_xgb0.50,2025-04-17,2026-04-16,2026-04-13,2025-05-16,2026-04-15,2026-04-16,226,2026-04-15,True,0,0.49275362318840576,0.23965562698933165,0.78,0.6944369077682495,0.629149579281991,1,62.91,0.4138675790344898,0,58.61,STRONG BUY,0.7208,0.4415,High Volatility,1.0,0.0,unavailable_no_point_in_time_source,False,1178.1,1187.4000244140625,2026-04-17,1179.800048828125,-0.6401,0,2026-04-21,1183.5,-0.3285,0.0,2026-04-23,1181.4000244140625,-0.5053,0.0,2026-04-30,1171.800048828125,-1.3138,0.0,1,0,1,1,0,0,0.1443,1,0.0,1.0,1.0,0.0,0.0,0.4584,1.0,0.0,1.0,1.0,0.0,0.0,0.2801,1.0,0.0,1.0,1.0,0.0,0.0,-0.5348,0.0,60-65,55-60
AIAENG.NS|2026-04-16|ensemble_lr0.20_rf0.30_xgb0.50,AIAENG.NS,2026-04-16,ensemble_lr0.20_rf0.30_xgb0.50,2025-04-17,2026-04-16,2026-04-13,2025-05-16,2026-04-15,2026-04-16,226,2026-04-15,True,0,0.49275362318840576,0.4552650290182155,0.88,0.8095327019691467,0.7598193567882165,1,75.98,0.6224038798780746,1,62.24,BUY,0.5905,0.1809,High Volatility,0.335,0.0,unavailable_no_point_in_time_source,False,3905.52,3910.599853515625,2026-04-17,3946.664306640625,0.9222,1,2026-04-21,3992.193115234375,2.0865,1.0,2026-04-23,4064.322265625,3.9309,1.0,2026-04-30,3934.80908203125,0.6191,1.0,1,1,1,0,1,1,1.0535,1,1.0,1.0,0.0,1.0,1.0,2.2192,1.0,1.0,1.0,0.0,1.0,1.0,4.0661,1.0,1.0,1.0,0.0,1.0,1.0,0.7499,1.0,75-80,60-65
AJANTPHARM.NS|2026-04-16|ensemble_lr0.20_rf0.30_xgb0.50,AJANTPHARM.NS,2026-04-16,ensemble_lr0.20_rf0.30_xgb0.50,2025-04-17,2026-04-16,2026-04-13,2025-05-16,2026-04-15,2026-04-16,226,2026-04-15,True,0,0.43478260869565216,0.18875330472920582,0.12,0.11149882525205612,0.1295000735718692,0,87.05,0.31271652284506773,0,68.73,HOLD,0.4694,-0.0612,High Volatility,0.165,0.0,unavailable_no_point_in_time_source,False,2857.03,2801.931884765625,2026-04-17,2764.871337890625,-1.3227,0,2026-04-21,2765.8623046875,-1.2873,0.0,2026-04-23,2755.556640625,-1.6551,0.0,2026-04-30,2797.076171875,-0.1733,0.0,0,1,1,1,1,1,-3.2257,0,1.0,1.0,1.0,1.0,1.0,-3.191,0.0,1.0,1.0,1.0,1.0,1.0,-3.5517,0.0,1.0,1.0,1.0,1.0,1.0,-2.0985,1.0,85-90,65-70
ALEMBICLTD.NS|2026-04-16|ensemble_lr0.20_rf0.30_xgb0.50,ALEMBICLTD.NS,2026-04-16,ensemble_lr0.20_rf0.30_xgb0.50,2025-04-17,2026-04-16,2026-04-13,2025-05-16,2026-04-15,2026-04-16,226,2026-04-15,True,0,0.5289855072463768,0.5578266872359242,0.76,0.8090842366218567,0.7441074557581131,1,74.41,0.34161208352857353,0,65.84,HOLD,0.5247,0.0493,High Volatility,-0.335,0.0,unavailable_no_point_in_time_source,False,85.86,87.098388671875,2026-04-17,89.05575561523438,2.2473,1,2026-04-21,91.31501770019531,4.8412,1.0,2026-04-23,90.98392486572266,4.4611,1.0,2026-04-30,88.81230163574219,1.9678,1.0,1,1,0,0,1,1,3.7221,0,1.0,0.0,0.0,1.0,0.0,6.3534,0.0,1.0,0.0,0.0,1.0,0.0,5.9678,0.0,1.0,0.0,0.0,1.0,1.0,3.4385,0.0,70-75,65-70
ALKEM.NS|2026-04-16|ensemble_lr0.20_rf0.30_xgb0.50,ALKEM.NS,2026-04-16,ensemble_lr0.20_rf0.30_xgb0.50,2025-04-17,2026-04-16,2026-04-13,2025-05-16,2026-04-15,2026-04-16,226,2026-04-15,True,1,0.5869565217391304,0.08843709541425648,0.2,0.1988096684217453,0.17709225329372394,0,82.29,0.3892089680612695,0,61.08,HOLD,0.4324,-0.1351,Sideways,0.0,0.0,unavailable_no_point_in_time_source,False,5565.54,5560.048828125,2026-04-17,5572.02783203125,0.2154,1,2026-04-21,5686.3232421875,2.2711,1.0,2026-04-23,5510.6376953125,-0.8887,0.0,2026-04-30,5390.3525390625,-3.0521,0.0,0,0,0,1,0,1,0.1166,1,0.0,0.0,1.0,0.0,1.0,2.1702,1.0,1.0,1.0,0.0,1.0,1.0,-0.9865,1.0,1.0,1.0,0.0,1.0,0.0,-3.1477,0.0,80-85,60-65
AMBER.NS|2026-04-16|ensemble_lr0.20_rf0.30_xgb0.50,AMBER.NS,2026-04-16,ensemble_lr0.20_rf0.30_xgb0.50,2025-04-17,2026-04-16,2026-04-13,2025-05-16,2026-04-15,2026-04-16,226,2026-04-15,True,1,0.5797101449275363,0.72970431163554,0.86,0.8162856698036194,0.8120836972289177,1,81.21,0.6969623259401845,1,69.7,BUY,0.6474,0.2948,High Volatility,0.67,0.0,unavailable_no_point_in_time_source,False,7506.5,7714.5,2026-04-17,7958.5,3.1629,1,2026-04-21,7858.5,1.8666,1.0,2026-04-23,7795.0,1.0435,1.0,2026-04-30,8024.0,4.0119,1.0,1,1,1,1,1,1,6.0214,1,1.0,1.0,1.0,1.0,1.0,4.6893,1.0,1.0,1.0,1.0,1.0,1.0,3.8433,1.0,1.0,1.0,1.0,1.0,1.0,6.894,1.0,80-85,65-70
ANGELONE.NS|2026-04-16|ensemble_lr0.20_rf0.30_xgb0.50,ANGELONE.NS,2026-04-16,ensemble_lr0.20_rf0.30_xgb0.50,2025-04-17,2026-04-16,2026-04-13,2025-05-16,2026-04-15,2026-04-16,226,2026-04-15,True,1,0.5434782608695653,0.22316638033722258,0.16,0.17547975480556488,0.18037315347022698,0,81.96,0.27910097155192676,0,72.09,BUY,0.6077,0.2154,High Volatility,0.835,0.0,unavailable_no_point_in_time_source,False,296.84,291.70782470703125,2026-04-17,321.4757995605469,10.2047,1,2026-04-21,323.0509033203125,10.7447,1.0,2026-04-23,320.21966552734375,9.7741,1.0,2026-04-30,307.7582092285156,5.5022,1.0,0,0,0,1,0,1,8.2994,1,0.0,0.0,1.0,0.0,1.0,8.83,1.0,0.0,0.0,1.0,0.0,1.0,7.8762,1.0,0.0,0.0,1.0,0.0,1.0,3.6781,1.0,80-85,70-75
APARINDS.NS|2026-04-16|ensemble_lr0.20_rf0.30_xgb0.50,APARINDS.NS,2026-04-16,ensemble_lr0.20_rf0.30_xgb0.50,2025-04-17,2026-04-16,2026-04-13,2025-05-16,2026-04-15,2026-04-16,226,2026-04-15,True,1,0.4492753623188406,0.7132252702913732,0.86,0.8653931617736816,0.8333416349451155,1,83.33,0.762139595712569,1,76.21,STRONG BUY,0.7379,0.4758,High Volatility,1.0,0.0,unavailable_no_point_in_time_source,False,11168.23,11227.5205078125,2026-04-17,11442.2744140625,1.9127,1,2026-04-21,11673.4716796875,3.9719,1.0,2026-04-23,11797.04296875,5.0726,1.0,2026-04-30,12288.3369140625,9.4484,1.0,1,1,1,1,1,1,2.4538,1,1.0,1.0,1.0,1.0,1.0,4.5239,1.0,1.0,1.0,1.0,1.0,1.0,5.6304,1.0,1.0,1.0,1.0,1.0,1.0,10.0294,1.0,80-85,75-80
APOLLOHOSP.NS|2026-04-16|ensemble_lr0.20_rf0.30_xgb0.50,APOLLOHOSP.NS,2026-04-16,ensemble_lr0.20_rf0.30_xgb0.50,2025-04-17,2026-04-16,2026-04-13,2025-05-16,2026-04-15,2026-04-16,226,2026-04-15,True,0,0.6159420289855073,0.7047091845316541,0.2,0.17290011048316956,0.2873918921479156,0,71.26,0.5911728634051734,1,59.12,HOLD,0.5113,0.0226,Sideways,0.5,0.0,unavailable_no_point_in_time_source,False,7633.11,7544.2177734375,2026-04-17,7690.0478515625,1.933,1,2026-04-21,7734.99560546875,2.5288,1.0,2026-04-23,7771.95263671875,3.0187,1.0,2026-04-30,7627.62060546875,1.1055,1.0,0,0,1,0,0,1,0.7459,1,0.0,1.0,0.0,0.0,1.0,1.3348,1.0,0.0,1.0,0.0,0.0,0.0,1.819,1.0,0.0,1.0,0.0,0.0,1.0,-0.0719,1.0,70-75,55-60
APOLLOTYRE.NS|2026-04-16|ensemble_lr0.20_rf0.30_xgb0.50,APOLLOTYRE.NS,2026-04-16,ensemble_lr0.20_rf0.30_xgb0.50,2025-04-17,2026-04-16,2026-04-13,2025-05-16,2026-04-15,2026-04-16,226,2026-04-15,True,0,0.4202898550724638,0.6984771110823327,0.8,0.7644851803779602,0.7619380124054467,1,76.19,0.6017182479978155,1,60.17,HOLD,0.5253,0.0506,High Volatility,-0.335,0.0,unavailable_no_point_in_time_source,True,439.09,441.12725830078125,2026-04-17,442.8673095703125,0.3945,1,2026-04-21,439.4369201660156,-0.3832,0.0,2026-04-23,429.990966796875,-2.5245,0.0,2026-04-30,406.07769775390625,-7.9455,0.0,1,1,1,0,1,1,0.8603,1,0.0,0.0,1.0,0.0,1.0,0.079,1.0,0.0,0.0,1.0,0.0,1.0,-2.0722,1.0,0.0,0.0,1.0,0.0,0.0,-7.5183,0.0,75-80,60-65
ASHOKLEY.NS|2026-04-16|ensemble_lr0.20_rf0.30_xgb0.50,ASHOKLEY.NS,2026-04-16,ensemble_lr0.20_rf0.30_xgb0.50,2025-04-17,2026-04-16,2026-04-13,2025-05-16,2026-04-15,2026-04-16,226,2026-04-15,True,1,0.572463768115942,0.8102605457164288,0.82,0.5925604701042175,0.7043323441953945,1,70.43,0.7082993038085756,1,70.83,HOLD,0.5592,0.1183,High Volatility,0.0,0.0,unavailable_no_point_in_time_source,False,172.54,173.76573181152344,2026-04-17,171.8484344482422,-1.1034,0,2026-04-21,173.6477508544922,-0.0679,0.0,2026-04-23,167.76805114746094,-3.4516,0.0,2026-04-30,159.37127685546875,-8.2838,0.0,1,0,0,0,0,1,-0.4008,1,0.0,0.0,0.0,0.0,1.0,0.642,1.0,0.0,0.0,0.0,0.0,0.0,-2.7657,1.0,0.0,0.0,0.0,0.0,0.0,-7.6323,0.0,70-75,70-75
ASIANPAINT.NS|2026-04-16|ensemble_lr0.20_rf0.30_xgb0.50,ASIANPAINT.NS,2026-04-16,ensemble_lr0.20_rf0.30_xgb0.50,2025-04-17,2026-04-16,2026-04-13,2025-05-16,2026-04-15,2026-04-16,226,2026-04-15,True,0,0.5144927536231884,0.6008097615949537,0.74,0.7834652662277222,0.7338945854328518,1,73.39,0.549788110966724,1,54.98,BUY,0.5817,0.1634,High Volatility,-0.17,0.0,unavailable_no_point_in_time_source,True,2402.26,2419.31005859375,2026-04-17,2442.80615234375,0.9712,1,2026-04-21,2521.7216796875,4.2331,1.0,2026-04-23,2499.71240234375,3.3234,1.0,2026-04-30,2423.473876953125,0.1721,1.0,1,1,1,0,1,1,1.6878,1,1.0,1.0,0.0,1.0,1.0,4.9729,1.0,1.0,1.0,0.0,1.0,1.0,4.0567,1.0,1.0,1.0,0.0,1.0,1.0,0.8831,1.0,70-75,50-55
ASTRAL.NS|2026-04-16|ensemble_lr0.20_rf0.30_xgb0.50,ASTRAL.NS,2026-04-16,ensemble_lr0.20_rf0.30_xgb0.50,2025-04-17,2026-04-16,2026-04-13,2025-05-16,2026-04-15,2026-04-16,226,2026-04-15,True,1,0.463768115942029,0.2136343677180461,0.16,0.12293623387813568,0.15219499048267707,0,84.78,0.386575528883661,0,61.34,HOLD,0.5606,0.1212,High Volatility,0.67,0.0,unavailable_no_point_in_time_source,True,1628.44,1576.2208251953125,2026-04-17,1602.4796142578125,1.6659,1,2026-04-21,1580.014892578125,0.2407,1.0,2026-04-23,1572.4268798828125,-0.2407,0.0,2026-04-30,1527.2978515625,-3.1038,0.0,0,0,0,1,0,1,-1.5942,1,0.0,0.0,1.0,0.0,1.0,-2.9737,1.0,1.0,1.0,0.0,1.0,1.0,-3.4397,0.0,1.0,1.0,0.0,1.0,0.0,-6.211,0.0,80-85,60-65
AUBANK.NS|2026-04-16|ensemble_lr0.20_rf0.30_xgb0.50,AUBANK.NS,2026-04-16,ensemble_lr0.20_rf0.30_xgb0.50,2025-04-17,2026-04-16,2026-04-13,2025-05-16,2026-04-15,2026-04-16,226,2026-04-15,True,1,0.5579710144927535,0.7051348999218994,0.8,0.8150364756584167,0.7885452178135882,1,78.85,0.6607507893052316,1,66.08,BUY,0.5887,0.1774,High Volatility,0.165,0.0,unavailable_no_point_in_time_source,False,980.15,982.9954223632812,2026-04-17,989.638916015625,0.6758,1,2026-04-21,1036.89306640625,5.483,1.0,2026-04-23,1055.2252197265625,7.3479,1.0,2026-04-30,1014.96435546875,3.2522,1.0,1,1,1,1,1,1,0.9681,1,1.0,1.0,1.0,1.0,1.0,5.7892,1.0,1.0,1.0,1.0,1.0,1.0,7.6596,1.0,1.0,1.0,1.0,1.0,1.0,3.5519,1.0,75-80,65-70
AXISBANK.NS|2026-04-16|ensemble_lr0.20_rf0.30_xgb0.50,AXISBANK.NS,2026-04-16,ensemble_lr0.20_rf0.30_xgb0.50,2025-04-17,2026-04-16,2026-04-13,2025-05-16,2026-04-15,2026-04-16,226,2026-04-15,True,0,0.5217391304347826,0.42208235264313937,0.26,0.3951426148414612,0.3599877779493585,0,64.0,0.33620716242629695,0,66.38,HOLD,0.5015,0.003,High Volatility,0.335,0.0,unavailable_no_point_in_time_source,False,1354.46,1348.5599365234375,2026-04-17,1358.0526123046875,0.7039,1,2026-04-21,1376.6383056640625,2.0821,1.0,2026-04-23,1368.5445556640625,1.4819,1.0,2026-04-30,1267.3226318359375,-6.024,0.0,0,0,0,0,0,1,0.2652,1,0.0,0.0,0.0,0.0,1.0,1.6374,1.0,0.0,0.0,0.0,0.0,1.0,1.0399,1.0,1.0,1.0,1.0,1.0,0.0,-6.4334,0.0,60-65,65-70
BAJAJ-AUTO.NS|2026-04-16|ensemble_lr0.20_rf0.30_xgb0.50,BAJAJ-AUTO.NS,2026-04-16,ensemble_lr0.20_rf0.30_xgb0.50,2025-04-17,2026-04-16,2026-04-13,2025-05-16,2026-04-15,2026-04-16,226,2026-04-15,True,1,0.6521739130434782,0.6079560470711253,0.26,0.35927024483680725,0.37922633183262866,0,62.08,0.535938654107772,1,53.59,HOLD,0.5296,0.0593,Bullish,0.335,0.0,unavailable_no_point_in_time_source,False,9728.09,9688.6484375,2026-04-17,9637.86328125,-0.5242,0,2026-04-21,9657.0927734375,-0.3257,0.0,2026-04-23,9417.9580078125,-2.7939,0.0,2026-04-30,9855.3037109375,1.7201,1.0,0,1,0,0,1,1,-0.9275,1,1.0,0.0,0.0,1.0,1.0,-0.7298,1.0,1.0,0.0,0.0,1.0,1.0,-3.188,0.0,0.0,1.0,1.0,0.0,1.0,1.3077,1.0,60-65,50-55
BAJAJFINSV.NS|2026-04-16|ensemble_lr0.20_rf0.30_xgb0.50,BAJAJFINSV.NS,2026-04-16,ensemble_lr0.20_rf0.30_xgb0.50,2025-04-17,2026-04-16,2026-04-13,2025-05-16,2026-04-15,2026-04-16,226,2026-04-15,True,0,0.5144927536231884,0.6671768875207241,0.78,0.6206665635108948,0.6777686592595922,1,67.78,0.6113469058532248,1,61.13,HOLD,0.5273,0.0547,Sideways,-0.335,0.0,unavailable_no_point_in_time_source,False,1824.24,1828.33984375,2026-04-17,1837.3321533203125,0.4918,1,2026-04-21,1849.821533203125,1.1749,1.0,2026-04-23,1791.0716552734375,-2.0384,0.0,2026-04-30,1745.7103271484375,-4.5194,0.0,1,1,1,0,1,1,0.7177,1,1.0,1.0,0.0,1.0,1.0,1.4023,1.0,0.0,0.0,1.0,0.0,1.0,-1.8182,1.0,0.0,0.0,1.0,0.0,0.0,-4.3048,0.0,65-70,60-65
BAJFINANCE.NS|2026-04-16|ensemble_lr0.20_rf0.30_xgb0.50,BAJFINANCE.NS,2026-04-16,ensemble_lr0.20_rf0.30_xgb0.50,2025-04-17,2026-04-16,2026-04-13,2025-05-16,2026-04-15,2026-04-16,226,2026-04-15,True,1,0.4420289855072464,0.6964192660302951,0.18,0.3102701008319855,0.34841890362205175,0,65.16,0.697751514846819,1,69.78,SELL,0.4136,-0.1729,High Volatility,-0.165,0.0,unavailable_no_point_in_time_source,True,907.57,900.3652954101562,2026-04-17,902.700927734375,0.2594,1,2026-04-21,933.1139526367188,3.6373,1.0,2026-04-23,912.7391967773438,1.3743,1.0,2026-04-30,931.2752685546875,3.433,1.0,0,0,1,1,0,0,-0.5365,1,0.0,1.0,1.0,0.0,0.0,2.8145,0.0,0.0,1.0,1.0,0.0,0.0,0.5696,0.0,0.0,1.0,1.0,0.0,0.0,2.6119,0.0,65-70,65-70
BEL.NS|2026-04-16|ensemble_lr0.20_rf0.30_xgb0.50,BEL.NS,2026-04-16,ensemble_lr0.20_rf0.30_xgb0.50,2025-04-17,2026-04-16,2026-04-13,2025-05-16,2026-04-15,2026-04-16,226,2026-04-15,True,0,0.5072463768115941,0.3424462082514812,0.68,0.6661825776100159,0.6055805304553041,1,60.56,0.43573934740447773,0,56.43,BUY,0.5973,0.1946,Sideways,0.165,0.0,unavailable_no_point_in_time_source,True,447.04,455.0322570800781,2026-04-17,462.1226501464844,1.5582,1,2026-04-21,450.8879089355469,-0.9108,0.0,2026-04-23,449.3399963378906,-1.251,0.0,2026-04-30,430.71527099609375,-5.344,0.0,1,1,0,0,1,1,3.3739,1,0.0,1.0,1.0,0.0,0.0,0.8608,1.0,0.0,1.0,1.0,0.0,0.0,0.5145,1.0,0.0,1.0,1.0,0.0,0.0,-3.6517,0.0,60-65,55-60
BPCL.NS|2026-04-16|ensemble_lr0.20_rf0.30_xgb0.50,BPCL.NS,2026-04-16,ensemble_lr0.20_rf0.30_xgb0.50,2025-04-17,2026-04-16,2026-04-13,2025-05-16,2026-04-15,2026-04-16,226,2026-04-15,True,0,0.5144927536231884,0.43904930447939583,0.12,0.1079438254237175,0.17778177360773792,0,82.22,0.6508662917248238,1,65.09,HOLD,0.4477,-0.1046,High Volatility,0.0,0.0,unavailable_no_point_in_time_source,True,310.45,307.95001220703125,2026-04-17,312.1000061035156,1.3476,1,2026-04-21,318.04998779296875,3.2797,1.0,2026-04-23,309.79998779296875,0.6007,1.0,2026-04-30,300.45001220703125,-2.4355,0.0,0,0,1,0,0,1,0.5315,1,0.0,1.0,0.0,0.0,0.0,2.4481,1.0,0.0,1.0,0.0,0.0,1.0,-0.2094,1.0,1.0,0.0,1.0,1.0,1.0,-3.2211,0.0,80-85,65-70
AARTIIND.NS|2026-04-23|ensemble_lr0.20_rf0.30_xgb0.50,AARTIIND.NS,2026-04-23,ensemble_lr0.20_rf0.30_xgb0.50,2025-04-24,2026-04-23,2026-04-20,2025-05-22,2026-04-22,2026-04-23,227,2026-04-22,True,0,0.5579710144927537,0.42664006880502203,0.2,0.17611640691757202,0.23338621721979042,0,76.66,0.35469581412917905,0,64.53,HOLD,0.5619,0.1238,High Volatility,0.5,0.0,unavailable_no_point_in_time_source,True,469.47,464.9756774902344,2026-04-24,471.8121032714844,1.4703,1,2026-04-28,500.7046813964844,7.6841,1.0,2026-04-30,506.4931640625,8.929,1.0,2026-05-08,484.4869079589844,4.1962,1.0,0,0,0,0,0,1,0.4989,1,0.0,0.0,0.0,0.0,0.0,6.6532,0.0,0.0,0.0,0.0,0.0,0.0,7.8862,0.0,0.0,0.0,0.0,0.0,0.0,3.1987,0.0,75-80,60-65
AAVAS.NS|2026-04-23|ensemble_lr0.20_rf0.30_xgb0.50,AAVAS.NS,2026-04-23,ensemble_lr0.20_rf0.30_xgb0.50,2025-04-24,2026-04-23,2026-04-20,2025-05-22,2026-04-22,2026-04-23,227,2026-04-22,True,0,0.4057971014492754,0.6937313927902968,0.84,0.725396454334259,0.7534445057251888,1,75.34,0.4853391324621462,0,51.47,BUY,0.618,0.236,High Volatility,0.335,0.0,unavailable_no_point_in_time_source,False,1392.0,1411.300048828125,2026-04-24,1411.300048828125,0.0,0,2026-04-28,1376.0999755859375,-2.4942,0.0,2026-04-30,1380.699951171875,-2.1682,0.0,2026-05-08,1443.5999755859375,2.2887,1.0,1,0,1,1,0,0,1.3865,1,0.0,1.0,1.0,0.0,0.0,-1.1422,0.0,0.0,1.0,1.0,0.0,0.0,-0.8118,0.0,1.0,0.0,0.0,1.0,1.0,3.7069,1.0,75-80,50-55
ABCAPITAL.NS|2026-04-23|ensemble_lr0.20_rf0.30_xgb0.50,ABCAPITAL.NS,2026-04-23,ensemble_lr0.20_rf0.30_xgb0.50,2025-04-24,2026-04-23,2026-04-20,2025-05-22,2026-04-22,2026-04-23,227,2026-04-22,True,1,0.5072463768115942,0.8230457726600323,0.22,0.4193803369998932,0.44029932303195307,0,55.97,0.6841501878233178,1,68.42,HOLD,0.5493,0.0986,High Volatility,0.335,0.0,unavailable_no_point_in_time_source,True,350.7,349.75,2026-04-24,340.6000061035156,-2.6162,0,2026-04-28,338.29998779296875,-3.2738,0.0,2026-04-30,345.5,-1.2152,0.0,2026-05-08,362.95001220703125,3.7741,1.0,0,1,0,0,1,1,-2.88,1,1.0,0.0,0.0,1.0,0.0,-3.5358,0.0,1.0,0.0,0.0,1.0,1.0,-1.4827,1.0,0.0,1.0,1.0,0.0,0.0,3.493,0.0,55-60,65-70
ABFRL.NS|2026-04-23|ensemble_lr0.20_rf0.30_xgb0.50,ABFRL.NS,2026-04-23,ensemble_lr0.20_rf0.30_xgb0.50,2025-04-24,2026-04-23,2026-04-20,2025-05-22,2026-04-22,2026-04-23,227,2026-04-22,True,0,0.5362318840579711,0.46054873805458874,0.24,0.2663476765155792,0.29728358586870735,0,70.27,0.4221635278952996,0,57.78,HOLD,0.4418,-0.1164,High Volatility,-0.165,0.0,unavailable_no_point_in_time_source,True,64.99,63.20000076293945,2026-04-24,61.790000915527344,-2.231,0,2026-04-28,63.58000183105469,0.6013,1.0,2026-04-30,64.19999694824219,1.5823,1.0,2026-05-08,66.33000183105469,4.9525,1.0,0,1,1,1,1,1,-4.9238,0,0.0,0.0,0.0,0.0,1.0,-2.1696,1.0,0.0,0.0,0.0,0.0,1.0,-1.2156,1.0,0.0,0.0,0.0,0.0,0.0,2.0619,1.0,70-75,55-60
ACC.NS|2026-04-23|ensemble_lr0.20_rf0.30_xgb0.50,ACC.NS,2026-04-23,ensemble_lr0.20_rf0.30_xgb0.50,2025-04-24,2026-04-23,2026-04-20,2025-05-22,2026-04-22,2026-04-23,227,2026-04-22,True,0,0.5217391304347826,0.43476278705775795,0.12,0.15659819543361664,0.2012516551283599,0,79.87,0.49380287611381923,0,50.62,SELL,0.3983,-0.2034,Sideways,-0.5,0.0,unavailable_no_point_in_time_source,False,1438.08,1414.9130859375,2026-04-24,1404.5728759765625,-0.7308,0,2026-04-28,1431.0198974609375,1.1384,1.0,2026-04-30,1413.9188232421875,-0.0703,0.0,2026-05-08,1383.892578125,-2.1924,0.0,0,1,1,1,1,1,-2.33,1,0.0,0.0,0.0,0.0,0.0,-0.4909,1.0,1.0,1.0,1.0,1.0,1.0,-1.6801,1.0,1.0,1.0,1.0,1.0,1.0,-3.768,1.0,75-80,50-55
ADANIENT.NS|2026-04-23|ensemble_lr0.20_rf0.30_xgb0.50,ADANIENT.NS,2026-04-23,ensemble_lr0.20_rf0.30_xgb0.50,2025-04-24,2026-04-23,2026-04-20,2025-05-22,2026-04-22,2026-04-23,227,2026-04-22,True,0,0.4202898550724638,0.6220834349400041,0.86,0.7917125821113586,0.7782729780436801,1,77.83,0.6027644229430551,1,60.28,BUY,0.7034,0.4067,High Volatility,0.335,0.0,unavailable_no_point_in_time_source,False,2259.79,2298.97216796875,2026-04-24,2286.57763671875,-0.5391,0,2026-04-28,2411.32177734375,4.8869,1.0,2026-04-30,2407.323486328125,4.713,1.0,2026-05-08,2504.780029296875,8.9522,1.0,1,0,0,1,0,0,1.1854,1,1.0,1.0,0.0,1.0,1.0,6.7056,1.0,1.0,1.0,0.0,1.0,1.0,6.5286,1.0,1.0,1.0,0.0,1.0,1.0,10.8413,1.0,75-80,60-65
ADANIPORTS.NS|2026-04-23|ensemble_lr0.20_rf0.30_xgb0.50,ADANIPORTS.NS,2026-04-23,ensemble_lr0.20_rf0.30_xgb0.50,2025-04-24,2026-04-23,2026-04-20,2025-05-22,2026-04-22,2026-04-23,227,2026-04-22,True,0,0.49275362318840576,0.3399522396055006,0.68,0.6620306968688965,0.6030057963555484,1,60.3,0.4236957006620179,0,57.63,STRONG BUY,0.7749,0.5497,Bullish,1.0,0.0,unavailable_no_point_in_time_source,True,1581.93,1596.1729736328125,2026-04-24,1578.4476318359375,-1.1105,0,2026-04-28,1630.7274169921875,2.1648,1.0,2026-04-30,1650.3447265625,3.3939,1.0,2026-05-08,1753.0120849609375,9.8259,1.0,1,0,1,1,0,0,-0.2201,0,1.0,0.0,0.0,1.0,1.0,3.0847,1.0,1.0,0.0,0.0,1.0,1.0,4.3248,1.0,1.0,0.0,0.0,1.0,1.0,10.8148,1.0,60-65,55-60
AETHER.NS|2026-04-23|ensemble_lr0.20_rf0.30_xgb0.50,AETHER.NS,2026-04-23,ensemble_lr0.20_rf0.30_xgb0.50,2025-04-24,2026-04-23,2026-04-20,2025-05-22,2026-04-22,2026-04-23,227,2026-04-22,True,0,0.5217391304347826,0.2253854792248007,0.12,0.1338077336549759,0.1479809626724481,0,85.2,0.21827987524614714,0,78.17,HOLD,0.5371,0.0741,High Volatility,0.665,0.0,unavailable_no_point_in_time_source,True,1183.3,1181.4000244140625,2026-04-24,1113.800048828125,-5.722,0,2026-04-28,1170.0999755859375,-0.9565,0.0,2026-04-30,1171.800048828125,-0.8126,0.0,2026-05-08,1213.4000244140625,2.7087,1.0,0,1,1,1,1,0,-5.8734,0,1.0,1.0,1.0,1.0,1.0,-1.1155,1.0,1.0,1.0,1.0,1.0,1.0,-0.9719,1.0,0.0,0.0,0.0,0.0,1.0,2.5437,1.0,85-90,75-80
AIAENG.NS|2026-04-23|ensemble_lr0.20_rf0.30_xgb0.50,AIAENG.NS,2026-04-23,ensemble_lr0.20_rf0.30_xgb0.50,2025-04-24,2026-04-23,2026-04-20,2025-05-22,2026-04-22,2026-04-23,227,2026-04-22,True,1,0.4710144927536232,0.7964635499585986,0.88,0.8437842130661011,0.8451848165247703,1,84.52,0.41243617861778203,0,58.76,BUY,0.6685,0.3369,High Volatility,0.335,0.0,unavailable_no_point_in_time_source,False,4043.4,4064.322265625,2026-04-24,3999.2666015625,-1.6007,0,2026-04-28,3978.843505859375,-2.1031,0.0,2026-04-30,3934.80908203125,-3.1866,0.0,2026-05-08,3957.025390625,-2.64,0.0,1,0,1,0,0,0,-1.0915,0,0.0,1.0,0.0,0.0,0.0,-1.5966,0.0,0.0,1.0,0.0,0.0,0.0,-2.6856,0.0,0.0,1.0,0.0,0.0,0.0,-2.1362,0.0,80-85,55-60
AJANTPHARM.NS|2026-04-23|ensemble_lr0.20_rf0.30_xgb0.50,AJANTPHARM.NS,2026-04-23,ensemble_lr0.20_rf0.30_xgb0.50,2025-04-24,2026-04-23,2026-04-20,2025-05-22,2026-04-22,2026-04-23,227,2026-04-22,True,0,0.5362318840579711,0.30828123300961485,0.72,0.6596625447273254,0.6074875189655857,1,60.75,0.5168459354818074,1,51.68,HOLD,0.5411,0.0823,High Volatility,0.165,0.0,unavailable_no_point_in_time_source,False,2753.97,2755.556640625,2026-04-24,2740.197509765625,-0.5574,0,2026-04-28,2730.981689453125,-0.8918,0.0,2026-04-30,2797.076171875,1.5068,1.0,2026-05-08,3007.448974609375,9.1413,1.0,1,0,0,1,0,1,-0.5001,1,0.0,0.0,1.0,0.0,1.0,-0.8347,1.0,1.0,1.0,0.0,1.0,1.0,1.5652,1.0,1.0,1.0,0.0,1.0,0.0,9.2041,0.0,60-65,50-55
ALEMBICLTD.NS|2026-04-23|ensemble_lr0.20_rf0.30_xgb0.50,ALEMBICLTD.NS,2026-04-23,ensemble_lr0.20_rf0.30_xgb0.50,2025-04-24,2026-04-23,2026-04-20,2025-05-22,2026-04-22,2026-04-23,227,2026-04-22,True,0,0.5072463768115942,0.31681036629967724,0.76,0.7085431814193726,0.6456336639696217,1,64.56,0.3025017817803193,0,69.75,BUY,0.5986,0.1972,High Volatility,-0.17,0.0,unavailable_no_point_in_time_source,False,90.68,90.98392486572266,2026-04-24,89.02654266357422,-2.1513,0,2026-04-28,89.85428619384766,-1.2416,0.0,2026-04-30,88.81230163574219,-2.3868,0.0,2026-05-08,92.40570068359375,1.5627,1.0,1,0,1,1,0,0,-1.8234,0,0.0,1.0,1.0,0.0,0.0,-0.9106,0.0,0.0,1.0,1.0,0.0,0.0,-2.0597,0.0,1.0,0.0,0.0,1.0,1.0,1.9031,1.0,60-65,65-70
ALKEM.NS|2026-04-23|ensemble_lr0.20_rf0.30_xgb0.50,ALKEM.NS,2026-04-23,ensemble_lr0.20_rf0.30_xgb0.50,2025-04-24,2026-04-23,2026-04-20,2025-05-22,2026-04-22,2026-04-23,227,2026-04-22,True,1,0.5144927536231884,0.37998248028903714,0.22,0.1921999752521515,0.2380964836838832,0,76.19,0.3718564014524453,0,62.81,HOLD,0.447,-0.1061,Sideways,0.165,0.0,unavailable_no_point_in_time_source,False,5616.95,5510.6376953125,2026-04-24,5225.6474609375,-5.1716,0,2026-04-28,5408.81982421875,-1.8477,0.0,2026-04-30,5390.3525390625,-2.1828,0.0,2026-05-08,5575.521484375,1.1774,1.0,0,1,1,0,1,0,-6.9665,0,1.0,1.0,0.0,1.0,1.0,-3.7054,0.0,1.0,1.0,0.0,1.0,1.0,-4.0342,0.0,0.0,0.0,1.0,0.0,1.0,-0.7376,1.0,75-80,60-65
AMBER.NS|2026-04-23|ensemble_lr0.20_rf0.30_xgb0.50,AMBER.NS,2026-04-23,ensemble_lr0.20_rf0.30_xgb0.50,2025-04-24,2026-04-23,2026-04-20,2025-05-22,2026-04-22,2026-04-23,227,2026-04-22,True,1,0.5579710144927535,0.6592222797894682,0.2,0.17957308888435364,0.2816310004000705,0,71.84,0.31267250897637355,0,68.73,BUY,0.5962,0.1925,High Volatility,0.835,0.0,unavailable_no_point_in_time_source,False,7803.5,7795.0,2026-04-24,7753.5,-0.5324,0,2026-04-28,8200.0,5.1956,1.0,2026-04-30,8024.0,2.9378,1.0,2026-05-08,8824.5,13.2072,1.0,0,1,1,0,1,0,-0.6407,0,0.0,0.0,1.0,0.0,1.0,5.0811,1.0,0.0,0.0,1.0,0.0,1.0,2.8257,1.0,0.0,0.0,1.0,0.0,1.0,13.0839,1.0,70-75,65-70
ANGELONE.NS|2026-04-23|ensemble_lr0.20_rf0.30_xgb0.50,ANGELONE.NS,2026-04-23,ensemble_lr0.20_rf0.30_xgb0.50,2025-04-24,2026-04-23,2026-04-20,2025-05-22,2026-04-22,2026-04-23,227,2026-04-22,True,1,0.5362318840579711,0.3937899666821583,0.2,0.1753450632095337,0.22643052494119853,0,77.36,0.4295331328622494,0,57.05,BUY,0.591,0.1821,High Volatility,0.835,0.0,unavailable_no_point_in_time_source,False,327.58,320.21966552734375,2026-04-24,313.55029296875,-2.0827,0,2026-04-28,318.28564453125,-0.604,0.0,2026-04-30,307.7582092285156,-3.8915,0.0,2026-05-08,324.9949035644531,1.4912,1.0,0,1,1,0,1,0,-4.2828,0,1.0,1.0,0.0,1.0,0.0,-2.8373,0.0,1.0,1.0,0.0,1.0,0.0,-6.051,0.0,0.0,0.0,1.0,0.0,1.0,-0.7891,0.0,75-80,55-60
APARINDS.NS|2026-04-23|ensemble_lr0.20_rf0.30_xgb0.50,APARINDS.NS,2026-04-23,ensemble_lr0.20_rf0.30_xgb0.50,2025-04-24,2026-04-23,2026-04-20,2025-05-22,2026-04-22,2026-04-23,227,2026-04-22,True,1,0.43478260869565216,0.659493519233718,0.92,0.9291777014732361,0.8724875545833617,1,87.25,0.8570875693850348,1,85.71,STRONG BUY,0.749,0.4981,High Volatility,1.0,0.0,unavailable_no_point_in_time_source,False,11748.21,11797.04296875,2026-04-24,11492.1015625,-2.5849,0,2026-04-28,11820.9599609375,0.2027,1.0,2026-04-30,12288.3369140625,4.1646,1.0,2026-05-08,12765.6796875,8.2108,1.0,1,0,0,0,0,0,-2.18,0,1.0,1.0,1.0,1.0,1.0,0.6192,1.0,1.0,1.0,1.0,1.0,1.0,4.5975,1.0,1.0,1.0,1.0,1.0,1.0,8.6606,1.0,85-90,85-90
APOLLOHOSP.NS|2026-04-23|ensemble_lr0.20_rf0.30_xgb0.50,APOLLOHOSP.NS,2026-04-23,ensemble_lr0.20_rf0.30_xgb0.50,2025-04-24,2026-04-23,2026-04-20,2025-05-22,2026-04-22,2026-04-23,227,2026-04-22,True,0,0.5869565217391305,0.6215786254011259,0.82,0.8770321607589722,0.8088318054597112,1,80.88,0.3350868134932613,0,66.49,BUY,0.6571,0.3141,Sideways,0.5,0.0,unavailable_no_point_in_time_source,False,7653.09,7771.95263671875,2026-04-24,7723.5087890625,-0.6233,0,2026-04-28,7743.98486328125,-0.3599,0.0,2026-04-30,7627.62060546875,-1.8571,0.0,2026-05-08,8087.5849609375,4.0612,1.0,1,0,1,1,0,0,0.9201,1,0.0,1.0,1.0,0.0,0.0,1.1877,1.0,0.0,1.0,1.0,0.0,0.0,-0.3328,0.0,1.0,0.0,0.0,1.0,1.0,5.6774,1.0,80-85,65-70
APOLLOTYRE.NS|2026-04-23|ensemble_lr0.20_rf0.30_xgb0.50,APOLLOTYRE.NS,2026-04-23,ensemble_lr0.20_rf0.30_xgb0.50,2025-04-24,2026-04-23,2026-04-20,2025-05-22,2026-04-22,2026-04-23,227,2026-04-22,True,0,0.4202898550724638,0.4174395313840091,0.2,0.2593148946762085,0.27314535361490605,0,72.69,0.37679168632300564,0,62.32,SELL,0.4132,-0.1736,Sideways,-0.335,0.0,unavailable_no_point_in_time_source,True,431.53,429.990966796875,2026-04-24,421.4398498535156,-1.9887,0,2026-04-28,421.240966796875,-2.0349,0.0,2026-04-30,406.07769775390625,-5.5613,0.0,2026-05-08,406.9228515625,-5.3648,0.0,0,1,1,1,1,1,-2.3382,1,1.0,1.0,1.0,1.0,1.0,-2.3843,1.0,1.0,1.0,1.0,1.0,1.0,-5.8982,1.0,1.0,1.0,1.0,1.0,1.0,-5.7023,1.0,70-75,60-65
ASHOKLEY.NS|2026-04-23|ensemble_lr0.20_rf0.30_xgb0.50,ASHOKLEY.NS,2026-04-23,ensemble_lr0.20_rf0.30_xgb0.50,2025-04-24,2026-04-23,2026-04-20,2025-05-22,2026-04-22,2026-04-23,227,2026-04-22,True,1,0.5579710144927535,0.5977373477338533,0.24,0.24952523410320282,0.31631008659837206,0,68.37,0.4282211870573922,0,57.18,HOLD,0.4398,-0.1204,High Volatility,0.0,0.0,unavailable_no_point_in_time_source,True,175.97,167.76805114746094,2026-04-24,167.05027770996094,-0.4278,0,2026-04-28,164.71022033691406,-1.8227,0.0,2026-04-30,159.37127685546875,-5.005,0.0,2026-05-08,165.7425994873047,-1.2073,0.0,0,1,1,0,1,1,-5.0689,0,1.0,1.0,0.0,1.0,1.0,-6.3987,0.0,1.0,1.0,0.0,1.0,0.0,-9.4327,0.0,1.0,1.0,0.0,1.0,1.0,-5.812,0.0,65-70,55-60
ASIANPAINT.NS|2026-04-23|ensemble_lr0.20_rf0.30_xgb0.50,ASIANPAINT.NS,2026-04-23,ensemble_lr0.20_rf0.30_xgb0.50,2025-04-24,2026-04-23,2026-04-20,2025-05-22,2026-04-22,2026-04-23,227,2026-04-22,True,1,0.463768115942029,0.6602421656652611,0.26,0.32934826612472534,0.3747225661954149,0,62.53,0.5564702896474607,1,55.65,HOLD,0.5296,0.0592,Bullish,0.0,0.0,unavailable_no_point_in_time_source,True,2540.86,2499.71240234375,2026-04-24,2463.724853515625,-1.4397,0,2026-04-28,2441.41845703125,-2.332,0.0,2026-04-30,2423.473876953125,-3.0499,0.0,2026-05-08,2577.537109375,3.1133,1.0,0,1,0,0,1,1,-3.0358,0,1.0,0.0,0.0,1.0,1.0,-3.9137,0.0,1.0,0.0,0.0,1.0,0.0,-4.6199,0.0,0.0,1.0,1.0,0.0,0.0,1.4435,1.0,60-65,55-60
ASTRAL.NS|2026-04-23|ensemble_lr0.20_rf0.30_xgb0.50,ASTRAL.NS,2026-04-23,ensemble_lr0.20_rf0.30_xgb0.50,2025-04-24,2026-04-23,2026-04-20,2025-05-22,2026-04-22,2026-04-23,227,2026-04-22,True,0,0.5362318840579711,0.3985658380165763,0.2,0.11890023946762085,0.19916328733712568,0,80.08,0.40507939746112526,0,59.49,HOLD,0.5032,0.0064,High Volatility,0.5,0.0,unavailable_no_point_in_time_source,True,1587.1,1572.4268798828125,2026-04-24,1560.7452392578125,-0.7429,0,2026-04-28,1546.4677734375,-1.6509,0.0,2026-04-30,1527.2978515625,-2.87,0.0,2026-05-08,1567.3349609375,-0.3238,0.0,0,1,1,1,1,1,-1.6606,1,1.0,1.0,1.0,1.0,1.0,-2.5602,1.0,1.0,1.0,1.0,1.0,1.0,-3.768,0.0,1.0,1.0,1.0,1.0,1.0,-1.2454,1.0,80-85,55-60
AUBANK.NS|2026-04-23|ensemble_lr0.20_rf0.30_xgb0.50,AUBANK.NS,2026-04-23,ensemble_lr0.20_rf0.30_xgb0.50,2025-04-24,2026-04-23,2026-04-20,2025-05-22,2026-04-22,2026-04-23,227,2026-04-22,True,1,0.5362318840579711,0.9028968504540196,0.82,0.8408414125442505,0.8470000763629292,1,84.7,0.6709230596208344,1,67.09,BUY,0.7009,0.4018,High Volatility,0.5,0.0,unavailable_no_point_in_time_source,True,1042.19,1055.2252197265625,2026-04-24,1064.6160888671875,0.8899,1,2026-04-28,1021.8076782226562,-3.1669,0.0,2026-04-30,1014.96435546875,-3.8154,0.0,2026-05-08,1049.3809814453125,-0.5538,0.0,1,1,1,1,1,1,2.1518,1,0.0,0.0,0.0,0.0,0.0,-1.9557,0.0,0.0,0.0,0.0,0.0,0.0,-2.6123,0.0,0.0,0.0,0.0,0.0,0.0,0.69,1.0,80-85,65-70
AXISBANK.NS|2026-04-23|ensemble_lr0.20_rf0.30_xgb0.50,AXISBANK.NS,2026-04-23,ensemble_lr0.20_rf0.30_xgb0.50,2025-04-24,2026-04-23,2026-04-20,2025-05-22,2026-04-22,2026-04-23,227,2026-04-22,True,1,0.49275362318840576,0.2764472697034258,0.14,0.24022968113422394,0.21740429450779714,0,78.26,0.41979263782521226,0,58.02,BUY,0.6112,0.2225,Bullish,0.665,0.0,unavailable_no_point_in_time_source,True,1378.54,1368.5445556640625,2026-04-24,1364.847412109375,-0.2702,0,2026-04-28,1288.0067138671875,-5.8849,0.0,2026-04-30,1267.3226318359375,-7.3963,0.0,2026-05-08,1267.3226318359375,-7.3963,0.0,0,1,1,0,1,0,-0.9933,0,1.0,1.0,0.0,1.0,0.0,-6.5673,0.0,1.0,1.0,0.0,1.0,0.0,-8.0678,0.0,1.0,1.0,0.0,1.0,0.0,-8.0678,0.0,75-80,55-60
BAJAJ-AUTO.NS|2026-04-23|ensemble_lr0.20_rf0.30_xgb0.50,BAJAJ-AUTO.NS,2026-04-23,ensemble_lr0.20_rf0.30_xgb0.50,2025-04-24,2026-04-23,2026-04-20,2025-05-22,2026-04-22,2026-04-23,227,2026-04-22,True,1,0.5434782608695653,0.6248826991018379,0.2,0.24104303121566772,0.30549805542820146,0,69.45,0.3836528959210677,0,61.63,BUY,0.5818,0.1636,Bullish,0.165,0.0,unavailable_no_point_in_time_source,False,9468.74,9417.9580078125,2026-04-24,9443.1044921875,0.267,1,2026-04-28,9363.7216796875,-0.5759,0.0,2026-04-30,9855.3037109375,4.6437,1.0,2026-05-08,10562.845703125,12.1564,1.0,0,0,0,1,0,1,-0.2707,0,1.0,1.0,0.0,1.0,0.0,-1.1091,0.0,0.0,0.0,1.0,0.0,1.0,4.0825,1.0,0.0,0.0,1.0,0.0,1.0,11.5549,1.0,65-70,60-65
BAJAJFINSV.NS|2026-04-23|ensemble_lr0.20_rf0.30_xgb0.50,BAJAJFINSV.NS,2026-04-23,ensemble_lr0.20_rf0.30_xgb0.50,2025-04-24,2026-04-23,2026-04-20,2025-05-22,2026-04-22,2026-04-23,227,2026-04-22,True,0,0.5072463768115942,0.3664377207660452,0.22,0.21780513226985931,0.2481901102881387,0,75.18,0.5010094375776336,1,50.1,HOLD,0.4473,-0.1054,Bullish,-0.335,0.0,unavailable_no_point_in_time_source,True,1841.33,1791.0716552734375,2026-04-24,1769.1903076171875,-1.2217,0,2026-04-28,1777.4832763671875,-0.7587,0.0,2026-04-30,1745.7103271484375,-2.5326,0.0,2026-05-08,1816.749755859375,1.4337,1.0,0,1,0,1,1,1,-3.9178,0,1.0,0.0,1.0,1.0,1.0,-3.4674,0.0,1.0,0.0,1.0,1.0,1.0,-5.193,0.0,0.0,1.0,0.0,0.0,1.0,-1.3349,1.0,75-80,50-55
BAJFINANCE.NS|2026-04-23|ensemble_lr0.20_rf0.30_xgb0.50,BAJFINANCE.NS,2026-04-23,ensemble_lr0.20_rf0.30_xgb0.50,2025-04-24,2026-04-23,2026-04-20,2025-05-22,2026-04-22,2026-04-23,227,2026-04-22,True,1,0.5652173913043478,0.6617720224527225,0.2,0.38581374287605286,0.38526127592857096,0,61.47,0.592421694293242,1,59.24,HOLD,0.4449,-0.1103,High Volatility,-0.165,0.0,unavailable_no_point_in_time_source,True,929.04,912.7391967773438,2026-04-24,915.9196166992188,0.3484,1,2026-04-28,918.0068359375,0.5771,1.0,2026-04-30,931.2752685546875,2.0308,1.0,2026-05-08,949.5131225585938,4.029,1.0,0,0,1,1,0,1,-1.4123,1,0.0,1.0,1.0,0.0,1.0,-1.1876,1.0,0.0,1.0,1.0,0.0,1.0,0.2406,1.0,0.0,1.0,1.0,0.0,0.0,2.2037,1.0,60-65,55-60
BEL.NS|2026-04-23|ensemble_lr0.20_rf0.30_xgb0.50,BEL.NS,2026-04-23,ensemble_lr0.20_rf0.30_xgb0.50,2025-04-24,2026-04-23,2026-04-20,2025-05-22,2026-04-22,2026-04-23,227,2026-04-22,True,0,0.5144927536231884,0.5644927644253175,0.74,0.5591650605201721,0.6144810831451496,1,61.45,0.5742951181813997,1,57.43,BUY,0.6679,0.3358,Sideways,0.835,0.0,unavailable_no_point_in_time_source,True,448.09,449.3399963378906,2026-04-24,443.84747314453125,-1.2224,0,2026-04-28,435.15924072265625,-3.1559,0.0,2026-04-30,430.71527099609375,-4.1449,0.0,2026-05-08,439.1039123535156,-2.278,0.0,1,0,0,1,0,0,-0.9468,0,0.0,0.0,1.0,0.0,0.0,-2.8858,0.0,0.0,0.0,1.0,0.0,0.0,-3.8775,0.0,0.0,0.0,1.0,0.0,0.0,-2.0054,0.0,60-65,55-60
BPCL.NS|2026-04-23|ensemble_lr0.20_rf0.30_xgb0.50,BPCL.NS,2026-04-23,ensemble_lr0.20_rf0.30_xgb0.50,2025-04-24,2026-04-23,2026-04-20,2025-05-22,2026-04-22,2026-04-23,227,2026-04-22,True,0,0.5,0.7394988915295019,0.24,0.382179319858551,0.41098943823517586,0,58.9,0.6331039527913052,1,63.31,HOLD,0.4581,-0.0837,High Volatility,0.0,0.0,unavailable_no_point_in_time_source,True,314.4,309.79998779296875,2026-04-24,308.1000061035156,-0.5487,0,2026-04-28,307.75,-0.6617,0.0,2026-04-30,300.45001220703125,-3.0181,0.0,2026-05-08,302.75,-2.2757,0.0,0,1,0,1,1,1,-2.0038,1,1.0,0.0,1.0,1.0,1.0,-2.1151,1.0,1.0,0.0,1.0,1.0,0.0,-4.437,0.0,1.0,0.0,1.0,1.0,1.0,-3.7055,0.0,55-60,60-65
AARTIIND.NS|2026-04-30|ensemble_lr0.20_rf0.30_xgb0.50,AARTIIND.NS,2026-04-30,ensemble_lr0.20_rf0.30_xgb0.50,2025-05-02,2026-04-30,2026-04-27,2025-05-29,2026-04-29,2026-04-30,227,2026-04-29,True,0,0.4710144927536232,0.4168678302349511,0.86,0.8803131580352783,0.7815301450646294,1,78.15,0.5999694778651797,1,60.0,BUY,0.7087,0.4175,High Volatility,0.835,0.0,unavailable_no_point_in_time_source,False,501.35,506.4931640625,2026-05-04,512.08203125,1.1034,1,2026-05-06,496.8623046875,-1.9015,0.0,2026-05-08,484.4869079589844,-4.3448,0.0,2026-05-15,465.3249816894531,-8.1281,0.0,1,1,1,0,1,1,2.1406,1,0.0,0.0,1.0,0.0,0.0,-0.8951,0.0,0.0,0.0,1.0,0.0,0.0,-3.3635,0.0,0.0,0.0,1.0,0.0,0.0,-7.1856,0.0,75-80,60-65
AAVAS.NS|2026-04-30|ensemble_lr0.20_rf0.30_xgb0.50,AAVAS.NS,2026-04-30,ensemble_lr0.20_rf0.30_xgb0.50,2025-05-02,2026-04-30,2026-04-27,2025-05-29,2026-04-29,2026-04-30,227,2026-04-29,True,0,0.3913043478260869,0.358976243928467,0.18,0.13864512741565704,0.19511781249352192,0,80.49,0.3189104001800383,0,68.11,HOLD,0.5758,0.1517,High Volatility,0.5,0.0,unavailable_no_point_in_time_source,False,1382.1,1380.699951171875,2026-05-04,1381.5999755859375,0.0652,1,2026-05-06,1435.4000244140625,3.9618,1.0,2026-05-08,1443.5999755859375,4.5557,1.0,2026-05-15,1384.699951171875,0.2897,1.0,0,0,0,0,0,1,-0.0362,1,0.0,0.0,0.0,0.0,0.0,3.8565,0.0,0.0,0.0,0.0,0.0,0.0,4.4497,0.0,0.0,0.0,0.0,0.0,1.0,0.1881,1.0,80-85,65-70
ABCAPITAL.NS|2026-04-30|ensemble_lr0.20_rf0.30_xgb0.50,ABCAPITAL.NS,2026-04-30,ensemble_lr0.20_rf0.30_xgb0.50,2025-05-02,2026-04-30,2026-04-27,2025-05-29,2026-04-29,2026-04-30,227,2026-04-29,True,1,0.4927536231884058,0.4218350153221957,0.16,0.2670872211456299,0.2659106136372541,0,73.41,0.6830387292441824,1,68.3,HOLD,0.5554,0.1109,High Volatility,0.165,0.0,unavailable_no_point_in_time_source,True,348.45,345.5,2026-05-04,345.8500061035156,0.1013,1,2026-05-06,369.29998779296875,6.8886,1.0,2026-05-08,362.95001220703125,5.0507,1.0,2026-05-15,357.1499938964844,3.3719,1.0,0,0,1,1,0,1,-0.7462,1,0.0,1.0,1.0,0.0,0.0,5.9836,0.0,0.0,1.0,1.0,0.0,0.0,4.1613,0.0,0.0,1.0,1.0,0.0,0.0,2.4968,1.0,70-75,65-70
ABFRL.NS|2026-04-30|ensemble_lr0.20_rf0.30_xgb0.50,ABFRL.NS,2026-04-30,ensemble_lr0.20_rf0.30_xgb0.50,2025-05-02,2026-04-30,2026-04-27,2025-05-29,2026-04-29,2026-04-30,227,2026-04-29,True,0,0.5144927536231884,0.33579068389284666,0.1,0.1709715574979782,0.18264391552755843,0,81.74,0.5079497953363492,1,50.79,HOLD,0.4653,-0.0695,High Volatility,-0.165,0.0,unavailable_no_point_in_time_source,True,65.05,64.19999694824219,2026-05-04,65.93000030517578,2.6947,1,2026-05-06,66.20999908447266,3.1308,1.0,2026-05-08,66.33000183105469,3.3178,1.0,2026-05-15,62.65999984741211,-2.3987,0.0,0,0,1,0,0,1,1.3528,1,0.0,1.0,0.0,0.0,0.0,1.7832,1.0,0.0,1.0,0.0,0.0,0.0,1.9677,1.0,1.0,0.0,1.0,1.0,1.0,-3.6741,0.0,80-85,50-55
ACC.NS|2026-04-30|ensemble_lr0.20_rf0.30_xgb0.50,ACC.NS,2026-04-30,ensemble_lr0.20_rf0.30_xgb0.50,2025-05-02,2026-04-30,2026-04-27,2025-05-29,2026-04-29,2026-04-30,227,2026-04-29,True,0,0.5434782608695653,0.222064202317774,0.1,0.08250126987695694,0.11566347540203327,0,88.43,0.38770272728688,0,61.23,HOLD,0.4353,-0.1294,Sideways,-0.5,0.0,unavailable_no_point_in_time_source,False,1428.34,1413.9188232421875,2026-05-04,1390.15625,-1.6806,0,2026-05-06,1405.865478515625,-0.5696,0.0,2026-05-08,1383.892578125,-2.1236,0.0,2026-05-15,1354.9600830078125,-4.1699,0.0,0,1,1,1,1,1,-2.6733,1,1.0,1.0,1.0,1.0,1.0,-1.5735,1.0,1.0,1.0,1.0,1.0,1.0,-3.1118,0.0,1.0,1.0,1.0,1.0,0.0,-5.1374,0.0,85-90,60-65
ADANIENT.NS|2026-04-30|ensemble_lr0.20_rf0.30_xgb0.50,ADANIENT.NS,2026-04-30,ensemble_lr0.20_rf0.30_xgb0.50,2025-05-02,2026-04-30,2026-04-27,2025-05-29,2026-04-29,2026-04-30,227,2026-04-29,True,0,0.4492753623188406,0.4843899654563459,0.28,0.3555971682071686,0.35867657719485346,0,64.13,0.5139570915168827,1,51.4,BUY,0.5956,0.1911,High Volatility,0.5,0.0,unavailable_no_point_in_time_source,False,2424.82,2407.323486328125,2026-05-04,2484.589111328125,3.2096,1,2026-05-06,2539.164794921875,5.4767,1.0,2026-05-08,2504.780029296875,4.0483,1.0,2026-05-15,2714.7861328125,12.772,1.0,0,0,1,0,0,1,2.4649,1,0.0,1.0,0.0,0.0,1.0,4.7156,1.0,0.0,1.0,0.0,0.0,1.0,3.2976,1.0,0.0,1.0,0.0,0.0,1.0,11.9583,1.0,60-65,50-55
ADANIPORTS.NS|2026-04-30|ensemble_lr0.20_rf0.30_xgb0.50,ADANIPORTS.NS,2026-04-30,ensemble_lr0.20_rf0.30_xgb0.50,2025-05-02,2026-04-30,2026-04-27,2025-05-29,2026-04-29,2026-04-30,227,2026-04-29,True,0,0.4492753623188406,0.2940137178038318,0.3,0.258822500705719,0.2782139939136259,0,72.18,0.5474329245483404,1,54.74,BUY,0.6435,0.287,Bullish,1.0,0.0,unavailable_no_point_in_time_source,False,1654.13,1650.3447265625,2026-05-04,1735.2867431640625,5.1469,1,2026-05-06,1740.962890625,5.4909,1.0,2026-05-08,1753.0120849609375,6.221,1.0,2026-05-15,1787.56640625,8.3147,1.0,0,0,1,0,0,1,4.9063,1,0.0,1.0,0.0,0.0,1.0,5.2495,1.0,0.0,1.0,0.0,0.0,1.0,5.9779,1.0,0.0,1.0,0.0,0.0,1.0,8.0669,1.0,70-75,50-55
AETHER.NS|2026-04-30|ensemble_lr0.20_rf0.30_xgb0.50,AETHER.NS,2026-04-30,ensemble_lr0.20_rf0.30_xgb0.50,2025-05-02,2026-04-30,2026-04-27,2025-05-29,2026-04-29,2026-04-30,227,2026-04-29,True,0,0.5507246376811595,0.4906086551344164,0.78,0.6566644310951233,0.6604539465744449,1,66.05,0.47399998431428125,0,52.6,BUY,0.6169,0.2337,High Volatility,0.5,0.0,unavailable_no_point_in_time_source,False,1168.1,1171.800048828125,2026-05-04,1252.0,6.8442,1,2026-05-06,1232.699951171875,5.1971,1.0,2026-05-08,1213.4000244140625,3.5501,1.0,2026-05-15,1111.5,-5.1459,0.0,1,1,0,0,1,1,7.1826,1,1.0,0.0,0.0,1.0,1.0,5.5303,1.0,1.0,0.0,0.0,1.0,1.0,3.8781,1.0,0.0,1.0,1.0,0.0,0.0,-4.8455,0.0,65-70,50-55
AIAENG.NS|2026-04-30|ensemble_lr0.20_rf0.30_xgb0.50,AIAENG.NS,2026-04-30,ensemble_lr0.20_rf0.30_xgb0.50,2025-05-02,2026-04-30,2026-04-27,2025-05-29,2026-04-29,2026-04-30,227,2026-04-29,True,0,0.5,0.4499530524098346,0.74,0.7546987533569336,0.6893399871604338,1,68.93,0.5058734012309707,1,50.59,BUY,0.6704,0.3408,High Volatility,0.5,0.0,unavailable_no_point_in_time_source,False,3922.46,3934.80908203125,2026-05-04,3943.277099609375,0.2152,1,2026-05-06,3897.349609375,-0.952,0.0,2026-05-08,3957.025390625,0.5646,1.0,2026-05-15,3841.8583984375,-2.3623,0.0,1,1,1,0,1,1,0.5307,1,0.0,0.0,1.0,0.0,0.0,-0.6402,0.0,1.0,1.0,0.0,1.0,1.0,0.8812,1.0,0.0,0.0,1.0,0.0,0.0,-2.0549,0.0,65-70,50-55
AJANTPHARM.NS|2026-04-30|ensemble_lr0.20_rf0.30_xgb0.50,AJANTPHARM.NS,2026-04-30,ensemble_lr0.20_rf0.30_xgb0.50,2025-05-02,2026-04-30,2026-04-27,2025-05-29,2026-04-29,2026-04-30,227,2026-04-29,True,0,0.5217391304347826,0.48011736361722873,0.76,0.5965617299079895,0.6223043376774404,1,62.23,0.49292111438758024,0,50.71,HOLD,0.5529,0.1058,Sideways,0.165,0.0,unavailable_no_point_in_time_source,False,2778.74,2797.076171875,2026-05-04,2874.3681640625,2.7633,1,2026-05-06,3068.192626953125,9.6929,1.0,2026-05-08,3007.448974609375,7.5212,1.0,2026-05-15,3148.358154296875,12.5589,1.0,1,1,0,0,1,1,3.4414,0,1.0,0.0,0.0,1.0,0.0,10.4167,0.0,1.0,0.0,0.0,1.0,0.0,8.2307,0.0,1.0,0.0,0.0,1.0,0.0,13.3016,0.0,60-65,50-55
ALEMBICLTD.NS|2026-04-30|ensemble_lr0.20_rf0.30_xgb0.50,ALEMBICLTD.NS,2026-04-30,ensemble_lr0.20_rf0.30_xgb0.50,2025-05-02,2026-04-30,2026-04-27,2025-05-29,2026-04-29,2026-04-30,227,2026-04-29,True,0,0.463768115942029,0.44964143466195383,0.2,0.32266777753829956,0.3112621757015406,0,68.87,0.5516250912572156,1,55.16,HOLD,0.5548,0.1095,High Volatility,0.335,0.0,unavailable_no_point_in_time_source,False,90.79,88.81230163574219,2026-05-04,89.17261505126953,0.4057,1,2026-05-06,90.6430892944336,2.0614,1.0,2026-05-08,92.40570068359375,4.0461,1.0,2026-05-15,87.59503173828125,-1.3706,0.0,0,0,1,0,0,1,-1.7815,1,0.0,1.0,0.0,0.0,1.0,-0.1618,1.0,0.0,1.0,0.0,0.0,0.0,1.7796,1.0,1.0,0.0,1.0,1.0,1.0,-3.5191,0.0,65-70,55-60
ALKEM.NS|2026-04-30|ensemble_lr0.20_rf0.30_xgb0.50,ALKEM.NS,2026-04-30,ensemble_lr0.20_rf0.30_xgb0.50,2025-05-02,2026-04-30,2026-04-27,2025-05-29,2026-04-29,2026-04-30,227,2026-04-29,True,1,0.4855072463768116,0.6955355682370106,0.82,0.845325767993927,0.8077699976443655,1,80.78,0.7147219870672423,1,71.47,HOLD,0.5171,0.0343,High Volatility,-0.165,0.0,unavailable_no_point_in_time_source,False,5334.45,5390.3525390625,2026-05-04,5350.92333984375,-0.7315,0,2026-05-06,5547.072265625,2.9074,1.0,2026-05-08,5575.521484375,3.4352,1.0,2026-05-15,5476.19921875,1.5926,1.0,1,0,0,0,0,1,0.3088,1,1.0,1.0,1.0,1.0,1.0,3.9858,0.0,1.0,1.0,1.0,1.0,0.0,4.5191,0.0,1.0,1.0,1.0,1.0,1.0,2.6572,1.0,80-85,70-75
AMBER.NS|2026-04-30|ensemble_lr0.20_rf0.30_xgb0.50,AMBER.NS,2026-04-30,ensemble_lr0.20_rf0.30_xgb0.50,2025-05-02,2026-04-30,2026-04-27,2025-05-29,2026-04-29,2026-04-30,227,2026-04-29,True,1,0.5362318840579711,0.3710642570393294,0.2,0.2965357005596161,0.2824807016876739,0,71.75,0.35015885736889785,0,64.98,BUY,0.6113,0.2225,High Volatility,0.835,0.0,unavailable_no_point_in_time_source,False,8082.0,8024.0,2026-05-04,8007.0,-0.2119,0,2026-05-06,8661.5,7.9449,1.0,2026-05-08,8824.5,9.9763,1.0,2026-05-15,8476.5,5.6393,1.0,0,1,1,0,1,0,-0.928,0,0.0,0.0,1.0,0.0,1.0,7.1703,1.0,0.0,0.0,1.0,0.0,1.0,9.1871,1.0,0.0,0.0,1.0,0.0,1.0,4.8812,1.0,70-75,60-65
ANGELONE.NS|2026-04-30|ensemble_lr0.20_rf0.30_xgb0.50,ANGELONE.NS,2026-04-30,ensemble_lr0.20_rf0.30_xgb0.50,2025-05-02,2026-04-30,2026-04-27,2025-05-29,2026-04-29,2026-04-30,227,2026-04-29,True,0,0.5507246376811593,0.42270081110921875,0.14,0.19363094866275787,0.2233556365532227,0,77.66,0.4297147550779335,0,57.03,BUY,0.6143,0.2286,High Volatility,1.0,0.0,unavailable_no_point_in_time_source,True,312.13,307.7582092285156,2026-05-04,306.7513427734375,-0.3272,0,2026-05-06,315.87310791015625,2.6368,1.0,2026-05-08,324.9949035644531,5.6007,1.0,2026-05-15,305.9039611816406,-0.6025,0.0,0,1,1,1,1,0,-1.7232,0,0.0,0.0,0.0,0.0,1.0,1.1992,1.0,0.0,0.0,0.0,0.0,1.0,4.1216,1.0,1.0,1.0,1.0,1.0,0.0,-1.9947,0.0,75-80,55-60
APARINDS.NS|2026-04-30|ensemble_lr0.20_rf0.30_xgb0.50,APARINDS.NS,2026-04-30,ensemble_lr0.20_rf0.30_xgb0.50,2025-05-02,2026-04-30,2026-04-27,2025-05-29,2026-04-29,2026-04-30,227,2026-04-29,True,1,0.48550724637681153,0.41071554714117653,0.12,0.12040015310049057,0.1783431859784806,0,82.17,0.5989129663719933,1,59.89,BUY,0.6272,0.2545,High Volatility,1.0,0.0,unavailable_no_point_in_time_source,False,12344.64,12288.3369140625,2026-05-04,12398.953125,0.9002,1,2026-05-06,12341.1533203125,0.4298,1.0,2026-05-08,12765.6796875,3.8845,1.0,2026-05-15,12606.2333984375,2.587,1.0,0,0,1,1,0,1,0.44,1,0.0,1.0,1.0,0.0,1.0,-0.0282,0.0,0.0,1.0,1.0,0.0,1.0,3.4107,1.0,0.0,1.0,1.0,0.0,1.0,2.1191,1.0,80-85,55-60
APOLLOHOSP.NS|2026-04-30|ensemble_lr0.20_rf0.30_xgb0.50,APOLLOHOSP.NS,2026-04-30,ensemble_lr0.20_rf0.30_xgb0.50,2025-05-02,2026-04-30,2026-04-27,2025-05-29,2026-04-29,2026-04-30,227,2026-04-29,True,0,0.48550724637681153,0.5233346584991172,0.22,0.20800010859966278,0.27466698599965483,0,72.53,0.3208478125934564,0,67.92,HOLD,0.5386,0.0772,Sideways,0.67,0.0,unavailable_no_point_in_time_source,False,7700.04,7627.62060546875,2026-05-04,7728.5029296875,1.3226,1,2026-05-06,7751.4765625,1.6238,1.0,2026-05-08,8087.5849609375,6.0302,1.0,2026-05-15,8073.10205078125,5.8404,1.0,0,0,0,0,0,1,0.3696,1,0.0,0.0,0.0,0.0,1.0,0.668,1.0,0.0,0.0,0.0,0.0,0.0,5.033,0.0,0.0,0.0,0.0,0.0,0.0,4.8449,0.0,70-75,65-70
APOLLOTYRE.NS|2026-04-30|ensemble_lr0.20_rf0.30_xgb0.50,APOLLOTYRE.NS,2026-04-30,ensemble_lr0.20_rf0.30_xgb0.50,2025-05-02,2026-04-30,2026-04-27,2025-05-29,2026-04-29,2026-04-30,227,2026-04-29,True,0,0.463768115942029,0.8513180528534025,0.3,0.34904029965400696,0.43478376039768396,0,56.52,0.7691197084044501,1,76.91,SELL,0.3438,-0.3123,Sideways,-0.835,0.0,unavailable_no_point_in_time_source,True,421.74,406.07769775390625,2026-05-04,407.1217346191406,0.2571,1,2026-05-06,410.30352783203125,1.0406,1.0,2026-05-08,406.9228515625,0.2081,1.0,2026-05-15,392.2567443847656,-3.4035,0.0,0,0,1,0,0,0,-3.4662,1,0.0,1.0,0.0,0.0,0.0,-2.7117,1.0,0.0,1.0,0.0,0.0,0.0,-3.5133,1.0,1.0,0.0,1.0,1.0,1.0,-6.9909,1.0,55-60,75-80
ASHOKLEY.NS|2026-04-30|ensemble_lr0.20_rf0.30_xgb0.50,ASHOKLEY.NS,2026-04-30,ensemble_lr0.20_rf0.30_xgb0.50,2025-05-02,2026-04-30,2026-04-27,2025-05-29,2026-04-29,2026-04-30,227,2026-04-29,True,1,0.463768115942029,0.23767635914648563,0.1,0.23338311910629272,0.19422683138244348,0,80.58,0.42195387412784197,0,57.8,SELL,0.4093,-0.1814,High Volatility,0.0,0.0,unavailable_no_point_in_time_source,True,162.95,159.37127685546875,2026-05-04,158.07342529296875,-0.8144,0,2026-05-06,164.9855194091797,3.5227,1.0,2026-05-08,165.7425994873047,3.9978,1.0,2026-05-15,150.5615692138672,-5.5278,0.0,0,1,1,0,1,1,-2.9927,1,0.0,0.0,1.0,0.0,0.0,1.2492,0.0,0.0,0.0,1.0,0.0,0.0,1.7138,0.0,1.0,1.0,0.0,1.0,1.0,-7.6026,1.0,80-85,55-60
ASIANPAINT.NS|2026-04-30|ensemble_lr0.20_rf0.30_xgb0.50,ASIANPAINT.NS,2026-04-30,ensemble_lr0.20_rf0.30_xgb0.50,2025-05-02,2026-04-30,2026-04-27,2025-05-29,2026-04-29,2026-04-30,227,2026-04-29,True,1,0.5217391304347826,0.4422629749512756,0.14,0.12605994939804077,0.19348256968927552,0,80.65,0.25117164359595745,0,74.88,HOLD,0.5575,0.115,Bullish,-0.17,0.0,unavailable_no_point_in_time_source,True,2426.25,2423.473876953125,2026-05-04,2427.04296875,0.1473,1,2026-05-06,2497.333251953125,3.0477,1.0,2026-05-08,2577.537109375,6.3571,1.0,2026-05-15,2583.1884765625,6.5903,1.0,0,0,0,1,0,1,0.0327,1,0.0,0.0,1.0,0.0,0.0,2.9298,1.0,0.0,0.0,1.0,0.0,0.0,6.2354,0.0,0.0,0.0,1.0,0.0,0.0,6.4684,0.0,80-85,70-75
ASTRAL.NS|2026-04-30|ensemble_lr0.20_rf0.30_xgb0.50,ASTRAL.NS,2026-04-30,ensemble_lr0.20_rf0.30_xgb0.50,2025-05-02,2026-04-30,2026-04-27,2025-05-29,2026-04-29,2026-04-30,227,2026-04-29,True,0,0.5217391304347826,0.3914127729505015,0.12,0.13433948159217834,0.18145229538618948,0,81.85,0.7193587436573137,1,71.94,SELL,0.4041,-0.1918,High Volatility,0.17,0.0,unavailable_no_point_in_time_source,True,1550.36,1527.2978515625,2026-05-04,1557.15087890625,1.9546,1,2026-05-06,1573.625,3.0333,1.0,2026-05-08,1567.3349609375,2.6214,1.0,2026-05-15,1548.36474609375,1.3794,1.0,0,0,1,0,0,0,0.438,0,0.0,1.0,0.0,0.0,0.0,1.5006,0.0,0.0,1.0,0.0,0.0,0.0,1.0949,0.0,0.0,1.0,0.0,0.0,0.0,-0.1287,1.0,80-85,70-75
AUBANK.NS|2026-04-30|ensemble_lr0.20_rf0.30_xgb0.50,AUBANK.NS,2026-04-30,ensemble_lr0.20_rf0.30_xgb0.50,2025-05-02,2026-04-30,2026-04-27,2025-05-29,2026-04-29,2026-04-30,227,2026-04-29,True,1,0.5797101449275363,0.7907953530849772,0.18,0.16710345447063446,0.2957107978523127,0,70.43,0.3707083571049017,0,62.93,HOLD,0.5516,0.1032,High Volatility,0.5,0.0,unavailable_no_point_in_time_source,True,1016.66,1014.96435546875,2026-05-04,1014.0152587890625,-0.0935,0,2026-05-06,1023.0065307617188,0.7924,1.0,2026-05-08,1049.3809814453125,3.3909,1.0,2026-05-15,989.5390014648438,-2.505,0.0,0,1,1,0,1,1,-0.2601,1,0.0,0.0,1.0,0.0,1.0,0.6243,1.0,0.0,0.0,1.0,0.0,0.0,3.2185,0.0,1.0,1.0,0.0,1.0,1.0,-2.6677,1.0,70-75,60-65
AXISBANK.NS|2026-04-30|ensemble_lr0.20_rf0.30_xgb0.50,AXISBANK.NS,2026-04-30,ensemble_lr0.20_rf0.30_xgb0.50,2025-05-02,2026-04-30,2026-04-27,2025-05-29,2026-04-29,2026-04-30,227,2026-04-29,True,0,0.49275362318840576,0.24295630368263987,0.14,0.1581634283065796,0.16967297488981778,0,83.03,0.3651187379376476,0,63.49,HOLD,0.4347,-0.1306,Bearish,0.5,0.0,unavailable_no_point_in_time_source,True,1295.4,1267.3226318359375,2026-05-04,1274.1173095703125,0.5361,1,2026-05-06,1293.20263671875,2.0421,1.0,2026-05-08,1267.3226318359375,0.0,0.0,2026-05-15,1243.8408203125,-1.8529,0.0,0,0,0,0,0,1,-1.6429,1,0.0,0.0,0.0,0.0,1.0,-0.1696,1.0,1.0,1.0,1.0,1.0,1.0,-2.1675,1.0,1.0,1.0,1.0,1.0,1.0,-3.9802,0.0,80-85,60-65
BAJAJ-AUTO.NS|2026-04-30|ensemble_lr0.20_rf0.30_xgb0.50,BAJAJ-AUTO.NS,2026-04-30,ensemble_lr0.20_rf0.30_xgb0.50,2025-05-02,2026-04-30,2026-04-27,2025-05-29,2026-04-29,2026-04-30,227,2026-04-29,True,1,0.6304347826086957,0.6820252387057584,0.92,0.8046230673789978,0.8147165814306506,1,81.47,0.8212339498358431,1,82.12,HOLD,0.5586,0.1173,Sideways,-0.165,0.0,unavailable_no_point_in_time_source,False,9411.06,9855.3037109375,2026-05-04,9991.388671875,1.3808,1,2026-05-06,10175.79296875,3.2519,1.0,2026-05-08,10562.845703125,7.1793,1.0,2026-05-15,10233.4814453125,3.8373,1.0,1,1,1,1,1,1,6.1665,0,1.0,1.0,1.0,1.0,0.0,8.1259,0.0,1.0,1.0,1.0,1.0,0.0,12.2386,0.0,1.0,1.0,1.0,1.0,0.0,8.7389,0.0,80-85,80-85
BAJAJFINSV.NS|2026-04-30|ensemble_lr0.20_rf0.30_xgb0.50,BAJAJFINSV.NS,2026-04-30,ensemble_lr0.20_rf0.30_xgb0.50,2025-05-02,2026-04-30,2026-04-27,2025-05-29,2026-04-29,2026-04-30,227,2026-04-29,True,0,0.5,0.3694260776955218,0.26,0.37593692541122437,0.3398536782447166,0,66.01,0.5726690375202577,1,57.27,SELL,0.4005,-0.199,Sideways,-0.335,0.0,unavailable_no_point_in_time_source,True,1762.7,1745.7103271484375,2026-05-04,1768.890625,1.3278,1,2026-05-06,1834.5345458984375,5.0881,1.0,2026-05-08,1816.749755859375,4.0694,1.0,2026-05-15,1726.6265869140625,-1.0932,0.0,0,0,1,0,0,0,0.3512,0,0.0,1.0,0.0,0.0,0.0,4.0753,0.0,0.0,1.0,0.0,0.0,0.0,3.0663,0.0,1.0,0.0,1.0,1.0,1.0,-2.0465,1.0,65-70,55-60
BAJFINANCE.NS|2026-04-30|ensemble_lr0.20_rf0.30_xgb0.50,BAJFINANCE.NS,2026-04-30,ensemble_lr0.20_rf0.30_xgb0.50,2025-05-02,2026-04-30,2026-04-27,2025-05-29,2026-04-29,2026-04-30,227,2026-04-29,True,1,0.5072463768115942,0.8218725010974474,0.9,0.8921111822128296,0.8804300913259043,1,88.04,0.6247062198294328,1,62.47,BUY,0.5946,0.1891,Sideways,0.0,0.0,unavailable_no_point_in_time_source,True,924.32,931.2752685546875,2026-05-04,944.3945922851562,1.4087,1,2026-05-06,974.7579345703125,4.6692,1.0,2026-05-08,949.5131225585938,1.9584,1.0,2026-05-15,904.887451171875,-2.8335,0.0,1,1,1,1,1,1,2.1718,1,1.0,1.0,1.0,1.0,1.0,5.4568,1.0,1.0,1.0,1.0,1.0,1.0,2.7256,1.0,0.0,0.0,0.0,0.0,0.0,-2.1024,0.0,85-90,60-65
BEL.NS|2026-04-30|ensemble_lr0.20_rf0.30_xgb0.50,BEL.NS,2026-04-30,ensemble_lr0.20_rf0.30_xgb0.50,2025-05-02,2026-04-30,2026-04-27,2025-05-29,2026-04-29,2026-04-30,227,2026-04-29,True,0,0.5289855072463768,0.36603913281044326,0.16,0.23502188920974731,0.23871877116696233,0,76.13,0.4622413995703227,0,53.78,HOLD,0.4997,-0.0005,Sideways,0.335,0.0,unavailable_no_point_in_time_source,True,436.96,430.71527099609375,2026-05-04,432.96221923828125,0.5217,1,2026-05-06,437.6059265136719,1.5998,1.0,2026-05-08,439.1039123535156,1.9476,1.0,2026-05-15,423.0756530761719,-1.7737,0.0,0,0,0,0,0,1,-0.9149,1,0.0,0.0,0.0,0.0,1.0,0.1478,1.0,0.0,0.0,0.0,0.0,1.0,0.4906,1.0,1.0,1.0,1.0,1.0,1.0,-3.1775,0.0,75-80,50-55
BPCL.NS|2026-04-30|ensemble_lr0.20_rf0.30_xgb0.50,BPCL.NS,2026-04-30,ensemble_lr0.20_rf0.30_xgb0.50,2025-05-02,2026-04-30,2026-04-27,2025-05-29,2026-04-29,2026-04-30,227,2026-04-29,True,0,0.5289855072463768,0.3464124104289617,0.16,0.27016681432724,0.25236588924941233,0,74.76,0.3857069543480785,0,61.43,HOLD,0.4351,-0.1298,High Volatility,0.0,0.0,unavailable_no_point_in_time_source,True,303.9,300.45001220703125,2026-05-04,301.70001220703125,0.416,1,2026-05-06,314.04998779296875,4.5265,1.0,2026-05-08,302.75,0.7655,1.0,2026-05-15,284.45001220703125,-5.3253,0.0,0,0,0,0,0,1,-0.7239,1,0.0,0.0,0.0,0.0,0.0,3.3399,0.0,0.0,0.0,0.0,0.0,1.0,-0.3784,1.0,1.0,1.0,1.0,1.0,0.0,-6.4001,0.0,70-75,60-65
AARTIIND.NS|2026-05-08|ensemble_lr0.20_rf0.30_xgb0.50,AARTIIND.NS,2026-05-08,ensemble_lr0.20_rf0.30_xgb0.50,2025-05-09,2026-05-08,2026-05-04,2025-06-05,2026-05-07,2026-05-08,227,2026-05-07,True,0,0.463768115942029,0.4106252384466358,0.16,0.16465823352336884,0.21245416445101156,0,78.75,0.2553720061759175,0,74.46,HOLD,0.5664,0.1329,High Volatility,0.67,0.0,unavailable_no_point_in_time_source,True,487.18,484.4869079589844,2026-05-11,486.4829406738281,0.412,1,2026-05-13,467.62042236328125,-3.4813,0.0,2026-05-15,465.3249816894531,-3.9551,0.0,2026-05-22,475.2552490234375,-1.9055,0.0,0,0,0,0,0,1,-0.1431,1,1.0,1.0,1.0,1.0,0.0,-4.0149,0.0,1.0,1.0,1.0,1.0,0.0,-4.486,0.0,1.0,1.0,1.0,1.0,1.0,-2.4477,1.0,75-80,70-75
AAVAS.NS|2026-05-08|ensemble_lr0.20_rf0.30_xgb0.50,AAVAS.NS,2026-05-08,ensemble_lr0.20_rf0.30_xgb0.50,2025-05-09,2026-05-08,2026-05-04,2025-06-05,2026-05-07,2026-05-08,227,2026-05-07,True,0,0.4130434782608696,0.33559551085103606,0.8,0.7872511148452759,0.7007446595928452,1,70.07,0.4854150915063058,0,51.46,BUY,0.6985,0.397,High Volatility,0.5,0.0,unavailable_no_point_in_time_source,False,1419.6,1443.5999755859375,2026-05-11,1404.9000244140625,-2.6808,0,2026-05-13,1405.0999755859375,-2.6669,0.0,2026-05-15,1384.699951171875,-4.0801,0.0,2026-05-22,1396.9000244140625,-3.235,0.0,1,0,1,1,0,0,-1.0355,0,0.0,1.0,1.0,0.0,0.0,-1.0214,0.0,0.0,1.0,1.0,0.0,0.0,-2.4584,0.0,0.0,1.0,1.0,0.0,0.0,-1.599,0.0,70-75,50-55
ABCAPITAL.NS|2026-05-08|ensemble_lr0.20_rf0.30_xgb0.50,ABCAPITAL.NS,2026-05-08,ensemble_lr0.20_rf0.30_xgb0.50,2025-05-09,2026-05-08,2026-05-04,2025-06-05,2026-05-07,2026-05-08,227,2026-05-07,True,1,0.463768115942029,0.4126604077420275,0.08,0.10385468602180481,0.15845942455930792,0,84.15,0.33919823949763206,0,66.08,HOLD,0.5718,0.1436,High Volatility,0.5,0.0,unavailable_no_point_in_time_source,True,369.0,362.95001220703125,2026-05-11,352.95001220703125,-2.7552,0,2026-05-13,344.29998779296875,-5.1385,0.0,2026-05-15,357.1499938964844,-1.598,0.0,2026-05-22,357.29998779296875,-1.5567,0.0,0,1,1,0,1,1,-4.3496,0,1.0,1.0,0.0,1.0,0.0,-6.6938,0.0,1.0,1.0,0.0,1.0,1.0,-3.2114,0.0,1.0,1.0,0.0,1.0,1.0,-3.1707,0.0,80-85,65-70
ABFRL.NS|2026-05-08|ensemble_lr0.20_rf0.30_xgb0.50,ABFRL.NS,2026-05-08,ensemble_lr0.20_rf0.30_xgb0.50,2025-05-09,2026-05-08,2026-05-04,2025-06-05,2026-05-07,2026-05-08,227,2026-05-07,True,0,0.5507246376811594,0.4759131437469375,0.18,0.30593034625053406,0.3021478018746545,0,69.79,0.6063840713793421,1,60.64,HOLD,0.5321,0.0641,High Volatility,0.17,0.0,unavailable_no_point_in_time_source,True,67.79,66.33000183105469,2026-05-11,64.98999786376953,-2.0202,0,2026-05-13,63.59000015258789,-4.1309,0.0,2026-05-15,62.65999984741211,-5.5329,0.0,2026-05-22,67.3499984741211,1.5378,1.0,0,1,0,1,1,1,-4.1304,0,1.0,0.0,1.0,1.0,0.0,-6.1956,0.0,1.0,0.0,1.0,1.0,0.0,-7.5675,0.0,0.0,1.0,0.0,0.0,1.0,-0.6491,1.0,65-70,60-65
ACC.NS|2026-05-08|ensemble_lr0.20_rf0.30_xgb0.50,ACC.NS,2026-05-08,ensemble_lr0.20_rf0.30_xgb0.50,2025-05-09,2026-05-08,2026-05-04,2025-06-05,2026-05-07,2026-05-08,227,2026-05-07,True,0,0.572463768115942,0.2953326358662885,0.26,0.2896551787853241,0.2818941165659198,0,71.81,0.3337883325848918,0,66.62,SELL,0.3911,-0.2178,Sideways,-0.5,0.0,unavailable_no_point_in_time_source,False,1406.46,1383.892578125,2026-05-11,1350.0882568359375,-2.4427,0,2026-05-13,1358.539306640625,-1.832,0.0,2026-05-15,1354.9600830078125,-2.0907,0.0,2026-05-22,1352.1761474609375,-2.2918,0.0,0,1,1,1,1,1,-4.0081,1,1.0,1.0,1.0,1.0,1.0,-3.4072,1.0,1.0,1.0,1.0,1.0,1.0,-3.6617,1.0,1.0,1.0,1.0,1.0,1.0,-3.8596,1.0,70-75,65-70
ADANIENT.NS|2026-05-08|ensemble_lr0.20_rf0.30_xgb0.50,ADANIENT.NS,2026-05-08,ensemble_lr0.20_rf0.30_xgb0.50,2025-05-09,2026-05-08,2026-05-04,2025-06-05,2026-05-07,2026-05-08,227,2026-05-07,True,0,0.43478260869565216,0.45597502110465343,0.2,0.3193194270133972,0.3108547177276293,0,68.91,0.4691626374002752,0,53.08,BUY,0.6139,0.2278,Bullish,0.5,0.0,unavailable_no_point_in_time_source,False,2512.58,2504.780029296875,2026-05-11,2499.08251953125,-0.2275,0,2026-05-13,2496.883544921875,-0.3153,0.0,2026-05-15,2714.7861328125,8.3842,1.0,2026-05-22,2716.085693359375,8.4361,1.0,0,1,1,1,1,0,-0.5372,0,1.0,1.0,1.0,1.0,0.0,-0.6247,0.0,0.0,0.0,0.0,0.0,1.0,8.0477,1.0,0.0,0.0,0.0,0.0,1.0,8.0995,1.0,65-70,50-55
ADANIPORTS.NS|2026-05-08|ensemble_lr0.20_rf0.30_xgb0.50,ADANIPORTS.NS,2026-05-08,ensemble_lr0.20_rf0.30_xgb0.50,2025-05-09,2026-05-08,2026-05-04,2025-06-05,2026-05-07,2026-05-08,227,2026-05-07,True,0,0.45652173913043476,0.40390891540481744,0.82,0.7513684630393982,0.7024660146006625,1,70.25,0.4931338046532795,0,50.69,STRONG BUY,0.7683,0.5367,Bullish,1.0,0.0,unavailable_no_point_in_time_source,False,1725.53,1753.0120849609375,2026-05-11,1759.883056640625,0.392,1,2026-05-13,1730.5069580078125,-1.2838,0.0,2026-05-15,1787.56640625,1.9711,1.0,2026-05-22,1779.40087890625,1.5053,1.0,1,1,0,0,1,1,1.9909,1,0.0,1.0,1.0,0.0,0.0,0.2884,1.0,1.0,0.0,0.0,1.0,1.0,3.5952,1.0,1.0,0.0,0.0,1.0,1.0,3.122,1.0,70-75,50-55
AETHER.NS|2026-05-08|ensemble_lr0.20_rf0.30_xgb0.50,AETHER.NS,2026-05-08,ensemble_lr0.20_rf0.30_xgb0.50,2025-05-09,2026-05-08,2026-05-04,2025-06-05,2026-05-07,2026-05-08,227,2026-05-07,True,0,0.5144927536231884,0.5022769389464476,0.18,0.23761433362960815,0.2732625546040936,0,72.67,0.18354550649459372,0,81.65,BUY,0.5809,0.1619,High Volatility,0.835,0.0,unavailable_no_point_in_time_source,False,1214.8,1213.4000244140625,2026-05-11,1200.699951171875,-1.0467,0,2026-05-13,1146.9000244140625,-5.4805,0.0,2026-05-15,1111.5,-8.3979,0.0,2026-05-22,1051.300048828125,-13.3592,0.0,0,1,1,1,1,0,-1.1607,0,1.0,1.0,1.0,1.0,0.0,-5.5894,0.0,1.0,1.0,1.0,1.0,0.0,-8.5035,0.0,1.0,1.0,1.0,1.0,0.0,-13.459,0.0,70-75,80-85
AIAENG.NS|2026-05-08|ensemble_lr0.20_rf0.30_xgb0.50,AIAENG.NS,2026-05-08,ensemble_lr0.20_rf0.30_xgb0.50,2025-05-09,2026-05-08,2026-05-04,2025-06-05,2026-05-07,2026-05-08,227,2026-05-07,True,1,0.4565217391304348,0.3237347862221028,0.16,0.11816860735416412,0.17183126092150264,0,82.82,0.23386094326707257,0,76.61,HOLD,0.5124,0.0248,Sideways,0.335,0.0,unavailable_no_point_in_time_source,False,3990.5,3957.025390625,2026-05-11,3890.973876953125,-1.6692,0,2026-05-13,3780.588623046875,-4.4588,0.0,2026-05-15,3841.8583984375,-2.9104,0.0,2026-05-22,3979.042724609375,0.5564,1.0,0,1,1,0,1,1,-2.4941,1,1.0,1.0,0.0,1.0,0.0,-5.2603,0.0,1.0,1.0,0.0,1.0,1.0,-3.7249,0.0,0.0,0.0,1.0,0.0,1.0,-0.2871,1.0,80-85,75-80
AJANTPHARM.NS|2026-05-08|ensemble_lr0.20_rf0.30_xgb0.50,AJANTPHARM.NS,2026-05-08,ensemble_lr0.20_rf0.30_xgb0.50,2025-05-09,2026-05-08,2026-05-04,2025-06-05,2026-05-07,2026-05-08,227,2026-05-07,True,0,0.5217391304347826,0.24359775115024543,0.1,0.04521707445383072,0.10132808745696445,0,89.87,0.33742572936256565,0,66.26,HOLD,0.5374,0.0748,Sideways,0.335,0.0,unavailable_no_point_in_time_source,False,3050.46,3007.448974609375,2026-05-11,3036.384033203125,0.9621,1,2026-05-13,3094.848388671875,2.9061,1.0,2026-05-15,3148.358154296875,4.6853,1.0,2026-05-22,3079.291015625,2.3888,1.0,0,0,0,0,0,1,-0.4614,1,0.0,0.0,0.0,0.0,1.0,1.4551,1.0,0.0,0.0,0.0,0.0,0.0,3.2093,0.0,0.0,0.0,0.0,0.0,1.0,0.9451,1.0,85-90,65-70
ALEMBICLTD.NS|2026-05-08|ensemble_lr0.20_rf0.30_xgb0.50,ALEMBICLTD.NS,2026-05-08,ensemble_lr0.20_rf0.30_xgb0.50,2025-05-09,2026-05-08,2026-05-04,2025-06-05,2026-05-07,2026-05-08,227,2026-05-07,True,0,0.5144927536231884,0.409152231140822,0.24,0.12349764257669449,0.21557926751651163,0,78.44,0.2437408769600506,0,75.63,BUY,0.6288,0.2576,Bullish,0.5,0.0,unavailable_no_point_in_time_source,False,92.84,92.40570068359375,2026-05-11,90.19512939453125,-2.3922,0,2026-05-13,87.57555389404297,-5.2271,0.0,2026-05-15,87.59503173828125,-5.206,0.0,2026-05-22,85.05335998535156,-7.9566,0.0,0,1,1,1,1,0,-2.8488,0,1.0,1.0,1.0,1.0,0.0,-5.6705,0.0,1.0,1.0,1.0,1.0,0.0,-5.6495,0.0,1.0,1.0,1.0,1.0,0.0,-8.3872,0.0,75-80,75-80
ALKEM.NS|2026-05-08|ensemble_lr0.20_rf0.30_xgb0.50,ALKEM.NS,2026-05-08,ensemble_lr0.20_rf0.30_xgb0.50,2025-05-09,2026-05-08,2026-05-04,2025-06-05,2026-05-07,2026-05-08,227,2026-05-07,True,1,0.4710144927536231,0.3574496512054428,0.18,0.35851553082466125,0.3047476956534192,0,69.53,0.26783069122805925,0,73.22,HOLD,0.4818,-0.0364,Sideways,0.165,0.0,unavailable_no_point_in_time_source,False,5580.51,5575.521484375,2026-05-11,5589.49609375,0.2506,1,2026-05-13,5452.7412109375,-2.2021,0.0,2026-05-15,5476.19921875,-1.7814,0.0,2026-05-22,5394.8447265625,-3.2405,0.0,0,0,0,1,0,1,0.161,1,1.0,1.0,0.0,1.0,1.0,-2.2896,1.0,1.0,1.0,0.0,1.0,1.0,-1.8692,1.0,1.0,1.0,0.0,1.0,0.0,-3.327,0.0,65-70,70-75
AMBER.NS|2026-05-08|ensemble_lr0.20_rf0.30_xgb0.50,AMBER.NS,2026-05-08,ensemble_lr0.20_rf0.30_xgb0.50,2025-05-09,2026-05-08,2026-05-04,2025-06-05,2026-05-07,2026-05-08,227,2026-05-07,True,1,0.5797101449275363,0.15785098603474923,0.26,0.2434796392917633,0.2313100168528315,0,76.87,0.23110759359220262,0,76.89,BUY,0.5987,0.1974,High Volatility,0.835,0.0,unavailable_no_point_in_time_source,False,8842.5,8824.5,2026-05-11,8539.5,-3.2296,0,2026-05-13,8300.5,-5.938,0.0,2026-05-15,8476.5,-3.9436,0.0,2026-05-22,7359.0,-16.6072,0.0,0,1,1,0,1,0,-3.4266,0,1.0,1.0,0.0,1.0,0.0,-6.1295,0.0,1.0,1.0,0.0,1.0,0.0,-4.1391,0.0,1.0,1.0,0.0,1.0,0.0,-16.7769,0.0,75-80,75-80
ANGELONE.NS|2026-05-08|ensemble_lr0.20_rf0.30_xgb0.50,ANGELONE.NS,2026-05-08,ensemble_lr0.20_rf0.30_xgb0.50,2025-05-09,2026-05-08,2026-05-04,2025-06-05,2026-05-07,2026-05-08,227,2026-05-07,True,0,0.5434782608695653,0.4882978995787463,0.82,0.7629996538162231,0.7251594068238608,1,72.52,0.5934355942202675,1,59.34,BUY,0.7048,0.4095,High Volatility,0.665,0.0,unavailable_no_point_in_time_source,True,321.61,324.9949035644531,2026-05-11,316.2220458984375,-2.6994,0,2026-05-13,297.23077392578125,-8.5429,0.0,2026-05-15,305.9039611816406,-5.8742,0.0,2026-05-22,338.3037414550781,4.0951,1.0,1,0,0,1,0,0,-1.6753,0,0.0,0.0,1.0,0.0,0.0,-7.5804,0.0,0.0,0.0,1.0,0.0,0.0,-4.8836,0.0,1.0,1.0,0.0,1.0,1.0,5.1907,1.0,70-75,55-60
APARINDS.NS|2026-05-08|ensemble_lr0.20_rf0.30_xgb0.50,APARINDS.NS,2026-05-08,ensemble_lr0.20_rf0.30_xgb0.50,2025-05-09,2026-05-08,2026-05-04,2025-06-05,2026-05-07,2026-05-08,227,2026-05-07,True,1,0.5,0.2534350849768945,0.72,0.7354900240898132,0.6344320290402855,1,63.44,0.4300432774613979,0,57.0,STRONG BUY,0.7407,0.4814,High Volatility,1.0,0.0,unavailable_no_point_in_time_source,False,12756.71,12765.6796875,2026-05-11,12798.5654296875,0.2576,1,2026-05-13,12381.015625,-3.0133,0.0,2026-05-15,12606.2333984375,-1.249,0.0,2026-05-22,12737.7763671875,-0.2186,0.0,1,1,0,1,1,1,0.3281,1,0.0,1.0,0.0,0.0,0.0,-2.9451,0.0,0.0,1.0,0.0,0.0,0.0,-1.1796,0.0,0.0,1.0,0.0,0.0,0.0,-0.1484,0.0,60-65,55-60
APOLLOHOSP.NS|2026-05-08|ensemble_lr0.20_rf0.30_xgb0.50,APOLLOHOSP.NS,2026-05-08,ensemble_lr0.20_rf0.30_xgb0.50,2025-05-09,2026-05-08,2026-05-04,2025-06-05,2026-05-07,2026-05-08,227,2026-05-07,True,0,0.5507246376811593,0.33633112743329896,0.78,0.6534956097602844,0.628014030366802,1,62.8,0.5786068909308741,1,57.86,BUY,0.6684,0.3367,Sideways,0.835,0.0,unavailable_no_point_in_time_source,False,7827.89,8087.5849609375,2026-05-11,8072.6025390625,-0.1853,0,2026-05-13,7995.19287109375,-1.1424,0.0,2026-05-15,8073.10205078125,-0.1791,0.0,2026-05-22,8352.7763671875,3.279,1.0,1,0,0,1,0,0,3.1262,1,0.0,0.0,1.0,0.0,0.0,2.1373,1.0,0.0,0.0,1.0,0.0,0.0,3.1325,1.0,1.0,1.0,0.0,1.0,1.0,6.7053,1.0,60-65,55-60
APOLLOTYRE.NS|2026-05-08|ensemble_lr0.20_rf0.30_xgb0.50,APOLLOTYRE.NS,2026-05-08,ensemble_lr0.20_rf0.30_xgb0.50,2025-05-09,2026-05-08,2026-05-04,2025-06-05,2026-05-07,2026-05-08,227,2026-05-07,True,0,0.4275362318840579,0.46578266158084913,0.26,0.33482229709625244,0.33856768086429606,0,66.14,0.39662780811108583,0,60.34,SELL,0.3605,-0.279,Sideways,-0.835,0.0,unavailable_no_point_in_time_source,True,407.72,406.9228515625,2026-05-11,403.39306640625,-0.8674,0,2026-05-13,394.1956481933594,-3.1277,0.0,2026-05-15,392.2567443847656,-3.6041,0.0,2026-05-22,369.685791015625,-9.1509,0.0,0,1,1,1,1,1,-1.0613,1,1.0,1.0,1.0,1.0,1.0,-3.3171,1.0,1.0,1.0,1.0,1.0,1.0,-3.7926,1.0,1.0,1.0,1.0,1.0,1.0,-9.3285,1.0,65-70,60-65
ASHOKLEY.NS|2026-05-08|ensemble_lr0.20_rf0.30_xgb0.50,ASHOKLEY.NS,2026-05-08,ensemble_lr0.20_rf0.30_xgb0.50,2025-05-09,2026-05-08,2026-05-04,2025-06-05,2026-05-07,2026-05-08,227,2026-05-07,True,1,0.44202898550724634,0.384423633386745,0.22,0.293895959854126,0.289832706604412,0,71.02,0.49451794530558807,0,50.55,HOLD,0.4926,-0.0147,High Volatility,0.0,0.0,unavailable_no_point_in_time_source,True,167.92,165.7425994873047,2026-05-11,158.81085205078125,-4.1822,0,2026-05-13,150.64022827148438,-9.1119,0.0,2026-05-15,150.5615692138672,-9.1594,0.0,2026-05-22,155.55636596679688,-6.1458,0.0,0,1,1,0,1,0,-5.4247,0,1.0,1.0,0.0,1.0,0.0,-10.2905,0.0,1.0,1.0,0.0,1.0,0.0,-10.3373,0.0,1.0,1.0,0.0,1.0,0.0,-7.3628,0.0,70-75,50-55
ASIANPAINT.NS|2026-05-08|ensemble_lr0.20_rf0.30_xgb0.50,ASIANPAINT.NS,2026-05-08,ensemble_lr0.20_rf0.30_xgb0.50,2025-05-09,2026-05-08,2026-05-04,2025-06-05,2026-05-07,2026-05-08,227,2026-05-07,True,1,0.43478260869565216,0.6282177759382387,0.74,0.7837989330291748,0.7395430217022352,1,73.95,0.7829497057361534,1,78.29,STRONG BUY,0.7809,0.5618,Bullish,0.5,0.0,unavailable_no_point_in_time_source,False,2508.83,2577.537109375,2026-05-11,2544.028076171875,-1.3,0,2026-05-13,2595.085205078125,0.6808,1.0,2026-05-15,2583.1884765625,0.2193,1.0,2026-05-22,2617.09423828125,1.5347,1.0,1,0,0,0,0,0,1.403,1,1.0,1.0,1.0,1.0,1.0,3.4381,1.0,1.0,1.0,1.0,1.0,1.0,2.9639,1.0,1.0,1.0,1.0,1.0,1.0,4.3153,1.0,70-75,75-80
ASTRAL.NS|2026-05-08|ensemble_lr0.20_rf0.30_xgb0.50,ASTRAL.NS,2026-05-08,ensemble_lr0.20_rf0.30_xgb0.50,2025-05-09,2026-05-08,2026-05-04,2025-06-05,2026-05-07,2026-05-08,227,2026-05-07,True,0,0.47826086956521735,0.42312055985571967,0.7,0.740266740322113,0.6647574821322004,1,66.48,0.47457450793416067,0,52.54,BUY,0.5931,0.1863,High Volatility,0.165,0.0,unavailable_no_point_in_time_source,True,1566.64,1567.3349609375,2026-05-11,1569.6312255859375,0.1465,1,2026-05-13,1541.575439453125,-1.6435,0.0,2026-05-15,1548.36474609375,-1.2103,0.0,2026-05-22,1539.2789306640625,-1.79,0.0,1,1,0,0,1,1,0.1909,1,0.0,1.0,1.0,0.0,0.0,-1.5999,0.0,0.0,1.0,1.0,0.0,0.0,-1.1665,0.0,0.0,1.0,1.0,0.0,0.0,-1.7465,0.0,65-70,50-55
AUBANK.NS|2026-05-08|ensemble_lr0.20_rf0.30_xgb0.50,AUBANK.NS,2026-05-08,ensemble_lr0.20_rf0.30_xgb0.50,2025-05-09,2026-05-08,2026-05-04,2025-06-05,2026-05-07,2026-05-08,227,2026-05-07,True,1,0.4710144927536232,0.44312696561367826,0.7,0.689405083656311,0.6433279349508911,1,64.33,0.4294912115607648,0,57.05,BUY,0.6861,0.3723,Bullish,0.165,0.0,unavailable_no_point_in_time_source,True,1031.4,1049.3809814453125,2026-05-11,1020.4090576171875,-2.7609,0,2026-05-13,993.8348388671875,-5.2932,0.0,2026-05-15,989.5390014648438,-5.7026,0.0,2026-05-22,976.9512939453125,-6.9021,0.0,1,0,1,0,0,0,-1.0656,0,0.0,1.0,0.0,0.0,0.0,-3.6422,0.0,0.0,1.0,0.0,0.0,0.0,-4.0587,0.0,0.0,1.0,0.0,0.0,0.0,-5.2791,0.0,60-65,55-60
AXISBANK.NS|2026-05-08|ensemble_lr0.20_rf0.30_xgb0.50,AXISBANK.NS,2026-05-08,ensemble_lr0.20_rf0.30_xgb0.50,2025-05-09,2026-05-08,2026-05-04,2025-06-05,2026-05-07,2026-05-08,227,2026-05-07,True,0,0.4275362318840579,0.5278779821756248,0.12,0.16261884570121765,0.2228850192857338,0,77.71,0.5597015027350352,1,55.97,HOLD,0.4367,-0.1266,Sideways,-0.165,0.0,unavailable_no_point_in_time_source,True,1291.7,1267.3226318359375,2026-05-11,1271.319580078125,0.3154,1,2026-05-13,1254.7322998046875,-0.9935,0.0,2026-05-15,1243.8408203125,-1.8529,0.0,2026-05-22,1284.409423828125,1.3483,1.0,0,0,1,0,0,1,-1.5778,1,1.0,0.0,1.0,1.0,1.0,-2.8619,1.0,1.0,0.0,1.0,1.0,1.0,-3.7051,0.0,0.0,1.0,0.0,0.0,1.0,-0.5644,1.0,75-80,55-60
BAJAJ-AUTO.NS|2026-05-08|ensemble_lr0.20_rf0.30_xgb0.50,BAJAJ-AUTO.NS,2026-05-08,ensemble_lr0.20_rf0.30_xgb0.50,2025-05-09,2026-05-08,2026-05-04,2025-06-05,2026-05-07,2026-05-08,227,2026-05-07,True,1,0.5362318840579711,0.775904652903355,0.82,0.73524409532547,0.7688029782434059,1,76.88,0.604445440429447,1,60.44,STRONG BUY,0.7957,0.5913,Bullish,1.0,0.0,unavailable_no_point_in_time_source,False,10457.82,10562.845703125,2026-05-11,10448.4560546875,-1.0829,0,2026-05-13,10119.583984375,-4.1964,0.0,2026-05-15,10233.4814453125,-3.1181,0.0,2026-05-22,10403.09375,-1.5124,0.0,1,0,0,0,0,0,-0.0895,0,0.0,0.0,0.0,0.0,0.0,-3.2343,0.0,0.0,0.0,0.0,0.0,0.0,-2.1452,0.0,0.0,0.0,0.0,0.0,0.0,-0.5233,0.0,75-80,60-65
BAJAJFINSV.NS|2026-05-08|ensemble_lr0.20_rf0.30_xgb0.50,BAJAJFINSV.NS,2026-05-08,ensemble_lr0.20_rf0.30_xgb0.50,2025-05-09,2026-05-08,2026-05-04,2025-06-05,2026-05-07,2026-05-08,227,2026-05-07,True,0,0.47826086956521735,0.35635476560576806,0.12,0.3446255326271057,0.2795837194347065,0,72.04,0.4003906189273289,0,59.96,HOLD,0.436,-0.1279,Sideways,-0.5,0.0,unavailable_no_point_in_time_source,True,1822.94,1816.749755859375,2026-05-11,1792.6702880859375,-1.3254,0,2026-05-13,1727.426025390625,-4.9167,0.0,2026-05-15,1726.6265869140625,-4.9607,0.0,2026-05-22,1764.494384765625,-2.8763,0.0,0,1,1,1,1,1,-1.6605,1,1.0,1.0,1.0,1.0,0.0,-5.2396,0.0,1.0,1.0,1.0,1.0,0.0,-5.2834,0.0,1.0,1.0,1.0,1.0,1.0,-3.2061,0.0,70-75,55-60
BAJFINANCE.NS|2026-05-08|ensemble_lr0.20_rf0.30_xgb0.50,BAJFINANCE.NS,2026-05-08,ensemble_lr0.20_rf0.30_xgb0.50,2025-05-09,2026-05-08,2026-05-04,2025-06-05,2026-05-07,2026-05-08,227,2026-05-07,True,1,0.5434782608695653,0.5700768582942597,0.22,0.3012714385986328,0.33065109095816836,0,66.93,0.7046141902974083,1,70.46,BUY,0.5831,0.1661,Bullish,0.17,0.0,unavailable_no_point_in_time_source,True,966.81,949.5131225585938,2026-05-11,930.3310546875,-2.0202,0,2026-05-13,890.6748657226562,-6.1967,0.0,2026-05-15,904.887451171875,-4.6998,0.0,2026-05-22,910.9501953125,-4.0613,0.0,0,1,0,0,1,0,-3.7731,0,1.0,0.0,0.0,1.0,0.0,-7.8749,0.0,1.0,0.0,0.0,1.0,0.0,-6.4048,0.0,1.0,0.0,0.0,1.0,0.0,-5.7777,0.0,65-70,70-75
BEL.NS|2026-05-08|ensemble_lr0.20_rf0.30_xgb0.50,BEL.NS,2026-05-08,ensemble_lr0.20_rf0.30_xgb0.50,2025-05-09,2026-05-08,2026-05-04,2025-06-05,2026-05-07,2026-05-08,227,2026-05-07,True,0,0.5579710144927535,0.5525115072812232,0.78,0.7518307566642761,0.7204176797883827,1,72.04,0.6619886523900078,1,66.2,HOLD,0.5741,0.1482,Sideways,-0.165,0.0,unavailable_no_point_in_time_source,True,438.85,439.1039123535156,2026-05-11,431.3644104003906,-1.7626,0,2026-05-13,427.6694030761719,-2.6041,0.0,2026-05-15,423.0756530761719,-3.6502,0.0,2026-05-22,415.9852600097656,-5.265,0.0,1,0,0,1,0,1,-1.7057,1,0.0,0.0,1.0,0.0,1.0,-2.5477,1.0,0.0,0.0,1.0,0.0,0.0,-3.5945,0.0,0.0,0.0,1.0,0.0,0.0,-5.2101,0.0,70-75,65-70
BPCL.NS|2026-05-08|ensemble_lr0.20_rf0.30_xgb0.50,BPCL.NS,2026-05-08,ensemble_lr0.20_rf0.30_xgb0.50,2025-05-09,2026-05-08,2026-05-04,2025-06-05,2026-05-07,2026-05-08,227,2026-05-07,True,0,0.47826086956521735,0.21424651630135352,0.16,0.11648601293563843,0.14909230972808993,0,85.09,0.2636926237837598,0,73.63,HOLD,0.4641,-0.0718,High Volatility,-0.165,0.0,unavailable_no_point_in_time_source,True,307.6,302.75,2026-05-11,294.45001220703125,-2.7415,0,2026-05-13,297.1000061035156,-1.8662,0.0,2026-05-15,284.45001220703125,-6.0446,0.0,2026-05-22,295.6000061035156,-2.3617,0.0,0,1,1,1,1,1,-4.275,0,1.0,1.0,1.0,1.0,1.0,-3.4135,0.0,1.0,1.0,1.0,1.0,0.0,-7.526,0.0,1.0,1.0,1.0,1.0,1.0,-3.9012,0.0,85-90,70-75
AARTIIND.NS|2026-05-15|ensemble_lr0.20_rf0.30_xgb0.50,AARTIIND.NS,2026-05-15,ensemble_lr0.20_rf0.30_xgb0.50,2025-05-16,2026-05-15,2026-05-11,2025-06-12,2026-05-14,2026-05-15,227,2026-05-14,True,0,0.5072463768115942,0.36487185813368,0.14,0.13836568593978882,0.18415721459663043,0,81.58,0.357519848420906,0,64.25,HOLD,0.5102,0.0204,High Volatility,0.5,0.0,unavailable_no_point_in_time_source,True,467.07,465.3249816894531,2026-05-18,460.2850036621094,-1.0831,0,2026-05-20,462.4307556152344,-0.622,0.0,2026-05-22,475.2552490234375,2.134,1.0,2026-06-01,469.96575927734375,0.9973,1.0,0,1,1,1,1,1,-1.4527,1,1.0,1.0,1.0,1.0,1.0,-0.9933,1.0,0.0,0.0,0.0,0.0,1.0,1.7525,1.0,0.0,0.0,0.0,0.0,1.0,0.62,1.0,80-85,60-65
AAVAS.NS|2026-05-15|ensemble_lr0.20_rf0.30_xgb0.50,AAVAS.NS,2026-05-15,ensemble_lr0.20_rf0.30_xgb0.50,2025-05-16,2026-05-15,2026-05-11,2025-06-12,2026-05-14,2026-05-15,227,2026-05-14,True,0,0.4855072463768116,0.2266810827910649,0.2,0.1752064824104309,0.19293945776342844,0,80.71,0.25938824139069916,0,74.06,HOLD,0.4633,-0.0735,High Volatility,0.0,0.0,unavailable_no_point_in_time_source,False,1396.2,1384.699951171875,2026-05-18,1339.199951171875,-3.2859,0,2026-05-20,1358.199951171875,-1.9138,0.0,2026-05-22,1396.9000244140625,0.8811,1.0,2026-06-01,1324.4000244140625,-4.3547,0.0,0,1,1,1,1,0,-4.0825,0,1.0,1.0,1.0,1.0,1.0,-2.7217,1.0,0.0,0.0,0.0,0.0,1.0,0.0501,1.0,1.0,1.0,1.0,1.0,0.0,-5.1425,0.0,80-85,70-75
ABCAPITAL.NS|2026-05-15|ensemble_lr0.20_rf0.30_xgb0.50,ABCAPITAL.NS,2026-05-15,ensemble_lr0.20_rf0.30_xgb0.50,2025-05-16,2026-05-15,2026-05-11,2025-06-12,2026-05-14,2026-05-15,227,2026-05-14,True,1,0.5,0.6904006369246961,0.78,0.7637548446655273,0.7539575497177029,1,75.4,0.4217106770905429,0,57.83,BUY,0.6251,0.2503,High Volatility,0.5,0.0,unavailable_no_point_in_time_source,True,349.65,357.1499938964844,2026-05-18,350.1000061035156,-1.974,0,2026-05-20,353.1000061035156,-1.134,0.0,2026-05-22,357.29998779296875,0.042,1.0,2026-06-01,350.54998779296875,-1.848,0.0,1,0,1,0,0,0,0.1287,1,0.0,1.0,0.0,0.0,0.0,0.9867,1.0,1.0,0.0,1.0,1.0,1.0,2.1879,1.0,0.0,1.0,0.0,0.0,0.0,0.2574,1.0,75-80,55-60
ABFRL.NS|2026-05-15|ensemble_lr0.20_rf0.30_xgb0.50,ABFRL.NS,2026-05-15,ensemble_lr0.20_rf0.30_xgb0.50,2025-05-16,2026-05-15,2026-05-11,2025-06-12,2026-05-14,2026-05-15,227,2026-05-14,True,0,0.6014492753623188,0.49167350415044925,0.14,0.1558002531528473,0.2182348274065135,0,78.18,0.2422230691458241,0,75.78,SELL,0.3865,-0.227,High Volatility,-0.165,0.0,unavailable_no_point_in_time_source,True,63.48,62.65999984741211,2026-05-18,61.959999084472656,-1.1171,0,2026-05-20,62.529998779296875,-0.2075,0.0,2026-05-22,67.3499984741211,7.4848,1.0,2026-06-01,62.7599983215332,0.1596,1.0,0,1,1,1,1,1,-2.3945,1,1.0,1.0,1.0,1.0,1.0,-1.4965,1.0,0.0,0.0,0.0,0.0,0.0,6.0964,0.0,0.0,0.0,0.0,0.0,0.0,-1.1342,1.0,75-80,75-80
ACC.NS|2026-05-15|ensemble_lr0.20_rf0.30_xgb0.50,ACC.NS,2026-05-15,ensemble_lr0.20_rf0.30_xgb0.50,2025-05-16,2026-05-15,2026-05-11,2025-06-12,2026-05-14,2026-05-15,227,2026-05-14,True,0,0.5362318840579711,0.35769270200986186,0.26,0.1968247890472412,0.24795093492559298,0,75.2,0.31368181752179325,0,68.63,SELL,0.3261,-0.3479,Sideways,-0.835,0.0,unavailable_no_point_in_time_source,False,1370.27,1354.9600830078125,2026-05-18,1351.7784423828125,-0.2348,0,2026-05-20,1343.824462890625,-0.8218,0.0,2026-05-22,1352.1761474609375,-0.2055,0.0,2026-06-01,1352.1761474609375,-0.2055,0.0,0,1,1,1,1,1,-1.3495,1,1.0,1.0,1.0,1.0,1.0,-1.93,1.0,1.0,1.0,1.0,1.0,1.0,-1.3205,1.0,1.0,1.0,1.0,1.0,1.0,-1.3205,1.0,75-80,65-70
ADANIENT.NS|2026-05-15|ensemble_lr0.20_rf0.30_xgb0.50,ADANIENT.NS,2026-05-15,ensemble_lr0.20_rf0.30_xgb0.50,2025-05-16,2026-05-15,2026-05-11,2025-06-12,2026-05-14,2026-05-15,227,2026-05-14,True,0,0.4710144927536232,0.8715061377597719,0.76,0.7885185480117798,0.7965605015578443,1,79.66,0.5132729183435162,1,51.33,STRONG BUY,0.7508,0.5015,High Volatility,0.665,0.0,unavailable_no_point_in_time_source,False,2711.69,2714.7861328125,2026-05-18,2688.597900390625,-0.9647,0,2026-05-20,2703.59130859375,-0.4124,0.0,2026-05-22,2716.085693359375,0.0479,1.0,2026-06-01,2908.099609375,7.1208,1.0,1,0,0,1,0,0,-0.8516,0,0.0,0.0,1.0,0.0,0.0,-0.2987,0.0,1.0,1.0,0.0,1.0,1.0,0.1621,1.0,1.0,1.0,0.0,1.0,1.0,7.2431,1.0,75-80,50-55
ADANIPORTS.NS|2026-05-15|ensemble_lr0.20_rf0.30_xgb0.50,ADANIPORTS.NS,2026-05-15,ensemble_lr0.20_rf0.30_xgb0.50,2025-05-16,2026-05-15,2026-05-11,2025-06-12,2026-05-14,2026-05-15,227,2026-05-14,True,0,0.3913043478260869,0.5058086542309148,0.9,0.8482860922813416,0.7953047769868538,1,79.53,0.6143429823196328,1,61.43,STRONG BUY,0.7666,0.5332,Bullish,1.0,0.0,unavailable_no_point_in_time_source,False,1765.96,1787.56640625,2026-05-18,1780.1973876953125,-0.4122,0,2026-05-20,1765.1607666015625,-1.2534,0.0,2026-05-22,1779.40087890625,-0.4568,0.0,2026-06-01,1776.0150146484375,-0.6462,0.0,1,0,0,1,0,0,0.8062,1,0.0,0.0,1.0,0.0,0.0,-0.0453,0.0,0.0,0.0,1.0,0.0,0.0,0.7611,1.0,0.0,0.0,1.0,0.0,0.0,0.5694,1.0,75-80,60-65
AETHER.NS|2026-05-15|ensemble_lr0.20_rf0.30_xgb0.50,AETHER.NS,2026-05-15,ensemble_lr0.20_rf0.30_xgb0.50,2025-05-16,2026-05-15,2026-05-11,2025-06-12,2026-05-14,2026-05-15,227,2026-05-14,True,0,0.5072463768115942,0.8693376253820037,0.86,0.7830744385719299,0.8234047443623658,1,82.34,0.5450203375691636,1,54.5,BUY,0.6276,0.2551,High Volatility,0.5,0.0,unavailable_no_point_in_time_source,False,1106.3,1111.5,2026-05-18,1114.9000244140625,0.3059,1,2026-05-20,1085.5,-2.3392,0.0,2026-05-22,1051.300048828125,-5.4161,0.0,2026-06-01,1115.699951171875,0.3779,1.0,1,1,1,0,1,1,0.7774,1,0.0,0.0,1.0,0.0,0.0,-1.8801,0.0,0.0,0.0,1.0,0.0,0.0,-4.9715,0.0,1.0,1.0,0.0,1.0,1.0,0.8497,1.0,80-85,50-55
AIAENG.NS|2026-05-15|ensemble_lr0.20_rf0.30_xgb0.50,AIAENG.NS,2026-05-15,ensemble_lr0.20_rf0.30_xgb0.50,2025-05-16,2026-05-15,2026-05-11,2025-06-12,2026-05-14,2026-05-15,227,2026-05-14,True,1,0.43478260869565216,0.6125910807960188,0.92,0.8256040215492249,0.8113202269338162,1,81.13,0.675828326068304,1,67.58,BUY,0.5998,0.1995,High Volatility,0.335,0.0,unavailable_no_point_in_time_source,False,3840.36,3841.8583984375,2026-05-18,3868.75732421875,0.7002,1,2026-05-20,3947.361572265625,2.7461,1.0,2026-05-22,3979.042724609375,3.5708,1.0,2026-06-01,4505.7626953125,17.2808,1.0,1,1,1,1,1,1,0.7394,1,1.0,1.0,1.0,1.0,1.0,2.7862,1.0,1.0,1.0,1.0,1.0,1.0,3.6112,1.0,1.0,1.0,1.0,1.0,1.0,17.3266,1.0,80-85,65-70
AJANTPHARM.NS|2026-05-15|ensemble_lr0.20_rf0.30_xgb0.50,AJANTPHARM.NS,2026-05-15,ensemble_lr0.20_rf0.30_xgb0.50,2025-05-16,2026-05-15,2026-05-11,2025-06-12,2026-05-14,2026-05-15,227,2026-05-14,True,0,0.49275362318840576,0.2710689297423686,0.16,0.26501354575157166,0.23472055882425957,0,76.53,0.2647454285719645,0,73.53,BUY,0.6268,0.2537,Bullish,0.665,0.0,unavailable_no_point_in_time_source,False,3229.61,3148.358154296875,2026-05-18,3184.92333984375,1.1614,1,2026-05-20,3159.85302734375,0.3651,1.0,2026-05-22,3079.291015625,-2.1938,0.0,2026-06-01,2904.39306640625,-7.749,0.0,0,0,0,0,0,1,-1.3837,0,0.0,0.0,0.0,0.0,1.0,-2.1599,0.0,1.0,1.0,1.0,1.0,0.0,-4.6544,0.0,1.0,1.0,1.0,1.0,0.0,-10.0699,0.0,75-80,70-75
ALEMBICLTD.NS|2026-05-15|ensemble_lr0.20_rf0.30_xgb0.50,ALEMBICLTD.NS,2026-05-15,ensemble_lr0.20_rf0.30_xgb0.50,2025-05-16,2026-05-15,2026-05-11,2025-06-12,2026-05-14,2026-05-15,227,2026-05-14,True,0,0.45652173913043476,0.4111158507071788,0.2,0.2885212302207947,0.2864837852518331,0,71.35,0.35217632540353916,0,64.78,HOLD,0.4663,-0.0674,Sideways,0.0,0.0,unavailable_no_point_in_time_source,False,88.95,87.59503173828125,2026-05-18,86.04666137695312,-1.7676,0,2026-05-20,84.98519134521484,-2.9794,0.0,2026-05-22,85.05335998535156,-2.9016,0.0,2026-06-01,84.38143157958984,-3.6687,0.0,0,1,1,1,1,1,-3.264,0,1.0,1.0,1.0,1.0,1.0,-4.4573,0.0,1.0,1.0,1.0,1.0,1.0,-4.3807,0.0,1.0,1.0,1.0,1.0,0.0,-5.1361,0.0,70-75,60-65
ALKEM.NS|2026-05-15|ensemble_lr0.20_rf0.30_xgb0.50,ALKEM.NS,2026-05-15,ensemble_lr0.20_rf0.30_xgb0.50,2025-05-16,2026-05-15,2026-05-11,2025-06-12,2026-05-14,2026-05-15,227,2026-05-14,True,1,0.5434782608695652,0.2646708968825912,0.16,0.1284387707710266,0.16515356476203155,0,83.48,0.29247448777471086,0,70.75,HOLD,0.4919,-0.0162,Sideways,0.165,0.0,unavailable_no_point_in_time_source,False,5566.54,5476.19921875,2026-05-18,5458.2314453125,-0.3281,0,2026-05-20,5426.78759765625,-0.9023,0.0,2026-05-22,5394.8447265625,-1.4856,0.0,2026-06-01,5305.00537109375,-3.1261,0.0,0,1,1,0,1,1,-1.9457,1,1.0,1.0,0.0,1.0,1.0,-2.5106,1.0,1.0,1.0,0.0,1.0,1.0,-3.0844,0.0,1.0,1.0,0.0,1.0,0.0,-4.6983,0.0,80-85,70-75
AMBER.NS|2026-05-15|ensemble_lr0.20_rf0.30_xgb0.50,AMBER.NS,2026-05-15,ensemble_lr0.20_rf0.30_xgb0.50,2025-05-16,2026-05-15,2026-05-11,2025-06-12,2026-05-14,2026-05-15,227,2026-05-14,True,1,0.536231884057971,0.4494015254337205,0.72,0.7173590064048767,0.6645598082891825,1,66.46,0.36642155549289945,0,63.36,BUY,0.652,0.304,High Volatility,0.5,0.0,unavailable_no_point_in_time_source,False,8288.5,8476.5,2026-05-18,7153.5,-15.6079,0,2026-05-20,7049.5,-16.8348,0.0,2026-05-22,7359.0,-13.1835,0.0,2026-06-01,7623.5,-10.0631,0.0,1,0,1,0,0,0,-13.6937,0,0.0,1.0,0.0,0.0,0.0,-14.9484,0.0,0.0,1.0,0.0,0.0,0.0,-11.2143,0.0,0.0,1.0,0.0,0.0,0.0,-8.0232,0.0,65-70,60-65
ANGELONE.NS|2026-05-15|ensemble_lr0.20_rf0.30_xgb0.50,ANGELONE.NS,2026-05-15,ensemble_lr0.20_rf0.30_xgb0.50,2025-05-16,2026-05-15,2026-05-11,2025-06-12,2026-05-14,2026-05-15,227,2026-05-14,True,1,0.5,0.4102379111169831,0.82,0.7903178334236145,0.7232064989352038,1,72.32,0.40922243648526413,0,59.08,BUY,0.6228,0.2456,High Volatility,0.5,0.0,unavailable_no_point_in_time_source,True,302.76,305.9039611816406,2026-05-18,303.0129089355469,-0.9451,0,2026-05-20,323.99798583984375,5.9149,1.0,2026-05-22,338.3037414550781,10.5915,1.0,2026-06-01,334.5653076171875,9.3694,1.0,1,0,1,0,0,0,0.0835,1,1.0,0.0,1.0,1.0,1.0,7.0148,1.0,1.0,0.0,1.0,1.0,1.0,11.7399,1.0,1.0,0.0,1.0,1.0,1.0,10.5051,1.0,70-75,55-60
APARINDS.NS|2026-05-15|ensemble_lr0.20_rf0.30_xgb0.50,APARINDS.NS,2026-05-15,ensemble_lr0.20_rf0.30_xgb0.50,2025-05-16,2026-05-15,2026-05-11,2025-06-12,2026-05-14,2026-05-15,227,2026-05-14,True,1,0.5,0.30611123665613865,0.22,0.28685957193374634,0.2706520332981009,0,72.93,0.44693204843266465,0,55.31,HOLD,0.5638,0.1277,High Volatility,0.665,0.0,unavailable_no_point_in_time_source,False,12690.94,12606.2333984375,2026-05-18,12111.94921875,-3.921,0,2026-05-20,12632.1435546875,0.2055,1.0,2026-05-22,12737.7763671875,1.0435,1.0,2026-06-01,12756.7109375,1.1937,1.0,0,1,1,0,1,0,-4.5622,0,0.0,0.0,1.0,0.0,1.0,-0.4633,1.0,0.0,0.0,1.0,0.0,1.0,0.3691,1.0,0.0,0.0,1.0,0.0,1.0,0.5183,1.0,70-75,55-60
APOLLOHOSP.NS|2026-05-15|ensemble_lr0.20_rf0.30_xgb0.50,APOLLOHOSP.NS,2026-05-15,ensemble_lr0.20_rf0.30_xgb0.50,2025-05-16,2026-05-15,2026-05-11,2025-06-12,2026-05-14,2026-05-15,227,2026-05-14,True,0,0.5434782608695651,0.20395620933010947,0.14,0.06398135423660278,0.1147819189843233,0,88.52,0.32287560916039804,0,67.71,BUY,0.6078,0.2155,Bullish,1.0,0.0,unavailable_no_point_in_time_source,False,8109.56,8073.10205078125,2026-05-18,8011.173828125,-0.7671,0,2026-05-20,8069.1064453125,-0.0495,0.0,2026-05-22,8352.7763671875,3.4643,1.0,2026-06-01,8099.07177734375,0.3217,1.0,0,1,1,1,1,0,-1.2132,0,1.0,1.0,1.0,1.0,0.0,-0.4988,0.0,0.0,0.0,0.0,0.0,1.0,2.9991,1.0,0.0,0.0,0.0,0.0,1.0,-0.1293,0.0,85-90,65-70
APOLLOTYRE.NS|2026-05-15|ensemble_lr0.20_rf0.30_xgb0.50,APOLLOTYRE.NS,2026-05-15,ensemble_lr0.20_rf0.30_xgb0.50,2025-05-16,2026-05-15,2026-05-11,2025-06-12,2026-05-14,2026-05-15,227,2026-05-14,True,0,0.45652173913043476,0.4486608024257869,0.02,0.1287553608417511,0.16010984090603292,0,83.99,0.18195686498508123,0,81.8,SELL,0.3406,-0.3188,Sideways,-1.0,0.0,unavailable_no_point_in_time_source,True,399.52,392.2567443847656,2026-05-18,373.0167541503906,-4.9049,0,2026-05-20,373.76251220703125,-4.7148,0.0,2026-05-22,369.685791015625,-5.7541,0.0,2026-06-01,383.1090393066406,-2.3321,0.0,0,1,1,1,1,1,-6.6338,1,1.0,1.0,1.0,1.0,1.0,-6.4471,1.0,1.0,1.0,1.0,1.0,1.0,-7.4675,1.0,1.0,1.0,1.0,1.0,1.0,-4.1077,1.0,80-85,80-85
ASHOKLEY.NS|2026-05-15|ensemble_lr0.20_rf0.30_xgb0.50,ASHOKLEY.NS,2026-05-15,ensemble_lr0.20_rf0.30_xgb0.50,2025-05-16,2026-05-15,2026-05-11,2025-06-12,2026-05-14,2026-05-15,227,2026-05-14,True,1,0.41304347826086957,0.1655456352256525,0.14,0.15807901322841644,0.15414863365933873,0,84.59,0.5848659788553927,1,58.49,SELL,0.3666,-0.2667,High Volatility,-0.5,0.0,unavailable_no_point_in_time_source,True,151.75,150.5615692138672,2026-05-18,148.60494995117188,-1.2995,0,2026-05-20,151.0335235595703,0.3135,1.0,2026-05-22,155.55636596679688,3.3174,1.0,2026-06-01,147.26776123046875,-2.1877,0.0,0,1,0,0,1,1,-2.0725,1,0.0,1.0,1.0,0.0,0.0,-0.4721,1.0,0.0,1.0,1.0,0.0,0.0,2.5083,0.0,1.0,0.0,0.0,1.0,1.0,-2.9537,1.0,80-85,55-60
ASIANPAINT.NS|2026-05-15|ensemble_lr0.20_rf0.30_xgb0.50,ASIANPAINT.NS,2026-05-15,ensemble_lr0.20_rf0.30_xgb0.50,2025-05-16,2026-05-15,2026-05-11,2025-06-12,2026-05-14,2026-05-15,227,2026-05-14,True,1,0.5,0.5891118723453351,0.18,0.171539306640625,0.2575920277893795,0,74.24,0.3756950580244633,0,62.43,BUY,0.6053,0.2105,Bullish,0.5,0.0,unavailable_no_point_in_time_source,True,2599.65,2583.1884765625,2026-05-18,2591.51611328125,0.3224,1,2026-05-20,2576.24853515625,-0.2687,0.0,2026-05-22,2617.09423828125,1.3126,1.0,2026-06-01,2609.757568359375,1.0285,1.0,0,0,0,1,0,1,-0.3129,0,1.0,1.0,0.0,1.0,0.0,-0.9002,0.0,0.0,0.0,1.0,0.0,1.0,0.671,1.0,0.0,0.0,1.0,0.0,1.0,0.3888,1.0,70-75,60-65
ASTRAL.NS|2026-05-15|ensemble_lr0.20_rf0.30_xgb0.50,ASTRAL.NS,2026-05-15,ensemble_lr0.20_rf0.30_xgb0.50,2025-05-16,2026-05-15,2026-05-11,2025-06-12,2026-05-14,2026-05-15,227,2026-05-14,True,0,0.5362318840579711,0.45647447331911034,0.18,0.1906655728816986,0.24062768110467136,0,75.94,0.41879990240036624,0,58.12,HOLD,0.4345,-0.1309,High Volatility,0.165,0.0,unavailable_no_point_in_time_source,True,1558.85,1548.36474609375,2026-05-18,1543.272705078125,-0.3289,0,2026-05-20,1441.432861328125,-6.9061,0.0,2026-05-22,1539.2789306640625,-0.5868,0.0,2026-06-01,1530.6925048828125,-1.1413,0.0,0,1,1,1,1,1,-0.9993,1,1.0,1.0,1.0,1.0,0.0,-7.5323,0.0,1.0,1.0,1.0,1.0,1.0,-1.2555,1.0,1.0,1.0,1.0,1.0,1.0,-1.8063,1.0,75-80,55-60
AUBANK.NS|2026-05-15|ensemble_lr0.20_rf0.30_xgb0.50,AUBANK.NS,2026-05-15,ensemble_lr0.20_rf0.30_xgb0.50,2025-05-16,2026-05-15,2026-05-11,2025-06-12,2026-05-14,2026-05-15,227,2026-05-14,True,0,0.5144927536231884,0.38678694566547184,0.18,0.1463373303413391,0.20452605430376392,0,79.55,0.44061610926233646,0,55.94,HOLD,0.4809,-0.0382,Sideways,0.5,0.0,unavailable_no_point_in_time_source,True,1003.73,989.5390014648438,2026-05-18,978.0501708984375,-1.161,0,2026-05-20,973.0550537109375,-1.6658,0.0,2026-05-22,976.9512939453125,-1.2721,0.0,2026-06-01,968.2097778320312,-2.1555,0.0,0,1,1,1,1,1,-2.5584,1,1.0,1.0,1.0,1.0,1.0,-3.0561,0.0,1.0,1.0,1.0,1.0,1.0,-2.6679,1.0,1.0,1.0,1.0,1.0,1.0,-3.5388,0.0,75-80,55-60
AXISBANK.NS|2026-05-15|ensemble_lr0.20_rf0.30_xgb0.50,AXISBANK.NS,2026-05-15,ensemble_lr0.20_rf0.30_xgb0.50,2025-05-16,2026-05-15,2026-05-11,2025-06-12,2026-05-14,2026-05-15,227,2026-05-14,True,0,0.5289855072463768,0.267218705768851,0.12,0.08078077435493469,0.12983412833123753,0,87.02,0.48644342933671636,0,51.36,SELL,0.3772,-0.2457,Sideways,-0.165,0.0,unavailable_no_point_in_time_source,True,1253.63,1243.8408203125,2026-05-18,1236.946044921875,-0.5543,0,2026-05-20,1248.8369140625,0.4017,1.0,2026-05-22,1284.409423828125,3.2616,1.0,2026-06-01,1274.916748046875,2.4984,1.0,0,1,1,1,1,1,-1.3309,1,0.0,0.0,0.0,0.0,0.0,-0.3823,1.0,0.0,0.0,0.0,0.0,0.0,2.4552,0.0,0.0,0.0,0.0,0.0,0.0,1.698,0.0,85-90,50-55
BAJAJ-AUTO.NS|2026-05-15|ensemble_lr0.20_rf0.30_xgb0.50,BAJAJ-AUTO.NS,2026-05-15,ensemble_lr0.20_rf0.30_xgb0.50,2025-05-16,2026-05-15,2026-05-11,2025-06-12,2026-05-14,2026-05-15,227,2026-05-14,True,1,0.572463768115942,0.20454661582457662,0.16,0.15537677705287933,0.166597711691355,0,83.34,0.48303376143437704,0,51.7,BUY,0.6246,0.2492,Bullish,1.0,0.0,unavailable_no_point_in_time_source,False,10305.96,10233.4814453125,2026-05-18,10056.9658203125,-1.7249,0,2026-05-20,10317.3017578125,0.8191,1.0,2026-05-22,10403.09375,1.6574,1.0,2026-06-01,10376.0,1.3927,1.0,0,1,1,0,1,0,-2.416,0,0.0,0.0,1.0,0.0,1.0,0.1101,1.0,0.0,0.0,1.0,0.0,1.0,0.9425,1.0,0.0,0.0,1.0,0.0,1.0,0.6796,1.0,80-85,50-55
BAJAJFINSV.NS|2026-05-15|ensemble_lr0.20_rf0.30_xgb0.50,BAJAJFINSV.NS,2026-05-15,ensemble_lr0.20_rf0.30_xgb0.50,2025-05-16,2026-05-15,2026-05-11,2025-06-12,2026-05-14,2026-05-15,227,2026-05-14,True,0,0.4202898550724638,0.5684618325112637,0.22,0.2669496536254883,0.3131671933149969,0,68.68,0.3567826896332693,0,64.32,SELL,0.3895,-0.2211,Sideways,-0.67,0.0,unavailable_no_point_in_time_source,True,1738.72,1726.6265869140625,2026-05-18,1751.6053466796875,1.4467,1,2026-05-20,1770.4892578125,2.5404,1.0,2026-05-22,1764.494384765625,2.1932,1.0,2026-06-01,1757.400390625,1.7823,1.0,0,0,0,0,0,0,0.7411,0,0.0,0.0,0.0,0.0,0.0,1.8272,0.0,0.0,0.0,0.0,0.0,0.0,1.4824,0.0,0.0,0.0,0.0,0.0,0.0,1.0744,0.0,65-70,60-65
BAJFINANCE.NS|2026-05-15|ensemble_lr0.20_rf0.30_xgb0.50,BAJFINANCE.NS,2026-05-15,ensemble_lr0.20_rf0.30_xgb0.50,2025-05-16,2026-05-15,2026-05-11,2025-06-12,2026-05-14,2026-05-15,227,2026-05-14,True,1,0.5507246376811595,0.5010962745875757,0.2,0.14484857022762299,0.23264354003132665,0,76.74,0.358776081662244,0,64.12,HOLD,0.4494,-0.1012,Sideways,0.0,0.0,unavailable_no_point_in_time_source,True,906.58,904.887451171875,2026-05-18,915.4723510742188,1.1697,1,2026-05-20,917.4601440429688,1.3894,1.0,2026-05-22,910.9501953125,0.67,1.0,2026-06-01,883.6182250976562,-2.3505,0.0,0,0,0,1,0,1,0.9809,1,0.0,0.0,1.0,0.0,1.0,1.2001,1.0,0.0,0.0,1.0,0.0,1.0,0.4821,1.0,1.0,1.0,0.0,1.0,1.0,-2.5328,1.0,75-80,60-65
BEL.NS|2026-05-15|ensemble_lr0.20_rf0.30_xgb0.50,BEL.NS,2026-05-15,ensemble_lr0.20_rf0.30_xgb0.50,2025-05-16,2026-05-15,2026-05-11,2025-06-12,2026-05-14,2026-05-15,227,2026-05-14,True,0,0.4855072463768116,0.6250329913576089,0.28,0.34191229939460754,0.37996274796882556,0,62.0,0.39720062902081044,0,60.28,SELL,0.3972,-0.2056,Sideways,-0.165,0.0,unavailable_no_point_in_time_source,True,428.27,423.0756530761719,2026-05-18,426.02166748046875,0.6963,1,2026-05-20,412.73968505859375,-2.4431,0.0,2026-05-22,415.9852600097656,-1.6759,0.0,2026-06-01,406.6479797363281,-3.8829,0.0,0,0,0,0,0,0,-0.525,1,1.0,1.0,1.0,1.0,1.0,-3.6263,1.0,1.0,1.0,1.0,1.0,1.0,-2.8685,1.0,1.0,1.0,1.0,1.0,1.0,-5.0487,1.0,60-65,60-65
BPCL.NS|2026-05-15|ensemble_lr0.20_rf0.30_xgb0.50,BPCL.NS,2026-05-15,ensemble_lr0.20_rf0.30_xgb0.50,2025-05-16,2026-05-15,2026-05-11,2025-06-12,2026-05-14,2026-05-15,227,2026-05-14,True,0,0.38405797101449274,0.22064171980447816,0.18,0.2084975689649582,0.20237712844337474,0,79.76,0.5454126345989861,1,54.54,SELL,0.3733,-0.2533,High Volatility,-0.5,0.0,unavailable_no_point_in_time_source,True,295.0,284.45001220703125,2026-05-18,280.79998779296875,-1.2832,0,2026-05-20,293.75,3.2695,1.0,2026-05-22,295.6000061035156,3.9198,1.0,2026-06-01,296.8500061035156,4.3593,1.0,0,1,0,1,1,1,-4.8136,1,0.0,1.0,0.0,0.0,0.0,-0.4237,1.0,0.0,1.0,0.0,0.0,0.0,0.2034,0.0,0.0,1.0,0.0,0.0,0.0,0.6271,0.0,75-80,50-55
AARTIIND.NS|2026-05-22|ensemble_lr0.20_rf0.30_xgb0.50,AARTIIND.NS,2026-05-22,ensemble_lr0.20_rf0.30_xgb0.50,2025-05-23,2026-05-22,2026-05-18,2025-06-19,2026-05-21,2026-05-22,227,2026-05-21,True,0,0.5,0.17542315185557664,0.16,0.12009663879871368,0.14313294977047217,0,85.69,0.30951871172695256,0,69.05,HOLD,0.4864,-0.0272,High Volatility,0.335,0.0,unavailable_no_point_in_time_source,True,481.79,475.2552490234375,2026-05-25,481.6425476074219,1.344,1,2026-05-27,499.75653076171875,5.1554,1.0,2026-06-01,469.96575927734375,-1.113,0.0,2026-06-08,431.69183349609375,-9.1663,0.0,0,0,0,0,0,1,-0.0306,1,0.0,0.0,0.0,0.0,0.0,3.7291,0.0,1.0,1.0,1.0,1.0,1.0,-2.4542,1.0,1.0,1.0,1.0,1.0,0.0,-10.3983,0.0,85-90,65-70
AAVAS.NS|2026-05-22|ensemble_lr0.20_rf0.30_xgb0.50,AAVAS.NS,2026-05-22,ensemble_lr0.20_rf0.30_xgb0.50,2025-05-23,2026-05-22,2026-05-18,2025-06-19,2026-05-21,2026-05-22,227,2026-05-21,True,0,0.4492753623188406,0.4692946448944068,0.84,0.7489743232727051,0.7203460906152339,1,72.03,0.5397465478294395,1,53.97,BUY,0.5867,0.1734,High Volatility,0.0,0.0,unavailable_no_point_in_time_source,False,1374.8,1396.9000244140625,2026-05-25,1375.0,-1.5678,0,2026-05-27,1369.0,-1.9973,0.0,2026-06-01,1324.4000244140625,-5.1901,0.0,2026-06-08,1259.300048828125,-9.8504,0.0,1,0,0,1,0,0,0.0145,1,0.0,0.0,1.0,0.0,0.0,-0.4219,0.0,0.0,0.0,1.0,0.0,0.0,-3.666,0.0,0.0,0.0,1.0,0.0,0.0,-8.4012,0.0,70-75,50-55
ABCAPITAL.NS|2026-05-22|ensemble_lr0.20_rf0.30_xgb0.50,ABCAPITAL.NS,2026-05-22,ensemble_lr0.20_rf0.30_xgb0.50,2025-05-23,2026-05-22,2026-05-18,2025-06-19,2026-05-21,2026-05-22,227,2026-05-21,True,1,0.5434782608695653,0.595509581265936,0.92,0.8341743350028992,0.8121890837546368,1,81.22,0.3477123066040862,0,65.23,BUY,0.6272,0.2544,High Volatility,0.5,0.0,unavailable_no_point_in_time_source,True,349.4,357.29998779296875,2026-05-25,363.6499938964844,1.7772,1,2026-05-27,364.8999938964844,2.1271,1.0,2026-06-01,350.54998779296875,-1.8892,0.0,2026-06-08,344.0,-3.7224,0.0,1,1,0,1,1,1,4.0784,1,1.0,0.0,1.0,1.0,1.0,4.4362,1.0,0.0,1.0,0.0,0.0,0.0,0.3291,1.0,0.0,1.0,0.0,0.0,0.0,-1.5455,0.0,80-85,65-70
ABFRL.NS|2026-05-22|ensemble_lr0.20_rf0.30_xgb0.50,ABFRL.NS,2026-05-22,ensemble_lr0.20_rf0.30_xgb0.50,2025-05-23,2026-05-22,2026-05-18,2025-06-19,2026-05-21,2026-05-22,227,2026-05-21,True,0,0.463768115942029,0.36585983152528795,0.74,0.6306835412979126,0.6105137369540139,1,61.05,0.38934705622143995,0,61.07,HOLD,0.5229,0.0457,High Volatility,-0.33,0.0,unavailable_no_point_in_time_source,True,66.76,67.3499984741211,2026-05-25,67.36000061035156,0.0149,1,2026-05-27,64.05999755859375,-4.8849,0.0,2026-06-01,62.7599983215332,-6.8151,0.0,2026-06-08,59.290000915527344,-11.9673,0.0,1,1,0,0,1,1,0.8987,1,0.0,1.0,1.0,0.0,0.0,-4.0443,0.0,0.0,1.0,1.0,0.0,0.0,-5.9916,0.0,0.0,1.0,1.0,0.0,0.0,-11.1893,0.0,60-65,60-65
ACC.NS|2026-05-22|ensemble_lr0.20_rf0.30_xgb0.50,ACC.NS,2026-05-22,ensemble_lr0.20_rf0.30_xgb0.50,2025-05-23,2026-05-22,2026-05-18,2025-06-19,2026-05-21,2026-05-22,227,2026-05-21,True,0,0.5797101449275363,0.24748492098311117,0.06,0.04639968276023865,0.09069682557674157,0,90.93,0.12205278567336696,0,87.79,SELL,0.3205,-0.3589,Sideways,-0.835,0.0,unavailable_no_point_in_time_source,False,1352.97,1352.1761474609375,2026-05-25,1374.347900390625,1.6397,1,2026-05-27,1418.3929443359375,4.8971,1.0,2026-06-01,1352.1761474609375,0.0,0.0,2026-06-08,1312.10791015625,-2.9632,0.0,0,0,0,0,0,0,1.5801,0,0.0,0.0,0.0,0.0,0.0,4.8355,0.0,1.0,1.0,1.0,1.0,0.0,-0.0587,1.0,1.0,1.0,1.0,1.0,1.0,-3.0202,1.0,90-95,85-90
ADANIENT.NS|2026-05-22|ensemble_lr0.20_rf0.30_xgb0.50,ADANIENT.NS,2026-05-22,ensemble_lr0.20_rf0.30_xgb0.50,2025-05-23,2026-05-22,2026-05-18,2025-06-19,2026-05-21,2026-05-22,227,2026-05-21,True,0,0.49275362318840576,0.5207519251521601,0.72,0.6464123129844666,0.6433565415226653,1,64.34,0.33904648833461026,0,66.1,BUY,0.6729,0.3458,High Volatility,0.665,0.0,unavailable_no_point_in_time_source,False,2696.39,2716.085693359375,2026-05-25,2848.42626953125,4.8725,1,2026-05-27,2971.771484375,9.4138,1.0,2026-06-01,2908.099609375,7.0695,1.0,2026-06-08,2968.672607421875,9.2997,1.0,1,1,0,0,1,1,5.6385,1,1.0,0.0,0.0,1.0,1.0,10.213,1.0,1.0,0.0,0.0,1.0,1.0,7.8516,1.0,1.0,0.0,0.0,1.0,1.0,10.098,1.0,60-65,65-70
ADANIPORTS.NS|2026-05-22|ensemble_lr0.20_rf0.30_xgb0.50,ADANIPORTS.NS,2026-05-22,ensemble_lr0.20_rf0.30_xgb0.50,2025-05-23,2026-05-22,2026-05-18,2025-06-19,2026-05-21,2026-05-22,227,2026-05-21,True,0,0.4492753623188406,0.4918859039017364,0.14,0.310605525970459,0.2956799437655768,0,70.43,0.5057833398568605,1,50.58,BUY,0.6065,0.2129,Bullish,0.665,0.0,unavailable_no_point_in_time_source,True,1785.77,1779.40087890625,2026-05-25,1795.333740234375,0.8954,1,2026-05-27,1816.843017578125,2.1042,1.0,2026-06-01,1776.0150146484375,-0.1903,0.0,2026-06-08,1797.4248046875,1.0129,1.0,0,0,1,0,0,1,0.5356,1,0.0,1.0,0.0,0.0,1.0,1.74,1.0,1.0,0.0,1.0,1.0,0.0,-0.5463,0.0,0.0,1.0,0.0,0.0,1.0,0.6526,1.0,70-75,50-55
AETHER.NS|2026-05-22|ensemble_lr0.20_rf0.30_xgb0.50,AETHER.NS,2026-05-22,ensemble_lr0.20_rf0.30_xgb0.50,2025-05-23,2026-05-22,2026-05-18,2025-06-19,2026-05-21,2026-05-22,227,2026-05-21,True,0,0.5434782608695653,0.4087151678170301,0.16,0.17756247520446777,0.2185242711656399,0,78.15,0.5205538426250389,1,52.06,HOLD,0.4691,-0.0617,High Volatility,0.17,0.0,unavailable_no_point_in_time_source,False,1082.8,1051.300048828125,2026-05-25,1074.5,2.2068,1,2026-05-27,1094.699951171875,4.1282,1.0,2026-06-01,1115.699951171875,6.1257,1.0,2026-06-08,1136.5,8.1042,1.0,0,0,1,0,0,1,-0.7665,1,0.0,1.0,0.0,0.0,0.0,1.099,1.0,0.0,1.0,0.0,0.0,0.0,3.0384,0.0,0.0,1.0,0.0,0.0,0.0,4.9594,0.0,75-80,50-55
AIAENG.NS|2026-05-22|ensemble_lr0.20_rf0.30_xgb0.50,AIAENG.NS,2026-05-22,ensemble_lr0.20_rf0.30_xgb0.50,2025-05-23,2026-05-22,2026-05-18,2025-06-19,2026-05-21,2026-05-22,227,2026-05-21,True,1,0.41304347826086957,0.4108430138112416,0.12,0.14855098724365234,0.1924440963840745,0,80.76,0.329802452048388,0,67.02,HOLD,0.562,0.124,Sideways,0.67,0.0,unavailable_no_point_in_time_source,False,3980.44,3979.042724609375,2026-05-25,3957.922119140625,-0.5308,0,2026-05-27,4411.51708984375,10.8688,1.0,2026-06-01,4505.7626953125,13.2374,1.0,2026-06-08,4528.47705078125,13.8082,1.0,0,1,1,0,1,1,-0.5657,1,0.0,0.0,1.0,0.0,0.0,10.8299,0.0,0.0,0.0,1.0,0.0,0.0,13.1976,0.0,0.0,0.0,1.0,0.0,0.0,13.7683,0.0,80-85,65-70
AJANTPHARM.NS|2026-05-22|ensemble_lr0.20_rf0.30_xgb0.50,AJANTPHARM.NS,2026-05-22,ensemble_lr0.20_rf0.30_xgb0.50,2025-05-23,2026-05-22,2026-05-18,2025-06-19,2026-05-21,2026-05-22,227,2026-05-21,True,0,0.4927536231884058,0.2841164293860343,0.16,0.21141749620437622,0.21053203397939496,0,78.95,0.33417138626925325,0,66.58,BUY,0.6639,0.3277,Bullish,1.0,0.0,unavailable_no_point_in_time_source,False,3120.61,3079.291015625,2026-05-25,3053.527099609375,-0.8367,0,2026-05-27,2993.3779296875,-2.79,0.0,2026-06-01,2904.39306640625,-5.6798,0.0,2026-06-08,2941.85009765625,-4.4634,0.0,0,1,1,1,1,0,-2.1497,0,1.0,1.0,1.0,1.0,0.0,-4.0772,0.0,1.0,1.0,1.0,1.0,0.0,-6.9287,0.0,1.0,1.0,1.0,1.0,0.0,-5.7284,0.0,75-80,65-70
ALEMBICLTD.NS|2026-05-22|ensemble_lr0.20_rf0.30_xgb0.50,ALEMBICLTD.NS,2026-05-22,ensemble_lr0.20_rf0.30_xgb0.50,2025-05-23,2026-05-22,2026-05-18,2025-06-19,2026-05-21,2026-05-22,227,2026-05-21,True,0,0.5362318840579711,0.3938368331695652,0.1,0.10442705452442169,0.16098089389612388,0,83.9,0.299515988277301,0,70.05,HOLD,0.442,-0.116,High Volatility,-0.165,0.0,unavailable_no_point_in_time_source,False,85.12,85.05335998535156,2026-05-25,85.32603454589844,0.3206,1,2026-05-27,84.84886169433594,-0.2404,0.0,2026-06-01,84.38143157958984,-0.79,0.0,2026-06-08,83.48551940917969,-1.8434,0.0,0,0,0,0,0,1,0.2421,1,1.0,1.0,1.0,1.0,1.0,-0.3185,1.0,1.0,1.0,1.0,1.0,1.0,-0.8677,1.0,1.0,1.0,1.0,1.0,1.0,-1.9202,1.0,80-85,70-75
ALKEM.NS|2026-05-22|ensemble_lr0.20_rf0.30_xgb0.50,ALKEM.NS,2026-05-22,ensemble_lr0.20_rf0.30_xgb0.50,2025-05-23,2026-05-22,2026-05-18,2025-06-19,2026-05-21,2026-05-22,227,2026-05-21,True,1,0.5507246376811593,0.28959264548043595,0.14,0.20342524349689484,0.20163115084453462,0,79.84,0.5844457098062485,1,58.44,HOLD,0.4509,-0.0981,Sideways,-0.165,0.0,unavailable_no_point_in_time_source,False,5491.67,5394.8447265625,2026-05-25,5390.85205078125,-0.074,0,2026-05-27,5441.7607421875,0.8696,1.0,2026-06-01,5305.00537109375,-1.6653,0.0,2026-06-08,5346.9306640625,-0.8881,0.0,0,1,0,0,1,1,-1.8358,1,0.0,1.0,1.0,0.0,1.0,-0.9088,1.0,1.0,0.0,0.0,1.0,1.0,-3.3991,0.0,1.0,0.0,0.0,1.0,1.0,-2.6356,1.0,75-80,55-60
AMBER.NS|2026-05-22|ensemble_lr0.20_rf0.30_xgb0.50,AMBER.NS,2026-05-22,ensemble_lr0.20_rf0.30_xgb0.50,2025-05-23,2026-05-22,2026-05-18,2025-06-19,2026-05-21,2026-05-22,227,2026-05-21,True,1,0.572463768115942,0.5066152290350396,0.14,0.17858755588531494,0.2326168237496654,0,76.74,0.5594771393153332,1,55.95,HOLD,0.5119,0.0238,High Volatility,0.5,0.0,unavailable_no_point_in_time_source,False,7537.0,7359.0,2026-05-25,7461.5,1.3929,1,2026-05-27,7516.0,2.1334,1.0,2026-06-01,7623.5,3.5942,1.0,2026-06-08,7750.0,5.3132,1.0,0,0,1,1,0,1,-1.0017,1,0.0,1.0,1.0,0.0,1.0,-0.2786,1.0,0.0,1.0,1.0,0.0,0.0,1.1477,1.0,0.0,1.0,1.0,0.0,0.0,2.8261,1.0,75-80,55-60
ANGELONE.NS|2026-05-22|ensemble_lr0.20_rf0.30_xgb0.50,ANGELONE.NS,2026-05-22,ensemble_lr0.20_rf0.30_xgb0.50,2025-05-23,2026-05-22,2026-05-18,2025-06-19,2026-05-21,2026-05-22,227,2026-05-21,True,1,0.5362318840579711,0.3023473702182074,0.12,0.1291245073080063,0.16103172769764462,0,83.9,0.3113158190374432,0,68.87,HOLD,0.5368,0.0735,High Volatility,0.665,0.0,unavailable_no_point_in_time_source,True,338.6,338.3037414550781,2026-05-25,345.3818664550781,2.0922,1,2026-05-27,335.9111633300781,-0.7072,0.0,2026-06-01,334.5653076171875,-1.1051,0.0,2026-06-08,324.6958312988281,-4.0224,0.0,0,0,0,1,0,1,2.0029,1,1.0,1.0,0.0,1.0,1.0,-0.7941,1.0,1.0,1.0,0.0,1.0,1.0,-1.1916,1.0,1.0,1.0,0.0,1.0,0.0,-4.1064,0.0,80-85,65-70
APARINDS.NS|2026-05-22|ensemble_lr0.20_rf0.30_xgb0.50,APARINDS.NS,2026-05-22,ensemble_lr0.20_rf0.30_xgb0.50,2025-05-23,2026-05-22,2026-05-18,2025-06-19,2026-05-21,2026-05-22,227,2026-05-21,True,1,0.4420289855072464,0.4672288007905905,0.26,0.2474740445613861,0.29518278243881113,0,70.48,0.36114920905995224,0,63.89,HOLD,0.5647,0.1294,High Volatility,0.665,0.0,unavailable_no_point_in_time_source,False,12810.52,12737.7763671875,2026-05-25,12436.8212890625,-2.3627,0,2026-05-27,13379.548828125,5.0383,1.0,2026-06-01,12756.7109375,0.1486,1.0,2026-06-08,13230.0673828125,3.8648,1.0,0,1,1,0,1,1,-2.9171,1,0.0,0.0,1.0,0.0,0.0,4.4419,0.0,0.0,0.0,1.0,0.0,1.0,-0.42,1.0,0.0,0.0,1.0,0.0,0.0,3.275,0.0,70-75,60-65
APOLLOHOSP.NS|2026-05-22|ensemble_lr0.20_rf0.30_xgb0.50,APOLLOHOSP.NS,2026-05-22,ensemble_lr0.20_rf0.30_xgb0.50,2025-05-23,2026-05-22,2026-05-18,2025-06-19,2026-05-21,2026-05-22,227,2026-05-21,True,0,0.49275362318840576,0.3085092310507253,0.78,0.7644065618515015,0.6779051271358958,1,67.79,0.5788963100450426,1,57.89,STRONG BUY,0.7725,0.545,Bullish,1.0,0.0,unavailable_no_point_in_time_source,False,8298.84,8352.7763671875,2026-05-25,8394.228515625,0.4963,1,2026-05-27,8262.880859375,-1.0762,0.0,2026-06-01,8099.07177734375,-3.0374,0.0,2026-06-08,8348.78125,-0.0478,0.0,1,1,1,0,1,1,1.1494,1,0.0,0.0,1.0,0.0,0.0,-0.4333,0.0,0.0,0.0,1.0,0.0,0.0,-2.4072,0.0,0.0,0.0,1.0,0.0,0.0,0.6018,1.0,65-70,55-60
APOLLOTYRE.NS|2026-05-22|ensemble_lr0.20_rf0.30_xgb0.50,APOLLOTYRE.NS,2026-05-22,ensemble_lr0.20_rf0.30_xgb0.50,2025-05-23,2026-05-22,2026-05-18,2025-06-19,2026-05-21,2026-05-22,227,2026-05-21,True,0,0.4855072463768116,0.3659465524026456,0.12,0.2138260006904602,0.21610231082575923,0,78.39,0.30175112197442955,0,69.82,SELL,0.3213,-0.3574,High Volatility,-1.0,0.0,unavailable_no_point_in_time_source,True,369.79,369.685791015625,2026-05-25,386.1417236328125,4.4513,1,2026-05-27,397.4768981933594,7.5175,1.0,2026-06-01,383.1090393066406,3.631,1.0,2026-06-08,382.66162109375,3.51,1.0,0,0,0,0,0,0,4.4219,0,0.0,0.0,0.0,0.0,0.0,7.4872,0.0,0.0,0.0,0.0,0.0,0.0,3.6018,0.0,0.0,0.0,0.0,0.0,0.0,3.4808,0.0,75-80,65-70
ASHOKLEY.NS|2026-05-22|ensemble_lr0.20_rf0.30_xgb0.50,ASHOKLEY.NS,2026-05-22,ensemble_lr0.20_rf0.30_xgb0.50,2025-05-23,2026-05-22,2026-05-18,2025-06-19,2026-05-21,2026-05-22,227,2026-05-21,True,1,0.5072463768115942,0.556473499128521,0.9,0.7854859828948975,0.7740376912731529,1,77.4,0.5744309738979319,1,57.44,HOLD,0.4496,-0.1008,High Volatility,-0.5,0.0,unavailable_no_point_in_time_source,True,151.89,155.55636596679688,2026-05-25,161.32791137695312,3.7103,1,2026-05-27,160.87562561035156,3.4195,1.0,2026-06-01,147.26776123046875,-5.3284,0.0,2026-06-08,141.02000427246094,-9.3448,0.0,1,1,1,1,1,0,6.2136,0,1.0,1.0,1.0,1.0,0.0,5.9159,0.0,0.0,0.0,0.0,0.0,0.0,-3.0431,0.0,0.0,0.0,0.0,0.0,0.0,-7.1565,0.0,75-80,55-60
ASIANPAINT.NS|2026-05-22|ensemble_lr0.20_rf0.30_xgb0.50,ASIANPAINT.NS,2026-05-22,ensemble_lr0.20_rf0.30_xgb0.50,2025-05-23,2026-05-22,2026-05-18,2025-06-19,2026-05-21,2026-05-22,227,2026-05-21,True,1,0.4492753623188406,0.5580360944905672,0.8,0.8511940836906433,0.7772042607434351,1,77.72,0.44670115445830816,0,55.33,BUY,0.7135,0.4269,Bullish,0.5,0.0,unavailable_no_point_in_time_source,True,2576.45,2617.09423828125,2026-05-25,2634.939453125,0.6819,1,2026-05-27,2648.91796875,1.216,1.0,2026-06-01,2609.757568359375,-0.2803,0.0,2026-06-08,2636.3271484375,0.7349,1.0,1,1,0,1,1,1,2.2702,1,1.0,0.0,1.0,1.0,1.0,2.8127,1.0,0.0,1.0,0.0,0.0,0.0,1.2928,1.0,1.0,0.0,1.0,1.0,1.0,2.324,1.0,75-80,55-60
ASTRAL.NS|2026-05-22|ensemble_lr0.20_rf0.30_xgb0.50,ASTRAL.NS,2026-05-22,ensemble_lr0.20_rf0.30_xgb0.50,2025-05-23,2026-05-22,2026-05-18,2025-06-19,2026-05-21,2026-05-22,227,2026-05-21,True,0,0.45652173913043476,0.6499776132498438,0.86,0.8955262303352356,0.8357586378175865,1,83.58,0.5726960147718434,1,57.27,HOLD,0.508,0.016,High Volatility,-0.5,0.0,unavailable_no_point_in_time_source,True,1477.68,1539.2789306640625,2026-05-25,1549.8624267578125,0.6876,1,2026-05-27,1596.089599609375,3.6907,1.0,2026-06-01,1530.6925048828125,-0.5578,0.0,2026-06-08,1508.826904296875,-1.9783,0.0,1,1,1,0,1,1,4.8848,0,1.0,1.0,0.0,1.0,0.0,8.0132,0.0,0.0,0.0,1.0,0.0,1.0,3.5875,0.0,0.0,0.0,1.0,0.0,1.0,2.1078,1.0,80-85,55-60
AUBANK.NS|2026-05-22|ensemble_lr0.20_rf0.30_xgb0.50,AUBANK.NS,2026-05-22,ensemble_lr0.20_rf0.30_xgb0.50,2025-05-23,2026-05-22,2026-05-18,2025-06-19,2026-05-21,2026-05-22,227,2026-05-21,True,0,0.5362318840579711,0.33250699695677605,0.76,0.7972322702407837,0.6931175345117471,1,69.31,0.38208008761552187,0,61.79,BUY,0.5858,0.1715,Sideways,0.17,0.0,unavailable_no_point_in_time_source,True,957.77,976.9512939453125,2026-05-25,998.3305053710938,2.1884,1,2026-05-27,1004.0249633789062,2.7712,1.0,2026-06-01,968.2097778320312,-0.8948,0.0,2026-06-08,957.9697265625,-1.9429,0.0,1,1,0,0,1,1,4.2349,1,1.0,0.0,0.0,1.0,1.0,4.8294,1.0,0.0,1.0,1.0,0.0,0.0,1.09,1.0,0.0,1.0,1.0,0.0,0.0,0.0209,1.0,65-70,60-65
AXISBANK.NS|2026-05-22|ensemble_lr0.20_rf0.30_xgb0.50,AXISBANK.NS,2026-05-22,ensemble_lr0.20_rf0.30_xgb0.50,2025-05-23,2026-05-22,2026-05-18,2025-06-19,2026-05-21,2026-05-22,227,2026-05-21,True,0,0.4710144927536232,0.33377167307720584,0.8,0.7762590050697327,0.6948838371503074,1,69.49,0.6288863992998549,1,62.89,HOLD,0.4892,-0.0216,Sideways,-0.335,0.0,unavailable_no_point_in_time_source,True,1252.33,1284.409423828125,2026-05-25,1310.189453125,2.0072,1,2026-05-27,1303.094970703125,1.4548,1.0,2026-06-01,1274.916748046875,-0.7391,0.0,2026-06-08,1267.1226806640625,-1.3459,0.0,1,1,1,0,1,1,4.6201,0,1.0,1.0,0.0,1.0,1.0,4.0536,0.0,0.0,0.0,1.0,0.0,1.0,1.8036,1.0,0.0,0.0,1.0,0.0,1.0,1.1812,1.0,65-70,60-65
BAJAJ-AUTO.NS|2026-05-22|ensemble_lr0.20_rf0.30_xgb0.50,BAJAJ-AUTO.NS,2026-05-22,ensemble_lr0.20_rf0.30_xgb0.50,2025-05-23,2026-05-22,2026-05-18,2025-06-19,2026-05-21,2026-05-22,227,2026-05-21,True,1,0.5434782608695653,0.22746338977825567,0.12,0.18449914455413818,0.17374225023272022,0,82.63,0.4265517918323921,0,57.34,BUY,0.5997,0.1994,Bullish,0.665,0.0,unavailable_no_point_in_time_source,False,10518.96,10403.09375,2026-05-25,10345.40625,-0.5545,0,2026-05-27,10658.5,2.4551,1.0,2026-06-01,10376.0,-0.2604,0.0,2026-06-08,10231.0,-1.6543,0.0,0,1,1,0,1,0,-1.6499,0,0.0,0.0,1.0,0.0,1.0,1.3266,1.0,1.0,1.0,0.0,1.0,0.0,-1.3591,0.0,1.0,1.0,0.0,1.0,0.0,-2.7375,0.0,80-85,55-60
BAJAJFINSV.NS|2026-05-22|ensemble_lr0.20_rf0.30_xgb0.50,BAJAJFINSV.NS,2026-05-22,ensemble_lr0.20_rf0.30_xgb0.50,2025-05-23,2026-05-22,2026-05-18,2025-06-19,2026-05-21,2026-05-22,227,2026-05-21,True,0,0.4710144927536232,0.4906506820577417,0.86,0.8357078433036804,0.7739840580633885,1,77.4,0.6004455291890038,1,60.04,HOLD,0.4607,-0.0786,Sideways,-0.835,0.0,unavailable_no_point_in_time_source,True,1750.71,1764.494384765625,2026-05-25,1805.8590087890625,2.3443,1,2026-05-27,1807.5576171875,2.4405,1.0,2026-06-01,1757.400390625,-0.402,0.0,2026-06-08,1673.1722412109375,-5.1755,0.0,1,1,1,0,1,1,3.1501,0,1.0,1.0,0.0,1.0,1.0,3.2471,0.0,0.0,0.0,1.0,0.0,1.0,0.3822,1.0,0.0,0.0,1.0,0.0,0.0,-4.4289,0.0,75-80,60-65
BAJFINANCE.NS|2026-05-22|ensemble_lr0.20_rf0.30_xgb0.50,BAJFINANCE.NS,2026-05-22,ensemble_lr0.20_rf0.30_xgb0.50,2025-05-23,2026-05-22,2026-05-18,2025-06-19,2026-05-21,2026-05-22,227,2026-05-21,True,1,0.5652173913043478,0.5679946439503283,0.82,0.7489878535270691,0.7340928555536002,1,73.41,0.648027304161432,1,64.8,HOLD,0.5344,0.0689,Sideways,0.0,0.0,unavailable_no_point_in_time_source,True,902.1,910.9501953125,2026-05-25,936.1453247070312,2.7658,1,2026-05-27,925.4609985351562,1.5929,1.0,2026-06-01,883.6182250976562,-3.0004,0.0,2026-06-08,865.77783203125,-4.9588,0.0,1,1,1,1,1,1,3.774,0,1.0,1.0,1.0,1.0,1.0,2.5896,1.0,0.0,0.0,0.0,0.0,0.0,-2.0488,1.0,0.0,0.0,0.0,0.0,0.0,-4.0264,0.0,70-75,60-65
BEL.NS|2026-05-22|ensemble_lr0.20_rf0.30_xgb0.50,BEL.NS,2026-05-22,ensemble_lr0.20_rf0.30_xgb0.50,2025-05-23,2026-05-22,2026-05-18,2025-06-19,2026-05-21,2026-05-22,227,2026-05-21,True,0,0.5289855072463768,0.23588087249291023,0.18,0.2116750180721283,0.2070136835346462,0,79.3,0.4165790767079469,0,58.34,HOLD,0.4236,-0.1528,Sideways,-0.165,0.0,unavailable_no_point_in_time_source,True,419.83,415.9852600097656,2026-05-25,421.2781066894531,1.2724,1,2026-05-27,418.5318298339844,0.6122,1.0,2026-06-01,406.6479797363281,-2.2446,0.0,2026-06-08,412.3901672363281,-0.8642,0.0,0,0,0,0,0,1,0.3449,1,0.0,0.0,0.0,0.0,1.0,-0.3092,1.0,1.0,1.0,1.0,1.0,1.0,-3.1398,0.0,1.0,1.0,1.0,1.0,1.0,-1.7721,1.0,75-80,55-60
BPCL.NS|2026-05-22|ensemble_lr0.20_rf0.30_xgb0.50,BPCL.NS,2026-05-22,ensemble_lr0.20_rf0.30_xgb0.50,2025-05-23,2026-05-22,2026-05-18,2025-06-19,2026-05-21,2026-05-22,227,2026-05-21,True,0,0.47826086956521735,0.28049509442315257,0.24,0.16035424172878265,0.20827613974902184,0,79.17,0.5479929369685135,1,54.8,SELL,0.3533,-0.2934,High Volatility,-0.67,0.0,unavailable_no_point_in_time_source,True,296.4,295.6000061035156,2026-05-25,308.25,4.2794,1,2026-05-27,307.1499938964844,3.9073,1.0,2026-06-01,296.8500061035156,0.4229,1.0,2026-06-08,285.1499938964844,-3.5352,0.0,0,0,1,0,0,0,3.998,0,0.0,1.0,0.0,0.0,0.0,3.6269,0.0,0.0,1.0,0.0,0.0,0.0,0.1518,0.0,1.0,0.0,1.0,1.0,1.0,-3.7955,1.0,75-80,50-55
AARTIIND.NS|2026-06-01|ensemble_lr0.20_rf0.30_xgb0.50,AARTIIND.NS,2026-06-01,ensemble_lr0.20_rf0.30_xgb0.50,2025-06-02,2026-06-01,2026-06-01,2025-06-27,2026-05-28,2026-05-29,226,2026-05-28,True,0,0.44202898550724634,0.3674516794466418,0.18,0.29310253262519836,0.2740416022019275,0,72.6,0.4502076242204518,0,54.98,HOLD,0.5733,0.1467,Sideways,1.0,0.0,unavailable_no_point_in_time_source,True,499.76,469.96575927734375,2026-06-02,468.81805419921875,-0.2442,0,2026-06-04,459.18719482421875,-2.2935,0.0,2026-06-08,431.69183349609375,-8.144,0.0,2026-06-15,497.16168212890625,5.7868,1.0,0,1,1,1,1,1,-6.1914,0,1.0,1.0,1.0,1.0,1.0,-8.1185,0.0,1.0,1.0,1.0,1.0,0.0,-13.6202,0.0,0.0,0.0,0.0,0.0,0.0,-0.5199,1.0,70-75,50-55
AAVAS.NS|2026-06-01|ensemble_lr0.20_rf0.30_xgb0.50,AAVAS.NS,2026-06-01,ensemble_lr0.20_rf0.30_xgb0.50,2025-06-02,2026-06-01,2026-06-01,2025-06-27,2026-05-28,2026-05-29,226,2026-05-28,True,0,0.4855072463768116,0.2582870508265948,0.18,0.14901185035705566,0.1801633353438468,0,81.98,0.3590854530819583,0,64.09,HOLD,0.4573,-0.0854,High Volatility,0.0,0.0,unavailable_no_point_in_time_source,False,1369.0,1324.4000244140625,2026-06-02,1305.0,-1.4648,0,2026-06-04,1300.4000244140625,-1.8121,0.0,2026-06-08,1259.300048828125,-4.9154,0.0,2026-06-15,1405.199951171875,6.1009,1.0,0,1,1,1,1,1,-4.6749,0,1.0,1.0,1.0,1.0,1.0,-5.011,0.0,1.0,1.0,1.0,1.0,0.0,-8.0131,0.0,0.0,0.0,0.0,0.0,0.0,2.6443,1.0,80-85,60-65
ABCAPITAL.NS|2026-06-01|ensemble_lr0.20_rf0.30_xgb0.50,ABCAPITAL.NS,2026-06-01,ensemble_lr0.20_rf0.30_xgb0.50,2025-06-02,2026-06-01,2026-06-01,2025-06-27,2026-05-28,2026-05-29,226,2026-05-28,True,0,0.5362318840579711,0.38602758058022746,0.22,0.1672881692647934,0.22684960074844218,0,77.32,0.5520636628904618,1,55.21,HOLD,0.5717,0.1434,Sideways,1.0,0.0,unavailable_no_point_in_time_source,True,364.9,350.54998779296875,2026-06-02,351.29998779296875,0.2139,1,2026-06-04,353.6499938964844,0.8843,1.0,2026-06-08,344.0,-1.8685,0.0,2026-06-15,368.20001220703125,5.035,1.0,0,0,1,0,0,1,-3.7271,0,0.0,1.0,0.0,0.0,1.0,-3.083,0.0,1.0,0.0,1.0,1.0,1.0,-5.7276,0.0,0.0,1.0,0.0,0.0,0.0,0.9044,1.0,75-80,55-60
ABFRL.NS|2026-06-01|ensemble_lr0.20_rf0.30_xgb0.50,ABFRL.NS,2026-06-01,ensemble_lr0.20_rf0.30_xgb0.50,2025-06-02,2026-06-01,2026-06-01,2025-06-27,2026-05-28,2026-05-29,226,2026-05-28,True,0,0.5217391304347826,0.6229532962743505,0.74,0.7386287450790405,0.7159050317943904,1,71.59,0.6733002411499384,1,67.33,HOLD,0.5402,0.0804,High Volatility,-0.165,0.0,unavailable_no_point_in_time_source,True,64.06,62.7599983215332,2026-06-02,61.900001525878906,-1.3703,0,2026-06-04,61.029998779296875,-2.7565,0.0,2026-06-08,59.290000915527344,-5.529,0.0,2026-06-15,61.040000915527344,-2.7406,0.0,0,0,0,1,1,1,-3.3718,0,0.0,0.0,1.0,1.0,1.0,-4.7299,0.0,0.0,0.0,1.0,1.0,0.0,-7.4461,0.0,0.0,0.0,1.0,1.0,1.0,-4.7143,0.0,70-75,65-70
ACC.NS|2026-06-01|ensemble_lr0.20_rf0.30_xgb0.50,ACC.NS,2026-06-01,ensemble_lr0.20_rf0.30_xgb0.50,2025-06-02,2026-06-01,2026-06-01,2025-06-27,2026-05-28,2026-05-29,226,2026-05-28,True,0,0.5434782608695653,0.5462479602807808,0.22,0.14495716989040375,0.24772817700135805,0,75.23,0.7499809008057259,1,75.0,SELL,0.415,-0.1699,Sideways,-0.165,0.0,unavailable_no_point_in_time_source,False,1418.39,1352.1761474609375,2026-06-02,1362.0191650390625,0.7279,1,2026-06-04,1343.029052734375,-0.6765,0.0,2026-06-08,1312.10791015625,-2.9632,0.0,2026-06-15,1356.4000244140625,0.3124,1.0,0,0,1,0,0,0,-3.9743,1,1.0,0.0,1.0,1.0,1.0,-5.3131,1.0,1.0,0.0,1.0,1.0,1.0,-7.4931,1.0,0.0,1.0,0.0,0.0,0.0,-4.3704,1.0,75-80,75-80
ADANIENT.NS|2026-06-01|ensemble_lr0.20_rf0.30_xgb0.50,ADANIENT.NS,2026-06-01,ensemble_lr0.20_rf0.30_xgb0.50,2025-06-02,2026-06-01,2026-06-01,2025-06-27,2026-05-28,2026-05-29,226,2026-05-28,True,0,0.4927536231884058,0.31665816731833724,0.12,0.1351882815361023,0.1669257742317186,0,83.31,0.4196871109772,0,58.03,BUY,0.6285,0.2569,Bullish,0.835,0.0,unavailable_no_point_in_time_source,False,2971.77,2908.099609375,2026-06-02,2966.773681640625,2.0176,1,2026-06-04,2971.471435546875,2.1791,1.0,2026-06-08,2968.672607421875,2.0829,1.0,2026-06-15,2942.5,1.1829,1.0,0,0,0,0,0,1,-0.1681,0,0.0,0.0,0.0,0.0,1.0,-0.01,0.0,0.0,0.0,0.0,0.0,1.0,-0.1042,0.0,0.0,0.0,0.0,0.0,1.0,-0.9849,0.0,80-85,55-60
ADANIPORTS.NS|2026-06-01|ensemble_lr0.20_rf0.30_xgb0.50,ADANIPORTS.NS,2026-06-01,ensemble_lr0.20_rf0.30_xgb0.50,2025-06-02,2026-06-01,2026-06-01,2025-06-27,2026-05-28,2026-05-29,226,2026-05-28,True,0,0.45652173913043476,0.43885546475638554,0.14,0.14496774971485138,0.2022549678087028,0,79.77,0.5320051791068939,1,53.2,BUY,0.5935,0.1869,Bullish,0.665,0.0,unavailable_no_point_in_time_source,True,1816.84,1776.0150146484375,2026-06-02,1806.885009765625,1.7382,1,2026-06-04,1783.384033203125,0.4149,1.0,2026-06-08,1797.4248046875,1.2055,1.0,2026-06-15,1804.800048828125,1.6208,1.0,0,0,1,0,0,1,-0.5479,0,0.0,1.0,0.0,0.0,1.0,-1.8414,0.0,0.0,1.0,0.0,0.0,1.0,-1.0686,0.0,0.0,1.0,0.0,0.0,1.0,-0.6627,0.0,75-80,50-55
AETHER.NS|2026-06-01|ensemble_lr0.20_rf0.30_xgb0.50,AETHER.NS,2026-06-01,ensemble_lr0.20_rf0.30_xgb0.50,2025-06-02,2026-06-01,2026-06-01,2025-06-27,2026-05-28,2026-05-29,226,2026-05-28,True,0,0.5072463768115942,0.34240507868531406,0.72,0.7196308970451355,0.6442964642596305,1,64.43,0.39651387138536653,0,60.35,HOLD,0.5402,0.0804,High Volatility,-0.165,0.0,unavailable_no_point_in_time_source,False,1094.7,1115.699951171875,2026-06-02,1098.699951171875,-1.5237,0,2026-06-04,1143.199951171875,2.4648,1.0,2026-06-08,1136.5,1.8643,1.0,2026-06-15,1149.5999755859375,3.0385,1.0,1,0,1,1,0,1,0.3654,1,1.0,0.0,0.0,1.0,1.0,4.4304,0.0,1.0,0.0,0.0,1.0,1.0,3.8184,0.0,1.0,0.0,0.0,1.0,0.0,5.0151,0.0,60-65,60-65
AIAENG.NS|2026-06-01|ensemble_lr0.20_rf0.30_xgb0.50,AIAENG.NS,2026-06-01,ensemble_lr0.20_rf0.30_xgb0.50,2025-06-02,2026-06-01,2026-06-01,2025-06-27,2026-05-28,2026-05-29,226,2026-05-28,True,1,0.4275362318840579,0.4624110586146357,0.76,0.8460817933082581,0.7435231083770562,1,74.35,0.4526937146003213,0,54.73,STRONG BUY,0.7248,0.4495,High Volatility,1.0,0.0,unavailable_no_point_in_time_source,False,4411.52,4505.7626953125,2026-06-02,4535.25146484375,0.6545,1,2026-06-04,4579.2861328125,1.6318,1.0,2026-06-08,4528.47705078125,0.5041,1.0,2026-06-15,4452.46337890625,-1.1829,0.0,1,1,0,1,1,1,2.8047,1,1.0,0.0,1.0,1.0,1.0,3.8029,1.0,1.0,0.0,1.0,1.0,1.0,2.6512,1.0,0.0,1.0,0.0,0.0,0.0,0.9281,1.0,70-75,50-55
AJANTPHARM.NS|2026-06-01|ensemble_lr0.20_rf0.30_xgb0.50,AJANTPHARM.NS,2026-06-01,ensemble_lr0.20_rf0.30_xgb0.50,2025-06-02,2026-06-01,2026-06-01,2025-06-27,2026-05-28,2026-05-29,226,2026-05-28,True,0,0.5217391304347826,0.7100435757825279,0.1,0.10594020038843155,0.22497881535072134,0,77.5,0.677797722529796,1,67.78,HOLD,0.4642,-0.0715,Sideways,0.335,0.0,unavailable_no_point_in_time_source,False,2993.38,2904.39306640625,2026-06-02,2885.763671875,-0.6414,0,2026-06-04,2920.941650390625,0.5698,1.0,2026-06-08,2941.85009765625,1.2897,1.0,2026-06-15,3026.6728515625,4.2102,1.0,1,1,0,1,0,1,-3.5951,0,0.0,1.0,0.0,1.0,1.0,-2.42,1.0,0.0,1.0,0.0,1.0,1.0,-1.7215,1.0,0.0,1.0,0.0,1.0,0.0,1.1122,1.0,75-80,65-70
ALEMBICLTD.NS|2026-06-01|ensemble_lr0.20_rf0.30_xgb0.50,ALEMBICLTD.NS,2026-06-01,ensemble_lr0.20_rf0.30_xgb0.50,2025-06-02,2026-06-01,2026-06-01,2025-06-27,2026-05-28,2026-05-29,226,2026-05-28,True,0,0.5072463768115942,0.2282242522463776,0.7,0.9075338840484619,0.7094117924735065,1,70.94,0.6207553127273563,1,62.08,HOLD,0.5025,0.0049,Sideways,-0.165,0.0,unavailable_no_point_in_time_source,False,84.85,84.38143157958984,2026-06-02,85.06310272216797,0.8078,1,2026-06-04,83.74844360351562,-0.7502,0.0,2026-06-08,83.48551940917969,-1.0617,0.0,2026-06-15,87.03995513916016,3.1506,1.0,0,1,1,0,0,1,0.2512,1,0.0,0.0,1.0,1.0,1.0,-1.2982,1.0,0.0,0.0,1.0,1.0,1.0,-1.6081,1.0,1.0,1.0,0.0,0.0,0.0,2.581,1.0,70-75,60-65
ALKEM.NS|2026-06-01|ensemble_lr0.20_rf0.30_xgb0.50,ALKEM.NS,2026-06-01,ensemble_lr0.20_rf0.30_xgb0.50,2025-06-02,2026-06-01,2026-06-01,2025-06-27,2026-05-28,2026-05-29,226,2026-05-28,True,1,0.5797101449275363,0.3880828530318527,0.8,0.8114222288131714,0.7233276850129562,1,72.33,0.6739106716835322,1,67.39,HOLD,0.5392,0.0784,Sideways,-0.165,0.0,unavailable_no_point_in_time_source,False,5441.76,5305.00537109375,2026-06-02,5229.64013671875,-1.4206,0,2026-06-04,5267.0732421875,-0.715,0.0,2026-06-08,5346.9306640625,0.7903,1.0,2026-06-15,5324.470703125,0.3669,1.0,0,0,0,0,1,1,-3.898,0,0.0,0.0,0.0,1.0,1.0,-3.2101,0.0,1.0,1.0,1.0,0.0,1.0,-1.7426,1.0,1.0,1.0,1.0,0.0,1.0,-2.1554,1.0,70-75,65-70
AMBER.NS|2026-06-01|ensemble_lr0.20_rf0.30_xgb0.50,AMBER.NS,2026-06-01,ensemble_lr0.20_rf0.30_xgb0.50,2025-06-02,2026-06-01,2026-06-01,2025-06-27,2026-05-28,2026-05-29,226,2026-05-28,True,1,0.5579710144927535,0.6533291330093659,0.86,0.7817935943603516,0.779562623782049,1,77.96,0.6589451061608941,1,65.89,BUY,0.5987,0.1973,High Volatility,0.335,0.0,unavailable_no_point_in_time_source,True,7516.0,7623.5,2026-06-02,7591.5,-0.4198,0,2026-06-04,7617.0,-0.0853,0.0,2026-06-08,7750.0,1.6593,1.0,2026-06-15,7620.0,-0.0459,0.0,1,0,0,0,0,0,1.0045,1,0.0,0.0,0.0,0.0,0.0,1.3438,1.0,1.0,1.0,1.0,1.0,1.0,3.1134,1.0,0.0,0.0,0.0,0.0,0.0,1.3837,1.0,75-80,65-70
ANGELONE.NS|2026-06-01|ensemble_lr0.20_rf0.30_xgb0.50,ANGELONE.NS,2026-06-01,ensemble_lr0.20_rf0.30_xgb0.50,2025-06-02,2026-06-01,2026-06-01,2025-06-27,2026-05-28,2026-05-29,226,2026-05-28,True,0,0.47826086956521735,0.38492592574903656,0.7,0.61925208568573,0.5966112279926723,1,59.66,0.3902123798318461,0,60.98,BUY,0.6946,0.3893,High Volatility,1.0,0.0,unavailable_no_point_in_time_source,True,335.91,334.5653076171875,2026-06-02,341.59356689453125,2.1007,1,2026-06-04,336.6588439941406,0.6257,1.0,2026-06-08,324.6958312988281,-2.9499,0.0,2026-06-15,351.21380615234375,4.9762,1.0,0,1,0,0,0,1,1.692,1,1.0,0.0,0.0,0.0,1.0,0.2229,1.0,0.0,1.0,1.0,1.0,0.0,-3.3384,0.0,1.0,0.0,0.0,0.0,1.0,4.5559,1.0,55-60,60-65
APARINDS.NS|2026-06-01|ensemble_lr0.20_rf0.30_xgb0.50,APARINDS.NS,2026-06-01,ensemble_lr0.20_rf0.30_xgb0.50,2025-06-02,2026-06-01,2026-06-01,2025-06-27,2026-05-28,2026-05-29,226,2026-05-28,True,1,0.4202898550724637,0.3202357774369995,0.16,0.1862187683582306,0.2051565396665152,0,79.48,0.58760038965123,1,58.76,BUY,0.6482,0.2964,High Volatility,1.0,0.0,unavailable_no_point_in_time_source,False,13379.55,12756.7109375,2026-06-02,13224.087890625,3.6638,1,2026-06-04,13661.5693359375,7.0932,1.0,2026-06-08,13230.0673828125,3.7106,1.0,2026-06-15,15930.69140625,24.8809,1.0,0,0,1,1,0,1,-1.1619,0,0.0,1.0,1.0,0.0,1.0,2.1078,1.0,0.0,1.0,1.0,0.0,1.0,-1.1172,0.0,0.0,1.0,1.0,0.0,1.0,19.0675,1.0,75-80,55-60
APOLLOHOSP.NS|2026-06-01|ensemble_lr0.20_rf0.30_xgb0.50,APOLLOHOSP.NS,2026-06-01,ensemble_lr0.20_rf0.30_xgb0.50,2025-06-02,2026-06-01,2026-06-01,2025-06-27,2026-05-28,2026-05-29,226,2026-05-28,True,0,0.47826086956521746,0.26424778316949904,0.18,0.24019256234169006,0.22694583780474484,0,77.31,0.3865907102715105,0,61.34,BUY,0.6217,0.2434,Bullish,1.0,0.0,unavailable_no_point_in_time_source,False,8262.88,8099.07177734375,2026-06-02,8080.09375,-0.2343,0,2026-06-04,8239.408203125,1.7327,1.0,2026-06-08,8348.78125,3.0832,1.0,2026-06-15,8458.6533203125,4.4398,1.0,0,1,1,1,1,0,-2.2121,0,0.0,0.0,0.0,0.0,1.0,-0.2841,0.0,0.0,0.0,0.0,0.0,1.0,1.0396,1.0,0.0,0.0,0.0,0.0,1.0,2.3693,1.0,75-80,60-65
APOLLOTYRE.NS|2026-06-01|ensemble_lr0.20_rf0.30_xgb0.50,APOLLOTYRE.NS,2026-06-01,ensemble_lr0.20_rf0.30_xgb0.50,2025-06-02,2026-06-01,2026-06-01,2025-06-27,2026-05-28,2026-05-29,226,2026-05-28,True,0,0.5217391304347826,0.31396730884261087,0.1,0.22416014969348907,0.2048735366152667,0,79.51,0.3701060689624128,0,62.99,SELL,0.4034,-0.1932,Sideways,-0.5,0.0,unavailable_no_point_in_time_source,True,397.48,383.1090393066406,2026-06-02,389.5223693847656,1.674,1,2026-06-04,393.4996337890625,2.7122,1.0,2026-06-08,382.66162109375,-0.1168,0.0,2026-06-15,411.9938659667969,7.5396,1.0,0,0,0,0,0,0,-2.002,1,0.0,0.0,0.0,0.0,0.0,-1.0014,1.0,1.0,1.0,1.0,1.0,1.0,-3.7281,1.0,0.0,0.0,0.0,0.0,0.0,3.6515,0.0,75-80,60-65
ASHOKLEY.NS|2026-06-01|ensemble_lr0.20_rf0.30_xgb0.50,ASHOKLEY.NS,2026-06-01,ensemble_lr0.20_rf0.30_xgb0.50,2025-06-02,2026-06-01,2026-06-01,2025-06-27,2026-05-28,2026-05-29,226,2026-05-28,True,1,0.5289855072463768,0.37739791195945943,0.2,0.12972062826156616,0.20033989652267498,0,79.97,0.508928325597231,1,50.89,HOLD,0.4408,-0.1185,High Volatility,0.0,0.0,unavailable_no_point_in_time_source,True,160.88,147.26776123046875,2026-06-02,146.5500030517578,-0.4874,0,2026-06-04,144.44000244140625,-1.9201,0.0,2026-06-08,141.02000427246094,-4.2424,0.0,2026-06-15,157.6999969482422,7.0839,1.0,0,1,0,0,1,1,-8.9073,0,1.0,0.0,0.0,1.0,1.0,-10.2188,0.0,1.0,0.0,0.0,1.0,0.0,-12.3446,0.0,0.0,1.0,1.0,0.0,0.0,-1.9766,1.0,75-80,50-55
ASIANPAINT.NS|2026-06-01|ensemble_lr0.20_rf0.30_xgb0.50,ASIANPAINT.NS,2026-06-01,ensemble_lr0.20_rf0.30_xgb0.50,2025-06-02,2026-06-01,2026-06-01,2025-06-27,2026-05-28,2026-05-29,226,2026-05-28,True,0,0.5072463768115942,0.375860286982405,0.26,0.2786151170730591,0.29247961593301053,0,70.75,0.5620665180990851,1,56.21,BUY,0.6316,0.2632,Bullish,0.835,0.0,unavailable_no_point_in_time_source,True,2648.92,2609.757568359375,2026-06-02,2637.814208984375,1.0751,1,2026-06-04,2638.706787109375,1.1093,1.0,2026-06-08,2636.3271484375,1.0181,1.0,2026-06-15,2715.73828125,4.0609,1.0,0,0,1,0,0,1,-0.4193,0,0.0,1.0,0.0,0.0,1.0,-0.3856,0.0,0.0,1.0,0.0,0.0,1.0,-0.4754,0.0,0.0,1.0,0.0,0.0,1.0,2.5225,1.0,70-75,55-60
ASTRAL.NS|2026-06-01|ensemble_lr0.20_rf0.30_xgb0.50,ASTRAL.NS,2026-06-01,ensemble_lr0.20_rf0.30_xgb0.50,2025-06-02,2026-06-01,2026-06-01,2025-06-27,2026-05-28,2026-05-29,226,2026-05-28,True,0,0.49275362318840576,0.35711034344035786,0.22,0.31509801745414734,0.2949710774151453,0,70.5,0.45106673680008225,0,54.89,HOLD,0.4414,-0.1171,Sideways,0.165,0.0,unavailable_no_point_in_time_source,True,1596.09,1530.6925048828125,2026-06-02,1524.302490234375,-0.4175,0,2026-06-04,1546.8670654296875,1.0567,1.0,2026-06-08,1508.826904296875,-1.4285,0.0,2026-06-15,1542.3741455078125,0.7632,1.0,0,1,1,1,1,1,-4.4977,0,0.0,0.0,0.0,0.0,1.0,-3.084,0.0,1.0,1.0,1.0,1.0,1.0,-5.4673,0.0,0.0,0.0,0.0,0.0,1.0,-3.3655,0.0,70-75,50-55
AUBANK.NS|2026-06-01|ensemble_lr0.20_rf0.30_xgb0.50,AUBANK.NS,2026-06-01,ensemble_lr0.20_rf0.30_xgb0.50,2025-06-02,2026-06-01,2026-06-01,2025-06-27,2026-05-28,2026-05-29,226,2026-05-28,True,0,0.5434782608695653,0.430380690584867,0.08,0.08951952308416367,0.15483589965905523,0,84.52,0.5791062230563675,1,57.91,HOLD,0.4567,-0.0867,Sideways,0.0,0.0,unavailable_no_point_in_time_source,True,1004.02,968.2097778320312,2026-06-02,975.502685546875,0.7532,1,2026-06-04,961.1166381835938,-0.7326,0.0,2026-06-08,957.9697265625,-1.0576,0.0,2026-06-15,1032.59716796875,6.6501,1.0,0,0,1,0,0,1,-2.8403,1,1.0,0.0,1.0,1.0,1.0,-4.2732,0.0,1.0,0.0,1.0,1.0,1.0,-4.5866,0.0,0.0,1.0,0.0,0.0,0.0,2.8463,1.0,80-85,55-60
AXISBANK.NS|2026-06-01|ensemble_lr0.20_rf0.30_xgb0.50,AXISBANK.NS,2026-06-01,ensemble_lr0.20_rf0.30_xgb0.50,2025-06-02,2026-06-01,2026-06-01,2025-06-27,2026-05-28,2026-05-29,226,2026-05-28,True,0,0.5507246376811595,0.33727034411585305,0.22,0.11474991589784622,0.19082902677209373,0,80.92,0.3337965755291606,0,66.62,HOLD,0.4378,-0.1244,Sideways,0.165,0.0,unavailable_no_point_in_time_source,True,1303.09,1274.916748046875,2026-06-02,1250.1358642578125,-1.9437,0,2026-06-04,1252.334228515625,-1.7713,0.0,2026-06-08,1267.1226806640625,-0.6113,0.0,2026-06-15,1367.24560546875,7.242,1.0,0,1,1,1,1,1,-4.0637,0,1.0,1.0,1.0,1.0,1.0,-3.895,0.0,1.0,1.0,1.0,1.0,1.0,-2.7602,1.0,0.0,0.0,0.0,0.0,0.0,4.9233,0.0,80-85,65-70
BAJAJ-AUTO.NS|2026-06-01|ensemble_lr0.20_rf0.30_xgb0.50,BAJAJ-AUTO.NS,2026-06-01,ensemble_lr0.20_rf0.30_xgb0.50,2025-06-02,2026-06-01,2026-06-01,2025-06-27,2026-05-28,2026-05-29,226,2026-05-28,True,1,0.6014492753623188,0.264042465214427,0.1,0.09244158118963242,0.1290292836377016,0,87.1,0.6799266902553024,1,67.99,BUY,0.648,0.296,Bullish,1.0,0.0,unavailable_no_point_in_time_source,False,10658.5,10376.0,2026-06-02,10281.0,-0.9156,0,2026-06-04,10362.0,-0.1349,0.0,2026-06-08,10231.0,-1.3975,0.0,2026-06-15,9943.0,-4.1731,0.0,0,1,0,0,1,0,-3.5418,0,1.0,0.0,0.0,1.0,0.0,-2.7818,0.0,1.0,0.0,0.0,1.0,0.0,-4.0109,0.0,1.0,0.0,0.0,1.0,0.0,-6.713,0.0,85-90,65-70
BAJAJFINSV.NS|2026-06-01|ensemble_lr0.20_rf0.30_xgb0.50,BAJAJFINSV.NS,2026-06-01,ensemble_lr0.20_rf0.30_xgb0.50,2025-06-02,2026-06-01,2026-06-01,2025-06-27,2026-05-28,2026-05-29,226,2026-05-28,True,0,0.4710144927536231,0.5016381900292011,0.2,0.35033684968948364,0.33549606285058203,0,66.45,0.696625228129412,1,69.66,SELL,0.4154,-0.1693,Sideways,-0.335,0.0,unavailable_no_point_in_time_source,True,1807.56,1757.400390625,2026-06-02,1739.915283203125,-0.9949,0,2026-06-04,1708.34228515625,-2.7915,0.0,2026-06-08,1673.1722412109375,-4.7928,0.0,2026-06-15,1748.707763671875,-0.4946,0.0,0,1,0,1,1,1,-3.7423,1,1.0,0.0,1.0,1.0,1.0,-5.489,1.0,1.0,0.0,1.0,1.0,1.0,-7.4348,1.0,1.0,0.0,1.0,1.0,1.0,-3.2559,1.0,65-70,65-70
BAJFINANCE.NS|2026-06-01|ensemble_lr0.20_rf0.30_xgb0.50,BAJFINANCE.NS,2026-06-01,ensemble_lr0.20_rf0.30_xgb0.50,2025-06-02,2026-06-01,2026-06-01,2025-06-27,2026-05-28,2026-05-29,226,2026-05-28,True,1,0.49275362318840576,0.6245474304506632,0.26,0.25961533188819885,0.3327171520342321,0,66.73,0.8388392017436896,1,83.88,HOLD,0.4629,-0.0742,Sideways,0.0,0.0,unavailable_no_point_in_time_source,True,925.46,883.6182250976562,2026-06-02,876.6112670898438,-0.793,0,2026-06-04,869.0577392578125,-1.6478,0.0,2026-06-08,865.77783203125,-2.019,0.0,2026-06-15,936.5428466796875,5.9895,1.0,0,1,0,0,1,1,-5.2783,0,1.0,0.0,0.0,1.0,1.0,-6.0945,0.0,1.0,0.0,0.0,1.0,1.0,-6.4489,0.0,0.0,1.0,1.0,0.0,0.0,1.1976,1.0,65-70,80-85
BEL.NS|2026-06-01|ensemble_lr0.20_rf0.30_xgb0.50,BEL.NS,2026-06-01,ensemble_lr0.20_rf0.30_xgb0.50,2025-06-02,2026-06-01,2026-06-01,2025-06-27,2026-05-28,2026-05-29,226,2026-05-28,True,0,0.5072463768115942,0.2560829580398908,0.18,0.22789426147937775,0.21916372234766704,0,78.08,0.598170523109909,1,59.82,SELL,0.3175,-0.3649,Bearish,-0.335,0.0,unavailable_no_point_in_time_source,True,418.53,406.6479797363281,2026-06-02,407.2970886230469,0.1596,1,2026-06-04,409.34429931640625,0.6631,1.0,2026-06-08,412.3901672363281,1.4121,1.0,2026-06-15,408.9947509765625,0.5771,1.0,0,0,1,0,0,0,-2.6839,1,0.0,1.0,0.0,0.0,0.0,-2.1948,1.0,0.0,1.0,0.0,0.0,0.0,-1.467,1.0,0.0,1.0,0.0,0.0,0.0,-2.2783,1.0,75-80,55-60
BPCL.NS|2026-06-01|ensemble_lr0.20_rf0.30_xgb0.50,BPCL.NS,2026-06-01,ensemble_lr0.20_rf0.30_xgb0.50,2025-06-02,2026-06-01,2026-06-01,2025-06-27,2026-05-28,2026-05-29,226,2026-05-28,True,0,0.572463768115942,0.7428567575756678,0.22,0.17663636803627014,0.30288953553326864,0,69.71,0.6806388934896876,1,68.06,HOLD,0.427,-0.146,Sideways,-0.165,0.0,unavailable_no_point_in_time_source,True,307.15,296.8500061035156,2026-06-02,294.3999938964844,-0.8253,0,2026-06-04,295.1499938964844,-0.5727,0.0,2026-06-08,285.1499938964844,-3.9414,0.0,2026-06-15,310.6000061035156,4.632,1.0,0,1,0,1,1,1,-4.1511,0,1.0,0.0,1.0,1.0,1.0,-3.9069,0.0,1.0,0.0,1.0,1.0,0.0,-7.1626,0.0,0.0,1.0,0.0,0.0,0.0,1.1232,1.0,65-70,65-70
AARTIIND.NS|2026-06-08|ensemble_lr0.20_rf0.30_xgb0.50,AARTIIND.NS,2026-06-08,ensemble_lr0.20_rf0.30_xgb0.50,2025-06-09,2026-06-08,2026-06-08,2025-07-04,2026-06-05,2026-06-08,226,2026-06-05,True,0,0.5217391304347826,0.2915904996634854,0.08,0.10528449714183807,0.1349603485036161,0,86.5,0.6582474816926294,1,65.82,HOLD,0.4786,-0.0428,High Volatility,0.335,0.0,unavailable_no_point_in_time_source,True,457.14,431.69183349609375,2026-06-09,439.5262756347656,1.8148,1,2026-06-11,427.0011901855469,-1.0866,0.0,2026-06-15,497.16168212890625,15.1659,1.0,2026-06-22,485.23541259765625,12.4032,1.0,0,0,1,0,0,1,-3.853,0,1.0,0.0,1.0,1.0,1.0,-6.5929,0.0,0.0,1.0,0.0,0.0,0.0,8.7548,0.0,0.0,1.0,0.0,0.0,0.0,6.1459,0.0,85-90,65-70
AAVAS.NS|2026-06-08|ensemble_lr0.20_rf0.30_xgb0.50,AAVAS.NS,2026-06-08,ensemble_lr0.20_rf0.30_xgb0.50,2025-06-09,2026-06-08,2026-06-08,2025-07-04,2026-06-05,2026-06-08,226,2026-06-05,True,0,0.5217391304347826,0.2755769790193582,0.06,0.17595230042934418,0.16109154601854372,0,83.89,0.33723337267953857,0,66.28,HOLD,0.4368,-0.1265,High Volatility,-0.335,0.0,unavailable_no_point_in_time_source,False,1297.8,1259.300048828125,2026-06-09,1256.9000244140625,-0.1906,0,2026-06-11,1328.199951171875,5.4713,1.0,2026-06-15,1405.199951171875,11.5858,1.0,2026-06-22,1466.5999755859375,16.4615,1.0,0,1,1,1,1,1,-3.1515,0,0.0,0.0,0.0,0.0,0.0,2.3424,1.0,0.0,0.0,0.0,0.0,0.0,8.2755,0.0,0.0,0.0,0.0,0.0,0.0,13.0066,0.0,80-85,65-70
ABCAPITAL.NS|2026-06-08|ensemble_lr0.20_rf0.30_xgb0.50,ABCAPITAL.NS,2026-06-08,ensemble_lr0.20_rf0.30_xgb0.50,2025-06-09,2026-06-08,2026-06-08,2025-07-04,2026-06-05,2026-06-08,226,2026-06-05,True,0,0.5869565217391305,0.7540369311911613,0.2,0.2561584711074829,0.3388866217919737,0,66.11,0.7140327680834323,1,71.4,HOLD,0.4932,-0.0135,Sideways,0.335,0.0,unavailable_no_point_in_time_source,True,357.5,344.0,2026-06-09,351.3500061035156,2.1366,1,2026-06-11,336.6000061035156,-2.1512,0.0,2026-06-15,368.20001220703125,7.0349,1.0,2026-06-22,391.95001220703125,13.939,1.0,0,0,1,0,0,1,-1.7203,1,1.0,0.0,1.0,1.0,1.0,-5.8462,0.0,0.0,1.0,0.0,0.0,0.0,2.993,1.0,0.0,1.0,0.0,0.0,0.0,9.6364,0.0,65-70,70-75
ABFRL.NS|2026-06-08|ensemble_lr0.20_rf0.30_xgb0.50,ABFRL.NS,2026-06-08,ensemble_lr0.20_rf0.30_xgb0.50,2025-06-09,2026-06-08,2026-06-08,2025-07-04,2026-06-05,2026-06-08,226,2026-06-05,True,0,0.5434782608695653,0.491372215442089,0.24,0.14648286998271942,0.2435158780797775,0,75.65,0.4848534732885567,0,51.51,SELL,0.3448,-0.3105,High Volatility,-0.5,0.0,unavailable_no_point_in_time_source,True,60.09,59.290000915527344,2026-06-09,60.45000076293945,1.9565,1,2026-06-11,58.2400016784668,-1.771,0.0,2026-06-15,61.040000915527344,2.9516,1.0,2026-06-22,60.720001220703125,2.4119,1.0,0,0,0,0,0,0,0.5991,0,1.0,1.0,1.0,1.0,1.0,-3.0787,1.0,0.0,0.0,0.0,0.0,0.0,1.581,0.0,0.0,0.0,0.0,0.0,0.0,1.0484,0.0,75-80,50-55
ACC.NS|2026-06-08|ensemble_lr0.20_rf0.30_xgb0.50,ACC.NS,2026-06-08,ensemble_lr0.20_rf0.30_xgb0.50,2025-06-09,2026-06-08,2026-06-08,2025-07-04,2026-06-05,2026-06-08,226,2026-06-05,True,0,0.6014492753623188,0.2651804081152848,0.04,0.045490410178899765,0.08778128671250685,0,91.22,0.4719674715908987,0,52.8,SELL,0.3644,-0.2711,Sideways,-0.665,0.0,unavailable_no_point_in_time_source,False,1322.15,1312.10791015625,2026-06-09,1317.0791015625,0.3789,1,2026-06-11,1296.199951171875,-1.2124,0.0,2026-06-15,1356.4000244140625,3.3756,1.0,2026-06-22,1349.800048828125,2.8726,1.0,0,0,0,0,0,0,-0.3835,1,1.0,1.0,1.0,1.0,1.0,-1.9627,1.0,0.0,0.0,0.0,0.0,0.0,2.5905,0.0,0.0,0.0,0.0,0.0,0.0,2.0913,0.0,90-95,50-55
ADANIENT.NS|2026-06-08|ensemble_lr0.20_rf0.30_xgb0.50,ADANIENT.NS,2026-06-08,ensemble_lr0.20_rf0.30_xgb0.50,2025-06-09,2026-06-08,2026-06-08,2025-07-04,2026-06-05,2026-06-08,226,2026-06-05,True,0,0.49275362318840576,0.5177613584552503,0.22,0.14796605706214905,0.2435353002221246,0,75.65,0.7605860512909273,1,76.06,BUY,0.6815,0.363,Bullish,1.0,0.0,unavailable_no_point_in_time_source,False,3046.84,2968.672607421875,2026-06-09,2978.568115234375,0.3333,1,2026-06-11,2907.5,-2.0606,0.0,2026-06-15,2942.5,-0.8816,0.0,2026-06-22,3059.60009765625,3.0629,1.0,0,0,1,0,0,1,-2.2407,0,1.0,0.0,1.0,1.0,0.0,-4.5733,0.0,1.0,0.0,1.0,1.0,0.0,-3.4245,0.0,0.0,1.0,0.0,0.0,1.0,0.4188,1.0,75-80,75-80
ADANIPORTS.NS|2026-06-08|ensemble_lr0.20_rf0.30_xgb0.50,ADANIPORTS.NS,2026-06-08,ensemble_lr0.20_rf0.30_xgb0.50,2025-06-09,2026-06-08,2026-06-08,2025-07-04,2026-06-05,2026-06-08,226,2026-06-05,True,0,0.4492753623188406,0.2992752700712815,0.14,0.1352783739566803,0.16949424099259647,0,83.05,0.3837717398209613,0,61.62,HOLD,0.5721,0.1441,Bullish,0.665,0.0,unavailable_no_point_in_time_source,True,1816.54,1797.4248046875,2026-06-09,1818.735107421875,1.1856,1,2026-06-11,1779.5999755859375,-0.9917,0.0,2026-06-15,1804.800048828125,0.4103,1.0,2026-06-22,1827.199951171875,1.6565,1.0,0,0,0,0,0,1,0.1208,1,1.0,1.0,1.0,1.0,1.0,-2.0335,1.0,0.0,0.0,0.0,0.0,1.0,-0.6463,1.0,0.0,0.0,0.0,0.0,1.0,0.5868,1.0,80-85,60-65
AETHER.NS|2026-06-08|ensemble_lr0.20_rf0.30_xgb0.50,AETHER.NS,2026-06-08,ensemble_lr0.20_rf0.30_xgb0.50,2025-06-09,2026-06-08,2026-06-08,2025-07-04,2026-06-05,2026-06-08,226,2026-06-05,True,0,0.5869565217391305,0.5124644191659247,0.1,0.11327768862247467,0.18913172814442228,0,81.09,0.2372925625060523,0,76.27,HOLD,0.5052,0.0105,High Volatility,0.165,0.0,unavailable_no_point_in_time_source,False,1138.2,1136.5,2026-06-09,1135.0,-0.132,0,2026-06-11,1128.800048828125,-0.6775,0.0,2026-06-15,1149.5999755859375,1.1527,1.0,2026-06-22,1226.800048828125,7.9455,1.0,0,1,1,1,1,1,-0.2811,1,1.0,1.0,1.0,1.0,1.0,-0.8259,1.0,0.0,0.0,0.0,0.0,1.0,1.0016,1.0,0.0,0.0,0.0,0.0,0.0,7.7842,0.0,80-85,75-80
AIAENG.NS|2026-06-08|ensemble_lr0.20_rf0.30_xgb0.50,AIAENG.NS,2026-06-08,ensemble_lr0.20_rf0.30_xgb0.50,2025-06-09,2026-06-08,2026-06-08,2025-07-04,2026-06-05,2026-06-08,226,2026-06-05,True,1,0.41304347826086957,0.5265211363595401,0.34,0.3736119866371155,0.39411022059046574,0,60.59,0.5869112440268205,1,58.69,BUY,0.6843,0.3686,Bullish,1.0,0.0,unavailable_no_point_in_time_source,False,4613.36,4528.47705078125,2026-06-09,4472.28857421875,-1.2408,0,2026-06-11,4302.3271484375,-4.994,0.0,2026-06-15,4452.46337890625,-1.6786,0.0,2026-06-22,4829.84423828125,6.6549,1.0,0,1,0,0,1,0,-3.0579,0,1.0,0.0,0.0,1.0,0.0,-6.742,0.0,1.0,0.0,0.0,1.0,0.0,-3.4876,0.0,0.0,1.0,1.0,0.0,1.0,4.6926,1.0,60-65,55-60
AJANTPHARM.NS|2026-06-08|ensemble_lr0.20_rf0.30_xgb0.50,AJANTPHARM.NS,2026-06-08,ensemble_lr0.20_rf0.30_xgb0.50,2025-06-09,2026-06-08,2026-06-08,2025-07-04,2026-06-05,2026-06-08,226,2026-06-05,True,0,0.5072463768115942,0.5818006060989276,0.26,0.22154241800308228,0.30513133022132666,0,69.49,0.3532464606021014,0,64.68,HOLD,0.4771,-0.0459,High Volatility,0.335,0.0,unavailable_no_point_in_time_source,False,2949.48,2941.85009765625,2026-06-09,2989.810546875,1.6303,1,2026-06-11,3114.864990234375,5.8812,1.0,2026-06-15,3026.6728515625,2.8833,1.0,2026-06-22,3160.74462890625,7.4407,1.0,0,0,0,0,0,1,1.3674,1,0.0,0.0,0.0,0.0,0.0,5.6073,0.0,0.0,0.0,0.0,0.0,1.0,2.6172,1.0,0.0,0.0,0.0,0.0,0.0,7.1628,0.0,65-70,60-65
ALEMBICLTD.NS|2026-06-08|ensemble_lr0.20_rf0.30_xgb0.50,ALEMBICLTD.NS,2026-06-08,ensemble_lr0.20_rf0.30_xgb0.50,2025-06-09,2026-06-08,2026-06-08,2025-07-04,2026-06-05,2026-06-08,226,2026-06-05,True,0,0.49275362318840576,0.46420992842548847,0.22,0.27595070004463196,0.2968173357074137,0,70.32,0.5501473833986146,1,55.01,SELL,0.4193,-0.1615,Sideways,-0.165,0.0,unavailable_no_point_in_time_source,False,84.84,83.48551940917969,2026-06-09,84.45933532714844,1.1664,1,2026-06-11,83.12519836425781,-0.4316,0.0,2026-06-15,87.03995513916016,4.2575,1.0,2026-06-22,88.93890380859375,6.5321,1.0,0,0,1,0,0,0,-0.4487,1,1.0,0.0,1.0,1.0,1.0,-2.0212,1.0,0.0,1.0,0.0,0.0,0.0,2.5931,0.0,0.0,1.0,0.0,0.0,0.0,4.8313,0.0,70-75,55-60
ALKEM.NS|2026-06-08|ensemble_lr0.20_rf0.30_xgb0.50,ALKEM.NS,2026-06-08,ensemble_lr0.20_rf0.30_xgb0.50,2025-06-09,2026-06-08,2026-06-08,2025-07-04,2026-06-05,2026-06-08,226,2026-06-05,True,1,0.5144927536231885,0.6634672480828677,0.82,0.9151480793952942,0.8362674893142206,1,83.63,0.5929803462058076,1,59.3,HOLD,0.508,0.016,Sideways,-0.5,0.0,unavailable_no_point_in_time_source,False,5242.12,5346.9306640625,2026-06-09,5345.93212890625,-0.0187,0,2026-06-11,5292.02880859375,-1.0268,0.0,2026-06-15,5324.470703125,-0.4201,0.0,2026-06-22,5357.41162109375,0.196,1.0,1,0,0,0,0,1,1.9803,1,0.0,0.0,0.0,0.0,1.0,0.9521,1.0,0.0,0.0,0.0,0.0,1.0,1.5709,1.0,1.0,1.0,1.0,1.0,1.0,2.1993,1.0,80-85,55-60
AMBER.NS|2026-06-08|ensemble_lr0.20_rf0.30_xgb0.50,AMBER.NS,2026-06-08,ensemble_lr0.20_rf0.30_xgb0.50,2025-06-09,2026-06-08,2026-06-08,2025-07-04,2026-06-05,2026-06-08,226,2026-06-05,True,1,0.5942028985507246,0.40477208500712153,0.26,0.24219393730163574,0.2800513856522422,0,71.99,0.7032684465151586,1,70.33,HOLD,0.5148,0.0296,High Volatility,0.5,0.0,unavailable_no_point_in_time_source,True,7822.0,7750.0,2026-06-09,7726.0,-0.3097,0,2026-06-11,7290.0,-5.9355,0.0,2026-06-15,7620.0,-1.6774,0.0,2026-06-22,7906.5,2.0194,1.0,0,1,0,0,1,1,-1.2273,1,1.0,0.0,0.0,1.0,0.0,-6.8013,0.0,1.0,0.0,0.0,1.0,1.0,-2.5825,1.0,0.0,1.0,1.0,0.0,1.0,1.0803,1.0,70-75,70-75
ANGELONE.NS|2026-06-08|ensemble_lr0.20_rf0.30_xgb0.50,ANGELONE.NS,2026-06-08,ensemble_lr0.20_rf0.30_xgb0.50,2025-06-09,2026-06-08,2026-06-08,2025-07-04,2026-06-05,2026-06-08,226,2026-06-05,True,0,0.5,0.29644396479116375,0.16,0.15130707621574402,0.18294233106610475,0,81.71,0.5514822038887046,1,55.15,HOLD,0.5077,0.0153,High Volatility,0.5,0.0,unavailable_no_point_in_time_source,True,331.57,324.6958312988281,2026-06-09,336.50927734375,3.6383,1,2026-06-11,322.7518310546875,-0.5987,0.0,2026-06-15,351.21380615234375,8.167,1.0,2026-06-22,353.7060852050781,8.9346,1.0,0,0,1,0,0,0,1.4897,1,1.0,0.0,1.0,1.0,1.0,-2.6595,1.0,0.0,1.0,0.0,0.0,0.0,5.9245,0.0,0.0,1.0,0.0,0.0,0.0,6.6761,0.0,80-85,55-60
APARINDS.NS|2026-06-08|ensemble_lr0.20_rf0.30_xgb0.50,APARINDS.NS,2026-06-08,ensemble_lr0.20_rf0.30_xgb0.50,2025-06-09,2026-06-08,2026-06-08,2025-07-04,2026-06-05,2026-06-08,226,2026-06-05,True,1,0.4710144927536232,0.5309635724185954,0.32,0.28722214698791504,0.34580378797767664,0,65.42,0.7382991411379443,1,73.83,BUY,0.6056,0.2112,High Volatility,1.0,0.0,unavailable_no_point_in_time_source,False,13829.98,13230.0673828125,2026-06-09,13561.9150390625,2.5083,1,2026-06-11,14500.65625,9.6038,1.0,2026-06-15,15930.69140625,20.4128,1.0,2026-06-22,16116.0478515625,21.8138,1.0,0,0,1,1,0,1,-1.9383,0,0.0,1.0,1.0,0.0,1.0,4.8494,1.0,0.0,1.0,1.0,0.0,1.0,15.1895,1.0,0.0,1.0,1.0,0.0,1.0,16.5298,1.0,65-70,70-75
APOLLOHOSP.NS|2026-06-08|ensemble_lr0.20_rf0.30_xgb0.50,APOLLOHOSP.NS,2026-06-08,ensemble_lr0.20_rf0.30_xgb0.50,2025-06-09,2026-06-08,2026-06-08,2025-07-04,2026-06-05,2026-06-08,226,2026-06-05,True,0,0.44927536231884063,0.3678744217678099,0.76,0.7442106008529663,0.6736801847800451,1,67.37,0.6676859500719525,1,66.77,BUY,0.6447,0.2894,Sideways,0.665,0.0,unavailable_no_point_in_time_source,False,8294.84,8348.78125,2026-06-09,8514.0888671875,1.98,1,2026-06-11,8483.125,1.6091,1.0,2026-06-15,8458.6533203125,1.316,1.0,2026-06-22,8459.15234375,1.322,1.0,1,1,1,0,1,1,2.6432,1,1.0,1.0,0.0,1.0,1.0,2.2699,1.0,1.0,1.0,0.0,1.0,1.0,1.9749,1.0,1.0,1.0,0.0,1.0,1.0,1.9809,1.0,65-70,65-70
APOLLOTYRE.NS|2026-06-08|ensemble_lr0.20_rf0.30_xgb0.50,APOLLOTYRE.NS,2026-06-08,ensemble_lr0.20_rf0.30_xgb0.50,2025-06-09,2026-06-08,2026-06-08,2025-07-04,2026-06-05,2026-06-08,226,2026-06-05,True,0,0.47826086956521735,0.384569265154167,0.28,0.28785866498947144,0.3048431855255691,0,69.52,0.582984512507411,1,58.3,SELL,0.4019,-0.1962,Sideways,-0.5,0.0,unavailable_no_point_in_time_source,True,394.54,382.66162109375,2026-06-09,389.1246643066406,1.689,1,2026-06-11,378.1374816894531,-1.1823,0.0,2026-06-15,411.9938659667969,7.6653,1.0,2026-06-22,425.71539306640625,11.2511,1.0,0,0,1,0,0,0,-1.3726,1,1.0,0.0,1.0,1.0,1.0,-4.1574,1.0,0.0,1.0,0.0,0.0,0.0,4.4239,0.0,0.0,1.0,0.0,0.0,0.0,7.9017,0.0,65-70,55-60
ASHOKLEY.NS|2026-06-08|ensemble_lr0.20_rf0.30_xgb0.50,ASHOKLEY.NS,2026-06-08,ensemble_lr0.20_rf0.30_xgb0.50,2025-06-09,2026-06-08,2026-06-08,2025-07-04,2026-06-05,2026-06-08,226,2026-06-05,True,1,0.5,0.3564066850490598,0.34,0.33672332763671875,0.34164300082817134,0,65.84,0.5981538903002557,1,59.82,SELL,0.3482,-0.3036,High Volatility,-0.5,0.0,unavailable_no_point_in_time_source,True,145.29,141.02000427246094,2026-06-09,143.8000030517578,1.9714,1,2026-06-11,138.5800018310547,-1.7303,0.0,2026-06-15,157.6999969482422,11.8281,1.0,2026-06-22,157.19000244140625,11.4665,1.0,0,0,1,1,0,0,-1.0255,1,1.0,0.0,0.0,1.0,1.0,-4.6183,1.0,0.0,1.0,1.0,0.0,0.0,8.5415,0.0,0.0,1.0,1.0,0.0,0.0,8.1905,0.0,65-70,55-60
ASIANPAINT.NS|2026-06-08|ensemble_lr0.20_rf0.30_xgb0.50,ASIANPAINT.NS,2026-06-08,ensemble_lr0.20_rf0.30_xgb0.50,2025-06-09,2026-06-08,2026-06-08,2025-07-04,2026-06-05,2026-06-08,226,2026-06-05,True,0,0.5217391304347826,0.5424413204149852,0.24,0.27040350437164307,0.31569001626881854,0,68.43,0.6873462118170571,1,68.73,HOLD,0.5675,0.1351,Bullish,0.5,0.0,unavailable_no_point_in_time_source,True,2663.59,2636.3271484375,2026-06-09,2684.806640625,1.8389,1,2026-06-11,2667.75439453125,1.1921,1.0,2026-06-15,2715.73828125,3.0122,1.0,2026-06-22,2651.0,0.5566,1.0,0,0,1,0,0,1,0.7965,1,0.0,1.0,0.0,0.0,1.0,0.1563,1.0,0.0,1.0,0.0,0.0,0.0,1.9578,1.0,0.0,1.0,0.0,0.0,1.0,-0.4727,1.0,65-70,65-70
ASTRAL.NS|2026-06-08|ensemble_lr0.20_rf0.30_xgb0.50,ASTRAL.NS,2026-06-08,ensemble_lr0.20_rf0.30_xgb0.50,2025-06-09,2026-06-08,2026-06-08,2025-07-04,2026-06-05,2026-06-08,226,2026-06-05,True,0,0.5507246376811593,0.6419590308193535,0.26,0.1724591851234436,0.2926213987255925,0,70.74,0.370772317713046,0,62.92,SELL,0.4127,-0.1745,Sideways,0.0,0.0,unavailable_no_point_in_time_source,True,1516.42,1508.826904296875,2026-06-09,1523.6036376953125,0.9794,1,2026-06-11,1487.85986328125,-1.3896,0.0,2026-06-15,1542.3741455078125,2.2234,1.0,2026-06-22,1555.353759765625,3.0836,1.0,0,0,0,0,0,0,0.4737,0,1.0,1.0,1.0,1.0,1.0,-1.8834,1.0,0.0,0.0,0.0,0.0,0.0,1.7115,0.0,0.0,0.0,0.0,0.0,0.0,2.5675,0.0,70-75,60-65
AUBANK.NS|2026-06-08|ensemble_lr0.20_rf0.30_xgb0.50,AUBANK.NS,2026-06-08,ensemble_lr0.20_rf0.30_xgb0.50,2025-06-09,2026-06-08,2026-06-08,2025-07-04,2026-06-05,2026-06-08,226,2026-06-05,True,0,0.5217391304347826,0.42038046642796645,0.2,0.09856417775154114,0.19335818216136386,0,80.66,0.6590261079566928,1,65.9,HOLD,0.4319,-0.1362,Sideways,-0.165,0.0,unavailable_no_point_in_time_source,True,968.46,957.9697265625,2026-06-09,977.5506591796875,2.044,1,2026-06-11,962.3654174804688,0.4589,1.0,2026-06-15,1032.59716796875,7.7902,1.0,2026-06-22,1044.0361328125,8.9843,1.0,0,0,1,0,0,1,0.9387,1,0.0,1.0,0.0,0.0,1.0,-0.6293,1.0,0.0,1.0,0.0,0.0,0.0,6.6226,0.0,0.0,1.0,0.0,0.0,0.0,7.8037,0.0,80-85,65-70
AXISBANK.NS|2026-06-08|ensemble_lr0.20_rf0.30_xgb0.50,AXISBANK.NS,2026-06-08,ensemble_lr0.20_rf0.30_xgb0.50,2025-06-09,2026-06-08,2026-06-08,2025-07-04,2026-06-05,2026-06-08,226,2026-06-05,True,0,0.4710144927536232,0.2514566724175181,0.2,0.2506040036678314,0.23559333631741933,0,76.44,0.5975630061223798,1,59.76,SELL,0.3996,-0.2008,Sideways,-0.165,0.0,unavailable_no_point_in_time_source,True,1271.32,1267.1226806640625,2026-06-09,1291.404052734375,1.9163,1,2026-06-11,1316.284912109375,3.8798,1.0,2026-06-15,1367.24560546875,7.9016,1.0,2026-06-22,1357.552978515625,7.1367,1.0,0,0,1,0,0,0,1.5798,0,0.0,1.0,0.0,0.0,0.0,3.5369,0.0,0.0,1.0,0.0,0.0,0.0,7.5454,0.0,0.0,1.0,0.0,0.0,0.0,6.7829,0.0,75-80,55-60
BAJAJ-AUTO.NS|2026-06-08|ensemble_lr0.20_rf0.30_xgb0.50,BAJAJ-AUTO.NS,2026-06-08,ensemble_lr0.20_rf0.30_xgb0.50,2025-06-09,2026-06-08,2026-06-08,2025-07-04,2026-06-05,2026-06-08,226,2026-06-05,True,1,0.5579710144927537,0.1895511519353808,0.2,0.3208610415458679,0.2583407511600101,0,74.17,0.3573938605159458,0,64.26,HOLD,0.5478,0.0956,Bullish,0.5,0.0,unavailable_no_point_in_time_source,False,10342.0,10231.0,2026-06-09,10184.0,-0.4594,0,2026-06-11,10114.0,-1.1436,0.0,2026-06-15,9943.0,-2.815,0.0,2026-06-22,10191.0,-0.391,0.0,0,1,1,0,1,1,-1.5278,1,1.0,1.0,0.0,1.0,1.0,-2.2046,1.0,1.0,1.0,0.0,1.0,1.0,-3.8581,0.0,1.0,1.0,0.0,1.0,1.0,-1.4601,1.0,70-75,60-65
BAJAJFINSV.NS|2026-06-08|ensemble_lr0.20_rf0.30_xgb0.50,BAJAJFINSV.NS,2026-06-08,ensemble_lr0.20_rf0.30_xgb0.50,2025-06-09,2026-06-08,2026-06-08,2025-07-04,2026-06-05,2026-06-08,226,2026-06-05,True,0,0.463768115942029,0.281185034696603,0.16,0.21954479813575745,0.2140094060071993,0,78.6,0.46473066554230064,0,53.53,SELL,0.2937,-0.4125,Bearish,-1.0,0.0,unavailable_no_point_in_time_source,True,1701.75,1673.1722412109375,2026-06-09,1691.656494140625,1.1047,1,2026-06-11,1643.6973876953125,-1.7616,0.0,2026-06-15,1748.707763671875,4.5145,1.0,2026-06-22,1780.680419921875,6.4254,1.0,0,0,0,0,0,0,-0.5931,1,1.0,1.0,1.0,1.0,1.0,-3.4113,1.0,0.0,0.0,0.0,0.0,0.0,2.7594,0.0,0.0,0.0,0.0,0.0,0.0,4.6382,0.0,75-80,50-55
BAJFINANCE.NS|2026-06-08|ensemble_lr0.20_rf0.30_xgb0.50,BAJFINANCE.NS,2026-06-08,ensemble_lr0.20_rf0.30_xgb0.50,2025-06-09,2026-06-08,2026-06-08,2025-07-04,2026-06-05,2026-06-08,226,2026-06-05,True,1,0.5289855072463768,0.5212339189475665,0.18,0.14900559186935425,0.23274957972419044,0,76.73,0.7219238390940952,1,72.19,SELL,0.3859,-0.2282,Sideways,-0.33,0.0,unavailable_no_point_in_time_source,True,883.97,865.77783203125,2026-06-09,881.4813842773438,1.8138,1,2026-06-11,865.231201171875,-0.0631,0.0,2026-06-15,936.5428466796875,8.1736,1.0,2026-06-22,962.384033203125,11.1583,1.0,0,0,1,1,0,0,-0.2815,1,1.0,0.0,0.0,1.0,1.0,-2.1198,1.0,0.0,1.0,1.0,0.0,0.0,5.9474,0.0,0.0,1.0,1.0,0.0,0.0,8.8707,0.0,75-80,70-75
BEL.NS|2026-06-08|ensemble_lr0.20_rf0.30_xgb0.50,BEL.NS,2026-06-08,ensemble_lr0.20_rf0.30_xgb0.50,2025-06-09,2026-06-08,2026-06-08,2025-07-04,2026-06-05,2026-06-08,226,2026-06-05,True,0,0.5217391304347826,0.2290210083016613,0.76,0.5787208676338196,0.563164635477242,1,56.32,0.4283994551775089,0,57.16,HOLD,0.441,-0.1181,Bearish,-0.5,0.0,unavailable_no_point_in_time_source,True,407.65,412.3901672363281,2026-06-09,411.4913635253906,-0.2179,0,2026-06-11,401.75457763671875,-2.579,0.0,2026-06-15,408.9947509765625,-0.8234,0.0,2026-06-22,430.9150085449219,4.4921,1.0,1,0,1,1,0,1,0.9423,1,0.0,1.0,1.0,0.0,1.0,-1.4462,1.0,0.0,1.0,1.0,0.0,1.0,0.3299,1.0,1.0,0.0,0.0,1.0,0.0,5.7071,0.0,55-60,55-60
BPCL.NS|2026-06-08|ensemble_lr0.20_rf0.30_xgb0.50,BPCL.NS,2026-06-08,ensemble_lr0.20_rf0.30_xgb0.50,2025-06-09,2026-06-08,2026-06-08,2025-07-04,2026-06-05,2026-06-08,226,2026-06-05,True,0,0.4710144927536231,0.31918412041845035,0.12,0.1621398627758026,0.18090675547159138,0,81.91,0.616772603731244,1,61.68,SELL,0.3286,-0.3428,Sideways,-0.67,0.0,unavailable_no_point_in_time_source,True,295.0,285.1499938964844,2026-06-09,289.1000061035156,1.3852,1,2026-06-11,286.3500061035156,0.4208,1.0,2026-06-15,310.6000061035156,8.9251,1.0,2026-06-22,308.6000061035156,8.2237,1.0,0,0,1,0,0,0,-2.0,1,0.0,1.0,0.0,0.0,0.0,-2.9322,1.0,0.0,1.0,0.0,0.0,0.0,5.2881,0.0,0.0,1.0,0.0,0.0,0.0,4.6102,0.0,80-85,60-65
AARTIIND.NS|2026-06-15|ensemble_lr0.20_rf0.30_xgb0.50,AARTIIND.NS,2026-06-15,ensemble_lr0.20_rf0.30_xgb0.50,2025-06-16,2026-06-15,2026-06-15,2025-07-11,2026-06-12,2026-06-15,226,2026-06-12,True,0,0.41304347826086957,0.3334597253023805,0.82,0.8139922618865967,0.7196880760037744,1,71.97,0.4970293599185288,0,50.3,HOLD,0.5729,0.1459,High Volatility,0.17,0.0,unavailable_no_point_in_time_source,True,439.73,497.16168212890625,2026-06-16,495.714599609375,-0.2911,0,2026-06-18,485.48492431640625,-2.3487,0.0,2026-06-22,485.23541259765625,-2.3989,0.0,2026-06-30,457.3907470703125,-7.9996,0.0,1,0,1,1,0,1,12.7316,0,0.0,1.0,1.0,0.0,1.0,10.4052,0.0,0.0,1.0,1.0,0.0,1.0,10.3485,0.0,0.0,1.0,1.0,0.0,0.0,4.0163,0.0,70-75,50-55
AAVAS.NS|2026-06-15|ensemble_lr0.20_rf0.30_xgb0.50,AAVAS.NS,2026-06-15,ensemble_lr0.20_rf0.30_xgb0.50,2025-06-16,2026-06-15,2026-06-15,2025-07-11,2026-06-12,2026-06-15,226,2026-06-12,True,0,0.4927536231884058,0.2785467231936586,0.24,0.2538793981075287,0.2546490436924961,0,74.54,0.5755609028465452,1,57.56,HOLD,0.5565,0.1131,High Volatility,0.335,0.0,unavailable_no_point_in_time_source,False,1405.7,1405.199951171875,2026-06-16,1393.5,-0.8326,0,2026-06-18,1467.5999755859375,4.4407,1.0,2026-06-22,1466.5999755859375,4.3695,1.0,2026-06-30,1520.800048828125,8.2266,1.0,0,1,0,1,1,1,-0.8679,1,0.0,1.0,0.0,0.0,0.0,4.4035,0.0,0.0,1.0,0.0,0.0,0.0,4.3324,0.0,0.0,1.0,0.0,0.0,0.0,8.1881,0.0,70-75,55-60
ABCAPITAL.NS|2026-06-15|ensemble_lr0.20_rf0.30_xgb0.50,ABCAPITAL.NS,2026-06-15,ensemble_lr0.20_rf0.30_xgb0.50,2025-06-16,2026-06-15,2026-06-15,2025-07-11,2026-06-12,2026-06-15,226,2026-06-12,True,0,0.5652173913043478,0.5807949993886772,0.8,0.6555047035217285,0.6839113516385997,1,68.39,0.5652338821971432,1,56.52,BUY,0.6103,0.2206,High Volatility,0.335,0.0,unavailable_no_point_in_time_source,True,358.1,368.20001220703125,2026-06-16,373.79998779296875,1.5209,1,2026-06-18,370.6000061035156,0.6518,1.0,2026-06-22,391.95001220703125,6.4503,1.0,2026-06-30,391.95001220703125,6.4503,1.0,1,1,1,0,1,1,4.3842,1,1.0,1.0,0.0,1.0,1.0,3.4906,1.0,1.0,1.0,0.0,1.0,1.0,9.4527,1.0,1.0,1.0,0.0,1.0,1.0,9.4527,1.0,65-70,55-60
ABFRL.NS|2026-06-15|ensemble_lr0.20_rf0.30_xgb0.50,ABFRL.NS,2026-06-15,ensemble_lr0.20_rf0.30_xgb0.50,2025-06-16,2026-06-15,2026-06-15,2025-07-11,2026-06-12,2026-06-15,226,2026-06-12,True,0,0.5072463768115942,0.5875453989843018,0.78,0.6522999405860901,0.6776590500899053,1,67.77,0.4251419679452314,0,57.49,HOLD,0.4712,-0.0576,High Volatility,-0.5,0.0,unavailable_no_point_in_time_source,True,59.9,61.040000915527344,2026-06-16,60.970001220703125,-0.1147,0,2026-06-18,61.540000915527344,0.8191,1.0,2026-06-22,60.720001220703125,-0.5242,0.0,2026-06-30,58.060001373291016,-4.882,0.0,1,0,1,1,0,1,1.7863,1,1.0,0.0,0.0,1.0,1.0,2.7379,1.0,0.0,1.0,1.0,0.0,1.0,1.369,1.0,0.0,1.0,1.0,0.0,0.0,-3.0718,0.0,65-70,55-60
ACC.NS|2026-06-15|ensemble_lr0.20_rf0.30_xgb0.50,ACC.NS,2026-06-15,ensemble_lr0.20_rf0.30_xgb0.50,2025-06-16,2026-06-15,2026-06-15,2025-07-11,2026-06-12,2026-06-15,226,2026-06-12,True,0,0.5434782608695653,0.2899598587141274,0.82,0.8486855030059814,0.7283347232458162,1,72.83,0.5155460330015842,1,51.55,HOLD,0.4892,-0.0215,Sideways,-0.5,0.0,unavailable_no_point_in_time_source,False,1336.6,1356.4000244140625,2026-06-16,1349.0,-0.5456,0,2026-06-18,1358.9000244140625,0.1843,1.0,2026-06-22,1349.800048828125,-0.4866,0.0,2026-06-30,1327.199951171875,-2.1528,0.0,1,0,0,1,0,1,0.9277,1,1.0,1.0,0.0,1.0,1.0,1.6684,1.0,0.0,0.0,1.0,0.0,1.0,0.9876,1.0,0.0,0.0,1.0,0.0,1.0,-0.7033,1.0,70-75,50-55
ADANIENT.NS|2026-06-15|ensemble_lr0.20_rf0.30_xgb0.50,ADANIENT.NS,2026-06-15,ensemble_lr0.20_rf0.30_xgb0.50,2025-06-16,2026-06-15,2026-06-15,2025-07-11,2026-06-12,2026-06-15,226,2026-06-12,True,0,0.43478260869565216,0.6040421778431824,0.86,0.8166009783744812,0.7871089247558771,1,78.71,0.5537845099537546,1,55.38,BUY,0.7119,0.4238,Bullish,0.665,0.0,unavailable_no_point_in_time_source,False,2921.6,2942.5,2026-06-16,2943.60009765625,0.0374,1,2026-06-18,3013.39990234375,2.4095,1.0,2026-06-22,3059.60009765625,3.9796,1.0,2026-06-30,3036.0,3.1776,1.0,1,1,1,0,1,1,0.753,1,1.0,1.0,0.0,1.0,1.0,3.1421,1.0,1.0,1.0,0.0,1.0,1.0,4.7234,1.0,1.0,1.0,0.0,1.0,1.0,3.9157,1.0,75-80,55-60
ADANIPORTS.NS|2026-06-15|ensemble_lr0.20_rf0.30_xgb0.50,ADANIPORTS.NS,2026-06-15,ensemble_lr0.20_rf0.30_xgb0.50,2025-06-16,2026-06-15,2026-06-15,2025-07-11,2026-06-12,2026-06-15,226,2026-06-12,True,0,0.43478260869565216,0.3890721475368158,0.12,0.16909529268741608,0.1983620758510712,0,80.16,0.3659660518434148,0,63.4,HOLD,0.5507,0.1014,Bullish,0.5,0.0,unavailable_no_point_in_time_source,True,1812.9,1804.800048828125,2026-06-16,1822.0,0.953,1,2026-06-18,1842.0999755859375,2.0667,1.0,2026-06-22,1827.199951171875,1.2411,1.0,2026-06-30,1810.199951171875,0.2992,1.0,0,0,0,0,0,1,0.502,1,0.0,0.0,0.0,0.0,1.0,1.6107,1.0,0.0,0.0,0.0,0.0,1.0,0.7888,1.0,0.0,0.0,0.0,0.0,1.0,-0.1489,1.0,80-85,60-65
AETHER.NS|2026-06-15|ensemble_lr0.20_rf0.30_xgb0.50,AETHER.NS,2026-06-15,ensemble_lr0.20_rf0.30_xgb0.50,2025-06-16,2026-06-15,2026-06-15,2025-07-11,2026-06-12,2026-06-15,226,2026-06-12,True,0,0.5869565217391305,0.4695480851799628,0.8,0.6856817007064819,0.6767504673892335,1,67.68,0.4557536950957082,0,54.42,BUY,0.5998,0.1996,High Volatility,0.165,0.0,unavailable_no_point_in_time_source,False,1142.9,1149.5999755859375,2026-06-16,1177.699951171875,2.4443,1,2026-06-18,1154.5,0.4262,1.0,2026-06-22,1226.800048828125,6.7154,1.0,2026-06-30,1359.0999755859375,18.2237,1.0,1,1,0,0,1,1,3.0449,1,1.0,0.0,0.0,1.0,1.0,1.015,1.0,1.0,0.0,0.0,1.0,1.0,7.341,1.0,1.0,0.0,0.0,1.0,1.0,18.9168,1.0,65-70,50-55
AIAENG.NS|2026-06-15|ensemble_lr0.20_rf0.30_xgb0.50,AIAENG.NS,2026-06-15,ensemble_lr0.20_rf0.30_xgb0.50,2025-06-16,2026-06-15,2026-06-15,2025-07-11,2026-06-12,2026-06-15,226,2026-06-12,True,1,0.4275362318840579,0.5413497228835403,0.92,0.8488820195198059,0.8087109543366111,1,80.87,0.5318828314776597,1,53.19,BUY,0.6573,0.3146,High Volatility,0.5,0.0,unavailable_no_point_in_time_source,False,4317.47,4452.46337890625,2026-06-16,4474.57958984375,0.4967,1,2026-06-18,4515.92431640625,1.4253,1.0,2026-06-22,4829.84423828125,8.4758,1.0,2026-06-30,5062.3701171875,13.6982,1.0,1,1,1,1,1,1,3.6389,1,1.0,1.0,1.0,1.0,1.0,4.5965,1.0,1.0,1.0,1.0,1.0,1.0,11.8675,1.0,1.0,1.0,1.0,1.0,1.0,17.2532,1.0,80-85,50-55
AJANTPHARM.NS|2026-06-15|ensemble_lr0.20_rf0.30_xgb0.50,AJANTPHARM.NS,2026-06-15,ensemble_lr0.20_rf0.30_xgb0.50,2025-06-16,2026-06-15,2026-06-15,2025-07-11,2026-06-12,2026-06-15,226,2026-06-12,True,0,0.5362318840579711,0.6409753933759094,0.12,0.17694684863090515,0.2526685029906345,0,74.73,0.32589508420186997,0,67.41,HOLD,0.5726,0.1452,High Volatility,1.0,0.0,unavailable_no_point_in_time_source,False,3102.58,3026.6728515625,2026-06-16,3051.7431640625,0.8283,1,2026-06-18,3045.69873046875,0.6286,1.0,2026-06-22,3160.74462890625,4.4297,1.0,2026-06-30,3391.629638671875,12.058,1.0,0,0,0,0,0,1,-1.6385,1,0.0,0.0,0.0,0.0,1.0,-1.8334,1.0,0.0,0.0,0.0,0.0,0.0,1.8747,1.0,0.0,0.0,0.0,0.0,0.0,9.3164,0.0,70-75,65-70
ALEMBICLTD.NS|2026-06-15|ensemble_lr0.20_rf0.30_xgb0.50,ALEMBICLTD.NS,2026-06-15,ensemble_lr0.20_rf0.30_xgb0.50,2025-06-16,2026-06-15,2026-06-15,2025-07-11,2026-06-12,2026-06-15,226,2026-06-12,True,0,0.5072463768115942,0.8241617326685734,0.78,0.8976655006408691,0.8476650968541493,1,84.77,0.4839389254401333,0,51.61,HOLD,0.5185,0.0371,Sideways,-0.165,0.0,unavailable_no_point_in_time_source,False,84.78,87.03995513916016,2026-06-16,86.91336059570312,-0.1454,0,2026-06-18,91.31501770019531,4.9116,1.0,2026-06-22,88.93890380859375,2.1817,1.0,2026-06-30,89.18235778808594,2.4614,1.0,1,0,1,1,0,1,2.5163,1,1.0,0.0,0.0,1.0,0.0,7.7082,0.0,1.0,0.0,0.0,1.0,1.0,4.9055,0.0,1.0,0.0,0.0,1.0,1.0,5.1927,0.0,80-85,50-55
ALKEM.NS|2026-06-15|ensemble_lr0.20_rf0.30_xgb0.50,ALKEM.NS,2026-06-15,ensemble_lr0.20_rf0.30_xgb0.50,2025-06-16,2026-06-15,2026-06-15,2025-07-11,2026-06-12,2026-06-15,226,2026-06-12,True,1,0.47826086956521735,0.4654380026547067,0.8,0.8092778325080872,0.7377265167849849,1,73.77,0.6016707903908775,1,60.17,HOLD,0.4861,-0.0279,Sideways,-0.33,0.0,unavailable_no_point_in_time_source,False,5288.54,5324.470703125,2026-06-16,5338.44580078125,0.2625,1,2026-06-18,5362.40283203125,0.7124,1.0,2026-06-22,5357.41162109375,0.6187,1.0,2026-06-30,5560.048828125,4.4244,1.0,1,1,1,1,1,1,0.9437,1,1.0,1.0,1.0,1.0,1.0,1.3967,1.0,1.0,1.0,1.0,1.0,1.0,1.3023,1.0,1.0,1.0,1.0,1.0,0.0,5.1339,0.0,70-75,60-65
AMBER.NS|2026-06-15|ensemble_lr0.20_rf0.30_xgb0.50,AMBER.NS,2026-06-15,ensemble_lr0.20_rf0.30_xgb0.50,2025-06-16,2026-06-15,2026-06-15,2025-07-11,2026-06-12,2026-06-15,226,2026-06-12,True,0,0.5217391304347826,0.7240425486789497,0.88,0.803810179233551,0.8107135993525655,1,81.07,0.4904577937319468,0,50.95,HOLD,0.5461,0.0922,High Volatility,0.17,0.0,unavailable_no_point_in_time_source,True,7420.0,7620.0,2026-06-16,7810.5,2.5,1,2026-06-18,7965.5,4.5341,1.0,2026-06-22,7906.5,3.7598,1.0,2026-06-30,7530.0,-1.1811,0.0,1,1,0,0,1,1,5.2628,0,1.0,0.0,0.0,1.0,0.0,7.3518,0.0,1.0,0.0,0.0,1.0,0.0,6.5566,0.0,0.0,1.0,1.0,0.0,1.0,1.4825,1.0,80-85,50-55
ANGELONE.NS|2026-06-15|ensemble_lr0.20_rf0.30_xgb0.50,ANGELONE.NS,2026-06-15,ensemble_lr0.20_rf0.30_xgb0.50,2025-06-16,2026-06-15,2026-06-15,2025-07-11,2026-06-12,2026-06-15,226,2026-06-12,True,0,0.5144927536231884,0.47703248006890553,0.74,0.6664496064186096,0.6506312992230859,1,65.06,0.3189630290852154,0,68.1,BUY,0.6515,0.303,High Volatility,0.5,0.0,unavailable_no_point_in_time_source,True,338.45,351.21380615234375,2026-06-16,347.1763000488281,-1.1496,0,2026-06-18,351.7122802734375,0.1419,1.0,2026-06-22,353.7060852050781,0.7096,1.0,2026-06-30,329.63055419921875,-6.1453,0.0,1,0,1,1,0,0,2.5783,1,1.0,0.0,0.0,1.0,1.0,3.9185,1.0,1.0,0.0,0.0,1.0,1.0,4.5076,1.0,0.0,1.0,1.0,0.0,0.0,-2.6058,0.0,65-70,65-70
APARINDS.NS|2026-06-15|ensemble_lr0.20_rf0.30_xgb0.50,APARINDS.NS,2026-06-15,ensemble_lr0.20_rf0.30_xgb0.50,2025-06-16,2026-06-15,2026-06-15,2025-07-11,2026-06-12,2026-06-15,226,2026-06-12,True,1,0.41304347826086957,0.681592058790459,0.8,0.6658679246902466,0.7092523741032151,1,70.93,0.6082961740254685,1,60.83,STRONG BUY,0.7503,0.5007,High Volatility,1.0,0.0,unavailable_no_point_in_time_source,False,15168.34,15930.69140625,2026-06-16,16112.0615234375,1.1385,1,2026-06-18,15757.2939453125,-1.0884,0.0,2026-06-22,16116.0478515625,1.1635,1.0,2026-06-30,15640.6982421875,-1.8203,0.0,1,1,1,1,1,1,6.2217,1,0.0,0.0,0.0,0.0,0.0,3.8828,1.0,1.0,1.0,1.0,1.0,1.0,6.2479,1.0,0.0,0.0,0.0,0.0,0.0,3.1141,1.0,70-75,60-65
APOLLOHOSP.NS|2026-06-15|ensemble_lr0.20_rf0.30_xgb0.50,APOLLOHOSP.NS,2026-06-15,ensemble_lr0.20_rf0.30_xgb0.50,2025-06-16,2026-06-15,2026-06-15,2025-07-11,2026-06-12,2026-06-15,226,2026-06-12,True,0,0.44202898550724634,0.4186629827017244,0.3,0.2738579213619232,0.3106615572213065,0,68.93,0.410687411672187,0,58.93,HOLD,0.5596,0.1192,Sideways,1.0,0.0,unavailable_no_point_in_time_source,False,8488.12,8458.6533203125,2026-06-16,8380.744140625,-0.9211,0,2026-06-18,8401.7197265625,-0.6731,0.0,2026-06-22,8459.15234375,0.0059,1.0,2026-06-30,8671.9052734375,2.5211,1.0,0,1,1,1,1,1,-1.265,1,1.0,1.0,1.0,1.0,1.0,-1.0179,1.0,0.0,0.0,0.0,0.0,1.0,-0.3413,1.0,0.0,0.0,0.0,0.0,1.0,2.1652,1.0,65-70,55-60
APOLLOTYRE.NS|2026-06-15|ensemble_lr0.20_rf0.30_xgb0.50,APOLLOTYRE.NS,2026-06-15,ensemble_lr0.20_rf0.30_xgb0.50,2025-06-16,2026-06-15,2026-06-15,2025-07-11,2026-06-12,2026-06-15,226,2026-06-12,True,0,0.47826086956521746,0.6518373682225596,0.74,0.8617693781852722,0.783252162737148,1,78.33,0.4217562280763809,0,57.82,HOLD,0.5237,0.0473,Sideways,-0.5,0.0,unavailable_no_point_in_time_source,True,394.05,411.9938659667969,2026-06-16,414.0819396972656,0.5068,1,2026-06-18,425.5662536621094,3.2943,1.0,2026-06-22,425.71539306640625,3.3305,1.0,2026-06-30,427.7537536621094,3.8253,1.0,1,1,0,0,1,1,5.0836,0,1.0,0.0,0.0,1.0,0.0,7.998,0.0,1.0,0.0,0.0,1.0,0.0,8.0359,0.0,1.0,0.0,0.0,1.0,0.0,8.5532,0.0,75-80,55-60
ASHOKLEY.NS|2026-06-15|ensemble_lr0.20_rf0.30_xgb0.50,ASHOKLEY.NS,2026-06-15,ensemble_lr0.20_rf0.30_xgb0.50,2025-06-16,2026-06-15,2026-06-15,2025-07-11,2026-06-12,2026-06-15,226,2026-06-12,True,1,0.49275362318840576,0.19863549467004307,0.74,0.7410260438919067,0.632240120879962,1,63.22,0.2824709493305583,0,71.75,BUY,0.6046,0.2093,High Volatility,0.0,0.0,unavailable_no_point_in_time_source,True,152.45,157.6999969482422,2026-06-16,158.5,0.5073,1,2026-06-18,158.4499969482422,0.4756,1.0,2026-06-22,157.19000244140625,-0.3234,0.0,2026-06-30,157.6999969482422,0.0,0.0,1,1,0,1,1,1,3.9685,1,1.0,0.0,1.0,1.0,1.0,3.9357,1.0,0.0,1.0,0.0,0.0,0.0,3.1092,1.0,0.0,1.0,0.0,0.0,0.0,3.4438,1.0,60-65,70-75
ASIANPAINT.NS|2026-06-15|ensemble_lr0.20_rf0.30_xgb0.50,ASIANPAINT.NS,2026-06-15,ensemble_lr0.20_rf0.30_xgb0.50,2025-06-16,2026-06-15,2026-06-15,2025-07-11,2026-06-12,2026-06-15,226,2026-06-12,True,0,0.5362318840579711,0.5181192240026484,0.12,0.23959855735301971,0.25942312347703955,0,74.06,0.45612320391941136,0,54.39,HOLD,0.5581,0.1162,Bullish,0.5,0.0,unavailable_no_point_in_time_source,True,2723.77,2715.73828125,2026-06-16,2724.462646484375,0.3213,1,2026-06-18,2731.30322265625,0.5731,1.0,2026-06-22,2651.0,-2.3838,0.0,2026-06-30,2635.699951171875,-2.9472,0.0,0,0,0,0,0,1,0.0254,1,0.0,0.0,0.0,0.0,1.0,0.2766,1.0,1.0,1.0,1.0,1.0,1.0,-2.6717,1.0,1.0,1.0,1.0,1.0,1.0,-3.2334,0.0,70-75,50-55
ASTRAL.NS|2026-06-15|ensemble_lr0.20_rf0.30_xgb0.50,ASTRAL.NS,2026-06-15,ensemble_lr0.20_rf0.30_xgb0.50,2025-06-16,2026-06-15,2026-06-15,2025-07-11,2026-06-12,2026-06-15,226,2026-06-12,True,0,0.5579710144927537,0.4190722922823819,0.82,0.8265209197998047,0.7430749183563787,1,74.31,0.6831338118297539,1,68.31,HOLD,0.486,-0.028,Sideways,-0.5,0.0,unavailable_no_point_in_time_source,True,1506.23,1542.3741455078125,2026-06-16,1561.5439453125,1.2429,1,2026-06-18,1563.2412109375,1.3529,1.0,2026-06-22,1555.353759765625,0.8415,1.0,2026-06-30,1333.5025634765625,-13.5422,0.0,1,1,1,0,1,1,3.6723,0,1.0,1.0,0.0,1.0,1.0,3.785,0.0,1.0,1.0,0.0,1.0,1.0,3.2614,0.0,0.0,0.0,1.0,0.0,0.0,-11.4675,0.0,70-75,65-70
AUBANK.NS|2026-06-15|ensemble_lr0.20_rf0.30_xgb0.50,AUBANK.NS,2026-06-15,ensemble_lr0.20_rf0.30_xgb0.50,2025-06-16,2026-06-15,2026-06-15,2025-07-11,2026-06-12,2026-06-15,226,2026-06-12,True,0,0.5072463768115942,0.14311662972935796,0.78,0.5691969394683838,0.5472217956800635,1,54.72,0.45927620427589844,0,54.07,BUY,0.644,0.2881,Sideways,0.165,0.0,unavailable_no_point_in_time_source,False,1014.51,1032.59716796875,2026-06-16,1022.1073608398438,-1.0159,0,2026-06-18,1024.355224609375,-0.7982,0.0,2026-06-22,1044.0361328125,1.1078,1.0,2026-06-30,1036.0439453125,0.3338,1.0,1,0,1,1,0,0,0.7489,1,0.0,1.0,1.0,0.0,0.0,0.9704,1.0,1.0,0.0,0.0,1.0,1.0,2.9104,1.0,1.0,0.0,0.0,1.0,1.0,2.1226,1.0,50-55,50-55
AXISBANK.NS|2026-06-15|ensemble_lr0.20_rf0.30_xgb0.50,AXISBANK.NS,2026-06-15,ensemble_lr0.20_rf0.30_xgb0.50,2025-06-16,2026-06-15,2026-06-15,2025-07-11,2026-06-12,2026-06-15,226,2026-06-12,True,1,0.5072463768115941,0.7170168166796183,0.82,0.8238749504089355,0.8013408385403914,1,80.13,0.6453177551342832,1,64.53,BUY,0.6744,0.3488,Sideways,0.335,0.0,unavailable_no_point_in_time_source,True,1355.25,1367.24560546875,2026-06-16,1364.6474609375,-0.19,0,2026-06-18,1359.0518798828125,-0.5993,0.0,2026-06-22,1357.552978515625,-0.7089,0.0,2026-06-30,1344.6629638671875,-1.6517,0.0,1,0,0,0,0,0,0.6934,1,0.0,0.0,0.0,0.0,0.0,0.2805,1.0,0.0,0.0,0.0,0.0,0.0,0.1699,1.0,0.0,0.0,0.0,0.0,0.0,-0.7812,0.0,80-85,60-65
BAJAJ-AUTO.NS|2026-06-15|ensemble_lr0.20_rf0.30_xgb0.50,BAJAJ-AUTO.NS,2026-06-15,ensemble_lr0.20_rf0.30_xgb0.50,2025-06-16,2026-06-15,2026-06-15,2025-07-11,2026-06-12,2026-06-15,226,2026-06-12,True,1,0.5579710144927535,0.24698011061879702,0.08,0.07678905129432678,0.11179054777092279,0,88.82,0.14689426496126412,0,85.31,HOLD,0.4778,-0.0444,Sideways,0.335,0.0,unavailable_no_point_in_time_source,False,10063.0,9943.0,2026-06-16,9939.0,-0.0402,0,2026-06-18,10077.0,1.3477,1.0,2026-06-22,10191.0,2.4942,1.0,2026-06-30,9716.0,-2.283,0.0,0,1,1,0,1,1,-1.2322,1,0.0,0.0,1.0,0.0,1.0,0.1391,1.0,0.0,0.0,1.0,0.0,1.0,1.272,1.0,1.0,1.0,0.0,1.0,1.0,-3.4483,0.0,85-90,85-90
BAJAJFINSV.NS|2026-06-15|ensemble_lr0.20_rf0.30_xgb0.50,BAJAJFINSV.NS,2026-06-15,ensemble_lr0.20_rf0.30_xgb0.50,2025-06-16,2026-06-15,2026-06-15,2025-07-11,2026-06-12,2026-06-15,226,2026-06-12,True,0,0.3913043478260869,0.5277204564755494,0.74,0.7293476462364197,0.6922179144133197,1,69.22,0.42707916404486135,0,57.29,SELL,0.4176,-0.1648,Bearish,-0.835,0.0,unavailable_no_point_in_time_source,True,1687.66,1748.707763671875,2026-06-16,1785.7762451171875,2.1198,1,2026-06-18,1770.189453125,1.2284,1.0,2026-06-22,1780.680419921875,1.8284,1.0,2026-06-30,1780.199951171875,1.8009,1.0,1,1,0,0,1,0,5.8137,0,1.0,0.0,0.0,1.0,0.0,4.8902,0.0,1.0,0.0,0.0,1.0,0.0,5.5118,0.0,1.0,0.0,0.0,1.0,0.0,5.4833,0.0,65-70,55-60
BAJFINANCE.NS|2026-06-15|ensemble_lr0.20_rf0.30_xgb0.50,BAJFINANCE.NS,2026-06-15,ensemble_lr0.20_rf0.30_xgb0.50,2025-06-16,2026-06-15,2026-06-15,2025-07-11,2026-06-12,2026-06-15,226,2026-06-12,True,1,0.5217391304347826,0.4636522305732015,0.74,0.7632395625114441,0.6963502273703623,1,69.64,0.46484275232342315,0,53.52,HOLD,0.5354,0.0707,Sideways,-0.17,0.0,unavailable_no_point_in_time_source,True,912.69,936.5428466796875,2026-06-16,953.786865234375,1.8412,1,2026-06-18,952.9917602539062,1.7563,1.0,2026-06-22,962.384033203125,2.7592,1.0,2026-06-30,1004.75,7.2829,1.0,1,1,0,1,1,1,4.5028,0,1.0,0.0,1.0,1.0,1.0,4.4157,0.0,1.0,0.0,1.0,1.0,1.0,5.4448,0.0,1.0,0.0,1.0,1.0,0.0,10.0867,0.0,65-70,50-55
BEL.NS|2026-06-15|ensemble_lr0.20_rf0.30_xgb0.50,BEL.NS,2026-06-15,ensemble_lr0.20_rf0.30_xgb0.50,2025-06-16,2026-06-15,2026-06-15,2025-07-11,2026-06-12,2026-06-15,226,2026-06-12,True,0,0.6086956521739131,0.21244325059959232,0.72,0.7175091505050659,0.6172432253724514,1,61.72,0.272939499029926,0,72.71,HOLD,0.4225,-0.155,Bearish,-0.335,0.0,unavailable_no_point_in_time_source,True,405.95,408.9947509765625,2026-06-16,406.9974670410156,-0.4883,0,2026-06-18,428.0189514160156,4.6515,1.0,2026-06-22,430.9150085449219,5.3595,1.0,2026-06-30,411.24169921875,0.5494,1.0,1,0,1,1,0,1,0.258,1,1.0,0.0,0.0,1.0,0.0,5.4364,0.0,1.0,0.0,0.0,1.0,0.0,6.1498,0.0,1.0,0.0,0.0,1.0,1.0,1.3035,1.0,60-65,70-75
BPCL.NS|2026-06-15|ensemble_lr0.20_rf0.30_xgb0.50,BPCL.NS,2026-06-15,ensemble_lr0.20_rf0.30_xgb0.50,2025-06-16,2026-06-15,2026-06-15,2025-07-11,2026-06-12,2026-06-15,226,2026-06-12,True,0,0.5797101449275363,0.5526451997437919,0.74,0.7124205827713013,0.688739331334409,1,68.87,0.44373269446611335,0,55.63,HOLD,0.564,0.128,Sideways,-0.335,0.0,unavailable_no_point_in_time_source,True,302.35,310.6000061035156,2026-06-16,312.1000061035156,0.4829,1,2026-06-18,316.29998779296875,1.8352,1.0,2026-06-22,308.6000061035156,-0.6439,0.0,2026-06-30,303.54998779296875,-2.2698,0.0,1,1,0,0,1,1,3.2247,0,1.0,0.0,0.0,1.0,1.0,4.6139,0.0,0.0,1.0,1.0,0.0,1.0,2.0671,1.0,0.0,1.0,1.0,0.0,1.0,0.3969,1.0,65-70,55-60
AARTIIND.NS|2026-06-22|ensemble_lr0.20_rf0.30_xgb0.50,AARTIIND.NS,2026-06-22,ensemble_lr0.20_rf0.30_xgb0.50,2025-06-23,2026-06-22,2026-06-22,2025-07-18,2026-06-19,2026-06-22,226,2026-06-19,True,0,0.5434782608695653,0.552918264133223,0.72,0.7129777669906616,0.6830725363219754,1,68.31,0.47105080342881867,0,52.89,BUY,0.6653,0.3306,High Volatility,0.835,0.0,unavailable_no_point_in_time_source,False,483.54,485.23541259765625,2026-06-23,472.660400390625,-2.5915,0,2026-06-25,465.1253662109375,-4.1444,0.0,2026-06-30,457.3907470703125,-5.7384,0.0,2026-07-07,477.50079345703125,-1.594,0.0,1,0,1,1,0,0,-2.25,0,0.0,1.0,1.0,0.0,0.0,-3.8083,0.0,0.0,1.0,1.0,0.0,0.0,-5.4079,0.0,0.0,1.0,1.0,0.0,0.0,-1.249,0.0,65-70,50-55
AAVAS.NS|2026-06-22|ensemble_lr0.20_rf0.30_xgb0.50,AAVAS.NS,2026-06-22,ensemble_lr0.20_rf0.30_xgb0.50,2025-06-23,2026-06-22,2026-06-22,2025-07-18,2026-06-19,2026-06-22,226,2026-06-19,True,0,0.4855072463768116,0.6107114996487862,0.3,0.18214187026023865,0.3032132350598766,0,69.68,0.5786491462673133,1,57.86,HOLD,0.5269,0.0537,High Volatility,0.5,0.0,unavailable_no_point_in_time_source,False,1471.9,1466.5999755859375,2026-06-23,1452.199951171875,-0.9819,0,2026-06-25,1489.9000244140625,1.5887,1.0,2026-06-30,1520.800048828125,3.6956,1.0,2026-07-07,1506.199951171875,2.7001,1.0,0,1,0,1,1,1,-1.3384,1,0.0,1.0,0.0,0.0,1.0,1.2229,1.0,0.0,1.0,0.0,0.0,0.0,3.3222,0.0,0.0,1.0,0.0,0.0,1.0,2.3303,1.0,65-70,55-60
ABCAPITAL.NS|2026-06-22|ensemble_lr0.20_rf0.30_xgb0.50,ABCAPITAL.NS,2026-06-22,ensemble_lr0.20_rf0.30_xgb0.50,2025-06-23,2026-06-22,2026-06-22,2025-07-18,2026-06-19,2026-06-22,226,2026-06-19,True,1,0.572463768115942,0.3757594085671928,0.74,0.6243525147438049,0.609328139085341,1,60.93,0.2386035547160801,0,76.14,BUY,0.7051,0.4102,Sideways,1.0,0.0,unavailable_no_point_in_time_source,True,375.9,391.95001220703125,2026-06-23,383.75,-2.0921,0,2026-06-25,390.79998779296875,-0.2934,0.0,2026-06-30,391.95001220703125,0.0,0.0,2026-07-07,405.3999938964844,3.4316,1.0,1,0,1,0,0,0,2.0883,1,0.0,1.0,0.0,0.0,0.0,3.9638,1.0,0.0,1.0,0.0,0.0,0.0,4.2698,1.0,1.0,0.0,1.0,1.0,1.0,7.8478,1.0,60-65,75-80
ABFRL.NS|2026-06-22|ensemble_lr0.20_rf0.30_xgb0.50,ABFRL.NS,2026-06-22,ensemble_lr0.20_rf0.30_xgb0.50,2025-06-23,2026-06-22,2026-06-22,2025-07-18,2026-06-19,2026-06-22,226,2026-06-19,True,0,0.5579710144927535,0.6124279758117167,0.86,0.8905181288719177,0.8257446595983022,1,82.57,0.47758184702064777,0,52.24,HOLD,0.5353,0.0705,High Volatility,-0.165,0.0,unavailable_no_point_in_time_source,True,60.64,60.720001220703125,2026-06-23,59.529998779296875,-1.9598,0,2026-06-25,60.119998931884766,-0.9881,0.0,2026-06-30,58.060001373291016,-4.3808,0.0,2026-07-07,59.630001068115234,-1.7951,0.0,1,0,1,1,0,1,-1.8305,1,0.0,1.0,1.0,0.0,1.0,-0.8575,1.0,0.0,1.0,1.0,0.0,0.0,-4.2546,0.0,0.0,1.0,1.0,0.0,1.0,-1.6656,1.0,80-85,50-55
ACC.NS|2026-06-22|ensemble_lr0.20_rf0.30_xgb0.50,ACC.NS,2026-06-22,ensemble_lr0.20_rf0.30_xgb0.50,2025-06-23,2026-06-22,2026-06-22,2025-07-18,2026-06-19,2026-06-22,226,2026-06-19,True,0,0.48550724637681153,0.4920727466286831,0.82,0.8907380104064941,0.7897835545289836,1,78.98,0.5996049021436503,1,59.96,HOLD,0.539,0.078,Sideways,-0.165,0.0,unavailable_no_point_in_time_source,False,1343.3,1349.800048828125,2026-06-23,1329.4000244140625,-1.5113,0,2026-06-25,1337.9000244140625,-0.8816,0.0,2026-06-30,1327.199951171875,-1.6743,0.0,2026-07-07,1384.4000244140625,2.5633,1.0,1,0,0,1,0,1,-1.0348,1,0.0,0.0,1.0,0.0,1.0,-0.402,1.0,0.0,0.0,1.0,0.0,1.0,-1.1985,1.0,1.0,1.0,0.0,1.0,1.0,3.0596,0.0,75-80,55-60
ADANIENT.NS|2026-06-22|ensemble_lr0.20_rf0.30_xgb0.50,ADANIENT.NS,2026-06-22,ensemble_lr0.20_rf0.30_xgb0.50,2025-06-23,2026-06-22,2026-06-22,2025-07-18,2026-06-19,2026-06-22,226,2026-06-19,True,0,0.3913043478260869,0.6716050301747314,0.8,0.8677211403846741,0.8081815762272833,1,80.82,0.7970561076109933,1,79.71,STRONG BUY,0.7497,0.4993,Bullish,0.665,0.0,unavailable_no_point_in_time_source,False,3038.4,3059.60009765625,2026-06-23,2962.89990234375,-3.1606,0,2026-06-25,3038.0,-0.706,0.0,2026-06-30,3036.0,-0.7713,0.0,2026-07-07,3107.199951171875,1.5558,1.0,1,0,0,1,0,0,-2.4849,0,0.0,0.0,1.0,0.0,0.0,-0.0132,0.0,0.0,0.0,1.0,0.0,0.0,-0.079,0.0,1.0,1.0,0.0,1.0,1.0,2.2643,1.0,80-85,75-80
ADANIPORTS.NS|2026-06-22|ensemble_lr0.20_rf0.30_xgb0.50,ADANIPORTS.NS,2026-06-22,ensemble_lr0.20_rf0.30_xgb0.50,2025-06-23,2026-06-22,2026-06-22,2025-07-18,2026-06-19,2026-06-22,226,2026-06-19,True,0,0.4202898550724638,0.5167001306827201,0.16,0.22310738265514374,0.2628937174641159,0,73.71,0.5531432490307434,1,55.31,HOLD,0.5728,0.1457,Bullish,0.665,0.0,unavailable_no_point_in_time_source,True,1835.3,1827.199951171875,2026-06-23,1784.0,-2.3643,0,2026-06-25,1796.0,-1.7075,0.0,2026-06-30,1810.199951171875,-0.9304,0.0,2026-07-07,1833.9000244140625,0.3667,1.0,0,1,0,1,1,1,-2.7952,1,1.0,0.0,1.0,1.0,1.0,-2.1413,1.0,1.0,0.0,1.0,1.0,1.0,-1.3676,1.0,0.0,1.0,0.0,0.0,1.0,-0.0763,1.0,70-75,55-60
AETHER.NS|2026-06-22|ensemble_lr0.20_rf0.30_xgb0.50,AETHER.NS,2026-06-22,ensemble_lr0.20_rf0.30_xgb0.50,2025-06-23,2026-06-22,2026-06-22,2025-07-18,2026-06-19,2026-06-22,226,2026-06-19,True,0,0.536231884057971,0.38275209897268564,0.82,0.7917338609695435,0.7184173502793089,1,71.84,0.28836107216835916,0,71.16,BUY,0.629,0.258,High Volatility,0.335,0.0,unavailable_no_point_in_time_source,False,1162.3,1226.800048828125,2026-06-23,1244.199951171875,1.4183,1,2026-06-25,1325.0999755859375,8.0127,1.0,2026-06-30,1359.0999755859375,10.7841,1.0,2026-07-07,1330.0,8.4121,1.0,1,1,0,0,1,1,7.0464,1,1.0,0.0,0.0,1.0,1.0,14.0067,1.0,1.0,0.0,0.0,1.0,1.0,16.9319,1.0,1.0,0.0,0.0,1.0,1.0,14.4283,1.0,70-75,70-75
AIAENG.NS|2026-06-22|ensemble_lr0.20_rf0.30_xgb0.50,AIAENG.NS,2026-06-22,ensemble_lr0.20_rf0.30_xgb0.50,2025-06-23,2026-06-22,2026-06-22,2025-07-18,2026-06-19,2026-06-22,226,2026-06-19,True,1,0.4710144927536231,0.6913696149240226,0.74,0.8122387528419495,0.7663932994057793,1,76.64,0.48711458453699186,0,51.29,BUY,0.6827,0.3654,High Volatility,0.665,0.0,unavailable_no_point_in_time_source,False,4669.45,4829.84423828125,2026-06-23,4867.8017578125,0.7859,1,2026-06-25,4811.81201171875,-0.3734,0.0,2026-06-30,5062.3701171875,4.8144,1.0,2026-07-07,4738.68701171875,-1.8874,0.0,1,1,0,1,1,1,4.2479,1,0.0,1.0,0.0,0.0,0.0,3.0488,1.0,1.0,0.0,1.0,1.0,1.0,8.4147,1.0,0.0,1.0,0.0,0.0,0.0,1.4828,1.0,75-80,50-55
AJANTPHARM.NS|2026-06-22|ensemble_lr0.20_rf0.30_xgb0.50,AJANTPHARM.NS,2026-06-22,ensemble_lr0.20_rf0.30_xgb0.50,2025-06-23,2026-06-22,2026-06-22,2025-07-18,2026-06-19,2026-06-22,226,2026-06-19,True,0,0.5289855072463768,0.496462730275703,0.78,0.7229358553886414,0.6947604737494613,1,69.48,0.3330735492779129,0,66.69,BUY,0.6533,0.3066,Sideways,0.67,0.0,unavailable_no_point_in_time_source,False,3037.38,3160.74462890625,2026-06-23,3158.465576171875,-0.0721,0,2026-06-25,3151.529052734375,-0.2916,0.0,2026-06-30,3391.629638671875,7.3048,1.0,2026-07-07,3284.411865234375,3.9126,1.0,1,0,1,1,0,0,3.9865,1,0.0,1.0,1.0,0.0,0.0,3.7581,1.0,1.0,0.0,0.0,1.0,1.0,11.663,1.0,1.0,0.0,0.0,1.0,1.0,8.1331,1.0,65-70,65-70
ALEMBICLTD.NS|2026-06-22|ensemble_lr0.20_rf0.30_xgb0.50,ALEMBICLTD.NS,2026-06-22,ensemble_lr0.20_rf0.30_xgb0.50,2025-06-23,2026-06-22,2026-06-22,2025-07-18,2026-06-19,2026-06-22,226,2026-06-19,True,0,0.5652173913043478,0.8989700388481313,0.82,0.8736590147018433,0.8626235151205479,1,86.26,0.5585779172332743,1,55.86,BUY,0.6338,0.2676,Sideways,0.165,0.0,unavailable_no_point_in_time_source,False,87.62,88.93890380859375,2026-06-23,89.523193359375,0.657,1,2026-06-25,89.14340209960938,0.2299,1.0,2026-06-30,89.18235778808594,0.2737,1.0,2026-07-07,88.41304016113281,-0.5913,0.0,1,1,1,0,1,1,2.1721,1,1.0,1.0,0.0,1.0,1.0,1.7386,1.0,1.0,1.0,0.0,1.0,1.0,1.7831,1.0,0.0,0.0,1.0,0.0,0.0,0.9051,1.0,85-90,55-60
ALKEM.NS|2026-06-22|ensemble_lr0.20_rf0.30_xgb0.50,ALKEM.NS,2026-06-22,ensemble_lr0.20_rf0.30_xgb0.50,2025-06-23,2026-06-22,2026-06-22,2025-07-18,2026-06-19,2026-06-22,226,2026-06-19,True,1,0.5434782608695652,0.4509533168928985,0.24,0.10511953383684158,0.2147504302970005,0,78.52,0.46045239281501565,0,53.95,HOLD,0.4363,-0.1275,Sideways,0.0,0.0,unavailable_no_point_in_time_source,False,5363.9,5357.41162109375,2026-06-23,5405.8251953125,0.9037,1,2026-06-25,5415.30810546875,1.0807,1.0,2026-06-30,5560.048828125,3.7824,1.0,2026-07-07,5657.375,5.599,1.0,0,0,0,1,0,1,0.7816,1,0.0,0.0,1.0,0.0,1.0,0.9584,1.0,0.0,0.0,1.0,0.0,0.0,3.6568,0.0,0.0,0.0,1.0,0.0,0.0,5.4713,0.0,75-80,50-55
AMBER.NS|2026-06-22|ensemble_lr0.20_rf0.30_xgb0.50,AMBER.NS,2026-06-22,ensemble_lr0.20_rf0.30_xgb0.50,2025-06-23,2026-06-22,2026-06-22,2025-07-18,2026-06-19,2026-06-22,226,2026-06-19,True,0,0.47826086956521735,0.5313893896477028,0.78,0.8230624198913574,0.7518090878752193,1,75.18,0.620691868943269,1,62.07,BUY,0.6401,0.2801,High Volatility,0.5,0.0,unavailable_no_point_in_time_source,False,7889.0,7906.5,2026-06-23,7788.0,-1.4988,0,2026-06-25,7659.0,-3.1303,0.0,2026-06-30,7530.0,-4.7619,0.0,2026-07-07,7625.0,-3.5604,0.0,1,0,0,1,0,0,-1.2803,0,0.0,0.0,1.0,0.0,0.0,-2.9155,0.0,0.0,0.0,1.0,0.0,0.0,-4.5506,0.0,0.0,0.0,1.0,0.0,0.0,-3.3464,0.0,75-80,60-65
ANGELONE.NS|2026-06-22|ensemble_lr0.20_rf0.30_xgb0.50,ANGELONE.NS,2026-06-22,ensemble_lr0.20_rf0.30_xgb0.50,2025-06-23,2026-06-22,2026-06-22,2025-07-18,2026-06-19,2026-06-22,226,2026-06-19,True,1,0.47826086956521735,0.611224995250939,0.8,0.8319788575172424,0.778234427808809,1,77.82,0.7470503448645096,1,74.71,BUY,0.686,0.372,High Volatility,1.0,0.0,unavailable_no_point_in_time_source,True,352.61,353.7060852050781,2026-06-23,341.0452880859375,-3.5795,0,2026-06-25,334.2164001464844,-5.5101,0.0,2026-06-30,329.63055419921875,-6.8066,0.0,2026-07-07,334.7646789550781,-5.3551,0.0,1,0,0,0,0,0,-3.2797,0,0.0,0.0,0.0,0.0,0.0,-5.2164,0.0,0.0,0.0,0.0,0.0,0.0,-6.517,0.0,0.0,0.0,0.0,0.0,0.0,-5.0609,0.0,75-80,70-75
APARINDS.NS|2026-06-22|ensemble_lr0.20_rf0.30_xgb0.50,APARINDS.NS,2026-06-22,ensemble_lr0.20_rf0.30_xgb0.50,2025-06-23,2026-06-22,2026-06-22,2025-07-18,2026-06-19,2026-06-22,226,2026-06-19,True,1,0.49275362318840576,0.34826574477885774,0.26,0.3245490491390228,0.30992767352528294,0,69.01,0.45836487736335385,0,54.16,BUY,0.6063,0.2127,High Volatility,1.0,0.0,unavailable_no_point_in_time_source,False,16223.67,16116.0478515625,2026-06-23,16596.380859375,2.9805,1,2026-06-25,15966.5673828125,-0.9275,0.0,2026-06-30,15640.6982421875,-2.9495,0.0,2026-07-07,14105.0302734375,-12.4784,0.0,0,0,0,1,0,1,2.2973,1,1.0,1.0,0.0,1.0,0.0,-1.5847,0.0,1.0,1.0,0.0,1.0,0.0,-3.5933,0.0,1.0,1.0,0.0,1.0,0.0,-13.0589,0.0,65-70,50-55
APOLLOHOSP.NS|2026-06-22|ensemble_lr0.20_rf0.30_xgb0.50,APOLLOHOSP.NS,2026-06-22,ensemble_lr0.20_rf0.30_xgb0.50,2025-06-23,2026-06-22,2026-06-22,2025-07-18,2026-06-19,2026-06-22,226,2026-06-19,True,0,0.4057971014492754,0.276786967474226,0.14,0.34439557790756226,0.2695551824486263,0,73.04,0.3907718517625558,0,60.92,HOLD,0.5306,0.0611,Sideways,0.665,0.0,unavailable_no_point_in_time_source,False,8479.63,8459.15234375,2026-06-23,8477.630859375,0.2184,1,2026-06-25,8582.009765625,1.4524,1.0,2026-06-30,8671.9052734375,2.5151,1.0,2026-07-07,8826.724609375,4.3453,1.0,0,0,0,0,0,1,-0.0236,1,0.0,0.0,0.0,0.0,1.0,1.2074,1.0,0.0,0.0,0.0,0.0,1.0,2.2675,1.0,0.0,0.0,0.0,0.0,0.0,4.0933,0.0,70-75,60-65
APOLLOTYRE.NS|2026-06-22|ensemble_lr0.20_rf0.30_xgb0.50,APOLLOTYRE.NS,2026-06-22,ensemble_lr0.20_rf0.30_xgb0.50,2025-06-23,2026-06-22,2026-06-22,2025-07-18,2026-06-19,2026-06-22,226,2026-06-19,True,0,0.463768115942029,0.4435002112792693,0.74,0.7327389121055603,0.677069498308634,1,67.71,0.4421766440263319,0,55.78,BUY,0.5998,0.1996,Sideways,0.165,0.0,unavailable_no_point_in_time_source,True,423.08,425.71539306640625,2026-06-23,421.0918273925781,-1.0861,0,2026-06-25,428.201171875,0.5839,1.0,2026-06-30,427.7537536621094,0.4788,1.0,2026-07-07,451.76641845703125,6.1194,1.0,1,0,1,1,0,0,-0.4699,0,1.0,0.0,0.0,1.0,1.0,1.2105,1.0,1.0,0.0,0.0,1.0,1.0,1.1047,1.0,1.0,0.0,0.0,1.0,1.0,6.7804,1.0,65-70,55-60
ASHOKLEY.NS|2026-06-22|ensemble_lr0.20_rf0.30_xgb0.50,ASHOKLEY.NS,2026-06-22,ensemble_lr0.20_rf0.30_xgb0.50,2025-06-23,2026-06-22,2026-06-22,2025-07-18,2026-06-19,2026-06-22,226,2026-06-19,True,1,0.4710144927536232,0.3512620707568956,0.78,0.6963179707527161,0.6524113995277372,1,65.24,0.37882008455682914,0,62.12,HOLD,0.5566,0.1132,High Volatility,0.0,0.0,unavailable_no_point_in_time_source,True,156.66,157.19000244140625,2026-06-23,151.4600067138672,-3.6453,0,2026-06-25,160.67999267578125,2.2202,1.0,2026-06-30,157.6999969482422,0.3244,1.0,2026-07-07,164.16000366210938,4.4341,1.0,1,0,1,0,0,0,-3.3193,0,1.0,0.0,1.0,1.0,1.0,2.5661,1.0,1.0,0.0,1.0,1.0,1.0,0.6639,1.0,1.0,0.0,1.0,1.0,0.0,4.7874,0.0,65-70,60-65
ASIANPAINT.NS|2026-06-22|ensemble_lr0.20_rf0.30_xgb0.50,ASIANPAINT.NS,2026-06-22,ensemble_lr0.20_rf0.30_xgb0.50,2025-06-23,2026-06-22,2026-06-22,2025-07-18,2026-06-19,2026-06-22,226,2026-06-19,True,1,0.5217391304347826,0.6108904566579053,0.26,0.3297247290611267,0.3650404558621444,0,63.5,0.5780566695712462,1,57.81,HOLD,0.5646,0.1293,Bullish,0.665,0.0,unavailable_no_point_in_time_source,True,2709.39,2651.0,2026-06-23,2661.199951171875,0.3848,1,2026-06-25,2645.199951171875,-0.2188,0.0,2026-06-30,2635.699951171875,-0.5771,0.0,2026-07-07,2731.39990234375,3.0328,1.0,0,0,1,1,0,1,-1.7786,1,1.0,0.0,0.0,1.0,1.0,-2.3692,1.0,1.0,0.0,0.0,1.0,1.0,-2.7198,1.0,0.0,1.0,1.0,0.0,0.0,0.8124,1.0,60-65,55-60
ASTRAL.NS|2026-06-22|ensemble_lr0.20_rf0.30_xgb0.50,ASTRAL.NS,2026-06-22,ensemble_lr0.20_rf0.30_xgb0.50,2025-06-23,2026-06-22,2026-06-22,2025-07-18,2026-06-19,2026-06-22,226,2026-06-19,True,0,0.5579710144927535,0.4533363559775322,0.72,0.7294041514396667,0.6713693469153398,1,67.14,0.595937243172562,1,59.59,HOLD,0.5622,0.1245,Sideways,0.0,0.0,unavailable_no_point_in_time_source,True,1539.68,1555.353759765625,2026-06-23,1521.0078125,-2.2082,0,2026-06-25,1484.5650634765625,-4.5513,0.0,2026-06-30,1333.5025634765625,-14.2637,0.0,2026-07-07,1357.3651123046875,-12.7295,0.0,1,0,0,1,0,1,-1.2127,1,0.0,0.0,1.0,0.0,0.0,-3.5796,0.0,0.0,0.0,1.0,0.0,0.0,-13.3909,0.0,0.0,0.0,1.0,0.0,0.0,-11.8411,0.0,65-70,55-60
AUBANK.NS|2026-06-22|ensemble_lr0.20_rf0.30_xgb0.50,AUBANK.NS,2026-06-22,ensemble_lr0.20_rf0.30_xgb0.50,2025-06-23,2026-06-22,2026-06-22,2025-07-18,2026-06-19,2026-06-22,226,2026-06-19,True,0,0.47826086956521746,0.6039683631753545,0.9,0.7286778688430786,0.7551326070566102,1,75.51,0.5957697873320285,1,59.58,BUY,0.6353,0.2706,Sideways,0.335,0.0,unavailable_no_point_in_time_source,True,1032.05,1044.0361328125,2026-06-23,1025.354248046875,-1.7894,0,2026-06-25,1032.846923828125,-1.0717,0.0,2026-06-30,1036.0439453125,-0.7655,0.0,2026-07-07,1065.864990234375,2.0908,1.0,1,0,0,1,0,0,-0.6488,0,0.0,0.0,1.0,0.0,0.0,0.0772,1.0,0.0,0.0,1.0,0.0,0.0,0.387,1.0,1.0,1.0,0.0,1.0,1.0,3.2765,1.0,75-80,55-60
AXISBANK.NS|2026-06-22|ensemble_lr0.20_rf0.30_xgb0.50,AXISBANK.NS,2026-06-22,ensemble_lr0.20_rf0.30_xgb0.50,2025-06-23,2026-06-22,2026-06-22,2025-07-18,2026-06-19,2026-06-22,226,2026-06-19,True,1,0.5289855072463768,0.4575063867673303,0.74,0.6498755812644958,0.6384390679857139,1,63.84,0.2851143270070746,0,71.49,BUY,0.6937,0.3874,Sideways,0.835,0.0,unavailable_no_point_in_time_source,True,1356.85,1357.552978515625,2026-06-23,1362.44921875,0.3607,1,2026-06-25,1376.138671875,1.3691,1.0,2026-06-30,1344.6629638671875,-0.9495,0.0,2026-07-07,1339.966552734375,-1.2955,0.0,1,1,0,1,1,1,0.4127,1,1.0,0.0,1.0,1.0,1.0,1.4216,1.0,0.0,1.0,0.0,0.0,0.0,-0.8982,0.0,0.0,1.0,0.0,0.0,0.0,-1.2443,0.0,60-65,70-75
BAJAJ-AUTO.NS|2026-06-22|ensemble_lr0.20_rf0.30_xgb0.50,BAJAJ-AUTO.NS,2026-06-22,ensemble_lr0.20_rf0.30_xgb0.50,2025-06-23,2026-06-22,2026-06-22,2025-07-18,2026-06-19,2026-06-22,226,2026-06-19,True,1,0.5652173913043478,0.2835379686940583,0.82,0.7483049035072327,0.676860045492428,1,67.69,0.6587391492632447,1,65.87,BUY,0.6026,0.2051,Sideways,0.335,0.0,unavailable_no_point_in_time_source,False,10066.0,10191.0,2026-06-23,10025.0,-1.6289,0,2026-06-25,9843.0,-3.4148,0.0,2026-06-30,9716.0,-4.661,0.0,2026-07-07,10109.5,-0.7997,0.0,1,0,0,0,0,0,-0.4073,0,0.0,0.0,0.0,0.0,0.0,-2.2154,0.0,0.0,0.0,0.0,0.0,0.0,-3.4771,0.0,0.0,0.0,0.0,0.0,0.0,0.4321,1.0,65-70,65-70
BAJAJFINSV.NS|2026-06-22|ensemble_lr0.20_rf0.30_xgb0.50,BAJAJFINSV.NS,2026-06-22,ensemble_lr0.20_rf0.30_xgb0.50,2025-06-23,2026-06-22,2026-06-22,2025-07-18,2026-06-19,2026-06-22,226,2026-06-19,True,0,0.4202898550724638,0.5434866047642017,0.86,0.7869770526885986,0.7601858472971397,1,76.02,0.44064470877718603,0,55.94,BUY,0.6154,0.2307,Bullish,0.0,0.0,unavailable_no_point_in_time_source,False,1767.89,1780.680419921875,2026-06-23,1763.4952392578125,-0.9651,0,2026-06-25,1763.095458984375,-0.9875,0.0,2026-06-30,1780.199951171875,-0.027,0.0,2026-07-07,1885.300048828125,5.8753,1.0,1,0,1,1,0,0,-0.2486,0,0.0,1.0,1.0,0.0,0.0,-0.2712,0.0,0.0,1.0,1.0,0.0,0.0,0.6963,1.0,1.0,0.0,0.0,1.0,1.0,6.6413,1.0,75-80,55-60
BAJFINANCE.NS|2026-06-22|ensemble_lr0.20_rf0.30_xgb0.50,BAJFINANCE.NS,2026-06-22,ensemble_lr0.20_rf0.30_xgb0.50,2025-06-23,2026-06-22,2026-06-22,2025-07-18,2026-06-19,2026-06-22,226,2026-06-19,True,1,0.5072463768115941,0.7005797063739578,0.84,0.7551391124725342,0.7696854975110586,1,76.97,0.7982022305160078,1,79.82,BUY,0.6557,0.3114,Sideways,0.5,0.0,unavailable_no_point_in_time_source,True,955.92,962.384033203125,2026-06-23,956.5200805664062,-0.6093,0,2026-06-25,974.4100952148438,1.2496,1.0,2026-06-30,1004.75,4.4022,1.0,2026-07-07,1042.5,8.3247,1.0,1,0,0,0,0,0,0.0628,1,1.0,1.0,1.0,1.0,1.0,1.9343,1.0,1.0,1.0,1.0,1.0,1.0,5.1082,1.0,1.0,1.0,1.0,1.0,1.0,9.0572,1.0,75-80,75-80
BEL.NS|2026-06-22|ensemble_lr0.20_rf0.30_xgb0.50,BEL.NS,2026-06-22,ensemble_lr0.20_rf0.30_xgb0.50,2025-06-23,2026-06-22,2026-06-22,2025-07-18,2026-06-19,2026-06-22,226,2026-06-19,True,0,0.572463768115942,0.17481379293398422,0.76,0.5513487458229065,0.5386371314982501,1,53.86,0.44260888909652785,0,55.74,BUY,0.5926,0.1852,Bullish,0.0,0.0,unavailable_no_point_in_time_source,False,426.32,430.9150085449219,2026-06-23,419.43060302734375,-2.6651,0,2026-06-25,406.6479797363281,-5.6315,0.0,2026-06-30,411.24169921875,-4.5655,0.0,2026-07-07,418.5817565917969,-2.8621,0.0,1,0,1,1,0,0,-1.616,0,0.0,1.0,1.0,0.0,0.0,-4.6144,0.0,0.0,1.0,1.0,0.0,0.0,-3.5369,0.0,0.0,1.0,1.0,0.0,0.0,-1.8151,0.0,50-55,55-60
BPCL.NS|2026-06-22|ensemble_lr0.20_rf0.30_xgb0.50,BPCL.NS,2026-06-22,ensemble_lr0.20_rf0.30_xgb0.50,2025-06-23,2026-06-22,2026-06-22,2025-07-18,2026-06-19,2026-06-22,226,2026-06-19,True,0,0.4855072463768116,0.5883631295928313,0.68,0.736066460609436,0.6897058562232843,1,68.97,0.45025333902468373,0,54.97,HOLD,0.5576,0.1153,Sideways,-0.17,0.0,unavailable_no_point_in_time_source,True,306.6,308.6000061035156,2026-06-23,308.54998779296875,-0.0162,0,2026-06-25,309.75,0.3726,1.0,2026-06-30,303.54998779296875,-1.6364,0.0,2026-07-07,313.95001220703125,1.7336,1.0,1,0,1,1,0,1,0.636,1,1.0,0.0,0.0,1.0,1.0,1.0274,1.0,0.0,1.0,1.0,0.0,1.0,-0.9948,1.0,1.0,0.0,0.0,1.0,1.0,2.3973,1.0,65-70,50-55
AARTIIND.NS|2026-06-30|ensemble_lr0.20_rf0.30_xgb0.50,AARTIIND.NS,2026-06-30,ensemble_lr0.20_rf0.30_xgb0.50,2025-07-01,2026-06-30,2026-06-29,2025-07-28,2026-06-26,2026-06-29,225,2026-06-26,True,0,0.5629629629629629,0.19396873069283732,0.06,0.10214913636445999,0.10786831432079746,0,89.21,0.227257367162037,0,77.27,HOLD,0.5128,0.0256,High Volatility,0.67,0.0,unavailable_no_point_in_time_source,True,465.13,457.3907470703125,2026-07-01,466.67230224609375,2.0292,1,2026-07-03,486.7324523925781,6.415,1.0,2026-07-07,477.50079345703125,4.3967,1.0,2026-07-14,482.0916442871094,5.4004,1.0,1,0,0,0,1,1,0.3316,1,0.0,0.0,0.0,1.0,0.0,4.6444,0.0,0.0,0.0,0.0,1.0,0.0,2.6596,1.0,0.0,0.0,0.0,1.0,0.0,3.6466,0.0,85-90,75-80
AAVAS.NS|2026-06-30|ensemble_lr0.20_rf0.30_xgb0.50,AAVAS.NS,2026-06-30,ensemble_lr0.20_rf0.30_xgb0.50,2025-07-01,2026-06-30,2026-06-29,2025-07-28,2026-06-26,2026-06-29,225,2026-06-26,True,0,0.4888888888888889,0.2352043791140422,0.2,0.32218480110168457,0.2681332763736507,0,73.19,0.38772438979854473,0,61.23,HOLD,0.5506,0.1013,High Volatility,0.5,0.0,unavailable_no_point_in_time_source,False,1489.9,1520.800048828125,2026-07-01,1518.300048828125,-0.1644,0,2026-07-03,1506.0999755859375,-0.9666,0.0,2026-07-07,1506.199951171875,-0.96,0.0,2026-07-14,1447.5,-4.8198,0.0,1,1,1,1,0,1,1.9062,1,1.0,1.0,1.0,0.0,1.0,1.0873,1.0,1.0,1.0,1.0,0.0,1.0,1.094,1.0,1.0,1.0,1.0,0.0,0.0,-2.8458,1.0,70-75,60-65
ABCAPITAL.NS|2026-06-30|ensemble_lr0.20_rf0.30_xgb0.50,ABCAPITAL.NS,2026-06-30,ensemble_lr0.20_rf0.30_xgb0.50,2025-07-01,2026-06-30,2026-06-29,2025-07-28,2026-06-26,2026-06-29,225,2026-06-26,True,0,0.5555555555555556,0.13339719905375247,0.18,0.1331433206796646,0.1472511001505828,0,85.27,0.15812759674111465,0,84.19,BUY,0.6089,0.2178,Bullish,1.0,0.0,unavailable_no_point_in_time_source,True,390.8,391.95001220703125,2026-07-01,393.1499938964844,0.3062,1,2026-07-03,401.25,2.3727,1.0,2026-07-07,405.3999938964844,3.4316,1.0,2026-07-14,399.25,1.8625,1.0,1,0,0,0,1,1,0.6013,1,0.0,0.0,0.0,1.0,1.0,2.674,1.0,0.0,0.0,0.0,1.0,1.0,3.7359,1.0,0.0,0.0,0.0,1.0,1.0,2.1622,1.0,85-90,80-85
ABFRL.NS|2026-06-30|ensemble_lr0.20_rf0.30_xgb0.50,ABFRL.NS,2026-06-30,ensemble_lr0.20_rf0.30_xgb0.50,2025-07-01,2026-06-30,2026-06-29,2025-07-28,2026-06-26,2026-06-29,225,2026-06-26,True,0,0.5925925925925926,0.5404843888956731,0.2,0.263008713722229,0.2996012346402491,0,70.04,0.6847271722920185,1,68.47,SELL,0.4169,-0.1663,High Volatility,-0.165,0.0,unavailable_no_point_in_time_source,True,60.12,58.060001373291016,2026-07-01,58.66999816894531,1.0506,1,2026-07-03,62.470001220703125,7.5956,1.0,2026-07-07,59.630001068115234,2.7041,1.0,2026-07-14,58.93000030517578,1.4984,1.0,0,0,1,0,0,0,-2.4118,1,0.0,1.0,0.0,0.0,0.0,3.9089,0.0,0.0,1.0,0.0,0.0,0.0,-0.815,1.0,0.0,1.0,0.0,0.0,0.0,-1.9794,1.0,70-75,65-70
ACC.NS|2026-06-30|ensemble_lr0.20_rf0.30_xgb0.50,ACC.NS,2026-06-30,ensemble_lr0.20_rf0.30_xgb0.50,2025-07-01,2026-06-30,2026-06-29,2025-07-28,2026-06-26,2026-06-29,225,2026-06-26,True,0,0.5185185185185185,0.48143657541001156,0.18,0.13745836913585663,0.21901649964993064,0,78.1,0.39282409087706005,0,60.72,SELL,0.414,-0.1719,Sideways,-0.165,0.0,unavailable_no_point_in_time_source,False,1337.9,1327.199951171875,2026-07-01,1332.199951171875,0.3767,1,2026-07-03,1393.800048828125,5.0181,1.0,2026-07-07,1384.4000244140625,4.3098,1.0,2026-07-14,1361.9000244140625,2.6145,1.0,0,0,0,0,0,0,-0.426,1,0.0,0.0,0.0,0.0,0.0,4.1782,0.0,0.0,0.0,0.0,0.0,0.0,3.4756,0.0,0.0,0.0,0.0,0.0,0.0,1.7939,0.0,75-80,60-65
ADANIENT.NS|2026-06-30|ensemble_lr0.20_rf0.30_xgb0.50,ADANIENT.NS,2026-06-30,ensemble_lr0.20_rf0.30_xgb0.50,2025-07-01,2026-06-30,2026-06-29,2025-07-28,2026-06-26,2026-06-29,225,2026-06-26,True,0,0.37777777777777777,0.41210204474370465,0.1,0.15670651197433472,0.1907736649359083,0,80.92,0.5272984396001523,1,52.73,BUY,0.5861,0.1721,Bullish,0.665,0.0,unavailable_no_point_in_time_source,False,3038.0,3036.0,2026-07-01,3143.60009765625,3.5441,1,2026-07-03,3212.10009765625,5.8004,1.0,2026-07-07,3107.199951171875,2.3452,1.0,2026-07-14,3188.89990234375,5.0362,1.0,1,0,1,0,1,1,3.476,1,0.0,1.0,0.0,1.0,1.0,5.7307,1.0,0.0,1.0,0.0,1.0,1.0,2.2778,1.0,0.0,1.0,0.0,1.0,1.0,4.9671,1.0,80-85,50-55
ADANIPORTS.NS|2026-06-30|ensemble_lr0.20_rf0.30_xgb0.50,ADANIPORTS.NS,2026-06-30,ensemble_lr0.20_rf0.30_xgb0.50,2025-07-01,2026-06-30,2026-06-29,2025-07-28,2026-06-26,2026-06-29,225,2026-06-26,True,0,0.48888888888888893,0.25177922387918433,0.12,0.20392991602420807,0.1883208027879409,0,81.17,0.22137048930929365,0,77.86,HOLD,0.4853,-0.0293,Sideways,0.5,0.0,unavailable_no_point_in_time_source,True,1796.0,1810.199951171875,2026-07-01,1848.199951171875,2.0992,1,2026-07-03,1874.199951171875,3.5355,1.0,2026-07-07,1833.9000244140625,1.3093,1.0,2026-07-14,1821.9000244140625,0.6463,1.0,1,0,0,0,1,1,2.9065,1,0.0,0.0,0.0,1.0,0.0,4.3541,0.0,0.0,0.0,0.0,1.0,1.0,2.1102,1.0,0.0,0.0,0.0,1.0,1.0,1.4421,1.0,80-85,75-80
AETHER.NS|2026-06-30|ensemble_lr0.20_rf0.30_xgb0.50,AETHER.NS,2026-06-30,ensemble_lr0.20_rf0.30_xgb0.50,2025-07-01,2026-06-30,2026-06-29,2025-07-28,2026-06-26,2026-06-29,225,2026-06-26,True,0,0.45925925925925926,0.5203081116427286,0.68,0.5992532968521118,0.6076882707546016,1,60.77,0.3091261017569599,0,69.09,STRONG BUY,0.7218,0.4435,High Volatility,1.0,0.0,unavailable_no_point_in_time_source,False,1325.1,1359.0999755859375,2026-07-01,1326.9000244140625,-2.3692,0,2026-07-03,1359.5999755859375,0.0368,1.0,2026-07-07,1330.0,-2.1411,0.0,2026-07-14,1439.9000244140625,5.9451,1.0,1,0,1,1,0,0,0.1358,1,1.0,0.0,0.0,1.0,1.0,2.6036,1.0,0.0,1.0,1.0,0.0,0.0,0.3698,1.0,1.0,0.0,0.0,1.0,1.0,8.6635,1.0,60-65,65-70
AIAENG.NS|2026-06-30|ensemble_lr0.20_rf0.30_xgb0.50,AIAENG.NS,2026-06-30,ensemble_lr0.20_rf0.30_xgb0.50,2025-07-01,2026-06-30,2026-06-29,2025-07-28,2026-06-26,2026-06-29,225,2026-06-26,True,1,0.45925925925925926,0.34650057770795245,0.66,0.7773957252502441,0.6559979781667126,1,65.6,0.20624388390477064,0,79.38,STRONG BUY,0.7485,0.4969,Bullish,1.0,0.0,unavailable_no_point_in_time_source,False,4811.81,5062.3701171875,2026-07-01,4977.2900390625,-1.6806,0,2026-07-03,4736.69482421875,-6.4333,0.0,2026-07-07,4738.68701171875,-6.3939,0.0,2026-07-14,4742.173828125,-6.325,0.0,1,0,1,0,0,0,3.439,1,0.0,1.0,0.0,0.0,0.0,-1.5611,0.0,0.0,1.0,0.0,0.0,0.0,-1.5197,0.0,0.0,1.0,0.0,0.0,0.0,-1.4472,0.0,65-70,75-80
AJANTPHARM.NS|2026-06-30|ensemble_lr0.20_rf0.30_xgb0.50,AJANTPHARM.NS,2026-06-30,ensemble_lr0.20_rf0.30_xgb0.50,2025-07-01,2026-06-30,2026-06-29,2025-07-28,2026-06-26,2026-06-29,225,2026-06-26,True,0,0.5703703703703704,0.7363221741477132,0.58,0.831447184085846,0.7369880268724656,1,73.7,0.3592208308553959,0,64.08,BUY,0.6672,0.3343,Sideways,0.835,0.0,unavailable_no_point_in_time_source,False,3151.53,3391.629638671875,2026-07-01,3317.1123046875,-2.1971,0,2026-07-03,3296.104736328125,-2.8165,0.0,2026-07-07,3284.411865234375,-3.1612,0.0,2026-07-14,3377.85595703125,-0.4061,0.0,1,0,1,1,0,0,5.254,1,0.0,1.0,1.0,0.0,0.0,4.5874,1.0,0.0,1.0,1.0,0.0,0.0,4.2164,1.0,0.0,1.0,1.0,0.0,0.0,7.1815,1.0,70-75,60-65
ALEMBICLTD.NS|2026-06-30|ensemble_lr0.20_rf0.30_xgb0.50,ALEMBICLTD.NS,2026-06-30,ensemble_lr0.20_rf0.30_xgb0.50,2025-07-01,2026-06-30,2026-06-29,2025-07-28,2026-06-26,2026-06-29,225,2026-06-26,True,0,0.5185185185185185,0.28242555727233964,0.18,0.13527429103851318,0.17812225697372452,0,82.19,0.38086553407499596,0,61.91,HOLD,0.5424,0.0847,Bullish,0.165,0.0,unavailable_no_point_in_time_source,False,89.14,89.18235778808594,2026-07-01,89.14340209960938,-0.0437,0,2026-07-03,90.42884826660156,1.3977,1.0,2026-07-07,88.41304016113281,-0.8626,0.0,2026-07-14,86.64068603515625,-2.85,0.0,1,1,1,1,0,1,0.0038,1,0.0,0.0,0.0,1.0,1.0,1.4459,1.0,1.0,1.0,1.0,0.0,1.0,-0.8155,1.0,1.0,1.0,1.0,0.0,1.0,-2.8038,1.0,80-85,60-65
ALKEM.NS|2026-06-30|ensemble_lr0.20_rf0.30_xgb0.50,ALKEM.NS,2026-06-30,ensemble_lr0.20_rf0.30_xgb0.50,2025-07-01,2026-06-30,2026-06-29,2025-07-28,2026-06-26,2026-06-29,225,2026-06-26,True,1,0.5037037037037037,0.2749898385590575,0.14,0.2554086148738861,0.22470227514875457,0,77.53,0.24264769296936387,0,75.74,HOLD,0.4766,-0.0468,Bullish,0.0,0.0,unavailable_no_point_in_time_source,False,5415.31,5560.048828125,2026-07-01,5557.5537109375,-0.0449,0,2026-07-03,5552.5625,-0.1346,0.0,2026-07-07,5657.375,1.7505,1.0,2026-07-14,5591.49267578125,0.5655,1.0,1,1,1,0,0,1,2.6267,1,1.0,1.0,0.0,0.0,1.0,2.5345,1.0,0.0,0.0,1.0,1.0,1.0,4.47,0.0,0.0,0.0,1.0,1.0,1.0,3.2534,0.0,75-80,75-80
AMBER.NS|2026-06-30|ensemble_lr0.20_rf0.30_xgb0.50,AMBER.NS,2026-06-30,ensemble_lr0.20_rf0.30_xgb0.50,2025-07-01,2026-06-30,2026-06-29,2025-07-28,2026-06-26,2026-06-29,225,2026-06-26,True,0,0.5481481481481482,0.5430962227136371,0.16,0.18094703555107117,0.247092762318263,0,75.29,0.41144510842011245,0,58.86,HOLD,0.5049,0.0098,High Volatility,0.5,0.0,unavailable_no_point_in_time_source,False,7659.0,7530.0,2026-07-01,7451.0,-1.0491,0,2026-07-03,7484.5,-0.6042,0.0,2026-07-07,7625.0,1.2616,1.0,2026-07-14,7786.5,3.4064,1.0,1,1,1,1,0,1,-2.7158,1,1.0,1.0,1.0,0.0,1.0,-2.2784,1.0,0.0,0.0,0.0,1.0,1.0,-0.4439,1.0,0.0,0.0,0.0,1.0,0.0,1.6647,1.0,75-80,55-60
ANGELONE.NS|2026-06-30|ensemble_lr0.20_rf0.30_xgb0.50,ANGELONE.NS,2026-06-30,ensemble_lr0.20_rf0.30_xgb0.50,2025-07-01,2026-06-30,2026-06-29,2025-07-28,2026-06-26,2026-06-29,225,2026-06-26,True,0,0.4888888888888889,0.2549986322757946,0.18,0.14957301318645477,0.1797862330483863,0,82.02,0.32409737092530033,0,67.59,HOLD,0.48,-0.0399,High Volatility,0.5,0.0,unavailable_no_point_in_time_source,True,334.22,329.63055419921875,2026-07-01,339.3504943847656,2.9487,1,2026-07-03,351.1639709472656,6.5326,1.0,2026-07-07,334.7646789550781,1.5575,1.0,2026-07-14,332.5216064453125,0.8771,1.0,1,0,0,0,1,1,1.5351,1,0.0,0.0,0.0,1.0,0.0,5.0697,0.0,0.0,0.0,0.0,1.0,1.0,0.163,1.0,0.0,0.0,0.0,1.0,1.0,-0.5082,1.0,80-85,65-70
APARINDS.NS|2026-06-30|ensemble_lr0.20_rf0.30_xgb0.50,APARINDS.NS,2026-06-30,ensemble_lr0.20_rf0.30_xgb0.50,2025-07-01,2026-06-30,2026-06-29,2025-07-28,2026-06-26,2026-06-29,225,2026-06-26,True,1,0.4518518518518519,0.5297830935201182,0.24,0.1395389884710312,0.24772611293953922,0,75.23,0.2570721484378713,0,74.29,BUY,0.6202,0.2403,High Volatility,1.0,0.0,unavailable_no_point_in_time_source,False,15966.57,15640.6982421875,2026-07-01,14547.494140625,-6.9895,0,2026-07-03,14124.9609375,-9.691,0.0,2026-07-07,14105.0302734375,-9.8184,0.0,2026-07-14,13547.9638671875,-13.3801,0.0,0,1,1,0,1,0,-8.8878,0,1.0,1.0,0.0,1.0,0.0,-11.5342,0.0,1.0,1.0,0.0,1.0,0.0,-11.659,0.0,1.0,1.0,0.0,1.0,0.0,-15.1479,0.0,75-80,70-75
APOLLOHOSP.NS|2026-06-30|ensemble_lr0.20_rf0.30_xgb0.50,APOLLOHOSP.NS,2026-06-30,ensemble_lr0.20_rf0.30_xgb0.50,2025-07-01,2026-06-30,2026-06-29,2025-07-28,2026-06-26,2026-06-29,225,2026-06-26,True,0,0.4222222222222222,0.49844094477042306,0.7,0.8131020665168762,0.7162392222125227,1,71.62,0.4317551764043582,0,56.82,BUY,0.6362,0.2724,Sideways,0.665,0.0,unavailable_no_point_in_time_source,False,8582.01,8671.9052734375,2026-07-01,8608.478515625,-0.7314,0,2026-07-03,8883.1591796875,2.4361,1.0,2026-07-07,8826.724609375,1.7853,1.0,2026-07-14,8890.150390625,2.5167,1.0,1,0,1,1,0,0,0.3084,1,1.0,0.0,0.0,1.0,1.0,3.5091,1.0,1.0,0.0,0.0,1.0,1.0,2.8515,1.0,1.0,0.0,0.0,1.0,1.0,3.5905,1.0,70-75,55-60
APOLLOTYRE.NS|2026-06-30|ensemble_lr0.20_rf0.30_xgb0.50,APOLLOTYRE.NS,2026-06-30,ensemble_lr0.20_rf0.30_xgb0.50,2025-07-01,2026-06-30,2026-06-29,2025-07-28,2026-06-26,2026-06-29,225,2026-06-26,True,0,0.5111111111111111,0.09130793188915408,0.12,0.06421209126710892,0.08636763201138527,0,91.36,0.25446500442354053,0,74.55,BUY,0.5819,0.1638,Bullish,0.335,0.0,unavailable_no_point_in_time_source,True,428.2,427.7537536621094,2026-07-01,429.19549560546875,0.337,1,2026-07-03,445.9496765136719,4.2538,1.0,2026-07-07,451.76641845703125,5.6137,1.0,2026-07-14,425.8500061035156,-0.4451,0.0,1,0,0,0,1,1,0.2325,1,0.0,0.0,0.0,1.0,1.0,4.1452,1.0,0.0,0.0,0.0,1.0,1.0,5.5036,1.0,1.0,1.0,1.0,0.0,0.0,-0.5488,0.0,90-95,70-75
ASHOKLEY.NS|2026-06-30|ensemble_lr0.20_rf0.30_xgb0.50,ASHOKLEY.NS,2026-06-30,ensemble_lr0.20_rf0.30_xgb0.50,2025-07-01,2026-06-30,2026-06-29,2025-07-28,2026-06-26,2026-06-29,225,2026-06-26,True,1,0.4222222222222222,0.33874934858604494,0.1,0.1103336364030838,0.1529166879187509,0,84.71,0.2519983587595289,0,74.8,HOLD,0.4491,-0.1018,Sideways,0.0,0.0,unavailable_no_point_in_time_source,True,160.68,157.6999969482422,2026-07-01,162.32000732421875,2.9296,1,2026-07-03,164.35000610351562,4.2169,1.0,2026-07-07,164.16000366210938,4.0964,1.0,2026-07-14,155.19000244140625,-1.5916,0.0,1,0,0,1,1,1,1.0207,1,0.0,0.0,1.0,1.0,0.0,2.284,1.0,0.0,0.0,1.0,1.0,0.0,2.1658,1.0,1.0,1.0,0.0,0.0,1.0,-3.4167,0.0,80-85,70-75
ASIANPAINT.NS|2026-06-30|ensemble_lr0.20_rf0.30_xgb0.50,ASIANPAINT.NS,2026-06-30,ensemble_lr0.20_rf0.30_xgb0.50,2025-07-01,2026-06-30,2026-06-29,2025-07-28,2026-06-26,2026-06-29,225,2026-06-26,True,1,0.4740740740740741,0.39081036783032386,0.68,0.7212825417518616,0.6428033444419956,1,64.28,0.38731104212548817,0,61.27,BUY,0.5936,0.1872,Sideways,0.335,0.0,unavailable_no_point_in_time_source,True,2645.2,2635.699951171875,2026-07-01,2716.39990234375,3.0618,1,2026-07-03,2737.800048828125,3.8737,1.0,2026-07-07,2731.39990234375,3.6309,1.0,2026-07-14,2641.0,0.2011,1.0,0,1,0,1,0,1,2.6917,1,1.0,0.0,1.0,0.0,1.0,3.5007,1.0,1.0,0.0,1.0,0.0,1.0,3.2587,1.0,1.0,0.0,1.0,0.0,1.0,-0.1588,0.0,60-65,60-65
ASTRAL.NS|2026-06-30|ensemble_lr0.20_rf0.30_xgb0.50,ASTRAL.NS,2026-06-30,ensemble_lr0.20_rf0.30_xgb0.50,2025-07-01,2026-06-30,2026-06-29,2025-07-28,2026-06-26,2026-06-29,225,2026-06-26,True,0,0.5185185185185185,0.5266459488189377,0.34,0.1868363916873932,0.30074738560748415,0,69.93,0.8186595013068508,1,81.87,SELL,0.397,-0.206,Sideways,-0.33,0.0,unavailable_no_point_in_time_source,False,1484.57,1333.5025634765625,2026-07-01,1359.9610595703125,1.9841,1,2026-07-03,1382.8250732421875,3.6987,1.0,2026-07-07,1357.3651123046875,1.7895,1.0,2026-07-14,1356.36669921875,1.7146,1.0,0,0,1,0,0,0,-8.3936,1,0.0,1.0,0.0,0.0,0.0,-6.8535,1.0,0.0,1.0,0.0,0.0,0.0,-8.5685,1.0,0.0,1.0,0.0,0.0,0.0,-8.6357,1.0,65-70,80-85
AUBANK.NS|2026-06-30|ensemble_lr0.20_rf0.30_xgb0.50,AUBANK.NS,2026-06-30,ensemble_lr0.20_rf0.30_xgb0.50,2025-07-01,2026-06-30,2026-06-29,2025-07-28,2026-06-26,2026-06-29,225,2026-06-26,True,0,0.4962962962962963,0.3869662419744743,0.26,0.15835614502429962,0.2345713209070447,0,76.54,0.1804910467201455,0,81.95,HOLD,0.5696,0.1392,Bullish,0.335,0.0,unavailable_no_point_in_time_source,True,1032.85,1036.0439453125,2026-07-01,1050.3800048828125,1.3837,1,2026-07-03,1057.3731689453125,2.0587,1.0,2026-07-07,1065.864990234375,2.8784,1.0,2026-07-14,1037.292724609375,0.1205,1.0,1,0,0,0,1,1,1.6972,1,0.0,0.0,0.0,1.0,1.0,2.3743,1.0,0.0,0.0,0.0,1.0,1.0,3.1965,0.0,0.0,0.0,0.0,1.0,1.0,0.4301,1.0,75-80,80-85
AXISBANK.NS|2026-06-30|ensemble_lr0.20_rf0.30_xgb0.50,AXISBANK.NS,2026-06-30,ensemble_lr0.20_rf0.30_xgb0.50,2025-07-01,2026-06-30,2026-06-29,2025-07-28,2026-06-26,2026-06-29,225,2026-06-26,True,1,0.5185185185185185,0.3587700357937294,0.22,0.05842801183462143,0.1669680130760566,0,83.3,0.28947696238964327,0,71.05,BUY,0.6246,0.2492,Bullish,1.0,0.0,unavailable_no_point_in_time_source,True,1376.14,1344.6629638671875,2026-07-01,1367.6451416015625,1.7091,1,2026-07-03,1341.065673828125,-0.2675,0.0,2026-07-07,1339.966552734375,-0.3493,0.0,2026-07-14,1317.5999755859375,-2.0126,0.0,0,0,0,1,0,1,-0.6173,0,1.0,1.0,0.0,1.0,0.0,-2.5487,0.0,1.0,1.0,0.0,1.0,0.0,-2.6286,0.0,1.0,1.0,0.0,1.0,0.0,-4.2539,0.0,80-85,70-75
BAJAJ-AUTO.NS|2026-06-30|ensemble_lr0.20_rf0.30_xgb0.50,BAJAJ-AUTO.NS,2026-06-30,ensemble_lr0.20_rf0.30_xgb0.50,2025-07-01,2026-06-30,2026-06-29,2025-07-28,2026-06-26,2026-06-29,225,2026-06-26,True,1,0.5851851851851851,0.28018453358972506,0.18,0.24948804080486298,0.23478092712037651,0,76.52,0.5220837338176059,1,52.21,HOLD,0.4446,-0.1108,Sideways,-0.165,0.0,unavailable_no_point_in_time_source,False,9843.0,9716.0,2026-07-01,9842.0,1.2968,1,2026-07-03,9785.5,0.7153,1.0,2026-07-07,10109.5,4.05,1.0,2026-07-14,10166.0,4.6315,1.0,1,0,1,1,1,1,-0.0102,1,0.0,1.0,1.0,1.0,1.0,-0.5842,1.0,0.0,1.0,1.0,1.0,0.0,2.7075,1.0,0.0,1.0,1.0,1.0,0.0,3.2815,0.0,75-80,50-55
BAJAJFINSV.NS|2026-06-30|ensemble_lr0.20_rf0.30_xgb0.50,BAJAJFINSV.NS,2026-06-30,ensemble_lr0.20_rf0.30_xgb0.50,2025-07-01,2026-06-30,2026-06-29,2025-07-28,2026-06-26,2026-06-29,225,2026-06-26,True,0,0.45925925925925926,0.2946688535351185,0.16,0.1946762502193451,0.20427189581669625,0,79.57,0.20896941773825067,0,79.1,HOLD,0.4633,-0.0734,Sideways,0.165,0.0,unavailable_no_point_in_time_source,True,1763.1,1780.199951171875,2026-07-01,1797.5999755859375,0.9774,1,2026-07-03,1895.5999755859375,6.4824,1.0,2026-07-07,1885.300048828125,5.9038,1.0,2026-07-14,1869.199951171875,4.9994,1.0,1,0,0,0,1,1,1.9568,1,0.0,0.0,0.0,1.0,0.0,7.5152,0.0,0.0,0.0,0.0,1.0,0.0,6.931,0.0,0.0,0.0,0.0,1.0,0.0,6.0178,0.0,75-80,75-80
BAJFINANCE.NS|2026-06-30|ensemble_lr0.20_rf0.30_xgb0.50,BAJFINANCE.NS,2026-06-30,ensemble_lr0.20_rf0.30_xgb0.50,2025-07-01,2026-06-30,2026-06-29,2025-07-28,2026-06-26,2026-06-29,225,2026-06-26,True,1,0.4666666666666666,0.6418394900239478,0.76,0.8050574064254761,0.7588966012175276,1,75.89,0.40832962204419815,0,59.17,BUY,0.7177,0.4354,Bullish,0.665,0.0,unavailable_no_point_in_time_source,True,974.41,1004.75,2026-07-01,1014.9000244140625,1.0102,1,2026-07-03,1031.4000244140625,2.6524,1.0,2026-07-07,1042.5,3.7572,1.0,2026-07-14,1006.5999755859375,0.1841,1.0,1,1,0,1,1,1,4.1553,1,1.0,0.0,1.0,1.0,1.0,5.8487,1.0,1.0,0.0,1.0,1.0,1.0,6.9878,1.0,1.0,0.0,1.0,1.0,1.0,3.3035,1.0,75-80,55-60
BEL.NS|2026-06-30|ensemble_lr0.20_rf0.30_xgb0.50,BEL.NS,2026-06-30,ensemble_lr0.20_rf0.30_xgb0.50,2025-07-01,2026-06-30,2026-06-29,2025-07-28,2026-06-26,2026-06-29,225,2026-06-26,True,0,0.48148148148148145,0.22162636940361335,0.64,0.7664352655410767,0.619542906651261,1,61.95,0.438048953555414,0,56.2,HOLD,0.4917,-0.0166,Bearish,0.0,0.0,unavailable_no_point_in_time_source,True,406.65,411.24169921875,2026-07-01,415.6856994628906,1.0806,1,2026-07-03,417.4832458496094,1.5177,1.0,2026-07-07,418.5817565917969,1.7849,1.0,2026-07-14,409.5440368652344,-0.4128,0.0,1,1,0,0,1,1,2.222,1,1.0,0.0,0.0,1.0,1.0,2.664,1.0,1.0,0.0,0.0,1.0,1.0,2.9342,1.0,0.0,1.0,1.0,0.0,1.0,0.7117,1.0,60-65,55-60
BPCL.NS|2026-06-30|ensemble_lr0.20_rf0.30_xgb0.50,BPCL.NS,2026-06-30,ensemble_lr0.20_rf0.30_xgb0.50,2025-07-01,2026-06-30,2026-06-29,2025-07-28,2026-06-26,2026-06-29,225,2026-06-26,True,0,0.562962962962963,0.6273198447943625,0.16,0.29151013493537903,0.319219036426562,0,68.08,0.1920531642394006,0,80.79,HOLD,0.5023,0.0046,Sideways,0.165,0.0,unavailable_no_point_in_time_source,True,309.75,303.54998779296875,2026-07-01,304.20001220703125,0.2141,1,2026-07-03,308.1499938964844,1.5154,1.0,2026-07-07,313.95001220703125,3.4261,1.0,2026-07-14,305.3500061035156,0.593,1.0,1,0,0,0,1,1,-1.7918,1,0.0,0.0,0.0,1.0,1.0,-0.5165,1.0,0.0,0.0,0.0,1.0,0.0,1.3559,1.0,0.0,0.0,0.0,1.0,1.0,-1.4205,1.0,65-70,80-85
AARTIIND.NS|2026-07-07|ensemble_lr0.20_rf0.30_xgb0.50,AARTIIND.NS,2026-07-07,ensemble_lr0.20_rf0.30_xgb0.50,2025-07-08,2026-07-07,2026-07-06,2025-08-04,2026-07-06,2026-07-07,225,2026-07-06,True,0,0.4962962962962963,0.512316388068581,0.34,0.314273864030838,0.3616002096291352,0,63.84,0.6728115109575306,1,67.28,HOLD,0.5367,0.0733,High Volatility,0.67,0.0,unavailable_no_point_in_time_source,True,487.53,477.50079345703125,2026-07-08,464.57647705078125,-2.7067,0,2026-07-10,483.13958740234375,1.1809,1.0,2026-07-14,482.0916442871094,0.9614,1.0,2026-07-21,498.509033203125,4.3996,1.0,0,1,0,1,1,1,-4.7081,0,0.0,1.0,0.0,0.0,1.0,-0.9005,1.0,0.0,1.0,0.0,0.0,1.0,-1.1155,1.0,0.0,1.0,0.0,0.0,0.0,2.252,1.0,60-65,65-70
AAVAS.NS|2026-07-07|ensemble_lr0.20_rf0.30_xgb0.50,AAVAS.NS,2026-07-07,ensemble_lr0.20_rf0.30_xgb0.50,2025-07-08,2026-07-07,2026-07-06,2025-08-04,2026-07-06,2026-07-07,225,2026-07-06,True,0,0.5555555555555555,0.2523761273740248,0.3,0.18561086058616638,0.23328065576788815,0,76.67,0.3265782647742143,0,67.34,HOLD,0.5644,0.1288,Sideways,0.5,0.0,unavailable_no_point_in_time_source,False,1514.0,1506.199951171875,2026-07-08,1499.800048828125,-0.4249,0,2026-07-10,1525.9000244140625,1.3079,1.0,2026-07-14,1447.5,-3.8972,0.0,2026-07-21,1521.699951171875,1.0291,1.0,0,1,1,1,1,1,-0.9379,1,0.0,0.0,0.0,0.0,1.0,0.786,1.0,1.0,1.0,1.0,1.0,0.0,-4.3923,0.0,0.0,0.0,0.0,0.0,1.0,0.5086,1.0,75-80,65-70
ABCAPITAL.NS|2026-07-07|ensemble_lr0.20_rf0.30_xgb0.50,ABCAPITAL.NS,2026-07-07,ensemble_lr0.20_rf0.30_xgb0.50,2025-07-08,2026-07-07,2026-07-06,2025-08-04,2026-07-06,2026-07-07,225,2026-07-06,True,1,0.5481481481481482,0.12300923260370947,0.22,0.07476603239774704,0.1279848627196154,0,87.2,0.4132434913670219,0,58.68,BUY,0.63,0.26,Bullish,1.0,0.0,unavailable_no_point_in_time_source,False,409.75,405.3999938964844,2026-07-08,385.75,-4.8471,0,2026-07-10,408.29998779296875,0.7153,1.0,2026-07-14,399.25,-1.517,0.0,2026-07-21,409.04998779296875,0.9003,1.0,0,1,1,0,1,0,-5.8572,0,0.0,0.0,1.0,0.0,1.0,-0.3539,0.0,1.0,1.0,0.0,1.0,0.0,-2.5625,0.0,0.0,0.0,1.0,0.0,1.0,-0.1708,0.0,85-90,55-60
ABFRL.NS|2026-07-07|ensemble_lr0.20_rf0.30_xgb0.50,ABFRL.NS,2026-07-07,ensemble_lr0.20_rf0.30_xgb0.50,2025-07-08,2026-07-07,2026-07-06,2025-08-04,2026-07-06,2026-07-07,225,2026-07-06,True,0,0.5555555555555556,0.4764620256040261,0.06,0.19208307564258575,0.20933394294209812,0,79.07,0.42219109703701335,0,57.78,HOLD,0.4261,-0.1478,High Volatility,0.0,0.0,unavailable_no_point_in_time_source,True,62.43,59.630001068115234,2026-07-08,58.310001373291016,-2.2137,0,2026-07-10,60.02000045776367,0.654,1.0,2026-07-14,58.93000030517578,-1.1739,0.0,2026-07-21,57.40999984741211,-3.723,0.0,0,1,1,1,1,1,-6.5994,0,0.0,0.0,0.0,0.0,1.0,-3.8603,0.0,1.0,1.0,1.0,1.0,1.0,-5.6063,0.0,1.0,1.0,1.0,1.0,0.0,-8.041,0.0,75-80,55-60
ACC.NS|2026-07-07|ensemble_lr0.20_rf0.30_xgb0.50,ACC.NS,2026-07-07,ensemble_lr0.20_rf0.30_xgb0.50,2025-07-08,2026-07-07,2026-07-06,2025-08-04,2026-07-06,2026-07-07,225,2026-07-06,True,0,0.525925925925926,0.3887675774375735,0.22,0.1308424174785614,0.2091747242267954,0,79.08,0.19715443861402604,0,80.28,HOLD,0.4484,-0.1031,Sideways,0.165,0.0,unavailable_no_point_in_time_source,False,1397.1,1384.4000244140625,2026-07-08,1335.0999755859375,-3.5611,0,2026-07-10,1384.5,0.0072,1.0,2026-07-14,1361.9000244140625,-1.6253,0.0,2026-07-21,1387.800048828125,0.2456,1.0,0,1,1,1,1,0,-4.4378,0,0.0,0.0,0.0,0.0,1.0,-0.9019,1.0,1.0,1.0,1.0,1.0,1.0,-2.5195,1.0,0.0,0.0,0.0,0.0,1.0,-0.6657,1.0,75-80,80-85
ADANIENT.NS|2026-07-07|ensemble_lr0.20_rf0.30_xgb0.50,ADANIENT.NS,2026-07-07,ensemble_lr0.20_rf0.30_xgb0.50,2025-07-08,2026-07-07,2026-07-06,2025-08-04,2026-07-06,2026-07-07,225,2026-07-06,True,0,0.39999999999999997,0.3272404509058855,0.06,0.14541730284690857,0.1561567416046314,0,84.38,0.4437677685035026,0,55.62,BUY,0.619,0.2379,Bullish,1.0,0.0,unavailable_no_point_in_time_source,False,3206.6,3107.199951171875,2026-07-08,3046.89990234375,-1.9407,0,2026-07-10,3157.300048828125,1.6124,1.0,2026-07-14,3188.89990234375,2.6294,1.0,2026-07-21,3182.699951171875,2.4298,1.0,0,1,1,1,1,0,-4.9804,0,0.0,0.0,0.0,0.0,1.0,-1.5375,0.0,0.0,0.0,0.0,0.0,1.0,-0.552,0.0,0.0,0.0,0.0,0.0,1.0,-0.7453,0.0,80-85,55-60
ADANIPORTS.NS|2026-07-07|ensemble_lr0.20_rf0.30_xgb0.50,ADANIPORTS.NS,2026-07-07,ensemble_lr0.20_rf0.30_xgb0.50,2025-07-08,2026-07-07,2026-07-06,2025-08-04,2026-07-06,2026-07-07,225,2026-07-06,True,0,0.5555555555555556,0.23725521810609285,0.02,0.08105318248271942,0.09397763486257829,0,90.6,0.2659926906628991,0,73.4,HOLD,0.552,0.1041,Sideways,1.0,0.0,unavailable_no_point_in_time_source,True,1864.4,1833.9000244140625,2026-07-08,1791.699951171875,-2.3011,0,2026-07-10,1828.0999755859375,-0.3163,0.0,2026-07-14,1821.9000244140625,-0.6543,0.0,2026-07-21,1846.5,0.6871,1.0,0,1,1,1,1,1,-3.8994,0,1.0,1.0,1.0,1.0,1.0,-1.947,1.0,1.0,1.0,1.0,1.0,1.0,-2.2796,1.0,0.0,0.0,0.0,0.0,1.0,-0.9601,1.0,90-95,70-75
AETHER.NS|2026-07-07|ensemble_lr0.20_rf0.30_xgb0.50,AETHER.NS,2026-07-07,ensemble_lr0.20_rf0.30_xgb0.50,2025-07-08,2026-07-07,2026-07-06,2025-08-04,2026-07-06,2026-07-07,225,2026-07-06,True,0,0.5111111111111111,0.3575193433287111,0.3,0.12623624503612518,0.22462199118380483,0,77.54,0.3238249521390148,0,67.62,BUY,0.6194,0.2387,High Volatility,1.0,0.0,unavailable_no_point_in_time_source,False,1361.1,1330.0,2026-07-08,1413.4000244140625,6.2707,1,2026-07-10,1500.800048828125,12.8421,1.0,2026-07-14,1439.9000244140625,8.2632,1.0,2026-07-21,1449.699951171875,9.0,1.0,0,0,0,0,0,1,3.8425,1,0.0,0.0,0.0,0.0,1.0,10.2638,1.0,0.0,0.0,0.0,0.0,1.0,5.7894,1.0,0.0,0.0,0.0,0.0,1.0,6.5094,1.0,75-80,65-70
AIAENG.NS|2026-07-07|ensemble_lr0.20_rf0.30_xgb0.50,AIAENG.NS,2026-07-07,ensemble_lr0.20_rf0.30_xgb0.50,2025-07-08,2026-07-07,2026-07-06,2025-08-04,2026-07-06,2026-07-07,225,2026-07-06,True,1,0.49629629629629624,0.40631187042399686,0.32,0.21360620856285095,0.28406547836622487,0,71.59,0.5750600611724781,1,57.51,HOLD,0.5039,0.0079,High Volatility,0.5,0.0,unavailable_no_point_in_time_source,False,4794.98,4738.68701171875,2026-07-08,4649.5224609375,-1.8816,0,2026-07-10,4665.96044921875,-1.5347,0.0,2026-07-14,4742.173828125,0.0736,1.0,2026-07-21,4663.9677734375,-1.5768,0.0,0,1,0,0,1,1,-3.0335,0,1.0,0.0,0.0,1.0,1.0,-2.6907,1.0,0.0,1.0,1.0,0.0,1.0,-1.1013,1.0,1.0,0.0,0.0,1.0,1.0,-2.7323,1.0,70-75,55-60
AJANTPHARM.NS|2026-07-07|ensemble_lr0.20_rf0.30_xgb0.50,AJANTPHARM.NS,2026-07-07,ensemble_lr0.20_rf0.30_xgb0.50,2025-07-08,2026-07-07,2026-07-06,2025-08-04,2026-07-06,2026-07-07,225,2026-07-06,True,0,0.6222222222222222,0.17278953665207147,0.2,0.10109326243400574,0.14510453854741717,0,85.49,0.22052204574751172,0,77.95,BUY,0.6061,0.2122,High Volatility,1.0,0.0,unavailable_no_point_in_time_source,False,3342.88,3284.411865234375,2026-07-08,3249.035888671875,-1.0771,0,2026-07-10,3318.202392578125,1.0288,1.0,2026-07-14,3377.85595703125,2.8451,1.0,2026-07-21,3542.844482421875,7.8685,1.0,0,1,1,1,1,0,-2.8073,0,0.0,0.0,0.0,0.0,1.0,-0.7382,0.0,0.0,0.0,0.0,0.0,1.0,1.0463,1.0,0.0,0.0,0.0,0.0,1.0,5.9818,1.0,85-90,75-80
ALEMBICLTD.NS|2026-07-07|ensemble_lr0.20_rf0.30_xgb0.50,ALEMBICLTD.NS,2026-07-07,ensemble_lr0.20_rf0.30_xgb0.50,2025-07-08,2026-07-07,2026-07-06,2025-08-04,2026-07-06,2026-07-07,225,2026-07-06,True,0,0.5407407407407406,0.21987142371719118,0.22,0.16689051687717438,0.19341954318202542,0,80.66,0.4544805066476646,0,54.55,HOLD,0.5556,0.1113,Bullish,0.335,0.0,unavailable_no_point_in_time_source,False,89.27,88.41304016113281,2026-07-08,85.56948852539062,-3.2162,0,2026-07-10,87.61450958251953,-0.9032,0.0,2026-07-14,86.64068603515625,-2.0046,0.0,2026-07-21,88.00403594970703,-0.4626,0.0,0,1,1,1,1,0,-4.1453,0,1.0,1.0,1.0,1.0,1.0,-1.8545,1.0,1.0,1.0,1.0,1.0,1.0,-2.9454,1.0,1.0,1.0,1.0,1.0,1.0,-1.4181,1.0,80-85,50-55
ALKEM.NS|2026-07-07|ensemble_lr0.20_rf0.30_xgb0.50,ALKEM.NS,2026-07-07,ensemble_lr0.20_rf0.30_xgb0.50,2025-07-08,2026-07-07,2026-07-06,2025-08-04,2026-07-06,2026-07-07,225,2026-07-06,True,1,0.45925925925925926,0.24221989281847686,0.7,0.7561222910881042,0.6365051241077475,1,63.65,0.31863669375142956,0,68.14,BUY,0.6983,0.3966,Bullish,0.5,0.0,unavailable_no_point_in_time_source,False,5588.5,5657.375,2026-07-08,5595.98486328125,-1.0851,0,2026-07-10,5659.37109375,0.0353,1.0,2026-07-14,5591.49267578125,-1.1645,0.0,2026-07-21,5671.349609375,0.247,1.0,1,0,1,0,0,0,0.1339,1,1.0,0.0,1.0,1.0,1.0,1.2682,1.0,0.0,1.0,0.0,0.0,0.0,0.0536,1.0,1.0,0.0,1.0,1.0,1.0,1.4825,1.0,60-65,65-70
AMBER.NS|2026-07-07|ensemble_lr0.20_rf0.30_xgb0.50,AMBER.NS,2026-07-07,ensemble_lr0.20_rf0.30_xgb0.50,2025-07-08,2026-07-07,2026-07-06,2025-08-04,2026-07-06,2026-07-07,225,2026-07-06,True,0,0.5037037037037037,0.5985141515774981,0.82,0.7574298977851868,0.744417779208093,1,74.44,0.619386029447016,1,61.94,HOLD,0.5099,0.0199,High Volatility,-0.165,0.0,unavailable_no_point_in_time_source,False,7614.5,7625.0,2026-07-08,7424.0,-2.6361,0,2026-07-10,7779.0,2.0197,1.0,2026-07-14,7786.5,2.118,1.0,2026-07-21,7622.0,-0.0393,0.0,1,0,0,1,0,1,-2.5018,1,1.0,1.0,0.0,1.0,1.0,2.1604,1.0,1.0,1.0,0.0,1.0,1.0,2.2588,1.0,0.0,0.0,1.0,0.0,1.0,0.0985,1.0,70-75,60-65
ANGELONE.NS|2026-07-07|ensemble_lr0.20_rf0.30_xgb0.50,ANGELONE.NS,2026-07-07,ensemble_lr0.20_rf0.30_xgb0.50,2025-07-08,2026-07-07,2026-07-06,2025-08-04,2026-07-06,2026-07-07,225,2026-07-06,True,0,0.48888888888888893,0.24211944016158163,0.18,0.17142139375209808,0.18813458490836538,0,81.19,0.12356185820964624,0,87.64,HOLD,0.5003,0.0007,High Volatility,0.5,0.0,unavailable_no_point_in_time_source,True,344.88,334.7646789550781,2026-07-08,330.17889404296875,-1.3699,0,2026-07-10,344.9830627441406,3.0524,1.0,2026-07-14,332.5216064453125,-0.67,0.0,2026-07-21,321.8999938964844,-3.8429,0.0,0,1,1,1,1,1,-4.2627,0,0.0,0.0,0.0,0.0,0.0,0.0299,1.0,1.0,1.0,1.0,1.0,1.0,-3.5834,0.0,1.0,1.0,1.0,1.0,0.0,-6.6632,0.0,80-85,85-90
APARINDS.NS|2026-07-07|ensemble_lr0.20_rf0.30_xgb0.50,APARINDS.NS,2026-07-07,ensemble_lr0.20_rf0.30_xgb0.50,2025-07-08,2026-07-07,2026-07-06,2025-08-04,2026-07-06,2026-07-07,225,2026-07-06,True,1,0.48148148148148145,0.5227953821545261,0.28,0.26801109313964844,0.32256462300072947,0,67.74,0.548609364772646,1,54.86,HOLD,0.4963,-0.0074,High Volatility,0.5,0.0,unavailable_no_point_in_time_source,False,14273.45,14105.0302734375,2026-07-08,13396.490234375,-5.0233,0,2026-07-10,14009.3623046875,-0.6783,0.0,2026-07-14,13547.9638671875,-3.9494,0.0,2026-07-21,13793.1123046875,-2.2114,0.0,0,1,0,0,1,0,-6.144,0,1.0,0.0,0.0,1.0,1.0,-1.8502,1.0,1.0,0.0,0.0,1.0,0.0,-5.0828,0.0,1.0,0.0,0.0,1.0,1.0,-3.3653,0.0,65-70,50-55
APOLLOHOSP.NS|2026-07-07|ensemble_lr0.20_rf0.30_xgb0.50,APOLLOHOSP.NS,2026-07-07,ensemble_lr0.20_rf0.30_xgb0.50,2025-07-08,2026-07-07,2026-07-06,2025-08-04,2026-07-06,2026-07-07,225,2026-07-06,True,0,0.4222222222222222,0.49223940092630164,0.2,0.15829525887966156,0.23759550962509113,0,76.24,0.4838960252516954,0,51.61,BUY,0.5921,0.1841,Bullish,1.0,0.0,unavailable_no_point_in_time_source,False,8878.17,8826.724609375,2026-07-08,8743.3212890625,-0.9449,0,2026-07-10,8830.7197265625,0.0453,1.0,2026-07-14,8890.150390625,0.7186,1.0,2026-07-21,8916.1201171875,1.0128,1.0,0,1,1,1,1,0,-1.5189,0,0.0,0.0,0.0,0.0,1.0,-0.5345,0.0,0.0,0.0,0.0,0.0,1.0,0.1349,1.0,0.0,0.0,0.0,0.0,1.0,0.4275,1.0,75-80,50-55
APOLLOTYRE.NS|2026-07-07|ensemble_lr0.20_rf0.30_xgb0.50,APOLLOTYRE.NS,2026-07-07,ensemble_lr0.20_rf0.30_xgb0.50,2025-07-08,2026-07-07,2026-07-06,2025-08-04,2026-07-06,2026-07-07,225,2026-07-06,True,0,0.5185185185185185,0.2855893280849091,0.14,0.10763514786958694,0.1529354395517753,0,84.71,0.28815157573916467,0,71.18,BUY,0.6016,0.2032,Bullish,0.5,0.0,unavailable_no_point_in_time_source,True,452.76,451.76641845703125,2026-07-08,437.0505676269531,-3.2574,0,2026-07-10,440.1000061035156,-2.5824,0.0,2026-07-14,425.8500061035156,-5.7367,0.0,2026-07-21,428.5,-5.1501,0.0,0,1,1,1,1,0,-3.4697,0,1.0,1.0,1.0,1.0,0.0,-2.7962,0.0,1.0,1.0,1.0,1.0,0.0,-5.9435,0.0,1.0,1.0,1.0,1.0,0.0,-5.3582,0.0,80-85,70-75
ASHOKLEY.NS|2026-07-07|ensemble_lr0.20_rf0.30_xgb0.50,ASHOKLEY.NS,2026-07-07,ensemble_lr0.20_rf0.30_xgb0.50,2025-07-08,2026-07-07,2026-07-06,2025-08-04,2026-07-06,2026-07-07,225,2026-07-06,True,1,0.48148148148148145,0.2723322500080121,0.18,0.16845764219760895,0.1926952711004069,0,80.73,0.3769670581106246,0,62.3,HOLD,0.4906,-0.0188,Sideways,0.335,0.0,unavailable_no_point_in_time_source,True,166.12,164.16000366210938,2026-07-08,156.22000122070312,-4.8367,0,2026-07-10,157.49000549316406,-4.0631,0.0,2026-07-14,155.19000244140625,-5.4642,0.0,2026-07-21,153.94000244140625,-6.2256,0.0,0,1,1,0,1,0,-5.9595,0,1.0,1.0,0.0,1.0,0.0,-5.195,0.0,1.0,1.0,0.0,1.0,0.0,-6.5796,0.0,1.0,1.0,0.0,1.0,0.0,-7.332,0.0,80-85,60-65
ASIANPAINT.NS|2026-07-07|ensemble_lr0.20_rf0.30_xgb0.50,ASIANPAINT.NS,2026-07-07,ensemble_lr0.20_rf0.30_xgb0.50,2025-07-08,2026-07-07,2026-07-06,2025-08-04,2026-07-06,2026-07-07,225,2026-07-06,True,1,0.5333333333333333,0.33853523053489315,0.14,0.08355236053466797,0.1514832263743126,0,84.85,0.4349657894787682,0,56.5,BUY,0.6363,0.2726,Bullish,1.0,0.0,unavailable_no_point_in_time_source,True,2754.9,2731.39990234375,2026-07-08,2665.89990234375,-2.398,0,2026-07-10,2677.800048828125,-1.9624,0.0,2026-07-14,2641.0,-3.3097,0.0,2026-07-21,2692.39990234375,-1.4278,0.0,0,1,1,0,1,0,-3.2306,0,1.0,1.0,0.0,1.0,0.0,-2.7986,0.0,1.0,1.0,0.0,1.0,0.0,-4.1345,0.0,1.0,1.0,0.0,1.0,0.0,-2.2687,0.0,80-85,55-60
ASTRAL.NS|2026-07-07|ensemble_lr0.20_rf0.30_xgb0.50,ASTRAL.NS,2026-07-07,ensemble_lr0.20_rf0.30_xgb0.50,2025-07-08,2026-07-07,2026-07-06,2025-08-04,2026-07-06,2026-07-07,225,2026-07-06,True,0,0.6,0.8236182608847312,0.38,0.2861458361148834,0.421796570234388,0,57.82,0.7866444165370137,1,78.66,SELL,0.3446,-0.3107,High Volatility,-0.835,0.0,unavailable_no_point_in_time_source,True,1386.82,1357.3651123046875,2026-07-08,1333.9019775390625,-1.7286,0,2026-07-10,1331.70556640625,-1.8904,0.0,2026-07-14,1356.36669921875,-0.0736,0.0,2026-07-21,1412.8778076171875,4.0897,1.0,0,1,0,1,1,1,-3.8158,1,1.0,0.0,1.0,1.0,1.0,-3.9742,1.0,1.0,0.0,1.0,1.0,1.0,-2.1959,1.0,0.0,1.0,0.0,0.0,0.0,1.879,0.0,55-60,75-80
AUBANK.NS|2026-07-07|ensemble_lr0.20_rf0.30_xgb0.50,AUBANK.NS,2026-07-07,ensemble_lr0.20_rf0.30_xgb0.50,2025-07-08,2026-07-07,2026-07-06,2025-08-04,2026-07-06,2026-07-07,225,2026-07-06,True,1,0.4740740740740741,0.25273118469454436,0.8,0.7148494720458984,0.6479709729618581,1,64.8,0.5628593735532046,1,56.29,STRONG BUY,0.8014,0.6029,Bullish,1.0,0.0,unavailable_no_point_in_time_source,True,1060.37,1065.864990234375,2026-07-08,1037.792236328125,-2.6338,0,2026-07-10,1071.059814453125,0.4874,1.0,2026-07-14,1037.292724609375,-2.6807,0.0,2026-07-21,1002.3265991210938,-5.9612,0.0,1,0,0,0,0,0,-2.1292,0,1.0,1.0,1.0,1.0,1.0,1.0081,1.0,0.0,0.0,0.0,0.0,0.0,-2.1763,0.0,0.0,0.0,0.0,0.0,0.0,-5.4739,0.0,60-65,55-60
AXISBANK.NS|2026-07-07|ensemble_lr0.20_rf0.30_xgb0.50,AXISBANK.NS,2026-07-07,ensemble_lr0.20_rf0.30_xgb0.50,2025-07-08,2026-07-07,2026-07-06,2025-08-04,2026-07-06,2026-07-07,225,2026-07-06,True,1,0.5259259259259259,0.4289361598994049,0.58,0.6343103051185608,0.5769423845391614,1,57.69,0.4397496383277824,0,56.03,BUY,0.5916,0.1831,Sideways,0.335,0.0,unavailable_no_point_in_time_source,True,1338.57,1339.966552734375,2026-07-08,1308.4908447265625,-2.349,0,2026-07-10,1323.699951171875,-1.214,0.0,2026-07-14,1317.5999755859375,-1.6692,0.0,2026-07-21,1258.199951171875,-6.1021,0.0,1,0,1,0,0,0,-2.2471,0,0.0,1.0,0.0,0.0,0.0,-1.1109,0.0,0.0,1.0,0.0,0.0,0.0,-1.5666,0.0,0.0,1.0,0.0,0.0,0.0,-6.0042,0.0,55-60,55-60
BAJAJ-AUTO.NS|2026-07-07|ensemble_lr0.20_rf0.30_xgb0.50,BAJAJ-AUTO.NS,2026-07-07,ensemble_lr0.20_rf0.30_xgb0.50,2025-07-08,2026-07-07,2026-07-06,2025-08-04,2026-07-06,2026-07-07,225,2026-07-06,True,1,0.5925925925925926,0.5597475726361091,0.76,0.8773466348648071,0.7786228319596253,1,77.86,0.5699942188857694,1,57.0,HOLD,0.5311,0.0623,Sideways,-0.165,0.0,unavailable_no_point_in_time_source,False,10036.5,10109.5,2026-07-08,10164.0,0.5391,1,2026-07-10,10156.0,0.46,1.0,2026-07-14,10166.0,0.5589,1.0,2026-07-21,10403.5,2.9082,1.0,1,1,1,1,1,1,1.2704,1,1.0,1.0,1.0,1.0,1.0,1.1907,1.0,1.0,1.0,1.0,1.0,1.0,1.2903,1.0,1.0,1.0,1.0,1.0,1.0,3.6567,0.0,75-80,55-60
BAJAJFINSV.NS|2026-07-07|ensemble_lr0.20_rf0.30_xgb0.50,BAJAJFINSV.NS,2026-07-07,ensemble_lr0.20_rf0.30_xgb0.50,2025-07-08,2026-07-07,2026-07-06,2025-08-04,2026-07-06,2026-07-07,225,2026-07-06,True,0,0.45925925925925926,0.5082312338383504,0.76,0.8553735017776489,0.7573329976564945,1,75.73,0.3799862615917372,0,62.0,BUY,0.7154,0.4308,Bullish,0.335,0.0,unavailable_no_point_in_time_source,True,1870.7,1885.300048828125,2026-07-08,1854.9000244140625,-1.6125,0,2026-07-10,1916.0,1.6284,1.0,2026-07-14,1869.199951171875,-0.854,0.0,2026-07-21,1900.5999755859375,0.8115,1.0,1,0,1,1,0,0,-0.8446,0,1.0,0.0,0.0,1.0,1.0,2.4216,1.0,0.0,1.0,1.0,0.0,0.0,-0.0802,0.0,1.0,0.0,0.0,1.0,1.0,1.5983,1.0,75-80,60-65
BAJFINANCE.NS|2026-07-07|ensemble_lr0.20_rf0.30_xgb0.50,BAJFINANCE.NS,2026-07-07,ensemble_lr0.20_rf0.30_xgb0.50,2025-07-08,2026-07-07,2026-07-06,2025-08-04,2026-07-06,2026-07-07,225,2026-07-06,True,1,0.4666666666666666,0.5607439670577388,0.88,0.8128616809844971,0.7825796339037963,1,78.26,0.47244534470469635,0,52.76,STRONG BUY,0.7729,0.5458,Bullish,1.0,0.0,unavailable_no_point_in_time_source,False,1029.1,1042.5,2026-07-08,1010.4000244140625,-3.0791,0,2026-07-10,1020.5,-2.1103,0.0,2026-07-14,1006.5999755859375,-3.4436,0.0,2026-07-21,1069.199951171875,2.5611,1.0,1,0,1,0,0,0,-1.8171,0,0.0,1.0,0.0,0.0,0.0,-0.8357,0.0,0.0,1.0,0.0,0.0,0.0,-2.1864,0.0,1.0,0.0,1.0,1.0,1.0,3.8966,1.0,75-80,50-55
BEL.NS|2026-07-07|ensemble_lr0.20_rf0.30_xgb0.50,BEL.NS,2026-07-07,ensemble_lr0.20_rf0.30_xgb0.50,2025-07-08,2026-07-07,2026-07-06,2025-08-04,2026-07-06,2026-07-07,225,2026-07-06,True,0,0.47407407407407404,0.45773024706442383,0.2,0.11784521490335464,0.2104686568645621,0,78.95,0.5621771543954648,1,56.22,HOLD,0.446,-0.108,Sideways,0.165,0.0,unavailable_no_point_in_time_source,True,424.97,418.5817565917969,2026-07-08,407.04742431640625,-2.7556,0,2026-07-10,414.28759765625,-1.0259,0.0,2026-07-14,409.5440368652344,-2.1591,0.0,2026-07-21,409.49407958984375,-2.1711,0.0,0,1,0,1,1,1,-4.2174,0,1.0,0.0,1.0,1.0,1.0,-2.5137,1.0,1.0,0.0,1.0,1.0,1.0,-3.6299,0.0,1.0,0.0,1.0,1.0,1.0,-3.6417,0.0,75-80,55-60
BPCL.NS|2026-07-07|ensemble_lr0.20_rf0.30_xgb0.50,BPCL.NS,2026-07-07,ensemble_lr0.20_rf0.30_xgb0.50,2025-07-08,2026-07-07,2026-07-06,2025-08-04,2026-07-06,2026-07-07,225,2026-07-06,True,0,0.5555555555555555,0.5077738284587567,0.72,0.7530360221862793,0.694072776784891,1,69.41,0.36016916538266475,0,63.98,HOLD,0.5682,0.1363,Sideways,-0.165,0.0,unavailable_no_point_in_time_source,True,308.15,313.95001220703125,2026-07-08,303.54998779296875,-3.3126,0,2026-07-10,309.75,-1.3378,0.0,2026-07-14,305.3500061035156,-2.7393,0.0,2026-07-21,319.3500061035156,1.72,1.0,1,0,1,1,0,0,-1.4928,1,0.0,1.0,1.0,0.0,1.0,0.5192,1.0,0.0,1.0,1.0,0.0,1.0,-0.9086,1.0,1.0,0.0,0.0,1.0,1.0,3.6346,0.0,65-70,60-65
AARTIIND.NS|2026-07-14|ensemble_lr0.20_rf0.30_xgb0.50,AARTIIND.NS,2026-07-14,ensemble_lr0.20_rf0.30_xgb0.50,2025-07-15,2026-07-14,2026-07-13,2025-08-11,2026-07-13,2026-07-14,225,2026-07-13,True,0,0.5333333333333333,0.33929300005602653,0.24,0.2927003502845764,0.2862087751534935,0,71.38,0.32715328600940385,0,67.28,HOLD,0.564,0.128,High Volatility,0.67,0.0,unavailable_no_point_in_time_source,True,483.34,482.0916442871094,2026-07-15,499.7066650390625,3.6539,1,2026-07-17,492.97003173828125,2.2565,1.0,2026-07-21,498.509033203125,3.4054,1.0,2026-07-28,475.8041687011719,-1.3042,0.0,0,0,0,0,0,0,3.3862,0,0.0,0.0,0.0,0.0,1.0,1.9924,1.0,0.0,0.0,0.0,0.0,0.0,3.1384,0.0,1.0,1.0,1.0,1.0,1.0,-1.5591,1.0,70-75,65-70
AAVAS.NS|2026-07-14|ensemble_lr0.20_rf0.30_xgb0.50,AAVAS.NS,2026-07-14,ensemble_lr0.20_rf0.30_xgb0.50,2025-07-15,2026-07-14,2026-07-13,2025-08-11,2026-07-13,2026-07-14,225,2026-07-13,True,0,0.5629629629629629,0.25408621163455114,0.16,0.15003035962581635,0.17383242213981842,0,82.62,0.18919024350157806,0,81.08,HOLD,0.4573,-0.0853,Sideways,0.0,0.0,unavailable_no_point_in_time_source,False,1498.4,1447.5,2026-07-15,1500.9000244140625,3.6891,1,2026-07-17,1481.4000244140625,2.342,1.0,2026-07-21,1521.699951171875,5.1261,1.0,2026-07-28,1376.0999755859375,-4.9326,0.0,0,0,0,0,0,0,0.1668,1,0.0,0.0,0.0,0.0,1.0,-1.1345,1.0,0.0,0.0,0.0,0.0,0.0,1.555,1.0,1.0,1.0,1.0,1.0,0.0,-8.162,0.0,80-85,80-85
ABCAPITAL.NS|2026-07-14|ensemble_lr0.20_rf0.30_xgb0.50,ABCAPITAL.NS,2026-07-14,ensemble_lr0.20_rf0.30_xgb0.50,2025-07-15,2026-07-14,2026-07-13,2025-08-11,2026-07-13,2026-07-14,225,2026-07-13,True,1,0.5555555555555555,0.3631905952600193,0.22,0.21730825304985046,0.24729224557692908,0,75.27,0.5765392533806575,1,57.65,BUY,0.6374,0.2748,Bullish,1.0,0.0,unavailable_no_point_in_time_source,True,407.45,399.25,2026-07-15,404.29998779296875,1.2649,1,2026-07-17,401.54998779296875,0.5761,1.0,2026-07-21,409.04998779296875,2.4546,1.0,2026-07-28,391.3500061035156,-1.9787,0.0,0,0,1,1,0,1,-0.7731,0,0.0,1.0,1.0,0.0,1.0,-1.448,0.0,0.0,1.0,1.0,0.0,1.0,0.3927,1.0,1.0,0.0,0.0,1.0,0.0,-3.9514,0.0,75-80,55-60
ABFRL.NS|2026-07-14|ensemble_lr0.20_rf0.30_xgb0.50,ABFRL.NS,2026-07-14,ensemble_lr0.20_rf0.30_xgb0.50,2025-07-15,2026-07-14,2026-07-13,2025-08-11,2026-07-13,2026-07-14,225,2026-07-13,True,0,0.47407407407407404,0.5534455910030156,0.38,0.2588183283805847,0.35409828239089547,0,64.59,0.6857912411614814,1,68.58,HOLD,0.4461,-0.1077,High Volatility,0.0,0.0,unavailable_no_point_in_time_source,True,60.51,58.93000030517578,2026-07-15,59.2599983215332,0.56,1,2026-07-17,57.849998474121094,-1.8327,0.0,2026-07-21,57.40999984741211,-2.5793,0.0,2026-07-28,56.70000076293945,-3.7841,0.0,0,0,1,0,0,1,-2.0658,1,1.0,0.0,1.0,1.0,1.0,-4.396,0.0,1.0,0.0,1.0,1.0,1.0,-5.1231,0.0,1.0,0.0,1.0,1.0,0.0,-6.2965,0.0,60-65,65-70
ACC.NS|2026-07-14|ensemble_lr0.20_rf0.30_xgb0.50,ACC.NS,2026-07-14,ensemble_lr0.20_rf0.30_xgb0.50,2025-07-15,2026-07-14,2026-07-13,2025-08-11,2026-07-13,2026-07-14,225,2026-07-13,True,0,0.562962962962963,0.39511792073618907,0.14,0.10613343864679337,0.1740903034706345,0,82.59,0.25608092031238455,0,74.39,HOLD,0.4472,-0.1056,Sideways,0.165,0.0,unavailable_no_point_in_time_source,False,1378.8,1361.9000244140625,2026-07-15,1383.199951171875,1.564,1,2026-07-17,1377.699951171875,1.1601,1.0,2026-07-21,1387.800048828125,1.9018,1.0,2026-07-28,1341.800048828125,-1.4759,0.0,0,0,0,0,0,1,0.3191,1,0.0,0.0,0.0,0.0,1.0,-0.0798,1.0,0.0,0.0,0.0,0.0,1.0,0.6527,1.0,1.0,1.0,1.0,1.0,1.0,-2.6835,1.0,80-85,70-75
ADANIENT.NS|2026-07-14|ensemble_lr0.20_rf0.30_xgb0.50,ADANIENT.NS,2026-07-14,ensemble_lr0.20_rf0.30_xgb0.50,2025-07-15,2026-07-14,2026-07-13,2025-08-11,2026-07-13,2026-07-14,225,2026-07-13,True,0,0.35555555555555557,0.6414435653494358,0.84,0.8546194434165955,0.8075984347781849,1,80.76,0.6903351724703135,1,69.03,BUY,0.7194,0.4388,Bullish,0.665,0.0,unavailable_no_point_in_time_source,False,3177.5,3188.89990234375,2026-07-15,3150.60009765625,-1.201,0,2026-07-17,3160.699951171875,-0.8843,0.0,2026-07-21,3182.699951171875,-0.1944,0.0,2026-07-28,3002.300048828125,-5.8515,0.0,1,0,0,1,0,0,-0.8466,0,0.0,0.0,1.0,0.0,0.0,-0.5287,0.0,0.0,0.0,1.0,0.0,0.0,0.1636,1.0,0.0,0.0,1.0,0.0,0.0,-5.5138,0.0,80-85,65-70
ADANIPORTS.NS|2026-07-14|ensemble_lr0.20_rf0.30_xgb0.50,ADANIPORTS.NS,2026-07-14,ensemble_lr0.20_rf0.30_xgb0.50,2025-07-15,2026-07-14,2026-07-13,2025-08-11,2026-07-13,2026-07-14,225,2026-07-13,True,0,0.5703703703703703,0.3841308111196139,0.74,0.7375780344009399,0.6676151794243927,1,66.76,0.3554314664417352,0,64.46,BUY,0.6021,0.2042,Sideways,0.5,0.0,unavailable_no_point_in_time_source,True,1810.3,1821.9000244140625,2026-07-15,1829.0999755859375,0.3952,1,2026-07-17,1837.4000244140625,0.8508,1.0,2026-07-21,1846.5,1.3502,1.0,2026-07-28,1774.699951171875,-2.5907,0.0,1,1,0,0,1,1,1.0385,1,1.0,0.0,0.0,1.0,1.0,1.497,1.0,1.0,0.0,0.0,1.0,1.0,1.9997,1.0,0.0,1.0,1.0,0.0,0.0,-1.9665,0.0,65-70,60-65
AETHER.NS|2026-07-14|ensemble_lr0.20_rf0.30_xgb0.50,AETHER.NS,2026-07-14,ensemble_lr0.20_rf0.30_xgb0.50,2025-07-15,2026-07-14,2026-07-13,2025-08-11,2026-07-13,2026-07-14,225,2026-07-13,True,1,0.45925925925925926,0.4589460807434866,0.24,0.3712981939315796,0.34943831311448714,0,65.06,0.3772746433026911,0,62.27,BUY,0.6207,0.2415,High Volatility,1.0,0.0,unavailable_no_point_in_time_source,True,1452.8,1439.9000244140625,2026-07-15,1477.199951171875,2.5905,1,2026-07-17,1475.300048828125,2.4585,1.0,2026-07-21,1449.699951171875,0.6806,1.0,2026-07-28,1464.699951171875,1.7223,1.0,0,0,0,1,0,1,1.6795,1,0.0,0.0,1.0,0.0,1.0,1.5487,1.0,0.0,0.0,1.0,0.0,1.0,-0.2134,0.0,0.0,0.0,1.0,0.0,1.0,0.8191,1.0,65-70,60-65
AIAENG.NS|2026-07-14|ensemble_lr0.20_rf0.30_xgb0.50,AIAENG.NS,2026-07-14,ensemble_lr0.20_rf0.30_xgb0.50,2025-07-15,2026-07-14,2026-07-13,2025-08-11,2026-07-13,2026-07-14,225,2026-07-13,True,1,0.5185185185185186,0.4285848960550273,0.82,0.7811396718025208,0.7222868151122658,1,72.23,0.4855880497925739,0,51.44,BUY,0.6593,0.3186,High Volatility,0.5,0.0,unavailable_no_point_in_time_source,False,4714.28,4742.173828125,2026-07-15,4810.41748046875,1.4391,1,2026-07-17,4630.09521484375,-2.3634,0.0,2026-07-21,4663.9677734375,-1.6492,0.0,2026-07-28,4585.76171875,-3.2983,0.0,1,1,0,1,1,1,2.0393,1,0.0,1.0,0.0,0.0,0.0,-1.7857,0.0,0.0,1.0,0.0,0.0,0.0,-1.0672,0.0,0.0,1.0,0.0,0.0,0.0,-2.7261,0.0,70-75,50-55
AJANTPHARM.NS|2026-07-14|ensemble_lr0.20_rf0.30_xgb0.50,AJANTPHARM.NS,2026-07-14,ensemble_lr0.20_rf0.30_xgb0.50,2025-07-15,2026-07-14,2026-07-13,2025-08-11,2026-07-13,2026-07-14,225,2026-07-13,True,0,0.5629629629629629,0.14598193102373808,0.3,0.16595351696014404,0.20217314468481962,0,79.78,0.5534473670912096,1,55.34,BUY,0.6306,0.2612,High Volatility,1.0,0.0,unavailable_no_point_in_time_source,False,3390.34,3377.85595703125,2026-07-15,3422.84375,1.3318,1,2026-07-17,3388.359619140625,0.311,1.0,2026-07-21,3542.844482421875,4.8844,1.0,2026-07-28,3312.05859375,-1.9479,0.0,0,0,1,0,0,1,0.9587,1,0.0,1.0,0.0,0.0,1.0,-0.0584,0.0,0.0,1.0,0.0,0.0,1.0,4.4982,1.0,1.0,0.0,1.0,1.0,0.0,-2.309,0.0,75-80,55-60
ALEMBICLTD.NS|2026-07-14|ensemble_lr0.20_rf0.30_xgb0.50,ALEMBICLTD.NS,2026-07-14,ensemble_lr0.20_rf0.30_xgb0.50,2025-07-15,2026-07-14,2026-07-13,2025-08-11,2026-07-13,2026-07-14,225,2026-07-13,True,0,0.4666666666666666,0.42690761132718197,0.14,0.204133078455925,0.22944806149339889,0,77.06,0.45221639267400005,0,54.78,HOLD,0.4319,-0.1362,Sideways,-0.165,0.0,unavailable_no_point_in_time_source,False,87.49,86.64068603515625,2026-07-15,87.13733673095703,0.5732,1,2026-07-17,86.10508728027344,-0.6182,0.0,2026-07-21,88.00403594970703,1.5736,1.0,2026-07-28,86.89388275146484,0.2922,1.0,0,0,0,0,0,1,-0.4031,1,1.0,1.0,1.0,1.0,1.0,-1.5829,1.0,0.0,0.0,0.0,0.0,1.0,0.5875,1.0,0.0,0.0,0.0,0.0,1.0,-0.6814,1.0,75-80,50-55
ALKEM.NS|2026-07-14|ensemble_lr0.20_rf0.30_xgb0.50,ALKEM.NS,2026-07-14,ensemble_lr0.20_rf0.30_xgb0.50,2025-07-15,2026-07-14,2026-07-13,2025-08-11,2026-07-13,2026-07-14,225,2026-07-13,True,1,0.4962962962962963,0.5517459914420815,0.64,0.6928452849388123,0.6487718407578225,1,64.88,0.4382029584329683,0,56.18,BUY,0.7112,0.4224,Bullish,0.5,0.0,unavailable_no_point_in_time_source,False,5557.05,5591.49267578125,2026-07-15,5648.89013671875,1.0265,1,2026-07-17,5553.0615234375,-0.6873,0.0,2026-07-21,5671.349609375,1.4282,1.0,2026-07-28,5641.4033203125,0.8926,1.0,1,1,0,1,1,1,1.6527,1,0.0,1.0,0.0,0.0,0.0,-0.0718,0.0,1.0,0.0,1.0,1.0,1.0,2.0568,1.0,1.0,0.0,1.0,1.0,1.0,1.518,1.0,60-65,55-60
AMBER.NS|2026-07-14|ensemble_lr0.20_rf0.30_xgb0.50,AMBER.NS,2026-07-14,ensemble_lr0.20_rf0.30_xgb0.50,2025-07-15,2026-07-14,2026-07-13,2025-08-11,2026-07-13,2026-07-14,225,2026-07-13,True,1,0.4888888888888889,0.5469346026754311,0.7,0.6440693140029907,0.6414215775365816,1,64.14,0.5154289349401554,1,51.54,BUY,0.6186,0.2371,High Volatility,0.165,0.0,unavailable_no_point_in_time_source,False,7771.0,7786.5,2026-07-15,7850.5,0.8219,1,2026-07-17,7804.5,0.2312,1.0,2026-07-21,7622.0,-2.1126,0.0,2026-07-28,7209.0,-7.4167,0.0,1,1,1,1,1,1,1.023,1,1.0,1.0,1.0,1.0,1.0,0.4311,1.0,0.0,0.0,0.0,0.0,0.0,-1.9174,0.0,0.0,0.0,0.0,0.0,0.0,-7.232,0.0,60-65,50-55
ANGELONE.NS|2026-07-14|ensemble_lr0.20_rf0.30_xgb0.50,ANGELONE.NS,2026-07-14,ensemble_lr0.20_rf0.30_xgb0.50,2025-07-15,2026-07-14,2026-07-13,2025-08-11,2026-07-13,2026-07-14,225,2026-07-13,True,0,0.4962962962962963,0.18222203515951776,0.14,0.09357067197561264,0.12522974301970988,0,87.48,0.33896704411262635,0,66.1,HOLD,0.4931,-0.0137,High Volatility,0.5,0.0,unavailable_no_point_in_time_source,True,339.2,332.5216064453125,2026-07-15,342.34124755859375,2.9531,1,2026-07-17,327.9358215332031,-1.3791,0.0,2026-07-21,321.8999938964844,-3.1943,0.0,2026-07-28,302.6000061035156,-8.9984,0.0,0,0,0,0,0,1,0.9261,1,1.0,1.0,1.0,1.0,1.0,-3.3208,0.0,1.0,1.0,1.0,1.0,0.0,-5.1002,0.0,1.0,1.0,1.0,1.0,0.0,-10.7901,0.0,85-90,65-70
APARINDS.NS|2026-07-14|ensemble_lr0.20_rf0.30_xgb0.50,APARINDS.NS,2026-07-14,ensemble_lr0.20_rf0.30_xgb0.50,2025-07-15,2026-07-14,2026-07-13,2025-08-11,2026-07-13,2026-07-14,225,2026-07-13,True,1,0.47407407407407404,0.648077670764999,0.06,0.16633003950119019,0.2307805539035949,0,76.92,0.4082113194467514,0,59.18,HOLD,0.4893,-0.0213,High Volatility,0.5,0.0,unavailable_no_point_in_time_source,False,13799.09,13547.9638671875,2026-07-15,14087.091796875,3.9794,1,2026-07-17,13788.1298828125,1.7727,1.0,2026-07-21,13793.1123046875,1.8095,1.0,2026-07-28,13433.361328125,-0.8459,0.0,0,0,0,1,0,0,2.0871,1,0.0,0.0,1.0,0.0,1.0,-0.0794,1.0,0.0,0.0,1.0,0.0,1.0,-0.0433,1.0,1.0,1.0,0.0,1.0,1.0,-2.6504,1.0,75-80,55-60
APOLLOHOSP.NS|2026-07-14|ensemble_lr0.20_rf0.30_xgb0.50,APOLLOHOSP.NS,2026-07-14,ensemble_lr0.20_rf0.30_xgb0.50,2025-07-15,2026-07-14,2026-07-13,2025-08-11,2026-07-13,2026-07-14,225,2026-07-13,True,0,0.4518518518518519,0.475168486537547,0.74,0.6804054379463196,0.6572364162806692,1,65.72,0.40356314438632246,0,59.64,BUY,0.6924,0.3848,Bullish,0.665,0.0,unavailable_no_point_in_time_source,False,8772.29,8890.150390625,2026-07-15,8923.6123046875,0.3764,1,2026-07-17,8815.7373046875,-0.837,0.0,2026-07-21,8916.1201171875,0.2921,1.0,2026-07-28,8892.6474609375,0.0281,1.0,1,1,0,0,1,1,1.725,1,0.0,1.0,1.0,0.0,0.0,0.4953,1.0,1.0,0.0,0.0,1.0,1.0,1.6396,1.0,1.0,0.0,0.0,1.0,1.0,1.372,1.0,65-70,55-60
APOLLOTYRE.NS|2026-07-14|ensemble_lr0.20_rf0.30_xgb0.50,APOLLOTYRE.NS,2026-07-14,ensemble_lr0.20_rf0.30_xgb0.50,2025-07-15,2026-07-14,2026-07-13,2025-08-11,2026-07-13,2026-07-14,225,2026-07-13,True,0,0.5185185185185185,0.6986741592726099,0.38,0.23848570883274078,0.37297768627089234,0,62.7,0.5723941489705973,1,57.24,HOLD,0.5256,0.0511,Bullish,0.0,0.0,unavailable_no_point_in_time_source,True,440.6,425.8500061035156,2026-07-15,427.0,0.27,1,2026-07-17,430.6499938964844,1.1272,1.0,2026-07-21,428.5,0.6223,1.0,2026-07-28,423.8500061035156,-0.4696,0.0,0,0,1,0,0,1,-3.0867,0,0.0,1.0,0.0,0.0,1.0,-2.2583,1.0,0.0,1.0,0.0,0.0,1.0,-2.7463,1.0,1.0,0.0,1.0,1.0,1.0,-3.8016,0.0,60-65,55-60
ASHOKLEY.NS|2026-07-14|ensemble_lr0.20_rf0.30_xgb0.50,ASHOKLEY.NS,2026-07-14,ensemble_lr0.20_rf0.30_xgb0.50,2025-07-15,2026-07-14,2026-07-13,2025-08-11,2026-07-13,2026-07-14,225,2026-07-13,True,1,0.5555555555555556,0.5112225245011096,0.24,0.2308100312948227,0.28964952054763327,0,71.04,0.673317875856928,1,67.33,SELL,0.404,-0.192,High Volatility,-0.165,0.0,unavailable_no_point_in_time_source,True,159.22,155.19000244140625,2026-07-15,156.52000427246094,0.857,1,2026-07-17,155.22999572753906,0.0258,1.0,2026-07-21,153.94000244140625,-0.8055,0.0,2026-07-28,157.5,1.4885,1.0,0,0,1,1,0,0,-1.6958,1,0.0,1.0,1.0,0.0,0.0,-2.506,1.0,1.0,0.0,0.0,1.0,1.0,-3.3162,1.0,0.0,1.0,1.0,0.0,0.0,-1.0803,1.0,70-75,65-70
ASIANPAINT.NS|2026-07-14|ensemble_lr0.20_rf0.30_xgb0.50,ASIANPAINT.NS,2026-07-14,ensemble_lr0.20_rf0.30_xgb0.50,2025-07-15,2026-07-14,2026-07-13,2025-08-11,2026-07-13,2026-07-14,225,2026-07-13,True,1,0.5111111111111111,0.4525920679748837,0.22,0.18913979828357697,0.25108831273676524,0,74.89,0.25871712597515745,0,74.13,HOLD,0.4652,-0.0697,Sideways,0.335,0.0,unavailable_no_point_in_time_source,True,2652.1,2641.0,2026-07-15,2670.0,1.0981,1,2026-07-17,2689.0,1.8175,1.0,2026-07-21,2692.39990234375,1.9462,1.0,2026-07-28,2736.199951171875,3.6047,1.0,0,0,0,1,0,1,0.6749,1,0.0,0.0,1.0,0.0,1.0,1.3914,1.0,0.0,0.0,1.0,0.0,1.0,1.5195,1.0,0.0,0.0,1.0,0.0,0.0,3.1711,0.0,70-75,70-75
ASTRAL.NS|2026-07-14|ensemble_lr0.20_rf0.30_xgb0.50,ASTRAL.NS,2026-07-14,ensemble_lr0.20_rf0.30_xgb0.50,2025-07-15,2026-07-14,2026-07-13,2025-08-11,2026-07-13,2026-07-14,225,2026-07-13,True,1,0.5555555555555556,0.6656931350715111,0.66,0.8457254767417908,0.7540013653851976,1,75.4,0.5829151705000271,1,58.29,SELL,0.3598,-0.2805,Bearish,-0.835,0.0,unavailable_no_point_in_time_source,True,1328.81,1356.36669921875,2026-07-15,1357.6646728515625,0.0957,1,2026-07-17,1375.636474609375,1.4207,1.0,2026-07-21,1412.8778076171875,4.1664,1.0,2026-07-28,1469.0894775390625,8.3106,1.0,1,1,1,1,1,0,2.1715,0,1.0,1.0,1.0,1.0,0.0,3.5239,0.0,1.0,1.0,1.0,1.0,0.0,6.3265,0.0,1.0,1.0,1.0,1.0,0.0,10.5568,0.0,75-80,55-60
AUBANK.NS|2026-07-14|ensemble_lr0.20_rf0.30_xgb0.50,AUBANK.NS,2026-07-14,ensemble_lr0.20_rf0.30_xgb0.50,2025-07-15,2026-07-14,2026-07-13,2025-08-11,2026-07-13,2026-07-14,225,2026-07-13,True,1,0.5037037037037037,0.4448619315307152,0.32,0.18738524615764618,0.27866500938496613,0,72.13,0.5866554859013665,1,58.67,BUY,0.5961,0.1923,Bullish,0.835,0.0,unavailable_no_point_in_time_source,True,1059.47,1037.292724609375,2026-07-15,1039.5904541015625,0.2215,1,2026-07-17,1029.200439453125,-0.7801,0.0,2026-07-21,1002.3265991210938,-3.3709,0.0,2026-07-28,1046.6834716796875,0.9053,1.0,0,0,1,1,0,1,-1.8764,0,1.0,0.0,0.0,1.0,0.0,-2.857,0.0,1.0,0.0,0.0,1.0,0.0,-5.3936,0.0,0.0,1.0,1.0,0.0,1.0,-1.2069,0.0,70-75,55-60
AXISBANK.NS|2026-07-14|ensemble_lr0.20_rf0.30_xgb0.50,AXISBANK.NS,2026-07-14,ensemble_lr0.20_rf0.30_xgb0.50,2025-07-15,2026-07-14,2026-07-13,2025-08-11,2026-07-13,2026-07-14,225,2026-07-13,True,1,0.4962962962962963,0.3916561366629838,0.1,0.14928878843784332,0.18297562155151842,0,81.7,0.26493573627073563,0,73.51,HOLD,0.4865,-0.0269,Sideways,0.335,0.0,unavailable_no_point_in_time_source,True,1319.4,1317.5999755859375,2026-07-15,1312.300048828125,-0.4022,0,2026-07-17,1328.5,0.8273,1.0,2026-07-21,1258.199951171875,-4.5082,0.0,2026-07-28,1223.5,-7.1418,0.0,0,1,1,0,1,1,-0.5381,1,0.0,0.0,1.0,0.0,1.0,0.6897,1.0,1.0,1.0,0.0,1.0,0.0,-4.6385,0.0,1.0,1.0,0.0,1.0,0.0,-7.2685,0.0,80-85,70-75
BAJAJ-AUTO.NS|2026-07-14|ensemble_lr0.20_rf0.30_xgb0.50,BAJAJ-AUTO.NS,2026-07-14,ensemble_lr0.20_rf0.30_xgb0.50,2025-07-15,2026-07-14,2026-07-13,2025-08-11,2026-07-13,2026-07-14,225,2026-07-13,True,1,0.47407407407407404,0.47876969328090857,0.18,0.2921367585659027,0.29582231793913305,0,70.42,0.37653905809389,0,62.35,HOLD,0.5392,0.0785,Sideways,0.335,0.0,unavailable_no_point_in_time_source,False,10381.0,10166.0,2026-07-15,10323.0,1.5444,1,2026-07-17,10443.0,2.7248,1.0,2026-07-21,10403.5,2.3362,1.0,2026-07-28,11374.0,11.8827,1.0,0,0,0,1,0,1,-0.5587,1,0.0,0.0,1.0,0.0,1.0,0.5972,1.0,0.0,0.0,1.0,0.0,1.0,0.2167,1.0,0.0,0.0,1.0,0.0,0.0,9.5656,0.0,70-75,60-65
BAJAJFINSV.NS|2026-07-14|ensemble_lr0.20_rf0.30_xgb0.50,BAJAJFINSV.NS,2026-07-14,ensemble_lr0.20_rf0.30_xgb0.50,2025-07-15,2026-07-14,2026-07-13,2025-08-11,2026-07-13,2026-07-14,225,2026-07-13,True,0,0.4518518518518519,0.3775131402364531,0.26,0.35377490520477295,0.3303900806496771,0,66.96,0.430373151816819,0,56.96,BUY,0.6078,0.2156,Bullish,0.5,0.0,unavailable_no_point_in_time_source,True,1908.1,1869.199951171875,2026-07-15,1849.5999755859375,-1.0486,0,2026-07-17,1854.0,-0.8132,0.0,2026-07-21,1900.5999755859375,1.6799,1.0,2026-07-28,1927.9000244140625,3.1404,1.0,0,1,1,1,1,0,-3.0659,0,1.0,1.0,1.0,1.0,0.0,-2.8353,0.0,0.0,0.0,0.0,0.0,1.0,-0.3931,0.0,0.0,0.0,0.0,0.0,1.0,1.0377,1.0,65-70,55-60
BAJFINANCE.NS|2026-07-14|ensemble_lr0.20_rf0.30_xgb0.50,BAJFINANCE.NS,2026-07-14,ensemble_lr0.20_rf0.30_xgb0.50,2025-07-15,2026-07-14,2026-07-13,2025-08-11,2026-07-13,2026-07-14,225,2026-07-13,True,1,0.4518518518518519,0.6310048236585863,0.26,0.40604349970817566,0.4072227145858051,0,59.28,0.47653991359914327,0,52.35,BUY,0.6708,0.3415,Bullish,1.0,0.0,unavailable_no_point_in_time_source,True,1022.6,1006.5999755859375,2026-07-15,1021.2999877929688,1.4604,1,2026-07-17,1056.300048828125,4.9374,1.0,2026-07-21,1069.199951171875,6.219,1.0,2026-07-28,1048.4000244140625,4.1526,1.0,0,0,0,1,0,1,-0.1271,0,0.0,0.0,1.0,0.0,1.0,3.2955,1.0,0.0,0.0,1.0,0.0,1.0,4.557,1.0,0.0,0.0,1.0,0.0,1.0,2.523,1.0,55-60,50-55
BEL.NS|2026-07-14|ensemble_lr0.20_rf0.30_xgb0.50,BEL.NS,2026-07-14,ensemble_lr0.20_rf0.30_xgb0.50,2025-07-15,2026-07-14,2026-07-13,2025-08-11,2026-07-13,2026-07-14,225,2026-07-13,True,0,0.4148148148148148,0.506156339832403,0.26,0.24671639502048492,0.30258946547672305,0,69.74,0.46736725688499414,0,53.26,SELL,0.3895,-0.2211,Sideways,-0.165,0.0,unavailable_no_point_in_time_source,True,410.24,409.5440368652344,2026-07-15,410.39288330078125,0.2073,1,2026-07-17,408.8949279785156,-0.1585,0.0,2026-07-21,409.49407958984375,-0.0122,0.0,2026-07-28,388.4726257324219,-5.1451,0.0,0,0,0,0,0,0,0.0373,0,1.0,1.0,1.0,1.0,1.0,-0.3279,1.0,1.0,1.0,1.0,1.0,1.0,-0.1818,1.0,1.0,1.0,1.0,1.0,1.0,-5.306,1.0,65-70,50-55
BPCL.NS|2026-07-14|ensemble_lr0.20_rf0.30_xgb0.50,BPCL.NS,2026-07-14,ensemble_lr0.20_rf0.30_xgb0.50,2025-07-15,2026-07-14,2026-07-13,2025-08-11,2026-07-13,2026-07-14,225,2026-07-13,True,0,0.45925925925925926,0.5072790759189948,0.34,0.2155984491109848,0.31125503973929136,0,68.87,0.29614117749437574,0,70.39,HOLD,0.4548,-0.0905,Sideways,-0.165,0.0,unavailable_no_point_in_time_source,True,307.55,305.3500061035156,2026-07-15,309.6000061035156,1.3918,1,2026-07-17,315.54998779296875,3.3404,1.0,2026-07-21,319.3500061035156,4.5849,1.0,2026-07-28,320.04998779296875,4.8141,1.0,0,0,0,0,0,1,0.6666,1,0.0,0.0,0.0,0.0,0.0,2.6012,1.0,0.0,0.0,0.0,0.0,0.0,3.8368,0.0,0.0,0.0,0.0,0.0,0.0,4.0644,0.0,65-70,70-75
AARTIIND.NS|2026-07-21|ensemble_lr0.20_rf0.30_xgb0.50,AARTIIND.NS,2026-07-21,ensemble_lr0.20_rf0.30_xgb0.50,2025-07-22,2026-07-21,2026-07-20,2025-08-19,2026-07-20,2026-07-21,225,2026-07-20,True,0,0.48888888888888893,0.4772279471360925,0.92,0.7082732319831848,0.7255822054188109,1,72.56,0.5931876031997689,1,59.32,BUY,0.6568,0.3135,High Volatility,0.835,0.0,unavailable_no_point_in_time_source,True,494.42,498.509033203125,2026-07-22,494.966064453125,-0.7107,0,2026-07-24,476.85205078125,-4.3444,0.0,2026-07-28,475.8041687011719,-4.5546,0.0,2026-08-04,480.79425048828125,-3.5536,0.0,1,0,0,1,0,0,0.1104,1,0.0,0.0,1.0,0.0,0.0,-3.5532,0.0,0.0,0.0,1.0,0.0,0.0,-3.7652,0.0,0.0,0.0,1.0,0.0,0.0,-2.7559,0.0,70-75,55-60
AAVAS.NS|2026-07-21|ensemble_lr0.20_rf0.30_xgb0.50,AAVAS.NS,2026-07-21,ensemble_lr0.20_rf0.30_xgb0.50,2025-07-22,2026-07-21,2026-07-20,2025-08-19,2026-07-20,2026-07-21,225,2026-07-20,True,0,0.5481481481481482,0.375945676186448,0.78,0.6941375732421875,0.6562579218583833,1,65.63,0.300394877673804,0,69.96,HOLD,0.5792,0.1584,Sideways,0.0,0.0,unavailable_no_point_in_time_source,False,1497.4,1521.699951171875,2026-07-22,1444.0,-5.1061,0,2026-07-24,1379.0,-9.3777,0.0,2026-07-28,1376.0999755859375,-9.5682,0.0,2026-08-04,1392.5999755859375,-8.4839,0.0,1,0,1,1,0,0,-3.5662,0,0.0,1.0,1.0,0.0,0.0,-7.907,0.0,0.0,1.0,1.0,0.0,0.0,-8.1007,0.0,0.0,1.0,1.0,0.0,0.0,-6.9988,0.0,65-70,65-70
ABCAPITAL.NS|2026-07-21|ensemble_lr0.20_rf0.30_xgb0.50,ABCAPITAL.NS,2026-07-21,ensemble_lr0.20_rf0.30_xgb0.50,2025-07-22,2026-07-21,2026-07-20,2025-08-19,2026-07-20,2026-07-21,225,2026-07-20,True,0,0.5481481481481482,0.636707991605954,0.7,0.6178956627845764,0.646289429713479,1,64.63,0.30157173833277,0,69.84,BUY,0.6164,0.2327,Sideways,0.5,0.0,unavailable_no_point_in_time_source,True,401.15,409.04998779296875,2026-07-22,400.6000061035156,-2.0658,0,2026-07-24,393.8500061035156,-3.7159,0.0,2026-07-28,391.3500061035156,-4.3271,0.0,2026-08-04,420.0,2.6769,1.0,1,0,1,1,0,0,-0.1371,0,0.0,1.0,1.0,0.0,0.0,-1.8198,0.0,0.0,1.0,1.0,0.0,0.0,-2.443,0.0,1.0,0.0,0.0,1.0,1.0,4.699,1.0,60-65,65-70
ABFRL.NS|2026-07-21|ensemble_lr0.20_rf0.30_xgb0.50,ABFRL.NS,2026-07-21,ensemble_lr0.20_rf0.30_xgb0.50,2025-07-22,2026-07-21,2026-07-20,2025-08-19,2026-07-20,2026-07-21,225,2026-07-20,True,0,0.5555555555555556,0.6317897855417668,0.76,0.7757053971290588,0.7422106556728828,1,74.22,0.6050502386610881,1,60.51,HOLD,0.4799,-0.0403,High Volatility,-0.665,0.0,unavailable_no_point_in_time_source,True,57.28,57.40999984741211,2026-07-22,57.04999923706055,-0.6271,0,2026-07-24,56.25,-2.0206,0.0,2026-07-28,56.70000076293945,-1.2367,0.0,2026-08-04,61.0,6.2533,1.0,1,0,0,1,0,1,-0.4015,1,0.0,0.0,1.0,0.0,1.0,-1.7982,1.0,0.0,0.0,1.0,0.0,1.0,-1.0126,1.0,1.0,1.0,0.0,1.0,0.0,6.4944,0.0,70-75,60-65
ACC.NS|2026-07-21|ensemble_lr0.20_rf0.30_xgb0.50,ACC.NS,2026-07-21,ensemble_lr0.20_rf0.30_xgb0.50,2025-07-22,2026-07-21,2026-07-20,2025-08-19,2026-07-20,2026-07-21,225,2026-07-20,True,0,0.48888888888888893,0.4390503904215543,0.88,0.8602774739265442,0.781948815047583,1,78.19,0.6512782786068959,1,65.13,HOLD,0.5736,0.1472,Sideways,0.0,0.0,unavailable_no_point_in_time_source,False,1381.4,1387.800048828125,2026-07-22,1359.0,-2.0752,0,2026-07-24,1340.9000244140625,-3.3795,0.0,2026-07-28,1341.800048828125,-3.3146,0.0,2026-08-04,1384.699951171875,-0.2234,0.0,1,0,0,1,0,1,-1.6215,1,0.0,0.0,1.0,0.0,0.0,-2.9318,1.0,0.0,0.0,1.0,0.0,0.0,-2.8667,1.0,0.0,0.0,1.0,0.0,1.0,0.2389,1.0,75-80,65-70
ADANIENT.NS|2026-07-21|ensemble_lr0.20_rf0.30_xgb0.50,ADANIENT.NS,2026-07-21,ensemble_lr0.20_rf0.30_xgb0.50,2025-07-22,2026-07-21,2026-07-20,2025-08-19,2026-07-20,2026-07-21,225,2026-07-20,True,0,0.40740740740740744,0.4956196271860631,0.3,0.16320766508579254,0.2707277579801089,0,72.93,0.41159690561910356,0,58.84,HOLD,0.5756,0.1512,Bullish,0.665,0.0,unavailable_no_point_in_time_source,True,3183.3,3182.699951171875,2026-07-22,3147.699951171875,-1.0997,0,2026-07-24,3026.39990234375,-4.9109,0.0,2026-07-28,3002.300048828125,-5.6681,0.0,2026-08-04,3050.0,-4.1694,0.0,0,1,1,1,1,1,-1.1183,1,1.0,1.0,1.0,1.0,0.0,-4.9289,0.0,1.0,1.0,1.0,1.0,0.0,-5.6859,0.0,1.0,1.0,1.0,1.0,0.0,-4.1875,0.0,70-75,55-60
ADANIPORTS.NS|2026-07-21|ensemble_lr0.20_rf0.30_xgb0.50,ADANIPORTS.NS,2026-07-21,ensemble_lr0.20_rf0.30_xgb0.50,2025-07-22,2026-07-21,2026-07-20,2025-08-19,2026-07-20,2026-07-21,225,2026-07-20,True,0,0.5037037037037037,0.36950054009013916,0.8,0.7201976180076599,0.6739989170218578,1,67.4,0.5686664436211869,1,56.87,BUY,0.6173,0.2347,Sideways,0.5,0.0,unavailable_no_point_in_time_source,True,1844.0,1846.5,2026-07-22,1819.4000244140625,-1.4676,0,2026-07-24,1768.300048828125,-4.235,0.0,2026-07-28,1774.699951171875,-3.8884,0.0,2026-08-04,1706.699951171875,-7.5711,0.0,1,0,0,1,0,0,-1.3341,0,0.0,0.0,1.0,0.0,0.0,-4.1052,0.0,0.0,0.0,1.0,0.0,0.0,-3.7581,0.0,0.0,0.0,1.0,0.0,0.0,-7.4458,0.0,65-70,55-60
AETHER.NS|2026-07-21|ensemble_lr0.20_rf0.30_xgb0.50,AETHER.NS,2026-07-21,ensemble_lr0.20_rf0.30_xgb0.50,2025-07-22,2026-07-21,2026-07-20,2025-08-19,2026-07-20,2026-07-21,225,2026-07-20,True,0,0.40740740740740744,0.4021774881291044,0.2,0.16391383111476898,0.22239241318320538,0,77.76,0.20446604953128042,0,79.55,BUY,0.6143,0.2286,High Volatility,1.0,0.0,unavailable_no_point_in_time_source,False,1450.6,1449.699951171875,2026-07-22,1462.800048828125,0.9036,1,2026-07-24,1427.5,-1.5313,0.0,2026-07-28,1464.699951171875,1.0347,1.0,2026-08-04,1578.300048828125,8.8708,1.0,0,0,0,0,0,1,0.841,1,1.0,1.0,1.0,1.0,0.0,-1.5924,0.0,0.0,0.0,0.0,0.0,1.0,0.972,1.0,0.0,0.0,0.0,0.0,1.0,8.8033,1.0,75-80,75-80
AIAENG.NS|2026-07-21|ensemble_lr0.20_rf0.30_xgb0.50,AIAENG.NS,2026-07-21,ensemble_lr0.20_rf0.30_xgb0.50,2025-07-22,2026-07-21,2026-07-20,2025-08-19,2026-07-20,2026-07-21,225,2026-07-20,True,1,0.45925925925925926,0.5513718773384064,0.86,0.8341529369354248,0.7853508439353937,1,78.54,0.7368707082160822,1,73.69,BUY,0.631,0.262,High Volatility,0.5,0.0,unavailable_no_point_in_time_source,False,4640.06,4663.9677734375,2026-07-22,4609.173828125,-1.1748,0,2026-07-24,4565.8369140625,-2.104,0.0,2026-07-28,4585.76171875,-1.6768,0.0,2026-08-04,4609.671875,-1.1642,0.0,1,0,0,0,0,0,-0.6656,0,0.0,0.0,0.0,0.0,0.0,-1.5996,0.0,0.0,0.0,0.0,0.0,0.0,-1.1702,0.0,0.0,0.0,0.0,0.0,0.0,-0.6549,0.0,75-80,70-75
AJANTPHARM.NS|2026-07-21|ensemble_lr0.20_rf0.30_xgb0.50,AJANTPHARM.NS,2026-07-21,ensemble_lr0.20_rf0.30_xgb0.50,2025-07-22,2026-07-21,2026-07-20,2025-08-19,2026-07-20,2026-07-21,225,2026-07-20,True,0,0.5703703703703703,0.5420089433825543,0.7,0.7276167869567871,0.6822101821549045,1,68.22,0.37917370895288094,0,62.08,STRONG BUY,0.7674,0.5348,Bullish,1.0,0.0,unavailable_no_point_in_time_source,False,3437.51,3542.844482421875,2026-07-22,3427.5009765625,-3.2557,0,2026-07-24,3338.91259765625,-5.7562,0.0,2026-07-28,3312.05859375,-6.5141,0.0,2026-08-04,3493.10009765625,-1.4041,0.0,1,0,1,1,0,0,-0.2912,0,0.0,1.0,1.0,0.0,0.0,-2.8683,0.0,0.0,1.0,1.0,0.0,0.0,-3.6495,0.0,0.0,1.0,1.0,0.0,0.0,1.6172,1.0,65-70,60-65
ALEMBICLTD.NS|2026-07-21|ensemble_lr0.20_rf0.30_xgb0.50,ALEMBICLTD.NS,2026-07-21,ensemble_lr0.20_rf0.30_xgb0.50,2025-07-22,2026-07-21,2026-07-20,2025-08-19,2026-07-20,2026-07-21,225,2026-07-20,True,0,0.5185185185185185,0.5491326963464865,0.9,0.8538541197776794,0.806753599158137,1,80.68,0.6879042902958729,1,68.79,HOLD,0.5721,0.1442,Sideways,-0.165,0.0,unavailable_no_point_in_time_source,False,87.91,88.00403594970703,2026-07-22,86.27063751220703,-1.9697,0,2026-07-24,85.63765716552734,-2.6889,0.0,2026-07-28,86.89388275146484,-1.2615,0.0,2026-08-04,88.55000305175781,0.6204,1.0,1,0,0,1,0,1,-1.8648,1,0.0,0.0,1.0,0.0,1.0,-2.5849,1.0,0.0,0.0,1.0,0.0,1.0,-1.1559,1.0,1.0,1.0,0.0,1.0,1.0,0.728,1.0,80-85,65-70
ALKEM.NS|2026-07-21|ensemble_lr0.20_rf0.30_xgb0.50,ALKEM.NS,2026-07-21,ensemble_lr0.20_rf0.30_xgb0.50,2025-07-22,2026-07-21,2026-07-20,2025-08-19,2026-07-20,2026-07-21,225,2026-07-20,True,1,0.4222222222222222,0.4843000514256792,0.74,0.7026971578598022,0.670208589215037,1,67.02,0.4692121753494574,0,53.08,BUY,0.6995,0.3989,Bullish,0.5,0.0,unavailable_no_point_in_time_source,False,5643.4,5671.349609375,2026-07-22,5575.0224609375,-1.6985,0,2026-07-24,5623.435546875,-0.8448,0.0,2026-07-28,5641.4033203125,-0.528,0.0,2026-08-04,5597.98095703125,-1.2937,0.0,1,0,1,0,0,0,-1.2116,0,0.0,1.0,0.0,0.0,0.0,-0.3538,0.0,0.0,1.0,0.0,0.0,0.0,-0.0354,0.0,0.0,1.0,0.0,0.0,0.0,-0.8048,0.0,65-70,50-55
AMBER.NS|2026-07-21|ensemble_lr0.20_rf0.30_xgb0.50,AMBER.NS,2026-07-21,ensemble_lr0.20_rf0.30_xgb0.50,2025-07-22,2026-07-21,2026-07-20,2025-08-19,2026-07-20,2026-07-21,225,2026-07-20,True,1,0.5037037037037037,0.6132658133131196,0.24,0.25159206986427307,0.3204491975947604,0,67.96,0.7072370902806036,1,70.72,HOLD,0.4973,-0.0053,High Volatility,0.165,0.0,unavailable_no_point_in_time_source,False,7859.0,7622.0,2026-07-22,7479.0,-1.8761,0,2026-07-24,7261.5,-4.7297,0.0,2026-07-28,7209.0,-5.4185,0.0,2026-08-04,7395.0,-2.9782,0.0,0,1,0,0,1,1,-4.8352,0,1.0,0.0,0.0,1.0,0.0,-7.6027,0.0,1.0,0.0,0.0,1.0,0.0,-8.2708,0.0,1.0,0.0,0.0,1.0,1.0,-5.9041,0.0,65-70,70-75
ANGELONE.NS|2026-07-21|ensemble_lr0.20_rf0.30_xgb0.50,ANGELONE.NS,2026-07-21,ensemble_lr0.20_rf0.30_xgb0.50,2025-07-22,2026-07-21,2026-07-20,2025-08-19,2026-07-20,2026-07-21,225,2026-07-20,True,0,0.5555555555555555,0.1668379993495834,0.08,0.15082313120365143,0.1327791654717424,0,86.72,0.28957338151399314,0,71.04,HOLD,0.4785,-0.043,High Volatility,0.335,0.0,unavailable_no_point_in_time_source,True,323.35,321.8999938964844,2026-07-22,312.3999938964844,-2.9512,0,2026-07-24,307.95001220703125,-4.3336,0.0,2026-07-28,302.6000061035156,-5.9956,0.0,2026-08-04,300.3500061035156,-6.6946,0.0,0,1,1,1,1,1,-3.3864,0,1.0,1.0,1.0,1.0,0.0,-4.7626,0.0,1.0,1.0,1.0,1.0,0.0,-6.4172,0.0,1.0,1.0,1.0,1.0,0.0,-7.113,0.0,85-90,70-75
APARINDS.NS|2026-07-21|ensemble_lr0.20_rf0.30_xgb0.50,APARINDS.NS,2026-07-21,ensemble_lr0.20_rf0.30_xgb0.50,2025-07-22,2026-07-21,2026-07-20,2025-08-19,2026-07-20,2026-07-21,225,2026-07-20,True,1,0.45925925925925926,0.6773544921309949,0.36,0.41235700249671936,0.44964939967455864,0,55.04,0.6011952115488981,1,60.12,HOLD,0.4359,-0.1283,High Volatility,0.335,0.0,unavailable_no_point_in_time_source,False,13834.97,13793.1123046875,2026-07-22,13582.8427734375,-1.5245,0,2026-07-24,13840.9462890625,0.3468,1.0,2026-07-28,13433.361328125,-2.6082,0.0,2026-08-04,15379.6044921875,11.5021,1.0,0,1,0,0,1,1,-1.8224,1,0.0,1.0,1.0,0.0,1.0,0.0432,1.0,1.0,0.0,0.0,1.0,1.0,-2.9029,1.0,0.0,1.0,1.0,0.0,0.0,11.1647,0.0,55-60,60-65
APOLLOHOSP.NS|2026-07-21|ensemble_lr0.20_rf0.30_xgb0.50,APOLLOHOSP.NS,2026-07-21,ensemble_lr0.20_rf0.30_xgb0.50,2025-07-22,2026-07-21,2026-07-20,2025-08-19,2026-07-20,2026-07-21,225,2026-07-20,True,0,0.4296296296296296,0.5066696529484721,0.8,0.764602780342102,0.7236353207607454,1,72.36,0.6170259055012454,1,61.7,BUY,0.7097,0.4194,Bullish,0.665,0.0,unavailable_no_point_in_time_source,False,8894.65,8916.1201171875,2026-07-22,8927.607421875,0.1288,1,2026-07-24,8795.26171875,-1.3555,0.0,2026-07-28,8892.6474609375,-0.2633,0.0,2026-08-04,9039.4765625,1.3835,1.0,1,1,1,0,1,1,0.3705,1,0.0,0.0,1.0,0.0,0.0,-1.1174,0.0,0.0,0.0,1.0,0.0,0.0,-0.0225,0.0,1.0,1.0,0.0,1.0,1.0,1.6282,1.0,70-75,60-65
APOLLOTYRE.NS|2026-07-21|ensemble_lr0.20_rf0.30_xgb0.50,APOLLOTYRE.NS,2026-07-21,ensemble_lr0.20_rf0.30_xgb0.50,2025-07-22,2026-07-21,2026-07-20,2025-08-19,2026-07-20,2026-07-21,225,2026-07-20,True,0,0.5037037037037037,0.49239550855708236,0.2,0.2948320209980011,0.30589511221041704,0,69.41,0.24313736034224692,0,75.69,HOLD,0.447,-0.1061,Sideways,0.0,0.0,unavailable_no_point_in_time_source,True,428.7,428.5,2026-07-22,426.6000061035156,-0.4434,0,2026-07-24,419.6499938964844,-2.0653,0.0,2026-07-28,423.8500061035156,-1.0852,0.0,2026-08-04,438.3500061035156,2.2987,1.0,0,1,1,1,1,1,-0.4899,1,1.0,1.0,1.0,1.0,1.0,-2.111,1.0,1.0,1.0,1.0,1.0,1.0,-1.1313,1.0,0.0,0.0,0.0,0.0,1.0,2.251,1.0,65-70,75-80
ASHOKLEY.NS|2026-07-21|ensemble_lr0.20_rf0.30_xgb0.50,ASHOKLEY.NS,2026-07-21,ensemble_lr0.20_rf0.30_xgb0.50,2025-07-22,2026-07-21,2026-07-20,2025-08-19,2026-07-20,2026-07-21,225,2026-07-20,True,1,0.5407407407407407,0.41156847132748864,0.06,0.2473200112581253,0.2239736998945604,0,77.6,0.3828461494221881,0,61.72,SELL,0.3867,-0.2266,Sideways,-0.165,0.0,unavailable_no_point_in_time_source,True,154.8,153.94000244140625,2026-07-22,152.49000549316406,-0.9419,0,2026-07-24,151.07000732421875,-1.8644,0.0,2026-07-28,157.5,2.3126,1.0,2026-08-04,172.0800018310547,11.7838,1.0,0,1,1,0,1,1,-1.4922,1,1.0,1.0,0.0,1.0,1.0,-2.4096,1.0,0.0,0.0,1.0,0.0,0.0,1.7442,0.0,0.0,0.0,1.0,0.0,0.0,11.1628,0.0,75-80,60-65
ASIANPAINT.NS|2026-07-21|ensemble_lr0.20_rf0.30_xgb0.50,ASIANPAINT.NS,2026-07-21,ensemble_lr0.20_rf0.30_xgb0.50,2025-07-22,2026-07-21,2026-07-20,2025-08-19,2026-07-20,2026-07-21,225,2026-07-20,True,1,0.4666666666666666,0.43177934783857763,0.96,0.7119607925415039,0.7303362658384674,1,73.03,0.705965779356618,1,70.6,BUY,0.6569,0.3139,Bullish,0.335,0.0,unavailable_no_point_in_time_source,True,2691.4,2692.39990234375,2026-07-22,2692.800048828125,0.0149,1,2026-07-24,2637.89990234375,-2.0242,0.0,2026-07-28,2736.199951171875,1.6268,1.0,2026-08-04,2775.0,3.0679,1.0,1,1,1,1,1,1,0.052,1,0.0,0.0,0.0,0.0,0.0,-1.9878,0.0,1.0,1.0,1.0,1.0,1.0,1.6646,1.0,1.0,1.0,1.0,1.0,1.0,3.1062,1.0,70-75,70-75
ASTRAL.NS|2026-07-21|ensemble_lr0.20_rf0.30_xgb0.50,ASTRAL.NS,2026-07-21,ensemble_lr0.20_rf0.30_xgb0.50,2025-07-22,2026-07-21,2026-07-20,2025-08-19,2026-07-20,2026-07-21,225,2026-07-20,True,1,0.5777777777777778,0.6045657089137411,0.94,0.9292011857032776,0.867513734634387,1,86.75,0.7756393423978181,1,77.56,HOLD,0.5216,0.0432,Sideways,-0.5,0.0,unavailable_no_point_in_time_source,True,1393.91,1412.8778076171875,2026-07-22,1428.55322265625,1.1095,1,2026-07-24,1465.7945556640625,3.7453,1.0,2026-07-28,1469.0894775390625,3.9785,1.0,2026-08-04,1445.7261962890625,2.3249,1.0,1,1,1,1,1,1,2.4853,1,1.0,1.0,1.0,1.0,0.0,5.157,0.0,1.0,1.0,1.0,1.0,0.0,5.3934,0.0,1.0,1.0,1.0,1.0,1.0,3.7173,0.0,85-90,75-80
AUBANK.NS|2026-07-21|ensemble_lr0.20_rf0.30_xgb0.50,AUBANK.NS,2026-07-21,ensemble_lr0.20_rf0.30_xgb0.50,2025-07-22,2026-07-21,2026-07-20,2025-08-19,2026-07-20,2026-07-21,225,2026-07-20,True,1,0.5185185185185185,0.5667119574443593,0.78,0.8290983438491821,0.7618915634134629,1,76.19,0.40899206817545486,0,59.1,HOLD,0.5507,0.1013,Bearish,0.17,0.0,unavailable_no_point_in_time_source,True,992.34,1002.3265991210938,2026-07-22,979.2490234375,-2.3024,0,2026-07-24,1003.0259399414062,0.0698,1.0,2026-07-28,1046.6834716796875,4.4254,1.0,2026-08-04,1059.0,5.6542,1.0,1,0,1,0,0,1,-1.3192,1,1.0,0.0,1.0,1.0,1.0,1.0768,1.0,1.0,0.0,1.0,1.0,0.0,5.4763,0.0,1.0,0.0,1.0,1.0,0.0,6.7175,0.0,75-80,55-60
AXISBANK.NS|2026-07-21|ensemble_lr0.20_rf0.30_xgb0.50,AXISBANK.NS,2026-07-21,ensemble_lr0.20_rf0.30_xgb0.50,2025-07-22,2026-07-21,2026-07-20,2025-08-19,2026-07-20,2026-07-21,225,2026-07-20,True,1,0.5481481481481482,0.8149625541121647,0.74,0.8215677738189697,0.7957763977319178,1,79.58,0.8001149658819982,1,80.01,BUY,0.5891,0.1782,Sideways,0.0,0.0,unavailable_no_point_in_time_source,False,1256.0,1258.199951171875,2026-07-22,1238.4000244140625,-1.5737,0,2026-07-24,1227.300048828125,-2.4559,0.0,2026-07-28,1223.5,-2.7579,0.0,2026-08-04,1261.800048828125,0.2861,1.0,1,0,0,0,0,0,-1.4013,0,0.0,0.0,0.0,0.0,0.0,-2.285,0.0,0.0,0.0,0.0,0.0,0.0,-2.5876,0.0,1.0,1.0,1.0,1.0,1.0,0.4618,1.0,75-80,80-85
BAJAJ-AUTO.NS|2026-07-21|ensemble_lr0.20_rf0.30_xgb0.50,BAJAJ-AUTO.NS,2026-07-21,ensemble_lr0.20_rf0.30_xgb0.50,2025-07-22,2026-07-21,2026-07-20,2025-08-19,2026-07-20,2026-07-21,225,2026-07-20,True,1,0.48888888888888893,0.21358440406984994,0.28,0.1800239384174347,0.21672885002268732,0,78.33,0.3470549425398132,0,65.29,BUY,0.5862,0.1724,Bullish,0.665,0.0,unavailable_no_point_in_time_source,False,10522.5,10403.5,2026-07-22,10998.5,5.7192,1,2026-07-24,11130.0,6.9832,1.0,2026-07-28,11374.0,9.3286,1.0,2026-08-04,11600.0,11.5009,1.0,0,0,0,1,0,1,4.5236,1,0.0,0.0,1.0,0.0,1.0,5.7733,1.0,0.0,0.0,1.0,0.0,1.0,8.0922,1.0,0.0,0.0,1.0,0.0,1.0,10.24,1.0,75-80,65-70
BAJAJFINSV.NS|2026-07-21|ensemble_lr0.20_rf0.30_xgb0.50,BAJAJFINSV.NS,2026-07-21,ensemble_lr0.20_rf0.30_xgb0.50,2025-07-22,2026-07-21,2026-07-20,2025-08-19,2026-07-20,2026-07-21,225,2026-07-20,True,0,0.5111111111111111,0.4548295238141573,0.78,0.7579858303070068,0.7039588199163349,1,70.4,0.5476883200338447,1,54.77,BUY,0.6359,0.2718,Bullish,0.0,0.0,unavailable_no_point_in_time_source,True,1861.5,1900.5999755859375,2026-07-22,1876.4000244140625,-1.2733,0,2026-07-24,1876.699951171875,-1.2575,0.0,2026-07-28,1927.9000244140625,1.4364,1.0,2026-08-04,2105.0,10.7545,1.0,1,0,0,1,0,0,0.8004,1,0.0,0.0,1.0,0.0,0.0,0.8165,1.0,1.0,1.0,0.0,1.0,1.0,3.567,1.0,1.0,1.0,0.0,1.0,1.0,13.0808,1.0,70-75,50-55
BAJFINANCE.NS|2026-07-21|ensemble_lr0.20_rf0.30_xgb0.50,BAJFINANCE.NS,2026-07-21,ensemble_lr0.20_rf0.30_xgb0.50,2025-07-22,2026-07-21,2026-07-20,2025-08-19,2026-07-20,2026-07-21,225,2026-07-20,True,1,0.4666666666666666,0.6520302041996952,0.84,0.8379915356636047,0.8014018086717414,1,80.14,0.7273411892953014,1,72.73,STRONG BUY,0.7585,0.5171,Bullish,1.0,0.0,unavailable_no_point_in_time_source,False,1064.0,1069.199951171875,2026-07-22,1060.300048828125,-0.8324,0,2026-07-24,1012.7999877929688,-5.275,0.0,2026-07-28,1048.4000244140625,-1.9454,0.0,2026-08-04,1149.0,7.4635,1.0,1,0,0,0,0,0,-0.3477,0,0.0,0.0,0.0,0.0,0.0,-4.812,0.0,0.0,0.0,0.0,0.0,0.0,-1.4662,0.0,1.0,1.0,1.0,1.0,1.0,7.9887,1.0,80-85,70-75
BEL.NS|2026-07-21|ensemble_lr0.20_rf0.30_xgb0.50,BEL.NS,2026-07-21,ensemble_lr0.20_rf0.30_xgb0.50,2025-07-22,2026-07-21,2026-07-20,2025-08-19,2026-07-20,2026-07-21,225,2026-07-20,True,0,0.4740740740740741,0.5876307107825247,0.62,0.8805990815162659,0.7438256829146379,1,74.38,0.6861256577482624,1,68.61,HOLD,0.4972,-0.0057,Sideways,-0.335,0.0,unavailable_no_point_in_time_source,True,407.6,409.49407958984375,2026-07-22,406.1985778808594,-0.8048,0,2026-07-24,404.450927734375,-1.2316,0.0,2026-07-28,388.4726257324219,-5.1335,0.0,2026-08-04,390.96923828125,-4.5238,0.0,1,0,0,1,0,1,-0.3438,1,0.0,0.0,1.0,0.0,1.0,-0.7726,1.0,0.0,0.0,1.0,0.0,0.0,-4.6927,0.0,0.0,0.0,1.0,0.0,0.0,-4.0802,0.0,70-75,65-70
BPCL.NS|2026-07-21|ensemble_lr0.20_rf0.30_xgb0.50,BPCL.NS,2026-07-21,ensemble_lr0.20_rf0.30_xgb0.50,2025-07-22,2026-07-21,2026-07-20,2025-08-19,2026-07-20,2026-07-21,225,2026-07-20,True,0,0.47407407407407404,0.6538763378242552,0.76,0.8526664972305298,0.7851085161801159,1,78.51,0.8170679780199408,1,81.71,BUY,0.6336,0.2672,Sideways,0.165,0.0,unavailable_no_point_in_time_source,True,317.6,319.3500061035156,2026-07-22,314.0,-1.6753,0,2026-07-24,310.1499938964844,-2.8809,0.0,2026-07-28,320.04998779296875,0.2192,1.0,2026-08-04,324.0,1.4561,1.0,1,0,0,1,0,0,-1.1335,0,0.0,0.0,1.0,0.0,0.0,-2.3457,0.0,1.0,1.0,0.0,1.0,1.0,0.7714,1.0,1.0,1.0,0.0,1.0,1.0,2.0151,1.0,75-80,80-85
AARTIIND.NS|2026-07-28|ensemble_lr0.20_rf0.30_xgb0.50,AARTIIND.NS,2026-07-28,ensemble_lr0.20_rf0.30_xgb0.50,2025-07-29,2026-07-28,2026-07-27,2025-08-26,2026-07-27,2026-07-28,225,2026-07-27,True,0,0.4518518518518519,0.32207401271424857,0.28,0.3007943034172058,0.2988119542514526,0,70.12,0.39437492609594305,0,60.56,HOLD,0.4868,-0.0263,High Volatility,0.335,0.0,unavailable_no_point_in_time_source,True,485.14,475.8041687011719,2026-07-29,484.53680419921875,1.8353,1,2026-07-31,488.1296691894531,2.5905,1.0,2026-08-04,480.79425048828125,1.0488,1.0,2026-08-11,504.2975158691406,5.9885,1.0,0,0,0,0,0,1,-0.1243,1,0.0,0.0,0.0,0.0,1.0,0.6162,1.0,0.0,0.0,0.0,0.0,1.0,-0.8958,1.0,0.0,0.0,0.0,0.0,0.0,3.9489,0.0,70-75,60-65
AAVAS.NS|2026-07-28|ensemble_lr0.20_rf0.30_xgb0.50,AAVAS.NS,2026-07-28,ensemble_lr0.20_rf0.30_xgb0.50,2025-07-29,2026-07-28,2026-07-27,2025-08-26,2026-07-27,2026-07-28,225,2026-07-27,True,0,0.562962962962963,0.5073767047182153,0.32,0.34275659918785095,0.36885364053756853,0,63.11,0.4536384705003399,0,54.64,HOLD,0.4443,-0.1114,High Volatility,-0.165,0.0,unavailable_no_point_in_time_source,False,1390.6,1376.0999755859375,2026-07-29,1387.300048828125,0.8139,1,2026-07-31,1359.800048828125,-1.1845,0.0,2026-08-04,1392.5999755859375,1.199,1.0,2026-08-11,1396.800048828125,1.5043,1.0,0,0,0,0,0,1,-0.2373,1,1.0,1.0,1.0,1.0,1.0,-2.2149,1.0,0.0,0.0,0.0,0.0,1.0,0.1438,1.0,0.0,0.0,0.0,0.0,1.0,0.4459,1.0,60-65,50-55
ABCAPITAL.NS|2026-07-28|ensemble_lr0.20_rf0.30_xgb0.50,ABCAPITAL.NS,2026-07-28,ensemble_lr0.20_rf0.30_xgb0.50,2025-07-29,2026-07-28,2026-07-27,2025-08-26,2026-07-27,2026-07-28,225,2026-07-27,True,1,0.562962962962963,0.6341230335506159,0.24,0.18433167040348053,0.29099044191186346,0,70.9,0.8416860786388667,1,84.17,HOLD,0.4989,-0.0021,Sideways,0.5,0.0,unavailable_no_point_in_time_source,True,400.45,391.3500061035156,2026-07-29,397.6000061035156,1.597,1,2026-07-31,404.29998779296875,3.3091,1.0,2026-08-04,420.0,7.3208,1.0,2026-08-11,407.1499938964844,4.0373,1.0,0,0,1,1,0,1,-0.7117,1,0.0,1.0,1.0,0.0,0.0,0.9614,1.0,0.0,1.0,1.0,0.0,0.0,4.882,0.0,0.0,1.0,1.0,0.0,0.0,1.6731,1.0,70-75,80-85
ABFRL.NS|2026-07-28|ensemble_lr0.20_rf0.30_xgb0.50,ABFRL.NS,2026-07-28,ensemble_lr0.20_rf0.30_xgb0.50,2025-07-29,2026-07-28,2026-07-27,2025-08-26,2026-07-27,2026-07-28,225,2026-07-27,True,0,0.45925925925925926,0.5657072832316214,0.26,0.22542884945869446,0.30385588137567154,0,69.61,0.4662640152111104,0,53.37,SELL,0.3531,-0.2937,High Volatility,-0.5,0.0,unavailable_no_point_in_time_source,True,57.05,56.70000076293945,2026-07-29,58.060001373291016,2.3986,1,2026-07-31,60.2400016784668,6.2434,1.0,2026-08-04,61.0,7.5838,1.0,2026-08-11,58.630001068115234,3.4039,1.0,0,0,0,0,0,0,1.7704,0,0.0,0.0,0.0,0.0,0.0,5.5916,0.0,0.0,0.0,0.0,0.0,0.0,6.9238,0.0,0.0,0.0,0.0,0.0,0.0,2.7695,0.0,65-70,50-55
ACC.NS|2026-07-28|ensemble_lr0.20_rf0.30_xgb0.50,ACC.NS,2026-07-28,ensemble_lr0.20_rf0.30_xgb0.50,2025-07-29,2026-07-28,2026-07-27,2025-08-26,2026-07-27,2026-07-28,225,2026-07-27,True,0,0.4518518518518519,0.4443709601869254,0.32,0.37126973271369934,0.37050905839423476,0,62.95,0.5688693629484138,1,56.89,SELL,0.392,-0.2161,Sideways,-0.33,0.0,unavailable_no_point_in_time_source,False,1358.1,1341.800048828125,2026-07-29,1370.800048828125,2.1613,1,2026-07-31,1357.4000244140625,1.1626,1.0,2026-08-04,1384.699951171875,3.1972,1.0,2026-08-11,1339.800048828125,-0.1491,0.0,0,0,1,0,0,0,0.9351,0,0.0,1.0,0.0,0.0,0.0,-0.0515,1.0,0.0,1.0,0.0,0.0,0.0,1.9586,0.0,1.0,0.0,1.0,1.0,1.0,-1.3475,1.0,60-65,55-60
ADANIENT.NS|2026-07-28|ensemble_lr0.20_rf0.30_xgb0.50,ADANIENT.NS,2026-07-28,ensemble_lr0.20_rf0.30_xgb0.50,2025-07-29,2026-07-28,2026-07-27,2025-08-26,2026-07-27,2026-07-28,225,2026-07-27,True,0,0.4666666666666666,0.49560635473799236,0.3,0.34640711545944214,0.3623248286773195,0,63.77,0.5630829341798066,1,56.31,HOLD,0.4952,-0.0096,Sideways,0.5,0.0,unavailable_no_point_in_time_source,True,3036.6,3002.300048828125,2026-07-29,3024.5,0.7394,1,2026-07-31,3009.5,0.2398,1.0,2026-08-04,3050.0,1.5888,1.0,2026-08-11,2995.5,-0.2265,0.0,0,0,1,0,0,1,-0.3985,1,0.0,1.0,0.0,0.0,1.0,-0.8924,1.0,0.0,1.0,0.0,0.0,1.0,0.4413,1.0,1.0,0.0,1.0,1.0,1.0,-1.3535,1.0,60-65,55-60
ADANIPORTS.NS|2026-07-28|ensemble_lr0.20_rf0.30_xgb0.50,ADANIPORTS.NS,2026-07-28,ensemble_lr0.20_rf0.30_xgb0.50,2025-07-29,2026-07-28,2026-07-27,2025-08-26,2026-07-27,2026-07-28,225,2026-07-27,True,1,0.5037037037037037,0.5961368167471733,0.86,0.8227223753929138,0.7885885510458917,1,78.86,0.6897525115349773,1,68.98,BUY,0.614,0.228,Sideways,0.335,0.0,unavailable_no_point_in_time_source,True,1770.4,1774.699951171875,2026-07-29,1719.699951171875,-3.0991,0,2026-07-31,1696.5,-4.4064,0.0,2026-08-04,1706.699951171875,-3.8316,0.0,2026-08-11,1668.199951171875,-6.001,0.0,1,0,0,0,0,0,-2.8638,0,0.0,0.0,0.0,0.0,0.0,-4.1742,0.0,0.0,0.0,0.0,0.0,0.0,-3.5981,0.0,0.0,0.0,0.0,0.0,0.0,-5.7727,0.0,75-80,65-70
AETHER.NS|2026-07-28|ensemble_lr0.20_rf0.30_xgb0.50,AETHER.NS,2026-07-28,ensemble_lr0.20_rf0.30_xgb0.50,2025-07-29,2026-07-28,2026-07-27,2025-08-26,2026-07-27,2026-07-28,225,2026-07-27,True,0,0.48148148148148145,0.32786206543203456,0.22,0.21135152876377106,0.23724817746829246,0,76.28,0.34714098791695813,0,65.29,HOLD,0.5627,0.1254,High Volatility,0.665,0.0,unavailable_no_point_in_time_source,False,1480.1,1464.699951171875,2026-07-29,1490.699951171875,1.7751,1,2026-07-31,1539.5999755859375,5.1137,1.0,2026-08-04,1578.300048828125,7.7559,1.0,2026-08-11,1634.199951171875,11.5723,1.0,0,0,0,0,0,1,0.7162,1,0.0,0.0,0.0,0.0,0.0,4.02,0.0,0.0,0.0,0.0,0.0,0.0,6.6347,0.0,0.0,0.0,0.0,0.0,0.0,10.4115,0.0,75-80,65-70
AIAENG.NS|2026-07-28|ensemble_lr0.20_rf0.30_xgb0.50,AIAENG.NS,2026-07-28,ensemble_lr0.20_rf0.30_xgb0.50,2025-07-29,2026-07-28,2026-07-27,2025-08-26,2026-07-27,2026-07-28,225,2026-07-27,True,1,0.4518518518518519,0.5644846042174476,0.38,0.35629355907440186,0.40504370038069043,0,59.5,0.6296692994825994,1,62.97,HOLD,0.4829,-0.0341,Sideways,0.5,0.0,unavailable_no_point_in_time_source,False,4617.14,4585.76171875,2026-07-29,4626.1103515625,0.8799,1,2026-07-31,4573.80712890625,-0.2607,0.0,2026-08-04,4609.671875,0.5214,1.0,2026-08-11,4763.693359375,3.8801,1.0,0,0,1,1,0,1,0.1943,1,1.0,0.0,0.0,1.0,1.0,-0.9385,1.0,0.0,1.0,1.0,0.0,1.0,-0.1617,1.0,0.0,1.0,1.0,0.0,0.0,3.1741,0.0,55-60,60-65
AJANTPHARM.NS|2026-07-28|ensemble_lr0.20_rf0.30_xgb0.50,AJANTPHARM.NS,2026-07-28,ensemble_lr0.20_rf0.30_xgb0.50,2025-07-29,2026-07-28,2026-07-27,2025-08-26,2026-07-27,2026-07-28,225,2026-07-27,True,0,0.562962962962963,0.49941260736632304,0.38,0.12623390555381775,0.27699947425017346,0,72.3,0.2527847189932928,0,74.72,HOLD,0.5087,0.0174,High Volatility,0.5,0.0,unavailable_no_point_in_time_source,False,3355.36,3312.05859375,2026-07-29,3365.66748046875,1.6186,1,2026-07-31,3433.743896484375,3.674,1.0,2026-08-04,3493.10009765625,5.4661,1.0,2026-08-11,3507.0,5.8858,1.0,0,0,0,0,0,1,0.3072,1,0.0,0.0,0.0,0.0,0.0,2.3361,1.0,0.0,0.0,0.0,0.0,0.0,4.1051,0.0,0.0,0.0,0.0,0.0,0.0,4.5193,0.0,70-75,70-75
ALEMBICLTD.NS|2026-07-28|ensemble_lr0.20_rf0.30_xgb0.50,ALEMBICLTD.NS,2026-07-28,ensemble_lr0.20_rf0.30_xgb0.50,2025-07-29,2026-07-28,2026-07-27,2025-08-26,2026-07-27,2026-07-28,225,2026-07-27,True,0,0.4888888888888889,0.36696838921129593,0.28,0.2102222740650177,0.26250481487476807,0,73.75,0.4295564230891167,0,57.04,HOLD,0.4531,-0.0939,Sideways,-0.165,0.0,unavailable_no_point_in_time_source,False,87.79,86.89388275146484,2026-07-29,87.91638946533203,1.1767,1,2026-07-31,88.74413299560547,2.1293,1.0,2026-08-04,88.55000305175781,1.9059,1.0,2026-08-11,86.7300033569336,-0.1886,0.0,0,0,0,0,0,1,0.144,1,0.0,0.0,0.0,0.0,1.0,1.0868,1.0,0.0,0.0,0.0,0.0,1.0,0.8657,1.0,1.0,1.0,1.0,1.0,1.0,-1.2074,1.0,70-75,55-60
ALKEM.NS|2026-07-28|ensemble_lr0.20_rf0.30_xgb0.50,ALKEM.NS,2026-07-28,ensemble_lr0.20_rf0.30_xgb0.50,2025-07-29,2026-07-28,2026-07-27,2025-08-26,2026-07-27,2026-07-28,225,2026-07-27,True,1,0.4444444444444444,0.6550573836845901,0.76,0.7339540719985962,0.7259885127362161,1,72.6,0.5409386610961812,1,54.09,BUY,0.6568,0.3136,Bullish,0.335,0.0,unavailable_no_point_in_time_source,False,5602.97,5641.4033203125,2026-07-29,5662.36572265625,0.3716,1,2026-07-31,5741.224609375,1.7694,1.0,2026-08-04,5597.98095703125,-0.7697,0.0,2026-08-11,5527.5,-2.0191,0.0,1,1,1,1,1,1,1.0601,1,1.0,1.0,1.0,1.0,1.0,2.4675,1.0,0.0,0.0,0.0,0.0,0.0,-0.089,0.0,0.0,0.0,0.0,0.0,0.0,-1.347,0.0,70-75,50-55
AMBER.NS|2026-07-28|ensemble_lr0.20_rf0.30_xgb0.50,AMBER.NS,2026-07-28,ensemble_lr0.20_rf0.30_xgb0.50,2025-07-29,2026-07-28,2026-07-27,2025-08-26,2026-07-27,2026-07-28,225,2026-07-27,True,1,0.4444444444444445,0.4944761714049336,0.22,0.1817602962255478,0.25577538239376063,0,74.42,0.34397799050834993,0,65.6,SELL,0.3826,-0.2348,High Volatility,-0.335,0.0,unavailable_no_point_in_time_source,False,7280.5,7209.0,2026-07-29,7411.5,2.809,1,2026-07-31,7440.5,3.2113,1.0,2026-08-04,7395.0,2.5801,1.0,2026-08-11,7078.5,-1.8102,0.0,0,0,0,1,0,0,1.7993,0,0.0,0.0,1.0,0.0,0.0,2.1977,0.0,0.0,0.0,1.0,0.0,0.0,1.5727,0.0,1.0,1.0,0.0,1.0,1.0,-2.7745,1.0,70-75,65-70
ANGELONE.NS|2026-07-28|ensemble_lr0.20_rf0.30_xgb0.50,ANGELONE.NS,2026-07-28,ensemble_lr0.20_rf0.30_xgb0.50,2025-07-29,2026-07-28,2026-07-27,2025-08-26,2026-07-27,2026-07-28,225,2026-07-27,True,0,0.5555555555555555,0.1320522694312523,0.12,0.18613767623901367,0.1554792920057573,0,84.45,0.32174105377310747,0,67.83,HOLD,0.4291,-0.1419,High Volatility,-0.335,0.0,unavailable_no_point_in_time_source,True,304.2,302.6000061035156,2026-07-29,302.5,-0.033,0,2026-07-31,297.95001220703125,-1.5367,0.0,2026-08-04,300.3500061035156,-0.7436,0.0,2026-08-11,291.3999938964844,-3.7013,0.0,0,1,1,1,1,1,-0.5588,1,1.0,1.0,1.0,1.0,1.0,-2.0546,1.0,1.0,1.0,1.0,1.0,1.0,-1.2656,1.0,1.0,1.0,1.0,1.0,0.0,-4.2078,0.0,80-85,65-70
APARINDS.NS|2026-07-28|ensemble_lr0.20_rf0.30_xgb0.50,APARINDS.NS,2026-07-28,ensemble_lr0.20_rf0.30_xgb0.50,2025-07-29,2026-07-28,2026-07-27,2025-08-26,2026-07-27,2026-07-28,225,2026-07-27,True,1,0.5185185185185185,0.46628475401796465,0.36,0.2712855935096741,0.33689974755843,0,66.31,0.713293238768115,1,71.33,HOLD,0.4429,-0.1142,High Volatility,0.165,0.0,unavailable_no_point_in_time_source,False,14002.39,13433.361328125,2026-07-29,13787.1337890625,2.6335,1,2026-07-31,14298.3583984375,6.4392,1.0,2026-08-04,15379.6044921875,14.4881,1.0,2026-08-11,16690.0546875,24.2433,1.0,0,0,1,1,0,1,-1.5373,1,0.0,1.0,1.0,0.0,0.0,2.1137,1.0,0.0,1.0,1.0,0.0,0.0,9.8356,0.0,0.0,1.0,1.0,0.0,0.0,19.1943,0.0,65-70,70-75
APOLLOHOSP.NS|2026-07-28|ensemble_lr0.20_rf0.30_xgb0.50,APOLLOHOSP.NS,2026-07-28,ensemble_lr0.20_rf0.30_xgb0.50,2025-07-29,2026-07-28,2026-07-27,2025-08-26,2026-07-27,2026-07-28,225,2026-07-27,True,0,0.43703703703703706,0.41289835627295873,0.74,0.5917009711265564,0.6004301568178699,1,60.04,0.5458889363678534,1,54.59,BUY,0.6648,0.3295,Bullish,0.5,0.0,unavailable_no_point_in_time_source,False,8833.22,8892.6474609375,2026-07-29,8924.6103515625,0.3594,1,2026-07-31,8946.5849609375,0.6065,1.0,2026-08-04,9039.4765625,1.6511,1.0,2026-08-11,8740.3251953125,-1.7129,0.0,1,1,1,0,1,1,1.0346,1,1.0,1.0,0.0,1.0,1.0,1.2834,1.0,1.0,1.0,0.0,1.0,1.0,2.335,1.0,0.0,0.0,1.0,0.0,0.0,-1.0517,0.0,60-65,50-55
APOLLOTYRE.NS|2026-07-28|ensemble_lr0.20_rf0.30_xgb0.50,APOLLOTYRE.NS,2026-07-28,ensemble_lr0.20_rf0.30_xgb0.50,2025-07-29,2026-07-28,2026-07-27,2025-08-26,2026-07-27,2026-07-28,225,2026-07-27,True,0,0.43703703703703706,0.5893466993348573,0.8,0.647551417350769,0.681645048542356,1,68.16,0.3923202718930126,0,60.77,HOLD,0.5726,0.1452,Sideways,0.0,0.0,unavailable_no_point_in_time_source,True,419.95,423.8500061035156,2026-07-29,424.1000061035156,0.059,1,2026-07-31,428.1499938964844,1.0145,1.0,2026-08-04,438.3500061035156,3.421,1.0,2026-08-11,443.0,4.5181,1.0,1,1,0,0,1,1,0.9882,1,1.0,0.0,0.0,1.0,1.0,1.9526,1.0,1.0,0.0,0.0,1.0,0.0,4.3815,0.0,1.0,0.0,0.0,1.0,0.0,5.4887,0.0,65-70,60-65
ASHOKLEY.NS|2026-07-28|ensemble_lr0.20_rf0.30_xgb0.50,ASHOKLEY.NS,2026-07-28,ensemble_lr0.20_rf0.30_xgb0.50,2025-07-29,2026-07-28,2026-07-27,2025-08-26,2026-07-27,2026-07-28,225,2026-07-27,True,1,0.5185185185185185,0.4902509843768615,0.78,0.776523232460022,0.7203118131053833,1,72.03,0.5751511061609418,1,57.52,HOLD,0.5091,0.0182,Sideways,-0.165,0.0,unavailable_no_point_in_time_source,True,155.06,157.5,2026-07-29,157.9600067138672,0.2921,1,2026-07-31,166.17999267578125,5.5111,1.0,2026-08-04,172.0800018310547,9.2571,1.0,2026-08-11,174.8300018310547,11.0032,1.0,1,1,1,1,1,1,1.8702,1,1.0,1.0,1.0,1.0,0.0,7.1714,0.0,1.0,1.0,1.0,1.0,0.0,10.9764,0.0,1.0,1.0,1.0,1.0,0.0,12.7499,0.0,70-75,55-60
ASIANPAINT.NS|2026-07-28|ensemble_lr0.20_rf0.30_xgb0.50,ASIANPAINT.NS,2026-07-28,ensemble_lr0.20_rf0.30_xgb0.50,2025-07-29,2026-07-28,2026-07-27,2025-08-26,2026-07-27,2026-07-28,225,2026-07-27,True,1,0.5037037037037037,0.41820930064591333,0.74,0.8083359599113464,0.7098098400848559,1,70.98,0.5938993087158445,1,59.39,BUY,0.6112,0.2224,Sideways,0.335,0.0,unavailable_no_point_in_time_source,True,2710.2,2736.199951171875,2026-07-29,2758.39990234375,0.8113,1,2026-07-31,2747.300048828125,0.4057,1.0,2026-08-04,2775.0,1.418,1.0,2026-08-11,2735.5,-0.0256,0.0,1,1,1,1,1,1,1.7785,1,1.0,1.0,1.0,1.0,1.0,1.3689,1.0,1.0,1.0,1.0,1.0,1.0,2.391,1.0,0.0,0.0,0.0,0.0,0.0,0.9335,1.0,70-75,55-60
ASTRAL.NS|2026-07-28|ensemble_lr0.20_rf0.30_xgb0.50,ASTRAL.NS,2026-07-28,ensemble_lr0.20_rf0.30_xgb0.50,2025-07-29,2026-07-28,2026-07-27,2025-08-26,2026-07-27,2026-07-28,225,2026-07-27,True,1,0.5481481481481482,0.6221549824092562,0.78,0.925923764705658,0.8213928788346803,1,82.14,0.37898811496773027,0,62.1,HOLD,0.5724,0.1447,Bullish,-0.335,0.0,unavailable_no_point_in_time_source,True,1463.5,1469.0894775390625,2026-07-29,1473.981689453125,0.333,1,2026-07-31,1446.3251953125,-1.5496,0.0,2026-08-04,1445.7261962890625,-1.5903,0.0,2026-08-11,1422.6624755859375,-3.1603,0.0,1,1,0,1,1,1,0.7162,1,0.0,1.0,0.0,0.0,1.0,-1.1735,1.0,0.0,1.0,0.0,0.0,1.0,-1.2145,1.0,0.0,1.0,0.0,0.0,0.0,-2.7904,1.0,80-85,60-65
AUBANK.NS|2026-07-28|ensemble_lr0.20_rf0.30_xgb0.50,AUBANK.NS,2026-07-28,ensemble_lr0.20_rf0.30_xgb0.50,2025-07-29,2026-07-28,2026-07-27,2025-08-26,2026-07-27,2026-07-28,225,2026-07-27,True,1,0.5333333333333333,0.192768252354873,0.2,0.15966592729091644,0.1783866141164328,0,82.16,0.4119608011528383,0,58.8,HOLD,0.5251,0.0502,Bullish,-0.165,0.0,unavailable_no_point_in_time_source,True,1051.18,1046.6834716796875,2026-07-29,1041.288818359375,-0.5154,0,2026-07-31,1047.300048828125,0.0589,1.0,2026-08-04,1059.0,1.1767,1.0,2026-08-11,1070.9000244140625,2.3136,1.0,0,1,1,0,1,1,-0.941,1,0.0,0.0,1.0,0.0,1.0,-0.3691,1.0,0.0,0.0,1.0,0.0,1.0,0.7439,1.0,0.0,0.0,1.0,0.0,1.0,1.876,1.0,80-85,55-60
AXISBANK.NS|2026-07-28|ensemble_lr0.20_rf0.30_xgb0.50,AXISBANK.NS,2026-07-28,ensemble_lr0.20_rf0.30_xgb0.50,2025-07-29,2026-07-28,2026-07-27,2025-08-26,2026-07-27,2026-07-28,225,2026-07-27,True,1,0.5851851851851851,0.6844662295700897,0.32,0.3895571827888489,0.4276718373084424,0,57.23,0.5255180564975512,1,52.55,SELL,0.3012,-0.3976,Bearish,-0.5,0.0,unavailable_no_point_in_time_source,True,1227.5,1223.5,2026-07-29,1235.4000244140625,0.9726,1,2026-07-31,1229.5,0.4904,1.0,2026-08-04,1261.800048828125,3.1304,1.0,2026-08-11,1229.800048828125,0.5149,1.0,0,0,1,1,0,0,0.6436,0,0.0,1.0,1.0,0.0,0.0,0.1629,0.0,0.0,1.0,1.0,0.0,0.0,2.7943,0.0,0.0,1.0,1.0,0.0,0.0,0.1874,0.0,55-60,50-55
BAJAJ-AUTO.NS|2026-07-28|ensemble_lr0.20_rf0.30_xgb0.50,BAJAJ-AUTO.NS,2026-07-28,ensemble_lr0.20_rf0.30_xgb0.50,2025-07-29,2026-07-28,2026-07-27,2025-08-26,2026-07-27,2026-07-28,225,2026-07-27,True,1,0.4666666666666666,0.3100199719582349,0.84,0.6703362464904785,0.6491721176368863,1,64.92,0.46392553134902104,0,53.61,STRONG BUY,0.7482,0.4964,Bullish,1.0,0.0,unavailable_no_point_in_time_source,False,11183.5,11374.0,2026-07-29,11338.0,-0.3165,0,2026-07-31,11520.5,1.288,1.0,2026-08-04,11600.0,1.987,1.0,2026-08-11,11717.0,3.0156,1.0,1,0,1,0,0,0,1.3815,1,1.0,0.0,1.0,1.0,1.0,3.0134,1.0,1.0,0.0,1.0,1.0,1.0,3.7242,1.0,1.0,0.0,1.0,1.0,1.0,4.7704,1.0,60-65,50-55
BAJAJFINSV.NS|2026-07-28|ensemble_lr0.20_rf0.30_xgb0.50,BAJAJFINSV.NS,2026-07-28,ensemble_lr0.20_rf0.30_xgb0.50,2025-07-29,2026-07-28,2026-07-27,2025-08-26,2026-07-27,2026-07-28,225,2026-07-27,True,0,0.47407407407407404,0.7223312129105863,0.7,0.8449603915214539,0.7769464383428442,1,77.69,0.5925498183479516,1,59.25,BUY,0.6758,0.3516,Bullish,0.165,0.0,unavailable_no_point_in_time_source,True,1913.0,1927.9000244140625,2026-07-29,1924.4000244140625,-0.1815,0,2026-07-31,2029.0999755859375,5.2492,1.0,2026-08-04,2105.0,9.1862,1.0,2026-08-11,2032.0,5.3997,1.0,1,0,0,1,0,0,0.5959,1,1.0,1.0,0.0,1.0,1.0,6.069,1.0,1.0,1.0,0.0,1.0,1.0,10.0366,1.0,1.0,1.0,0.0,1.0,1.0,6.2206,1.0,75-80,55-60
BAJFINANCE.NS|2026-07-28|ensemble_lr0.20_rf0.30_xgb0.50,BAJFINANCE.NS,2026-07-28,ensemble_lr0.20_rf0.30_xgb0.50,2025-07-29,2026-07-28,2026-07-27,2025-08-26,2026-07-27,2026-07-28,225,2026-07-27,True,1,0.5185185185185185,0.6302676733861996,0.84,0.8177985548973083,0.7869528121258941,1,78.7,0.7713731667080854,1,77.14,BUY,0.6692,0.3383,Bullish,0.335,0.0,unavailable_no_point_in_time_source,True,1048.3,1048.4000244140625,2026-07-29,1054.4000244140625,0.5723,1,2026-07-31,1141.199951171875,8.8516,1.0,2026-08-04,1149.0,9.5956,1.0,2026-08-11,1093.300048828125,4.2827,1.0,1,1,1,1,1,1,0.5819,1,1.0,1.0,1.0,1.0,1.0,8.862,1.0,1.0,1.0,1.0,1.0,1.0,9.606,1.0,1.0,1.0,1.0,1.0,1.0,4.2927,1.0,75-80,75-80
BEL.NS|2026-07-28|ensemble_lr0.20_rf0.30_xgb0.50,BEL.NS,2026-07-28,ensemble_lr0.20_rf0.30_xgb0.50,2025-07-29,2026-07-28,2026-07-27,2025-08-26,2026-07-27,2026-07-28,225,2026-07-27,True,0,0.48148148148148145,0.4402692087491289,0.2,0.20893961191177368,0.2525236477057126,0,74.75,0.6997738426721087,1,69.98,SELL,0.38,-0.2401,Sideways,-0.335,0.0,unavailable_no_point_in_time_source,True,406.6,388.4726257324219,2026-07-29,387.02459716796875,-0.3727,0,2026-07-31,387.3241882324219,-0.2956,0.0,2026-08-04,390.96923828125,0.6427,1.0,2026-08-11,405.2998046875,4.3316,1.0,0,1,0,1,1,1,-4.8144,1,1.0,0.0,1.0,1.0,1.0,-4.7407,1.0,0.0,1.0,0.0,0.0,0.0,-3.8443,1.0,0.0,1.0,0.0,0.0,0.0,-0.3198,1.0,70-75,65-70
BPCL.NS|2026-07-28|ensemble_lr0.20_rf0.30_xgb0.50,BPCL.NS,2026-07-28,ensemble_lr0.20_rf0.30_xgb0.50,2025-07-29,2026-07-28,2026-07-27,2025-08-26,2026-07-27,2026-07-28,225,2026-07-27,True,0,0.4962962962962963,0.7043853954947447,0.92,0.8617739677429199,0.847764062970409,1,84.78,0.7517203211775305,1,75.17,BUY,0.6295,0.2591,Sideways,0.165,0.0,unavailable_no_point_in_time_source,True,316.25,320.04998779296875,2026-07-29,317.3999938964844,-0.828,0,2026-07-31,319.75,-0.0937,0.0,2026-08-04,324.0,1.2342,1.0,2026-08-11,317.79998779296875,-0.703,0.0,1,0,0,1,0,0,0.3636,1,0.0,0.0,1.0,0.0,0.0,1.1067,1.0,1.0,1.0,0.0,1.0,1.0,2.4506,1.0,0.0,0.0,1.0,0.0,0.0,0.4901,1.0,80-85,75-80
AARTIIND.NS|2026-08-04|ensemble_lr0.20_rf0.30_xgb0.50,AARTIIND.NS,2026-08-04,ensemble_lr0.20_rf0.30_xgb0.50,2025-08-05,2026-08-04,2026-08-03,2025-09-03,2026-08-03,2026-08-04,225,2026-08-03,True,0,0.4222222222222222,0.41554381582948113,0.14,0.16908952593803406,0.20965352613491325,0,79.03,0.5542143574916456,1,55.42,HOLD,0.4837,-0.0326,High Volatility,0.335,0.0,unavailable_no_point_in_time_source,True,485.83,480.79425048828125,2026-08-05,484.9859313964844,0.8718,1,2026-08-07,501.1038818359375,4.2242,1.0,2026-08-11,504.2975158691406,4.8884,1.0,2026-08-18,529.0482788085938,10.0363,1.0,0,0,1,0,0,1,-0.1737,1,0.0,1.0,0.0,0.0,0.0,3.1439,0.0,0.0,1.0,0.0,0.0,0.0,3.8012,0.0,0.0,1.0,0.0,0.0,0.0,8.8958,0.0,75-80,55-60
AAVAS.NS|2026-08-04|ensemble_lr0.20_rf0.30_xgb0.50,AAVAS.NS,2026-08-04,ensemble_lr0.20_rf0.30_xgb0.50,2025-08-05,2026-08-04,2026-08-03,2025-09-03,2026-08-03,2026-08-04,225,2026-08-03,True,0,0.5407407407407407,0.30645844415197004,0.2,0.27776822447776794,0.26017580106927796,0,73.98,0.3751797211460915,0,62.48,HOLD,0.478,-0.044,High Volatility,-0.165,0.0,unavailable_no_point_in_time_source,False,1439.0,1392.5999755859375,2026-08-05,1375.699951171875,-1.2136,0,2026-08-07,1371.5,-1.5151,0.0,2026-08-11,1396.800048828125,0.3016,1.0,2026-08-18,1388.300048828125,-0.3088,0.0,0,1,1,1,1,1,-4.3989,0,1.0,1.0,1.0,1.0,1.0,-4.6908,0.0,0.0,0.0,0.0,0.0,1.0,-2.9326,1.0,1.0,1.0,1.0,1.0,1.0,-3.5233,0.0,70-75,60-65
ABCAPITAL.NS|2026-08-04|ensemble_lr0.20_rf0.30_xgb0.50,ABCAPITAL.NS,2026-08-04,ensemble_lr0.20_rf0.30_xgb0.50,2025-08-05,2026-08-04,2026-08-03,2025-09-03,2026-08-03,2026-08-04,225,2026-08-03,True,1,0.5185185185185185,0.3978895939794738,0.22,0.08936949819326401,0.19026266789252677,0,80.97,0.40297155313666133,0,59.7,BUY,0.6042,0.2083,Sideways,1.0,0.0,unavailable_no_point_in_time_source,True,424.35,420.0,2026-08-05,424.70001220703125,1.1191,1,2026-08-07,408.04998779296875,-2.8452,0.0,2026-08-11,407.1499938964844,-3.0595,0.0,2026-08-18,402.0,-4.2857,0.0,0,0,0,1,0,1,0.0825,1,1.0,1.0,0.0,1.0,0.0,-3.8412,0.0,1.0,1.0,0.0,1.0,0.0,-4.0533,0.0,1.0,1.0,0.0,1.0,0.0,-5.2669,0.0,80-85,55-60
ABFRL.NS|2026-08-04|ensemble_lr0.20_rf0.30_xgb0.50,ABFRL.NS,2026-08-04,ensemble_lr0.20_rf0.30_xgb0.50,2025-08-05,2026-08-04,2026-08-03,2025-09-03,2026-08-03,2026-08-04,225,2026-08-03,True,0,0.48148148148148145,0.5492654082883057,0.28,0.2809983193874359,0.3343522413513791,0,66.56,0.3953136089834985,0,60.47,HOLD,0.4828,-0.0343,High Volatility,0.165,0.0,unavailable_no_point_in_time_source,True,62.41,61.0,2026-08-05,62.099998474121094,1.8033,1,2026-08-07,63.33000183105469,3.8197,1.0,2026-08-11,58.630001068115234,-3.8852,0.0,2026-08-18,54.970001220703125,-9.8852,0.0,0,0,0,0,0,1,-0.4967,1,0.0,0.0,0.0,0.0,0.0,1.4741,1.0,1.0,1.0,1.0,1.0,0.0,-6.0567,0.0,1.0,1.0,1.0,1.0,0.0,-11.9212,0.0,65-70,60-65
ACC.NS|2026-08-04|ensemble_lr0.20_rf0.30_xgb0.50,ACC.NS,2026-08-04,ensemble_lr0.20_rf0.30_xgb0.50,2025-08-05,2026-08-04,2026-08-03,2025-09-03,2026-08-03,2026-08-04,225,2026-08-03,True,0,0.48888888888888893,0.17692581407134172,0.18,0.16082431375980377,0.16979731969417022,0,83.02,0.47538095824299254,0,52.46,HOLD,0.4684,-0.0631,Sideways,0.0,0.0,unavailable_no_point_in_time_source,False,1398.0,1384.699951171875,2026-08-05,1394.0,0.6716,1,2026-08-07,1362.800048828125,-1.5816,0.0,2026-08-11,1339.800048828125,-3.2426,0.0,2026-08-18,1303.800048828125,-5.8424,0.0,0,0,0,0,0,1,-0.2861,1,1.0,1.0,1.0,1.0,1.0,-2.5179,1.0,1.0,1.0,1.0,1.0,0.0,-4.1631,0.0,1.0,1.0,1.0,1.0,0.0,-6.7382,0.0,80-85,50-55
ADANIENT.NS|2026-08-04|ensemble_lr0.20_rf0.30_xgb0.50,ADANIENT.NS,2026-08-04,ensemble_lr0.20_rf0.30_xgb0.50,2025-08-05,2026-08-04,2026-08-03,2025-09-03,2026-08-03,2026-08-04,225,2026-08-03,True,0,0.5259259259259259,0.40907581793186276,0.24,0.19375933706760406,0.25069483212017457,0,74.93,0.2877067715351223,0,71.23,HOLD,0.4925,-0.015,Sideways,0.5,0.0,unavailable_no_point_in_time_source,True,3068.0,3050.0,2026-08-05,3050.0,0.0,0,2026-08-07,3020.0,-0.9836,0.0,2026-08-11,2995.5,-1.7869,0.0,2026-08-18,3002.5,-1.5574,0.0,0,1,1,1,1,1,-0.5867,1,1.0,1.0,1.0,1.0,1.0,-1.5645,1.0,1.0,1.0,1.0,1.0,1.0,-2.3631,1.0,1.0,1.0,1.0,1.0,1.0,-2.1349,1.0,70-75,70-75
ADANIPORTS.NS|2026-08-04|ensemble_lr0.20_rf0.30_xgb0.50,ADANIPORTS.NS,2026-08-04,ensemble_lr0.20_rf0.30_xgb0.50,2025-08-05,2026-08-04,2026-08-03,2025-09-03,2026-08-03,2026-08-04,225,2026-08-03,True,1,0.5481481481481482,0.509983007047892,0.74,0.781609058380127,0.7148011305996419,1,71.48,0.6904022444692024,1,69.04,HOLD,0.5036,0.0073,Bearish,-0.335,0.0,unavailable_no_point_in_time_source,True,1701.0,1706.699951171875,2026-08-05,1700.0,-0.3926,0,2026-08-07,1693.5,-0.7734,0.0,2026-08-11,1668.199951171875,-2.2558,0.0,2026-08-18,1682.4000244140625,-1.4238,0.0,1,0,0,0,0,1,-0.0588,1,0.0,0.0,0.0,0.0,1.0,-0.4409,1.0,0.0,0.0,0.0,0.0,1.0,-1.9283,1.0,0.0,0.0,0.0,0.0,1.0,-1.0935,1.0,70-75,65-70
AETHER.NS|2026-08-04|ensemble_lr0.20_rf0.30_xgb0.50,AETHER.NS,2026-08-04,ensemble_lr0.20_rf0.30_xgb0.50,2025-08-05,2026-08-04,2026-08-03,2025-09-03,2026-08-03,2026-08-04,225,2026-08-03,True,0,0.4296296296296296,0.6504854708641626,0.7,0.7837038040161133,0.7319489961808892,1,73.19,0.3539728671667133,0,64.6,BUY,0.69,0.38,High Volatility,0.665,0.0,unavailable_no_point_in_time_source,False,1509.5,1578.300048828125,2026-08-05,1589.4000244140625,0.7033,1,2026-08-07,1591.5999755859375,0.8427,1.0,2026-08-11,1634.199951171875,3.5418,1.0,2026-08-18,1633.5999755859375,3.5038,1.0,1,1,0,0,1,1,5.2931,1,1.0,0.0,0.0,1.0,1.0,5.4389,1.0,1.0,0.0,0.0,1.0,1.0,8.261,1.0,1.0,0.0,0.0,1.0,1.0,8.2213,1.0,70-75,60-65
AIAENG.NS|2026-08-04|ensemble_lr0.20_rf0.30_xgb0.50,AIAENG.NS,2026-08-04,ensemble_lr0.20_rf0.30_xgb0.50,2025-08-05,2026-08-04,2026-08-03,2025-09-03,2026-08-03,2026-08-04,225,2026-08-03,True,1,0.5407407407407407,0.44758665328822045,0.14,0.11865179985761642,0.1908432305864523,0,80.92,0.30262061043212307,0,69.74,HOLD,0.5004,0.0009,Sideways,0.5,0.0,unavailable_no_point_in_time_source,False,4667.06,4609.671875,2026-08-05,4629.19873046875,0.4236,1,2026-08-07,4758.1142578125,3.2202,1.0,2026-08-11,4763.693359375,3.3413,1.0,2026-08-18,4430.94384765625,-3.8772,0.0,0,0,0,1,0,1,-0.8112,1,0.0,0.0,1.0,0.0,0.0,1.951,1.0,0.0,0.0,1.0,0.0,0.0,2.0705,1.0,1.0,1.0,0.0,1.0,0.0,-5.0592,0.0,80-85,65-70
AJANTPHARM.NS|2026-08-04|ensemble_lr0.20_rf0.30_xgb0.50,AJANTPHARM.NS,2026-08-04,ensemble_lr0.20_rf0.30_xgb0.50,2025-08-05,2026-08-04,2026-08-03,2025-09-03,2026-08-03,2026-08-04,225,2026-08-03,True,0,0.5259259259259259,0.6657238055510412,0.86,0.8971590995788574,0.839724310899637,1,83.97,0.44580154718676035,0,55.42,BUY,0.6458,0.2915,High Volatility,0.665,0.0,unavailable_no_point_in_time_source,False,3482.0,3493.10009765625,2026-08-05,3437.5,-1.5917,0,2026-08-07,3489.199951171875,-0.1117,0.0,2026-08-11,3507.0,0.3979,1.0,2026-08-18,3706.39990234375,6.1063,1.0,1,0,1,1,0,0,-1.278,0,0.0,1.0,1.0,0.0,0.0,0.2068,1.0,1.0,0.0,0.0,1.0,1.0,0.718,1.0,1.0,0.0,0.0,1.0,1.0,6.4446,1.0,80-85,55-60
ALEMBICLTD.NS|2026-08-04|ensemble_lr0.20_rf0.30_xgb0.50,ALEMBICLTD.NS,2026-08-04,ensemble_lr0.20_rf0.30_xgb0.50,2025-08-05,2026-08-04,2026-08-03,2025-09-03,2026-08-03,2026-08-04,225,2026-08-03,True,0,0.48888888888888893,0.448101163292575,0.28,0.35489535331726074,0.3510679093171454,0,64.89,0.6103482166932165,1,61.03,HOLD,0.5134,0.0268,Sideways,0.165,0.0,unavailable_no_point_in_time_source,False,89.27,88.55000305175781,2026-08-05,87.13999938964844,-1.5923,0,2026-08-07,84.75,-4.2914,0.0,2026-08-11,86.7300033569336,-2.0553,0.0,2026-08-18,89.87000274658203,1.4907,1.0,0,1,0,1,1,1,-2.386,1,1.0,0.0,1.0,1.0,0.0,-5.0633,0.0,1.0,0.0,1.0,1.0,1.0,-2.8453,1.0,0.0,1.0,0.0,0.0,1.0,0.6721,1.0,60-65,60-65
ALKEM.NS|2026-08-04|ensemble_lr0.20_rf0.30_xgb0.50,ALKEM.NS,2026-08-04,ensemble_lr0.20_rf0.30_xgb0.50,2025-08-05,2026-08-04,2026-08-03,2025-09-03,2026-08-03,2026-08-04,225,2026-08-03,True,1,0.45925925925925926,0.47435313242471766,0.22,0.239525705575943,0.28063347927291504,0,71.94,0.5436732952548935,1,54.37,BUY,0.5888,0.1776,Bullish,0.67,0.0,unavailable_no_point_in_time_source,False,5696.8,5597.98095703125,2026-08-05,5686.3232421875,1.5781,1,2026-08-07,5620.0,0.3933,1.0,2026-08-11,5527.5,-1.259,0.0,2026-08-18,5475.0,-2.1969,0.0,0,0,1,1,0,1,-0.1839,0,0.0,1.0,1.0,0.0,1.0,-1.3481,0.0,1.0,0.0,0.0,1.0,0.0,-2.9718,0.0,1.0,0.0,0.0,1.0,0.0,-3.8934,0.0,70-75,50-55
AMBER.NS|2026-08-04|ensemble_lr0.20_rf0.30_xgb0.50,AMBER.NS,2026-08-04,ensemble_lr0.20_rf0.30_xgb0.50,2025-08-05,2026-08-04,2026-08-03,2025-09-03,2026-08-03,2026-08-04,225,2026-08-03,True,1,0.47407407407407404,0.39483580401891066,0.02,0.16561204195022583,0.16777318177889505,0,83.22,0.3262241826438773,0,67.38,SELL,0.3735,-0.253,Sideways,-0.165,0.0,unavailable_no_point_in_time_source,False,7400.0,7395.0,2026-08-05,7526.0,1.7715,1,2026-08-07,7435.0,0.5409,1.0,2026-08-11,7078.5,-4.2799,0.0,2026-08-18,7350.0,-0.6085,0.0,0,0,0,1,0,0,1.7027,0,0.0,0.0,1.0,0.0,0.0,0.473,0.0,1.0,1.0,0.0,1.0,1.0,-4.3446,1.0,1.0,1.0,0.0,1.0,1.0,-0.6757,1.0,80-85,65-70
ANGELONE.NS|2026-08-04|ensemble_lr0.20_rf0.30_xgb0.50,ANGELONE.NS,2026-08-04,ensemble_lr0.20_rf0.30_xgb0.50,2025-08-05,2026-08-04,2026-08-03,2025-09-03,2026-08-03,2026-08-04,225,2026-08-03,True,0,0.5555555555555556,0.3334252081591474,0.28,0.12793762981891632,0.21465385654128766,0,78.53,0.4110947112423219,0,58.89,SELL,0.32,-0.36,High Volatility,-0.5,0.0,unavailable_no_point_in_time_source,True,302.0,300.3500061035156,2026-08-05,299.20001220703125,-0.3829,0,2026-08-07,292.0,-2.7801,0.0,2026-08-11,291.3999938964844,-2.9799,0.0,2026-08-18,291.75,-2.8633,0.0,0,1,1,1,1,1,-0.9271,1,1.0,1.0,1.0,1.0,1.0,-3.3113,1.0,1.0,1.0,1.0,1.0,1.0,-3.5099,1.0,1.0,1.0,1.0,1.0,1.0,-3.394,1.0,75-80,55-60
APARINDS.NS|2026-08-04|ensemble_lr0.20_rf0.30_xgb0.50,APARINDS.NS,2026-08-04,ensemble_lr0.20_rf0.30_xgb0.50,2025-08-05,2026-08-04,2026-08-03,2025-09-03,2026-08-03,2026-08-04,225,2026-08-03,True,1,0.40740740740740744,0.8177896447380145,0.8,0.9237197041511536,0.8654177810231797,1,86.54,0.6692920395183788,1,66.93,BUY,0.6615,0.3231,High Volatility,0.5,0.0,unavailable_no_point_in_time_source,False,14694.98,15379.6044921875,2026-08-05,15611.798828125,1.5098,1,2026-08-07,16573.458984375,7.7626,1.0,2026-08-11,16690.0546875,8.5207,1.0,2026-08-18,17154.443359375,11.5402,1.0,1,1,1,1,1,1,6.239,1,1.0,1.0,1.0,1.0,1.0,12.7831,1.0,1.0,1.0,1.0,1.0,1.0,13.5766,1.0,1.0,1.0,1.0,1.0,1.0,16.7368,1.0,85-90,65-70
APOLLOHOSP.NS|2026-08-04|ensemble_lr0.20_rf0.30_xgb0.50,APOLLOHOSP.NS,2026-08-04,ensemble_lr0.20_rf0.30_xgb0.50,2025-08-05,2026-08-04,2026-08-03,2025-09-03,2026-08-03,2026-08-04,225,2026-08-03,True,0,0.5037037037037037,0.518743321841231,0.78,0.6088407635688782,0.6421690461526852,1,64.22,0.3712426111114455,0,62.88,BUY,0.6162,0.2325,Sideways,0.5,0.0,unavailable_no_point_in_time_source,False,8809.74,9039.4765625,2026-08-05,8899.6396484375,-1.547,0,2026-08-07,8934.5986328125,-1.1602,0.0,2026-08-11,8740.3251953125,-3.3094,0.0,2026-08-18,8817.0,-2.4612,0.0,1,0,1,1,0,0,1.0205,1,0.0,1.0,1.0,0.0,0.0,1.4173,1.0,0.0,1.0,1.0,0.0,0.0,-0.7879,0.0,0.0,1.0,1.0,0.0,0.0,0.0824,1.0,60-65,60-65
APOLLOTYRE.NS|2026-08-04|ensemble_lr0.20_rf0.30_xgb0.50,APOLLOTYRE.NS,2026-08-04,ensemble_lr0.20_rf0.30_xgb0.50,2025-08-05,2026-08-04,2026-08-03,2025-09-03,2026-08-03,2026-08-04,225,2026-08-03,True,0,0.48148148148148145,0.5431772508437807,0.8,0.8064664006233215,0.7518686504804168,1,75.19,0.35979639194499047,0,64.02,BUY,0.5876,0.1751,Sideways,0.0,0.0,unavailable_no_point_in_time_source,True,436.6,438.3500061035156,2026-08-05,444.8999938964844,1.4942,1,2026-08-07,445.0,1.5171,1.0,2026-08-11,443.0,1.0608,1.0,2026-08-18,436.0,-0.5361,0.0,1,1,0,0,1,1,1.9011,1,1.0,0.0,0.0,1.0,1.0,1.924,1.0,1.0,0.0,0.0,1.0,1.0,1.4659,1.0,0.0,1.0,1.0,0.0,0.0,-0.1374,0.0,75-80,60-65
ASHOKLEY.NS|2026-08-04|ensemble_lr0.20_rf0.30_xgb0.50,ASHOKLEY.NS,2026-08-04,ensemble_lr0.20_rf0.30_xgb0.50,2025-08-05,2026-08-04,2026-08-03,2025-09-03,2026-08-03,2026-08-04,225,2026-08-03,True,1,0.4888888888888889,0.21158919281048846,0.26,0.12990306317806244,0.18526937015112893,0,81.47,0.3691169476672244,0,63.09,HOLD,0.5204,0.0407,Sideways,0.335,0.0,unavailable_no_point_in_time_source,True,174.55,172.0800018310547,2026-08-05,177.0,2.8591,1,2026-08-07,177.5,3.1497,1.0,2026-08-11,174.8300018310547,1.5981,1.0,2026-08-18,176.35000610351562,2.4814,1.0,0,0,0,1,0,1,1.4036,1,0.0,0.0,1.0,0.0,0.0,1.6901,1.0,0.0,0.0,1.0,0.0,1.0,0.1604,1.0,0.0,0.0,1.0,0.0,1.0,1.0312,1.0,80-85,60-65
ASIANPAINT.NS|2026-08-04|ensemble_lr0.20_rf0.30_xgb0.50,ASIANPAINT.NS,2026-08-04,ensemble_lr0.20_rf0.30_xgb0.50,2025-08-05,2026-08-04,2026-08-03,2025-09-03,2026-08-03,2026-08-04,225,2026-08-03,True,1,0.43703703703703706,0.3868181806428624,0.16,0.1234772801399231,0.18710227619853403,0,81.29,0.3606341446896466,0,63.94,HOLD,0.5603,0.1206,Sideways,1.0,0.0,unavailable_no_point_in_time_source,True,2810.0,2775.0,2026-08-05,2760.0,-0.5405,0,2026-08-07,2735.0,-1.4414,0.0,2026-08-11,2735.5,-1.4234,0.0,2026-08-18,2628.39990234375,-5.2829,0.0,0,1,1,0,1,1,-1.7794,1,1.0,1.0,0.0,1.0,1.0,-2.669,1.0,1.0,1.0,0.0,1.0,1.0,-2.6512,1.0,1.0,1.0,0.0,1.0,0.0,-6.4626,0.0,80-85,60-65
ASTRAL.NS|2026-08-04|ensemble_lr0.20_rf0.30_xgb0.50,ASTRAL.NS,2026-08-04,ensemble_lr0.20_rf0.30_xgb0.50,2025-08-05,2026-08-04,2026-08-03,2025-09-03,2026-08-03,2026-08-04,225,2026-08-03,True,1,0.6,0.6643286271256582,0.68,0.8499428629875183,0.7618371569188909,1,76.18,0.674788856619913,1,67.48,HOLD,0.5503,0.1006,Sideways,-0.335,0.0,unavailable_no_point_in_time_source,True,1433.35,1445.7261962890625,2026-08-05,1432.447021484375,-0.9185,0,2026-08-07,1441.732421875,-0.2762,0.0,2026-08-11,1422.6624755859375,-1.5953,0.0,2026-08-18,1520.0,5.1375,1.0,1,0,0,0,0,1,-0.063,1,0.0,0.0,0.0,0.0,1.0,0.5848,1.0,0.0,0.0,0.0,0.0,1.0,-0.7456,1.0,1.0,1.0,1.0,1.0,0.0,6.0453,0.0,75-80,65-70
AUBANK.NS|2026-08-04|ensemble_lr0.20_rf0.30_xgb0.50,AUBANK.NS,2026-08-04,ensemble_lr0.20_rf0.30_xgb0.50,2025-08-05,2026-08-04,2026-08-03,2025-09-03,2026-08-03,2026-08-04,225,2026-08-03,True,1,0.5703703703703703,0.6007597263906717,0.34,0.20088763535022736,0.322595762953248,0,67.74,0.524521059612032,1,52.45,HOLD,0.5152,0.0303,Sideways,0.335,0.0,unavailable_no_point_in_time_source,True,1060.0,1059.0,2026-08-05,1051.300048828125,-0.7271,0,2026-08-07,1067.0,0.7554,1.0,2026-08-11,1070.9000244140625,1.1237,1.0,2026-08-18,1075.699951171875,1.577,1.0,0,1,0,0,1,1,-0.8208,1,0.0,1.0,1.0,0.0,1.0,0.6604,1.0,0.0,1.0,1.0,0.0,1.0,1.0283,1.0,0.0,1.0,1.0,0.0,1.0,1.4811,1.0,65-70,50-55
AXISBANK.NS|2026-08-04|ensemble_lr0.20_rf0.30_xgb0.50,AXISBANK.NS,2026-08-04,ensemble_lr0.20_rf0.30_xgb0.50,2025-08-05,2026-08-04,2026-08-03,2025-09-03,2026-08-03,2026-08-04,225,2026-08-03,True,1,0.5185185185185185,0.6485475477590139,0.38,0.2532181739807129,0.37031859654215926,0,62.97,0.711167064647857,1,71.12,SELL,0.3491,-0.3018,Bearish,-0.335,0.0,unavailable_no_point_in_time_source,True,1272.0,1261.800048828125,2026-08-05,1253.9000244140625,-0.6261,0,2026-08-07,1238.0,-1.8862,0.0,2026-08-11,1229.800048828125,-2.5361,0.0,2026-08-18,1243.0,-1.4899,0.0,0,1,0,0,1,1,-1.423,1,1.0,0.0,0.0,1.0,1.0,-2.673,1.0,1.0,0.0,0.0,1.0,1.0,-3.3176,1.0,1.0,0.0,0.0,1.0,1.0,-2.2799,1.0,60-65,70-75
BAJAJ-AUTO.NS|2026-08-04|ensemble_lr0.20_rf0.30_xgb0.50,BAJAJ-AUTO.NS,2026-08-04,ensemble_lr0.20_rf0.30_xgb0.50,2025-08-05,2026-08-04,2026-08-03,2025-09-03,2026-08-03,2026-08-04,225,2026-08-03,True,1,0.43703703703703706,0.2467292759947874,0.28,0.27885138988494873,0.27277155014143184,0,72.72,0.4846887002695407,0,51.53,BUY,0.65,0.3001,Bullish,1.0,0.0,unavailable_no_point_in_time_source,False,11856.0,11600.0,2026-08-05,11800.0,1.7241,1,2026-08-07,11662.0,0.5345,1.0,2026-08-11,11717.0,1.0086,1.0,2026-08-18,11607.0,0.0603,1.0,0,0,0,1,0,1,-0.4723,0,0.0,0.0,1.0,0.0,1.0,-1.6363,0.0,0.0,0.0,1.0,0.0,1.0,-1.1724,0.0,0.0,0.0,1.0,0.0,1.0,-2.1002,0.0,70-75,50-55
BAJAJFINSV.NS|2026-08-04|ensemble_lr0.20_rf0.30_xgb0.50,BAJAJFINSV.NS,2026-08-04,ensemble_lr0.20_rf0.30_xgb0.50,2025-08-05,2026-08-04,2026-08-03,2025-09-03,2026-08-03,2026-08-04,225,2026-08-03,True,0,0.5259259259259258,0.8079414685557696,0.76,0.8692433834075928,0.8242099854149503,1,82.42,0.45745637334930145,0,54.25,STRONG BUY,0.7525,0.5049,Bullish,0.665,0.0,unavailable_no_point_in_time_source,False,2096.0,2105.0,2026-08-05,2086.0,-0.9026,0,2026-08-07,2008.9000244140625,-4.5653,0.0,2026-08-11,2032.0,-3.4679,0.0,2026-08-18,2011.199951171875,-4.4561,0.0,1,0,1,1,0,0,-0.4771,0,0.0,1.0,1.0,0.0,0.0,-4.1555,0.0,0.0,1.0,1.0,0.0,0.0,-3.0534,0.0,0.0,1.0,1.0,0.0,0.0,-4.0458,0.0,80-85,50-55
BAJFINANCE.NS|2026-08-04|ensemble_lr0.20_rf0.30_xgb0.50,BAJFINANCE.NS,2026-08-04,ensemble_lr0.20_rf0.30_xgb0.50,2025-08-05,2026-08-04,2026-08-03,2025-09-03,2026-08-03,2026-08-04,225,2026-08-03,True,1,0.47407407407407404,0.36559328811764275,0.24,0.204006165266037,0.24712174025654704,0,75.29,0.3365589738794086,0,66.34,BUY,0.6416,0.2833,Bullish,1.0,0.0,unavailable_no_point_in_time_source,False,1153.0,1149.0,2026-08-05,1158.800048828125,0.8529,1,2026-08-07,1078.0,-6.1793,0.0,2026-08-11,1093.300048828125,-4.8477,0.0,2026-08-18,1094.300048828125,-4.7607,0.0,0,0,0,1,0,1,0.503,1,1.0,1.0,0.0,1.0,0.0,-6.5048,0.0,1.0,1.0,0.0,1.0,0.0,-5.1778,0.0,1.0,1.0,0.0,1.0,0.0,-5.0911,0.0,75-80,65-70
BEL.NS|2026-08-04|ensemble_lr0.20_rf0.30_xgb0.50,BEL.NS,2026-08-04,ensemble_lr0.20_rf0.30_xgb0.50,2025-08-05,2026-08-04,2026-08-03,2025-09-03,2026-08-03,2026-08-04,225,2026-08-03,True,0,0.45925925925925926,0.3308209124423233,0.34,0.21325425803661346,0.2747913115067714,0,72.52,0.43894335628487907,0,56.11,SELL,0.3571,-0.2858,Sideways,-0.5,0.0,unavailable_no_point_in_time_source,True,391.62,390.96923828125,2026-08-05,389.4712829589844,-0.3831,0,2026-08-07,400.45635986328125,2.4266,1.0,2026-08-11,405.2998046875,3.6654,1.0,2026-08-18,412.0,5.3791,1.0,0,1,1,1,1,1,-0.5487,1,0.0,0.0,0.0,0.0,0.0,2.2564,0.0,0.0,0.0,0.0,0.0,0.0,3.4931,0.0,0.0,0.0,0.0,0.0,0.0,5.204,0.0,70-75,55-60
BPCL.NS|2026-08-04|ensemble_lr0.20_rf0.30_xgb0.50,BPCL.NS,2026-08-04,ensemble_lr0.20_rf0.30_xgb0.50,2025-08-05,2026-08-04,2026-08-03,2025-09-03,2026-08-03,2026-08-04,225,2026-08-03,True,0,0.4888888888888889,0.4440857330448285,0.18,0.20389632880687714,0.24476531101240429,0,75.52,0.3766498734227359,0,62.34,HOLD,0.5248,0.0496,Sideways,0.5,0.0,unavailable_no_point_in_time_source,True,329.95,324.0,2026-08-05,326.25,0.6944,1,2026-08-07,321.0,-0.9259,0.0,2026-08-11,317.79998779296875,-1.9136,0.0,2026-08-18,310.29998779296875,-4.2284,0.0,0,0,0,0,0,1,-1.1214,1,1.0,1.0,1.0,1.0,1.0,-2.7125,1.0,1.0,1.0,1.0,1.0,1.0,-3.6824,0.0,1.0,1.0,1.0,1.0,0.0,-5.9555,0.0,75-80,60-65
AARTIIND.NS|2026-08-11|ensemble_lr0.20_rf0.30_xgb0.50,AARTIIND.NS,2026-08-11,ensemble_lr0.20_rf0.30_xgb0.50,2025-08-12,2026-08-11,2026-08-10,2025-09-10,2026-08-10,2026-08-11,225,2026-08-10,True,0,0.4888888888888889,0.4355719596232875,0.68,0.7180621027946472,0.6501454433219811,1,65.01,0.3623374630915507,0,63.77,BUY,0.6641,0.3283,Sideways,0.835,0.0,unavailable_no_point_in_time_source,True,499.56,504.2975158691406,2026-08-12,529.8467407226562,5.0663,1,2026-08-14,533.0403442382812,5.6996,1.0,2026-08-18,529.0482788085938,4.908,1.0,2026-08-25,537.8308715820312,6.6495,1.0,1,1,0,0,1,1,6.0627,1,1.0,0.0,0.0,1.0,1.0,6.702,1.0,1.0,0.0,0.0,1.0,1.0,5.9029,1.0,1.0,0.0,0.0,1.0,1.0,7.6609,1.0,65-70,60-65
AAVAS.NS|2026-08-11|ensemble_lr0.20_rf0.30_xgb0.50,AAVAS.NS,2026-08-11,ensemble_lr0.20_rf0.30_xgb0.50,2025-08-12,2026-08-11,2026-08-10,2025-09-10,2026-08-10,2026-08-11,225,2026-08-10,True,0,0.5333333333333333,0.23474138201191724,0.14,0.14880844950675964,0.16335250115576327,0,83.66,0.21587595390632647,0,78.41,SELL,0.4146,-0.1708,High Volatility,-0.165,0.0,unavailable_no_point_in_time_source,False,1404.0,1396.800048828125,2026-08-12,1416.199951171875,1.3889,1,2026-08-14,1397.4000244140625,0.043,1.0,2026-08-18,1388.300048828125,-0.6085,0.0,2026-08-25,1313.199951171875,-5.9851,0.0,0,0,0,0,0,0,0.8689,0,0.0,0.0,0.0,0.0,0.0,-0.4701,1.0,1.0,1.0,1.0,1.0,1.0,-1.1182,1.0,1.0,1.0,1.0,1.0,1.0,-6.4672,1.0,80-85,75-80
ABCAPITAL.NS|2026-08-11|ensemble_lr0.20_rf0.30_xgb0.50,ABCAPITAL.NS,2026-08-11,ensemble_lr0.20_rf0.30_xgb0.50,2025-08-12,2026-08-11,2026-08-10,2025-09-10,2026-08-10,2026-08-11,225,2026-08-10,True,0,0.562962962962963,0.4982670970754367,0.12,0.25975751876831055,0.2655321787992426,0,73.45,0.3407702620655051,0,65.92,HOLD,0.5457,0.0913,Sideways,0.835,0.0,unavailable_no_point_in_time_source,True,407.75,407.1499938964844,2026-08-12,410.95001220703125,0.9333,1,2026-08-14,401.0,-1.5105,0.0,2026-08-18,402.0,-1.2649,0.0,2026-08-25,410.8500061035156,0.9088,1.0,0,0,0,0,0,1,0.7848,1,1.0,1.0,1.0,1.0,1.0,-1.6554,1.0,1.0,1.0,1.0,1.0,1.0,-1.4102,1.0,0.0,0.0,0.0,0.0,1.0,0.7603,1.0,70-75,65-70
ABFRL.NS|2026-08-11|ensemble_lr0.20_rf0.30_xgb0.50,ABFRL.NS,2026-08-11,ensemble_lr0.20_rf0.30_xgb0.50,2025-08-12,2026-08-11,2026-08-10,2025-09-10,2026-08-10,2026-08-11,225,2026-08-10,True,0,0.5333333333333333,0.39664949057365606,0.24,0.2837028503417969,0.2931813232856296,0,70.68,0.5670776520856817,1,56.71,HOLD,0.4639,-0.0722,High Volatility,0.165,0.0,unavailable_no_point_in_time_source,True,61.04,58.630001068115234,2026-08-12,57.15999984741211,-2.5073,0,2026-08-14,55.97999954223633,-4.5199,0.0,2026-08-18,54.970001220703125,-6.2425,0.0,2026-08-25,54.47999954223633,-7.0783,0.0,0,1,0,1,1,1,-6.3565,0,1.0,0.0,1.0,1.0,0.0,-8.2896,0.0,1.0,0.0,1.0,1.0,0.0,-9.9443,0.0,1.0,0.0,1.0,1.0,0.0,-10.7471,0.0,70-75,55-60
ACC.NS|2026-08-11|ensemble_lr0.20_rf0.30_xgb0.50,ACC.NS,2026-08-11,ensemble_lr0.20_rf0.30_xgb0.50,2025-08-12,2026-08-11,2026-08-10,2025-09-10,2026-08-10,2026-08-11,225,2026-08-10,True,0,0.5185185185185185,0.3902987660599299,0.24,0.43637800216674805,0.36824875429536,0,63.18,0.6102967734788475,1,61.03,SELL,0.3656,-0.2687,Sideways,-0.33,0.0,unavailable_no_point_in_time_source,False,1357.6,1339.800048828125,2026-08-12,1332.800048828125,-0.5225,0,2026-08-14,1321.4000244140625,-1.3733,0.0,2026-08-18,1303.800048828125,-2.687,0.0,2026-08-25,1305.9000244140625,-2.5302,0.0,0,1,0,1,1,1,-1.8267,1,1.0,0.0,1.0,1.0,1.0,-2.6665,1.0,1.0,0.0,1.0,1.0,1.0,-3.9629,1.0,1.0,0.0,1.0,1.0,1.0,-3.8082,1.0,60-65,60-65
ADANIENT.NS|2026-08-11|ensemble_lr0.20_rf0.30_xgb0.50,ADANIENT.NS,2026-08-11,ensemble_lr0.20_rf0.30_xgb0.50,2025-08-12,2026-08-11,2026-08-10,2025-09-10,2026-08-10,2026-08-11,225,2026-08-10,True,0,0.5481481481481482,0.33038901778741886,0.1,0.11685610562562943,0.15450585637029848,0,84.55,0.1811432393423799,0,81.89,HOLD,0.4729,-0.0542,Sideways,0.5,0.0,unavailable_no_point_in_time_source,True,3010.0,2995.5,2026-08-12,2985.699951171875,-0.3272,0,2026-08-14,3035.10009765625,1.322,1.0,2026-08-18,3002.5,0.2337,1.0,2026-08-25,3110.0,3.8224,1.0,0,1,1,1,1,1,-0.8073,1,0.0,0.0,0.0,0.0,1.0,0.8339,1.0,0.0,0.0,0.0,0.0,1.0,-0.2492,1.0,0.0,0.0,0.0,0.0,0.0,3.3223,0.0,80-85,80-85
ADANIPORTS.NS|2026-08-11|ensemble_lr0.20_rf0.30_xgb0.50,ADANIPORTS.NS,2026-08-11,ensemble_lr0.20_rf0.30_xgb0.50,2025-08-12,2026-08-11,2026-08-10,2025-09-10,2026-08-10,2026-08-11,225,2026-08-10,True,0,0.5407407407407407,0.36042590305833894,0.14,0.165826678276062,0.19699851974969879,0,80.3,0.3146988528069688,0,68.53,SELL,0.3355,-0.329,Bearish,-0.335,0.0,unavailable_no_point_in_time_source,True,1681.0,1668.199951171875,2026-08-12,1665.0,-0.1918,0,2026-08-14,1700.0,1.9062,1.0,2026-08-18,1682.4000244140625,0.8512,1.0,2026-08-25,1702.699951171875,2.0681,1.0,0,1,1,1,1,1,-0.9518,1,0.0,0.0,0.0,0.0,0.0,1.1303,0.0,0.0,0.0,0.0,0.0,0.0,0.0833,0.0,0.0,0.0,0.0,0.0,0.0,1.2909,0.0,80-85,65-70
AETHER.NS|2026-08-11|ensemble_lr0.20_rf0.30_xgb0.50,AETHER.NS,2026-08-11,ensemble_lr0.20_rf0.30_xgb0.50,2025-08-12,2026-08-11,2026-08-10,2025-09-10,2026-08-10,2026-08-11,225,2026-08-10,True,1,0.37777777777777777,0.49801468303728347,0.92,0.8307697772979736,0.7909878252564435,1,79.1,0.6582822717430197,1,65.83,BUY,0.7032,0.4064,High Volatility,1.0,0.0,unavailable_no_point_in_time_source,False,1597.5,1634.199951171875,2026-08-12,1612.699951171875,-1.3156,0,2026-08-14,1625.0999755859375,-0.5568,0.0,2026-08-18,1633.5999755859375,-0.0367,0.0,2026-08-25,1633.9000244140625,-0.0184,0.0,1,0,0,0,0,0,0.9515,1,0.0,0.0,0.0,0.0,0.0,1.7277,1.0,0.0,0.0,0.0,0.0,0.0,2.2598,1.0,0.0,0.0,0.0,0.0,0.0,2.2786,1.0,75-80,65-70
AIAENG.NS|2026-08-11|ensemble_lr0.20_rf0.30_xgb0.50,AIAENG.NS,2026-08-11,ensemble_lr0.20_rf0.30_xgb0.50,2025-08-12,2026-08-11,2026-08-10,2025-09-10,2026-08-10,2026-08-11,225,2026-08-10,True,1,0.4444444444444445,0.39110659364726924,0.34,0.11839930713176727,0.2394209722953375,0,76.06,0.28122121113136034,0,71.88,HOLD,0.5298,0.0595,Sideways,0.835,0.0,unavailable_no_point_in_time_source,False,4772.36,4763.693359375,2026-08-12,4506.0615234375,-5.4082,0,2026-08-14,4466.01171875,-6.249,0.0,2026-08-18,4430.94384765625,-6.9851,0.0,2026-08-25,4251.41845703125,-10.7537,0.0,0,1,1,0,1,0,-5.58,0,1.0,1.0,0.0,1.0,0.0,-6.4192,0.0,1.0,1.0,0.0,1.0,0.0,-7.154,0.0,1.0,1.0,0.0,1.0,0.0,-10.9158,0.0,75-80,70-75
AJANTPHARM.NS|2026-08-11|ensemble_lr0.20_rf0.30_xgb0.50,AJANTPHARM.NS,2026-08-11,ensemble_lr0.20_rf0.30_xgb0.50,2025-08-12,2026-08-11,2026-08-10,2025-09-10,2026-08-10,2026-08-11,225,2026-08-10,True,1,0.48148148148148145,0.7451266282064337,0.94,0.8259106278419495,0.8439806395622614,1,84.4,0.561810840088526,1,56.18,BUY,0.6909,0.3818,Bullish,0.665,0.0,unavailable_no_point_in_time_source,False,3506.2,3507.0,2026-08-12,3541.0,0.9695,1,2026-08-14,3672.800048828125,4.7277,1.0,2026-08-18,3706.39990234375,5.6858,1.0,2026-08-25,3554.89990234375,1.3658,1.0,1,1,1,1,1,1,0.9925,1,1.0,1.0,1.0,1.0,1.0,4.7516,1.0,1.0,1.0,1.0,1.0,1.0,5.7099,1.0,1.0,1.0,1.0,1.0,1.0,1.389,1.0,80-85,55-60
ALEMBICLTD.NS|2026-08-11|ensemble_lr0.20_rf0.30_xgb0.50,ALEMBICLTD.NS,2026-08-11,ensemble_lr0.20_rf0.30_xgb0.50,2025-08-12,2026-08-11,2026-08-10,2025-09-10,2026-08-10,2026-08-11,225,2026-08-10,True,0,0.5333333333333333,0.5461988617202281,0.86,0.7911098003387451,0.7627946725134183,1,76.28,0.5951576414567235,1,59.52,HOLD,0.5231,0.0461,Sideways,-0.165,0.0,unavailable_no_point_in_time_source,False,84.84,86.7300033569336,2026-08-12,84.79000091552734,-2.2368,0,2026-08-14,86.8499984741211,0.1384,1.0,2026-08-18,89.87000274658203,3.6204,1.0,2026-08-25,94.66000366210938,9.1433,1.0,1,0,0,1,0,1,-0.0589,1,1.0,1.0,0.0,1.0,1.0,2.3692,1.0,1.0,1.0,0.0,1.0,0.0,5.9288,0.0,1.0,1.0,0.0,1.0,0.0,11.5747,0.0,75-80,55-60
ALKEM.NS|2026-08-11|ensemble_lr0.20_rf0.30_xgb0.50,ALKEM.NS,2026-08-11,ensemble_lr0.20_rf0.30_xgb0.50,2025-08-12,2026-08-11,2026-08-10,2025-09-10,2026-08-10,2026-08-11,225,2026-08-10,True,1,0.45925925925925926,0.551895779491159,0.34,0.3903971016407013,0.40757770671858246,0,59.24,0.7704144141280234,1,77.04,HOLD,0.4756,-0.0487,Sideways,0.335,0.0,unavailable_no_point_in_time_source,False,5598.5,5527.5,2026-08-12,5480.0,-0.8593,0,2026-08-14,5368.0,-2.8856,0.0,2026-08-18,5475.0,-0.9498,0.0,2026-08-25,5368.0,-2.8856,0.0,0,1,0,0,1,1,-2.1166,1,1.0,0.0,0.0,1.0,1.0,-4.1172,0.0,1.0,0.0,0.0,1.0,1.0,-2.2059,1.0,1.0,0.0,0.0,1.0,1.0,-4.1172,0.0,55-60,75-80
AMBER.NS|2026-08-11|ensemble_lr0.20_rf0.30_xgb0.50,AMBER.NS,2026-08-11,ensemble_lr0.20_rf0.30_xgb0.50,2025-08-12,2026-08-11,2026-08-10,2025-09-10,2026-08-10,2026-08-11,225,2026-08-10,True,0,0.39999999999999997,0.4920905268761242,0.18,0.262624055147171,0.28373013294881033,0,71.63,0.3083302402665621,0,69.17,SELL,0.3649,-0.2701,High Volatility,-0.5,0.0,unavailable_no_point_in_time_source,False,7095.0,7078.5,2026-08-12,6985.0,-1.3209,0,2026-08-14,7222.0,2.0273,1.0,2026-08-18,7350.0,3.8356,1.0,2026-08-25,7432.0,4.994,1.0,0,1,1,1,1,1,-1.5504,1,0.0,0.0,0.0,0.0,0.0,1.79,0.0,0.0,0.0,0.0,0.0,0.0,3.5941,0.0,0.0,0.0,0.0,0.0,0.0,4.7498,0.0,70-75,65-70
ANGELONE.NS|2026-08-11|ensemble_lr0.20_rf0.30_xgb0.50,ANGELONE.NS,2026-08-11,ensemble_lr0.20_rf0.30_xgb0.50,2025-08-12,2026-08-11,2026-08-10,2025-09-10,2026-08-10,2026-08-11,225,2026-08-10,True,0,0.6,0.34659672399367397,0.24,0.18411637842655182,0.2333775340120107,0,76.66,0.539034252292089,1,53.9,SELL,0.3207,-0.3587,High Volatility,-0.5,0.0,unavailable_no_point_in_time_source,True,294.8,291.3999938964844,2026-08-12,291.0,-0.1373,0,2026-08-14,287.29998779296875,-1.407,0.0,2026-08-18,291.75,0.1201,1.0,2026-08-25,300.8999938964844,3.2601,1.0,0,1,0,1,1,1,-1.289,1,1.0,0.0,1.0,1.0,1.0,-2.5441,1.0,0.0,1.0,0.0,0.0,0.0,-1.0346,1.0,0.0,1.0,0.0,0.0,0.0,2.0692,0.0,75-80,50-55
APARINDS.NS|2026-08-11|ensemble_lr0.20_rf0.30_xgb0.50,APARINDS.NS,2026-08-11,ensemble_lr0.20_rf0.30_xgb0.50,2025-08-12,2026-08-11,2026-08-10,2025-09-10,2026-08-10,2026-08-11,225,2026-08-10,True,1,0.48148148148148145,0.597377575267511,0.66,0.8009300231933594,0.7179405266501819,1,71.79,0.568594660534533,1,56.86,STRONG BUY,0.7339,0.4678,High Volatility,1.0,0.0,unavailable_no_point_in_time_source,False,16391.09,16690.0546875,2026-08-12,17937.72265625,7.4755,1,2026-08-14,16633.251953125,-0.3403,0.0,2026-08-18,17154.443359375,2.7824,1.0,2026-08-25,16942.1796875,1.5106,1.0,1,1,1,1,1,1,9.4358,1,0.0,0.0,0.0,0.0,0.0,1.4774,1.0,1.0,1.0,1.0,1.0,1.0,4.6571,1.0,1.0,1.0,1.0,1.0,1.0,3.3621,1.0,70-75,55-60
APOLLOHOSP.NS|2026-08-11|ensemble_lr0.20_rf0.30_xgb0.50,APOLLOHOSP.NS,2026-08-11,ensemble_lr0.20_rf0.30_xgb0.50,2025-08-12,2026-08-11,2026-08-10,2025-09-10,2026-08-10,2026-08-11,225,2026-08-10,True,0,0.4444444444444445,0.23005687317705256,0.22,0.22893378138542175,0.2264782653281214,0,77.35,0.29666878504768357,0,70.33,HOLD,0.5092,0.0184,Sideways,0.5,0.0,unavailable_no_point_in_time_source,False,8901.64,8740.3251953125,2026-08-12,8587.00390625,-1.7542,0,2026-08-14,8920.5,2.0614,1.0,2026-08-18,8817.0,0.8773,1.0,2026-08-25,8889.0,1.701,1.0,0,1,1,1,1,1,-3.5346,0,0.0,0.0,0.0,0.0,1.0,0.2119,1.0,0.0,0.0,0.0,0.0,1.0,-0.9508,1.0,0.0,0.0,0.0,0.0,1.0,-0.142,1.0,75-80,70-75
APOLLOTYRE.NS|2026-08-11|ensemble_lr0.20_rf0.30_xgb0.50,APOLLOTYRE.NS,2026-08-11,ensemble_lr0.20_rf0.30_xgb0.50,2025-08-12,2026-08-11,2026-08-10,2025-09-10,2026-08-10,2026-08-11,225,2026-08-10,True,0,0.4740740740740741,0.5088466151342551,0.22,0.16673541069030762,0.25113702837200486,0,74.89,0.39733824558868475,0,60.27,HOLD,0.525,0.0501,Sideways,0.5,0.0,unavailable_no_point_in_time_source,True,445.95,443.0,2026-08-12,445.1499938964844,0.4853,1,2026-08-14,444.1000061035156,0.2483,1.0,2026-08-18,436.0,-1.5801,0.0,2026-08-25,441.3999938964844,-0.3612,0.0,0,0,0,0,0,1,-0.1794,1,0.0,0.0,0.0,0.0,1.0,-0.4148,1.0,1.0,1.0,1.0,1.0,1.0,-2.2312,1.0,1.0,1.0,1.0,1.0,1.0,-1.0203,1.0,70-75,60-65
ASHOKLEY.NS|2026-08-11|ensemble_lr0.20_rf0.30_xgb0.50,ASHOKLEY.NS,2026-08-11,ensemble_lr0.20_rf0.30_xgb0.50,2025-08-12,2026-08-11,2026-08-10,2025-09-10,2026-08-10,2026-08-11,225,2026-08-10,True,1,0.4444444444444444,0.4698369619447523,0.74,0.7997995615005493,0.7158671731392251,1,71.59,0.38127927551116225,0,61.87,STRONG BUY,0.7514,0.5029,Bullish,0.835,0.0,unavailable_no_point_in_time_source,True,174.0,174.8300018310547,2026-08-12,176.6999969482422,1.0696,1,2026-08-14,171.63999938964844,-1.8246,0.0,2026-08-18,176.35000610351562,0.8694,1.0,2026-08-25,174.69000244140625,-0.0801,0.0,1,1,0,1,1,1,1.5517,1,0.0,1.0,0.0,0.0,0.0,-1.3563,0.0,1.0,0.0,1.0,1.0,1.0,1.3506,1.0,0.0,1.0,0.0,0.0,0.0,0.3966,1.0,70-75,60-65
ASIANPAINT.NS|2026-08-11|ensemble_lr0.20_rf0.30_xgb0.50,ASIANPAINT.NS,2026-08-11,ensemble_lr0.20_rf0.30_xgb0.50,2025-08-12,2026-08-11,2026-08-10,2025-09-10,2026-08-10,2026-08-11,225,2026-08-10,True,1,0.4666666666666666,0.3224739721262343,0.32,0.2652418613433838,0.29311572509693873,0,70.69,0.5262718112669,1,52.63,HOLD,0.5393,0.0785,Sideways,0.67,0.0,unavailable_no_point_in_time_source,True,2750.0,2735.5,2026-08-12,2740.0,0.1645,1,2026-08-14,2696.300048828125,-1.433,0.0,2026-08-18,2628.39990234375,-3.9152,0.0,2026-08-25,2639.800048828125,-3.4984,0.0,0,0,1,1,0,1,-0.3636,1,1.0,0.0,0.0,1.0,1.0,-1.9527,1.0,1.0,0.0,0.0,1.0,0.0,-4.4218,0.0,1.0,0.0,0.0,1.0,0.0,-4.0073,0.0,70-75,50-55
ASTRAL.NS|2026-08-11|ensemble_lr0.20_rf0.30_xgb0.50,ASTRAL.NS,2026-08-11,ensemble_lr0.20_rf0.30_xgb0.50,2025-08-12,2026-08-11,2026-08-10,2025-09-10,2026-08-10,2026-08-11,225,2026-08-10,True,1,0.5777777777777778,0.48723913382345063,0.14,0.23588711023330688,0.2573913818813436,0,74.26,0.42265084033573275,0,57.73,SELL,0.4126,-0.1747,Sideways,-0.335,0.0,unavailable_no_point_in_time_source,True,1434.74,1422.6624755859375,2026-08-12,1461.7010498046875,2.7441,1,2026-08-14,1556.300048828125,9.3935,1.0,2026-08-18,1520.0,6.8419,1.0,2026-08-25,1540.0,8.2477,1.0,0,0,0,1,0,0,1.8792,0,0.0,0.0,1.0,0.0,0.0,8.4726,0.0,0.0,0.0,1.0,0.0,0.0,5.9425,0.0,0.0,0.0,1.0,0.0,0.0,7.3365,0.0,70-75,55-60
AUBANK.NS|2026-08-11|ensemble_lr0.20_rf0.30_xgb0.50,AUBANK.NS,2026-08-11,ensemble_lr0.20_rf0.30_xgb0.50,2025-08-12,2026-08-11,2026-08-10,2025-09-10,2026-08-10,2026-08-11,225,2026-08-10,True,1,0.4962962962962963,0.6447603477204025,0.9,0.8572929501533508,0.8275985446207559,1,82.76,0.7360888412438222,1,73.61,BUY,0.6828,0.3657,Bullish,0.335,0.0,unavailable_no_point_in_time_source,True,1068.0,1070.9000244140625,2026-08-12,1091.4000244140625,1.9143,1,2026-08-14,1081.9000244140625,1.0272,1.0,2026-08-18,1075.699951171875,0.4482,1.0,2026-08-25,1128.5999755859375,5.388,1.0,1,1,1,1,1,1,2.191,1,1.0,1.0,1.0,1.0,1.0,1.3015,1.0,1.0,1.0,1.0,1.0,1.0,0.721,1.0,1.0,1.0,1.0,1.0,1.0,5.6742,1.0,80-85,70-75
AXISBANK.NS|2026-08-11|ensemble_lr0.20_rf0.30_xgb0.50,AXISBANK.NS,2026-08-11,ensemble_lr0.20_rf0.30_xgb0.50,2025-08-12,2026-08-11,2026-08-10,2025-09-10,2026-08-10,2026-08-11,225,2026-08-10,True,1,0.48148148148148145,0.7288032156576811,0.34,0.23568062484264374,0.3656009555528581,0,63.44,0.7108122216732142,1,71.08,SELL,0.3653,-0.2694,Bearish,0.0,0.0,unavailable_no_point_in_time_source,True,1247.3,1229.800048828125,2026-08-12,1230.0,0.0163,1,2026-08-14,1217.4000244140625,-1.0083,0.0,2026-08-18,1243.0,1.0733,1.0,2026-08-25,1235.0,0.4228,1.0,0,0,1,1,0,0,-1.387,1,1.0,0.0,0.0,1.0,1.0,-2.3972,1.0,0.0,1.0,1.0,0.0,0.0,-0.3447,1.0,0.0,1.0,1.0,0.0,0.0,-0.9861,1.0,60-65,70-75
BAJAJ-AUTO.NS|2026-08-11|ensemble_lr0.20_rf0.30_xgb0.50,BAJAJ-AUTO.NS,2026-08-11,ensemble_lr0.20_rf0.30_xgb0.50,2025-08-12,2026-08-11,2026-08-10,2025-09-10,2026-08-10,2026-08-11,225,2026-08-10,True,1,0.4444444444444445,0.5216650110472449,0.94,0.8575384020805359,0.8151022032497169,1,81.51,0.6698831368622244,1,66.99,STRONG BUY,0.79,0.5801,Bullish,1.0,0.0,unavailable_no_point_in_time_source,False,11677.0,11717.0,2026-08-12,11700.0,-0.1451,0,2026-08-14,11700.0,-0.1451,0.0,2026-08-18,11607.0,-0.9388,0.0,2026-08-25,11927.0,1.7923,1.0,1,0,0,0,0,0,0.197,1,0.0,0.0,0.0,0.0,0.0,0.197,1.0,0.0,0.0,0.0,0.0,0.0,-0.5995,0.0,1.0,1.0,1.0,1.0,1.0,2.141,1.0,80-85,65-70
BAJAJFINSV.NS|2026-08-11|ensemble_lr0.20_rf0.30_xgb0.50,BAJAJFINSV.NS,2026-08-11,ensemble_lr0.20_rf0.30_xgb0.50,2025-08-12,2026-08-11,2026-08-10,2025-09-10,2026-08-10,2026-08-11,225,2026-08-10,True,0,0.5037037037037037,0.7112573409751248,0.76,0.7906109690666199,0.7655569527283349,1,76.56,0.5215427618615153,1,52.15,STRONG BUY,0.7332,0.4663,Bullish,0.665,0.0,unavailable_no_point_in_time_source,True,2021.3,2032.0,2026-08-12,2020.5,-0.5659,0,2026-08-14,2008.300048828125,-1.1663,0.0,2026-08-18,2011.199951171875,-1.0236,0.0,2026-08-25,2004.0,-1.378,0.0,1,0,0,1,0,0,-0.0396,0,0.0,0.0,1.0,0.0,0.0,-0.6431,0.0,0.0,0.0,1.0,0.0,0.0,-0.4997,0.0,0.0,0.0,1.0,0.0,0.0,-0.8559,0.0,75-80,50-55
BAJFINANCE.NS|2026-08-11|ensemble_lr0.20_rf0.30_xgb0.50,BAJFINANCE.NS,2026-08-11,ensemble_lr0.20_rf0.30_xgb0.50,2025-08-12,2026-08-11,2026-08-10,2025-09-10,2026-08-10,2026-08-11,225,2026-08-10,True,1,0.5333333333333333,0.6038912263427825,0.32,0.1325865089893341,0.28307149976322354,0,71.69,0.5537079951132545,1,55.37,BUY,0.606,0.2121,Bullish,0.835,0.0,unavailable_no_point_in_time_source,True,1102.2,1093.300048828125,2026-08-12,1094.199951171875,0.0823,1,2026-08-14,1087.0,-0.5762,0.0,2026-08-18,1094.300048828125,0.0915,1.0,2026-08-25,1087.4000244140625,-0.5397,0.0,0,0,1,1,0,1,-0.7258,0,1.0,0.0,0.0,1.0,0.0,-1.3791,0.0,0.0,1.0,1.0,0.0,1.0,-0.7167,0.0,1.0,0.0,0.0,1.0,0.0,-1.3428,0.0,70-75,55-60
BEL.NS|2026-08-11|ensemble_lr0.20_rf0.30_xgb0.50,BEL.NS,2026-08-11,ensemble_lr0.20_rf0.30_xgb0.50,2025-08-12,2026-08-11,2026-08-10,2025-09-10,2026-08-10,2026-08-11,225,2026-08-10,True,0,0.47407407407407404,0.41837457187704247,0.76,0.8352510929107666,0.7293004608307918,1,72.93,0.6014258408308363,1,60.14,HOLD,0.5593,0.1186,Sideways,0.0,0.0,unavailable_no_point_in_time_source,True,403.8,405.2998046875,2026-08-12,405.1499938964844,-0.037,0,2026-08-14,410.79998779296875,1.3571,1.0,2026-08-18,412.0,1.6531,1.0,2026-08-25,413.25,1.9616,1.0,1,0,0,1,0,1,0.3343,1,1.0,1.0,0.0,1.0,1.0,1.7335,1.0,1.0,1.0,0.0,1.0,1.0,2.0307,1.0,1.0,1.0,0.0,1.0,1.0,2.3403,1.0,70-75,60-65
BPCL.NS|2026-08-11|ensemble_lr0.20_rf0.30_xgb0.50,BPCL.NS,2026-08-11,ensemble_lr0.20_rf0.30_xgb0.50,2025-08-12,2026-08-11,2026-08-10,2025-09-10,2026-08-10,2026-08-11,225,2026-08-10,True,0,0.48888888888888893,0.41245903472842255,0.22,0.2894742488861084,0.29322893138873873,0,70.68,0.6243643123245988,1,62.44,HOLD,0.4551,-0.0897,Sideways,0.165,0.0,unavailable_no_point_in_time_source,True,318.5,317.79998779296875,2026-08-12,317.0,-0.2517,0,2026-08-14,319.45001220703125,0.5192,1.0,2026-08-18,310.29998779296875,-2.36,0.0,2026-08-25,318.1000061035156,0.0944,1.0,0,1,0,1,1,1,-0.471,1,0.0,1.0,0.0,0.0,1.0,0.2983,1.0,1.0,0.0,1.0,1.0,1.0,-2.5746,1.0,0.0,1.0,0.0,0.0,1.0,-0.1256,1.0,70-75,60-65
AARTIIND.NS|2026-08-18|ensemble_lr0.20_rf0.30_xgb0.50,AARTIIND.NS,2026-08-18,ensemble_lr0.20_rf0.30_xgb0.50,2025-08-19,2026-08-18,2026-08-17,2025-09-16,2026-08-17,2026-08-18,226,2026-08-17,True,0,0.4057971014492754,0.4523217476563956,0.7,0.4862867593765259,0.543607729219542,1,54.36,0.4062660604530784,0,59.37,BUY,0.6728,0.3456,High Volatility,1.0,0.0,unavailable_no_point_in_time_source,False,525.66,529.0482788085938,2026-08-19,526.0043334960938,-0.5754,0,2026-08-21,526.154052734375,-0.5471,0.0,2026-08-25,537.8308715820312,1.6601,1.0,2026-09-01,523.8087158203125,-0.9904,0.0,1,0,1,1,0,0,0.0655,1,0.0,1.0,1.0,0.0,0.0,0.094,1.0,1.0,0.0,0.0,1.0,1.0,2.3154,1.0,0.0,1.0,1.0,0.0,0.0,-0.3522,0.0,50-55,55-60
AAVAS.NS|2026-08-18|ensemble_lr0.20_rf0.30_xgb0.50,AAVAS.NS,2026-08-18,ensemble_lr0.20_rf0.30_xgb0.50,2025-08-19,2026-08-18,2026-08-17,2025-09-16,2026-08-17,2026-08-18,226,2026-08-17,True,0,0.5289855072463768,0.4571765519334592,0.12,0.0607779398560524,0.15782428031471804,0,84.22,0.2016395087104284,0,79.84,HOLD,0.4441,-0.1117,High Volatility,0.165,0.0,unavailable_no_point_in_time_source,False,1389.8,1388.300048828125,2026-08-19,1372.800048828125,-1.1165,0,2026-08-21,1355.300048828125,-2.377,0.0,2026-08-25,1313.199951171875,-5.4095,0.0,2026-09-01,1248.4000244140625,-10.0771,0.0,0,1,1,1,1,1,-1.2232,1,1.0,1.0,1.0,1.0,1.0,-2.4824,1.0,1.0,1.0,1.0,1.0,0.0,-5.5116,0.0,1.0,1.0,1.0,1.0,0.0,-10.1741,0.0,80-85,75-80
ABCAPITAL.NS|2026-08-18|ensemble_lr0.20_rf0.30_xgb0.50,ABCAPITAL.NS,2026-08-18,ensemble_lr0.20_rf0.30_xgb0.50,2025-08-19,2026-08-18,2026-08-17,2025-09-16,2026-08-17,2026-08-18,226,2026-08-17,True,0,0.572463768115942,0.4044434989129802,0.76,0.744763195514679,0.6812702975399355,1,68.13,0.3442105963545282,0,65.58,BUY,0.6026,0.2052,Sideways,0.5,0.0,unavailable_no_point_in_time_source,True,398.7,402.0,2026-08-19,396.0,-1.4925,0,2026-08-21,413.0,2.7363,1.0,2026-08-25,410.8500061035156,2.2015,1.0,2026-09-01,394.45001220703125,-1.8781,0.0,1,0,1,1,0,0,-0.6772,0,1.0,0.0,0.0,1.0,1.0,3.5867,1.0,1.0,0.0,0.0,1.0,1.0,3.0474,1.0,0.0,1.0,1.0,0.0,0.0,-1.066,0.0,65-70,65-70
ABFRL.NS|2026-08-18|ensemble_lr0.20_rf0.30_xgb0.50,ABFRL.NS,2026-08-18,ensemble_lr0.20_rf0.30_xgb0.50,2025-08-19,2026-08-18,2026-08-17,2025-09-16,2026-08-17,2026-08-18,226,2026-08-17,True,0,0.47826086956521735,0.5195742284146131,0.16,0.1688423752784729,0.23633603332215908,0,76.37,0.41940475265311095,0,58.06,SELL,0.3621,-0.2757,High Volatility,-0.665,0.0,unavailable_no_point_in_time_source,True,55.29,54.970001220703125,2026-08-19,54.470001220703125,-0.9096,0,2026-08-21,54.349998474121094,-1.1279,0.0,2026-08-25,54.47999954223633,-0.8914,0.0,2026-09-01,51.099998474121094,-7.0402,0.0,0,1,1,1,1,1,-1.4831,1,1.0,1.0,1.0,1.0,1.0,-1.7001,1.0,1.0,1.0,1.0,1.0,1.0,-1.465,1.0,1.0,1.0,1.0,1.0,1.0,-7.5782,1.0,75-80,55-60
ACC.NS|2026-08-18|ensemble_lr0.20_rf0.30_xgb0.50,ACC.NS,2026-08-18,ensemble_lr0.20_rf0.30_xgb0.50,2025-08-19,2026-08-18,2026-08-17,2025-09-16,2026-08-17,2026-08-18,226,2026-08-17,True,0,0.4202898550724638,0.43625120571044196,0.1,0.13331617414951324,0.18390832821684502,0,81.61,0.3616088352723772,0,63.84,SELL,0.3677,-0.2646,Sideways,-0.5,0.0,unavailable_no_point_in_time_source,False,1316.6,1303.800048828125,2026-08-19,1288.699951171875,-1.1582,0,2026-08-21,1307.4000244140625,0.2761,1.0,2026-08-25,1305.9000244140625,0.1611,1.0,2026-09-01,1272.300048828125,-2.416,0.0,0,1,1,1,1,1,-2.1191,1,0.0,0.0,0.0,0.0,0.0,-0.6988,1.0,0.0,0.0,0.0,0.0,0.0,-0.8127,1.0,1.0,1.0,1.0,1.0,1.0,-3.3647,1.0,80-85,60-65
ADANIENT.NS|2026-08-18|ensemble_lr0.20_rf0.30_xgb0.50,ADANIENT.NS,2026-08-18,ensemble_lr0.20_rf0.30_xgb0.50,2025-08-19,2026-08-18,2026-08-17,2025-09-16,2026-08-17,2026-08-18,226,2026-08-17,True,0,0.5434782608695651,0.25530284016099514,0.04,0.058590278029441833,0.09235570704691995,0,90.76,0.09991831684557005,0,90.01,HOLD,0.482,-0.036,Sideways,0.5,0.0,unavailable_no_point_in_time_source,True,3007.3,3002.5,2026-08-19,2990.300048828125,-0.4063,0,2026-08-21,2997.0,-0.1832,0.0,2026-08-25,3110.0,3.5803,1.0,2026-09-01,2863.89990234375,-4.6162,0.0,0,1,1,1,1,1,-0.5653,1,1.0,1.0,1.0,1.0,1.0,-0.3425,1.0,0.0,0.0,0.0,0.0,0.0,3.415,0.0,1.0,1.0,1.0,1.0,0.0,-4.7684,0.0,90-95,90-95
ADANIPORTS.NS|2026-08-18|ensemble_lr0.20_rf0.30_xgb0.50,ADANIPORTS.NS,2026-08-18,ensemble_lr0.20_rf0.30_xgb0.50,2025-08-19,2026-08-18,2026-08-17,2025-09-16,2026-08-17,2026-08-18,226,2026-08-17,True,0,0.5217391304347826,0.26654591143905637,0.08,0.11847291141748428,0.13654563799655342,0,86.35,0.17093874781885343,0,82.91,SELL,0.3007,-0.3987,Bearish,-0.335,0.0,unavailable_no_point_in_time_source,True,1691.0,1682.4000244140625,2026-08-19,1681.9000244140625,-0.0297,0,2026-08-21,1700.0,1.0461,1.0,2026-08-25,1702.699951171875,1.2066,1.0,2026-09-01,1647.5,-2.0744,0.0,0,1,1,1,1,1,-0.5381,1,0.0,0.0,0.0,0.0,0.0,0.5322,0.0,0.0,0.0,0.0,0.0,0.0,0.6919,0.0,1.0,1.0,1.0,1.0,1.0,-2.5724,1.0,85-90,80-85
AETHER.NS|2026-08-18|ensemble_lr0.20_rf0.30_xgb0.50,AETHER.NS,2026-08-18,ensemble_lr0.20_rf0.30_xgb0.50,2025-08-19,2026-08-18,2026-08-17,2025-09-16,2026-08-17,2026-08-18,226,2026-08-17,True,0,0.4202898550724638,0.4707759207886262,0.78,0.5966309309005737,0.6264706496080121,1,62.65,0.4434754120018595,0,55.65,BUY,0.6588,0.3176,High Volatility,0.665,0.0,unavailable_no_point_in_time_source,False,1605.7,1633.5999755859375,2026-08-19,1640.0999755859375,0.3979,1,2026-08-21,1626.5999755859375,-0.4285,0.0,2026-08-25,1633.9000244140625,0.0184,1.0,2026-09-01,1683.699951171875,3.0668,1.0,1,1,0,0,1,1,2.1424,1,0.0,1.0,1.0,0.0,0.0,1.3016,1.0,1.0,0.0,0.0,1.0,1.0,1.7562,1.0,1.0,0.0,0.0,1.0,1.0,4.8577,1.0,60-65,55-60
AIAENG.NS|2026-08-18|ensemble_lr0.20_rf0.30_xgb0.50,AIAENG.NS,2026-08-18,ensemble_lr0.20_rf0.30_xgb0.50,2025-08-19,2026-08-18,2026-08-17,2025-09-16,2026-08-17,2026-08-18,226,2026-08-17,True,1,0.49275362318840576,0.6233287567296523,0.88,0.8588917255401611,0.818111614116011,1,81.81,0.5467413952994663,1,54.67,HOLD,0.5573,0.1145,High Volatility,-0.335,0.0,unavailable_no_point_in_time_source,False,4367.18,4430.94384765625,2026-08-19,4368.478515625,-1.4098,0,2026-08-21,4332.61328125,-2.2192,0.0,2026-08-25,4251.41845703125,-4.0516,0.0,2026-09-01,4227.3095703125,-4.5957,0.0,1,0,0,0,0,1,0.0297,1,0.0,0.0,0.0,0.0,1.0,-0.7915,1.0,0.0,0.0,0.0,0.0,0.0,-2.6507,1.0,0.0,0.0,0.0,0.0,0.0,-3.2028,0.0,80-85,50-55
AJANTPHARM.NS|2026-08-18|ensemble_lr0.20_rf0.30_xgb0.50,AJANTPHARM.NS,2026-08-18,ensemble_lr0.20_rf0.30_xgb0.50,2025-08-19,2026-08-18,2026-08-17,2025-09-16,2026-08-17,2026-08-18,226,2026-08-17,True,1,0.47826086956521735,0.7223469387146274,0.24,0.18923093378543854,0.3110848546356447,0,68.89,0.5960363642131196,1,59.6,BUY,0.6364,0.2728,Bullish,1.0,0.0,unavailable_no_point_in_time_source,False,3718.2,3706.39990234375,2026-08-19,3697.89990234375,-0.2293,0,2026-08-21,3639.800048828125,-1.7969,0.0,2026-08-25,3554.89990234375,-4.0875,0.0,2026-09-01,3504.800048828125,-5.4392,0.0,0,1,0,0,1,0,-0.546,0,1.0,0.0,0.0,1.0,0.0,-2.1085,0.0,1.0,0.0,0.0,1.0,0.0,-4.3919,0.0,1.0,0.0,0.0,1.0,0.0,-5.7393,0.0,65-70,55-60
ALEMBICLTD.NS|2026-08-18|ensemble_lr0.20_rf0.30_xgb0.50,ALEMBICLTD.NS,2026-08-18,ensemble_lr0.20_rf0.30_xgb0.50,2025-08-19,2026-08-18,2026-08-17,2025-09-16,2026-08-17,2026-08-18,226,2026-08-17,True,0,0.5072463768115942,0.5565567266592346,0.2,0.1803058534860611,0.2614642720748775,0,73.85,0.41565933593145266,0,58.43,HOLD,0.484,-0.0319,Sideways,0.165,0.0,unavailable_no_point_in_time_source,False,90.15,89.87000274658203,2026-08-19,88.43000030517578,-1.6023,0,2026-08-21,92.7300033569336,3.1824,1.0,2026-08-25,94.66000366210938,5.3299,1.0,2026-09-01,98.8499984741211,9.9922,1.0,0,1,1,1,1,1,-1.9079,1,0.0,0.0,0.0,0.0,0.0,2.8619,1.0,0.0,0.0,0.0,0.0,0.0,5.0028,0.0,0.0,0.0,0.0,0.0,0.0,9.6506,0.0,70-75,55-60
ALKEM.NS|2026-08-18|ensemble_lr0.20_rf0.30_xgb0.50,ALKEM.NS,2026-08-18,ensemble_lr0.20_rf0.30_xgb0.50,2025-08-19,2026-08-18,2026-08-17,2025-09-16,2026-08-17,2026-08-18,226,2026-08-17,True,0,0.4202898550724638,0.7269116373736251,0.88,0.8685194253921509,0.8436420401708005,1,84.36,0.5350126861625838,1,53.5,HOLD,0.5408,0.0816,Bearish,0.0,0.0,unavailable_no_point_in_time_source,False,5374.0,5475.0,2026-08-19,5382.5,-1.6895,0,2026-08-21,5400.0,-1.3699,0.0,2026-08-25,5368.0,-1.9543,0.0,2026-09-01,5300.0,-3.1963,0.0,1,0,0,1,0,1,0.1582,1,0.0,0.0,1.0,0.0,1.0,0.4838,1.0,0.0,0.0,1.0,0.0,1.0,-0.1116,1.0,0.0,0.0,1.0,0.0,0.0,-1.377,1.0,80-85,50-55
AMBER.NS|2026-08-18|ensemble_lr0.20_rf0.30_xgb0.50,AMBER.NS,2026-08-18,ensemble_lr0.20_rf0.30_xgb0.50,2025-08-19,2026-08-18,2026-08-17,2025-09-16,2026-08-17,2026-08-18,226,2026-08-17,True,0,0.4275362318840579,0.5153083340821727,0.88,0.7513403296470642,0.7427318316399667,1,74.27,0.4945717704222646,0,50.54,HOLD,0.5271,0.0542,Sideways,-0.335,0.0,unavailable_no_point_in_time_source,False,7259.0,7350.0,2026-08-19,7250.0,-1.3605,0,2026-08-21,7350.0,0.0,0.0,2026-08-25,7432.0,1.1156,1.0,2026-09-01,7508.0,2.1497,1.0,1,0,1,1,0,1,-0.124,1,0.0,1.0,1.0,0.0,1.0,1.2536,1.0,1.0,0.0,0.0,1.0,1.0,2.3832,1.0,1.0,0.0,0.0,1.0,1.0,3.4302,0.0,70-75,50-55
ANGELONE.NS|2026-08-18|ensemble_lr0.20_rf0.30_xgb0.50,ANGELONE.NS,2026-08-18,ensemble_lr0.20_rf0.30_xgb0.50,2025-08-19,2026-08-18,2026-08-17,2025-09-16,2026-08-17,2026-08-18,226,2026-08-17,True,0,0.5434782608695653,0.33039706073553765,0.16,0.2650032043457031,0.2465810143199591,0,75.34,0.46876759949120417,0,53.12,SELL,0.3725,-0.255,Bearish,-0.165,0.0,unavailable_no_point_in_time_source,True,293.5,291.75,2026-08-19,289.5,-0.7712,0,2026-08-21,287.79998779296875,-1.3539,0.0,2026-08-25,300.8999938964844,3.1362,1.0,2026-09-01,281.54998779296875,-3.4961,0.0,0,1,1,1,1,1,-1.3629,1,1.0,1.0,1.0,1.0,1.0,-1.9421,1.0,0.0,0.0,0.0,0.0,0.0,2.5213,0.0,1.0,1.0,1.0,1.0,1.0,-4.0716,1.0,75-80,50-55
APARINDS.NS|2026-08-18|ensemble_lr0.20_rf0.30_xgb0.50,APARINDS.NS,2026-08-18,ensemble_lr0.20_rf0.30_xgb0.50,2025-08-19,2026-08-18,2026-08-17,2025-09-16,2026-08-17,2026-08-18,226,2026-08-17,True,1,0.47826086956521735,0.45806548844762845,0.66,0.6333587765693665,0.6062924859742089,1,60.63,0.49209388339797877,0,50.79,BUY,0.7073,0.4147,High Volatility,0.835,0.0,unavailable_no_point_in_time_source,False,16466.83,17154.443359375,2026-08-19,16557.515625,-3.4797,0,2026-08-21,16797.681640625,-2.0797,0.0,2026-08-25,16942.1796875,-1.2374,0.0,2026-09-01,17339.798828125,1.0805,1.0,1,0,1,0,0,0,0.5507,1,0.0,1.0,0.0,0.0,0.0,2.0092,1.0,0.0,1.0,0.0,0.0,0.0,2.8867,1.0,1.0,0.0,1.0,1.0,1.0,5.3014,1.0,60-65,50-55
APOLLOHOSP.NS|2026-08-18|ensemble_lr0.20_rf0.30_xgb0.50,APOLLOHOSP.NS,2026-08-18,ensemble_lr0.20_rf0.30_xgb0.50,2025-08-19,2026-08-18,2026-08-17,2025-09-16,2026-08-17,2026-08-18,226,2026-08-17,True,0,0.5,0.5640796977569746,0.16,0.22545522451400757,0.27354355180839873,0,72.65,0.307354168603175,0,69.26,HOLD,0.5533,0.1066,Bullish,0.5,0.0,unavailable_no_point_in_time_source,False,8825.5,8817.0,2026-08-19,8750.0,-0.7599,0,2026-08-21,8693.0,-1.4064,0.0,2026-08-25,8889.0,0.8166,1.0,2026-09-01,8755.0,-0.7032,0.0,0,1,1,1,1,1,-0.8555,1,1.0,1.0,1.0,1.0,1.0,-1.5013,1.0,0.0,0.0,0.0,0.0,1.0,0.7195,1.0,1.0,1.0,1.0,1.0,1.0,-0.7988,1.0,70-75,65-70
APOLLOTYRE.NS|2026-08-18|ensemble_lr0.20_rf0.30_xgb0.50,APOLLOTYRE.NS,2026-08-18,ensemble_lr0.20_rf0.30_xgb0.50,2025-08-19,2026-08-18,2026-08-17,2025-09-16,2026-08-17,2026-08-18,226,2026-08-17,True,0,0.45652173913043476,0.473633149710863,0.18,0.2787429392337799,0.28809809955906257,0,71.19,0.5253694197307234,1,52.54,HOLD,0.494,-0.0121,Sideways,0.335,0.0,unavailable_no_point_in_time_source,True,436.7,436.0,2026-08-19,427.3500061035156,-1.9839,0,2026-08-21,439.70001220703125,0.8486,1.0,2026-08-25,441.3999938964844,1.2385,1.0,2026-09-01,442.70001220703125,1.5367,1.0,0,1,0,1,1,1,-2.1411,1,0.0,1.0,0.0,0.0,1.0,0.687,1.0,0.0,1.0,0.0,0.0,1.0,1.0763,1.0,0.0,1.0,0.0,0.0,1.0,1.3739,1.0,70-75,50-55
ASHOKLEY.NS|2026-08-18|ensemble_lr0.20_rf0.30_xgb0.50,ASHOKLEY.NS,2026-08-18,ensemble_lr0.20_rf0.30_xgb0.50,2025-08-19,2026-08-18,2026-08-17,2025-09-16,2026-08-17,2026-08-18,226,2026-08-17,True,1,0.463768115942029,0.09472331869300721,0.2,0.12057939171791077,0.1392343595975568,0,86.08,0.3681519550016744,0,63.18,BUY,0.6662,0.3325,Bullish,0.835,0.0,unavailable_no_point_in_time_source,True,177.1,176.35000610351562,2026-08-19,173.10000610351562,-1.8429,0,2026-08-21,173.0,-1.8996,0.0,2026-08-25,174.69000244140625,-0.9413,0.0,2026-09-01,170.52999877929688,-3.3003,0.0,0,1,1,0,1,0,-2.2586,0,1.0,1.0,0.0,1.0,0.0,-2.3151,0.0,1.0,1.0,0.0,1.0,0.0,-1.3608,0.0,1.0,1.0,0.0,1.0,0.0,-3.7098,0.0,85-90,60-65
ASIANPAINT.NS|2026-08-18|ensemble_lr0.20_rf0.30_xgb0.50,ASIANPAINT.NS,2026-08-18,ensemble_lr0.20_rf0.30_xgb0.50,2025-08-19,2026-08-18,2026-08-17,2025-09-16,2026-08-17,2026-08-18,226,2026-08-17,True,1,0.5652173913043478,0.39927331748805406,0.22,0.32173216342926025,0.30672074521224096,0,69.33,0.35646004730983755,0,64.35,HOLD,0.4609,-0.0783,Sideways,0.335,0.0,unavailable_no_point_in_time_source,True,2687.5,2628.39990234375,2026-08-19,2630.800048828125,0.0913,1,2026-08-21,2640.0,0.4413,1.0,2026-08-25,2639.800048828125,0.4337,1.0,2026-09-01,2575.5,-2.0126,0.0,0,0,0,1,0,1,-2.1098,1,0.0,0.0,1.0,0.0,1.0,-1.7674,1.0,0.0,0.0,1.0,0.0,1.0,-1.7749,1.0,1.0,1.0,0.0,1.0,1.0,-4.1674,0.0,65-70,60-65
ASTRAL.NS|2026-08-18|ensemble_lr0.20_rf0.30_xgb0.50,ASTRAL.NS,2026-08-18,ensemble_lr0.20_rf0.30_xgb0.50,2025-08-19,2026-08-18,2026-08-17,2025-09-16,2026-08-17,2026-08-18,226,2026-08-17,True,0,0.5797101449275363,0.21434880815793841,0.12,0.045768704265356064,0.10175411376426571,0,89.82,0.1409141725179773,0,85.91,HOLD,0.5701,0.1401,Bullish,0.17,0.0,unavailable_no_point_in_time_source,True,1538.3,1520.0,2026-08-19,1544.9000244140625,1.6382,1,2026-08-21,1528.5,0.5592,1.0,2026-08-25,1540.0,1.3158,1.0,2026-09-01,1507.0,-0.8553,0.0,0,0,0,0,0,1,0.429,1,0.0,0.0,0.0,0.0,1.0,-0.6371,1.0,0.0,0.0,0.0,0.0,1.0,0.1105,1.0,1.0,1.0,1.0,1.0,1.0,-2.0347,1.0,85-90,85-90
AUBANK.NS|2026-08-18|ensemble_lr0.20_rf0.30_xgb0.50,AUBANK.NS,2026-08-18,ensemble_lr0.20_rf0.30_xgb0.50,2025-08-19,2026-08-18,2026-08-17,2025-09-16,2026-08-17,2026-08-18,226,2026-08-17,True,1,0.48550724637681153,0.5757080056334274,0.78,0.8604117035865784,0.7793474529199746,1,77.93,0.47518331842427947,0,52.48,STRONG BUY,0.7487,0.4973,Bullish,0.835,0.0,unavailable_no_point_in_time_source,True,1072.2,1075.699951171875,2026-08-19,1075.0,-0.0651,0,2026-08-21,1108.199951171875,3.0213,1.0,2026-08-25,1128.5999755859375,4.9177,1.0,2026-09-01,1079.199951171875,0.3254,1.0,1,0,1,0,0,0,0.2611,1,1.0,0.0,1.0,1.0,1.0,3.3576,1.0,1.0,0.0,1.0,1.0,1.0,5.2602,1.0,1.0,0.0,1.0,1.0,1.0,0.6529,1.0,75-80,50-55
AXISBANK.NS|2026-08-18|ensemble_lr0.20_rf0.30_xgb0.50,AXISBANK.NS,2026-08-18,ensemble_lr0.20_rf0.30_xgb0.50,2025-08-19,2026-08-18,2026-08-17,2025-09-16,2026-08-17,2026-08-18,226,2026-08-17,True,1,0.5434782608695652,0.7701541360228719,0.92,0.8950164318084717,0.8775390431088103,1,87.75,0.8378450241296004,1,83.78,HOLD,0.4932,-0.0136,Bearish,0.0,0.0,unavailable_no_point_in_time_source,True,1227.3,1243.0,2026-08-19,1235.0,-0.6436,0,2026-08-21,1245.800048828125,0.2253,1.0,2026-08-25,1235.0,-0.6436,0.0,2026-09-01,1258.0,1.2068,1.0,1,0,0,0,0,1,0.6274,1,1.0,1.0,1.0,1.0,1.0,1.5074,1.0,0.0,0.0,0.0,0.0,1.0,0.6274,1.0,1.0,1.0,1.0,1.0,1.0,2.5014,1.0,85-90,80-85
BAJAJ-AUTO.NS|2026-08-18|ensemble_lr0.20_rf0.30_xgb0.50,BAJAJ-AUTO.NS,2026-08-18,ensemble_lr0.20_rf0.30_xgb0.50,2025-08-19,2026-08-18,2026-08-17,2025-09-16,2026-08-17,2026-08-18,226,2026-08-17,True,1,0.45652173913043476,0.33573225777984894,0.2,0.1924341320991516,0.2233635176055456,0,77.66,0.25922172378390895,0,74.08,BUY,0.6122,0.2244,Bullish,0.665,0.0,unavailable_no_point_in_time_source,False,11663.0,11607.0,2026-08-19,11645.0,0.3274,1,2026-08-21,11700.0,0.8012,1.0,2026-08-25,11927.0,2.757,1.0,2026-09-01,12361.0,6.4961,1.0,0,0,0,1,0,1,-0.1543,0,0.0,0.0,1.0,0.0,1.0,0.3172,1.0,0.0,0.0,1.0,0.0,1.0,2.2636,1.0,0.0,0.0,1.0,0.0,1.0,5.9847,1.0,75-80,70-75
BAJAJFINSV.NS|2026-08-18|ensemble_lr0.20_rf0.30_xgb0.50,BAJAJFINSV.NS,2026-08-18,ensemble_lr0.20_rf0.30_xgb0.50,2025-08-19,2026-08-18,2026-08-17,2025-09-16,2026-08-17,2026-08-18,226,2026-08-17,True,0,0.5217391304347826,0.45560566842244954,0.72,0.6411741375923157,0.6277082024806477,1,62.77,0.6590501306153986,1,65.91,BUY,0.6458,0.2917,Bullish,0.165,0.0,unavailable_no_point_in_time_source,True,2005.0,2011.199951171875,2026-08-19,2012.0,0.0398,1,2026-08-21,2032.5,1.0591,1.0,2026-08-25,2004.0,-0.358,0.0,2026-09-01,1972.0,-1.9491,0.0,1,1,1,0,1,1,0.3491,1,1.0,1.0,0.0,1.0,1.0,1.3716,1.0,0.0,0.0,1.0,0.0,0.0,-0.0499,0.0,0.0,0.0,1.0,0.0,0.0,-1.6459,0.0,60-65,65-70
BAJFINANCE.NS|2026-08-18|ensemble_lr0.20_rf0.30_xgb0.50,BAJFINANCE.NS,2026-08-18,ensemble_lr0.20_rf0.30_xgb0.50,2025-08-19,2026-08-18,2026-08-17,2025-09-16,2026-08-17,2026-08-18,226,2026-08-17,True,1,0.5072463768115942,0.5273515360333082,0.8,0.8534322381019592,0.7721864262576412,1,77.22,0.7252496358329766,1,72.52,BUY,0.6708,0.3416,Bullish,0.5,0.0,unavailable_no_point_in_time_source,True,1089.3,1094.300048828125,2026-08-19,1080.199951171875,-1.2885,0,2026-08-21,1095.0,0.064,1.0,2026-08-25,1087.4000244140625,-0.6305,0.0,2026-09-01,1053.9000244140625,-3.6919,0.0,1,0,0,0,0,0,-0.8354,0,1.0,1.0,1.0,1.0,1.0,0.5233,1.0,0.0,0.0,0.0,0.0,0.0,-0.1744,0.0,0.0,0.0,0.0,0.0,0.0,-3.2498,0.0,75-80,70-75
BEL.NS|2026-08-18|ensemble_lr0.20_rf0.30_xgb0.50,BEL.NS,2026-08-18,ensemble_lr0.20_rf0.30_xgb0.50,2025-08-19,2026-08-18,2026-08-17,2025-09-16,2026-08-17,2026-08-18,226,2026-08-17,True,0,0.45652173913043476,0.22395364669809392,0.22,0.18375708162784576,0.20266927015354166,0,79.73,0.35690774048549634,0,64.31,HOLD,0.4482,-0.1036,Sideways,0.165,0.0,unavailable_no_point_in_time_source,True,412.45,412.0,2026-08-19,409.20001220703125,-0.6796,0,2026-08-21,414.0,0.4854,1.0,2026-08-25,413.25,0.3034,1.0,2026-09-01,411.20001220703125,-0.1942,0.0,0,1,1,1,1,1,-0.788,1,0.0,0.0,0.0,0.0,1.0,0.3758,1.0,0.0,0.0,0.0,0.0,1.0,0.194,1.0,1.0,1.0,1.0,1.0,1.0,-0.3031,1.0,75-80,60-65
BPCL.NS|2026-08-18|ensemble_lr0.20_rf0.30_xgb0.50,BPCL.NS,2026-08-18,ensemble_lr0.20_rf0.30_xgb0.50,2025-08-19,2026-08-18,2026-08-17,2025-09-16,2026-08-17,2026-08-18,226,2026-08-17,True,0,0.41304347826086957,0.578388289199315,0.26,0.4659654498100281,0.42666038274487705,0,57.33,0.6347417971173486,1,63.47,HOLD,0.4686,-0.0629,Sideways,0.165,0.0,unavailable_no_point_in_time_source,True,316.65,310.29998779296875,2026-08-19,307.0,-1.0635,0,2026-08-21,311.0,0.2256,1.0,2026-08-25,318.1000061035156,2.5137,1.0,2026-09-01,317.6499938964844,2.3687,1.0,0,1,0,1,1,1,-3.0475,0,0.0,1.0,0.0,0.0,1.0,-1.7843,1.0,0.0,1.0,0.0,0.0,1.0,0.4579,1.0,0.0,1.0,0.0,0.0,1.0,0.3158,1.0,55-60,60-65
AARTIIND.NS|2026-08-25|ensemble_lr0.20_rf0.30_xgb0.50,AARTIIND.NS,2026-08-25,ensemble_lr0.20_rf0.30_xgb0.50,2025-08-26,2026-08-25,2026-08-24,2025-09-23,2026-08-24,2026-08-25,226,2026-08-24,True,0,0.47826086956521735,0.31086878080151886,0.2,0.152119442820549,0.19823347757057827,0,80.18,0.28021566446672763,0,71.98,BUY,0.5907,0.1814,High Volatility,1.0,0.0,unavailable_no_point_in_time_source,True,542.07,537.8308715820312,2026-08-26,541.872802734375,0.7515,1,2026-08-28,539.2779541015625,0.2691,1.0,2026-09-01,523.8087158203125,-2.6072,0.0,2026-09-08,502.7007141113281,-6.5318,0.0,0,0,0,0,0,1,-0.0364,0,0.0,0.0,0.0,0.0,1.0,-0.5151,0.0,1.0,1.0,1.0,1.0,0.0,-3.3688,0.0,1.0,1.0,1.0,1.0,0.0,-7.2628,0.0,80-85,70-75
AAVAS.NS|2026-08-25|ensemble_lr0.20_rf0.30_xgb0.50,AAVAS.NS,2026-08-25,ensemble_lr0.20_rf0.30_xgb0.50,2025-08-26,2026-08-25,2026-08-24,2025-09-23,2026-08-24,2026-08-25,226,2026-08-24,True,0,0.6086956521739131,0.2615209963186539,0.12,0.10866060107946396,0.14263449980346277,0,85.74,0.24387288168473467,0,75.61,SELL,0.3787,-0.2425,Sideways,-0.5,0.0,unavailable_no_point_in_time_source,False,1336.3,1313.199951171875,2026-08-26,1285.800048828125,-2.0865,0,2026-08-28,1275.5,-2.8708,0.0,2026-09-01,1248.4000244140625,-4.9345,0.0,2026-09-08,1293.5,-1.5001,0.0,0,1,1,1,1,1,-3.7791,1,1.0,1.0,1.0,1.0,1.0,-4.5499,1.0,1.0,1.0,1.0,1.0,1.0,-6.5779,1.0,1.0,1.0,1.0,1.0,1.0,-3.2029,1.0,85-90,75-80
ABCAPITAL.NS|2026-08-25|ensemble_lr0.20_rf0.30_xgb0.50,ABCAPITAL.NS,2026-08-25,ensemble_lr0.20_rf0.30_xgb0.50,2025-08-26,2026-08-25,2026-08-24,2025-09-23,2026-08-24,2026-08-25,226,2026-08-24,True,0,0.6159420289855072,0.27230636458854024,0.08,0.14850746095180511,0.1527150033936106,0,84.73,0.3890623550731107,0,61.09,HOLD,0.4941,-0.0118,Sideways,0.5,0.0,unavailable_no_point_in_time_source,True,412.9,410.8500061035156,2026-08-26,410.0,-0.2069,0,2026-08-28,405.54998779296875,-1.29,0.0,2026-09-01,394.45001220703125,-3.9917,0.0,2026-09-08,396.95001220703125,-3.3832,0.0,0,1,1,1,1,1,-0.7023,1,1.0,1.0,1.0,1.0,1.0,-1.7801,1.0,1.0,1.0,1.0,1.0,0.0,-4.4684,0.0,1.0,1.0,1.0,1.0,0.0,-3.8629,0.0,80-85,60-65
ABFRL.NS|2026-08-25|ensemble_lr0.20_rf0.30_xgb0.50,ABFRL.NS,2026-08-25,ensemble_lr0.20_rf0.30_xgb0.50,2025-08-26,2026-08-25,2026-08-24,2025-09-23,2026-08-24,2026-08-25,226,2026-08-24,True,0,0.43478260869565216,0.6123466666251,0.7,0.7817020416259766,0.7233203541380082,1,72.33,0.5843414956193742,1,58.43,HOLD,0.4792,-0.0416,High Volatility,-0.665,0.0,unavailable_no_point_in_time_source,True,53.95,54.47999954223633,2026-08-26,54.52000045776367,0.0734,1,2026-08-28,52.4900016784668,-3.6527,0.0,2026-09-01,51.099998474121094,-6.2041,0.0,2026-09-08,52.2400016784668,-4.1116,0.0,1,1,1,0,1,1,1.0565,1,0.0,0.0,1.0,0.0,0.0,-2.7062,1.0,0.0,0.0,1.0,0.0,0.0,-5.2827,0.0,0.0,0.0,1.0,0.0,0.0,-3.1696,0.0,70-75,55-60
ACC.NS|2026-08-25|ensemble_lr0.20_rf0.30_xgb0.50,ACC.NS,2026-08-25,ensemble_lr0.20_rf0.30_xgb0.50,2025-08-26,2026-08-25,2026-08-24,2025-09-23,2026-08-24,2026-08-25,226,2026-08-24,True,0,0.4202898550724638,0.5786568879106275,0.78,0.81672602891922,0.7580943920417355,1,75.81,0.5675130720141472,1,56.75,HOLD,0.4804,-0.0392,Sideways,-0.665,0.0,unavailable_no_point_in_time_source,False,1300.9,1305.9000244140625,2026-08-26,1331.699951171875,1.9756,1,2026-08-28,1306.4000244140625,0.0383,1.0,2026-09-01,1272.300048828125,-2.5729,0.0,2026-09-08,1262.800048828125,-3.3004,0.0,1,1,1,0,1,1,2.3676,1,1.0,1.0,0.0,1.0,1.0,0.4228,1.0,0.0,0.0,1.0,0.0,1.0,-2.1985,1.0,0.0,0.0,1.0,0.0,0.0,-2.9287,1.0,75-80,55-60
ADANIENT.NS|2026-08-25|ensemble_lr0.20_rf0.30_xgb0.50,ADANIENT.NS,2026-08-25,ensemble_lr0.20_rf0.30_xgb0.50,2025-08-26,2026-08-25,2026-08-24,2025-09-23,2026-08-24,2026-08-25,226,2026-08-24,True,0,0.5362318840579711,0.3651940166516231,0.88,0.862727701663971,0.7684026541623101,1,76.84,0.21868911870375596,0,78.13,BUY,0.5855,0.171,Sideways,0.165,0.0,unavailable_no_point_in_time_source,True,2998.6,3110.0,2026-08-26,3112.0,0.0643,1,2026-08-28,3168.5,1.881,1.0,2026-09-01,2863.89990234375,-7.9132,0.0,2026-09-08,2953.10009765625,-5.045,0.0,1,1,0,0,1,1,3.7818,1,1.0,0.0,0.0,1.0,1.0,5.666,1.0,0.0,1.0,1.0,0.0,0.0,-4.4921,0.0,0.0,1.0,1.0,0.0,0.0,-1.5174,0.0,75-80,75-80
ADANIPORTS.NS|2026-08-25|ensemble_lr0.20_rf0.30_xgb0.50,ADANIPORTS.NS,2026-08-25,ensemble_lr0.20_rf0.30_xgb0.50,2025-08-26,2026-08-25,2026-08-24,2025-09-23,2026-08-24,2026-08-25,226,2026-08-24,True,0,0.4420289855072464,0.5974503692497792,0.82,0.7485483884811401,0.7397642680905259,1,73.98,0.41499799344493726,0,58.5,HOLD,0.471,-0.058,Bearish,-0.165,0.0,unavailable_no_point_in_time_source,True,1672.1,1702.699951171875,2026-08-26,1691.5,-0.6578,0,2026-08-28,1707.5,0.2819,1.0,2026-09-01,1647.5,-3.2419,0.0,2026-09-08,1710.0,0.4287,1.0,1,0,1,1,0,1,1.1602,1,1.0,0.0,0.0,1.0,1.0,2.1171,1.0,0.0,1.0,1.0,0.0,0.0,-1.4712,1.0,1.0,0.0,0.0,1.0,1.0,2.2666,1.0,70-75,55-60
AETHER.NS|2026-08-25|ensemble_lr0.20_rf0.30_xgb0.50,AETHER.NS,2026-08-25,ensemble_lr0.20_rf0.30_xgb0.50,2025-08-26,2026-08-25,2026-08-24,2025-09-23,2026-08-24,2026-08-25,226,2026-08-24,True,0,0.4710144927536232,0.40049763726279985,0.16,0.20584088563919067,0.23101997027215532,0,76.9,0.5171369247290196,1,51.71,HOLD,0.5495,0.0989,High Volatility,0.665,0.0,unavailable_no_point_in_time_source,False,1667.8,1633.9000244140625,2026-08-26,1655.0,1.2914,1,2026-08-28,1696.800048828125,3.8497,1.0,2026-09-01,1683.699951171875,3.0479,1.0,2026-09-08,1642.9000244140625,0.5508,1.0,0,0,1,0,0,1,-0.7675,1,0.0,1.0,0.0,0.0,0.0,1.7388,1.0,0.0,1.0,0.0,0.0,0.0,0.9533,1.0,0.0,1.0,0.0,0.0,1.0,-1.493,1.0,75-80,50-55
AIAENG.NS|2026-08-25|ensemble_lr0.20_rf0.30_xgb0.50,AIAENG.NS,2026-08-25,ensemble_lr0.20_rf0.30_xgb0.50,2025-08-26,2026-08-25,2026-08-24,2025-09-23,2026-08-24,2026-08-25,226,2026-08-24,True,1,0.5217391304347826,0.3280766921985037,0.12,0.16034018993377686,0.18178543340658918,0,81.82,0.38002786248854636,0,62.0,SELL,0.38,-0.24,High Volatility,-0.335,0.0,unavailable_no_point_in_time_source,False,4260.29,4251.41845703125,2026-08-26,4219.63818359375,-0.7475,0,2026-08-28,4218.34326171875,-0.778,0.0,2026-09-01,4227.3095703125,-0.5671,0.0,2026-09-08,4259.0,0.1783,1.0,0,1,1,0,1,1,-0.9542,1,1.0,1.0,0.0,1.0,1.0,-0.9846,1.0,1.0,1.0,0.0,1.0,1.0,-0.7741,1.0,0.0,0.0,1.0,0.0,0.0,-0.0303,1.0,80-85,60-65
AJANTPHARM.NS|2026-08-25|ensemble_lr0.20_rf0.30_xgb0.50,AJANTPHARM.NS,2026-08-25,ensemble_lr0.20_rf0.30_xgb0.50,2025-08-26,2026-08-25,2026-08-24,2025-09-23,2026-08-24,2026-08-25,226,2026-08-24,True,0,0.4710144927536232,0.6266657850734285,0.2,0.19672971963882446,0.2836980168340979,0,71.63,0.5895437570062735,1,58.95,HOLD,0.5314,0.0629,Bullish,0.5,0.0,unavailable_no_point_in_time_source,False,3579.9,3554.89990234375,2026-08-26,3551.800048828125,-0.0872,0,2026-08-28,3557.0,0.0591,1.0,2026-09-01,3504.800048828125,-1.4093,0.0,2026-09-08,3579.300048828125,0.6864,1.0,0,1,0,1,1,1,-0.7849,1,0.0,1.0,0.0,0.0,1.0,-0.6397,1.0,1.0,0.0,1.0,1.0,1.0,-2.0978,1.0,0.0,1.0,0.0,0.0,1.0,-0.0168,1.0,70-75,55-60
ALEMBICLTD.NS|2026-08-25|ensemble_lr0.20_rf0.30_xgb0.50,ALEMBICLTD.NS,2026-08-25,ensemble_lr0.20_rf0.30_xgb0.50,2025-08-26,2026-08-25,2026-08-24,2025-09-23,2026-08-24,2026-08-25,226,2026-08-24,True,0,0.49275362318840576,0.5187014333117334,0.72,0.7124723196029663,0.6759764464638298,1,67.6,0.5968190942604441,1,59.68,BUY,0.6048,0.2096,Sideways,0.165,0.0,unavailable_no_point_in_time_source,False,91.64,94.66000366210938,2026-08-26,98.69999694824219,4.2679,1,2026-08-28,100.04000091552734,5.6835,1.0,2026-09-01,98.8499984741211,4.4264,1.0,2026-09-08,109.7300033569336,15.9201,1.0,1,1,1,0,1,1,7.7041,1,1.0,1.0,0.0,1.0,1.0,9.1663,1.0,1.0,1.0,0.0,1.0,1.0,7.8677,1.0,1.0,1.0,0.0,1.0,1.0,19.7403,1.0,65-70,55-60
ALKEM.NS|2026-08-25|ensemble_lr0.20_rf0.30_xgb0.50,ALKEM.NS,2026-08-25,ensemble_lr0.20_rf0.30_xgb0.50,2025-08-26,2026-08-25,2026-08-24,2025-09-23,2026-08-24,2026-08-25,226,2026-08-24,True,0,0.463768115942029,0.5313725187456555,0.9,0.9073972105979919,0.829973109048127,1,83.0,0.7498525382250407,1,74.99,HOLD,0.4453,-0.1094,Bearish,-0.5,0.0,unavailable_no_point_in_time_source,False,5350.0,5368.0,2026-08-26,5303.5,-1.2016,0,2026-08-28,5355.0,-0.2422,0.0,2026-09-01,5300.0,-1.2668,0.0,2026-09-08,5181.0,-3.4836,0.0,1,0,0,1,0,1,-0.8692,1,0.0,0.0,1.0,0.0,1.0,0.0935,1.0,0.0,0.0,1.0,0.0,1.0,-0.9346,1.0,0.0,0.0,1.0,0.0,0.0,-3.1589,0.0,80-85,70-75
AMBER.NS|2026-08-25|ensemble_lr0.20_rf0.30_xgb0.50,AMBER.NS,2026-08-25,ensemble_lr0.20_rf0.30_xgb0.50,2025-08-26,2026-08-25,2026-08-24,2025-09-23,2026-08-24,2026-08-25,226,2026-08-24,True,0,0.43478260869565216,0.7170355108426428,0.86,0.8684400320053101,0.8356271181711836,1,83.56,0.762198440267023,1,76.22,HOLD,0.5755,0.151,Sideways,0.0,0.0,unavailable_no_point_in_time_source,False,7378.0,7432.0,2026-08-26,7466.0,0.4575,1,2026-08-28,7675.0,3.2696,1.0,2026-09-01,7508.0,1.0226,1.0,2026-09-08,7308.0,-1.6685,0.0,1,1,1,0,1,1,1.1927,1,1.0,1.0,0.0,1.0,0.0,4.0255,0.0,1.0,1.0,0.0,1.0,1.0,1.762,1.0,0.0,0.0,1.0,0.0,1.0,-0.9488,1.0,80-85,75-80
ANGELONE.NS|2026-08-25|ensemble_lr0.20_rf0.30_xgb0.50,ANGELONE.NS,2026-08-25,ensemble_lr0.20_rf0.30_xgb0.50,2025-08-26,2026-08-25,2026-08-24,2025-09-23,2026-08-24,2026-08-25,226,2026-08-24,True,0,0.5652173913043478,0.3829371687571995,0.66,0.6639477014541626,0.6065612844785212,1,60.66,0.3739928706442549,0,62.6,HOLD,0.4894,-0.0213,Bearish,-0.165,0.0,unavailable_no_point_in_time_source,True,286.0,300.8999938964844,2026-08-26,298.8500061035156,-0.6813,0,2026-08-28,294.0,-2.2931,0.0,2026-09-01,281.54998779296875,-6.4307,0.0,2026-09-08,298.0,-0.9638,0.0,1,0,1,1,0,1,4.493,0,0.0,1.0,1.0,0.0,1.0,2.7972,1.0,0.0,1.0,1.0,0.0,0.0,-1.5559,1.0,0.0,1.0,1.0,0.0,1.0,4.1958,0.0,60-65,60-65
APARINDS.NS|2026-08-25|ensemble_lr0.20_rf0.30_xgb0.50,APARINDS.NS,2026-08-25,ensemble_lr0.20_rf0.30_xgb0.50,2025-08-26,2026-08-25,2026-08-24,2025-09-23,2026-08-24,2026-08-25,226,2026-08-24,True,1,0.5362318840579711,0.5221482384535722,0.78,0.6161085367202759,0.6464839160508524,1,64.65,0.4376588671236701,0,56.23,BUY,0.7038,0.4075,High Volatility,0.835,0.0,unavailable_no_point_in_time_source,False,16647.2,16942.1796875,2026-08-26,17003.96484375,0.3647,1,2026-08-28,17741.404296875,4.7174,1.0,2026-09-01,17339.798828125,2.3469,1.0,2026-09-08,17573.986328125,3.7292,1.0,1,1,0,1,1,1,2.1431,1,1.0,0.0,1.0,1.0,1.0,6.5729,1.0,1.0,0.0,1.0,1.0,1.0,4.1605,1.0,1.0,0.0,1.0,1.0,1.0,5.5672,1.0,60-65,55-60
APOLLOHOSP.NS|2026-08-25|ensemble_lr0.20_rf0.30_xgb0.50,APOLLOHOSP.NS,2026-08-25,ensemble_lr0.20_rf0.30_xgb0.50,2025-08-26,2026-08-25,2026-08-24,2025-09-23,2026-08-24,2026-08-25,226,2026-08-24,True,0,0.5144927536231884,0.5780919476845902,0.76,0.8524879813194275,0.7698623801966318,1,76.99,0.5555606766766853,1,55.56,BUY,0.6007,0.2014,Sideways,0.5,0.0,unavailable_no_point_in_time_source,False,8702.0,8889.0,2026-08-26,8766.5,-1.3781,0,2026-08-28,8838.5,-0.5681,0.0,2026-09-01,8755.0,-1.5075,0.0,2026-09-08,8837.5,-0.5794,0.0,1,0,0,1,0,0,0.7412,1,0.0,0.0,1.0,0.0,0.0,1.5686,1.0,0.0,0.0,1.0,0.0,0.0,0.6091,1.0,0.0,0.0,1.0,0.0,0.0,1.5571,1.0,75-80,55-60
APOLLOTYRE.NS|2026-08-25|ensemble_lr0.20_rf0.30_xgb0.50,APOLLOTYRE.NS,2026-08-25,ensemble_lr0.20_rf0.30_xgb0.50,2025-08-26,2026-08-25,2026-08-24,2025-09-23,2026-08-24,2026-08-25,226,2026-08-24,True,0,0.44202898550724634,0.3746086519642003,0.22,0.3809475600719452,0.33139551042881266,0,66.86,0.4117786633491938,0,58.82,HOLD,0.4928,-0.0143,Sideways,0.0,0.0,unavailable_no_point_in_time_source,True,445.85,441.3999938964844,2026-08-26,443.04998779296875,0.3738,1,2026-08-28,443.5,0.4758,1.0,2026-09-01,442.70001220703125,0.2945,1.0,2026-09-08,411.5,-6.7739,0.0,0,0,0,0,0,1,-0.628,1,0.0,0.0,0.0,0.0,1.0,-0.5271,1.0,0.0,0.0,0.0,0.0,1.0,-0.7065,1.0,1.0,1.0,1.0,1.0,0.0,-7.7044,0.0,65-70,55-60
ASHOKLEY.NS|2026-08-25|ensemble_lr0.20_rf0.30_xgb0.50,ASHOKLEY.NS,2026-08-25,ensemble_lr0.20_rf0.30_xgb0.50,2025-08-26,2026-08-25,2026-08-24,2025-09-23,2026-08-24,2026-08-25,226,2026-08-24,True,1,0.5,0.4265812593796875,0.86,0.7433868646621704,0.7150096842070227,1,71.5,0.5470130070248278,1,54.7,BUY,0.6864,0.3728,Bullish,0.335,0.0,unavailable_no_point_in_time_source,True,173.29,174.69000244140625,2026-08-26,179.0500030517578,2.4959,1,2026-08-28,175.77000427246094,0.6182,1.0,2026-09-01,170.52999877929688,-2.3814,0.0,2026-09-08,169.0,-3.2572,0.0,1,1,1,1,1,1,3.3239,1,1.0,1.0,1.0,1.0,1.0,1.4311,1.0,0.0,0.0,0.0,0.0,0.0,-1.5927,0.0,0.0,0.0,0.0,0.0,0.0,-2.4756,0.0,70-75,50-55
ASIANPAINT.NS|2026-08-25|ensemble_lr0.20_rf0.30_xgb0.50,ASIANPAINT.NS,2026-08-25,ensemble_lr0.20_rf0.30_xgb0.50,2025-08-26,2026-08-25,2026-08-24,2025-09-23,2026-08-24,2026-08-25,226,2026-08-24,True,1,0.49275362318840576,0.4861285269353884,0.3,0.28673645853996277,0.33059393465705905,0,66.94,0.3508224904010722,0,64.92,HOLD,0.4553,-0.0894,Sideways,0.0,0.0,unavailable_no_point_in_time_source,True,2640.8,2639.800048828125,2026-08-26,2626.5,-0.5038,0,2026-08-28,2608.699951171875,-1.1781,0.0,2026-09-01,2575.5,-2.4358,0.0,2026-09-08,2481.60009765625,-5.9929,0.0,0,1,1,0,1,1,-0.5415,1,1.0,1.0,0.0,1.0,1.0,-1.2155,1.0,1.0,1.0,0.0,1.0,1.0,-2.4727,1.0,1.0,1.0,0.0,1.0,0.0,-6.0285,0.0,65-70,60-65
ASTRAL.NS|2026-08-25|ensemble_lr0.20_rf0.30_xgb0.50,ASTRAL.NS,2026-08-25,ensemble_lr0.20_rf0.30_xgb0.50,2025-08-26,2026-08-25,2026-08-24,2025-09-23,2026-08-24,2026-08-25,226,2026-08-24,True,1,0.6159420289855073,0.44980276275830916,0.86,0.6659979820251465,0.680959543564235,1,68.1,0.47522255363591204,0,52.48,BUY,0.6901,0.3802,Bullish,0.5,0.0,unavailable_no_point_in_time_source,True,1532.8,1540.0,2026-08-26,1526.0999755859375,-0.9026,0,2026-08-28,1532.300048828125,-0.5,0.0,2026-09-01,1507.0,-2.1429,0.0,2026-09-08,1500.800048828125,-2.5455,0.0,1,0,1,0,0,0,-0.4371,0,0.0,1.0,0.0,0.0,0.0,-0.0326,0.0,0.0,1.0,0.0,0.0,0.0,-1.6832,0.0,0.0,1.0,0.0,0.0,0.0,-2.0877,0.0,65-70,50-55
AUBANK.NS|2026-08-25|ensemble_lr0.20_rf0.30_xgb0.50,AUBANK.NS,2026-08-25,ensemble_lr0.20_rf0.30_xgb0.50,2025-08-26,2026-08-25,2026-08-24,2025-09-23,2026-08-24,2026-08-25,226,2026-08-24,True,1,0.47826086956521735,0.4871686950831085,0.82,0.7600731253623962,0.7234703016978198,1,72.35,0.2887837460691821,0,71.12,STRONG BUY,0.7341,0.4681,Bullish,1.0,0.0,unavailable_no_point_in_time_source,True,1114.0,1128.5999755859375,2026-08-26,1113.5,-1.3379,0,2026-08-28,1077.0999755859375,-4.5632,0.0,2026-09-01,1079.199951171875,-4.3771,0.0,2026-09-08,1073.699951171875,-4.8644,0.0,1,0,1,0,0,0,-0.0449,0,0.0,1.0,0.0,0.0,0.0,-3.3124,0.0,0.0,1.0,0.0,0.0,0.0,-3.1239,0.0,0.0,1.0,0.0,0.0,0.0,-3.6176,0.0,70-75,70-75
AXISBANK.NS|2026-08-25|ensemble_lr0.20_rf0.30_xgb0.50,AXISBANK.NS,2026-08-25,ensemble_lr0.20_rf0.30_xgb0.50,2025-08-26,2026-08-25,2026-08-24,2025-09-23,2026-08-24,2026-08-25,226,2026-08-24,True,0,0.463768115942029,0.5948341918288708,0.16,0.1449960172176361,0.2394648469745922,0,76.05,0.4320235602699367,0,56.8,SELL,0.4109,-0.1782,Sideways,0.0,0.0,unavailable_no_point_in_time_source,True,1236.0,1235.0,2026-08-26,1255.0,1.6194,1,2026-08-28,1265.0,2.4291,1.0,2026-09-01,1258.0,1.8623,1.0,2026-09-08,1244.9000244140625,0.8016,1.0,0,0,0,0,0,0,1.5372,0,0.0,0.0,0.0,0.0,0.0,2.3463,0.0,0.0,0.0,0.0,0.0,0.0,1.7799,0.0,0.0,0.0,0.0,0.0,0.0,0.7201,0.0,75-80,55-60
BAJAJ-AUTO.NS|2026-08-25|ensemble_lr0.20_rf0.30_xgb0.50,BAJAJ-AUTO.NS,2026-08-25,ensemble_lr0.20_rf0.30_xgb0.50,2025-08-26,2026-08-25,2026-08-24,2025-09-23,2026-08-24,2026-08-25,226,2026-08-24,True,1,0.41304347826086957,0.48189278990756834,0.8,0.7413260340690613,0.7070415750160444,1,70.7,0.3993640601398541,0,60.06,BUY,0.7091,0.4182,Bullish,0.665,0.0,unavailable_no_point_in_time_source,False,11800.0,11927.0,2026-08-26,11724.0,-1.702,0,2026-08-28,11910.0,-0.1425,0.0,2026-09-01,12361.0,3.6388,1.0,2026-09-08,11880.0,-0.3941,0.0,1,0,1,0,0,0,-0.6441,0,0.0,1.0,0.0,0.0,0.0,0.9322,1.0,1.0,0.0,1.0,1.0,1.0,4.7542,1.0,0.0,1.0,0.0,0.0,0.0,0.678,1.0,70-75,60-65
BAJAJFINSV.NS|2026-08-25|ensemble_lr0.20_rf0.30_xgb0.50,BAJAJFINSV.NS,2026-08-25,ensemble_lr0.20_rf0.30_xgb0.50,2025-08-26,2026-08-25,2026-08-24,2025-09-23,2026-08-24,2026-08-25,226,2026-08-24,True,0,0.5289855072463768,0.6958488141357759,0.88,0.930648922920227,0.8684942242872687,1,86.85,0.7332004406804515,1,73.32,BUY,0.6618,0.3235,Bullish,0.335,0.0,unavailable_no_point_in_time_source,True,2001.7,2004.0,2026-08-26,2010.0,0.2994,1,2026-08-28,2002.0,-0.0998,0.0,2026-09-01,1972.0,-1.5968,0.0,2026-09-08,1938.0999755859375,-3.2884,0.0,1,1,1,0,1,1,0.4146,1,0.0,0.0,1.0,0.0,0.0,0.015,1.0,0.0,0.0,1.0,0.0,0.0,-1.4837,0.0,0.0,0.0,1.0,0.0,0.0,-3.1773,0.0,85-90,70-75
BAJFINANCE.NS|2026-08-25|ensemble_lr0.20_rf0.30_xgb0.50,BAJFINANCE.NS,2026-08-25,ensemble_lr0.20_rf0.30_xgb0.50,2025-08-26,2026-08-25,2026-08-24,2025-09-23,2026-08-24,2026-08-25,226,2026-08-24,True,1,0.5507246376811595,0.4930492403588134,0.74,0.7591884732246399,0.7002040846840827,1,70.02,0.5718597895090363,1,57.19,BUY,0.6033,0.2065,Sideways,0.5,0.0,unavailable_no_point_in_time_source,True,1077.0,1087.4000244140625,2026-08-26,1085.0,-0.2207,0,2026-08-28,1079.9000244140625,-0.6897,0.0,2026-09-01,1053.9000244140625,-3.0807,0.0,2026-09-08,1054.0999755859375,-3.0624,0.0,1,0,0,0,0,0,0.7428,1,0.0,0.0,0.0,0.0,0.0,0.2693,1.0,0.0,0.0,0.0,0.0,0.0,-2.1448,0.0,0.0,0.0,0.0,0.0,0.0,-2.1263,0.0,70-75,55-60
BEL.NS|2026-08-25|ensemble_lr0.20_rf0.30_xgb0.50,BEL.NS,2026-08-25,ensemble_lr0.20_rf0.30_xgb0.50,2025-08-26,2026-08-25,2026-08-24,2025-09-23,2026-08-24,2026-08-25,226,2026-08-24,True,0,0.5,0.44049237379967715,0.84,0.7527880668640137,0.7164925081919422,1,71.65,0.39454556728928936,0,60.55,HOLD,0.5762,0.1524,Sideways,0.165,0.0,unavailable_no_point_in_time_source,True,409.0,413.25,2026-08-26,406.8999938964844,-1.5366,0,2026-08-28,411.8999938964844,-0.3267,0.0,2026-09-01,411.20001220703125,-0.4961,0.0,2026-09-08,410.54998779296875,-0.6534,0.0,1,0,1,1,0,1,-0.5134,1,0.0,1.0,1.0,0.0,1.0,0.709,1.0,0.0,1.0,1.0,0.0,1.0,0.5379,1.0,0.0,1.0,1.0,0.0,1.0,0.379,1.0,70-75,60-65
BPCL.NS|2026-08-25|ensemble_lr0.20_rf0.30_xgb0.50,BPCL.NS,2026-08-25,ensemble_lr0.20_rf0.30_xgb0.50,2025-08-26,2026-08-25,2026-08-24,2025-09-23,2026-08-24,2026-08-25,226,2026-08-24,True,0,0.49275362318840576,0.6172229916118193,0.88,0.7076551914215088,0.7412721940331183,1,74.13,0.36677116127999176,0,63.32,HOLD,0.5722,0.1444,Sideways,0.0,0.0,unavailable_no_point_in_time_source,True,311.9,318.1000061035156,2026-08-26,318.0,-0.0314,0,2026-08-28,319.25,0.3615,1.0,2026-09-01,317.6499938964844,-0.1415,0.0,2026-09-08,303.8500061035156,-4.4797,0.0,1,0,1,1,0,1,1.9558,1,1.0,0.0,0.0,1.0,1.0,2.3565,1.0,0.0,1.0,1.0,0.0,1.0,1.8435,1.0,0.0,1.0,1.0,0.0,0.0,-2.581,1.0,70-75,60-65
AARTIIND.NS|2026-09-01|ensemble_lr0.20_rf0.30_xgb0.50,AARTIIND.NS,2026-09-01,ensemble_lr0.20_rf0.30_xgb0.50,2025-09-02,2026-09-01,2026-08-31,2025-09-29,2026-08-31,2026-09-01,227,2026-08-31,True,0,0.4275362318840579,0.578652736870114,0.82,0.8062068223953247,0.7648339585716851,1,76.48,0.45483049642583046,0,54.52,BUY,0.6018,0.2035,High Volatility,0.5,0.0,unavailable_no_point_in_time_source,False,523.36,523.8087158203125,2026-09-02,504.1977233886719,-3.7439,0,2026-09-04,491.07379150390625,-6.2494,0.0,2026-09-08,502.7007141113281,-4.0297,0.0,2026-09-16,472.8500061035156,-9.7285,0.0,1,0,1,1,0,0,-3.6614,0,0.0,1.0,1.0,0.0,0.0,-6.169,0.0,0.0,1.0,1.0,0.0,0.0,-3.9474,0.0,0.0,1.0,1.0,0.0,0.0,-9.6511,0.0,75-80,50-55
AAVAS.NS|2026-09-01|ensemble_lr0.20_rf0.30_xgb0.50,AAVAS.NS,2026-09-01,ensemble_lr0.20_rf0.30_xgb0.50,2025-09-02,2026-09-01,2026-08-31,2025-09-29,2026-08-31,2026-09-01,227,2026-08-31,True,0,0.5942028985507246,0.44333292758757836,0.12,0.15690866112709045,0.2031209160810609,0,79.69,0.30855907988775805,0,69.14,SELL,0.3407,-0.3185,High Volatility,-0.835,0.0,unavailable_no_point_in_time_source,False,1261.2,1248.4000244140625,2026-09-02,1258.699951171875,0.8251,1,2026-09-04,1304.199951171875,4.4697,1.0,2026-09-08,1293.5,3.6126,1.0,2026-09-16,1282.5,2.7315,1.0,0,0,0,0,0,0,-0.1982,1,0.0,0.0,0.0,0.0,0.0,3.4094,0.0,0.0,0.0,0.0,0.0,0.0,2.5611,0.0,0.0,0.0,0.0,0.0,0.0,1.6889,0.0,75-80,65-70
ABCAPITAL.NS|2026-09-01|ensemble_lr0.20_rf0.30_xgb0.50,ABCAPITAL.NS,2026-09-01,ensemble_lr0.20_rf0.30_xgb0.50,2025-09-02,2026-09-01,2026-08-31,2025-09-29,2026-08-31,2026-09-01,227,2026-08-31,True,0,0.6376811594202899,0.43186756023958994,0.18,0.11356115341186523,0.1971540887538506,0,80.28,0.7136159658780868,1,71.36,HOLD,0.5257,0.0513,Sideways,0.5,0.0,unavailable_no_point_in_time_source,True,409.4,394.45001220703125,2026-09-02,397.04998779296875,0.6591,1,2026-09-04,404.8999938964844,2.6493,1.0,2026-09-08,396.95001220703125,0.6338,1.0,2026-09-16,381.29998779296875,-3.3338,0.0,0,0,1,0,0,1,-3.0166,0,0.0,1.0,0.0,0.0,1.0,-1.0992,1.0,0.0,1.0,0.0,0.0,1.0,-3.041,0.0,1.0,0.0,1.0,1.0,0.0,-6.8637,0.0,80-85,70-75
ABFRL.NS|2026-09-01|ensemble_lr0.20_rf0.30_xgb0.50,ABFRL.NS,2026-09-01,ensemble_lr0.20_rf0.30_xgb0.50,2025-09-02,2026-09-01,2026-08-31,2025-09-29,2026-08-31,2026-09-01,227,2026-08-31,True,0,0.4202898550724638,0.4415774967236892,0.1,0.11261583864688873,0.1746234186681822,0,82.54,0.6110960850910696,1,61.11,SELL,0.345,-0.31,High Volatility,-0.665,0.0,unavailable_no_point_in_time_source,True,52.1,51.099998474121094,2026-09-02,50.470001220703125,-1.2329,0,2026-09-04,52.970001220703125,3.6595,1.0,2026-09-08,52.2400016784668,2.2309,1.0,2026-09-16,49.7400016784668,-2.6614,0.0,0,1,0,1,1,1,-3.1286,1,0.0,1.0,0.0,0.0,0.0,1.6699,0.0,0.0,1.0,0.0,0.0,0.0,0.2687,0.0,1.0,0.0,1.0,1.0,1.0,-4.5297,1.0,80-85,60-65
ACC.NS|2026-09-01|ensemble_lr0.20_rf0.30_xgb0.50,ACC.NS,2026-09-01,ensemble_lr0.20_rf0.30_xgb0.50,2025-09-02,2026-09-01,2026-08-31,2025-09-29,2026-08-31,2026-09-01,227,2026-08-31,True,0,0.5,0.41526824893487435,0.2,0.1551433652639389,0.22062533241894433,0,77.94,0.6009680110913741,1,60.1,SELL,0.3691,-0.2618,Sideways,-0.665,0.0,unavailable_no_point_in_time_source,False,1276.5,1272.300048828125,2026-09-02,1266.5999755859375,-0.448,0,2026-09-04,1283.800048828125,0.9039,1.0,2026-09-08,1262.800048828125,-0.7467,0.0,2026-09-16,1226.5999755859375,-3.5919,0.0,0,1,0,1,1,1,-0.7756,1,0.0,1.0,0.0,0.0,0.0,0.5719,0.0,1.0,0.0,1.0,1.0,1.0,-1.0732,1.0,1.0,0.0,1.0,1.0,1.0,-3.9091,1.0,75-80,60-65
ADANIENT.NS|2026-09-01|ensemble_lr0.20_rf0.30_xgb0.50,ADANIENT.NS,2026-09-01,ensemble_lr0.20_rf0.30_xgb0.50,2025-09-02,2026-09-01,2026-08-31,2025-09-29,2026-08-31,2026-09-01,227,2026-08-31,True,0,0.5507246376811594,0.997097880146248,0.88,0.8998727798461914,0.9133559659523454,1,91.34,0.8383022748966511,1,83.83,BUY,0.6305,0.2609,Sideways,0.33,0.0,unavailable_no_point_in_time_source,True,2859.1,2863.89990234375,2026-09-02,2891.800048828125,0.9742,1,2026-09-04,2938.0,2.5874,1.0,2026-09-08,2953.10009765625,3.1146,1.0,2026-09-16,2920.0,1.9589,1.0,1,1,1,0,1,1,1.1437,1,1.0,1.0,0.0,1.0,1.0,2.7596,1.0,1.0,1.0,0.0,1.0,1.0,3.2878,1.0,1.0,1.0,0.0,1.0,1.0,2.13,1.0,90-95,80-85
ADANIPORTS.NS|2026-09-01|ensemble_lr0.20_rf0.30_xgb0.50,ADANIPORTS.NS,2026-09-01,ensemble_lr0.20_rf0.30_xgb0.50,2025-09-02,2026-09-01,2026-08-31,2025-09-29,2026-08-31,2026-09-01,227,2026-08-31,True,0,0.5434782608695652,0.9583894067849368,0.88,0.9292377233505249,0.9202967430322498,1,92.03,0.5803551734820314,1,58.04,HOLD,0.5086,0.0172,Bearish,-0.165,0.0,unavailable_no_point_in_time_source,True,1593.1,1647.5,2026-09-02,1672.699951171875,1.5296,1,2026-09-04,1707.300048828125,3.6297,1.0,2026-09-08,1710.0,3.7936,1.0,2026-09-16,1723.800048828125,4.6313,1.0,1,1,1,0,1,1,4.9965,0,1.0,1.0,0.0,1.0,0.0,7.1684,0.0,1.0,1.0,0.0,1.0,0.0,7.3379,0.0,1.0,1.0,0.0,1.0,0.0,8.2041,0.0,90-95,55-60
AETHER.NS|2026-09-01|ensemble_lr0.20_rf0.30_xgb0.50,AETHER.NS,2026-09-01,ensemble_lr0.20_rf0.30_xgb0.50,2025-09-02,2026-09-01,2026-08-31,2025-09-29,2026-08-31,2026-09-01,227,2026-08-31,True,0,0.44202898550724634,0.543432912673616,0.24,0.24939872324466705,0.3053859441570567,0,69.46,0.3283159758293823,0,67.17,HOLD,0.5596,0.1191,High Volatility,0.665,0.0,unavailable_no_point_in_time_source,False,1691.3,1683.699951171875,2026-09-02,1646.4000244140625,-2.2154,0,2026-09-04,1625.5999755859375,-3.4507,0.0,2026-09-08,1642.9000244140625,-2.4232,0.0,2026-09-16,1603.0999755859375,-4.7871,0.0,0,1,1,1,1,1,-2.6548,1,1.0,1.0,1.0,1.0,0.0,-3.8846,0.0,1.0,1.0,1.0,1.0,1.0,-2.8617,1.0,1.0,1.0,1.0,1.0,0.0,-5.2149,0.0,65-70,65-70
AIAENG.NS|2026-09-01|ensemble_lr0.20_rf0.30_xgb0.50,AIAENG.NS,2026-09-01,ensemble_lr0.20_rf0.30_xgb0.50,2025-09-02,2026-09-01,2026-08-31,2025-09-29,2026-08-31,2026-09-01,227,2026-08-31,True,1,0.49275362318840576,0.35537846375069276,0.22,0.27649667859077454,0.2753240320455258,0,72.47,0.4822408278896268,0,51.78,SELL,0.3646,-0.2707,High Volatility,-0.5,0.0,unavailable_no_point_in_time_source,False,4241.56,4227.3095703125,2026-09-02,4144.1220703125,-1.9679,0,2026-09-04,4231.2001953125,0.092,1.0,2026-09-08,4259.0,0.7497,1.0,2026-09-16,3805.800048828125,-9.9711,0.0,0,1,1,0,1,1,-2.2972,1,0.0,0.0,1.0,0.0,0.0,-0.2442,1.0,0.0,0.0,1.0,0.0,0.0,0.4112,0.0,1.0,1.0,0.0,1.0,1.0,-10.2736,1.0,70-75,50-55
AJANTPHARM.NS|2026-09-01|ensemble_lr0.20_rf0.30_xgb0.50,AJANTPHARM.NS,2026-09-01,ensemble_lr0.20_rf0.30_xgb0.50,2025-09-02,2026-09-01,2026-08-31,2025-09-29,2026-08-31,2026-09-01,227,2026-08-31,True,1,0.463768115942029,0.6440822328095408,0.28,0.4002991318702698,0.41296601249704307,0,58.7,0.655414794279227,1,65.54,HOLD,0.5635,0.1269,Bullish,0.5,0.0,unavailable_no_point_in_time_source,False,3601.9,3504.800048828125,2026-09-02,3481.699951171875,-0.6591,0,2026-09-04,3464.800048828125,-1.1413,0.0,2026-09-08,3579.300048828125,2.1257,1.0,2026-09-16,3508.89990234375,0.117,1.0,0,1,0,0,1,1,-3.3371,0,1.0,0.0,0.0,1.0,1.0,-3.8063,0.0,0.0,1.0,1.0,0.0,1.0,-0.6274,1.0,0.0,1.0,1.0,0.0,1.0,-2.582,1.0,55-60,65-70
ALEMBICLTD.NS|2026-09-01|ensemble_lr0.20_rf0.30_xgb0.50,ALEMBICLTD.NS,2026-09-01,ensemble_lr0.20_rf0.30_xgb0.50,2025-09-02,2026-09-01,2026-08-31,2025-09-29,2026-08-31,2026-09-01,227,2026-08-31,True,0,0.5217391304347826,0.5634999323895737,0.74,0.7636542320251465,0.716527102490488,1,71.65,0.4506311743261668,0,54.94,BUY,0.6962,0.3924,High Volatility,0.665,0.0,unavailable_no_point_in_time_source,False,98.74,98.8499984741211,2026-09-02,100.13999938964844,1.305,1,2026-09-04,111.41000366210938,12.7061,1.0,2026-09-08,109.7300033569336,11.0066,1.0,2026-09-16,98.94999694824219,0.1012,1.0,1,1,0,0,1,1,1.4179,1,1.0,0.0,0.0,1.0,1.0,12.8317,1.0,1.0,0.0,0.0,1.0,1.0,11.1302,1.0,1.0,0.0,0.0,1.0,1.0,0.2127,1.0,70-75,50-55
ALKEM.NS|2026-09-01|ensemble_lr0.20_rf0.30_xgb0.50,ALKEM.NS,2026-09-01,ensemble_lr0.20_rf0.30_xgb0.50,2025-09-02,2026-09-01,2026-08-31,2025-09-29,2026-08-31,2026-09-01,227,2026-08-31,True,0,0.4492753623188406,0.6571760519426539,0.3,0.3729470372200012,0.40790872899853137,0,59.21,0.6865152609986853,1,68.65,SELL,0.3118,-0.3764,Bearish,-0.5,0.0,unavailable_no_point_in_time_source,False,5329.5,5300.0,2026-09-02,5210.0,-1.6981,0,2026-09-04,5190.0,-2.0755,0.0,2026-09-08,5181.0,-2.2453,0.0,2026-09-16,5175.0,-2.3585,0.0,0,1,0,1,1,1,-2.2422,1,1.0,0.0,1.0,1.0,1.0,-2.6175,1.0,1.0,0.0,1.0,1.0,1.0,-2.7864,1.0,1.0,0.0,1.0,1.0,1.0,-2.899,1.0,55-60,65-70
AMBER.NS|2026-09-01|ensemble_lr0.20_rf0.30_xgb0.50,AMBER.NS,2026-09-01,ensemble_lr0.20_rf0.30_xgb0.50,2025-09-02,2026-09-01,2026-08-31,2025-09-29,2026-08-31,2026-09-01,227,2026-08-31,True,0,0.4275362318840579,0.6475771516506414,0.12,0.24234753847122192,0.28668919956573924,0,71.33,0.43399953497509847,0,56.6,HOLD,0.4362,-0.1277,Sideways,0.165,0.0,unavailable_no_point_in_time_source,False,7620.0,7508.0,2026-09-02,7415.0,-1.2387,0,2026-09-04,7474.0,-0.4529,0.0,2026-09-08,7308.0,-2.6638,0.0,2026-09-16,6930.0,-7.6985,0.0,0,1,1,1,1,1,-2.6903,1,1.0,1.0,1.0,1.0,1.0,-1.916,1.0,1.0,1.0,1.0,1.0,1.0,-4.0945,0.0,1.0,1.0,1.0,1.0,0.0,-9.0551,0.0,70-75,55-60
ANGELONE.NS|2026-09-01|ensemble_lr0.20_rf0.30_xgb0.50,ANGELONE.NS,2026-09-01,ensemble_lr0.20_rf0.30_xgb0.50,2025-09-02,2026-09-01,2026-08-31,2025-09-29,2026-08-31,2026-09-01,227,2026-08-31,True,0,0.6014492753623188,0.2207816748059121,0.02,0.06576653569936752,0.08303960281086618,0,91.7,0.27121558321050543,0,72.88,HOLD,0.4243,-0.1514,High Volatility,-0.165,0.0,unavailable_no_point_in_time_source,True,286.9,281.54998779296875,2026-09-02,279.25,-0.8169,0,2026-09-04,299.79998779296875,6.482,1.0,2026-09-08,298.0,5.8427,1.0,2026-09-16,293.5,4.2444,1.0,0,1,1,1,1,1,-2.6664,1,0.0,0.0,0.0,0.0,0.0,4.4963,0.0,0.0,0.0,0.0,0.0,0.0,3.8689,0.0,0.0,0.0,0.0,0.0,0.0,2.3005,1.0,90-95,70-75
APARINDS.NS|2026-09-01|ensemble_lr0.20_rf0.30_xgb0.50,APARINDS.NS,2026-09-01,ensemble_lr0.20_rf0.30_xgb0.50,2025-09-02,2026-09-01,2026-08-31,2025-09-29,2026-08-31,2026-09-01,227,2026-08-31,True,1,0.536231884057971,0.4189668442164273,0.16,0.16369368135929108,0.213640209522931,0,78.64,0.3780642531671645,0,62.19,BUY,0.616,0.232,High Volatility,1.0,0.0,unavailable_no_point_in_time_source,False,17640.75,17339.798828125,2026-09-02,16754.830078125,-3.3736,0,2026-09-04,17360.7265625,0.1207,1.0,2026-09-08,17573.986328125,1.3506,1.0,2026-09-16,17075.0,-1.5271,0.0,0,1,1,0,1,0,-5.022,0,0.0,0.0,1.0,0.0,1.0,-1.5874,0.0,0.0,0.0,1.0,0.0,1.0,-0.3785,0.0,1.0,1.0,0.0,1.0,0.0,-3.2071,0.0,75-80,60-65
APOLLOHOSP.NS|2026-09-01|ensemble_lr0.20_rf0.30_xgb0.50,APOLLOHOSP.NS,2026-09-01,ensemble_lr0.20_rf0.30_xgb0.50,2025-09-02,2026-09-01,2026-08-31,2025-09-29,2026-08-31,2026-09-01,227,2026-08-31,True,0,0.5579710144927535,0.34799689920984417,0.14,0.29724743962287903,0.26022309965340834,0,73.98,0.6345267960780667,1,63.45,HOLD,0.5441,0.0882,Sideways,0.5,0.0,unavailable_no_point_in_time_source,False,8898.5,8755.0,2026-09-02,8719.0,-0.4112,0,2026-09-04,8650.0,-1.1993,0.0,2026-09-08,8837.5,0.9423,1.0,2026-09-16,8696.5,-0.6682,0.0,0,1,0,1,1,1,-2.0172,1,1.0,0.0,1.0,1.0,1.0,-2.7926,1.0,0.0,1.0,0.0,0.0,1.0,-0.6855,1.0,1.0,0.0,1.0,1.0,1.0,-2.27,1.0,70-75,60-65
APOLLOTYRE.NS|2026-09-01|ensemble_lr0.20_rf0.30_xgb0.50,APOLLOTYRE.NS,2026-09-01,ensemble_lr0.20_rf0.30_xgb0.50,2025-09-02,2026-09-01,2026-08-31,2025-09-29,2026-08-31,2026-09-01,227,2026-08-31,True,0,0.463768115942029,0.8401575784616132,0.84,0.7140625715255737,0.7770628014551095,1,77.71,0.6059014576607809,1,60.59,HOLD,0.5547,0.1094,Sideways,0.0,0.0,unavailable_no_point_in_time_source,True,438.95,442.70001220703125,2026-09-02,434.1499938964844,-1.9313,0,2026-09-04,429.54998779296875,-2.9704,0.0,2026-09-08,411.5,-7.0477,0.0,2026-09-16,411.95001220703125,-6.946,0.0,1,0,0,1,0,1,-1.0935,1,0.0,0.0,1.0,0.0,1.0,-2.1415,1.0,0.0,0.0,1.0,0.0,0.0,-6.2536,0.0,0.0,0.0,1.0,0.0,0.0,-6.151,0.0,75-80,60-65
ASHOKLEY.NS|2026-09-01|ensemble_lr0.20_rf0.30_xgb0.50,ASHOKLEY.NS,2026-09-01,ensemble_lr0.20_rf0.30_xgb0.50,2025-09-02,2026-09-01,2026-08-31,2025-09-29,2026-08-31,2026-09-01,227,2026-08-31,True,1,0.5144927536231885,0.4621856162383608,0.14,0.15265391767024994,0.21076408208279715,0,78.92,0.633947083150032,1,63.39,HOLD,0.5388,0.0775,Bullish,0.335,0.0,unavailable_no_point_in_time_source,True,175.64,170.52999877929688,2026-09-02,167.89999389648438,-1.5423,0,2026-09-04,169.0,-0.8972,0.0,2026-09-08,169.0,-0.8972,0.0,2026-09-16,156.5,-8.2273,0.0,0,1,0,0,1,1,-4.4067,0,1.0,0.0,0.0,1.0,1.0,-3.7805,0.0,1.0,0.0,0.0,1.0,1.0,-3.7805,0.0,1.0,0.0,0.0,1.0,0.0,-10.8973,0.0,75-80,60-65
ASIANPAINT.NS|2026-09-01|ensemble_lr0.20_rf0.30_xgb0.50,ASIANPAINT.NS,2026-09-01,ensemble_lr0.20_rf0.30_xgb0.50,2025-09-02,2026-09-01,2026-08-31,2025-09-29,2026-08-31,2026-09-01,227,2026-08-31,True,1,0.5362318840579711,0.28256926044676034,0.18,0.3450494110584259,0.283038557618565,0,71.7,0.6391132060879088,1,63.91,SELL,0.4188,-0.1624,Sideways,-0.165,0.0,unavailable_no_point_in_time_source,True,2653.6,2575.5,2026-09-02,2527.5,-1.8637,0,2026-09-04,2527.300048828125,-1.8715,0.0,2026-09-08,2481.60009765625,-3.6459,0.0,2026-09-16,2416.60009765625,-6.1697,0.0,0,1,0,0,1,1,-4.752,1,1.0,0.0,0.0,1.0,1.0,-4.7596,1.0,1.0,0.0,0.0,1.0,1.0,-6.4818,1.0,1.0,0.0,0.0,1.0,1.0,-8.9313,1.0,70-75,60-65
ASTRAL.NS|2026-09-01|ensemble_lr0.20_rf0.30_xgb0.50,ASTRAL.NS,2026-09-01,ensemble_lr0.20_rf0.30_xgb0.50,2025-09-02,2026-09-01,2026-08-31,2025-09-29,2026-08-31,2026-09-01,227,2026-08-31,True,1,0.6666666666666666,0.0006115760340364663,0.08,0.10556884855031967,0.07690673948196713,0,92.31,0.49942393959649045,0,50.06,HOLD,0.5101,0.0201,Bullish,0.165,0.0,unavailable_no_point_in_time_source,True,1522.2,1507.0,2026-09-02,1487.0,-1.3271,0,2026-09-04,1492.9000244140625,-0.9356,0.0,2026-09-08,1500.800048828125,-0.4114,0.0,2026-09-16,1382.5,-8.2614,0.0,0,1,1,0,1,1,-2.3124,1,1.0,1.0,0.0,1.0,1.0,-1.9248,1.0,1.0,1.0,0.0,1.0,1.0,-1.4059,1.0,1.0,1.0,0.0,1.0,0.0,-9.1775,0.0,90-95,50-55
AUBANK.NS|2026-09-01|ensemble_lr0.20_rf0.30_xgb0.50,AUBANK.NS,2026-09-01,ensemble_lr0.20_rf0.30_xgb0.50,2025-09-02,2026-09-01,2026-08-31,2025-09-29,2026-08-31,2026-09-01,227,2026-08-31,True,1,0.5072463768115942,0.5529936858810053,0.28,0.2806752920150757,0.3349363831837389,0,66.51,0.5829321874829541,1,58.29,HOLD,0.5431,0.0862,Bullish,0.335,0.0,unavailable_no_point_in_time_source,True,1086.2,1079.199951171875,2026-09-02,1077.9000244140625,-0.1205,0,2026-09-04,1065.0,-1.3158,0.0,2026-09-08,1073.699951171875,-0.5096,0.0,2026-09-16,1033.199951171875,-4.2624,0.0,0,1,0,0,1,1,-0.7641,1,1.0,0.0,0.0,1.0,1.0,-1.9518,1.0,1.0,0.0,0.0,1.0,1.0,-1.1508,1.0,1.0,0.0,0.0,1.0,0.0,-4.8794,0.0,65-70,55-60
AXISBANK.NS|2026-09-01|ensemble_lr0.20_rf0.30_xgb0.50,AXISBANK.NS,2026-09-01,ensemble_lr0.20_rf0.30_xgb0.50,2025-09-02,2026-09-01,2026-08-31,2025-09-29,2026-08-31,2026-09-01,227,2026-08-31,True,1,0.5507246376811594,0.36369298188793736,0.16,0.17720748484134674,0.20934233879826086,0,79.07,0.7055205911709646,1,70.55,HOLD,0.461,-0.0781,Sideways,0.165,0.0,unavailable_no_point_in_time_source,True,1300.0,1258.0,2026-09-02,1253.9000244140625,-0.3259,0,2026-09-04,1273.0,1.1924,1.0,2026-09-08,1244.9000244140625,-1.0413,0.0,2026-09-16,1241.0,-1.3514,0.0,0,1,0,0,1,1,-3.5462,0,0.0,1.0,1.0,0.0,1.0,-2.0769,1.0,1.0,0.0,0.0,1.0,1.0,-4.2385,0.0,1.0,0.0,0.0,1.0,1.0,-4.5385,0.0,75-80,70-75
BAJAJ-AUTO.NS|2026-09-01|ensemble_lr0.20_rf0.30_xgb0.50,BAJAJ-AUTO.NS,2026-09-01,ensemble_lr0.20_rf0.30_xgb0.50,2025-09-02,2026-09-01,2026-08-31,2025-09-29,2026-08-31,2026-09-01,227,2026-08-31,True,1,0.39855072463768115,0.8242858954354736,0.86,0.8181817531585693,0.8319480556663794,1,83.19,0.6172833402767324,1,61.73,STRONG BUY,0.7205,0.441,Bullish,0.665,0.0,unavailable_no_point_in_time_source,False,12130.0,12361.0,2026-09-02,12130.0,-1.8688,0,2026-09-04,11919.0,-3.5758,0.0,2026-09-08,11880.0,-3.8913,0.0,2026-09-16,11593.0,-6.2131,0.0,1,0,0,0,0,0,0.0,0,0.0,0.0,0.0,0.0,0.0,-1.7395,0.0,0.0,0.0,0.0,0.0,0.0,-2.061,0.0,0.0,0.0,0.0,0.0,0.0,-4.427,0.0,80-85,60-65
BAJAJFINSV.NS|2026-09-01|ensemble_lr0.20_rf0.30_xgb0.50,BAJAJFINSV.NS,2026-09-01,ensemble_lr0.20_rf0.30_xgb0.50,2025-09-02,2026-09-01,2026-08-31,2025-09-29,2026-08-31,2026-09-01,227,2026-08-31,True,0,0.463768115942029,0.4000459947165706,0.12,0.12560521066188812,0.1788118042742582,0,82.12,0.5338833208132249,1,53.39,HOLD,0.4749,-0.0502,Sideways,0.165,0.0,unavailable_no_point_in_time_source,True,2021.0,1972.0,2026-09-02,1990.0,0.9128,1,2026-09-04,1970.0,-0.1014,0.0,2026-09-08,1938.0999755859375,-1.7191,0.0,2026-09-16,1837.0,-6.8458,0.0,0,0,1,0,0,1,-1.5339,1,1.0,0.0,1.0,1.0,1.0,-2.5235,1.0,1.0,0.0,1.0,1.0,1.0,-4.1019,0.0,1.0,0.0,1.0,1.0,0.0,-9.1044,0.0,80-85,50-55
BAJFINANCE.NS|2026-09-01|ensemble_lr0.20_rf0.30_xgb0.50,BAJFINANCE.NS,2026-09-01,ensemble_lr0.20_rf0.30_xgb0.50,2025-09-02,2026-09-01,2026-08-31,2025-09-29,2026-08-31,2026-09-01,227,2026-08-31,True,0,0.5,0.15978627125942907,0.16,0.053379736840724945,0.1066471226722483,0,89.34,0.3273540223147229,0,67.26,HOLD,0.4851,-0.0298,Sideways,0.335,0.0,unavailable_no_point_in_time_source,True,1057.0,1053.9000244140625,2026-09-02,1055.9000244140625,0.1898,1,2026-09-04,1060.5,0.6262,1.0,2026-09-08,1054.0999755859375,0.019,1.0,2026-09-16,1006.2000122070312,-4.526,0.0,0,0,0,0,0,1,-0.1041,1,0.0,0.0,0.0,0.0,1.0,0.3311,1.0,0.0,0.0,0.0,0.0,1.0,-0.2744,1.0,1.0,1.0,1.0,1.0,0.0,-4.8061,0.0,85-90,65-70
BEL.NS|2026-09-01|ensemble_lr0.20_rf0.30_xgb0.50,BEL.NS,2026-09-01,ensemble_lr0.20_rf0.30_xgb0.50,2025-09-02,2026-09-01,2026-08-31,2025-09-29,2026-08-31,2026-09-01,227,2026-08-31,True,1,0.4710144927536231,0.45664830322950717,0.14,0.11658670008182526,0.19162301068681406,0,80.84,0.48730051890093384,0,51.27,HOLD,0.4603,-0.0793,Sideways,0.165,0.0,unavailable_no_point_in_time_source,True,414.45,411.20001220703125,2026-09-02,405.75,-1.3254,0,2026-09-04,405.3500061035156,-1.4227,0.0,2026-09-08,410.54998779296875,-0.1581,0.0,2026-09-16,385.75,-6.1892,0.0,0,1,1,0,1,1,-2.0992,1,1.0,1.0,0.0,1.0,1.0,-2.1957,1.0,1.0,1.0,0.0,1.0,1.0,-0.941,1.0,1.0,1.0,0.0,1.0,0.0,-6.9248,0.0,80-85,50-55
BPCL.NS|2026-09-01|ensemble_lr0.20_rf0.30_xgb0.50,BPCL.NS,2026-09-01,ensemble_lr0.20_rf0.30_xgb0.50,2025-09-02,2026-09-01,2026-08-31,2025-09-29,2026-08-31,2026-09-01,227,2026-08-31,True,0,0.463768115942029,0.6104531925959152,0.16,0.036232367157936096,0.1882068220981511,0,81.18,0.4331473976089957,0,56.69,HOLD,0.5478,0.0957,Sideways,0.5,0.0,unavailable_no_point_in_time_source,True,324.05,317.6499938964844,2026-09-02,319.6000061035156,0.6139,1,2026-09-04,315.70001220703125,-0.6139,0.0,2026-09-08,303.8500061035156,-4.3444,0.0,2026-09-16,303.3500061035156,-4.5018,0.0,0,0,0,0,0,1,-1.3732,1,1.0,1.0,1.0,1.0,1.0,-2.5768,1.0,1.0,1.0,1.0,1.0,0.0,-6.2336,0.0,1.0,1.0,1.0,1.0,0.0,-6.3879,0.0,80-85,55-60
AARTIIND.NS|2026-09-08|ensemble_lr0.20_rf0.30_xgb0.50,AARTIIND.NS,2026-09-08,ensemble_lr0.20_rf0.30_xgb0.50,2025-09-09,2026-09-08,2026-09-07,2025-10-07,2026-09-07,2026-09-08,227,2026-09-07,True,0,0.48550724637681153,0.2556185990539592,0.66,0.6034091114997864,0.550828275560685,1,55.08,0.19232487467985204,0,80.77,BUY,0.5808,0.1616,High Volatility,0.17,0.0,unavailable_no_point_in_time_source,True,489.73,502.7007141113281,2026-09-09,495.215576171875,-1.489,0,2026-09-11,492.70001220703125,-1.9894,0.0,2026-09-16,472.8500061035156,-5.9381,0.0,2026-09-23,491.3500061035156,-2.2579,0.0,1,0,1,1,0,0,1.1201,1,0.0,1.0,1.0,0.0,0.0,0.6065,1.0,0.0,1.0,1.0,0.0,0.0,-3.4468,0.0,0.0,1.0,1.0,0.0,0.0,0.3308,1.0,55-60,80-85
AAVAS.NS|2026-09-08|ensemble_lr0.20_rf0.30_xgb0.50,AAVAS.NS,2026-09-08,ensemble_lr0.20_rf0.30_xgb0.50,2025-09-09,2026-09-08,2026-09-07,2025-10-07,2026-09-07,2026-09-08,227,2026-09-07,True,0,0.572463768115942,0.4866028487770438,0.26,0.22994911670684814,0.29029512810883285,0,70.97,0.2768782436595104,0,72.31,SELL,0.4063,-0.1874,High Volatility,-0.335,0.0,unavailable_no_point_in_time_source,False,1306.2,1293.5,2026-09-09,1290.300048828125,-0.2474,0,2026-09-11,1275.0999755859375,-1.4225,0.0,2026-09-16,1282.5,-0.8504,0.0,2026-09-23,1285.800048828125,-0.5953,0.0,0,1,1,1,1,1,-1.2173,1,1.0,1.0,1.0,1.0,1.0,-2.381,1.0,1.0,1.0,1.0,1.0,1.0,-1.8144,1.0,1.0,1.0,1.0,1.0,1.0,-1.5618,1.0,70-75,70-75
ABCAPITAL.NS|2026-09-08|ensemble_lr0.20_rf0.30_xgb0.50,ABCAPITAL.NS,2026-09-08,ensemble_lr0.20_rf0.30_xgb0.50,2025-09-09,2026-09-08,2026-09-07,2025-10-07,2026-09-07,2026-09-08,227,2026-09-07,True,0,0.6304347826086957,0.5255022020040853,0.16,0.16386252641677856,0.23503170360920633,0,76.5,0.6944264092358379,1,69.44,HOLD,0.487,-0.026,Sideways,0.5,0.0,unavailable_no_point_in_time_source,True,403.25,396.95001220703125,2026-09-09,400.0,0.7684,1,2026-09-11,395.0,-0.4912,0.0,2026-09-16,381.29998779296875,-3.9426,0.0,2026-09-23,402.45001220703125,1.3856,1.0,0,0,1,0,0,1,-0.806,1,1.0,0.0,1.0,1.0,1.0,-2.0459,1.0,1.0,0.0,1.0,1.0,0.0,-5.4433,0.0,0.0,1.0,0.0,0.0,1.0,-0.1984,1.0,75-80,65-70
ABFRL.NS|2026-09-08|ensemble_lr0.20_rf0.30_xgb0.50,ABFRL.NS,2026-09-08,ensemble_lr0.20_rf0.30_xgb0.50,2025-09-09,2026-09-08,2026-09-07,2025-10-07,2026-09-07,2026-09-08,227,2026-09-07,True,0,0.47826086956521746,0.6416679702329684,0.22,0.26115161180496216,0.32490939994907475,0,67.51,0.7657091714821309,1,76.57,SELL,0.3539,-0.2923,High Volatility,-0.5,0.0,unavailable_no_point_in_time_source,True,53.21,52.2400016784668,2026-09-09,51.33000183105469,-1.742,0,2026-09-11,50.439998626708984,-3.4456,0.0,2026-09-16,49.7400016784668,-4.7856,0.0,2026-09-23,49.09000015258789,-6.0299,0.0,0,1,0,1,1,1,-3.5332,1,1.0,0.0,1.0,1.0,1.0,-5.2058,1.0,1.0,0.0,1.0,1.0,1.0,-6.5213,1.0,1.0,0.0,1.0,1.0,1.0,-7.7429,1.0,65-70,75-80
ACC.NS|2026-09-08|ensemble_lr0.20_rf0.30_xgb0.50,ACC.NS,2026-09-08,ensemble_lr0.20_rf0.30_xgb0.50,2025-09-09,2026-09-08,2026-09-07,2025-10-07,2026-09-07,2026-09-08,227,2026-09-07,True,0,0.5144927536231884,0.5380555354785256,0.22,0.2742861211299896,0.31075416766069996,0,68.92,0.37651508288997143,0,62.35,SELL,0.3148,-0.3705,Bearish,-0.665,0.0,unavailable_no_point_in_time_source,False,1268.7,1262.800048828125,2026-09-09,1257.699951171875,-0.4039,0,2026-09-11,1246.5,-1.2908,0.0,2026-09-16,1226.5999755859375,-2.8667,0.0,2026-09-23,1251.4000244140625,-0.9028,0.0,0,1,1,1,1,1,-0.867,1,1.0,1.0,1.0,1.0,1.0,-1.7498,1.0,1.0,1.0,1.0,1.0,1.0,-3.3184,1.0,1.0,1.0,1.0,1.0,1.0,-1.3636,1.0,65-70,60-65
ADANIENT.NS|2026-09-08|ensemble_lr0.20_rf0.30_xgb0.50,ADANIENT.NS,2026-09-08,ensemble_lr0.20_rf0.30_xgb0.50,2025-09-09,2026-09-08,2026-09-07,2025-10-07,2026-09-07,2026-09-08,227,2026-09-07,True,0,0.5652173913043478,0.7167648645963908,0.94,0.883999228477478,0.8673525871580171,1,86.74,0.6422806611162002,1,64.23,HOLD,0.498,-0.004,Bearish,-0.165,0.0,unavailable_no_point_in_time_source,True,2950.0,2953.10009765625,2026-09-09,3104.699951171875,5.1336,1,2026-09-11,3060.0,3.6199,1.0,2026-09-16,2920.0,-1.1209,0.0,2026-09-23,2993.199951171875,1.3579,1.0,1,1,1,0,1,0,5.2441,0,1.0,1.0,0.0,1.0,0.0,3.7288,0.0,0.0,0.0,1.0,0.0,1.0,-1.0169,1.0,1.0,1.0,0.0,1.0,1.0,1.4644,1.0,85-90,60-65
ADANIPORTS.NS|2026-09-08|ensemble_lr0.20_rf0.30_xgb0.50,ADANIPORTS.NS,2026-09-08,ensemble_lr0.20_rf0.30_xgb0.50,2025-09-09,2026-09-08,2026-09-07,2025-10-07,2026-09-07,2026-09-08,227,2026-09-07,True,0,0.5217391304347826,0.5251127689096231,0.8,0.8120905756950378,0.7510678416294435,1,75.11,0.3926447041597705,0,60.74,HOLD,0.55,0.1001,Sideways,0.0,0.0,unavailable_no_point_in_time_source,True,1694.3,1710.0,2026-09-09,1775.0,3.8012,1,2026-09-11,1764.5999755859375,3.193,1.0,2026-09-16,1723.800048828125,0.807,1.0,2026-09-23,1807.300048828125,5.6901,1.0,1,1,0,0,1,0,4.763,0,1.0,0.0,0.0,1.0,0.0,4.1492,0.0,1.0,0.0,0.0,1.0,1.0,1.7411,1.0,1.0,0.0,0.0,1.0,0.0,6.6694,0.0,75-80,60-65
AETHER.NS|2026-09-08|ensemble_lr0.20_rf0.30_xgb0.50,AETHER.NS,2026-09-08,ensemble_lr0.20_rf0.30_xgb0.50,2025-09-09,2026-09-08,2026-09-07,2025-10-07,2026-09-07,2026-09-08,227,2026-09-07,True,0,0.5,0.5105896170738484,0.66,0.6272167563438416,0.6137263015866905,1,61.37,0.43897642023460826,0,56.1,BUY,0.6025,0.205,High Volatility,0.5,0.0,unavailable_no_point_in_time_source,False,1619.5,1642.9000244140625,2026-09-09,1610.9000244140625,-1.9478,0,2026-09-11,1674.699951171875,1.9356,1.0,2026-09-16,1603.0999755859375,-2.4225,0.0,2026-09-23,1648.199951171875,0.3226,1.0,1,0,1,1,0,0,-0.531,0,1.0,0.0,0.0,1.0,1.0,3.4085,1.0,0.0,1.0,1.0,0.0,0.0,-1.0127,0.0,1.0,0.0,0.0,1.0,1.0,1.7721,1.0,60-65,55-60
AIAENG.NS|2026-09-08|ensemble_lr0.20_rf0.30_xgb0.50,AIAENG.NS,2026-09-08,ensemble_lr0.20_rf0.30_xgb0.50,2025-09-09,2026-09-08,2026-09-07,2025-10-07,2026-09-07,2026-09-08,227,2026-09-07,True,1,0.5072463768115942,0.36910002031478617,0.72,0.7454043030738831,0.6625221555998988,1,66.25,0.32013661964616896,0,67.99,HOLD,0.5071,0.0141,Sideways,-0.165,0.0,unavailable_no_point_in_time_source,False,4224.0,4259.0,2026-09-09,4172.10009765625,-2.0404,0,2026-09-11,4096.60009765625,-3.8131,0.0,2026-09-16,3805.800048828125,-10.641,0.0,2026-09-23,3970.0,-6.7856,0.0,1,0,1,0,0,1,-1.2287,1,0.0,1.0,0.0,0.0,0.0,-3.0161,0.0,0.0,1.0,0.0,0.0,0.0,-9.9006,0.0,0.0,1.0,0.0,0.0,0.0,-6.0133,0.0,65-70,65-70
AJANTPHARM.NS|2026-09-08|ensemble_lr0.20_rf0.30_xgb0.50,AJANTPHARM.NS,2026-09-08,ensemble_lr0.20_rf0.30_xgb0.50,2025-09-09,2026-09-08,2026-09-07,2025-10-07,2026-09-07,2026-09-08,227,2026-09-07,True,1,0.463768115942029,0.7146879188696854,0.86,0.8471766710281372,0.8245259192880057,1,82.45,0.8539173706960018,1,85.39,BUY,0.6026,0.2052,Sideways,0.5,0.0,unavailable_no_point_in_time_source,False,3513.6,3579.300048828125,2026-09-09,3534.39990234375,-1.2544,0,2026-09-11,3533.39990234375,-1.2824,0.0,2026-09-16,3508.89990234375,-1.9669,0.0,2026-09-23,3568.10009765625,-0.3129,0.0,1,0,0,0,0,0,0.592,1,0.0,0.0,0.0,0.0,0.0,0.5635,1.0,0.0,0.0,0.0,0.0,0.0,-0.1338,0.0,0.0,0.0,0.0,0.0,0.0,1.5511,1.0,80-85,85-90
ALEMBICLTD.NS|2026-09-08|ensemble_lr0.20_rf0.30_xgb0.50,ALEMBICLTD.NS,2026-09-08,ensemble_lr0.20_rf0.30_xgb0.50,2025-09-09,2026-09-08,2026-09-07,2025-10-07,2026-09-07,2026-09-08,227,2026-09-07,True,0,0.5,0.7205092991743157,0.8,0.7232668399810791,0.7457352798254027,1,74.57,0.6653621336009654,1,66.54,BUY,0.7145,0.4289,High Volatility,0.665,0.0,unavailable_no_point_in_time_source,False,108.05,109.7300033569336,2026-09-09,106.94999694824219,-2.5335,0,2026-09-11,104.33000183105469,-4.9212,0.0,2026-09-16,98.94999694824219,-9.8241,0.0,2026-09-23,106.04000091552734,-3.3628,0.0,1,0,0,1,0,0,-1.0181,0,0.0,0.0,1.0,0.0,0.0,-3.4428,0.0,0.0,0.0,1.0,0.0,0.0,-8.422,0.0,0.0,0.0,1.0,0.0,0.0,-1.8602,0.0,70-75,65-70
ALKEM.NS|2026-09-08|ensemble_lr0.20_rf0.30_xgb0.50,ALKEM.NS,2026-09-08,ensemble_lr0.20_rf0.30_xgb0.50,2025-09-09,2026-09-08,2026-09-07,2025-10-07,2026-09-07,2026-09-08,227,2026-09-07,True,0,0.43478260869565216,0.5647574704519421,0.22,0.2946302592754364,0.32626662372810666,0,67.37,0.5422588033859101,1,54.23,SELL,0.2875,-0.4249,Bearish,-0.665,0.0,unavailable_no_point_in_time_source,False,5242.5,5181.0,2026-09-09,5139.0,-0.8107,0,2026-09-11,5087.5,-1.8047,0.0,2026-09-16,5175.0,-0.1158,0.0,2026-09-23,5417.5,4.5648,1.0,0,1,0,1,1,1,-1.9742,1,1.0,0.0,1.0,1.0,1.0,-2.9566,1.0,1.0,0.0,1.0,1.0,1.0,-1.2876,1.0,0.0,1.0,0.0,0.0,0.0,3.3381,0.0,65-70,50-55
AMBER.NS|2026-09-08|ensemble_lr0.20_rf0.30_xgb0.50,AMBER.NS,2026-09-08,ensemble_lr0.20_rf0.30_xgb0.50,2025-09-09,2026-09-08,2026-09-07,2025-10-07,2026-09-07,2026-09-08,227,2026-09-07,True,0,0.4492753623188406,0.48039282232832736,0.12,0.187944233417511,0.22605068117442098,0,77.39,0.3133260549252267,0,68.67,HOLD,0.449,-0.1019,Sideways,0.165,0.0,unavailable_no_point_in_time_source,False,7439.0,7308.0,2026-09-09,7210.0,-1.341,0,2026-09-11,7245.0,-0.8621,0.0,2026-09-16,6930.0,-5.1724,0.0,2026-09-23,7064.5,-3.332,0.0,0,1,1,1,1,1,-3.0784,0,1.0,1.0,1.0,1.0,1.0,-2.6079,1.0,1.0,1.0,1.0,1.0,0.0,-6.8423,0.0,1.0,1.0,1.0,1.0,0.0,-5.0343,0.0,75-80,65-70
ANGELONE.NS|2026-09-08|ensemble_lr0.20_rf0.30_xgb0.50,ANGELONE.NS,2026-09-08,ensemble_lr0.20_rf0.30_xgb0.50,2025-09-09,2026-09-08,2026-09-07,2025-10-07,2026-09-07,2026-09-08,227,2026-09-07,True,0,0.5797101449275361,0.4452589730820145,0.18,0.23912450671195984,0.26261404797238286,0,73.74,0.23124560770907895,0,76.88,HOLD,0.4279,-0.1441,High Volatility,0.0,0.0,unavailable_no_point_in_time_source,True,303.8,298.0,2026-09-09,299.04998779296875,0.3523,1,2026-09-11,305.0,2.349,1.0,2026-09-16,293.5,-1.5101,0.0,2026-09-23,300.0,0.6711,1.0,0,0,0,0,0,1,-1.5635,1,0.0,0.0,0.0,0.0,1.0,0.395,1.0,1.0,1.0,1.0,1.0,1.0,-3.3904,0.0,0.0,0.0,0.0,0.0,1.0,-1.2508,1.0,70-75,75-80
APARINDS.NS|2026-09-08|ensemble_lr0.20_rf0.30_xgb0.50,APARINDS.NS,2026-09-08,ensemble_lr0.20_rf0.30_xgb0.50,2025-09-09,2026-09-08,2026-09-07,2025-10-07,2026-09-07,2026-09-08,227,2026-09-07,True,1,0.5579710144927535,0.35315370848172417,0.16,0.21097712218761444,0.22411930279015208,0,77.59,0.37228175890499515,0,62.77,HOLD,0.5322,0.0644,High Volatility,0.665,0.0,unavailable_no_point_in_time_source,False,17666.66,17573.986328125,2026-09-09,17387.6328125,-1.0604,0,2026-09-11,17500.0,-0.421,0.0,2026-09-16,17075.0,-2.8393,0.0,2026-09-23,17876.0,1.7185,1.0,0,1,1,0,1,1,-1.5794,1,1.0,1.0,0.0,1.0,1.0,-0.9434,1.0,1.0,1.0,0.0,1.0,1.0,-3.349,0.0,0.0,0.0,1.0,0.0,1.0,1.1849,1.0,75-80,60-65
APOLLOHOSP.NS|2026-09-08|ensemble_lr0.20_rf0.30_xgb0.50,APOLLOHOSP.NS,2026-09-08,ensemble_lr0.20_rf0.30_xgb0.50,2025-09-09,2026-09-08,2026-09-07,2025-10-07,2026-09-07,2026-09-08,227,2026-09-07,True,0,0.5579710144927537,0.5549444168265001,0.8,0.7149641513824463,0.7084709590565231,1,70.85,0.5004137628965787,1,50.04,HOLD,0.5587,0.1173,Sideways,-0.165,0.0,unavailable_no_point_in_time_source,False,8760.0,8837.5,2026-09-09,8967.0,1.4653,1,2026-09-11,8836.0,-0.017,0.0,2026-09-16,8696.5,-1.5955,0.0,2026-09-23,9069.0,2.6195,1.0,1,1,1,0,1,1,2.363,1,0.0,0.0,1.0,0.0,1.0,0.8676,1.0,0.0,0.0,1.0,0.0,1.0,-0.7249,1.0,1.0,1.0,0.0,1.0,1.0,3.5274,0.0,70-75,50-55
APOLLOTYRE.NS|2026-09-08|ensemble_lr0.20_rf0.30_xgb0.50,APOLLOTYRE.NS,2026-09-08,ensemble_lr0.20_rf0.30_xgb0.50,2025-09-09,2026-09-08,2026-09-07,2025-10-07,2026-09-07,2026-09-08,227,2026-09-07,True,0,0.43478260869565216,0.6151456299159757,0.22,0.2063995599746704,0.29222890597053036,0,70.78,0.41763158035648407,0,58.24,HOLD,0.4289,-0.1423,Sideways,-0.335,0.0,unavailable_no_point_in_time_source,True,420.8,411.5,2026-09-09,422.25,2.6124,1,2026-09-11,417.6499938964844,1.4945,1.0,2026-09-16,411.95001220703125,0.1094,1.0,2026-09-23,405.70001220703125,-1.4095,0.0,0,0,0,0,0,1,0.3446,1,0.0,0.0,0.0,0.0,1.0,-0.7486,1.0,0.0,0.0,0.0,0.0,1.0,-2.1031,1.0,1.0,1.0,1.0,1.0,1.0,-3.5884,0.0,70-75,55-60
ASHOKLEY.NS|2026-09-08|ensemble_lr0.20_rf0.30_xgb0.50,ASHOKLEY.NS,2026-09-08,ensemble_lr0.20_rf0.30_xgb0.50,2025-09-09,2026-09-08,2026-09-07,2025-10-07,2026-09-07,2026-09-08,227,2026-09-07,True,1,0.5072463768115942,0.4410938175194548,0.18,0.16714201867580414,0.22578977284179302,0,77.42,0.376768938506075,0,62.32,HOLD,0.4693,-0.0614,Sideways,0.335,0.0,unavailable_no_point_in_time_source,True,170.0,169.0,2026-09-09,167.0,-1.1834,0,2026-09-11,163.75,-3.1065,0.0,2026-09-16,156.5,-7.3964,0.0,2026-09-23,162.88999938964844,-3.6154,0.0,0,1,1,0,1,1,-1.7647,1,1.0,1.0,0.0,1.0,0.0,-3.6765,0.0,1.0,1.0,0.0,1.0,0.0,-7.9412,0.0,1.0,1.0,0.0,1.0,0.0,-4.1824,0.0,75-80,60-65
ASIANPAINT.NS|2026-09-08|ensemble_lr0.20_rf0.30_xgb0.50,ASIANPAINT.NS,2026-09-08,ensemble_lr0.20_rf0.30_xgb0.50,2025-09-09,2026-09-08,2026-09-07,2025-10-07,2026-09-07,2026-09-08,227,2026-09-07,True,1,0.5652173913043478,0.20294311215479563,0.22,0.29994067549705505,0.25655896017948665,0,74.34,0.32775586944121915,0,67.22,SELL,0.3352,-0.3295,Bearish,-0.5,0.0,unavailable_no_point_in_time_source,True,2500.9,2481.60009765625,2026-09-09,2489.0,0.2982,1,2026-09-11,2472.5,-0.3667,0.0,2026-09-16,2416.60009765625,-2.6193,0.0,2026-09-23,2455.0,-1.0719,0.0,0,0,0,1,0,0,-0.4758,1,1.0,1.0,0.0,1.0,1.0,-1.1356,1.0,1.0,1.0,0.0,1.0,1.0,-3.3708,1.0,1.0,1.0,0.0,1.0,1.0,-1.8353,1.0,70-75,65-70
ASTRAL.NS|2026-09-08|ensemble_lr0.20_rf0.30_xgb0.50,ASTRAL.NS,2026-09-08,ensemble_lr0.20_rf0.30_xgb0.50,2025-09-09,2026-09-08,2026-09-07,2025-10-07,2026-09-07,2026-09-08,227,2026-09-07,True,1,0.6014492753623188,0.48681368018187815,0.8,0.6722257137298584,0.6734755929013048,1,67.35,0.5941066235348298,1,59.41,BUY,0.5872,0.1744,Sideways,0.165,0.0,unavailable_no_point_in_time_source,True,1498.2,1500.800048828125,2026-09-09,1474.800048828125,-1.7324,0,2026-09-11,1411.4000244140625,-5.9568,0.0,2026-09-16,1382.5,-7.8825,0.0,2026-09-23,1394.800048828125,-7.0629,0.0,1,0,0,0,0,0,-1.5619,0,0.0,0.0,0.0,0.0,0.0,-5.7936,0.0,0.0,0.0,0.0,0.0,0.0,-7.7226,0.0,0.0,0.0,0.0,0.0,0.0,-6.9016,0.0,65-70,55-60
AUBANK.NS|2026-09-08|ensemble_lr0.20_rf0.30_xgb0.50,AUBANK.NS,2026-09-08,ensemble_lr0.20_rf0.30_xgb0.50,2025-09-09,2026-09-08,2026-09-07,2025-10-07,2026-09-07,2026-09-08,227,2026-09-07,True,1,0.5144927536231885,0.4972714411464916,0.66,0.6087961196899414,0.601852348074269,1,60.19,0.32390149667948737,0,67.61,HOLD,0.5449,0.0899,Bearish,0.335,0.0,unavailable_no_point_in_time_source,True,1053.0,1073.699951171875,2026-09-09,1060.5,-1.2294,0,2026-09-11,1058.9000244140625,-1.3784,0.0,2026-09-16,1033.199951171875,-3.772,0.0,2026-09-23,1053.0,-1.9279,0.0,1,0,1,0,0,1,0.7123,1,0.0,1.0,0.0,0.0,1.0,0.5603,1.0,0.0,1.0,0.0,0.0,0.0,-1.8803,1.0,0.0,1.0,0.0,0.0,1.0,0.0,1.0,60-65,65-70
AXISBANK.NS|2026-09-08|ensemble_lr0.20_rf0.30_xgb0.50,AXISBANK.NS,2026-09-08,ensemble_lr0.20_rf0.30_xgb0.50,2025-09-09,2026-09-08,2026-09-07,2025-10-07,2026-09-07,2026-09-08,227,2026-09-07,True,1,0.5217391304347826,0.24391328997511766,0.24,0.1519850194454193,0.19677516771773318,0,80.32,0.6821007907389349,1,68.21,HOLD,0.458,-0.084,Sideways,0.165,0.0,unavailable_no_point_in_time_source,True,1266.0,1244.9000244140625,2026-09-09,1238.5,-0.5141,0,2026-09-11,1246.0,0.0884,1.0,2026-09-16,1241.0,-0.3133,0.0,2026-09-23,1243.199951171875,-0.1366,0.0,0,1,0,0,1,1,-2.1722,1,0.0,1.0,1.0,0.0,1.0,-1.5798,1.0,1.0,0.0,0.0,1.0,1.0,-1.9747,1.0,1.0,0.0,0.0,1.0,1.0,-1.801,1.0,80-85,65-70
BAJAJ-AUTO.NS|2026-09-08|ensemble_lr0.20_rf0.30_xgb0.50,BAJAJ-AUTO.NS,2026-09-08,ensemble_lr0.20_rf0.30_xgb0.50,2025-09-09,2026-09-08,2026-09-07,2025-10-07,2026-09-07,2026-09-08,227,2026-09-07,True,1,0.41304347826086957,0.5692289925484466,0.68,0.5911688804626465,0.6134302387410127,1,61.34,0.4825893049215423,0,51.74,BUY,0.6125,0.2249,Sideways,0.5,0.0,unavailable_no_point_in_time_source,False,11800.0,11880.0,2026-09-09,11790.0,-0.7576,0,2026-09-11,11678.0,-1.7003,0.0,2026-09-16,11593.0,-2.4158,0.0,2026-09-23,11400.0,-4.0404,0.0,1,0,1,0,0,0,-0.0847,0,0.0,1.0,0.0,0.0,0.0,-1.0339,0.0,0.0,1.0,0.0,0.0,0.0,-1.7542,0.0,0.0,1.0,0.0,0.0,0.0,-3.3898,0.0,60-65,50-55
BAJAJFINSV.NS|2026-09-08|ensemble_lr0.20_rf0.30_xgb0.50,BAJAJFINSV.NS,2026-09-08,ensemble_lr0.20_rf0.30_xgb0.50,2025-09-09,2026-09-08,2026-09-07,2025-10-07,2026-09-07,2026-09-08,227,2026-09-07,True,0,0.5289855072463768,0.3068541004878112,0.12,0.15968038141727448,0.17721101080619947,0,82.28,0.25307891647707137,0,74.69,HOLD,0.4673,-0.0653,Sideways,0.165,0.0,unavailable_no_point_in_time_source,True,1938.6,1938.0999755859375,2026-09-09,1927.0,-0.5727,0,2026-09-11,1913.5,-1.2693,0.0,2026-09-16,1837.0,-5.2164,0.0,2026-09-23,1846.5,-4.7263,0.0,0,1,1,1,1,1,-0.5984,1,1.0,1.0,1.0,1.0,1.0,-1.2947,1.0,1.0,1.0,1.0,1.0,0.0,-5.2409,0.0,1.0,1.0,1.0,1.0,0.0,-4.7509,0.0,80-85,70-75
BAJFINANCE.NS|2026-09-08|ensemble_lr0.20_rf0.30_xgb0.50,BAJFINANCE.NS,2026-09-08,ensemble_lr0.20_rf0.30_xgb0.50,2025-09-09,2026-09-08,2026-09-07,2025-10-07,2026-09-07,2026-09-08,227,2026-09-07,True,0,0.5144927536231884,0.2166579080873089,0.18,0.24477897584438324,0.2197210695396534,0,78.03,0.32640697503298266,0,67.36,HOLD,0.4741,-0.0519,Sideways,0.335,0.0,unavailable_no_point_in_time_source,True,1060.0,1054.0999755859375,2026-09-09,1039.300048828125,-1.404,0,2026-09-11,1034.5,-1.8594,0.0,2026-09-16,1006.2000122070312,-4.5442,0.0,2026-09-23,1043.199951171875,-1.0341,0.0,0,1,1,1,1,1,-1.9528,1,1.0,1.0,1.0,1.0,1.0,-2.4057,1.0,1.0,1.0,1.0,1.0,0.0,-5.0755,0.0,1.0,1.0,1.0,1.0,1.0,-1.5849,1.0,75-80,65-70
BEL.NS|2026-09-08|ensemble_lr0.20_rf0.30_xgb0.50,BEL.NS,2026-09-08,ensemble_lr0.20_rf0.30_xgb0.50,2025-09-09,2026-09-08,2026-09-07,2025-10-07,2026-09-07,2026-09-08,227,2026-09-07,True,0,0.4492753623188406,0.44129331791280507,0.76,0.7455077171325684,0.6890125221488452,1,68.9,0.4541079993781135,0,54.59,HOLD,0.5267,0.0535,Sideways,-0.165,0.0,unavailable_no_point_in_time_source,True,404.0,410.54998779296875,2026-09-09,406.0,-1.1083,0,2026-09-11,404.3500061035156,-1.5102,0.0,2026-09-16,385.75,-6.0407,0.0,2026-09-23,396.04998779296875,-3.5318,0.0,1,0,1,1,0,1,0.495,1,0.0,1.0,1.0,0.0,1.0,0.0866,1.0,0.0,1.0,1.0,0.0,0.0,-4.5173,0.0,0.0,1.0,1.0,0.0,0.0,-1.9678,1.0,65-70,50-55
BPCL.NS|2026-09-08|ensemble_lr0.20_rf0.30_xgb0.50,BPCL.NS,2026-09-08,ensemble_lr0.20_rf0.30_xgb0.50,2025-09-09,2026-09-08,2026-09-07,2025-10-07,2026-09-07,2026-09-08,227,2026-09-07,True,0,0.5217391304347826,0.3950561745674669,0.16,0.15869496762752533,0.20635871872725603,0,79.36,0.4621309954381366,0,53.79,HOLD,0.4247,-0.1506,Sideways,0.0,0.0,unavailable_no_point_in_time_source,True,312.9,303.8500061035156,2026-09-09,303.54998779296875,-0.0987,0,2026-09-11,304.5,0.2139,1.0,2026-09-16,303.3500061035156,-0.1646,0.0,2026-09-23,315.75,3.9164,1.0,0,1,1,1,1,1,-2.9882,1,0.0,0.0,0.0,0.0,1.0,-2.6846,1.0,1.0,1.0,1.0,1.0,1.0,-3.0521,0.0,0.0,0.0,0.0,0.0,0.0,0.9108,1.0,75-80,50-55
AARTIIND.NS|2026-09-16|ensemble_lr0.20_rf0.30_xgb0.50,AARTIIND.NS,2026-09-16,ensemble_lr0.20_rf0.30_xgb0.50,2025-09-17,2026-09-16,2026-09-14,2025-10-15,2026-09-14,2026-09-15,226,2026-09-14,True,0,0.5507246376811595,0.4634858801835918,0.12,0.11110305786132812,0.18424870496738244,0,81.58,0.4328581052835716,0,56.71,HOLD,0.4552,-0.0896,Sideways,0.0,0.0,unavailable_no_point_in_time_source,True,492.7,472.8500061035156,2026-09-17,476.6000061035156,0.7931,1,2026-09-21,499.79998779296875,5.6995,1.0,2026-09-23,491.3500061035156,3.9124,1.0,2026-09-30,475.70001220703125,0.6027,1.0,1,0,0,0,1,1,-3.2677,0,0.0,0.0,0.0,1.0,0.0,1.441,1.0,0.0,0.0,0.0,1.0,0.0,-0.274,1.0,0.0,0.0,0.0,1.0,1.0,-3.4504,0.0,80-85,55-60
AAVAS.NS|2026-09-16|ensemble_lr0.20_rf0.30_xgb0.50,AAVAS.NS,2026-09-16,ensemble_lr0.20_rf0.30_xgb0.50,2025-09-17,2026-09-16,2026-09-14,2025-10-15,2026-09-14,2026-09-15,226,2026-09-14,True,0,0.572463768115942,0.41253469499065204,0.16,0.17701692879199982,0.21901540339413034,0,78.1,0.252156840668409,0,74.78,SELL,0.3727,-0.2547,Sideways,-0.5,0.0,unavailable_no_point_in_time_source,False,1275.1,1282.5,2026-09-17,1291.800048828125,0.7252,1,2026-09-21,1321.199951171875,3.0175,1.0,2026-09-23,1285.800048828125,0.2573,1.0,2026-09-30,1211.9000244140625,-5.5049,0.0,1,0,0,0,1,0,1.3097,0,0.0,0.0,0.0,1.0,0.0,3.6154,0.0,0.0,0.0,0.0,1.0,0.0,0.8392,0.0,1.0,1.0,1.0,0.0,1.0,-4.9565,1.0,75-80,70-75
ABCAPITAL.NS|2026-09-16|ensemble_lr0.20_rf0.30_xgb0.50,ABCAPITAL.NS,2026-09-16,ensemble_lr0.20_rf0.30_xgb0.50,2025-09-17,2026-09-16,2026-09-14,2025-10-15,2026-09-14,2026-09-15,226,2026-09-14,True,0,0.6231884057971014,0.3827149483045549,0.2,0.2268020659685135,0.24994402264516774,0,75.01,0.6079991743417215,1,60.8,HOLD,0.4401,-0.1198,Sideways,-0.165,0.0,unavailable_no_point_in_time_source,True,395.0,381.29998779296875,2026-09-17,390.0,2.2817,1,2026-09-21,403.3999938964844,5.796,1.0,2026-09-23,402.45001220703125,5.5468,1.0,2026-09-30,380.6000061035156,-0.1836,0.0,1,0,1,0,1,1,-1.2658,1,0.0,1.0,0.0,1.0,0.0,2.1266,1.0,0.0,1.0,0.0,1.0,0.0,1.8861,1.0,1.0,0.0,1.0,0.0,1.0,-3.6456,0.0,75-80,60-65
ABFRL.NS|2026-09-16|ensemble_lr0.20_rf0.30_xgb0.50,ABFRL.NS,2026-09-16,ensemble_lr0.20_rf0.30_xgb0.50,2025-09-17,2026-09-16,2026-09-14,2025-10-15,2026-09-14,2026-09-15,226,2026-09-14,True,0,0.34057971014492755,0.43734858571935104,0.14,0.14934639632701874,0.20414291530737957,0,79.59,0.3802157381581466,0,61.98,SELL,0.3359,-0.3282,High Volatility,-1.0,0.0,unavailable_no_point_in_time_source,True,50.44,49.7400016784668,2026-09-17,50.45000076293945,1.4274,1,2026-09-21,49.849998474121094,0.2211,1.0,2026-09-23,49.09000015258789,-1.3068,0.0,2026-09-30,46.31999969482422,-6.8758,0.0,1,0,0,0,1,0,0.0198,0,0.0,0.0,0.0,1.0,0.0,-1.1697,1.0,1.0,1.0,1.0,0.0,1.0,-2.6764,1.0,1.0,1.0,1.0,0.0,1.0,-8.1681,1.0,75-80,60-65
ACC.NS|2026-09-16|ensemble_lr0.20_rf0.30_xgb0.50,ACC.NS,2026-09-16,ensemble_lr0.20_rf0.30_xgb0.50,2025-09-17,2026-09-16,2026-09-14,2025-10-15,2026-09-14,2026-09-15,226,2026-09-14,True,0,0.4057971014492754,0.3471592209912107,0.1,0.12025737762451172,0.159560533010498,0,84.04,0.2817877251784141,0,71.82,SELL,0.3095,-0.3811,Bearish,-0.665,0.0,unavailable_no_point_in_time_source,False,1246.5,1226.5999755859375,2026-09-17,1232.5,0.481,1,2026-09-21,1256.300048828125,2.4213,1.0,2026-09-23,1251.4000244140625,2.0219,1.0,2026-09-30,1204.0999755859375,-1.8343,0.0,1,0,0,0,1,0,-1.1231,1,0.0,0.0,0.0,1.0,0.0,0.7862,0.0,0.0,0.0,0.0,1.0,0.0,0.3931,0.0,1.0,1.0,1.0,0.0,1.0,-3.4015,1.0,80-85,70-75
ADANIENT.NS|2026-09-16|ensemble_lr0.20_rf0.30_xgb0.50,ADANIENT.NS,2026-09-16,ensemble_lr0.20_rf0.30_xgb0.50,2025-09-17,2026-09-16,2026-09-14,2025-10-15,2026-09-14,2026-09-15,226,2026-09-14,True,0,0.6086956521739131,0.3471104590976855,0.04,0.0744631215929985,0.11865365261603636,0,88.13,0.7849813872788467,1,78.5,HOLD,0.4953,-0.0094,Sideways,0.165,0.0,unavailable_no_point_in_time_source,True,3060.0,2920.0,2026-09-17,2923.199951171875,0.1096,1,2026-09-21,2975.0,1.8836,1.0,2026-09-23,2993.199951171875,2.5068,1.0,2026-09-30,2903.39990234375,-0.5685,0.0,0,0,1,0,0,1,-4.4706,0,0.0,1.0,0.0,0.0,1.0,-2.7778,1.0,0.0,1.0,0.0,0.0,1.0,-2.183,1.0,1.0,0.0,1.0,1.0,1.0,-5.1177,0.0,85-90,75-80
ADANIPORTS.NS|2026-09-16|ensemble_lr0.20_rf0.30_xgb0.50,ADANIPORTS.NS,2026-09-16,ensemble_lr0.20_rf0.30_xgb0.50,2025-09-17,2026-09-16,2026-09-14,2025-10-15,2026-09-14,2026-09-15,226,2026-09-14,True,0,0.4855072463768116,0.30046000542056944,0.1,0.10218340158462524,0.1411837018764265,0,85.88,0.42905701426019066,0,57.09,HOLD,0.4811,-0.0379,Bullish,0.165,0.0,unavailable_no_point_in_time_source,True,1764.6,1723.800048828125,2026-09-17,1738.300048828125,0.8412,1,2026-09-21,1787.0999755859375,3.6721,1.0,2026-09-23,1807.300048828125,4.8439,1.0,2026-09-30,1798.300048828125,4.3218,1.0,1,0,0,0,1,1,-1.4904,1,0.0,0.0,0.0,1.0,0.0,1.2751,1.0,0.0,0.0,0.0,1.0,0.0,2.4198,1.0,0.0,0.0,0.0,1.0,0.0,1.9098,1.0,85-90,55-60
AETHER.NS|2026-09-16|ensemble_lr0.20_rf0.30_xgb0.50,AETHER.NS,2026-09-16,ensemble_lr0.20_rf0.30_xgb0.50,2025-09-17,2026-09-16,2026-09-14,2025-10-15,2026-09-14,2026-09-15,226,2026-09-14,True,0,0.5144927536231884,0.4823650596122481,0.2,0.1840447634458542,0.2484953936453767,0,75.15,0.4895690374438323,0,51.04,HOLD,0.5327,0.0654,High Volatility,0.5,0.0,unavailable_no_point_in_time_source,False,1674.7,1603.0999755859375,2026-09-17,1623.300048828125,1.2601,1,2026-09-21,1639.5999755859375,2.2768,1.0,2026-09-23,1648.199951171875,2.8133,1.0,2026-09-30,1699.300048828125,6.0009,1.0,1,0,0,0,1,1,-3.0692,0,0.0,0.0,0.0,1.0,1.0,-2.0959,1.0,0.0,0.0,0.0,1.0,1.0,-1.5824,1.0,0.0,0.0,0.0,1.0,0.0,1.4689,1.0,75-80,50-55
AIAENG.NS|2026-09-16|ensemble_lr0.20_rf0.30_xgb0.50,AIAENG.NS,2026-09-16,ensemble_lr0.20_rf0.30_xgb0.50,2025-09-17,2026-09-16,2026-09-14,2025-10-15,2026-09-15,2026-09-16,226,2026-09-15,True,1,0.5289855072463768,0.3391866260534536,0.24,0.19526377320289612,0.2374692118121388,0,76.25,0.6032993539594594,1,60.33,SELL,0.3596,-0.2809,High Volatility,-0.5,0.0,unavailable_no_point_in_time_source,False,3899.3,3805.800048828125,2026-09-17,3983.39990234375,4.6666,1,2026-09-21,3941.0,3.5525,1.0,2026-09-23,3970.0,4.3145,1.0,2026-09-30,3869.0,1.6606,1.0,0,0,1,1,0,0,2.1568,0,0.0,1.0,1.0,0.0,0.0,1.0694,0.0,0.0,1.0,1.0,0.0,0.0,1.8131,0.0,0.0,1.0,1.0,0.0,0.0,-0.7771,1.0,75-80,60-65
AJANTPHARM.NS|2026-09-16|ensemble_lr0.20_rf0.30_xgb0.50,AJANTPHARM.NS,2026-09-16,ensemble_lr0.20_rf0.30_xgb0.50,2025-09-17,2026-09-16,2026-09-14,2025-10-15,2026-09-14,2026-09-15,226,2026-09-14,True,0,0.6159420289855073,0.686294377974782,0.18,0.3718603253364563,0.3771890382631845,0,62.28,0.6880898538649313,1,68.81,HOLD,0.487,-0.0261,Sideways,0.5,0.0,unavailable_no_point_in_time_source,False,3533.4,3508.89990234375,2026-09-17,3500.5,-0.2394,0,2026-09-21,3542.10009765625,0.9462,1.0,2026-09-23,3568.10009765625,1.6871,1.0,2026-09-30,3620.800048828125,3.189,1.0,0,1,0,1,1,1,-0.9311,1,0.0,1.0,0.0,0.0,1.0,0.2462,1.0,0.0,1.0,0.0,0.0,1.0,0.9821,1.0,0.0,1.0,0.0,0.0,0.0,2.4735,1.0,60-65,65-70
ALEMBICLTD.NS|2026-09-16|ensemble_lr0.20_rf0.30_xgb0.50,ALEMBICLTD.NS,2026-09-16,ensemble_lr0.20_rf0.30_xgb0.50,2025-09-17,2026-09-16,2026-09-14,2025-10-15,2026-09-14,2026-09-15,226,2026-09-14,True,0,0.5579710144927535,0.08864435943462555,0.06,0.09068943560123444,0.08107358968754233,0,91.89,0.20097444421201138,0,79.9,HOLD,0.5538,0.1077,High Volatility,0.5,0.0,unavailable_no_point_in_time_source,True,104.33,98.94999694824219,2026-09-17,102.72000122070312,3.81,1,2026-09-21,103.54000091552734,4.6387,1.0,2026-09-23,106.04000091552734,7.1652,1.0,2026-09-30,107.2300033569336,8.3679,1.0,0,0,0,0,0,0,-1.5432,1,0.0,0.0,0.0,0.0,0.0,-0.7572,1.0,0.0,0.0,0.0,0.0,0.0,1.639,1.0,0.0,0.0,0.0,0.0,0.0,2.7796,1.0,90-95,75-80
ALKEM.NS|2026-09-16|ensemble_lr0.20_rf0.30_xgb0.50,ALKEM.NS,2026-09-16,ensemble_lr0.20_rf0.30_xgb0.50,2025-09-17,2026-09-16,2026-09-14,2025-10-15,2026-09-14,2026-09-15,226,2026-09-14,True,0,0.4275362318840579,0.5046944897435355,0.68,0.637234091758728,0.6235559438280711,1,62.36,0.49635393349704593,0,50.36,HOLD,0.4382,-0.1236,Bearish,-0.835,0.0,unavailable_no_point_in_time_source,False,5087.5,5175.0,2026-09-17,5348.5,3.3527,1,2026-09-21,5364.0,3.6522,1.0,2026-09-23,5417.5,4.686,1.0,2026-09-30,5163.5,-0.2222,0.0,1,1,0,0,1,0,5.1302,0,1.0,0.0,0.0,1.0,0.0,5.4349,0.0,1.0,0.0,0.0,1.0,0.0,6.4865,0.0,0.0,1.0,1.0,0.0,1.0,1.4939,1.0,60-65,50-55
AMBER.NS|2026-09-16|ensemble_lr0.20_rf0.30_xgb0.50,AMBER.NS,2026-09-16,ensemble_lr0.20_rf0.30_xgb0.50,2025-09-17,2026-09-16,2026-09-14,2025-10-15,2026-09-14,2026-09-15,226,2026-09-14,True,0,0.4855072463768116,0.29026612953921066,0.14,0.1366494745016098,0.16837796315864703,0,83.16,0.27038060307695266,0,72.96,SELL,0.3735,-0.253,Sideways,-0.165,0.0,unavailable_no_point_in_time_source,False,7245.0,6930.0,2026-09-17,7046.0,1.6739,1,2026-09-21,7098.0,2.4242,1.0,2026-09-23,7064.5,1.9408,1.0,2026-09-30,6672.5,-3.7157,0.0,0,0,0,0,0,0,-2.7467,1,0.0,0.0,0.0,0.0,0.0,-2.029,1.0,0.0,0.0,0.0,0.0,0.0,-2.4914,1.0,1.0,1.0,1.0,1.0,1.0,-7.902,1.0,80-85,70-75
ANGELONE.NS|2026-09-16|ensemble_lr0.20_rf0.30_xgb0.50,ANGELONE.NS,2026-09-16,ensemble_lr0.20_rf0.30_xgb0.50,2025-09-17,2026-09-16,2026-09-14,2025-10-15,2026-09-14,2026-09-15,226,2026-09-14,True,0,0.5362318840579711,0.4213212932530933,0.26,0.23019146919250488,0.2773599932468711,0,72.26,0.27754524253040425,0,72.25,HOLD,0.4285,-0.1431,High Volatility,0.0,0.0,unavailable_no_point_in_time_source,True,305.0,293.5,2026-09-17,295.0,0.5111,1,2026-09-21,296.1499938964844,0.9029,1.0,2026-09-23,300.0,2.2147,1.0,2026-09-30,274.0,-6.644,0.0,0,0,0,0,0,1,-3.2787,0,0.0,0.0,0.0,0.0,1.0,-2.9016,1.0,0.0,0.0,0.0,0.0,1.0,-1.6393,1.0,1.0,1.0,1.0,1.0,0.0,-10.1639,0.0,70-75,70-75
APARINDS.NS|2026-09-16|ensemble_lr0.20_rf0.30_xgb0.50,APARINDS.NS,2026-09-16,ensemble_lr0.20_rf0.30_xgb0.50,2025-09-17,2026-09-16,2026-09-14,2025-10-15,2026-09-14,2026-09-15,226,2026-09-14,True,1,0.536231884057971,0.41736948559605824,0.16,0.12177327275276184,0.19236053349559257,0,80.76,0.6602054594946801,1,66.02,HOLD,0.5132,0.0265,High Volatility,0.5,0.0,unavailable_no_point_in_time_source,False,17500.0,17075.0,2026-09-17,17801.0,4.2518,1,2026-09-21,18945.0,10.9517,1.0,2026-09-23,17876.0,4.6911,1.0,2026-09-30,17384.0,1.8097,1.0,1,0,1,1,1,0,1.72,1,0.0,1.0,1.0,1.0,0.0,8.2571,0.0,0.0,1.0,1.0,1.0,0.0,2.1486,1.0,0.0,1.0,1.0,1.0,1.0,-0.6629,1.0,80-85,65-70
APOLLOHOSP.NS|2026-09-16|ensemble_lr0.20_rf0.30_xgb0.50,APOLLOHOSP.NS,2026-09-16,ensemble_lr0.20_rf0.30_xgb0.50,2025-09-17,2026-09-16,2026-09-14,2025-10-15,2026-09-14,2026-09-15,226,2026-09-14,True,0,0.5,0.43262309758548473,0.16,0.21751543879508972,0.2432823389146418,0,75.67,0.3786443418352678,0,62.14,HOLD,0.512,0.024,Sideways,0.33,0.0,unavailable_no_point_in_time_source,False,8836.0,8696.5,2026-09-17,8768.5,0.8279,1,2026-09-21,8912.0,2.478,1.0,2026-09-23,9069.0,4.2833,1.0,2026-09-30,8165.5,-6.1059,0.0,0,0,0,0,0,1,-0.7639,1,0.0,0.0,0.0,0.0,1.0,0.8601,1.0,0.0,0.0,0.0,0.0,0.0,2.6369,1.0,1.0,1.0,1.0,1.0,0.0,-7.5883,0.0,75-80,60-65
APOLLOTYRE.NS|2026-09-16|ensemble_lr0.20_rf0.30_xgb0.50,APOLLOTYRE.NS,2026-09-16,ensemble_lr0.20_rf0.30_xgb0.50,2025-09-17,2026-09-16,2026-09-14,2025-10-15,2026-09-14,2026-09-15,226,2026-09-14,True,0,0.47826086956521746,0.35359586381111807,0.18,0.14780546724796295,0.19862190638620508,0,80.14,0.5363637232925542,1,53.64,SELL,0.3806,-0.2388,Sideways,-0.335,0.0,unavailable_no_point_in_time_source,True,417.65,411.95001220703125,2026-09-17,412.1499938964844,0.0485,1,2026-09-21,409.29998779296875,-0.6433,0.0,2026-09-23,405.70001220703125,-1.5172,0.0,2026-09-30,404.70001220703125,-1.7599,0.0,1,0,1,0,1,0,-1.3169,1,1.0,0.0,1.0,0.0,1.0,-1.9993,1.0,1.0,0.0,1.0,0.0,1.0,-2.8612,1.0,1.0,0.0,1.0,0.0,1.0,-3.1007,1.0,80-85,50-55
ASHOKLEY.NS|2026-09-16|ensemble_lr0.20_rf0.30_xgb0.50,ASHOKLEY.NS,2026-09-16,ensemble_lr0.20_rf0.30_xgb0.50,2025-09-17,2026-09-16,2026-09-14,2025-10-15,2026-09-14,2026-09-15,226,2026-09-14,True,1,0.572463768115942,0.36704164768374276,0.02,0.12278521060943604,0.14080093484146658,0,85.92,0.4969604400479244,0,50.3,HOLD,0.4739,-0.0521,Sideways,0.17,0.0,unavailable_no_point_in_time_source,True,163.75,156.5,2026-09-17,158.6199951171875,1.3546,1,2026-09-21,161.75,3.3546,1.0,2026-09-23,162.88999938964844,4.0831,1.0,2026-09-30,154.19000244140625,-1.476,0.0,0,0,0,1,0,1,-3.1328,0,0.0,0.0,1.0,0.0,0.0,-1.2214,1.0,0.0,0.0,1.0,0.0,0.0,-0.5252,1.0,1.0,1.0,0.0,1.0,1.0,-5.8382,0.0,85-90,50-55
ASIANPAINT.NS|2026-09-16|ensemble_lr0.20_rf0.30_xgb0.50,ASIANPAINT.NS,2026-09-16,ensemble_lr0.20_rf0.30_xgb0.50,2025-09-17,2026-09-16,2026-09-14,2025-10-15,2026-09-14,2026-09-15,226,2026-09-14,True,0,0.5,0.30051434980038355,0.14,0.27177318930625916,0.2379894646132063,0,76.2,0.4299083776868261,0,57.01,SELL,0.3373,-0.3253,Bearish,-0.5,0.0,unavailable_no_point_in_time_source,True,2472.5,2416.60009765625,2026-09-17,2454.0,1.5476,1,2026-09-21,2440.300048828125,0.9807,1.0,2026-09-23,2455.0,1.589,1.0,2026-09-30,2402.60009765625,-0.5793,0.0,1,0,0,0,1,0,-0.7482,1,0.0,0.0,0.0,1.0,0.0,-1.3023,1.0,0.0,0.0,0.0,1.0,0.0,-0.7078,1.0,1.0,1.0,1.0,0.0,1.0,-2.8271,1.0,75-80,55-60
ASTRAL.NS|2026-09-16|ensemble_lr0.20_rf0.30_xgb0.50,ASTRAL.NS,2026-09-16,ensemble_lr0.20_rf0.30_xgb0.50,2025-09-17,2026-09-16,2026-09-14,2025-10-15,2026-09-14,2026-09-15,226,2026-09-14,True,1,0.5652173913043478,0.4187791200994798,0.24,0.336882621049881,0.32419713454483645,0,67.58,0.5116693737083047,1,51.17,SELL,0.3726,-0.2548,Bearish,-0.5,0.0,unavailable_no_point_in_time_source,True,1411.4,1382.5,2026-09-17,1398.9000244140625,1.1863,1,2026-09-21,1400.9000244140625,1.3309,1.0,2026-09-23,1394.800048828125,0.8897,1.0,2026-09-30,1370.4000244140625,-0.8752,0.0,1,0,1,1,1,0,-0.8856,1,0.0,1.0,1.0,1.0,0.0,-0.7439,1.0,0.0,1.0,1.0,1.0,0.0,-1.1761,1.0,1.0,0.0,0.0,0.0,1.0,-2.9049,1.0,65-70,50-55
AUBANK.NS|2026-09-16|ensemble_lr0.20_rf0.30_xgb0.50,AUBANK.NS,2026-09-16,ensemble_lr0.20_rf0.30_xgb0.50,2025-09-17,2026-09-16,2026-09-14,2025-10-15,2026-09-14,2026-09-15,226,2026-09-14,True,0,0.5362318840579711,0.5022118202575268,0.1,0.11854861676692963,0.18971667243497017,0,81.03,0.6062218376344575,1,60.62,HOLD,0.4355,-0.129,Sideways,-0.165,0.0,unavailable_no_point_in_time_source,True,1058.9,1033.199951171875,2026-09-17,1039.300048828125,0.5904,1,2026-09-21,1038.0,0.4646,1.0,2026-09-23,1053.0,1.9164,1.0,2026-09-30,1010.2999877929688,-2.2164,0.0,1,0,1,0,1,1,-1.851,1,0.0,1.0,0.0,1.0,1.0,-1.9737,1.0,0.0,1.0,0.0,1.0,1.0,-0.5572,1.0,1.0,0.0,1.0,0.0,1.0,-4.5897,0.0,80-85,60-65
AXISBANK.NS|2026-09-16|ensemble_lr0.20_rf0.30_xgb0.50,AXISBANK.NS,2026-09-16,ensemble_lr0.20_rf0.30_xgb0.50,2025-09-17,2026-09-16,2026-09-14,2025-10-15,2026-09-14,2026-09-15,226,2026-09-14,True,0,0.5144927536231885,0.3317737204442492,0.22,0.11494126170873642,0.18982537494321805,0,81.02,0.5294810400228709,1,52.95,SELL,0.3905,-0.219,Sideways,-0.165,0.0,unavailable_no_point_in_time_source,True,1246.0,1241.0,2026-09-17,1240.0,-0.0806,0,2026-09-21,1250.0,0.7252,1.0,2026-09-23,1243.199951171875,0.1773,1.0,2026-09-30,1226.0,-1.2087,0.0,1,1,0,1,0,1,-0.4815,1,0.0,1.0,0.0,1.0,0.0,0.321,0.0,0.0,1.0,0.0,1.0,0.0,-0.2247,1.0,1.0,0.0,1.0,0.0,1.0,-1.6051,1.0,80-85,50-55
BAJAJ-AUTO.NS|2026-09-16|ensemble_lr0.20_rf0.30_xgb0.50,BAJAJ-AUTO.NS,2026-09-16,ensemble_lr0.20_rf0.30_xgb0.50,2025-09-17,2026-09-16,2026-09-14,2025-10-15,2026-09-14,2026-09-15,226,2026-09-14,True,1,0.49275362318840576,0.24667136014202454,0.1,0.10364006459712982,0.1311543043269698,0,86.88,0.3248541549841839,0,67.51,HOLD,0.4756,-0.0488,Sideways,0.5,0.0,unavailable_no_point_in_time_source,False,11678.0,11593.0,2026-09-17,11500.0,-0.8022,0,2026-09-21,11460.0,-1.1472,0.0,2026-09-23,11400.0,-1.6648,0.0,2026-09-30,10874.0,-6.202,0.0,1,1,1,0,0,1,-1.5242,1,1.0,1.0,0.0,0.0,1.0,-1.8668,1.0,1.0,1.0,0.0,0.0,1.0,-2.3805,1.0,1.0,1.0,0.0,0.0,0.0,-6.8847,0.0,85-90,65-70
BAJAJFINSV.NS|2026-09-16|ensemble_lr0.20_rf0.30_xgb0.50,BAJAJFINSV.NS,2026-09-16,ensemble_lr0.20_rf0.30_xgb0.50,2025-09-17,2026-09-16,2026-09-14,2025-10-15,2026-09-14,2026-09-15,226,2026-09-14,True,0,0.608695652173913,0.20323368404099734,0.14,0.2573983073234558,0.21134589046992738,0,78.87,0.37213252503971117,0,62.79,SELL,0.4009,-0.1982,Bearish,-0.17,0.0,unavailable_no_point_in_time_source,True,1913.5,1837.0,2026-09-17,1859.199951171875,1.2085,1,2026-09-21,1849.800048828125,0.6968,1.0,2026-09-23,1846.5,0.5171,1.0,2026-09-30,1731.0,-5.7703,0.0,0,0,0,0,0,0,-2.8377,1,0.0,0.0,0.0,0.0,0.0,-3.329,1.0,0.0,0.0,0.0,0.0,0.0,-3.5014,1.0,1.0,1.0,1.0,1.0,1.0,-9.5375,1.0,75-80,60-65
BAJFINANCE.NS|2026-09-16|ensemble_lr0.20_rf0.30_xgb0.50,BAJFINANCE.NS,2026-09-16,ensemble_lr0.20_rf0.30_xgb0.50,2025-09-17,2026-09-16,2026-09-14,2025-10-15,2026-09-14,2026-09-15,226,2026-09-14,True,0,0.5652173913043478,0.21006003177030327,0.1,0.08915334939956665,0.11658868105384398,0,88.34,0.5283595475272195,1,52.84,SELL,0.4028,-0.1943,Bearish,0.0,0.0,unavailable_no_point_in_time_source,True,1034.5,1006.2000122070312,2026-09-17,1015.0,0.8746,1,2026-09-21,1021.2999877929688,1.5007,1.0,2026-09-23,1043.199951171875,3.6772,1.0,2026-09-30,959.4000244140625,-4.6512,0.0,0,0,1,0,0,0,-1.885,1,0.0,1.0,0.0,0.0,0.0,-1.276,1.0,0.0,1.0,0.0,0.0,0.0,0.841,0.0,1.0,0.0,1.0,1.0,1.0,-7.2595,1.0,85-90,50-55
BEL.NS|2026-09-16|ensemble_lr0.20_rf0.30_xgb0.50,BEL.NS,2026-09-16,ensemble_lr0.20_rf0.30_xgb0.50,2025-09-17,2026-09-16,2026-09-14,2025-10-15,2026-09-14,2026-09-15,226,2026-09-14,True,0,0.4855072463768116,0.32719359805750087,0.2,0.22266019880771637,0.23676881901535834,0,76.32,0.4525792847243917,0,54.74,SELL,0.4109,-0.1782,Sideways,-0.165,0.0,unavailable_no_point_in_time_source,True,404.35,385.75,2026-09-17,395.45001220703125,2.5146,1,2026-09-21,398.5,3.3052,1.0,2026-09-23,396.04998779296875,2.6701,1.0,2026-09-30,388.29998779296875,0.661,1.0,1,0,0,0,1,0,-2.2011,1,0.0,0.0,0.0,1.0,0.0,-1.4468,1.0,0.0,0.0,0.0,1.0,0.0,-2.0527,1.0,0.0,0.0,0.0,1.0,0.0,-3.9693,1.0,75-80,50-55
BPCL.NS|2026-09-16|ensemble_lr0.20_rf0.30_xgb0.50,BPCL.NS,2026-09-16,ensemble_lr0.20_rf0.30_xgb0.50,2025-09-17,2026-09-16,2026-09-14,2025-10-15,2026-09-14,2026-09-15,226,2026-09-14,True,0,0.47826086956521735,0.566218889822922,0.24,0.2992922365665436,0.3348898962478562,0,66.51,0.4301112429239185,0,56.99,SELL,0.4027,-0.1946,Sideways,-0.17,0.0,unavailable_no_point_in_time_source,True,304.5,303.3500061035156,2026-09-17,307.0,1.2032,1,2026-09-21,312.75,3.0987,1.0,2026-09-23,315.75,4.0877,1.0,2026-09-30,303.20001220703125,-0.0494,0.0,1,0,0,0,1,0,0.821,0,0.0,0.0,0.0,1.0,0.0,2.7094,0.0,0.0,0.0,0.0,1.0,0.0,3.6946,0.0,1.0,1.0,1.0,0.0,1.0,-0.4269,1.0,65-70,55-60
AARTIIND.NS|2026-09-23|ensemble_lr0.20_rf0.30_xgb0.50,AARTIIND.NS,2026-09-23,ensemble_lr0.20_rf0.30_xgb0.50,2025-09-24,2026-09-23,2026-09-21,2025-10-23,2026-09-22,2026-09-23,226,2026-09-22,True,0,0.4855072463768116,0.6152483332074306,0.16,0.23381148278713226,0.28795540803505226,0,71.2,0.5021457983226938,1,50.21,SELL,0.389,-0.2221,High Volatility,-0.165,0.0,unavailable_no_point_in_time_source,True,496.0,491.3500061035156,2026-09-24,489.45001220703125,-0.3867,0,2026-09-28,476.6000061035156,-3.0019,0.0,2026-09-30,475.70001220703125,-3.1851,0.0,,,,,0,1,0,1,1,1,-1.3206,1,1.0,0.0,1.0,1.0,1.0,-3.9113,1.0,1.0,0.0,1.0,1.0,1.0,-4.0927,1.0,,,,,,,,70-75,50-55
AAVAS.NS|2026-09-23|ensemble_lr0.20_rf0.30_xgb0.50,AAVAS.NS,2026-09-23,ensemble_lr0.20_rf0.30_xgb0.50,2025-09-24,2026-09-23,2026-09-21,2025-10-23,2026-09-22,2026-09-23,226,2026-09-22,True,0,0.5579710144927535,0.33940229771715885,0.16,0.13400094211101532,0.18288093059893945,0,81.71,0.16885329525434517,0,83.11,SELL,0.4,-0.1999,Sideways,-0.335,0.0,unavailable_no_point_in_time_source,False,1313.1,1285.800048828125,2026-09-24,1256.4000244140625,-2.2865,0,2026-09-28,1282.4000244140625,-0.2644,0.0,2026-09-30,1211.9000244140625,-5.7474,0.0,,,,,0,1,1,1,1,1,-4.318,1,1.0,1.0,1.0,1.0,1.0,-2.338,1.0,1.0,1.0,1.0,1.0,1.0,-7.707,1.0,,,,,,,,80-85,80-85
ABCAPITAL.NS|2026-09-23|ensemble_lr0.20_rf0.30_xgb0.50,ABCAPITAL.NS,2026-09-23,ensemble_lr0.20_rf0.30_xgb0.50,2025-09-24,2026-09-23,2026-09-21,2025-10-23,2026-09-22,2026-09-23,226,2026-09-22,True,0,0.5869565217391304,0.5305403471161553,0.74,0.8671327829360962,0.7616744608912791,1,76.17,0.3211569052672633,0,67.88,BUY,0.6202,0.2403,Sideways,0.33,0.0,unavailable_no_point_in_time_source,True,397.0,402.45001220703125,2026-09-24,390.1000061035156,-3.0687,0,2026-09-28,382.70001220703125,-4.9074,0.0,2026-09-30,380.6000061035156,-5.4292,0.0,,,,,1,0,1,1,0,0,-1.738,0,0.0,1.0,1.0,0.0,0.0,-3.602,0.0,0.0,1.0,1.0,0.0,0.0,-4.131,0.0,,,,,,,,75-80,65-70
ABFRL.NS|2026-09-23|ensemble_lr0.20_rf0.30_xgb0.50,ABFRL.NS,2026-09-23,ensemble_lr0.20_rf0.30_xgb0.50,2025-09-24,2026-09-23,2026-09-21,2025-10-23,2026-09-22,2026-09-23,226,2026-09-22,True,0,0.36231884057971014,0.32174836149462094,0.12,0.0929591953754425,0.14682926998664544,0,85.32,0.2111685584108846,0,78.88,SELL,0.3258,-0.3485,Bearish,-0.665,0.0,unavailable_no_point_in_time_source,True,49.22,49.09000015258789,2026-09-24,48.060001373291016,-2.0982,0,2026-09-28,47.59000015258789,-3.0556,0.0,2026-09-30,46.31999969482422,-5.6427,0.0,,,,,0,1,1,1,1,1,-2.3568,1,1.0,1.0,1.0,1.0,1.0,-3.3117,1.0,1.0,1.0,1.0,1.0,1.0,-5.8919,1.0,,,,,,,,85-90,75-80
ACC.NS|2026-09-23|ensemble_lr0.20_rf0.30_xgb0.50,ACC.NS,2026-09-23,ensemble_lr0.20_rf0.30_xgb0.50,2025-09-24,2026-09-23,2026-09-21,2025-10-23,2026-09-22,2026-09-23,226,2026-09-22,True,0,0.41304347826086957,0.5225033829614747,0.74,0.7679274678230286,0.7104644105038093,1,71.05,0.395441131138646,0,60.46,HOLD,0.4576,-0.0848,Bearish,-0.33,0.0,unavailable_no_point_in_time_source,False,1238.2,1251.4000244140625,2026-09-24,1236.0999755859375,-1.2226,0,2026-09-28,1213.5,-3.0286,0.0,2026-09-30,1204.0999755859375,-3.7798,0.0,,,,,1,0,1,1,0,1,-0.1696,1,0.0,1.0,1.0,0.0,0.0,-1.9948,1.0,0.0,1.0,1.0,0.0,0.0,-2.754,1.0,,,,,,,,70-75,60-65
ADANIENT.NS|2026-09-23|ensemble_lr0.20_rf0.30_xgb0.50,ADANIENT.NS,2026-09-23,ensemble_lr0.20_rf0.30_xgb0.50,2025-09-24,2026-09-23,2026-09-21,2025-10-23,2026-09-22,2026-09-23,226,2026-09-22,True,0,0.5434782608695651,0.36645989396320894,0.14,0.27223262190818787,0.25140828974673574,0,74.86,0.33887244949388207,0,66.11,HOLD,0.5137,0.0273,Sideways,0.165,0.0,unavailable_no_point_in_time_source,True,2997.0,2993.199951171875,2026-09-24,2900.0,-3.1137,0,2026-09-28,2831.10009765625,-5.4156,0.0,2026-09-30,2903.39990234375,-3.0001,0.0,,,,,0,1,1,1,1,0,-3.2366,0,1.0,1.0,1.0,1.0,0.0,-5.5355,0.0,1.0,1.0,1.0,1.0,0.0,-3.1231,0.0,,,,,,,,70-75,65-70
ADANIPORTS.NS|2026-09-23|ensemble_lr0.20_rf0.30_xgb0.50,ADANIPORTS.NS,2026-09-23,ensemble_lr0.20_rf0.30_xgb0.50,2025-09-24,2026-09-23,2026-09-21,2025-10-23,2026-09-22,2026-09-23,226,2026-09-22,True,0,0.5289855072463768,0.5007290285233801,0.76,0.6269364953041077,0.6416140533567298,1,64.16,0.49086145857407915,0,50.91,BUY,0.611,0.2219,Sideways,0.33,0.0,unavailable_no_point_in_time_source,True,1795.0,1807.300048828125,2026-09-24,1785.300048828125,-1.2173,0,2026-09-28,1743.699951171875,-3.5191,0.0,2026-09-30,1798.300048828125,-0.498,0.0,,,,,1,0,1,1,0,0,-0.5404,0,0.0,1.0,1.0,0.0,0.0,-2.8579,0.0,0.0,1.0,1.0,0.0,0.0,0.1838,1.0,,,,,,,,60-65,50-55
AETHER.NS|2026-09-23|ensemble_lr0.20_rf0.30_xgb0.50,AETHER.NS,2026-09-23,ensemble_lr0.20_rf0.30_xgb0.50,2025-09-24,2026-09-23,2026-09-21,2025-10-23,2026-09-22,2026-09-23,226,2026-09-22,True,0,0.45652173913043476,0.6765603137056678,0.9,0.8099150657653809,0.8102695956238241,1,81.03,0.7451069963605749,1,74.51,BUY,0.6271,0.2542,High Volatility,0.5,0.0,unavailable_no_point_in_time_source,False,1643.5,1648.199951171875,2026-09-24,1646.199951171875,-0.1213,0,2026-09-28,1739.199951171875,5.5212,1.0,2026-09-30,1699.300048828125,3.1004,1.0,,,,,1,0,0,1,0,0,0.1643,1,1.0,1.0,0.0,1.0,1.0,5.8229,1.0,1.0,1.0,0.0,1.0,1.0,3.3952,1.0,,,,,,,,80-85,70-75
AIAENG.NS|2026-09-23|ensemble_lr0.20_rf0.30_xgb0.50,AIAENG.NS,2026-09-23,ensemble_lr0.20_rf0.30_xgb0.50,2025-09-24,2026-09-23,2026-09-21,2025-10-23,2026-09-22,2026-09-23,226,2026-09-22,True,1,0.5144927536231885,0.2743442263331459,0.68,0.883537232875824,0.7006374617045412,1,70.06,0.3847885379159745,0,61.52,HOLD,0.4908,-0.0185,High Volatility,-0.5,0.0,unavailable_no_point_in_time_source,False,3923.4,3970.0,2026-09-24,3953.39990234375,-0.4181,0,2026-09-28,3841.39990234375,-3.2393,0.0,2026-09-30,3869.0,-2.5441,0.0,,,,,1,0,1,0,0,1,0.7646,1,0.0,1.0,0.0,0.0,0.0,-2.09,1.0,0.0,1.0,0.0,0.0,1.0,-1.3866,1.0,,,,,,,,70-75,60-65
AJANTPHARM.NS|2026-09-23|ensemble_lr0.20_rf0.30_xgb0.50,AJANTPHARM.NS,2026-09-23,ensemble_lr0.20_rf0.30_xgb0.50,2025-09-24,2026-09-23,2026-09-21,2025-10-23,2026-09-22,2026-09-23,226,2026-09-22,True,0,0.5289855072463768,0.4544740082044874,0.72,0.7911124229431152,0.7024510131124551,1,70.25,0.4464474133994165,0,55.36,BUY,0.6158,0.2317,Sideways,0.5,0.0,unavailable_no_point_in_time_source,False,3519.3,3568.10009765625,2026-09-24,3539.5,-0.8015,0,2026-09-28,3525.199951171875,-1.2023,0.0,2026-09-30,3620.800048828125,1.477,1.0,,,,,1,0,1,1,0,0,0.574,1,0.0,1.0,1.0,0.0,0.0,0.1676,1.0,1.0,0.0,0.0,1.0,1.0,2.8841,1.0,,,,,,,,70-75,55-60
ALEMBICLTD.NS|2026-09-23|ensemble_lr0.20_rf0.30_xgb0.50,ALEMBICLTD.NS,2026-09-23,ensemble_lr0.20_rf0.30_xgb0.50,2025-09-24,2026-09-23,2026-09-21,2025-10-23,2026-09-22,2026-09-23,226,2026-09-22,True,0,0.4855072463768116,0.6443571454163016,0.78,0.7966892719268799,0.7612160650467003,1,76.12,0.5241280389590197,1,52.41,BUY,0.6433,0.2865,High Volatility,0.335,0.0,unavailable_no_point_in_time_source,True,104.79,106.04000091552734,2026-09-24,107.18000030517578,1.0751,1,2026-09-28,106.91000366210938,0.8204,1.0,2026-09-30,107.2300033569336,1.1222,1.0,,,,,1,1,1,0,1,1,2.2808,1,1.0,1.0,0.0,1.0,1.0,2.0231,1.0,1.0,1.0,0.0,1.0,1.0,2.3285,1.0,,,,,,,,75-80,50-55
ALKEM.NS|2026-09-23|ensemble_lr0.20_rf0.30_xgb0.50,ALKEM.NS,2026-09-23,ensemble_lr0.20_rf0.30_xgb0.50,2025-09-24,2026-09-23,2026-09-21,2025-10-23,2026-09-22,2026-09-23,226,2026-09-22,True,0,0.4710144927536232,0.6587751285668073,0.84,0.8398981690406799,0.8037041102337015,1,80.37,0.5947767021272832,1,59.48,HOLD,0.5595,0.119,Sideways,-0.165,0.0,unavailable_no_point_in_time_source,False,5331.5,5417.5,2026-09-24,5326.0,-1.689,0,2026-09-28,5175.0,-4.4762,0.0,2026-09-30,5163.5,-4.6885,0.0,,,,,1,0,0,1,0,1,-0.1032,1,0.0,0.0,1.0,0.0,0.0,-2.9354,1.0,0.0,0.0,1.0,0.0,0.0,-3.1511,0.0,,,,,,,,80-85,55-60
AMBER.NS|2026-09-23|ensemble_lr0.20_rf0.30_xgb0.50,AMBER.NS,2026-09-23,ensemble_lr0.20_rf0.30_xgb0.50,2025-09-24,2026-09-23,2026-09-21,2025-10-23,2026-09-22,2026-09-23,226,2026-09-22,True,0,0.5,0.27807674043470665,0.7,0.698328971862793,0.6147798340183378,1,61.48,0.2878789852891074,0,71.21,HOLD,0.4378,-0.1245,Bearish,-0.5,0.0,unavailable_no_point_in_time_source,False,7000.0,7064.5,2026-09-24,6911.0,-2.1728,0,2026-09-28,6990.0,-1.0546,0.0,2026-09-30,6672.5,-5.5489,0.0,,,,,1,0,1,1,0,1,-1.2714,1,0.0,1.0,1.0,0.0,1.0,-0.1429,1.0,0.0,1.0,1.0,0.0,0.0,-4.6786,0.0,,,,,,,,60-65,70-75
ANGELONE.NS|2026-09-23|ensemble_lr0.20_rf0.30_xgb0.50,ANGELONE.NS,2026-09-23,ensemble_lr0.20_rf0.30_xgb0.50,2025-09-24,2026-09-23,2026-09-21,2025-10-23,2026-09-22,2026-09-23,226,2026-09-22,True,0,0.4492753623188406,0.39679350499188687,0.74,0.5273422598838806,0.5650298309403177,1,56.5,0.3784679526762105,0,62.15,HOLD,0.4885,-0.023,Bearish,0.0,0.0,unavailable_no_point_in_time_source,True,295.1,300.0,2026-09-24,290.70001220703125,-3.1,0,2026-09-28,279.20001220703125,-6.9333,0.0,2026-09-30,274.0,-8.6667,0.0,,,,,1,0,1,1,0,0,-1.491,1,0.0,1.0,1.0,0.0,0.0,-5.388,0.0,0.0,1.0,1.0,0.0,0.0,-7.1501,0.0,,,,,,,,55-60,60-65
APARINDS.NS|2026-09-23|ensemble_lr0.20_rf0.30_xgb0.50,APARINDS.NS,2026-09-23,ensemble_lr0.20_rf0.30_xgb0.50,2025-09-24,2026-09-23,2026-09-21,2025-10-23,2026-09-22,2026-09-23,226,2026-09-22,True,1,0.5434782608695652,0.5488773141772789,0.16,0.30170732736587524,0.3086291265183934,0,69.14,0.41864650853272767,0,58.14,BUY,0.5897,0.1794,High Volatility,0.835,0.0,unavailable_no_point_in_time_source,False,18233.0,17876.0,2026-09-24,17804.0,-0.4028,0,2026-09-28,17263.0,-3.4292,0.0,2026-09-30,17384.0,-2.7523,0.0,,,,,0,1,1,0,1,0,-2.3529,0,1.0,1.0,0.0,1.0,0.0,-5.32,0.0,1.0,1.0,0.0,1.0,0.0,-4.6564,0.0,,,,,,,,65-70,55-60
APOLLOHOSP.NS|2026-09-23|ensemble_lr0.20_rf0.30_xgb0.50,APOLLOHOSP.NS,2026-09-23,ensemble_lr0.20_rf0.30_xgb0.50,2025-09-24,2026-09-23,2026-09-21,2025-10-23,2026-09-22,2026-09-23,226,2026-09-22,True,0,0.4492753623188406,0.5012002500930888,0.82,0.6746135354042053,0.6835468177207205,1,68.35,0.10475599842517525,0,89.52,BUY,0.6399,0.2798,Sideways,0.33,0.0,unavailable_no_point_in_time_source,False,8835.5,9069.0,2026-09-24,8888.5,-1.9903,0,2026-09-28,8860.0,-2.3046,0.0,2026-09-30,8165.5,-9.9625,0.0,,,,,1,0,1,1,0,0,0.5999,1,0.0,1.0,1.0,0.0,0.0,0.2773,1.0,0.0,1.0,1.0,0.0,0.0,-7.583,0.0,,,,,,,,65-70,85-90
APOLLOTYRE.NS|2026-09-23|ensemble_lr0.20_rf0.30_xgb0.50,APOLLOTYRE.NS,2026-09-23,ensemble_lr0.20_rf0.30_xgb0.50,2025-09-24,2026-09-23,2026-09-21,2025-10-23,2026-09-22,2026-09-23,226,2026-09-22,True,0,0.47826086956521746,0.5606226735480849,0.74,0.7094261646270752,0.6888376170231546,1,68.88,0.36876262579467234,0,63.12,HOLD,0.4904,-0.0193,Sideways,-0.5,0.0,unavailable_no_point_in_time_source,True,402.55,405.70001220703125,2026-09-24,397.95001220703125,-1.9103,0,2026-09-28,389.6000061035156,-3.9685,0.0,2026-09-30,404.70001220703125,-0.2465,0.0,,,,,1,0,1,1,0,1,-1.1427,1,0.0,1.0,1.0,0.0,0.0,-3.217,0.0,0.0,1.0,1.0,0.0,1.0,0.5341,1.0,,,,,,,,65-70,60-65
ASHOKLEY.NS|2026-09-23|ensemble_lr0.20_rf0.30_xgb0.50,ASHOKLEY.NS,2026-09-23,ensemble_lr0.20_rf0.30_xgb0.50,2025-09-24,2026-09-23,2026-09-21,2025-10-23,2026-09-22,2026-09-23,226,2026-09-22,True,1,0.5362318840579711,0.4542276320948283,0.76,0.6976048350334167,0.667647943935674,1,66.76,0.3921414219745528,0,60.79,HOLD,0.4761,-0.0478,Bearish,0.17,0.0,unavailable_no_point_in_time_source,True,160.75,162.88999938964844,2026-09-24,157.3000030517578,-3.4318,0,2026-09-28,155.22000122070312,-4.7087,0.0,2026-09-30,154.19000244140625,-5.341,0.0,,,,,1,0,1,0,0,0,-2.1462,1,0.0,1.0,0.0,0.0,0.0,-3.4401,0.0,0.0,1.0,0.0,0.0,0.0,-4.0809,0.0,,,,,,,,65-70,60-65
ASIANPAINT.NS|2026-09-23|ensemble_lr0.20_rf0.30_xgb0.50,ASIANPAINT.NS,2026-09-23,ensemble_lr0.20_rf0.30_xgb0.50,2025-09-24,2026-09-23,2026-09-21,2025-10-23,2026-09-22,2026-09-23,226,2026-09-22,True,0,0.5289855072463768,0.3564955879123051,0.76,0.7658446431159973,0.6822214391404597,1,68.22,0.4911835232844101,0,50.88,SELL,0.4174,-0.1652,Bearish,-0.5,0.0,unavailable_no_point_in_time_source,True,2448.5,2455.0,2026-09-24,2392.699951171875,-2.5377,0,2026-09-28,2420.0,-1.4257,0.0,2026-09-30,2402.60009765625,-2.1344,0.0,,,,,1,0,1,1,0,1,-2.2789,1,0.0,1.0,1.0,0.0,1.0,-1.164,1.0,0.0,1.0,1.0,0.0,1.0,-1.8746,1.0,,,,,,,,65-70,50-55
ASTRAL.NS|2026-09-23|ensemble_lr0.20_rf0.30_xgb0.50,ASTRAL.NS,2026-09-23,ensemble_lr0.20_rf0.30_xgb0.50,2025-09-24,2026-09-23,2026-09-21,2025-10-23,2026-09-22,2026-09-23,226,2026-09-22,True,1,0.6086956521739131,0.4066267691083624,0.8,0.8005278706550598,0.7215892891492024,1,72.16,0.5666519936854424,1,56.67,SELL,0.4164,-0.1672,Bearish,-0.835,0.0,unavailable_no_point_in_time_source,True,1381.6,1394.800048828125,2026-09-24,1392.0,-0.2007,0,2026-09-28,1370.5,-1.7422,0.0,2026-09-30,1370.4000244140625,-1.7494,0.0,,,,,1,0,0,0,0,1,0.7528,0,0.0,0.0,0.0,0.0,1.0,-0.8034,1.0,0.0,0.0,0.0,0.0,1.0,-0.8107,1.0,,,,,,,,70-75,55-60
AUBANK.NS|2026-09-23|ensemble_lr0.20_rf0.30_xgb0.50,AUBANK.NS,2026-09-23,ensemble_lr0.20_rf0.30_xgb0.50,2025-09-24,2026-09-23,2026-09-21,2025-10-23,2026-09-22,2026-09-23,226,2026-09-22,True,0,0.608695652173913,0.7145938720895835,0.8,0.7555003762245178,0.7606689625301756,1,76.07,0.39286442574658853,0,60.71,HOLD,0.513,0.026,Bearish,-0.165,0.0,unavailable_no_point_in_time_source,True,1036.4,1053.0,2026-09-24,1000.0999755859375,-5.0237,0,2026-09-28,995.2999877929688,-5.4796,0.0,2026-09-30,1010.2999877929688,-4.0551,0.0,,,,,1,0,1,1,0,0,-3.5025,0,0.0,1.0,1.0,0.0,0.0,-3.9657,0.0,0.0,1.0,1.0,0.0,0.0,-2.5183,1.0,,,,,,,,75-80,60-65
AXISBANK.NS|2026-09-23|ensemble_lr0.20_rf0.30_xgb0.50,AXISBANK.NS,2026-09-23,ensemble_lr0.20_rf0.30_xgb0.50,2025-09-24,2026-09-23,2026-09-21,2025-10-23,2026-09-22,2026-09-23,226,2026-09-22,True,0,0.5,0.5742197434132278,0.74,0.702518105506897,0.688103001436094,1,68.81,0.4013125268589672,0,59.87,HOLD,0.4768,-0.0463,Sideways,-0.33,0.0,unavailable_no_point_in_time_source,True,1242.7,1243.199951171875,2026-09-24,1186.5,-4.5608,0,2026-09-28,1209.9000244140625,-2.6786,0.0,2026-09-30,1226.0,-1.3835,0.0,,,,,1,0,1,1,0,0,-4.5224,0,0.0,1.0,1.0,0.0,1.0,-2.6394,1.0,0.0,1.0,1.0,0.0,1.0,-1.3438,1.0,,,,,,,,65-70,55-60
BAJAJ-AUTO.NS|2026-09-23|ensemble_lr0.20_rf0.30_xgb0.50,BAJAJ-AUTO.NS,2026-09-23,ensemble_lr0.20_rf0.30_xgb0.50,2025-09-24,2026-09-23,2026-09-21,2025-10-23,2026-09-22,2026-09-23,226,2026-09-22,True,1,0.5289855072463768,0.5007761440809163,0.78,0.7288490533828735,0.6985797555076201,1,69.86,0.4411307175142325,0,55.89,HOLD,0.5695,0.1389,Bearish,0.5,0.0,unavailable_no_point_in_time_source,False,11363.0,11400.0,2026-09-24,11208.0,-1.6842,0,2026-09-28,11024.0,-3.2982,0.0,2026-09-30,10874.0,-4.614,0.0,,,,,1,0,1,0,0,1,-1.3641,1,0.0,1.0,0.0,0.0,0.0,-2.9834,1.0,0.0,1.0,0.0,0.0,0.0,-4.3034,0.0,,,,,,,,65-70,55-60
BAJAJFINSV.NS|2026-09-23|ensemble_lr0.20_rf0.30_xgb0.50,BAJAJFINSV.NS,2026-09-23,ensemble_lr0.20_rf0.30_xgb0.50,2025-09-24,2026-09-23,2026-09-21,2025-10-23,2026-09-22,2026-09-23,226,2026-09-22,True,0,0.5362318840579711,0.20857899127246055,0.7,0.6731107234954834,0.5882711600022338,1,58.83,0.25928808387172964,0,74.07,HOLD,0.4793,-0.0413,Bearish,-0.17,0.0,unavailable_no_point_in_time_source,True,1823.4,1846.5,2026-09-24,1762.300048828125,-4.56,0,2026-09-28,1752.0,-5.1178,0.0,2026-09-30,1731.0,-6.2551,0.0,,,,,1,0,1,1,0,0,-3.3509,0,0.0,1.0,1.0,0.0,0.0,-3.9158,0.0,0.0,1.0,1.0,0.0,0.0,-5.0675,0.0,,,,,,,,55-60,70-75
BAJFINANCE.NS|2026-09-23|ensemble_lr0.20_rf0.30_xgb0.50,BAJFINANCE.NS,2026-09-23,ensemble_lr0.20_rf0.30_xgb0.50,2025-09-24,2026-09-23,2026-09-21,2025-10-23,2026-09-22,2026-09-23,226,2026-09-22,True,0,0.608695652173913,0.333394790525639,0.74,0.8990222215652466,0.7381900688877511,1,73.82,0.30623932136471466,0,69.38,HOLD,0.4846,-0.0308,Bearish,0.0,0.0,unavailable_no_point_in_time_source,True,1008.8,1043.199951171875,2026-09-24,982.0,-5.8666,0,2026-09-28,985.0,-5.579,0.0,2026-09-30,959.4000244140625,-8.033,0.0,,,,,1,0,1,1,0,0,-2.6566,1,0.0,1.0,1.0,0.0,0.0,-2.3592,1.0,0.0,1.0,1.0,0.0,0.0,-4.8969,0.0,,,,,,,,70-75,65-70
BEL.NS|2026-09-23|ensemble_lr0.20_rf0.30_xgb0.50,BEL.NS,2026-09-23,ensemble_lr0.20_rf0.30_xgb0.50,2025-09-24,2026-09-23,2026-09-21,2025-10-23,2026-09-22,2026-09-23,226,2026-09-22,True,0,0.4710144927536231,0.451414950220313,0.18,0.2959180772304535,0.2922420286592894,0,70.78,0.4142397186341283,0,58.58,SELL,0.3941,-0.2118,Sideways,-0.165,0.0,unavailable_no_point_in_time_source,True,397.9,396.04998779296875,2026-09-24,392.0,-1.0226,0,2026-09-28,385.5,-2.6638,0.0,2026-09-30,388.29998779296875,-1.9568,0.0,,,,,0,1,1,1,1,1,-1.4828,1,1.0,1.0,1.0,1.0,1.0,-3.1164,1.0,1.0,1.0,1.0,1.0,1.0,-2.4127,1.0,,,,,,,,70-75,55-60
BPCL.NS|2026-09-23|ensemble_lr0.20_rf0.30_xgb0.50,BPCL.NS,2026-09-23,ensemble_lr0.20_rf0.30_xgb0.50,2025-09-24,2026-09-23,2026-09-21,2025-10-23,2026-09-22,2026-09-23,226,2026-09-22,True,0,0.5144927536231884,0.5561809633735634,0.76,0.8225724697113037,0.7505224275303646,1,75.05,0.7042409417550216,1,70.42,BUY,0.6648,0.3295,Bullish,0.33,0.0,unavailable_no_point_in_time_source,True,313.6,315.75,2026-09-24,307.1000061035156,-2.7395,0,2026-09-28,302.25,-4.2755,0.0,2026-09-30,303.20001220703125,-3.9747,0.0,,,,,1,0,0,1,0,0,-2.0727,0,0.0,0.0,1.0,0.0,0.0,-3.6193,0.0,0.0,0.0,1.0,0.0,0.0,-3.3163,0.0,,,,,,,,75-80,70-75
AARTIIND.NS|2026-09-30|ensemble_lr0.20_rf0.30_xgb0.50,AARTIIND.NS,2026-09-30,ensemble_lr0.20_rf0.30_xgb0.50,2025-10-01,2026-09-30,2026-09-28,2025-10-30,2026-09-29,2026-09-30,226,2026-09-29,True,0,0.5434782608695653,0.2712784985018385,0.78,0.7906502485275269,0.6835808239641311,1,68.36,0.4750563166302318,0,52.49,HOLD,0.4776,-0.0449,High Volatility,-0.335,0.0,unavailable_no_point_in_time_source,True,469.9,475.70001220703125,2026-10-01,465.1000061035156,-2.2283,0,,,,,,,,,,,,,1,0,1,1,0,1,-1.0215,1,,,,,,,,,,,,,,,,,,,,,,65-70,50-55
AAVAS.NS|2026-09-30|ensemble_lr0.20_rf0.30_xgb0.50,AAVAS.NS,2026-09-30,ensemble_lr0.20_rf0.30_xgb0.50,2025-10-01,2026-09-30,2026-09-28,2025-10-30,2026-09-29,2026-09-30,226,2026-09-29,True,0,0.4565217391304348,0.34307730904132383,0.16,0.08272802084684372,0.15797947223168662,0,84.2,0.230023385264032,0,77.0,SELL,0.3893,-0.2214,High Volatility,-0.5,0.0,unavailable_no_point_in_time_source,False,1248.4,1211.9000244140625,2026-10-01,1190.9000244140625,-1.7328,0,,,,,,,,,,,,,0,1,1,1,1,1,-4.6059,1,,,,,,,,,,,,,,,,,,,,,,80-85,75-80
ABCAPITAL.NS|2026-09-30|ensemble_lr0.20_rf0.30_xgb0.50,ABCAPITAL.NS,2026-09-30,ensemble_lr0.20_rf0.30_xgb0.50,2025-10-01,2026-09-30,2026-09-28,2025-10-30,2026-09-29,2026-09-30,226,2026-09-29,True,0,0.6014492753623188,0.7001181622149973,0.84,0.8005948662757874,0.7923210655808932,1,79.23,0.452644203392902,0,54.74,HOLD,0.5189,0.0377,Sideways,-0.335,0.0,unavailable_no_point_in_time_source,True,378.0,380.6000061035156,2026-10-01,375.04998779296875,-1.4582,0,,,,,,,,,,,,,1,0,1,1,0,1,-0.7804,1,,,,,,,,,,,,,,,,,,,,,,75-80,50-55
ABFRL.NS|2026-09-30|ensemble_lr0.20_rf0.30_xgb0.50,ABFRL.NS,2026-09-30,ensemble_lr0.20_rf0.30_xgb0.50,2025-10-01,2026-09-30,2026-09-28,2025-10-30,2026-09-29,2026-09-30,226,2026-09-29,True,0,0.34057971014492755,0.27825121698595273,0.82,0.8160797953605652,0.7096901410774731,1,70.97,0.5079972290710368,1,50.8,HOLD,0.4488,-0.1023,High Volatility,-1.0,0.0,unavailable_no_point_in_time_source,True,46.24,46.31999969482422,2026-10-01,44.529998779296875,-3.8644,0,,,,,,,,,,,,,1,0,0,1,0,0,-3.6981,0,,,,,,,,,,,,,,,,,,,,,,70-75,50-55
ACC.NS|2026-09-30|ensemble_lr0.20_rf0.30_xgb0.50,ACC.NS,2026-09-30,ensemble_lr0.20_rf0.30_xgb0.50,2025-10-01,2026-09-30,2026-09-28,2025-10-30,2026-09-29,2026-09-30,226,2026-09-29,True,0,0.3768115942028986,0.460023591893996,0.74,0.8316774368286133,0.7298434367931058,1,72.98,0.5791487673421641,1,57.91,HOLD,0.4732,-0.0537,Sideways,-0.665,0.0,unavailable_no_point_in_time_source,False,1202.6,1204.0999755859375,2026-10-01,1182.800048828125,-1.769,0,,,,,,,,,,,,,1,0,0,1,0,1,-1.6464,1,,,,,,,,,,,,,,,,,,,,,,70-75,55-60
ADANIENT.NS|2026-09-30|ensemble_lr0.20_rf0.30_xgb0.50,ADANIENT.NS,2026-09-30,ensemble_lr0.20_rf0.30_xgb0.50,2025-10-01,2026-09-30,2026-09-28,2025-10-30,2026-09-29,2026-09-30,226,2026-09-29,True,0,0.572463768115942,0.4198117676986085,0.24,0.1947614848613739,0.25334309597040866,0,74.67,0.7051180445265247,1,70.51,HOLD,0.4327,-0.1345,Sideways,-0.165,0.0,unavailable_no_point_in_time_source,True,2972.9,2903.39990234375,2026-10-01,2816.800048828125,-2.9827,0,,,,,,,,,,,,,0,1,0,1,1,1,-5.2508,0,,,,,,,,,,,,,,,,,,,,,,70-75,70-75
ADANIPORTS.NS|2026-09-30|ensemble_lr0.20_rf0.30_xgb0.50,ADANIPORTS.NS,2026-09-30,ensemble_lr0.20_rf0.30_xgb0.50,2025-10-01,2026-09-30,2026-09-28,2025-10-30,2026-09-29,2026-09-30,226,2026-09-29,True,0,0.6159420289855072,0.3270500919446429,0.08,0.10652058571577072,0.14267031124681395,0,85.73,0.5722080595081016,1,57.22,HOLD,0.5361,0.0722,Sideways,0.165,0.0,unavailable_no_point_in_time_source,True,1822.0,1798.300048828125,2026-10-01,1737.800048828125,-3.3643,0,,,,,,,,,,,,,0,1,0,1,1,0,-4.6213,0,,,,,,,,,,,,,,,,,,,,,,85-90,55-60
AETHER.NS|2026-09-30|ensemble_lr0.20_rf0.30_xgb0.50,AETHER.NS,2026-09-30,ensemble_lr0.20_rf0.30_xgb0.50,2025-10-01,2026-09-30,2026-09-28,2025-10-30,2026-09-29,2026-09-30,226,2026-09-29,True,0,0.4565217391304348,0.48610670306275544,0.16,0.2278333306312561,0.25913800592817915,0,74.09,0.719817547426346,1,71.98,BUY,0.5878,0.1756,High Volatility,1.0,0.0,unavailable_no_point_in_time_source,False,1749.9,1699.300048828125,2026-10-01,1670.0,-1.7242,0,,,,,,,,,,,,,0,1,0,1,1,0,-4.566,0,,,,,,,,,,,,,,,,,,,,,,70-75,70-75
AIAENG.NS|2026-09-30|ensemble_lr0.20_rf0.30_xgb0.50,AIAENG.NS,2026-09-30,ensemble_lr0.20_rf0.30_xgb0.50,2025-10-01,2026-09-30,2026-09-28,2025-10-30,2026-09-29,2026-09-30,226,2026-09-29,True,1,0.572463768115942,0.42073128692208844,0.7,0.7076324224472046,0.64796246860802,1,64.8,0.24550520676052456,0,75.45,HOLD,0.4389,-0.1221,Bearish,-0.5,0.0,unavailable_no_point_in_time_source,False,3835.7,3869.0,2026-10-01,3824.39990234375,-1.1528,0,,,,,,,,,,,,,1,0,1,0,0,1,-0.2946,1,,,,,,,,,,,,,,,,,,,,,,60-65,75-80
AJANTPHARM.NS|2026-09-30|ensemble_lr0.20_rf0.30_xgb0.50,AJANTPHARM.NS,2026-09-30,ensemble_lr0.20_rf0.30_xgb0.50,2025-10-01,2026-09-30,2026-09-28,2025-10-30,2026-09-29,2026-09-30,226,2026-09-29,True,1,0.5434782608695652,0.6521095706611442,0.66,0.5675442218780518,0.6121940250712548,1,61.22,0.3359423009824861,0,66.41,BUY,0.6202,0.2404,Sideways,0.5,0.0,unavailable_no_point_in_time_source,False,3557.5,3620.800048828125,2026-10-01,3581.0,-1.0992,0,,,,,,,,,,,,,1,0,1,0,0,0,0.6606,1,,,,,,,,,,,,,,,,,,,,,,60-65,65-70
ALEMBICLTD.NS|2026-09-30|ensemble_lr0.20_rf0.30_xgb0.50,ALEMBICLTD.NS,2026-09-30,ensemble_lr0.20_rf0.30_xgb0.50,2025-10-01,2026-09-30,2026-09-28,2025-10-30,2026-09-29,2026-09-30,226,2026-09-29,True,0,0.4420289855072464,0.6957035293498494,0.2,0.19182559847831726,0.29505350510912853,0,70.49,0.5005910875054104,1,50.06,HOLD,0.5523,0.1047,High Volatility,0.5,0.0,unavailable_no_point_in_time_source,True,108.44,107.2300033569336,2026-10-01,104.11000061035156,-2.9096,0,,,,,,,,,,,,,0,1,0,1,1,1,-3.993,0,,,,,,,,,,,,,,,,,,,,,,70-75,50-55
ALKEM.NS|2026-09-30|ensemble_lr0.20_rf0.30_xgb0.50,ALKEM.NS,2026-09-30,ensemble_lr0.20_rf0.30_xgb0.50,2025-10-01,2026-09-30,2026-09-28,2025-10-30,2026-09-29,2026-09-30,226,2026-09-29,True,0,0.4057971014492754,0.5904813443277704,0.22,0.1954192817211151,0.28180590972611164,0,71.82,0.6408803475401048,1,64.09,SELL,0.3912,-0.2175,Bearish,-0.165,0.0,unavailable_no_point_in_time_source,False,5250.0,5163.5,2026-10-01,5220.0,1.0942,1,,,,,,,,,,,,,0,0,1,0,0,0,-0.5714,1,,,,,,,,,,,,,,,,,,,,,,70-75,60-65
AMBER.NS|2026-09-30|ensemble_lr0.20_rf0.30_xgb0.50,AMBER.NS,2026-09-30,ensemble_lr0.20_rf0.30_xgb0.50,2025-10-01,2026-09-30,2026-09-28,2025-10-30,2026-09-29,2026-09-30,226,2026-09-29,True,0,0.5072463768115942,0.41514325797163715,0.72,0.8564437627792358,0.7272505329839454,1,72.73,0.5536518315517072,1,55.37,HOLD,0.4392,-0.1216,Bearish,-0.5,0.0,unavailable_no_point_in_time_source,False,6606.5,6672.5,2026-10-01,6500.0,-2.5852,0,,,,,,,,,,,,,1,0,0,1,0,1,-1.612,1,,,,,,,,,,,,,,,,,,,,,,70-75,55-60
ANGELONE.NS|2026-09-30|ensemble_lr0.20_rf0.30_xgb0.50,ANGELONE.NS,2026-09-30,ensemble_lr0.20_rf0.30_xgb0.50,2025-10-01,2026-09-30,2026-09-28,2025-10-30,2026-09-29,2026-09-30,226,2026-09-29,True,0,0.4855072463768116,0.45037233523768455,0.8,0.8381199240684509,0.7491344290817623,1,74.91,0.4287123616552839,0,57.13,HOLD,0.4975,-0.0051,High Volatility,-0.5,0.0,unavailable_no_point_in_time_source,True,273.5,274.0,2026-10-01,276.79998779296875,1.0219,1,,,,,,,,,,,,,1,1,0,0,1,1,1.2066,1,,,,,,,,,,,,,,,,,,,,,,70-75,55-60
APARINDS.NS|2026-09-30|ensemble_lr0.20_rf0.30_xgb0.50,APARINDS.NS,2026-09-30,ensemble_lr0.20_rf0.30_xgb0.50,2025-10-01,2026-09-30,2026-09-28,2025-10-30,2026-09-29,2026-09-30,226,2026-09-29,True,1,0.5507246376811595,0.5905391658173711,0.16,0.22596314549446106,0.27908940591070475,0,72.09,0.6512367169653397,1,65.12,HOLD,0.5285,0.057,High Volatility,0.5,0.0,unavailable_no_point_in_time_source,False,17803.0,17384.0,2026-10-01,17648.0,1.5186,1,,,,,,,,,,,,,0,0,1,1,0,1,-0.8706,1,,,,,,,,,,,,,,,,,,,,,,70-75,65-70
APOLLOHOSP.NS|2026-09-30|ensemble_lr0.20_rf0.30_xgb0.50,APOLLOHOSP.NS,2026-09-30,ensemble_lr0.20_rf0.30_xgb0.50,2025-10-01,2026-09-30,2026-09-28,2025-10-30,2026-09-29,2026-09-30,226,2026-09-29,True,0,0.4202898550724638,0.5545391984346655,0.14,0.1561303585767746,0.2309730189753204,0,76.9,0.7116741640050106,1,71.17,HOLD,0.4456,-0.1088,Sideways,0.0,0.0,unavailable_no_point_in_time_source,False,8659.0,8165.5,2026-10-01,8133.5,-0.3919,0,,,,,,,,,,,,,0,1,0,1,1,1,-6.0688,0,,,,,,,,,,,,,,,,,,,,,,75-80,70-75
APOLLOTYRE.NS|2026-09-30|ensemble_lr0.20_rf0.30_xgb0.50,APOLLOTYRE.NS,2026-09-30,ensemble_lr0.20_rf0.30_xgb0.50,2025-10-01,2026-09-30,2026-09-28,2025-10-30,2026-09-29,2026-09-30,226,2026-09-29,True,0,0.5072463768115942,0.7441662093488502,0.2,0.34098517894744873,0.3793258313434944,0,62.07,0.27305925810935266,0,72.69,SELL,0.3607,-0.2787,High Volatility,-0.835,0.0,unavailable_no_point_in_time_source,True,406.75,404.70001220703125,2026-10-01,404.75,0.0124,1,,,,,,,,,,,,,0,0,0,0,0,0,-0.4917,1,,,,,,,,,,,,,,,,,,,,,,60-65,70-75
ASHOKLEY.NS|2026-09-30|ensemble_lr0.20_rf0.30_xgb0.50,ASHOKLEY.NS,2026-09-30,ensemble_lr0.20_rf0.30_xgb0.50,2025-10-01,2026-09-30,2026-09-28,2025-10-30,2026-09-29,2026-09-30,226,2026-09-29,True,1,0.572463768115942,0.5090303225830821,0.76,0.8780906200408936,0.7688513745370632,1,76.89,0.411382121348452,0,58.86,HOLD,0.4257,-0.1487,Bearish,-0.5,0.0,unavailable_no_point_in_time_source,True,153.44,154.19000244140625,2026-10-01,150.47999572753906,-2.4061,0,,,,,,,,,,,,,1,0,1,0,0,1,-1.9291,1,,,,,,,,,,,,,,,,,,,,,,75-80,55-60
ASIANPAINT.NS|2026-09-30|ensemble_lr0.20_rf0.30_xgb0.50,ASIANPAINT.NS,2026-09-30,ensemble_lr0.20_rf0.30_xgb0.50,2025-10-01,2026-09-30,2026-09-28,2025-10-30,2026-09-29,2026-09-30,226,2026-09-29,True,0,0.572463768115942,0.3127674375420219,0.16,0.07715506851673126,0.14913102176677,0,85.09,0.34400740720513906,0,65.6,SELL,0.341,-0.3181,Bearish,-0.33,0.0,unavailable_no_point_in_time_source,True,2415.0,2402.60009765625,2026-10-01,2407.0,0.1831,1,,,,,,,,,,,,,0,0,0,0,0,0,-0.3313,1,,,,,,,,,,,,,,,,,,,,,,85-90,65-70
ASTRAL.NS|2026-09-30|ensemble_lr0.20_rf0.30_xgb0.50,ASTRAL.NS,2026-09-30,ensemble_lr0.20_rf0.30_xgb0.50,2025-10-01,2026-09-30,2026-09-28,2025-10-30,2026-09-29,2026-09-30,226,2026-09-29,True,0,0.5797101449275363,0.1716201674503871,0.24,0.2171417474746704,0.2148949072274126,0,78.51,0.7436334681190547,1,74.36,SELL,0.3049,-0.3902,Bearish,-0.835,0.0,unavailable_no_point_in_time_source,True,1375.0,1370.4000244140625,2026-10-01,1344.0,-1.9264,0,,,,,,,,,,,,,0,1,0,1,1,1,-2.2545,1,,,,,,,,,,,,,,,,,,,,,,75-80,70-75
AUBANK.NS|2026-09-30|ensemble_lr0.20_rf0.30_xgb0.50,AUBANK.NS,2026-09-30,ensemble_lr0.20_rf0.30_xgb0.50,2025-10-01,2026-09-30,2026-09-28,2025-10-30,2026-09-29,2026-09-30,226,2026-09-29,True,0,0.6086956521739131,0.41754639756836964,0.78,0.6823726892471313,0.6586956241372396,1,65.87,0.5941893584238873,1,59.42,HOLD,0.4817,-0.0366,Bearish,-0.335,0.0,unavailable_no_point_in_time_source,True,1005.2,1010.2999877929688,2026-10-01,987.0,-2.3062,0,,,,,,,,,,,,,1,0,0,1,0,1,-1.8106,1,,,,,,,,,,,,,,,,,,,,,,65-70,55-60
AXISBANK.NS|2026-09-30|ensemble_lr0.20_rf0.30_xgb0.50,AXISBANK.NS,2026-09-30,ensemble_lr0.20_rf0.30_xgb0.50,2025-10-01,2026-09-30,2026-09-28,2025-10-30,2026-09-29,2026-09-30,226,2026-09-29,True,0,0.5072463768115942,0.7677136824246089,0.88,0.8032195568084717,0.8191525148891576,1,81.92,0.7094723683175934,1,70.95,HOLD,0.4749,-0.0502,Bearish,-0.5,0.0,unavailable_no_point_in_time_source,True,1212.1,1226.0,2026-10-01,1217.0999755859375,-0.7259,0,,,,,,,,,,,,,1,0,0,1,0,1,0.4125,1,,,,,,,,,,,,,,,,,,,,,,80-85,70-75
BAJAJ-AUTO.NS|2026-09-30|ensemble_lr0.20_rf0.30_xgb0.50,BAJAJ-AUTO.NS,2026-09-30,ensemble_lr0.20_rf0.30_xgb0.50,2025-10-01,2026-09-30,2026-09-28,2025-10-30,2026-09-29,2026-09-30,226,2026-09-29,True,1,0.4855072463768116,0.6381892800912017,0.84,0.7043042182922363,0.7317899651643585,1,73.18,0.6684584536729488,1,66.85,HOLD,0.541,0.082,Bearish,0.16499999999999998,0.0,unavailable_no_point_in_time_source,False,10811.0,10874.0,2026-10-01,10045.0,-7.6237,0,,,,,,,,,,,,,1,0,0,0,0,0,-7.0854,0,,,,,,,,,,,,,,,,,,,,,,70-75,65-70
BAJAJFINSV.NS|2026-09-30|ensemble_lr0.20_rf0.30_xgb0.50,BAJAJFINSV.NS,2026-09-30,ensemble_lr0.20_rf0.30_xgb0.50,2025-10-01,2026-09-30,2026-09-28,2025-10-30,2026-09-29,2026-09-30,226,2026-09-29,True,0,0.6666666666666666,0.23452579226053316,0.14,0.24215508997440338,0.20998270343930833,0,79.0,0.2401476599764549,0,75.99,SELL,0.3015,-0.397,Bearish,-0.665,0.0,unavailable_no_point_in_time_source,True,1742.4,1731.0,2026-10-01,1732.5999755859375,0.0924,1,,,,,,,,,,,,,0,0,0,0,0,0,-0.5624,1,,,,,,,,,,,,,,,,,,,,,,75-80,75-80
BAJFINANCE.NS|2026-09-30|ensemble_lr0.20_rf0.30_xgb0.50,BAJFINANCE.NS,2026-09-30,ensemble_lr0.20_rf0.30_xgb0.50,2025-10-01,2026-09-30,2026-09-28,2025-10-30,2026-09-29,2026-09-30,226,2026-09-29,True,0,0.5652173913043478,0.4844094429268446,0.2,0.25974223017692566,0.2867530036738318,0,71.32,0.6651789604578893,1,66.52,SELL,0.3285,-0.3429,Bearish,-0.5,0.0,unavailable_no_point_in_time_source,True,973.8,959.4000244140625,2026-10-01,948.2999877929688,-1.157,0,,,,,,,,,,,,,0,1,0,1,1,1,-2.6186,1,,,,,,,,,,,,,,,,,,,,,,70-75,65-70
BEL.NS|2026-09-30|ensemble_lr0.20_rf0.30_xgb0.50,BEL.NS,2026-09-30,ensemble_lr0.20_rf0.30_xgb0.50,2025-10-01,2026-09-30,2026-09-28,2025-10-30,2026-09-29,2026-09-30,226,2026-09-29,True,0,0.5362318840579711,0.615291390156537,0.86,0.675621747970581,0.718869152016598,1,71.89,0.506339480140599,1,50.63,HOLD,0.4915,-0.0169,Sideways,-0.665,0.0,unavailable_no_point_in_time_source,True,387.75,388.29998779296875,2026-10-01,383.1000061035156,-1.3392,0,,,,,,,,,,,,,1,0,0,1,0,1,-1.1992,1,,,,,,,,,,,,,,,,,,,,,,70-75,50-55
BPCL.NS|2026-09-30|ensemble_lr0.20_rf0.30_xgb0.50,BPCL.NS,2026-09-30,ensemble_lr0.20_rf0.30_xgb0.50,2025-10-01,2026-09-30,2026-09-28,2025-10-30,2026-09-29,2026-09-30,226,2026-09-29,True,0,0.5144927536231884,0.6326992680652781,0.78,0.8263112902641296,0.7736954987451204,1,77.37,0.5958004766104008,1,59.58,HOLD,0.4731,-0.0538,Bearish,-0.17,0.0,unavailable_no_point_in_time_source,True,299.35,303.20001220703125,2026-10-01,300.6000061035156,-0.8575,0,,,,,,,,,,,,,1,0,0,1,0,1,0.4176,1,,,,,,,,,,,,,,,,,,,,,,75-80,55-60
